timestamp,id,x,y,simid,ESstate,currEC,maxEC,totalcurrEC
1784569735202,0,1000,1000
1784569735202,2,500,500,1784569735202,0,0,0,0
1784569735202,3,700,500,1784569735202,0,0,0,0
1784569735202,4,400,673.205,1784569735202,0,0,0,0
1784569735202,5,400,326.795,1784569735202,0,0,0,0
1784569735302,2,500,500,1784569735202,0,0,0,0
1784569735302,3,700,500,1784569735202,0,0,0,0
1784569735302,4,400,673.205,1784569735202,0,0,0,0
1784569735302,5,400,326.795,1784569735202,0,0,0,0
1784569735402,2,500,500,1784569735202,0,0,0,0
1784569735402,3,700,500,1784569735202,0,0,0,0
1784569735402,4,400,673.205,1784569735202,0,0,0,0
1784569735402,5,400,326.795,1784569735202,0,0,0,0
1784569735502,2,500,500,1784569735202,0,0,0,0
1784569735502,3,700,500,1784569735202,0,0,0,0
1784569735502,4,400,673.205,1784569735202,0,0,0,0
1784569735502,5,400,326.795,1784569735202,0,0,0,0
1784569735602,2,500,500,1784569735202,0,0,0,0
1784569735602,3,700,500,1784569735202,0,0,0,0
1784569735602,4,400,673.205,1784569735202,0,0,0,0
1784569735602,5,400,326.795,1784569735202,0,0,0,0
1784569735702,2,500,500,1784569735202,0,0,0,0
1784569735702,3,700,500,1784569735202,0,0,0,0
1784569735702,4,400,673.205,1784569735202,0,0,0,0
1784569735702,5,400,326.795,1784569735202,0,0,0,0
1784569735802,2,500,500,1784569735202,0,0,0,0
1784569735802,3,700,500,1784569735202,0,0,0,0
1784569735802,4,400,673.205,1784569735202,0,0,0,0
1784569735802,5,400,326.795,1784569735202,0,0,0,0
1784569735902,2,500,500,1784569735202,0,0,0,0
1784569735902,3,700,500,1784569735202,0,0,0,0
1784569735902,4,400,673.205,1784569735202,0,0,0,0
1784569735902,5,400,326.795,1784569735202,0,0,0,0
1784569736002,2,500,500,1784569735202,0,0,0,0
1784569736002,3,700,500,1784569735202,0,0,0,0
1784569736002,4,400,673.205,1784569735202,0,0,0,0
1784569736002,5,400,326.795,1784569735202,0,0,0,0
1784569736102,2,500,500,1784569735202,0,0,0,0
1784569736102,3,700,500,1784569735202,0,0,0,0
1784569736102,4,400,673.205,1784569735202,0,0,0,0
1784569736102,5,400,326.795,1784569735202,0,0,0,0
1784569736202,2,500,500,1784569735202,0,0,0,0
1784569736202,3,700,500,1784569735202,0,0,0,0
1784569736202,4,400,673.205,1784569735202,0,0,0,0
1784569736202,5,400,326.795,1784569735202,0,0,0,0
1784569736302,2,500,500,1784569735202,0,0,0,0
1784569736302,3,700,500,1784569735202,0,0,0,0
1784569736302,4,400,673.205,1784569735202,0,0,0,0
1784569736302,5,400,326.795,1784569735202,0,0,0,0
1784569736402,2,500,500,1784569735202,0,0,0,0
1784569736402,3,700,500,1784569735202,0,0,0,0
1784569736402,4,400,673.205,1784569735202,0,0,0,0
1784569736402,5,400,326.795,1784569735202,0,0,0,0
1784569736502,2,500,500,1784569735202,0,0,0,0
1784569736502,3,700,500,1784569735202,0,0,0,0
1784569736502,4,400,673.205,1784569735202,0,0,0,0
1784569736502,5,400,326.795,1784569735202,0,0,0,0
1784569736602,2,500,500,1784569735202,0,0,0,0
1784569736602,3,700,500,1784569735202,0,0,0,0
1784569736602,4,400,673.205,1784569735202,0,0,0,0
1784569736602,5,400,326.795,1784569735202,0,0,0,0
1784569736702,2,500,500,1784569735202,0,0,0,0
1784569736702,3,700,500,1784569735202,0,0,0,0
1784569736702,4,400,673.205,1784569735202,0,0,0,0
1784569736702,5,400,326.795,1784569735202,0,0,0,0
1784569736802,2,500,500,1784569735202,0,0,0,0
1784569736802,3,700,500,1784569735202,0,0,0,0
1784569736802,4,400,673.205,1784569735202,0,0,0,0
1784569736802,5,400,326.795,1784569735202,0,0,0,0
1784569736902,2,500,500,1784569735202,0,0,0,0
1784569736902,3,700,500,1784569735202,0,0,0,0
1784569736902,4,400,673.205,1784569735202,0,0,0,0
1784569736902,5,400,326.795,1784569735202,0,0,0,0
1784569737002,2,500,500,1784569735202,0,0,0,0
1784569737002,3,700,500,1784569735202,0,0,0,0
1784569737002,4,400,673.205,1784569735202,0,0,0,0
1784569737002,5,400,326.795,1784569735202,0,0,0,0
1784569737102,2,500,500,1784569735202,0,0,0,0
1784569737102,3,700,500,1784569735202,0,0,0,0
1784569737102,4,400,673.205,1784569735202,0,0,0,0
1784569737102,5,400,326.795,1784569735202,0,0,0,0
1784569737202,2,500,500,1784569735202,0,0,0,0
1784569737202,3,700,500,1784569735202,0,0,0,0
1784569737202,4,400,673.205,1784569735202,0,0,0,0
1784569737202,5,400,326.795,1784569735202,0,0,0,0
1784569737302,2,500,500,1784569735202,0,0,0,0
1784569737302,3,700,500,1784569735202,0,0,0,0
1784569737302,4,400,673.205,1784569735202,0,0,0,0
1784569737302,5,400,326.795,1784569735202,0,0,0,0
1784569737402,2,500,500,1784569735202,0,0,0,0
1784569737402,3,700,500,1784569735202,0,0,0,0
1784569737402,4,400,673.205,1784569735202,0,0,0,0
1784569737402,5,400,326.795,1784569735202,0,0,0,0
1784569737502,2,500,500,1784569735202,0,0,0,0
1784569737502,3,700,500,1784569735202,0,0,0,0
1784569737502,4,400,673.205,1784569735202,0,0,0,0
1784569737502,5,400,326.795,1784569735202,0,0,0,0
1784569737602,2,500,500,1784569735202,0,0,0,0
1784569737602,3,700,500,1784569735202,0,0,0,0
1784569737602,4,400,673.205,1784569735202,0,0,0,0
1784569737602,5,400,326.795,1784569735202,0,0,0,0
1784569737702,2,500,500,1784569735202,0,0,0,0
1784569737702,3,700,500,1784569735202,0,0,0,0
1784569737702,4,400,673.205,1784569735202,0,0,0,0
1784569737702,5,400,326.795,1784569735202,0,0,0,0
1784569737802,2,500,500,1784569735202,0,0,0,0
1784569737802,3,700,500,1784569735202,0,0,0,0
1784569737802,4,400,673.205,1784569735202,0,0,0,0
1784569737802,5,400,326.795,1784569735202,0,0,0,0
1784569737902,2,500,500,1784569735202,0,0,0,0
1784569737902,3,700,500,1784569735202,0,0,0,0
1784569737902,4,400,673.205,1784569735202,0,0,0,0
1784569737902,5,400,326.795,1784569735202,0,0,0,0
1784569738002,2,500,500,1784569735202,0,0,0,0
1784569738002,3,700,500,1784569735202,0,0,0,0
1784569738002,4,400,673.205,1784569735202,0,0,0,0
1784569738002,5,400,326.795,1784569735202,0,0,0,0
1784569738102,2,500,500,1784569735202,0,0,0,0
1784569738102,3,700,500,1784569735202,0,0,0,0
1784569738102,4,400,673.205,1784569735202,0,0,0,0
1784569738102,5,400,326.795,1784569735202,0,0,0,0
1784569738202,2,500,500,1784569735202,0,0,0,0
1784569738202,3,700,500,1784569735202,0,0,0,0
1784569738202,4,400,673.205,1784569735202,0,0,0,0
1784569738202,5,400,326.795,1784569735202,0,0,0,0
1784569738302,2,500,500,1784569735202,0,0,0,0
1784569738302,3,700,500,1784569735202,0,0,0,0
1784569738302,4,400,673.205,1784569735202,0,0,0,0
1784569738302,5,400,326.795,1784569735202,0,0,0,0
1784569738402,2,500,500,1784569735202,0,0,0,0
1784569738402,3,700,500,1784569735202,0,0,0,0
1784569738402,4,400,673.205,1784569735202,0,0,0,0
1784569738402,5,400,326.795,1784569735202,0,0,0,0
1784569738502,2,500,500,1784569735202,0,0,0,0
1784569738502,3,700,500,1784569735202,0,0,0,0
1784569738502,4,400,673.205,1784569735202,0,0,0,0
1784569738502,5,400,326.795,1784569735202,0,0,0,0
1784569738602,2,500,500,1784569735202,0,0,0,0
1784569738602,3,700,500,1784569735202,0,0,0,0
1784569738602,4,400,673.205,1784569735202,0,0,0,0
1784569738602,5,400,326.795,1784569735202,0,0,0,0
1784569738702,2,500,500,1784569735202,0,0,0,0
1784569738702,3,700,500,1784569735202,0,0,0,0
1784569738702,4,400,673.205,1784569735202,0,0,0,0
1784569738702,5,400,326.795,1784569735202,0,0,0,0
1784569738802,2,500,500,1784569735202,0,0,0,0
1784569738802,3,700,500,1784569735202,0,0,0,0
1784569738802,4,400,673.205,1784569735202,0,0,0,0
1784569738802,5,400,326.795,1784569735202,0,0,0,0
1784569738902,2,500,500,1784569735202,0,0,0,0
1784569738902,3,700,500,1784569735202,0,0,0,0
1784569738902,4,400,673.205,1784569735202,0,0,0,0
1784569738902,5,400,326.795,1784569735202,0,0,0,0
1784569739002,2,500,500,1784569735202,0,0,0,0
1784569739002,3,700,500,1784569735202,0,0,0,0
1784569739002,4,400,673.205,1784569735202,0,0,0,0
1784569739002,5,400,326.795,1784569735202,0,0,0,0
1784569739102,2,500,500,1784569735202,0,0,0,0
1784569739102,3,700,500,1784569735202,0,0,0,0
1784569739102,4,400,673.205,1784569735202,0,0,0,0
1784569739102,5,400,326.795,1784569735202,0,0,0,0
1784569739202,2,500,500,1784569735202,0,0,0,0
1784569739202,3,700,500,1784569735202,0,0,0,0
1784569739202,4,400,673.205,1784569735202,0,0,0,0
1784569739202,5,400,326.795,1784569735202,0,0,0,0
1784569739302,2,500,500,1784569735202,0,0,0,0
1784569739302,3,700,500,1784569735202,0,0,0,0
1784569739302,4,400,673.205,1784569735202,0,0,0,0
1784569739302,5,400,326.795,1784569735202,0,0,0,0
1784569739402,2,500,500,1784569735202,0,0,0,0
1784569739402,3,700,500,1784569735202,0,0,0,0
1784569739402,4,400,673.205,1784569735202,0,0,0,0
1784569739402,5,400,326.795,1784569735202,0,0,0,0
1784569739502,2,500,500,1784569735202,0,0,0,0
1784569739502,3,700,500,1784569735202,0,0,0,0
1784569739502,4,400,673.205,1784569735202,0,0,0,0
1784569739502,5,400,326.795,1784569735202,0,0,0,0
1784569739602,2,500,500,1784569735202,0,0,0,0
1784569739602,3,700,500,1784569735202,0,0,0,0
1784569739602,4,400,673.205,1784569735202,0,0,0,0
1784569739602,5,400,326.795,1784569735202,0,0,0,0
1784569739702,2,500,500,1784569735202,0,0,0,0
1784569739702,3,700,500,1784569735202,0,0,0,0
1784569739702,4,400,673.205,1784569735202,0,0,0,0
1784569739702,5,400,326.795,1784569735202,0,0,0,0
1784569739802,2,500,500,1784569735202,0,0,0,0
1784569739802,3,700,500,1784569735202,0,0,0,0
1784569739802,4,400,673.205,1784569735202,0,0,0,0
1784569739802,5,400,326.795,1784569735202,0,0,0,0
1784569739902,2,500,500,1784569735202,0,0,0,0
1784569739902,3,700,500,1784569735202,0,0,0,0
1784569739902,4,400,673.205,1784569735202,0,0,0,0
1784569739902,5,400,326.795,1784569735202,0,0,0,0
1784569740002,2,500,500,1784569735202,0,0,0,0
1784569740002,3,700,500,1784569735202,0,0,0,0
1784569740002,4,400,673.205,1784569735202,0,0,0,0
1784569740002,5,400,326.795,1784569735202,0,0,0,0
1784569740102,2,500,500,1784569735202,0,0,0,0
1784569740102,3,700,500,1784569735202,0,0,0,0
1784569740102,4,400,673.205,1784569735202,0,0,0,0
1784569740102,5,400,326.795,1784569735202,0,0,0,0
1784569740202,2,500,500,1784569735202,0,0,0,0
1784569740202,3,700,500,1784569735202,0,0,0,0
1784569740202,4,400,673.205,1784569735202,0,0,0,0
1784569740202,5,400,326.795,1784569735202,0,0,0,0
1784569740302,2,500,500,1784569735202,0,0,0,0
1784569740302,3,700,500,1784569735202,0,0,0,0
1784569740302,4,400,673.205,1784569735202,0,0,0,0
1784569740302,5,400,326.795,1784569735202,0,0,0,0
1784569740402,2,500,500,1784569735202,0,0,0,0
1784569740402,3,700,500,1784569735202,0,0,0,0
1784569740402,4,400,673.205,1784569735202,0,0,0,0
1784569740402,5,400,326.795,1784569735202,0,0,0,0
1784569740502,2,500,500,1784569735202,0,0,0,0
1784569740502,3,700,500,1784569735202,0,0,0,0
1784569740502,4,400,673.205,1784569735202,0,0,0,0
1784569740502,5,400,326.795,1784569735202,0,0,0,0
1784569740602,2,500,500,1784569735202,0,0,0,0
1784569740602,3,700,500,1784569735202,0,0,0,0
1784569740602,4,400,673.205,1784569735202,0,0,0,0
1784569740602,5,400,326.795,1784569735202,0,0,0,0
1784569740702,2,500,500,1784569735202,0,0,0,0
1784569740702,3,700,500,1784569735202,0,0,0,0
1784569740702,4,400,673.205,1784569735202,0,0,0,0
1784569740702,5,400,326.795,1784569735202,0,0,0,0
1784569740802,2,500,500,1784569735202,0,0,0,0
1784569740802,3,700,500,1784569735202,0,0,0,0
1784569740802,4,400,673.205,1784569735202,0,0,0,0
1784569740802,5,400,326.795,1784569735202,0,0,0,0
1784569740902,2,500,500,1784569735202,0,0,0,0
1784569740902,3,700,500,1784569735202,0,0,0,0
1784569740902,4,400,673.205,1784569735202,0,0,0,0
1784569740902,5,400,326.795,1784569735202,0,0,0,0
1784569741002,2,500,500,1784569735202,0,0,0,0
1784569741002,3,700,500,1784569735202,0,0,0,0
1784569741002,4,400,673.205,1784569735202,0,0,0,0
1784569741002,5,400,326.795,1784569735202,0,0,0,0
1784569741102,2,500,500,1784569735202,0,0,0,0
1784569741102,3,700,500,1784569735202,0,0,0,0
1784569741102,4,400,673.205,1784569735202,0,0,0,0
1784569741102,5,400,326.795,1784569735202,0,0,0,0
1784569741202,2,500,500,1784569735202,0,0,0,0
1784569741202,3,700,500,1784569735202,0,0,0,0
1784569741202,4,400,673.205,1784569735202,0,0,0,0
1784569741202,5,400,326.795,1784569735202,0,0,0,0
1784569741302,2,500,500,1784569735202,0,0,0,0
1784569741302,3,700,500,1784569735202,0,0,0,0
1784569741302,4,400,673.205,1784569735202,0,0,0,0
1784569741302,5,400,326.795,1784569735202,0,0,0,0
1784569741402,2,500,500,1784569735202,0,0,0,0
1784569741402,3,700,500,1784569735202,0,0,0,0
1784569741402,4,400,673.205,1784569735202,0,0,0,0
1784569741402,5,400,326.795,1784569735202,0,0,0,0
1784569741502,2,500,500,1784569735202,0,0,0,0
1784569741502,3,700,500,1784569735202,0,0,0,0
1784569741502,4,400,673.205,1784569735202,0,0,0,0
1784569741502,5,400,326.795,1784569735202,0,0,0,0
1784569741602,2,500,500,1784569735202,0,0,0,0
1784569741602,3,700,500,1784569735202,0,0,0,0
1784569741602,4,400,673.205,1784569735202,0,0,0,0
1784569741602,5,400,326.795,1784569735202,0,0,0,0
1784569741702,2,500,500,1784569735202,0,0,0,0
1784569741702,3,700,500,1784569735202,0,0,0,0
1784569741702,4,400,673.205,1784569735202,0,0,0,0
1784569741702,5,400,326.795,1784569735202,0,0,0,0
1784569741802,2,500,500,1784569735202,0,0,0,0
1784569741802,3,700,500,1784569735202,0,0,0,0
1784569741802,4,400,673.205,1784569735202,0,0,0,0
1784569741802,5,400,326.795,1784569735202,0,0,0,0
1784569741902,2,500,500,1784569735202,0,0,0,0
1784569741902,3,700,500,1784569735202,0,0,0,0
1784569741902,4,400,673.205,1784569735202,0,0,0,0
1784569741902,5,400,326.795,1784569735202,0,0,0,0
1784569742002,2,500,500,1784569735202,0,0,0,0
1784569742002,3,700,500,1784569735202,0,0,0,0
1784569742002,4,400,673.205,1784569735202,0,0,0,0
1784569742002,5,400,326.795,1784569735202,0,0,0,0
1784569742102,2,500,500,1784569735202,0,0,0,0
1784569742102,3,700,500,1784569735202,0,0,0,0
1784569742102,4,400,673.205,1784569735202,0,0,0,0
1784569742102,5,400,326.795,1784569735202,0,0,0,0
1784569742202,2,500,500,1784569735202,0,0,0,0
1784569742202,3,700,500,1784569735202,0,0,0,0
1784569742202,4,400,673.205,1784569735202,0,0,0,0
1784569742202,5,400,326.795,1784569735202,0,0,0,0
1784569742302,2,500,500,1784569735202,0,0,0,0
1784569742302,3,700,500,1784569735202,0,0,0,0
1784569742302,4,400,673.205,1784569735202,0,0,0,0
1784569742302,5,400,326.795,1784569735202,0,0,0,0
1784569742402,2,500,500,1784569735202,0,0,0,0
1784569742402,3,700,500,1784569735202,0,0,0,0
1784569742402,4,400,673.205,1784569735202,0,0,0,0
1784569742402,5,400,326.795,1784569735202,0,0,0,0
1784569742502,2,500,500,1784569735202,0,0,0,0
1784569742502,3,700,500,1784569735202,0,0,0,0
1784569742502,4,400,673.205,1784569735202,0,0,0,0
1784569742502,5,400,326.795,1784569735202,0,0,0,0
1784569742602,2,500,500,1784569735202,0,0,0,0
1784569742602,3,700,500,1784569735202,0,0,0,0
1784569742602,4,400,673.205,1784569735202,0,0,0,0
1784569742602,5,400,326.795,1784569735202,0,0,0,0
1784569742702,2,500,500,1784569735202,0,0,0,0
1784569742702,3,700,500,1784569735202,0,0,0,0
1784569742702,4,400,673.205,1784569735202,0,0,0,0
1784569742702,5,400,326.795,1784569735202,0,0,0,0
1784569742802,2,500,500,1784569735202,0,0,0,0
1784569742802,3,700,500,1784569735202,0,0,0,0
1784569742802,4,400,673.205,1784569735202,0,0,0,0
1784569742802,5,400,326.795,1784569735202,0,0,0,0
1784569742902,2,500,500,1784569735202,0,0,0,0
1784569742902,3,700,500,1784569735202,0,0,0,0
1784569742902,4,400,673.205,1784569735202,0,0,0,0
1784569742902,5,400,326.795,1784569735202,0,0,0,0
1784569743002,2,500,500,1784569735202,0,0,0,0
1784569743002,3,700,500,1784569735202,0,0,0,0
1784569743002,4,400,673.205,1784569735202,0,0,0,0
1784569743002,5,400,326.795,1784569735202,0,0,0,0
1784569743102,2,500,500,1784569735202,0,0,0,0
1784569743102,3,700,500,1784569735202,0,0,0,0
1784569743102,4,400,673.205,1784569735202,0,0,0,0
1784569743102,5,400,326.795,1784569735202,0,0,0,0
1784569743202,2,500,500,1784569735202,0,0,0,0
1784569743202,3,700,500,1784569735202,0,0,0,0
1784569743202,4,400,673.205,1784569735202,0,0,0,0
1784569743202,5,400,326.795,1784569735202,0,0,0,0
1784569743302,2,500,500,1784569735202,0,0,0,0
1784569743302,3,700,500,1784569735202,0,0,0,0
1784569743302,4,400,673.205,1784569735202,0,0,0,0
1784569743302,5,400,326.795,1784569735202,0,0,0,0
1784569743402,2,500,500,1784569735202,0,0,0,0
1784569743402,3,700,500,1784569735202,0,0,0,0
1784569743402,4,400,673.205,1784569735202,0,0,0,0
1784569743402,5,400,326.795,1784569735202,0,0,0,0
1784569743502,2,500,500,1784569735202,0,0,0,0
1784569743502,3,700,500,1784569735202,0,0,0,0
1784569743502,4,400,673.205,1784569735202,0,0,0,0
1784569743502,5,400,326.795,1784569735202,0,0,0,0
1784569743602,2,500,500,1784569735202,0,0,0,0
1784569743602,3,700,500,1784569735202,0,0,0,0
1784569743602,4,400,673.205,1784569735202,0,0,0,0
1784569743602,5,400,326.795,1784569735202,0,0,0,0
1784569743702,2,500,500,1784569735202,0,0,0,0
1784569743702,3,700,500,1784569735202,0,0,0,0
1784569743702,4,400,673.205,1784569735202,0,0,0,0
1784569743702,5,400,326.795,1784569735202,0,0,0,0
1784569743802,2,500,500,1784569735202,0,0,0,0
1784569743802,3,700,500,1784569735202,0,0,0,0
1784569743802,4,400,673.205,1784569735202,0,0,0,0
1784569743802,5,400,326.795,1784569735202,0,0,0,0
1784569743902,2,500,500,1784569735202,0,0,0,0
1784569743902,3,700,500,1784569735202,0,0,0,0
1784569743902,4,400,673.205,1784569735202,0,0,0,0
1784569743902,5,400,326.795,1784569735202,0,0,0,0
1784569744002,2,500,500,1784569735202,0,0,0,0
1784569744002,3,700,500,1784569735202,0,0,0,0
1784569744002,4,400,673.205,1784569735202,0,0,0,0
1784569744002,5,400,326.795,1784569735202,0,0,0,0
1784569744102,2,500,500,1784569735202,0,0,0,0
1784569744102,3,700,500,1784569735202,0,0,0,0
1784569744102,4,400,673.205,1784569735202,0,0,0,0
1784569744102,5,400,326.795,1784569735202,0,0,0,0
1784569744202,2,500,500,1784569735202,0,0,0,0
1784569744202,3,700,500,1784569735202,0,0,0,0
1784569744202,4,400,673.205,1784569735202,0,0,0,0
1784569744202,5,400,326.795,1784569735202,0,0,0,0
1784569744302,2,500,500,1784569735202,0,0,0,0
1784569744302,3,700,500,1784569735202,0,0,0,0
1784569744302,4,400,673.205,1784569735202,0,0,0,0
1784569744302,5,400,326.795,1784569735202,0,0,0,0
1784569744402,2,500,500,1784569735202,0,0,0,0
1784569744402,3,700,500,1784569735202,0,0,0,0
1784569744402,4,400,673.205,1784569735202,0,0,0,0
1784569744402,5,400,326.795,1784569735202,0,0,0,0
1784569744502,2,500,500,1784569735202,0,0,0,0
1784569744502,3,700,500,1784569735202,0,0,0,0
1784569744502,4,400,673.205,1784569735202,0,0,0,0
1784569744502,5,400,326.795,1784569735202,0,0,0,0
1784569744602,2,500,500,1784569735202,0,0,0,0
1784569744602,3,700,500,1784569735202,0,0,0,0
1784569744602,4,400,673.205,1784569735202,0,0,0,0
1784569744602,5,400,326.795,1784569735202,0,0,0,0
1784569744702,2,500,500,1784569735202,0,0,0,0
1784569744702,3,700,500,1784569735202,0,0,0,0
1784569744702,4,400,673.205,1784569735202,0,0,0,0
1784569744702,5,400,326.795,1784569735202,0,0,0,0
1784569744802,2,500,500,1784569735202,0,0,0,0
1784569744802,3,700,500,1784569735202,0,0,0,0
1784569744802,4,400,673.205,1784569735202,0,0,0,0
1784569744802,5,400,326.795,1784569735202,0,0,0,0
1784569744902,2,500,500,1784569735202,0,0,0,0
1784569744902,3,700,500,1784569735202,0,0,0,0
1784569744902,4,400,673.205,1784569735202,0,0,0,0
1784569744902,5,400,326.795,1784569735202,0,0,0,0
1784569745002,2,500,500,1784569735202,0,0,0,0
1784569745002,3,700,500,1784569735202,0,0,0,0
1784569745002,4,400,673.205,1784569735202,0,0,0,0
1784569745002,5,400,326.795,1784569735202,0,0,0,0
1784569745102,2,500,500,1784569735202,0,0,0,0
1784569745102,3,700,500,1784569735202,0,0,0,0
1784569745102,4,400,673.205,1784569735202,0,0,0,0
1784569745102,5,400,326.795,1784569735202,0,0,0,0
1784569745202,2,500,500,1784569735202,0,0,0,0
1784569745202,3,700,500,1784569735202,0,0,0,0
1784569745202,4,400,673.205,1784569735202,0,0,0,0
1784569745202,5,400,326.795,1784569735202,0,0,0,0
1784569745302,2,500,500,1784569735202,0,0,0,0
1784569745302,3,700,500,1784569735202,0,0,0,0
1784569745302,4,400,673.205,1784569735202,0,0,0,0
1784569745302,5,400,326.795,1784569735202,0,0,0,0
1784569745402,2,500,500,1784569735202,0,0,0,0
1784569745402,3,700,500,1784569735202,0,0,0,0
1784569745402,4,400,673.205,1784569735202,0,0,0,0
1784569745402,5,400,326.795,1784569735202,0,0,0,0
1784569745502,2,500,500,1784569735202,0,0,0,0
1784569745502,3,700,500,1784569735202,0,0,0,0
1784569745502,4,400,673.205,1784569735202,0,0,0,0
1784569745502,5,400,326.795,1784569735202,0,0,0,0
1784569745602,2,500,500,1784569735202,0,0,0,0
1784569745602,3,700,500,1784569735202,0,0,0,0
1784569745602,4,400,673.205,1784569735202,0,0,0,0
1784569745602,5,400,326.795,1784569735202,0,0,0,0
1784569745702,2,500,500,1784569735202,0,0,0,0
1784569745702,3,700,500,1784569735202,0,0,0,0
1784569745702,4,400,673.205,1784569735202,0,0,0,0
1784569745702,5,400,326.795,1784569735202,0,0,0,0
1784569745802,2,500,500,1784569735202,0,0,0,0
1784569745802,3,700,500,1784569735202,0,0,0,0
1784569745802,4,400,673.205,1784569735202,0,0,0,0
1784569745802,5,400,326.795,1784569735202,0,0,0,0
1784569745902,2,500,500,1784569735202,0,0,0,0
1784569745902,3,700,500,1784569735202,0,0,0,0
1784569745902,4,400,673.205,1784569735202,0,0,0,0
1784569745902,5,400,326.795,1784569735202,0,0,0,0
1784569746002,2,500,500,1784569735202,0,0,0,0
1784569746002,3,700,500,1784569735202,0,0,0,0
1784569746002,4,400,673.205,1784569735202,0,0,0,0
1784569746002,5,400,326.795,1784569735202,0,0,0,0
1784569746102,2,500,500,1784569735202,0,0,0,0
1784569746102,3,700,500,1784569735202,0,0,0,0
1784569746102,4,400,673.205,1784569735202,0,0,0,0
1784569746102,5,400,326.795,1784569735202,0,0,0,0
1784569746202,2,500,500,1784569735202,0,0,0,0
1784569746202,3,700,500,1784569735202,0,0,0,0
1784569746202,4,400,673.205,1784569735202,0,0,0,0
1784569746202,5,400,326.795,1784569735202,0,0,0,0
1784569746302,2,500,500,1784569735202,0,0,0,0
1784569746302,3,700,500,1784569735202,0,0,0,0
1784569746302,4,400,673.205,1784569735202,0,0,0,0
1784569746302,5,400,326.795,1784569735202,0,0,0,0
1784569746402,2,500,500,1784569735202,0,0,0,0
1784569746402,3,700,500,1784569735202,0,0,0,0
1784569746402,4,400,673.205,1784569735202,0,0,0,0
1784569746402,5,400,326.795,1784569735202,0,0,0,0
1784569746502,2,500,500,1784569735202,0,0,0,0
1784569746502,3,700,500,1784569735202,0,0,0,0
1784569746502,4,400,673.205,1784569735202,0,0,0,0
1784569746502,5,400,326.795,1784569735202,0,0,0,0
1784569746602,2,500,500,1784569735202,0,0,0,0
1784569746602,3,700,500,1784569735202,0,0,0,0
1784569746602,4,400,673.205,1784569735202,0,0,0,0
1784569746602,5,400,326.795,1784569735202,0,0,0,0
1784569746702,2,500,500,1784569735202,0,0,0,0
1784569746702,3,700,500,1784569735202,0,0,0,0
1784569746702,4,400,673.205,1784569735202,0,0,0,0
1784569746702,5,400,326.795,1784569735202,0,0,0,0
1784569746802,2,500,500,1784569735202,0,0,0,0
1784569746802,3,700,500,1784569735202,0,0,0,0
1784569746802,4,400,673.205,1784569735202,0,0,0,0
1784569746802,5,400,326.795,1784569735202,0,0,0,0
1784569746902,2,500,500,1784569735202,0,0,0,0
1784569746902,3,700,500,1784569735202,0,0,0,0
1784569746902,4,400,673.205,1784569735202,0,0,0,0
1784569746902,5,400,326.795,1784569735202,0,0,0,0
1784569747002,2,500,500,1784569735202,0,0,0,0
1784569747002,3,700,500,1784569735202,0,0,0,0
1784569747002,4,400,673.205,1784569735202,0,0,0,0
1784569747002,5,400,326.795,1784569735202,0,0,0,0
1784569747102,2,500,500,1784569735202,0,0,0,0
1784569747102,3,700,500,1784569735202,0,0,0,0
1784569747102,4,400,673.205,1784569735202,0,0,0,0
1784569747102,5,400,326.795,1784569735202,0,0,0,0
1784569747202,2,500,500,1784569735202,0,0,0,0
1784569747202,3,700,500,1784569735202,0,0,0,0
1784569747202,4,400,673.205,1784569735202,0,0,0,0
1784569747202,5,400,326.795,1784569735202,0,0,0,0
1784569747302,2,500,500,1784569735202,0,0,0,0
1784569747302,3,700,500,1784569735202,0,0,0,0
1784569747302,4,400,673.205,1784569735202,0,0,0,0
1784569747302,5,400,326.795,1784569735202,0,0,0,0
1784569747402,2,500,500,1784569735202,0,0,0,0
1784569747402,3,700,500,1784569735202,0,0,0,0
1784569747402,4,400,673.205,1784569735202,0,0,0,0
1784569747402,5,400,326.795,1784569735202,0,0,0,0
1784569747502,2,500,500,1784569735202,0,0,0,0
1784569747502,3,700,500,1784569735202,0,0,0,0
1784569747502,4,400,673.205,1784569735202,0,0,0,0
1784569747502,5,400,326.795,1784569735202,0,0,0,0
1784569747602,2,500,500,1784569735202,0,0,0,0
1784569747602,3,700,500,1784569735202,0,0,0,0
1784569747602,4,400,673.205,1784569735202,0,0,0,0
1784569747602,5,400,326.795,1784569735202,0,0,0,0
1784569747702,2,500,500,1784569735202,0,0,0,0
1784569747702,3,700,500,1784569735202,0,0,0,0
1784569747702,4,400,673.205,1784569735202,0,0,0,0
1784569747702,5,400,326.795,1784569735202,0,0,0,0
1784569747802,2,500,500,1784569735202,0,0,0,0
1784569747802,3,700,500,1784569735202,0,0,0,0
1784569747802,4,400,673.205,1784569735202,0,0,0,0
1784569747802,5,400,326.795,1784569735202,0,0,0,0
1784569747902,2,500,500,1784569735202,0,0,0,0
1784569747902,3,700,500,1784569735202,0,0,0,0
1784569747902,4,400,673.205,1784569735202,0,0,0,0
1784569747902,5,400,326.795,1784569735202,0,0,0,0
1784569748002,2,500,500,1784569735202,0,0,0,0
1784569748002,3,700,500,1784569735202,0,0,0,0
1784569748002,4,400,673.205,1784569735202,0,0,0,0
1784569748002,5,400,326.795,1784569735202,0,0,0,0
1784569748102,2,500,500,1784569735202,0,0,0,0
1784569748102,3,700,500,1784569735202,0,0,0,0
1784569748102,4,400,673.205,1784569735202,0,0,0,0
1784569748102,5,400,326.795,1784569735202,0,0,0,0
1784569748202,2,500,500,1784569735202,0,0,0,0
1784569748202,3,700,500,1784569735202,0,0,0,0
1784569748202,4,400,673.205,1784569735202,0,0,0,0
1784569748202,5,400,326.795,1784569735202,0,0,0,0
1784569748302,2,500,500,1784569735202,0,0,0,0
1784569748302,3,700,500,1784569735202,0,0,0,0
1784569748302,4,400,673.205,1784569735202,0,0,0,0
1784569748302,5,400,326.795,1784569735202,0,0,0,0
1784569748402,2,500,500,1784569735202,0,0,0,0
1784569748402,3,700,500,1784569735202,0,0,0,0
1784569748402,4,400,673.205,1784569735202,0,0,0,0
1784569748402,5,400,326.795,1784569735202,0,0,0,0
1784569748502,2,500,500,1784569735202,0,0,0,0
1784569748502,3,700,500,1784569735202,0,0,0,0
1784569748502,4,400,673.205,1784569735202,0,0,0,0
1784569748502,5,400,326.795,1784569735202,0,0,0,0
1784569748602,2,500,500,1784569735202,0,0,0,0
1784569748602,3,700,500,1784569735202,0,0,0,0
1784569748602,4,400,673.205,1784569735202,0,0,0,0
1784569748602,5,400,326.795,1784569735202,0,0,0,0
1784569748702,2,500,500,1784569735202,0,0,0,0
1784569748702,3,700,500,1784569735202,0,0,0,0
1784569748702,4,400,673.205,1784569735202,0,0,0,0
1784569748702,5,400,326.795,1784569735202,0,0,0,0
1784569748802,2,500,500,1784569735202,0,0,0,0
1784569748802,3,700,500,1784569735202,0,0,0,0
1784569748802,4,400,673.205,1784569735202,0,0,0,0
1784569748802,5,400,326.795,1784569735202,0,0,0,0
1784569748902,2,500,500,1784569735202,0,0,0,0
1784569748902,3,700,500,1784569735202,0,0,0,0
1784569748902,4,400,673.205,1784569735202,0,0,0,0
1784569748902,5,400,326.795,1784569735202,0,0,0,0
1784569749002,2,500,500,1784569735202,0,0,0,0
1784569749002,3,700,500,1784569735202,0,0,0,0
1784569749002,4,400,673.205,1784569735202,0,0,0,0
1784569749002,5,400,326.795,1784569735202,0,0,0,0
1784569749102,2,500,500,1784569735202,0,0,0,0
1784569749102,3,700,500,1784569735202,0,0,0,0
1784569749102,4,400,673.205,1784569735202,0,0,0,0
1784569749102,5,400,326.795,1784569735202,0,0,0,0
1784569749202,2,500,500,1784569735202,0,0,0,0
1784569749202,3,700,500,1784569735202,0,0,0,0
1784569749202,4,400,673.205,1784569735202,0,0,0,0
1784569749202,5,400,326.795,1784569735202,0,0,0,0
1784569749302,2,500,500,1784569735202,0,0,0,0
1784569749302,3,700,500,1784569735202,0,0,0,0
1784569749302,4,400,673.205,1784569735202,0,0,0,0
1784569749302,5,400,326.795,1784569735202,0,0,0,0
1784569749402,2,500,500,1784569735202,0,0,0,0
1784569749402,3,700,500,1784569735202,0,0,0,0
1784569749402,4,400,673.205,1784569735202,0,0,0,0
1784569749402,5,400,326.795,1784569735202,0,0,0,0
1784569749502,2,500,500,1784569735202,0,0,0,0
1784569749502,3,700,500,1784569735202,0,0,0,0
1784569749502,4,400,673.205,1784569735202,0,0,0,0
1784569749502,5,400,326.795,1784569735202,0,0,0,0
1784569749602,2,500,500,1784569735202,0,0,0,0
1784569749602,3,700,500,1784569735202,0,0,0,0
1784569749602,4,400,673.205,1784569735202,0,0,0,0
1784569749602,5,400,326.795,1784569735202,0,0,0,0
1784569749702,2,500,500,1784569735202,0,0,0,0
1784569749702,3,700,500,1784569735202,0,0,0,0
1784569749702,4,400,673.205,1784569735202,0,0,0,0
1784569749702,5,400,326.795,1784569735202,0,0,0,0
1784569749802,2,500,500,1784569735202,0,0,0,0
1784569749802,3,700,500,1784569735202,0,0,0,0
1784569749802,4,400,673.205,1784569735202,0,0,0,0
1784569749802,5,400,326.795,1784569735202,0,0,0,0
1784569749902,2,500,500,1784569735202,0,0,0,0
1784569749902,3,700,500,1784569735202,0,0,0,0
1784569749902,4,400,673.205,1784569735202,0,0,0,0
1784569749902,5,400,326.795,1784569735202,0,0,0,0
1784569750002,2,500,500,1784569735202,0,0,0,0
1784569750002,3,700,500,1784569735202,0,0,0,0
1784569750002,4,400,673.205,1784569735202,0,0,0,0
1784569750002,5,400,326.795,1784569735202,0,0,0,0
1784569750102,2,500,500,1784569735202,0,0,0,0
1784569750102,3,700,500,1784569735202,0,0,0,0
1784569750102,4,400,673.205,1784569735202,0,0,0,0
1784569750102,5,400,326.795,1784569735202,0,0,0,0
1784569750202,2,500,500,1784569735202,0,0,0,0
1784569750202,3,700,500,1784569735202,0,0,0,0
1784569750202,4,400,673.205,1784569735202,0,0,0,0
1784569750202,5,400,326.795,1784569735202,0,0,0,0
1784569750302,2,500,500,1784569735202,0,0,0,0
1784569750302,3,700,500,1784569735202,0,0,0,0
1784569750302,4,400,673.205,1784569735202,0,0,0,0
1784569750302,5,400,326.795,1784569735202,0,0,0,0
1784569750402,2,500,500,1784569735202,0,0,0,0
1784569750402,3,700,500,1784569735202,0,0,0,0
1784569750402,4,400,673.205,1784569735202,0,0,0,0
1784569750402,5,400,326.795,1784569735202,0,0,0,0
1784569750502,2,500,500,1784569735202,0,0,0,0
1784569750502,3,700,500,1784569735202,0,0,0,0
1784569750502,4,400,673.205,1784569735202,0,0,0,0
1784569750502,5,400,326.795,1784569735202,0,0,0,0
1784569750602,2,500,500,1784569735202,0,0,0,0
1784569750602,3,700,500,1784569735202,0,0,0,0
1784569750602,4,400,673.205,1784569735202,0,0,0,0
1784569750602,5,400,326.795,1784569735202,0,0,0,0
1784569750702,2,500,500,1784569735202,0,0,0,0
1784569750702,3,700,500,1784569735202,0,0,0,0
1784569750702,4,400,673.205,1784569735202,0,0,0,0
1784569750702,5,400,326.795,1784569735202,0,0,0,0
1784569750802,2,500,500,1784569735202,0,0,0,0
1784569750802,3,700,500,1784569735202,0,0,0,0
1784569750802,4,400,673.205,1784569735202,0,0,0,0
1784569750802,5,400,326.795,1784569735202,0,0,0,0
1784569750902,2,500,500,1784569735202,0,0,0,0
1784569750902,3,700,500,1784569735202,0,0,0,0
1784569750902,4,400,673.205,1784569735202,0,0,0,0
1784569750902,5,400,326.795,1784569735202,0,0,0,0
1784569751002,2,500,500,1784569735202,0,0,0,0
1784569751002,3,700,500,1784569735202,0,0,0,0
1784569751002,4,400,673.205,1784569735202,0,0,0,0
1784569751002,5,400,326.795,1784569735202,0,0,0,0
1784569751102,2,500,500,1784569735202,0,0,0,0
1784569751102,3,700,500,1784569735202,0,0,0,0
1784569751102,4,400,673.205,1784569735202,0,0,0,0
1784569751102,5,400,326.795,1784569735202,0,0,0,0
1784569751202,2,500,500,1784569735202,0,0,0,0
1784569751202,3,700,500,1784569735202,0,0,0,0
1784569751202,4,400,673.205,1784569735202,0,0,0,0
1784569751202,5,400,326.795,1784569735202,0,0,0,0
1784569751302,2,500,500,1784569735202,0,0,0,0
1784569751302,3,700,500,1784569735202,0,0,0,0
1784569751302,4,400,673.205,1784569735202,0,0,0,0
1784569751302,5,400,326.795,1784569735202,0,0,0,0
1784569751402,2,500,500,1784569735202,0,0,0,0
1784569751402,3,700,500,1784569735202,0,0,0,0
1784569751402,4,400,673.205,1784569735202,0,0,0,0
1784569751402,5,400,326.795,1784569735202,0,0,0,0
1784569751502,2,500,500,1784569735202,0,0,0,0
1784569751502,3,700,500,1784569735202,0,0,0,0
1784569751502,4,400,673.205,1784569735202,0,0,0,0
1784569751502,5,400,326.795,1784569735202,0,0,0,0
1784569751602,2,500,500,1784569735202,0,0,0,0
1784569751602,3,700,500,1784569735202,0,0,0,0
1784569751602,4,400,673.205,1784569735202,0,0,0,0
1784569751602,5,400,326.795,1784569735202,0,0,0,0
1784569751702,2,500,500,1784569735202,0,0,0,0
1784569751702,3,700,500,1784569735202,0,0,0,0
1784569751702,4,400,673.205,1784569735202,0,0,0,0
1784569751702,5,400,326.795,1784569735202,0,0,0,0
1784569751802,2,500,500,1784569735202,0,0,0,0
1784569751802,3,700,500,1784569735202,0,0,0,0
1784569751802,4,400,673.205,1784569735202,0,0,0,0
1784569751802,5,400,326.795,1784569735202,0,0,0,0
1784569751902,2,500,500,1784569735202,0,0,0,0
1784569751902,3,700,500,1784569735202,0,0,0,0
1784569751902,4,400,673.205,1784569735202,0,0,0,0
1784569751902,5,400,326.795,1784569735202,0,0,0,0
1784569752002,2,500,500,1784569735202,0,0,0,0
1784569752002,3,700,500,1784569735202,0,0,0,0
1784569752002,4,400,673.205,1784569735202,0,0,0,0
1784569752002,5,400,326.795,1784569735202,0,0,0,0
1784569752102,2,500,500,1784569735202,0,0,0,0
1784569752102,3,700,500,1784569735202,0,0,0,0
1784569752102,4,400,673.205,1784569735202,0,0,0,0
1784569752102,5,400,326.795,1784569735202,0,0,0,0
1784569752202,2,500,500,1784569735202,0,0,0,0
1784569752202,3,700,500,1784569735202,0,0,0,0
1784569752202,4,400,673.205,1784569735202,0,0,0,0
1784569752202,5,400,326.795,1784569735202,0,0,0,0
1784569752302,2,500,500,1784569735202,0,0,0,0
1784569752302,3,700,500,1784569735202,0,0,0,0
1784569752302,4,400,673.205,1784569735202,0,0,0,0
1784569752302,5,400,326.795,1784569735202,0,0,0,0
1784569752402,2,500,500,1784569735202,0,0,0,0
1784569752402,3,700,500,1784569735202,0,0,0,0
1784569752402,4,400,673.205,1784569735202,0,0,0,0
1784569752402,5,400,326.795,1784569735202,0,0,0,0
1784569752502,2,500,500,1784569735202,0,0,0,0
1784569752502,3,700,500,1784569735202,0,0,0,0
1784569752502,4,400,673.205,1784569735202,0,0,0,0
1784569752502,5,400,326.795,1784569735202,0,0,0,0
1784569752602,2,500,500,1784569735202,0,0,0,0
1784569752602,3,700,500,1784569735202,0,0,0,0
1784569752602,4,400,673.205,1784569735202,0,0,0,0
1784569752602,5,400,326.795,1784569735202,0,0,0,0
1784569752702,2,500,500,1784569735202,0,0,0,0
1784569752702,3,700,500,1784569735202,0,0,0,0
1784569752702,4,400,673.205,1784569735202,0,0,0,0
1784569752702,5,400,326.795,1784569735202,0,0,0,0
1784569752802,2,500,500,1784569735202,0,0,0,0
1784569752802,3,700,500,1784569735202,0,0,0,0
1784569752802,4,400,673.205,1784569735202,0,0,0,0
1784569752802,5,400,326.795,1784569735202,0,0,0,0
1784569752902,2,500,500,1784569735202,0,0,0,0
1784569752902,3,700,500,1784569735202,0,0,0,0
1784569752902,4,400,673.205,1784569735202,0,0,0,0
1784569752902,5,400,326.795,1784569735202,0,0,0,0
1784569753002,2,500,500,1784569735202,0,0,0,0
1784569753002,3,700,500,1784569735202,0,0,0,0
1784569753002,4,400,673.205,1784569735202,0,0,0,0
1784569753002,5,400,326.795,1784569735202,0,0,0,0
1784569753102,2,500,500,1784569735202,0,0,0,0
1784569753102,3,700,500,1784569735202,0,0,0,0
1784569753102,4,400,673.205,1784569735202,0,0,0,0
1784569753102,5,400,326.795,1784569735202,0,0,0,0
1784569753202,2,500,500,1784569735202,0,0,0,0
1784569753202,3,700,500,1784569735202,0,0,0,0
1784569753202,4,400,673.205,1784569735202,0,0,0,0
1784569753202,5,400,326.795,1784569735202,0,0,0,0
1784569753302,2,500,500,1784569735202,0,0,0,0
1784569753302,3,700,500,1784569735202,0,0,0,0
1784569753302,4,400,673.205,1784569735202,0,0,0,0
1784569753302,5,400,326.795,1784569735202,0,0,0,0
1784569753402,2,500,500,1784569735202,0,0,0,0
1784569753402,3,700,500,1784569735202,0,0,0,0
1784569753402,4,400,673.205,1784569735202,0,0,0,0
1784569753402,5,400,326.795,1784569735202,0,0,0,0
1784569753502,2,500,500,1784569735202,0,0,0,0
1784569753502,3,700,500,1784569735202,0,0,0,0
1784569753502,4,400,673.205,1784569735202,0,0,0,0
1784569753502,5,400,326.795,1784569735202,0,0,0,0
1784569753602,2,500,500,1784569735202,0,0,0,0
1784569753602,3,700,500,1784569735202,0,0,0,0
1784569753602,4,400,673.205,1784569735202,0,0,0,0
1784569753602,5,400,326.795,1784569735202,0,0,0,0
1784569753702,2,500,500,1784569735202,0,0,0,0
1784569753702,3,700,500,1784569735202,0,0,0,0
1784569753702,4,400,673.205,1784569735202,0,0,0,0
1784569753702,5,400,326.795,1784569735202,0,0,0,0
1784569753802,2,500,500,1784569735202,0,0,0,0
1784569753802,3,700,500,1784569735202,0,0,0,0
1784569753802,4,400,673.205,1784569735202,0,0,0,0
1784569753802,5,400,326.795,1784569735202,0,0,0,0
1784569753902,2,500,500,1784569735202,0,0,0,0
1784569753902,3,700,500,1784569735202,0,0,0,0
1784569753902,4,400,673.205,1784569735202,0,0,0,0
1784569753902,5,400,326.795,1784569735202,0,0,0,0
1784569754002,2,500,500,1784569735202,0,0,0,0
1784569754002,3,700,500,1784569735202,0,0,0,0
1784569754002,4,400,673.205,1784569735202,0,0,0,0
1784569754002,5,400,326.795,1784569735202,0,0,0,0
1784569754102,2,500,500,1784569735202,0,0,0,0
1784569754102,3,700,500,1784569735202,0,0,0,0
1784569754102,4,400,673.205,1784569735202,0,0,0,0
1784569754102,5,400,326.795,1784569735202,0,0,0,0
1784569754202,2,500,500,1784569735202,0,0,0,0
1784569754202,3,700,500,1784569735202,0,0,0,0
1784569754202,4,400,673.205,1784569735202,0,0,0,0
1784569754202,5,400,326.795,1784569735202,0,0,0,0
1784569754302,2,500,500,1784569735202,0,0,0,0
1784569754302,3,700,500,1784569735202,0,0,0,0
1784569754302,4,400,673.205,1784569735202,0,0,0,0
1784569754302,5,400,326.795,1784569735202,0,0,0,0
1784569754402,2,500,500,1784569735202,0,0,0,0
1784569754402,3,700,500,1784569735202,0,0,0,0
1784569754402,4,400,673.205,1784569735202,0,0,0,0
1784569754402,5,400,326.795,1784569735202,0,0,0,0
1784569754502,2,500,500,1784569735202,0,0,0,0
1784569754502,3,700,500,1784569735202,0,0,0,0
1784569754502,4,400,673.205,1784569735202,0,0,0,0
1784569754502,5,400,326.795,1784569735202,0,0,0,0
1784569754602,2,500,500,1784569735202,0,0,0,0
1784569754602,3,700,500,1784569735202,0,0,0,0
1784569754602,4,400,673.205,1784569735202,0,0,0,0
1784569754602,5,400,326.795,1784569735202,0,0,0,0
1784569754702,2,500,500,1784569735202,0,0,0,0
1784569754702,3,700,500,1784569735202,0,0,0,0
1784569754702,4,400,673.205,1784569735202,0,0,0,0
1784569754702,5,400,326.795,1784569735202,0,0,0,0
1784569754802,2,500,500,1784569735202,0,0,0,0
1784569754802,3,700,500,1784569735202,0,0,0,0
1784569754802,4,400,673.205,1784569735202,0,0,0,0
1784569754802,5,400,326.795,1784569735202,0,0,0,0
1784569754902,2,500,500,1784569735202,0,0,0,0
1784569754902,3,700,500,1784569735202,0,0,0,0
1784569754902,4,400,673.205,1784569735202,0,0,0,0
1784569754902,5,400,326.795,1784569735202,0,0,0,0
1784569755002,2,500,500,1784569735202,0,0,0,0
1784569755002,3,700,500,1784569735202,0,0,0,0
1784569755002,4,400,673.205,1784569735202,0,0,0,0
1784569755002,5,400,326.795,1784569735202,0,0,0,0
1784569755102,2,500,500,1784569735202,0,0,0,0
1784569755102,3,700,500,1784569735202,0,0,0,0
1784569755102,4,400,673.205,1784569735202,0,0,0,0
1784569755102,5,400,326.795,1784569735202,0,0,0,0
1784569755202,2,500,500,1784569735202,0,0,0,0
1784569755202,3,700,500,1784569735202,0,0,0,0
1784569755202,4,400,673.205,1784569735202,0,0,0,0
1784569755202,5,400,326.795,1784569735202,0,0,0,0
1784569755302,2,500,500,1784569735202,0,0,0,0
1784569755302,3,700,500,1784569735202,0,0,0,0
1784569755302,4,400,673.205,1784569735202,0,0,0,0
1784569755302,5,400,326.795,1784569735202,0,0,0,0
1784569755402,2,500,500,1784569735202,0,0,0,0
1784569755402,3,700,500,1784569735202,0,0,0,0
1784569755402,4,400,673.205,1784569735202,0,0,0,0
1784569755402,5,400,326.795,1784569735202,0,0,0,0
1784569755502,2,500,500,1784569735202,0,0,0,0
1784569755502,3,700,500,1784569735202,0,0,0,0
1784569755502,4,400,673.205,1784569735202,0,0,0,0
1784569755502,5,400,326.795,1784569735202,0,0,0,0
1784569755602,2,500,500,1784569735202,0,0,0,0
1784569755602,3,700,500,1784569735202,0,0,0,0
1784569755602,4,400,673.205,1784569735202,0,0,0,0
1784569755602,5,400,326.795,1784569735202,0,0,0,0
1784569755702,2,500,500,1784569735202,0,0,0,0
1784569755702,3,700,500,1784569735202,0,0,0,0
1784569755702,4,400,673.205,1784569735202,0,0,0,0
1784569755702,5,400,326.795,1784569735202,0,0,0,0
1784569755802,2,500,500,1784569735202,0,0,0,0
1784569755802,3,700,500,1784569735202,0,0,0,0
1784569755802,4,400,673.205,1784569735202,0,0,0,0
1784569755802,5,400,326.795,1784569735202,0,0,0,0
1784569755902,2,500,500,1784569735202,0,0,0,0
1784569755902,3,700,500,1784569735202,0,0,0,0
1784569755902,4,400,673.205,1784569735202,0,0,0,0
1784569755902,5,400,326.795,1784569735202,0,0,0,0
1784569756002,2,500,500,1784569735202,0,0,0,0
1784569756002,3,700,500,1784569735202,0,0,0,0
1784569756002,4,400,673.205,1784569735202,0,0,0,0
1784569756002,5,400,326.795,1784569735202,0,0,0,0
1784569756102,2,500,500,1784569735202,0,0,0,0
1784569756102,3,700,500,1784569735202,0,0,0,0
1784569756102,4,400,673.205,1784569735202,0,0,0,0
1784569756102,5,400,326.795,1784569735202,0,0,0,0
1784569756202,2,500,500,1784569735202,0,0,0,0
1784569756202,3,700,500,1784569735202,0,0,0,0
1784569756202,4,400,673.205,1784569735202,0,0,0,0
1784569756202,5,400,326.795,1784569735202,0,0,0,0
1784569756302,2,500,500,1784569735202,0,0,0,0
1784569756302,3,700,500,1784569735202,0,0,0,0
1784569756302,4,400,673.205,1784569735202,0,0,0,0
1784569756302,5,400,326.795,1784569735202,0,0,0,0
1784569756402,2,500,500,1784569735202,0,0,0,0
1784569756402,3,700,500,1784569735202,0,0,0,0
1784569756402,4,400,673.205,1784569735202,0,0,0,0
1784569756402,5,400,326.795,1784569735202,0,0,0,0
1784569756502,2,500,500,1784569735202,0,0,0,0
1784569756502,3,700,500,1784569735202,0,0,0,0
1784569756502,4,400,673.205,1784569735202,0,0,0,0
1784569756502,5,400,326.795,1784569735202,0,0,0,0
1784569756602,2,500,500,1784569735202,0,0,0,0
1784569756602,3,700,500,1784569735202,0,0,0,0
1784569756602,4,400,673.205,1784569735202,0,0,0,0
1784569756602,5,400,326.795,1784569735202,0,0,0,0
1784569756702,2,500,500,1784569735202,0,0,0,0
1784569756702,3,700,500,1784569735202,0,0,0,0
1784569756702,4,400,673.205,1784569735202,0,0,0,0
1784569756702,5,400,326.795,1784569735202,0,0,0,0
1784569756802,2,500,500,1784569735202,0,0,0,0
1784569756802,3,700,500,1784569735202,0,0,0,0
1784569756802,4,400,673.205,1784569735202,0,0,0,0
1784569756802,5,400,326.795,1784569735202,0,0,0,0
1784569756902,2,500,500,1784569735202,0,0,0,0
1784569756902,3,700,500,1784569735202,0,0,0,0
1784569756902,4,400,673.205,1784569735202,0,0,0,0
1784569756902,5,400,326.795,1784569735202,0,0,0,0
1784569757002,2,500,500,1784569735202,0,0,0,0
1784569757002,3,700,500,1784569735202,0,0,0,0
1784569757002,4,400,673.205,1784569735202,0,0,0,0
1784569757002,5,400,326.795,1784569735202,0,0,0,0
1784569757102,2,500,500,1784569735202,0,0,0,0
1784569757102,3,700,500,1784569735202,0,0,0,0
1784569757102,4,400,673.205,1784569735202,0,0,0,0
1784569757102,5,400,326.795,1784569735202,0,0,0,0
1784569757202,2,500,500,1784569735202,0,0,0,0
1784569757202,3,700,500,1784569735202,0,0,0,0
1784569757202,4,400,673.205,1784569735202,0,0,0,0
1784569757202,5,400,326.795,1784569735202,0,0,0,0
1784569757302,2,500,500,1784569735202,0,0,0,0
1784569757302,3,700,500,1784569735202,0,0,0,0
1784569757302,4,400,673.205,1784569735202,0,0,0,0
1784569757302,5,400,326.795,1784569735202,0,0,0,0
1784569757402,2,500,500,1784569735202,0,0,0,0
1784569757402,3,700,500,1784569735202,0,0,0,0
1784569757402,4,400,673.205,1784569735202,0,0,0,0
1784569757402,5,400,326.795,1784569735202,0,0,0,0
1784569757502,2,500,500,1784569735202,0,0,0,0
1784569757502,3,700,500,1784569735202,0,0,0,0
1784569757502,4,400,673.205,1784569735202,0,0,0,0
1784569757502,5,400,326.795,1784569735202,0,0,0,0
1784569757602,2,500,500,1784569735202,0,0,0,0
1784569757602,3,700,500,1784569735202,0,0,0,0
1784569757602,4,400,673.205,1784569735202,0,0,0,0
1784569757602,5,400,326.795,1784569735202,0,0,0,0
1784569757702,2,500,500,1784569735202,0,0,0,0
1784569757702,3,700,500,1784569735202,0,0,0,0
1784569757702,4,400,673.205,1784569735202,0,0,0,0
1784569757702,5,400,326.795,1784569735202,0,0,0,0
1784569757802,2,500,500,1784569735202,0,0,0,0
1784569757802,3,700,500,1784569735202,0,0,0,0
1784569757802,4,400,673.205,1784569735202,0,0,0,0
1784569757802,5,400,326.795,1784569735202,0,0,0,0
1784569757902,2,500,500,1784569735202,0,0,0,0
1784569757902,3,700,500,1784569735202,0,0,0,0
1784569757902,4,400,673.205,1784569735202,0,0,0,0
1784569757902,5,400,326.795,1784569735202,0,0,0,0
1784569758002,2,500,500,1784569735202,0,0,0,0
1784569758002,3,700,500,1784569735202,0,0,0,0
1784569758002,4,400,673.205,1784569735202,0,0,0,0
1784569758002,5,400,326.795,1784569735202,0,0,0,0
1784569758102,2,500,500,1784569735202,0,0,0,0
1784569758102,3,700,500,1784569735202,0,0,0,0
1784569758102,4,400,673.205,1784569735202,0,0,0,0
1784569758102,5,400,326.795,1784569735202,0,0,0,0
1784569758202,2,500,500,1784569735202,0,0,0,0
1784569758202,3,700,500,1784569735202,0,0,0,0
1784569758202,4,400,673.205,1784569735202,0,0,0,0
1784569758202,5,400,326.795,1784569735202,0,0,0,0
1784569758302,2,500,500,1784569735202,0,0,0,0
1784569758302,3,700,500,1784569735202,0,0,0,0
1784569758302,4,400,673.205,1784569735202,0,0,0,0
1784569758302,5,400,326.795,1784569735202,0,0,0,0
1784569758402,2,500,500,1784569735202,0,0,0,0
1784569758402,3,700,500,1784569735202,0,0,0,0
1784569758402,4,400,673.205,1784569735202,0,0,0,0
1784569758402,5,400,326.795,1784569735202,0,0,0,0
1784569758502,2,500,500,1784569735202,0,0,0,0
1784569758502,3,700,500,1784569735202,0,0,0,0
1784569758502,4,400,673.205,1784569735202,0,0,0,0
1784569758502,5,400,326.795,1784569735202,0,0,0,0
1784569758602,2,500,500,1784569735202,0,0,0,0
1784569758602,3,700,500,1784569735202,0,0,0,0
1784569758602,4,400,673.205,1784569735202,0,0,0,0
1784569758602,5,400,326.795,1784569735202,0,0,0,0
1784569758702,2,500,500,1784569735202,0,0,0,0
1784569758702,3,700,500,1784569735202,0,0,0,0
1784569758702,4,400,673.205,1784569735202,0,0,0,0
1784569758702,5,400,326.795,1784569735202,0,0,0,0
1784569758802,2,500,500,1784569735202,0,0,0,0
1784569758802,3,700,500,1784569735202,0,0,0,0
1784569758802,4,400,673.205,1784569735202,0,0,0,0
1784569758802,5,400,326.795,1784569735202,0,0,0,0
1784569758902,2,500,500,1784569735202,0,0,0,0
1784569758902,3,700,500,1784569735202,0,0,0,0
1784569758902,4,400,673.205,1784569735202,0,0,0,0
1784569758902,5,400,326.795,1784569735202,0,0,0,0
1784569759002,2,500,500,1784569735202,0,0,0,0
1784569759002,3,700,500,1784569735202,0,0,0,0
1784569759002,4,400,673.205,1784569735202,0,0,0,0
1784569759002,5,400,326.795,1784569735202,0,0,0,0
1784569759102,2,500,500,1784569735202,0,0,0,0
1784569759102,3,700,500,1784569735202,0,0,0,0
1784569759102,4,400,673.205,1784569735202,0,0,0,0
1784569759102,5,400,326.795,1784569735202,0,0,0,0
1784569759202,2,500,500,1784569735202,0,0,0,0
1784569759202,3,700,500,1784569735202,0,0,0,0
1784569759202,4,400,673.205,1784569735202,0,0,0,0
1784569759202,5,400,326.795,1784569735202,0,0,0,0
1784569759302,2,500,500,1784569735202,0,0,0,0
1784569759302,3,700,500,1784569735202,0,0,0,0
1784569759302,4,400,673.205,1784569735202,0,0,0,0
1784569759302,5,400,326.795,1784569735202,0,0,0,0
1784569759402,2,500,500,1784569735202,0,0,0,0
1784569759402,3,700,500,1784569735202,0,0,0,0
1784569759402,4,400,673.205,1784569735202,0,0,0,0
1784569759402,5,400,326.795,1784569735202,0,0,0,0
1784569759502,2,500,500,1784569735202,0,0,0,0
1784569759502,3,700,500,1784569735202,0,0,0,0
1784569759502,4,400,673.205,1784569735202,0,0,0,0
1784569759502,5,400,326.795,1784569735202,0,0,0,0
1784569759602,2,500,500,1784569735202,0,0,0,0
1784569759602,3,700,500,1784569735202,0,0,0,0
1784569759602,4,400,673.205,1784569735202,0,0,0,0
1784569759602,5,400,326.795,1784569735202,0,0,0,0
1784569759702,2,500,500,1784569735202,0,0,0,0
1784569759702,3,700,500,1784569735202,0,0,0,0
1784569759702,4,400,673.205,1784569735202,0,0,0,0
1784569759702,5,400,326.795,1784569735202,0,0,0,0
1784569759802,2,500,500,1784569735202,0,0,0,0
1784569759802,3,700,500,1784569735202,0,0,0,0
1784569759802,4,400,673.205,1784569735202,0,0,0,0
1784569759802,5,400,326.795,1784569735202,0,0,0,0
1784569759902,2,500,500,1784569735202,0,0,0,0
1784569759902,3,700,500,1784569735202,0,0,0,0
1784569759902,4,400,673.205,1784569735202,0,0,0,0
1784569759902,5,400,326.795,1784569735202,0,0,0,0
1784569760002,2,500,500,1784569735202,0,0,0,0
1784569760002,3,700,500,1784569735202,0,0,0,0
1784569760002,4,400,673.205,1784569735202,0,0,0,0
1784569760002,5,400,326.795,1784569735202,0,0,0,0
1784569760102,2,500,500,1784569735202,0,0,0,0
1784569760102,3,700,500,1784569735202,0,0,0,0
1784569760102,4,400,673.205,1784569735202,0,0,0,0
1784569760102,5,400,326.795,1784569735202,0,0,0,0
1784569760202,2,500,500,1784569735202,0,0,0,0
1784569760202,3,700,500,1784569735202,0,0,0,0
1784569760202,4,400,673.205,1784569735202,0,0,0,0
1784569760202,5,400,326.795,1784569735202,0,0,0,0
1784569760302,2,500,500,1784569735202,0,0,0,0
1784569760302,3,700,500,1784569735202,0,0,0,0
1784569760302,4,400,673.205,1784569735202,0,0,0,0
1784569760302,5,400,326.795,1784569735202,0,0,0,0
1784569760402,2,500,500,1784569735202,0,0,0,0
1784569760402,3,700,500,1784569735202,0,0,0,0
1784569760402,4,400,673.205,1784569735202,0,0,0,0
1784569760402,5,400,326.795,1784569735202,0,0,0,0
1784569760502,2,500,500,1784569735202,0,0,0,0
1784569760502,3,700,500,1784569735202,0,0,0,0
1784569760502,4,400,673.205,1784569735202,0,0,0,0
1784569760502,5,400,326.795,1784569735202,0,0,0,0
1784569760602,2,500,500,1784569735202,0,0,0,0
1784569760602,3,700,500,1784569735202,0,0,0,0
1784569760602,4,400,673.205,1784569735202,0,0,0,0
1784569760602,5,400,326.795,1784569735202,0,0,0,0
1784569760702,2,500,500,1784569735202,0,0,0,0
1784569760702,3,700,500,1784569735202,0,0,0,0
1784569760702,4,400,673.205,1784569735202,0,0,0,0
1784569760702,5,400,326.795,1784569735202,0,0,0,0
1784569760802,2,500,500,1784569735202,0,0,0,0
1784569760802,3,700,500,1784569735202,0,0,0,0
1784569760802,4,400,673.205,1784569735202,0,0,0,0
1784569760802,5,400,326.795,1784569735202,0,0,0,0
1784569760902,2,500,500,1784569735202,0,0,0,0
1784569760902,3,700,500,1784569735202,0,0,0,0
1784569760902,4,400,673.205,1784569735202,0,0,0,0
1784569760902,5,400,326.795,1784569735202,0,0,0,0
1784569761002,2,500,500,1784569735202,0,0,0,0
1784569761002,3,700,500,1784569735202,0,0,0,0
1784569761002,4,400,673.205,1784569735202,0,0,0,0
1784569761002,5,400,326.795,1784569735202,0,0,0,0
1784569761102,2,500,500,1784569735202,0,0,0,0
1784569761102,3,700,500,1784569735202,0,0,0,0
1784569761102,4,400,673.205,1784569735202,0,0,0,0
1784569761102,5,400,326.795,1784569735202,0,0,0,0
1784569761202,2,500,500,1784569735202,0,0,0,0
1784569761202,3,700,500,1784569735202,0,0,0,0
1784569761202,4,400,673.205,1784569735202,0,0,0,0
1784569761202,5,400,326.795,1784569735202,0,0,0,0
1784569761302,2,500,500,1784569735202,0,0,0,0
1784569761302,3,700,500,1784569735202,0,0,0,0
1784569761302,4,400,673.205,1784569735202,0,0,0,0
1784569761302,5,400,326.795,1784569735202,0,0,0,0
1784569761402,2,500,500,1784569735202,0,0,0,0
1784569761402,3,700,500,1784569735202,0,0,0,0
1784569761402,4,400,673.205,1784569735202,0,0,0,0
1784569761402,5,400,326.795,1784569735202,0,0,0,0
1784569761502,2,500,500,1784569735202,0,0,0,0
1784569761502,3,700,500,1784569735202,0,0,0,0
1784569761502,4,400,673.205,1784569735202,0,0,0,0
1784569761502,5,400,326.795,1784569735202,0,0,0,0
1784569761602,2,500,500,1784569735202,0,0,0,0
1784569761602,3,700,500,1784569735202,0,0,0,0
1784569761602,4,400,673.205,1784569735202,0,0,0,0
1784569761602,5,400,326.795,1784569735202,0,0,0,0
1784569761702,2,500,500,1784569735202,0,0,0,0
1784569761702,3,700,500,1784569735202,0,0,0,0
1784569761702,4,400,673.205,1784569735202,0,0,0,0
1784569761702,5,400,326.795,1784569735202,0,0,0,0
1784569761802,2,500,500,1784569735202,0,0,0,0
1784569761802,3,700,500,1784569735202,0,0,0,0
1784569761802,4,400,673.205,1784569735202,0,0,0,0
1784569761802,5,400,326.795,1784569735202,0,0,0,0
1784569761902,2,500,500,1784569735202,0,0,0,0
1784569761902,3,700,500,1784569735202,0,0,0,0
1784569761902,4,400,673.205,1784569735202,0,0,0,0
1784569761902,5,400,326.795,1784569735202,0,0,0,0
1784569762002,2,500,500,1784569735202,0,0,0,0
1784569762002,3,700,500,1784569735202,0,0,0,0
1784569762002,4,400,673.205,1784569735202,0,0,0,0
1784569762002,5,400,326.795,1784569735202,0,0,0,0
1784569762102,2,500,500,1784569735202,0,0,0,0
1784569762102,3,700,500,1784569735202,0,0,0,0
1784569762102,4,400,673.205,1784569735202,0,0,0,0
1784569762102,5,400,326.795,1784569735202,0,0,0,0
1784569762202,2,500,500,1784569735202,0,0,0,0
1784569762202,3,700,500,1784569735202,0,0,0,0
1784569762202,4,400,673.205,1784569735202,0,0,0,0
1784569762202,5,400,326.795,1784569735202,0,0,0,0
1784569762302,2,500,500,1784569735202,0,0,0,0
1784569762302,3,700,500,1784569735202,0,0,0,0
1784569762302,4,400,673.205,1784569735202,0,0,0,0
1784569762302,5,400,326.795,1784569735202,0,0,0,0
1784569762402,2,500,500,1784569735202,0,0,0,0
1784569762402,3,700,500,1784569735202,0,0,0,0
1784569762402,4,400,673.205,1784569735202,0,0,0,0
1784569762402,5,400,326.795,1784569735202,0,0,0,0
1784569762502,2,500,500,1784569735202,0,0,0,0
1784569762502,3,700,500,1784569735202,0,0,0,0
1784569762502,4,400,673.205,1784569735202,0,0,0,0
1784569762502,5,400,326.795,1784569735202,0,0,0,0
1784569762602,2,500,500,1784569735202,0,0,0,0
1784569762602,3,700,500,1784569735202,0,0,0,0
1784569762602,4,400,673.205,1784569735202,0,0,0,0
1784569762602,5,400,326.795,1784569735202,0,0,0,0
1784569762702,2,500,500,1784569735202,0,0,0,0
1784569762702,3,700,500,1784569735202,0,0,0,0
1784569762702,4,400,673.205,1784569735202,0,0,0,0
1784569762702,5,400,326.795,1784569735202,0,0,0,0
1784569762802,2,500,500,1784569735202,0,0,0,0
1784569762802,3,700,500,1784569735202,0,0,0,0
1784569762802,4,400,673.205,1784569735202,0,0,0,0
1784569762802,5,400,326.795,1784569735202,0,0,0,0
1784569762902,2,500,500,1784569735202,0,0,0,0
1784569762902,3,700,500,1784569735202,0,0,0,0
1784569762902,4,400,673.205,1784569735202,0,0,0,0
1784569762902,5,400,326.795,1784569735202,0,0,0,0
1784569763002,2,500,500,1784569735202,0,0,0,0
1784569763002,3,700,500,1784569735202,0,0,0,0
1784569763002,4,400,673.205,1784569735202,0,0,0,0
1784569763002,5,400,326.795,1784569735202,0,0,0,0
1784569763102,2,500,500,1784569735202,0,0,0,0
1784569763102,3,700,500,1784569735202,0,0,0,0
1784569763102,4,400,673.205,1784569735202,0,0,0,0
1784569763102,5,400,326.795,1784569735202,0,0,0,0
1784569763202,2,500,500,1784569735202,0,0,0,0
1784569763202,3,700,500,1784569735202,0,0,0,0
1784569763202,4,400,673.205,1784569735202,0,0,0,0
1784569763202,5,400,326.795,1784569735202,0,0,0,0
1784569763302,2,500,500,1784569735202,0,0,0,0
1784569763302,3,700,500,1784569735202,0,0,0,0
1784569763302,4,400,673.205,1784569735202,0,0,0,0
1784569763302,5,400,326.795,1784569735202,0,0,0,0
1784569763402,2,500,500,1784569735202,0,0,0,0
1784569763402,3,700,500,1784569735202,0,0,0,0
1784569763402,4,400,673.205,1784569735202,0,0,0,0
1784569763402,5,400,326.795,1784569735202,0,0,0,0
1784569763502,2,500,500,1784569735202,0,0,0,0
1784569763502,3,700,500,1784569735202,0,0,0,0
1784569763502,4,400,673.205,1784569735202,0,0,0,0
1784569763502,5,400,326.795,1784569735202,0,0,0,0
1784569763602,2,500,500,1784569735202,0,0,0,0
1784569763602,3,700,500,1784569735202,0,0,0,0
1784569763602,4,400,673.205,1784569735202,0,0,0,0
1784569763602,5,400,326.795,1784569735202,0,0,0,0
1784569763702,2,500,500,1784569735202,0,0,0,0
1784569763702,3,700,500,1784569735202,0,0,0,0
1784569763702,4,400,673.205,1784569735202,0,0,0,0
1784569763702,5,400,326.795,1784569735202,0,0,0,0
1784569763802,2,500,500,1784569735202,0,0,0,0
1784569763802,3,700,500,1784569735202,0,0,0,0
1784569763802,4,400,673.205,1784569735202,0,0,0,0
1784569763802,5,400,326.795,1784569735202,0,0,0,0
1784569763902,2,500,500,1784569735202,0,0,0,0
1784569763902,3,700,500,1784569735202,0,0,0,0
1784569763902,4,400,673.205,1784569735202,0,0,0,0
1784569763902,5,400,326.795,1784569735202,0,0,0,0
1784569764002,2,500,500,1784569735202,0,0,0,0
1784569764002,3,700,500,1784569735202,0,0,0,0
1784569764002,4,400,673.205,1784569735202,0,0,0,0
1784569764002,5,400,326.795,1784569735202,0,0,0,0
1784569764102,2,500,500,1784569735202,0,0,0,0
1784569764102,3,700,500,1784569735202,0,0,0,0
1784569764102,4,400,673.205,1784569735202,0,0,0,0
1784569764102,5,400,326.795,1784569735202,0,0,0,0
1784569764202,2,500,500,1784569735202,0,0,0,0
1784569764202,3,700,500,1784569735202,0,0,0,0
1784569764202,4,400,673.205,1784569735202,0,0,0,0
1784569764202,5,400,326.795,1784569735202,0,0,0,0
1784569764302,2,500,500,1784569735202,0,0,0,0
1784569764302,3,700,500,1784569735202,0,0,0,0
1784569764302,4,400,673.205,1784569735202,0,0,0,0
1784569764302,5,400,326.795,1784569735202,0,0,0,0
1784569764402,2,500,500,1784569735202,0,0,0,0
1784569764402,3,700,500,1784569735202,0,0,0,0
1784569764402,4,400,673.205,1784569735202,0,0,0,0
1784569764402,5,400,326.795,1784569735202,0,0,0,0
1784569764502,2,500,500,1784569735202,0,0,0,0
1784569764502,3,700,500,1784569735202,0,0,0,0
1784569764502,4,400,673.205,1784569735202,0,0,0,0
1784569764502,5,400,326.795,1784569735202,0,0,0,0
1784569764602,2,500,500,1784569735202,0,0,0,0
1784569764602,3,700,500,1784569735202,0,0,0,0
1784569764602,4,400,673.205,1784569735202,0,0,0,0
1784569764602,5,400,326.795,1784569735202,0,0,0,0
1784569764702,2,500,500,1784569735202,0,0,0,0
1784569764702,3,700,500,1784569735202,0,0,0,0
1784569764702,4,400,673.205,1784569735202,0,0,0,0
1784569764702,5,400,326.795,1784569735202,0,0,0,0
1784569764802,2,500,500,1784569735202,0,0,0,0
1784569764802,3,700,500,1784569735202,0,0,0,0
1784569764802,4,400,673.205,1784569735202,0,0,0,0
1784569764802,5,400,326.795,1784569735202,0,0,0,0
1784569764902,2,500,500,1784569735202,0,0,0,0
1784569764902,3,700,500,1784569735202,0,0,0,0
1784569764902,4,400,673.205,1784569735202,0,0,0,0
1784569764902,5,400,326.795,1784569735202,0,0,0,0
1784569765002,2,500,500,1784569735202,0,0,0,0
1784569765002,3,700,500,1784569735202,0,0,0,0
1784569765002,4,400,673.205,1784569735202,0,0,0,0
1784569765002,5,400,326.795,1784569735202,0,0,0,0
1784569765102,2,500,500,1784569735202,0,0,0,0
1784569765102,3,700,500,1784569735202,0,0,0,0
1784569765102,4,400,673.205,1784569735202,0,0,0,0
1784569765102,5,400,326.795,1784569735202,0,0,0,0
1784569765202,2,500,500,1784569735202,0,0,0,0
1784569765202,3,700,500,1784569735202,0,0,0,0
1784569765202,4,400,673.205,1784569735202,0,0,0,0
1784569765202,5,400,326.795,1784569735202,0,0,0,0
1784569765302,2,500,500,1784569735202,0,0,0,0
1784569765302,3,700,500,1784569735202,0,0,0,0
1784569765302,4,400,673.205,1784569735202,0,0,0,0
1784569765302,5,400,326.795,1784569735202,0,0,0,0
1784569765402,2,500,500,1784569735202,0,0,0,0
1784569765402,3,700,500,1784569735202,0,0,0,0
1784569765402,4,400,673.205,1784569735202,0,0,0,0
1784569765402,5,400,326.795,1784569735202,0,0,0,0
1784569765502,2,500,500,1784569735202,0,0,0,0
1784569765502,3,700,500,1784569735202,0,0,0,0
1784569765502,4,400,673.205,1784569735202,0,0,0,0
1784569765502,5,400,326.795,1784569735202,0,0,0,0
1784569765602,2,500,500,1784569735202,0,0,0,0
1784569765602,3,700,500,1784569735202,0,0,0,0
1784569765602,4,400,673.205,1784569735202,0,0,0,0
1784569765602,5,400,326.795,1784569735202,0,0,0,0
1784569765702,2,500,500,1784569735202,0,0,0,0
1784569765702,3,700,500,1784569735202,0,0,0,0
1784569765702,4,400,673.205,1784569735202,0,0,0,0
1784569765702,5,400,326.795,1784569735202,0,0,0,0
1784569765802,2,500,500,1784569735202,0,0,0,0
1784569765802,3,700,500,1784569735202,0,0,0,0
1784569765802,4,400,673.205,1784569735202,0,0,0,0
1784569765802,5,400,326.795,1784569735202,0,0,0,0
1784569765902,2,500,500,1784569735202,0,0,0,0
1784569765902,3,700,500,1784569735202,0,0,0,0
1784569765902,4,400,673.205,1784569735202,0,0,0,0
1784569765902,5,400,326.795,1784569735202,0,0,0,0
1784569766002,2,500,500,1784569735202,0,0,0,0
1784569766002,3,700,500,1784569735202,0,0,0,0
1784569766002,4,400,673.205,1784569735202,0,0,0,0
1784569766002,5,400,326.795,1784569735202,0,0,0,0
1784569766102,2,500,500,1784569735202,0,0,0,0
1784569766102,3,700,500,1784569735202,0,0,0,0
1784569766102,4,400,673.205,1784569735202,0,0,0,0
1784569766102,5,400,326.795,1784569735202,0,0,0,0
1784569766202,2,500,500,1784569735202,0,0,0,0
1784569766202,3,700,500,1784569735202,0,0,0,0
1784569766202,4,400,673.205,1784569735202,0,0,0,0
1784569766202,5,400,326.795,1784569735202,0,0,0,0
1784569766302,2,500,500,1784569735202,0,0,0,0
1784569766302,3,700,500,1784569735202,0,0,0,0
1784569766302,4,400,673.205,1784569735202,0,0,0,0
1784569766302,5,400,326.795,1784569735202,0,0,0,0
1784569766402,2,500,500,1784569735202,0,0,0,0
1784569766402,3,700,500,1784569735202,0,0,0,0
1784569766402,4,400,673.205,1784569735202,0,0,0,0
1784569766402,5,400,326.795,1784569735202,0,0,0,0
1784569766502,2,500,500,1784569735202,0,0,0,0
1784569766502,3,700,500,1784569735202,0,0,0,0
1784569766502,4,400,673.205,1784569735202,0,0,0,0
1784569766502,5,400,326.795,1784569735202,0,0,0,0
1784569766602,2,500,500,1784569735202,0,0,0,0
1784569766602,3,700,500,1784569735202,0,0,0,0
1784569766602,4,400,673.205,1784569735202,0,0,0,0
1784569766602,5,400,326.795,1784569735202,0,0,0,0
1784569766702,2,500,500,1784569735202,0,0,0,0
1784569766702,3,700,500,1784569735202,0,0,0,0
1784569766702,4,400,673.205,1784569735202,0,0,0,0
1784569766702,5,400,326.795,1784569735202,0,0,0,0
1784569766802,2,500,500,1784569735202,0,0,0,0
1784569766802,3,700,500,1784569735202,0,0,0,0
1784569766802,4,400,673.205,1784569735202,0,0,0,0
1784569766802,5,400,326.795,1784569735202,0,0,0,0
1784569766902,2,500,500,1784569735202,0,0,0,0
1784569766902,3,700,500,1784569735202,0,0,0,0
1784569766902,4,400,673.205,1784569735202,0,0,0,0
1784569766902,5,400,326.795,1784569735202,0,0,0,0
1784569767002,2,500,500,1784569735202,0,0,0,0
1784569767002,3,700,500,1784569735202,0,0,0,0
1784569767002,4,400,673.205,1784569735202,0,0,0,0
1784569767002,5,400,326.795,1784569735202,0,0,0,0
1784569767102,2,500,500,1784569735202,0,0,0,0
1784569767102,3,700,500,1784569735202,0,0,0,0
1784569767102,4,400,673.205,1784569735202,0,0,0,0
1784569767102,5,400,326.795,1784569735202,0,0,0,0
1784569767202,2,500,500,1784569735202,0,0,0,0
1784569767202,3,700,500,1784569735202,0,0,0,0
1784569767202,4,400,673.205,1784569735202,0,0,0,0
1784569767202,5,400,326.795,1784569735202,0,0,0,0
1784569767302,2,500,500,1784569735202,0,0,0,0
1784569767302,3,700,500,1784569735202,0,0,0,0
1784569767302,4,400,673.205,1784569735202,0,0,0,0
1784569767302,5,400,326.795,1784569735202,0,0,0,0
1784569767402,2,500,500,1784569735202,0,0,0,0
1784569767402,3,700,500,1784569735202,0,0,0,0
1784569767402,4,400,673.205,1784569735202,0,0,0,0
1784569767402,5,400,326.795,1784569735202,0,0,0,0
1784569767502,2,500,500,1784569735202,0,0,0,0
1784569767502,3,700,500,1784569735202,0,0,0,0
1784569767502,4,400,673.205,1784569735202,0,0,0,0
1784569767502,5,400,326.795,1784569735202,0,0,0,0
1784569767602,2,500,500,1784569735202,0,0,0,0
1784569767602,3,700,500,1784569735202,0,0,0,0
1784569767602,4,400,673.205,1784569735202,0,0,0,0
1784569767602,5,400,326.795,1784569735202,0,0,0,0
1784569767702,2,500,500,1784569735202,0,0,0,0
1784569767702,3,700,500,1784569735202,0,0,0,0
1784569767702,4,400,673.205,1784569735202,0,0,0,0
1784569767702,5,400,326.795,1784569735202,0,0,0,0
1784569767802,2,500,500,1784569735202,0,0,0,0
1784569767802,3,700,500,1784569735202,0,0,0,0
1784569767802,4,400,673.205,1784569735202,0,0,0,0
1784569767802,5,400,326.795,1784569735202,0,0,0,0
1784569767902,2,500,500,1784569735202,0,0,0,0
1784569767902,3,700,500,1784569735202,0,0,0,0
1784569767902,4,400,673.205,1784569735202,0,0,0,0
1784569767902,5,400,326.795,1784569735202,0,0,0,0
1784569768002,2,500,500,1784569735202,0,0,0,0
1784569768002,3,700,500,1784569735202,0,0,0,0
1784569768002,4,400,673.205,1784569735202,0,0,0,0
1784569768002,5,400,326.795,1784569735202,0,0,0,0
1784569768102,2,500,500,1784569735202,0,0,0,0
1784569768102,3,700,500,1784569735202,0,0,0,0
1784569768102,4,400,673.205,1784569735202,0,0,0,0
1784569768102,5,400,326.795,1784569735202,0,0,0,0
1784569768202,2,500,500,1784569735202,0,0,0,0
1784569768202,3,700,500,1784569735202,0,0,0,0
1784569768202,4,400,673.205,1784569735202,0,0,0,0
1784569768202,5,400,326.795,1784569735202,0,0,0,0
1784569768302,2,500,500,1784569735202,0,0,0,0
1784569768302,3,700,500,1784569735202,0,0,0,0
1784569768302,4,400,673.205,1784569735202,0,0,0,0
1784569768302,5,400,326.795,1784569735202,0,0,0,0
1784569768402,2,500,500,1784569735202,0,0,0,0
1784569768402,3,700,500,1784569735202,0,0,0,0
1784569768402,4,400,673.205,1784569735202,0,0,0,0
1784569768402,5,400,326.795,1784569735202,0,0,0,0
1784569768502,2,500,500,1784569735202,0,0,0,0
1784569768502,3,700,500,1784569735202,0,0,0,0
1784569768502,4,400,673.205,1784569735202,0,0,0,0
1784569768502,5,400,326.795,1784569735202,0,0,0,0
1784569768602,2,500,500,1784569735202,0,0,0,0
1784569768602,3,700,500,1784569735202,0,0,0,0
1784569768602,4,400,673.205,1784569735202,0,0,0,0
1784569768602,5,400,326.795,1784569735202,0,0,0,0
1784569768702,2,500,500,1784569735202,0,0,0,0
1784569768702,3,700,500,1784569735202,0,0,0,0
1784569768702,4,400,673.205,1784569735202,0,0,0,0
1784569768702,5,400,326.795,1784569735202,0,0,0,0
1784569768802,2,500,500,1784569735202,0,0,0,0
1784569768802,3,700,500,1784569735202,0,0,0,0
1784569768802,4,400,673.205,1784569735202,0,0,0,0
1784569768802,5,400,326.795,1784569735202,0,0,0,0
1784569768902,2,500,500,1784569735202,0,0,0,0
1784569768902,3,700,500,1784569735202,0,0,0,0
1784569768902,4,400,673.205,1784569735202,0,0,0,0
1784569768902,5,400,326.795,1784569735202,0,0,0,0
1784569769002,2,500,500,1784569735202,0,0,0,0
1784569769002,3,700,500,1784569735202,0,0,0,0
1784569769002,4,400,673.205,1784569735202,0,0,0,0
1784569769002,5,400,326.795,1784569735202,0,0,0,0
1784569769102,2,500,500,1784569735202,0,0,0,0
1784569769102,3,700,500,1784569735202,0,0,0,0
1784569769102,4,400,673.205,1784569735202,0,0,0,0
1784569769102,5,400,326.795,1784569735202,0,0,0,0
1784569769202,2,500,500,1784569735202,0,0,0,0
1784569769202,3,700,500,1784569735202,0,0,0,0
1784569769202,4,400,673.205,1784569735202,0,0,0,0
1784569769202,5,400,326.795,1784569735202,0,0,0,0
1784569769302,2,500,500,1784569735202,0,0,0,0
1784569769302,3,700,500,1784569735202,0,0,0,0
1784569769302,4,400,673.205,1784569735202,0,0,0,0
1784569769302,5,400,326.795,1784569735202,0,0,0,0
1784569769402,2,500,500,1784569735202,0,0,0,0
1784569769402,3,700,500,1784569735202,0,0,0,0
1784569769402,4,400,673.205,1784569735202,0,0,0,0
1784569769402,5,400,326.795,1784569735202,0,0,0,0
1784569769502,2,500,500,1784569735202,0,0,0,0
1784569769502,3,700,500,1784569735202,0,0,0,0
1784569769502,4,400,673.205,1784569735202,0,0,0,0
1784569769502,5,400,326.795,1784569735202,0,0,0,0
1784569769602,2,500,500,1784569735202,0,0,0,0
1784569769602,3,700,500,1784569735202,0,0,0,0
1784569769602,4,400,673.205,1784569735202,0,0,0,0
1784569769602,5,400,326.795,1784569735202,0,0,0,0
1784569769702,2,500,500,1784569735202,0,0,0,0
1784569769702,3,700,500,1784569735202,0,0,0,0
1784569769702,4,400,673.205,1784569735202,0,0,0,0
1784569769702,5,400,326.795,1784569735202,0,0,0,0
1784569769802,2,500,500,1784569735202,0,0,0,0
1784569769802,3,700,500,1784569735202,0,0,0,0
1784569769802,4,400,673.205,1784569735202,0,0,0,0
1784569769802,5,400,326.795,1784569735202,0,0,0,0
1784569769902,2,500,500,1784569735202,0,0,0,0
1784569769902,3,700,500,1784569735202,0,0,0,0
1784569769902,4,400,673.205,1784569735202,0,0,0,0
1784569769902,5,400,326.795,1784569735202,0,0,0,0
1784569770002,2,500,500,1784569735202,0,0,0,0
1784569770002,3,700,500,1784569735202,0,0,0,0
1784569770002,4,400,673.205,1784569735202,0,0,0,0
1784569770002,5,400,326.795,1784569735202,0,0,0,0
1784569770102,2,500,500,1784569735202,0,0,0,0
1784569770102,3,700,500,1784569735202,0,0,0,0
1784569770102,4,400,673.205,1784569735202,0,0,0,0
1784569770102,5,400,326.795,1784569735202,0,0,0,0
1784569770202,2,500,500,1784569735202,0,0,0,0
1784569770202,3,700,500,1784569735202,0,0,0,0
1784569770202,4,400,673.205,1784569735202,0,0,0,0
1784569770202,5,400,326.795,1784569735202,0,0,0,0
1784569770302,2,500,500,1784569735202,0,0,0,0
1784569770302,3,700,500,1784569735202,0,0,0,0
1784569770302,4,400,673.205,1784569735202,0,0,0,0
1784569770302,5,400,326.795,1784569735202,0,0,0,0
1784569770402,2,500,500,1784569735202,0,0,0,0
1784569770402,3,700,500,1784569735202,0,0,0,0
1784569770402,4,400,673.205,1784569735202,0,0,0,0
1784569770402,5,400,326.795,1784569735202,0,0,0,0
1784569770502,2,500,500,1784569735202,0,0,0,0
1784569770502,3,700,500,1784569735202,0,0,0,0
1784569770502,4,400,673.205,1784569735202,0,0,0,0
1784569770502,5,400,326.795,1784569735202,0,0,0,0
1784569770602,2,500,500,1784569735202,0,0,0,0
1784569770602,3,700,500,1784569735202,0,0,0,0
1784569770602,4,400,673.205,1784569735202,0,0,0,0
1784569770602,5,400,326.795,1784569735202,0,0,0,0
1784569770702,2,500,500,1784569735202,0,0,0,0
1784569770702,3,700,500,1784569735202,0,0,0,0
1784569770702,4,400,673.205,1784569735202,0,0,0,0
1784569770702,5,400,326.795,1784569735202,0,0,0,0
1784569770802,2,500,500,1784569735202,0,0,0,0
1784569770802,3,700,500,1784569735202,0,0,0,0
1784569770802,4,400,673.205,1784569735202,0,0,0,0
1784569770802,5,400,326.795,1784569735202,0,0,0,0
1784569770902,2,500,500,1784569735202,0,0,0,0
1784569770902,3,700,500,1784569735202,0,0,0,0
1784569770902,4,400,673.205,1784569735202,0,0,0,0
1784569770902,5,400,326.795,1784569735202,0,0,0,0
1784569771002,2,500,500,1784569735202,0,0,0,0
1784569771002,3,700,500,1784569735202,0,0,0,0
1784569771002,4,400,673.205,1784569735202,0,0,0,0
1784569771002,5,400,326.795,1784569735202,0,0,0,0
1784569771102,2,500,500,1784569735202,0,0,0,0
1784569771102,3,700,500,1784569735202,0,0,0,0
1784569771102,4,400,673.205,1784569735202,0,0,0,0
1784569771102,5,400,326.795,1784569735202,0,0,0,0
1784569771202,2,500,500,1784569735202,0,0,0,0
1784569771202,3,700,500,1784569735202,0,0,0,0
1784569771202,4,400,673.205,1784569735202,0,0,0,0
1784569771202,5,400,326.795,1784569735202,0,0,0,0
1784569771302,2,500,500,1784569735202,0,0,0,0
1784569771302,3,700,500,1784569735202,0,0,0,0
1784569771302,4,400,673.205,1784569735202,0,0,0,0
1784569771302,5,400,326.795,1784569735202,0,0,0,0
1784569771402,2,500,500,1784569735202,0,0,0,0
1784569771402,3,700,500,1784569735202,0,0,0,0
1784569771402,4,400,673.205,1784569735202,0,0,0,0
1784569771402,5,400,326.795,1784569735202,0,0,0,0
1784569771502,2,500,500,1784569735202,0,0,0,0
1784569771502,3,700,500,1784569735202,0,0,0,0
1784569771502,4,400,673.205,1784569735202,0,0,0,0
1784569771502,5,400,326.795,1784569735202,0,0,0,0
1784569771602,2,500,500,1784569735202,0,0,0,0
1784569771602,3,700,500,1784569735202,0,0,0,0
1784569771602,4,400,673.205,1784569735202,0,0,0,0
1784569771602,5,400,326.795,1784569735202,0,0,0,0
1784569771702,2,500,500,1784569735202,0,0,0,0
1784569771702,3,700,500,1784569735202,0,0,0,0
1784569771702,4,400,673.205,1784569735202,0,0,0,0
1784569771702,5,400,326.795,1784569735202,0,0,0,0
1784569771802,2,500,500,1784569735202,0,0,0,0
1784569771802,3,700,500,1784569735202,0,0,0,0
1784569771802,4,400,673.205,1784569735202,0,0,0,0
1784569771802,5,400,326.795,1784569735202,0,0,0,0
1784569771902,2,500,500,1784569735202,0,0,0,0
1784569771902,3,700,500,1784569735202,0,0,0,0
1784569771902,4,400,673.205,1784569735202,0,0,0,0
1784569771902,5,400,326.795,1784569735202,0,0,0,0
1784569772002,2,500,500,1784569735202,0,0,0,0
1784569772002,3,700,500,1784569735202,0,0,0,0
1784569772002,4,400,673.205,1784569735202,0,0,0,0
1784569772002,5,400,326.795,1784569735202,0,0,0,0
1784569772102,2,500,500,1784569735202,0,0,0,0
1784569772102,3,700,500,1784569735202,0,0,0,0
1784569772102,4,400,673.205,1784569735202,0,0,0,0
1784569772102,5,400,326.795,1784569735202,0,0,0,0
1784569772202,2,500,500,1784569735202,0,0,0,0
1784569772202,3,700,500,1784569735202,0,0,0,0
1784569772202,4,400,673.205,1784569735202,0,0,0,0
1784569772202,5,400,326.795,1784569735202,0,0,0,0
1784569772302,2,500,500,1784569735202,0,0,0,0
1784569772302,3,700,500,1784569735202,0,0,0,0
1784569772302,4,400,673.205,1784569735202,0,0,0,0
1784569772302,5,400,326.795,1784569735202,0,0,0,0
1784569772402,2,500,500,1784569735202,0,0,0,0
1784569772402,3,700,500,1784569735202,0,0,0,0
1784569772402,4,400,673.205,1784569735202,0,0,0,0
1784569772402,5,400,326.795,1784569735202,0,0,0,0
1784569772502,2,500,500,1784569735202,0,0,0,0
1784569772502,3,700,500,1784569735202,0,0,0,0
1784569772502,4,400,673.205,1784569735202,0,0,0,0
1784569772502,5,400,326.795,1784569735202,0,0,0,0
1784569772602,2,500,500,1784569735202,0,0,0,0
1784569772602,3,700,500,1784569735202,0,0,0,0
1784569772602,4,400,673.205,1784569735202,0,0,0,0
1784569772602,5,400,326.795,1784569735202,0,0,0,0
1784569772702,2,500,500,1784569735202,0,0,0,0
1784569772702,3,700,500,1784569735202,0,0,0,0
1784569772702,4,400,673.205,1784569735202,0,0,0,0
1784569772702,5,400,326.795,1784569735202,0,0,0,0
1784569772802,2,500,500,1784569735202,0,0,0,0
1784569772802,3,700,500,1784569735202,0,0,0,0
1784569772802,4,400,673.205,1784569735202,0,0,0,0
1784569772802,5,400,326.795,1784569735202,0,0,0,0
1784569772902,2,500,500,1784569735202,0,0,0,0
1784569772902,3,700,500,1784569735202,0,0,0,0
1784569772902,4,400,673.205,1784569735202,0,0,0,0
1784569772902,5,400,326.795,1784569735202,0,0,0,0
1784569773002,2,500,500,1784569735202,0,0,0,0
1784569773002,3,700,500,1784569735202,0,0,0,0
1784569773002,4,400,673.205,1784569735202,0,0,0,0
1784569773002,5,400,326.795,1784569735202,0,0,0,0
1784569773102,2,500,500,1784569735202,0,0,0,0
1784569773102,3,700,500,1784569735202,0,0,0,0
1784569773102,4,400,673.205,1784569735202,0,0,0,0
1784569773102,5,400,326.795,1784569735202,0,0,0,0
1784569773202,2,500,500,1784569735202,0,0,0,0
1784569773202,3,700,500,1784569735202,0,0,0,0
1784569773202,4,400,673.205,1784569735202,0,0,0,0
1784569773202,5,400,326.795,1784569735202,0,0,0,0
1784569773302,2,500,500,1784569735202,0,0,0,0
1784569773302,3,700,500,1784569735202,0,0,0,0
1784569773302,4,400,673.205,1784569735202,0,0,0,0
1784569773302,5,400,326.795,1784569735202,0,0,0,0
1784569773402,2,500,500,1784569735202,0,0,0,0
1784569773402,3,700,500,1784569735202,0,0,0,0
1784569773402,4,400,673.205,1784569735202,0,0,0,0
1784569773402,5,400,326.795,1784569735202,0,0,0,0
1784569773502,2,500,500,1784569735202,0,0,0,0
1784569773502,3,700,500,1784569735202,0,0,0,0
1784569773502,4,400,673.205,1784569735202,0,0,0,0
1784569773502,5,400,326.795,1784569735202,0,0,0,0
1784569773602,2,500,500,1784569735202,0,0,0,0
1784569773602,3,700,500,1784569735202,0,0,0,0
1784569773602,4,400,673.205,1784569735202,0,0,0,0
1784569773602,5,400,326.795,1784569735202,0,0,0,0
1784569773702,2,500,500,1784569735202,0,0,0,0
1784569773702,3,700,500,1784569735202,0,0,0,0
1784569773702,4,400,673.205,1784569735202,0,0,0,0
1784569773702,5,400,326.795,1784569735202,0,0,0,0
1784569773802,2,500,500,1784569735202,0,0,0,0
1784569773802,3,700,500,1784569735202,0,0,0,0
1784569773802,4,400,673.205,1784569735202,0,0,0,0
1784569773802,5,400,326.795,1784569735202,0,0,0,0
1784569773902,2,500,500,1784569735202,0,0,0,0
1784569773902,3,700,500,1784569735202,0,0,0,0
1784569773902,4,400,673.205,1784569735202,0,0,0,0
1784569773902,5,400,326.795,1784569735202,0,0,0,0
1784569774002,2,500,500,1784569735202,0,0,0,0
1784569774002,3,700,500,1784569735202,0,0,0,0
1784569774002,4,400,673.205,1784569735202,0,0,0,0
1784569774002,5,400,326.795,1784569735202,0,0,0,0
1784569774102,2,500,500,1784569735202,0,0,0,0
1784569774102,3,700,500,1784569735202,0,0,0,0
1784569774102,4,400,673.205,1784569735202,0,0,0,0
1784569774102,5,400,326.795,1784569735202,0,0,0,0
1784569774202,2,500,500,1784569735202,0,0,0,0
1784569774202,3,700,500,1784569735202,0,0,0,0
1784569774202,4,400,673.205,1784569735202,0,0,0,0
1784569774202,5,400,326.795,1784569735202,0,0,0,0
1784569774302,2,500,500,1784569735202,0,0,0,0
1784569774302,3,700,500,1784569735202,0,0,0,0
1784569774302,4,400,673.205,1784569735202,0,0,0,0
1784569774302,5,400,326.795,1784569735202,0,0,0,0
1784569774402,2,500,500,1784569735202,0,0,0,0
1784569774402,3,700,500,1784569735202,0,0,0,0
1784569774402,4,400,673.205,1784569735202,0,0,0,0
1784569774402,5,400,326.795,1784569735202,0,0,0,0
1784569774502,2,500,500,1784569735202,0,0,0,0
1784569774502,3,700,500,1784569735202,0,0,0,0
1784569774502,4,400,673.205,1784569735202,0,0,0,0
1784569774502,5,400,326.795,1784569735202,0,0,0,0
1784569774602,2,500,500,1784569735202,0,0,0,0
1784569774602,3,700,500,1784569735202,0,0,0,0
1784569774602,4,400,673.205,1784569735202,0,0,0,0
1784569774602,5,400,326.795,1784569735202,0,0,0,0
1784569774702,2,500,500,1784569735202,0,0,0,0
1784569774702,3,700,500,1784569735202,0,0,0,0
1784569774702,4,400,673.205,1784569735202,0,0,0,0
1784569774702,5,400,326.795,1784569735202,0,0,0,0
1784569774802,2,500,500,1784569735202,0,0,0,0
1784569774802,3,700,500,1784569735202,0,0,0,0
1784569774802,4,400,673.205,1784569735202,0,0,0,0
1784569774802,5,400,326.795,1784569735202,0,0,0,0
1784569774902,2,500,500,1784569735202,0,0,0,0
1784569774902,3,700,500,1784569735202,0,0,0,0
1784569774902,4,400,673.205,1784569735202,0,0,0,0
1784569774902,5,400,326.795,1784569735202,0,0,0,0
1784569775002,2,500,500,1784569735202,0,0,0,0
1784569775002,3,700,500,1784569735202,0,0,0,0
1784569775002,4,400,673.205,1784569735202,0,0,0,0
1784569775002,5,400,326.795,1784569735202,0,0,0,0
1784569775102,2,500,500,1784569735202,0,0,0,0
1784569775102,3,700,500,1784569735202,0,0,0,0
1784569775102,4,400,673.205,1784569735202,0,0,0,0
1784569775102,5,400,326.795,1784569735202,0,0,0,0
1784569775202,2,500,500,1784569735202,0,0,0,0
1784569775202,3,700,500,1784569735202,0,0,0,0
1784569775202,4,400,673.205,1784569735202,0,0,0,0
1784569775202,5,400,326.795,1784569735202,0,0,0,0
1784569775302,2,500,500,1784569735202,0,0,0,0
1784569775302,3,700,500,1784569735202,0,0,0,0
1784569775302,4,400,673.205,1784569735202,0,0,0,0
1784569775302,5,400,326.795,1784569735202,0,0,0,0
1784569775402,2,500,500,1784569735202,0,0,0,0
1784569775402,3,700,500,1784569735202,0,0,0,0
1784569775402,4,400,673.205,1784569735202,0,0,0,0
1784569775402,5,400,326.795,1784569735202,0,0,0,0
1784569775502,2,500,500,1784569735202,0,0,0,0
1784569775502,3,700,500,1784569735202,0,0,0,0
1784569775502,4,400,673.205,1784569735202,0,0,0,0
1784569775502,5,400,326.795,1784569735202,0,0,0,0
1784569775602,2,500,500,1784569735202,0,0,0,0
1784569775602,3,700,500,1784569735202,0,0,0,0
1784569775602,4,400,673.205,1784569735202,0,0,0,0
1784569775602,5,400,326.795,1784569735202,0,0,0,0
1784569775702,2,500,500,1784569735202,0,0,0,0
1784569775702,3,700,500,1784569735202,0,0,0,0
1784569775702,4,400,673.205,1784569735202,0,0,0,0
1784569775702,5,400,326.795,1784569735202,0,0,0,0
1784569775802,2,500,500,1784569735202,0,0,0,0
1784569775802,3,700,500,1784569735202,0,0,0,0
1784569775802,4,400,673.205,1784569735202,0,0,0,0
1784569775802,5,400,326.795,1784569735202,0,0,0,0
1784569775902,2,500,500,1784569735202,0,0,0,0
1784569775902,3,700,500,1784569735202,0,0,0,0
1784569775902,4,400,673.205,1784569735202,0,0,0,0
1784569775902,5,400,326.795,1784569735202,0,0,0,0
1784569776002,2,500,500,1784569735202,0,0,0,0
1784569776002,3,700,500,1784569735202,0,0,0,0
1784569776002,4,400,673.205,1784569735202,0,0,0,0
1784569776002,5,400,326.795,1784569735202,0,0,0,0
1784569776102,2,500,500,1784569735202,0,0,0,0
1784569776102,3,700,500,1784569735202,0,0,0,0
1784569776102,4,400,673.205,1784569735202,0,0,0,0
1784569776102,5,400,326.795,1784569735202,0,0,0,0
1784569776202,2,500,500,1784569735202,0,0,0,0
1784569776202,3,700,500,1784569735202,0,0,0,0
1784569776202,4,400,673.205,1784569735202,0,0,0,0
1784569776202,5,400,326.795,1784569735202,0,0,0,0
1784569776302,2,500,500,1784569735202,0,0,0,0
1784569776302,3,700,500,1784569735202,0,0,0,0
1784569776302,4,400,673.205,1784569735202,0,0,0,0
1784569776302,5,400,326.795,1784569735202,0,0,0,0
1784569776402,2,500,500,1784569735202,0,0,0,0
1784569776402,3,700,500,1784569735202,0,0,0,0
1784569776402,4,400,673.205,1784569735202,0,0,0,0
1784569776402,5,400,326.795,1784569735202,0,0,0,0
1784569776502,2,500,500,1784569735202,0,0,0,0
1784569776502,3,700,500,1784569735202,0,0,0,0
1784569776502,4,400,673.205,1784569735202,0,0,0,0
1784569776502,5,400,326.795,1784569735202,0,0,0,0
1784569776602,2,500,500,1784569735202,0,0,0,0
1784569776602,3,700,500,1784569735202,0,0,0,0
1784569776602,4,400,673.205,1784569735202,0,0,0,0
1784569776602,5,400,326.795,1784569735202,0,0,0,0
1784569776702,2,500,500,1784569735202,0,0,0,0
1784569776702,3,700,500,1784569735202,0,0,0,0
1784569776702,4,400,673.205,1784569735202,0,0,0,0
1784569776702,5,400,326.795,1784569735202,0,0,0,0
1784569776802,2,500,500,1784569735202,0,0,0,0
1784569776802,3,700,500,1784569735202,0,0,0,0
1784569776802,4,400,673.205,1784569735202,0,0,0,0
1784569776802,5,400,326.795,1784569735202,0,0,0,0
1784569776902,2,500,500,1784569735202,0,0,0,0
1784569776902,3,700,500,1784569735202,0,0,0,0
1784569776902,4,400,673.205,1784569735202,0,0,0,0
1784569776902,5,400,326.795,1784569735202,0,0,0,0
1784569777002,2,500,500,1784569735202,0,0,0,0
1784569777002,3,700,500,1784569735202,0,0,0,0
1784569777002,4,400,673.205,1784569735202,0,0,0,0
1784569777002,5,400,326.795,1784569735202,0,0,0,0
1784569777102,2,500,500,1784569735202,0,0,0,0
1784569777102,3,700,500,1784569735202,0,0,0,0
1784569777102,4,400,673.205,1784569735202,0,0,0,0
1784569777102,5,400,326.795,1784569735202,0,0,0,0
1784569777202,2,500,500,1784569735202,0,0,0,0
1784569777202,3,700,500,1784569735202,0,0,0,0
1784569777202,4,400,673.205,1784569735202,0,0,0,0
1784569777202,5,400,326.795,1784569735202,0,0,0,0
1784569777302,2,500,500,1784569735202,0,0,0,0
1784569777302,3,700,500,1784569735202,0,0,0,0
1784569777302,4,400,673.205,1784569735202,0,0,0,0
1784569777302,5,400,326.795,1784569735202,0,0,0,0
1784569777402,2,500,500,1784569735202,0,0,0,0
1784569777402,3,700,500,1784569735202,0,0,0,0
1784569777402,4,400,673.205,1784569735202,0,0,0,0
1784569777402,5,400,326.795,1784569735202,0,0,0,0
1784569777502,2,500,500,1784569735202,0,0,0,0
1784569777502,3,700,500,1784569735202,0,0,0,0
1784569777502,4,400,673.205,1784569735202,0,0,0,0
1784569777502,5,400,326.795,1784569735202,0,0,0,0
1784569777602,2,500,500,1784569735202,0,0,0,0
1784569777602,3,700,500,1784569735202,0,0,0,0
1784569777602,4,400,673.205,1784569735202,0,0,0,0
1784569777602,5,400,326.795,1784569735202,0,0,0,0
1784569777702,2,500,500,1784569735202,0,0,0,0
1784569777702,3,700,500,1784569735202,0,0,0,0
1784569777702,4,400,673.205,1784569735202,0,0,0,0
1784569777702,5,400,326.795,1784569735202,0,0,0,0
1784569777802,2,500,500,1784569735202,0,0,0,0
1784569777802,3,700,500,1784569735202,0,0,0,0
1784569777802,4,400,673.205,1784569735202,0,0,0,0
1784569777802,5,400,326.795,1784569735202,0,0,0,0
1784569777902,2,500,500,1784569735202,0,0,0,0
1784569777902,3,700,500,1784569735202,0,0,0,0
1784569777902,4,400,673.205,1784569735202,0,0,0,0
1784569777902,5,400,326.795,1784569735202,0,0,0,0
1784569778002,2,500,500,1784569735202,0,0,0,0
1784569778002,3,700,500,1784569735202,0,0,0,0
1784569778002,4,400,673.205,1784569735202,0,0,0,0
1784569778002,5,400,326.795,1784569735202,0,0,0,0
1784569778102,2,500,500,1784569735202,0,0,0,0
1784569778102,3,700,500,1784569735202,0,0,0,0
1784569778102,4,400,673.205,1784569735202,0,0,0,0
1784569778102,5,400,326.795,1784569735202,0,0,0,0
1784569778202,2,500,500,1784569735202,0,0,0,0
1784569778202,3,700,500,1784569735202,0,0,0,0
1784569778202,4,400,673.205,1784569735202,0,0,0,0
1784569778202,5,400,326.795,1784569735202,0,0,0,0
1784569778302,2,500,500,1784569735202,0,0,0,0
1784569778302,3,700,500,1784569735202,0,0,0,0
1784569778302,4,400,673.205,1784569735202,0,0,0,0
1784569778302,5,400,326.795,1784569735202,0,0,0,0
1784569778402,2,500,500,1784569735202,0,0,0,0
1784569778402,3,700,500,1784569735202,0,0,0,0
1784569778402,4,400,673.205,1784569735202,0,0,0,0
1784569778402,5,400,326.795,1784569735202,0,0,0,0
1784569778502,2,500,500,1784569735202,0,0,0,0
1784569778502,3,700,500,1784569735202,0,0,0,0
1784569778502,4,400,673.205,1784569735202,0,0,0,0
1784569778502,5,400,326.795,1784569735202,0,0,0,0
1784569778602,2,500,500,1784569735202,0,0,0,0
1784569778602,3,700,500,1784569735202,0,0,0,0
1784569778602,4,400,673.205,1784569735202,0,0,0,0
1784569778602,5,400,326.795,1784569735202,0,0,0,0
1784569778702,2,500,500,1784569735202,0,0,0,0
1784569778702,3,700,500,1784569735202,0,0,0,0
1784569778702,4,400,673.205,1784569735202,0,0,0,0
1784569778702,5,400,326.795,1784569735202,0,0,0,0
1784569778802,2,500,500,1784569735202,0,0,0,0
1784569778802,3,700,500,1784569735202,0,0,0,0
1784569778802,4,400,673.205,1784569735202,0,0,0,0
1784569778802,5,400,326.795,1784569735202,0,0,0,0
1784569778902,2,500,500,1784569735202,0,0,0,0
1784569778902,3,700,500,1784569735202,0,0,0,0
1784569778902,4,400,673.205,1784569735202,0,0,0,0
1784569778902,5,400,326.795,1784569735202,0,0,0,0
1784569779002,2,500,500,1784569735202,0,0,0,0
1784569779002,3,700,500,1784569735202,0,0,0,0
1784569779002,4,400,673.205,1784569735202,0,0,0,0
1784569779002,5,400,326.795,1784569735202,0,0,0,0
1784569779102,2,500,500,1784569735202,0,0,0,0
1784569779102,3,700,500,1784569735202,0,0,0,0
1784569779102,4,400,673.205,1784569735202,0,0,0,0
1784569779102,5,400,326.795,1784569735202,0,0,0,0
1784569779202,2,500,500,1784569735202,0,0,0,0
1784569779202,3,700,500,1784569735202,0,0,0,0
1784569779202,4,400,673.205,1784569735202,0,0,0,0
1784569779202,5,400,326.795,1784569735202,0,0,0,0
1784569779302,2,500,500,1784569735202,0,0,0,0
1784569779302,3,700,500,1784569735202,0,0,0,0
1784569779302,4,400,673.205,1784569735202,0,0,0,0
1784569779302,5,400,326.795,1784569735202,0,0,0,0
1784569779402,2,500,500,1784569735202,0,0,0,0
1784569779402,3,700,500,1784569735202,0,0,0,0
1784569779402,4,400,673.205,1784569735202,0,0,0,0
1784569779402,5,400,326.795,1784569735202,0,0,0,0
1784569779502,2,500,500,1784569735202,0,0,0,0
1784569779502,3,700,500,1784569735202,0,0,0,0
1784569779502,4,400,673.205,1784569735202,0,0,0,0
1784569779502,5,400,326.795,1784569735202,0,0,0,0
1784569779602,2,500,500,1784569735202,0,0,0,0
1784569779602,3,700,500,1784569735202,0,0,0,0
1784569779602,4,400,673.205,1784569735202,0,0,0,0
1784569779602,5,400,326.795,1784569735202,0,0,0,0
1784569779702,2,500,500,1784569735202,0,0,0,0
1784569779702,3,700,500,1784569735202,0,0,0,0
1784569779702,4,400,673.205,1784569735202,0,0,0,0
1784569779702,5,400,326.795,1784569735202,0,0,0,0
1784569779802,2,500,500,1784569735202,0,0,0,0
1784569779802,3,700,500,1784569735202,0,0,0,0
1784569779802,4,400,673.205,1784569735202,0,0,0,0
1784569779802,5,400,326.795,1784569735202,0,0,0,0
1784569779902,2,500,500,1784569735202,0,0,0,0
1784569779902,3,700,500,1784569735202,0,0,0,0
1784569779902,4,400,673.205,1784569735202,0,0,0,0
1784569779902,5,400,326.795,1784569735202,0,0,0,0
1784569780002,2,500,500,1784569735202,0,0,0,0
1784569780002,3,700,500,1784569735202,0,0,0,0
1784569780002,4,400,673.205,1784569735202,0,0,0,0
1784569780002,5,400,326.795,1784569735202,0,0,0,0
1784569780102,2,500,500,1784569735202,0,0,0,0
1784569780102,3,700,500,1784569735202,0,0,0,0
1784569780102,4,400,673.205,1784569735202,0,0,0,0
1784569780102,5,400,326.795,1784569735202,0,0,0,0
1784569780202,2,500,500,1784569735202,0,0,0,0
1784569780202,3,700,500,1784569735202,0,0,0,0
1784569780202,4,400,673.205,1784569735202,0,0,0,0
1784569780202,5,400,326.795,1784569735202,0,0,0,0
1784569780302,2,500,500,1784569735202,0,0,0,0
1784569780302,3,700,500,1784569735202,0,0,0,0
1784569780302,4,400,673.205,1784569735202,0,0,0,0
1784569780302,5,400,326.795,1784569735202,0,0,0,0
1784569780402,2,500,500,1784569735202,0,0,0,0
1784569780402,3,700,500,1784569735202,0,0,0,0
1784569780402,4,400,673.205,1784569735202,0,0,0,0
1784569780402,5,400,326.795,1784569735202,0,0,0,0
1784569780502,2,500,500,1784569735202,0,0,0,0
1784569780502,3,700,500,1784569735202,0,0,0,0
1784569780502,4,400,673.205,1784569735202,0,0,0,0
1784569780502,5,400,326.795,1784569735202,0,0,0,0
1784569780602,2,500,500,1784569735202,0,0,0,0
1784569780602,3,700,500,1784569735202,0,0,0,0
1784569780602,4,400,673.205,1784569735202,0,0,0,0
1784569780602,5,400,326.795,1784569735202,0,0,0,0
1784569780702,2,500,500,1784569735202,0,0,0,0
1784569780702,3,700,500,1784569735202,0,0,0,0
1784569780702,4,400,673.205,1784569735202,0,0,0,0
1784569780702,5,400,326.795,1784569735202,0,0,0,0
1784569780802,2,500,500,1784569735202,0,0,0,0
1784569780802,3,700,500,1784569735202,0,0,0,0
1784569780802,4,400,673.205,1784569735202,0,0,0,0
1784569780802,5,400,326.795,1784569735202,0,0,0,0
1784569780902,2,500,500,1784569735202,0,0,0,0
1784569780902,3,700,500,1784569735202,0,0,0,0
1784569780902,4,400,673.205,1784569735202,0,0,0,0
1784569780902,5,400,326.795,1784569735202,0,0,0,0
1784569781002,2,500,500,1784569735202,0,0,0,0
1784569781002,3,700,500,1784569735202,0,0,0,0
1784569781002,4,400,673.205,1784569735202,0,0,0,0
1784569781002,5,400,326.795,1784569735202,0,0,0,0
1784569781102,2,500,500,1784569735202,0,0,0,0
1784569781102,3,700,500,1784569735202,0,0,0,0
1784569781102,4,400,673.205,1784569735202,0,0,0,0
1784569781102,5,400,326.795,1784569735202,0,0,0,0
1784569781202,2,500,500,1784569735202,0,0,0,0
1784569781202,3,700,500,1784569735202,0,0,0,0
1784569781202,4,400,673.205,1784569735202,0,0,0,0
1784569781202,5,400,326.795,1784569735202,0,0,0,0
1784569781302,2,500,500,1784569735202,0,0,0,0
1784569781302,3,700,500,1784569735202,0,0,0,0
1784569781302,4,400,673.205,1784569735202,0,0,0,0
1784569781302,5,400,326.795,1784569735202,0,0,0,0
1784569781402,2,500,500,1784569735202,0,0,0,0
1784569781402,3,700,500,1784569735202,0,0,0,0
1784569781402,4,400,673.205,1784569735202,0,0,0,0
1784569781402,5,400,326.795,1784569735202,0,0,0,0
1784569781502,2,500,500,1784569735202,0,0,0,0
1784569781502,3,700,500,1784569735202,0,0,0,0
1784569781502,4,400,673.205,1784569735202,0,0,0,0
1784569781502,5,400,326.795,1784569735202,0,0,0,0
1784569781602,2,500,500,1784569735202,0,0,0,0
1784569781602,3,700,500,1784569735202,0,0,0,0
1784569781602,4,400,673.205,1784569735202,0,0,0,0
1784569781602,5,400,326.795,1784569735202,0,0,0,0
1784569781702,2,500,500,1784569735202,0,0,0,0
1784569781702,3,700,500,1784569735202,0,0,0,0
1784569781702,4,400,673.205,1784569735202,0,0,0,0
1784569781702,5,400,326.795,1784569735202,0,0,0,0
1784569781802,2,500,500,1784569735202,0,0,0,0
1784569781802,3,700,500,1784569735202,0,0,0,0
1784569781802,4,400,673.205,1784569735202,0,0,0,0
1784569781802,5,400,326.795,1784569735202,0,0,0,0
1784569781902,2,500,500,1784569735202,0,0,0,0
1784569781902,3,700,500,1784569735202,0,0,0,0
1784569781902,4,400,673.205,1784569735202,0,0,0,0
1784569781902,5,400,326.795,1784569735202,0,0,0,0
1784569782002,2,500,500,1784569735202,0,0,0,0
1784569782002,3,700,500,1784569735202,0,0,0,0
1784569782002,4,400,673.205,1784569735202,0,0,0,0
1784569782002,5,400,326.795,1784569735202,0,0,0,0
1784569782102,2,500,500,1784569735202,0,0,0,0
1784569782102,3,700,500,1784569735202,0,0,0,0
1784569782102,4,400,673.205,1784569735202,0,0,0,0
1784569782102,5,400,326.795,1784569735202,0,0,0,0
1784569782202,2,500,500,1784569735202,0,0,0,0
1784569782202,3,700,500,1784569735202,0,0,0,0
1784569782202,4,400,673.205,1784569735202,0,0,0,0
1784569782202,5,400,326.795,1784569735202,0,0,0,0
1784569782302,2,500,500,1784569735202,0,0,0,0
1784569782302,3,700,500,1784569735202,0,0,0,0
1784569782302,4,400,673.205,1784569735202,0,0,0,0
1784569782302,5,400,326.795,1784569735202,0,0,0,0
1784569782402,2,500,500,1784569735202,0,0,0,0
1784569782402,3,700,500,1784569735202,0,0,0,0
1784569782402,4,400,673.205,1784569735202,0,0,0,0
1784569782402,5,400,326.795,1784569735202,0,0,0,0
1784569782502,2,500,500,1784569735202,0,0,0,0
1784569782502,3,700,500,1784569735202,0,0,0,0
1784569782502,4,400,673.205,1784569735202,0,0,0,0
1784569782502,5,400,326.795,1784569735202,0,0,0,0
1784569782602,2,500,500,1784569735202,0,0,0,0
1784569782602,3,700,500,1784569735202,0,0,0,0
1784569782602,4,400,673.205,1784569735202,0,0,0,0
1784569782602,5,400,326.795,1784569735202,0,0,0,0
1784569782702,2,500,500,1784569735202,0,0,0,0
1784569782702,3,700,500,1784569735202,0,0,0,0
1784569782702,4,400,673.205,1784569735202,0,0,0,0
1784569782702,5,400,326.795,1784569735202,0,0,0,0
1784569782802,2,500,500,1784569735202,0,0,0,0
1784569782802,3,700,500,1784569735202,0,0,0,0
1784569782802,4,400,673.205,1784569735202,0,0,0,0
1784569782802,5,400,326.795,1784569735202,0,0,0,0
1784569782902,2,500,500,1784569735202,0,0,0,0
1784569782902,3,700,500,1784569735202,0,0,0,0
1784569782902,4,400,673.205,1784569735202,0,0,0,0
1784569782902,5,400,326.795,1784569735202,0,0,0,0
1784569783002,2,500,500,1784569735202,0,0,0,0
1784569783002,3,700,500,1784569735202,0,0,0,0
1784569783002,4,400,673.205,1784569735202,0,0,0,0
1784569783002,5,400,326.795,1784569735202,0,0,0,0
1784569783102,2,500,500,1784569735202,0,0,0,0
1784569783102,3,700,500,1784569735202,0,0,0,0
1784569783102,4,400,673.205,1784569735202,0,0,0,0
1784569783102,5,400,326.795,1784569735202,0,0,0,0
1784569783202,2,500,500,1784569735202,0,0,0,0
1784569783202,3,700,500,1784569735202,0,0,0,0
1784569783202,4,400,673.205,1784569735202,0,0,0,0
1784569783202,5,400,326.795,1784569735202,0,0,0,0
1784569783302,2,500,500,1784569735202,0,0,0,0
1784569783302,3,700,500,1784569735202,0,0,0,0
1784569783302,4,400,673.205,1784569735202,0,0,0,0
1784569783302,5,400,326.795,1784569735202,0,0,0,0
1784569783402,2,500,500,1784569735202,0,0,0,0
1784569783402,3,700,500,1784569735202,0,0,0,0
1784569783402,4,400,673.205,1784569735202,0,0,0,0
1784569783402,5,400,326.795,1784569735202,0,0,0,0
1784569783502,2,500,500,1784569735202,0,0,0,0
1784569783502,3,700,500,1784569735202,0,0,0,0
1784569783502,4,400,673.205,1784569735202,0,0,0,0
1784569783502,5,400,326.795,1784569735202,0,0,0,0
1784569783602,2,500,500,1784569735202,0,0,0,0
1784569783602,3,700,500,1784569735202,0,0,0,0
1784569783602,4,400,673.205,1784569735202,0,0,0,0
1784569783602,5,400,326.795,1784569735202,0,0,0,0
1784569783702,2,500,500,1784569735202,0,0,0,0
1784569783702,3,700,500,1784569735202,0,0,0,0
1784569783702,4,400,673.205,1784569735202,0,0,0,0
1784569783702,5,400,326.795,1784569735202,0,0,0,0
1784569783802,2,500,500,1784569735202,0,0,0,0
1784569783802,3,700,500,1784569735202,0,0,0,0
1784569783802,4,400,673.205,1784569735202,0,0,0,0
1784569783802,5,400,326.795,1784569735202,0,0,0,0
1784569783902,2,500,500,1784569735202,0,0,0,0
1784569783902,3,700,500,1784569735202,0,0,0,0
1784569783902,4,400,673.205,1784569735202,0,0,0,0
1784569783902,5,400,326.795,1784569735202,0,0,0,0
1784569784002,2,500,500,1784569735202,0,0,0,0
1784569784002,3,700,500,1784569735202,0,0,0,0
1784569784002,4,400,673.205,1784569735202,0,0,0,0
1784569784002,5,400,326.795,1784569735202,0,0,0,0
1784569784102,2,500,500,1784569735202,0,0,0,0
1784569784102,3,700,500,1784569735202,0,0,0,0
1784569784102,4,400,673.205,1784569735202,0,0,0,0
1784569784102,5,400,326.795,1784569735202,0,0,0,0
1784569784202,2,500,500,1784569735202,0,0,0,0
1784569784202,3,700,500,1784569735202,0,0,0,0
1784569784202,4,400,673.205,1784569735202,0,0,0,0
1784569784202,5,400,326.795,1784569735202,0,0,0,0
1784569784302,2,500,500,1784569735202,0,0,0,0
1784569784302,3,700,500,1784569735202,0,0,0,0
1784569784302,4,400,673.205,1784569735202,0,0,0,0
1784569784302,5,400,326.795,1784569735202,0,0,0,0
1784569784402,2,500,500,1784569735202,0,0,0,0
1784569784402,3,700,500,1784569735202,0,0,0,0
1784569784402,4,400,673.205,1784569735202,0,0,0,0
1784569784402,5,400,326.795,1784569735202,0,0,0,0
1784569784502,2,500,500,1784569735202,0,0,0,0
1784569784502,3,700,500,1784569735202,0,0,0,0
1784569784502,4,400,673.205,1784569735202,0,0,0,0
1784569784502,5,400,326.795,1784569735202,0,0,0,0
1784569784602,2,500,500,1784569735202,0,0,0,0
1784569784602,3,700,500,1784569735202,0,0,0,0
1784569784602,4,400,673.205,1784569735202,0,0,0,0
1784569784602,5,400,326.795,1784569735202,0,0,0,0
1784569784702,2,500,500,1784569735202,0,0,0,0
1784569784702,3,700,500,1784569735202,0,0,0,0
1784569784702,4,400,673.205,1784569735202,0,0,0,0
1784569784702,5,400,326.795,1784569735202,0,0,0,0
1784569784802,2,500,500,1784569735202,0,0,0,0
1784569784802,3,700,500,1784569735202,0,0,0,0
1784569784802,4,400,673.205,1784569735202,0,0,0,0
1784569784802,5,400,326.795,1784569735202,0,0,0,0
1784569784902,2,500,500,1784569735202,0,0,0,0
1784569784902,3,700,500,1784569735202,0,0,0,0
1784569784902,4,400,673.205,1784569735202,0,0,0,0
1784569784902,5,400,326.795,1784569735202,0,0,0,0
1784569785002,2,500,500,1784569735202,0,0,0,0
1784569785002,3,700,500,1784569735202,0,0,0,0
1784569785002,4,400,673.205,1784569735202,0,0,0,0
1784569785002,5,400,326.795,1784569735202,0,0,0,0
1784569785102,2,500,500,1784569735202,0,0,0,0
1784569785102,3,700,500,1784569735202,0,0,0,0
1784569785102,4,400,673.205,1784569735202,0,0,0,0
1784569785102,5,400,326.795,1784569735202,0,0,0,0
1784569785202,2,500,500,1784569735202,0,0,0,0
1784569785202,3,700,500,1784569735202,0,0,0,0
1784569785202,4,400,673.205,1784569735202,0,0,0,0
1784569785202,5,400,326.795,1784569735202,0,0,0,0
1784569785302,2,500,500,1784569735202,0,0,0,0
1784569785302,3,700,500,1784569735202,0,0,0,0
1784569785302,4,400,673.205,1784569735202,0,0,0,0
1784569785302,5,400,326.795,1784569735202,0,0,0,0
1784569785402,2,500,500,1784569735202,0,0,0,0
1784569785402,3,700,500,1784569735202,0,0,0,0
1784569785402,4,400,673.205,1784569735202,0,0,0,0
1784569785402,5,400,326.795,1784569735202,0,0,0,0
1784569785502,2,500,500,1784569735202,0,0,0,0
1784569785502,3,700,500,1784569735202,0,0,0,0
1784569785502,4,400,673.205,1784569735202,0,0,0,0
1784569785502,5,400,326.795,1784569735202,0,0,0,0
1784569785602,2,500,500,1784569735202,0,0,0,0
1784569785602,3,700,500,1784569735202,0,0,0,0
1784569785602,4,400,673.205,1784569735202,0,0,0,0
1784569785602,5,400,326.795,1784569735202,0,0,0,0
1784569785702,2,500,500,1784569735202,0,0,0,0
1784569785702,3,700,500,1784569735202,0,0,0,0
1784569785702,4,400,673.205,1784569735202,0,0,0,0
1784569785702,5,400,326.795,1784569735202,0,0,0,0
1784569785802,2,500,500,1784569735202,0,0,0,0
1784569785802,3,700,500,1784569735202,0,0,0,0
1784569785802,4,400,673.205,1784569735202,0,0,0,0
1784569785802,5,400,326.795,1784569735202,0,0,0,0
1784569785902,2,500,500,1784569735202,0,0,0,0
1784569785902,3,700,500,1784569735202,0,0,0,0
1784569785902,4,400,673.205,1784569735202,0,0,0,0
1784569785902,5,400,326.795,1784569735202,0,0,0,0
1784569786002,2,500,500,1784569735202,0,0,0,0
1784569786002,3,700,500,1784569735202,0,0,0,0
1784569786002,4,400,673.205,1784569735202,0,0,0,0
1784569786002,5,400,326.795,1784569735202,0,0,0,0
1784569786102,2,500,500,1784569735202,0,0,0,0
1784569786102,3,700,500,1784569735202,0,0,0,0
1784569786102,4,400,673.205,1784569735202,0,0,0,0
1784569786102,5,400,326.795,1784569735202,0,0,0,0
1784569786202,2,500,500,1784569735202,0,0,0,0
1784569786202,3,700,500,1784569735202,0,0,0,0
1784569786202,4,400,673.205,1784569735202,0,0,0,0
1784569786202,5,400,326.795,1784569735202,0,0,0,0
1784569786302,2,500,500,1784569735202,0,0,0,0
1784569786302,3,700,500,1784569735202,0,0,0,0
1784569786302,4,400,673.205,1784569735202,0,0,0,0
1784569786302,5,400,326.795,1784569735202,0,0,0,0
1784569786402,2,500,500,1784569735202,0,0,0,0
1784569786402,3,700,500,1784569735202,0,0,0,0
1784569786402,4,400,673.205,1784569735202,0,0,0,0
1784569786402,5,400,326.795,1784569735202,0,0,0,0
1784569786502,2,500,500,1784569735202,0,0,0,0
1784569786502,3,700,500,1784569735202,0,0,0,0
1784569786502,4,400,673.205,1784569735202,0,0,0,0
1784569786502,5,400,326.795,1784569735202,0,0,0,0
1784569786602,2,500,500,1784569735202,0,0,0,0
1784569786602,3,700,500,1784569735202,0,0,0,0
1784569786602,4,400,673.205,1784569735202,0,0,0,0
1784569786602,5,400,326.795,1784569735202,0,0,0,0
1784569786702,2,500,500,1784569735202,0,0,0,0
1784569786702,3,700,500,1784569735202,0,0,0,0
1784569786702,4,400,673.205,1784569735202,0,0,0,0
1784569786702,5,400,326.795,1784569735202,0,0,0,0
1784569786802,2,500,500,1784569735202,0,0,0,0
1784569786802,3,700,500,1784569735202,0,0,0,0
1784569786802,4,400,673.205,1784569735202,0,0,0,0
1784569786802,5,400,326.795,1784569735202,0,0,0,0
1784569786902,2,500,500,1784569735202,0,0,0,0
1784569786902,3,700,500,1784569735202,0,0,0,0
1784569786902,4,400,673.205,1784569735202,0,0,0,0
1784569786902,5,400,326.795,1784569735202,0,0,0,0
1784569787002,2,500,500,1784569735202,0,0,0,0
1784569787002,3,700,500,1784569735202,0,0,0,0
1784569787002,4,400,673.205,1784569735202,0,0,0,0
1784569787002,5,400,326.795,1784569735202,0,0,0,0
1784569787102,2,500,500,1784569735202,0,0,0,0
1784569787102,3,700,500,1784569735202,0,0,0,0
1784569787102,4,400,673.205,1784569735202,0,0,0,0
1784569787102,5,400,326.795,1784569735202,0,0,0,0
1784569787202,2,500,500,1784569735202,0,0,0,0
1784569787202,3,700,500,1784569735202,0,0,0,0
1784569787202,4,400,673.205,1784569735202,0,0,0,0
1784569787202,5,400,326.795,1784569735202,0,0,0,0
1784569787302,2,500,500,1784569735202,0,0,0,0
1784569787302,3,700,500,1784569735202,0,0,0,0
1784569787302,4,400,673.205,1784569735202,0,0,0,0
1784569787302,5,400,326.795,1784569735202,0,0,0,0
1784569787402,2,500,500,1784569735202,0,0,0,0
1784569787402,3,700,500,1784569735202,0,0,0,0
1784569787402,4,400,673.205,1784569735202,0,0,0,0
1784569787402,5,400,326.795,1784569735202,0,0,0,0
1784569787502,2,500,500,1784569735202,0,0,0,0
1784569787502,3,700,500,1784569735202,0,0,0,0
1784569787502,4,400,673.205,1784569735202,0,0,0,0
1784569787502,5,400,326.795,1784569735202,0,0,0,0
1784569787602,2,500,500,1784569735202,0,0,0,0
1784569787602,3,700,500,1784569735202,0,0,0,0
1784569787602,4,400,673.205,1784569735202,0,0,0,0
1784569787602,5,400,326.795,1784569735202,0,0,0,0
1784569787702,2,500,500,1784569735202,0,0,0,0
1784569787702,3,700,500,1784569735202,0,0,0,0
1784569787702,4,400,673.205,1784569735202,0,0,0,0
1784569787702,5,400,326.795,1784569735202,0,0,0,0
1784569787802,2,500,500,1784569735202,0,0,0,0
1784569787802,3,700,500,1784569735202,0,0,0,0
1784569787802,4,400,673.205,1784569735202,0,0,0,0
1784569787802,5,400,326.795,1784569735202,0,0,0,0
1784569787902,2,500,500,1784569735202,0,0,0,0
1784569787902,3,700,500,1784569735202,0,0,0,0
1784569787902,4,400,673.205,1784569735202,0,0,0,0
1784569787902,5,400,326.795,1784569735202,0,0,0,0
1784569788002,2,500,500,1784569735202,0,0,0,0
1784569788002,3,700,500,1784569735202,0,0,0,0
1784569788002,4,400,673.205,1784569735202,0,0,0,0
1784569788002,5,400,326.795,1784569735202,0,0,0,0
1784569788102,2,500,500,1784569735202,0,0,0,0
1784569788102,3,700,500,1784569735202,0,0,0,0
1784569788102,4,400,673.205,1784569735202,0,0,0,0
1784569788102,5,400,326.795,1784569735202,0,0,0,0
1784569788202,2,500,500,1784569735202,0,0,0,0
1784569788202,3,700,500,1784569735202,0,0,0,0
1784569788202,4,400,673.205,1784569735202,0,0,0,0
1784569788202,5,400,326.795,1784569735202,0,0,0,0
1784569788302,2,500,500,1784569735202,0,0,0,0
1784569788302,3,700,500,1784569735202,0,0,0,0
1784569788302,4,400,673.205,1784569735202,0,0,0,0
1784569788302,5,400,326.795,1784569735202,0,0,0,0
1784569788402,2,500,500,1784569735202,0,0,0,0
1784569788402,3,700,500,1784569735202,0,0,0,0
1784569788402,4,400,673.205,1784569735202,0,0,0,0
1784569788402,5,400,326.795,1784569735202,0,0,0,0
1784569788502,2,500,500,1784569735202,0,0,0,0
1784569788502,3,700,500,1784569735202,0,0,0,0
1784569788502,4,400,673.205,1784569735202,0,0,0,0
1784569788502,5,400,326.795,1784569735202,0,0,0,0
1784569788602,2,500,500,1784569735202,0,0,0,0
1784569788602,3,700,500,1784569735202,0,0,0,0
1784569788602,4,400,673.205,1784569735202,0,0,0,0
1784569788602,5,400,326.795,1784569735202,0,0,0,0
1784569788702,2,500,500,1784569735202,0,0,0,0
1784569788702,3,700,500,1784569735202,0,0,0,0
1784569788702,4,400,673.205,1784569735202,0,0,0,0
1784569788702,5,400,326.795,1784569735202,0,0,0,0
1784569788802,2,500,500,1784569735202,0,0,0,0
1784569788802,3,700,500,1784569735202,0,0,0,0
1784569788802,4,400,673.205,1784569735202,0,0,0,0
1784569788802,5,400,326.795,1784569735202,0,0,0,0
1784569788902,2,500,500,1784569735202,0,0,0,0
1784569788902,3,700,500,1784569735202,0,0,0,0
1784569788902,4,400,673.205,1784569735202,0,0,0,0
1784569788902,5,400,326.795,1784569735202,0,0,0,0
1784569789002,2,500,500,1784569735202,0,0,0,0
1784569789002,3,700,500,1784569735202,0,0,0,0
1784569789002,4,400,673.205,1784569735202,0,0,0,0
1784569789002,5,400,326.795,1784569735202,0,0,0,0
1784569789102,2,500,500,1784569735202,0,0,0,0
1784569789102,3,700,500,1784569735202,0,0,0,0
1784569789102,4,400,673.205,1784569735202,0,0,0,0
1784569789102,5,400,326.795,1784569735202,0,0,0,0
1784569789202,2,500,500,1784569735202,0,0,0,0
1784569789202,3,700,500,1784569735202,0,0,0,0
1784569789202,4,400,673.205,1784569735202,0,0,0,0
1784569789202,5,400,326.795,1784569735202,0,0,0,0
1784569789302,2,500,500,1784569735202,0,0,0,0
1784569789302,3,700,500,1784569735202,0,0,0,0
1784569789302,4,400,673.205,1784569735202,0,0,0,0
1784569789302,5,400,326.795,1784569735202,0,0,0,0
1784569789402,2,500,500,1784569735202,0,0,0,0
1784569789402,3,700,500,1784569735202,0,0,0,0
1784569789402,4,400,673.205,1784569735202,0,0,0,0
1784569789402,5,400,326.795,1784569735202,0,0,0,0
1784569789502,2,500,500,1784569735202,0,0,0,0
1784569789502,3,700,500,1784569735202,0,0,0,0
1784569789502,4,400,673.205,1784569735202,0,0,0,0
1784569789502,5,400,326.795,1784569735202,0,0,0,0
1784569789602,2,500,500,1784569735202,0,0,0,0
1784569789602,3,700,500,1784569735202,0,0,0,0
1784569789602,4,400,673.205,1784569735202,0,0,0,0
1784569789602,5,400,326.795,1784569735202,0,0,0,0
1784569789702,2,500,500,1784569735202,0,0,0,0
1784569789702,3,700,500,1784569735202,0,0,0,0
1784569789702,4,400,673.205,1784569735202,0,0,0,0
1784569789702,5,400,326.795,1784569735202,0,0,0,0
1784569789802,2,500,500,1784569735202,0,0,0,0
1784569789802,3,700,500,1784569735202,0,0,0,0
1784569789802,4,400,673.205,1784569735202,0,0,0,0
1784569789802,5,400,326.795,1784569735202,0,0,0,0
1784569789902,2,500,500,1784569735202,0,0,0,0
1784569789902,3,700,500,1784569735202,0,0,0,0
1784569789902,4,400,673.205,1784569735202,0,0,0,0
1784569789902,5,400,326.795,1784569735202,0,0,0,0
1784569790002,2,500,500,1784569735202,0,0,0,0
1784569790002,3,700,500,1784569735202,0,0,0,0
1784569790002,4,400,673.205,1784569735202,0,0,0,0
1784569790002,5,400,326.795,1784569735202,0,0,0,0
1784569790102,2,500,500,1784569735202,0,0,0,0
1784569790102,3,700,500,1784569735202,0,0,0,0
1784569790102,4,400,673.205,1784569735202,0,0,0,0
1784569790102,5,400,326.795,1784569735202,0,0,0,0
1784569790202,2,500,500,1784569735202,0,0,0,0
1784569790202,3,700,500,1784569735202,0,0,0,0
1784569790202,4,400,673.205,1784569735202,0,0,0,0
1784569790202,5,400,326.795,1784569735202,0,0,0,0
1784569790302,2,500,500,1784569735202,0,0,0,0
1784569790302,3,700,500,1784569735202,0,0,0,0
1784569790302,4,400,673.205,1784569735202,0,0,0,0
1784569790302,5,400,326.795,1784569735202,0,0,0,0
1784569790402,2,500,500,1784569735202,0,0,0,0
1784569790402,3,700,500,1784569735202,0,0,0,0
1784569790402,4,400,673.205,1784569735202,0,0,0,0
1784569790402,5,400,326.795,1784569735202,0,0,0,0
1784569790502,2,500,500,1784569735202,0,0,0,0
1784569790502,3,700,500,1784569735202,0,0,0,0
1784569790502,4,400,673.205,1784569735202,0,0,0,0
1784569790502,5,400,326.795,1784569735202,0,0,0,0
1784569790602,2,500,500,1784569735202,0,0,0,0
1784569790602,3,700,500,1784569735202,0,0,0,0
1784569790602,4,400,673.205,1784569735202,0,0,0,0
1784569790602,5,400,326.795,1784569735202,0,0,0,0
1784569790702,2,500,500,1784569735202,0,0,0,0
1784569790702,3,700,500,1784569735202,0,0,0,0
1784569790702,4,400,673.205,1784569735202,0,0,0,0
1784569790702,5,400,326.795,1784569735202,0,0,0,0
1784569790802,2,500,500,1784569735202,0,0,0,0
1784569790802,3,700,500,1784569735202,0,0,0,0
1784569790802,4,400,673.205,1784569735202,0,0,0,0
1784569790802,5,400,326.795,1784569735202,0,0,0,0
1784569790902,2,500,500,1784569735202,0,0,0,0
1784569790902,3,700,500,1784569735202,0,0,0,0
1784569790902,4,400,673.205,1784569735202,0,0,0,0
1784569790902,5,400,326.795,1784569735202,0,0,0,0
1784569791002,2,500,500,1784569735202,0,0,0,0
1784569791002,3,700,500,1784569735202,0,0,0,0
1784569791002,4,400,673.205,1784569735202,0,0,0,0
1784569791002,5,400,326.795,1784569735202,0,0,0,0
1784569791102,2,500,500,1784569735202,0,0,0,0
1784569791102,3,700,500,1784569735202,0,0,0,0
1784569791102,4,400,673.205,1784569735202,0,0,0,0
1784569791102,5,400,326.795,1784569735202,0,0,0,0
1784569791202,2,500,500,1784569735202,0,0,0,0
1784569791202,3,700,500,1784569735202,0,0,0,0
1784569791202,4,400,673.205,1784569735202,0,0,0,0
1784569791202,5,400,326.795,1784569735202,0,0,0,0
1784569791302,2,500,500,1784569735202,0,0,0,0
1784569791302,3,700,500,1784569735202,0,0,0,0
1784569791302,4,400,673.205,1784569735202,0,0,0,0
1784569791302,5,400,326.795,1784569735202,0,0,0,0
1784569791402,2,500,500,1784569735202,0,0,0,0
1784569791402,3,700,500,1784569735202,0,0,0,0
1784569791402,4,400,673.205,1784569735202,0,0,0,0
1784569791402,5,400,326.795,1784569735202,0,0,0,0
1784569791502,2,500,500,1784569735202,0,0,0,0
1784569791502,3,700,500,1784569735202,0,0,0,0
1784569791502,4,400,673.205,1784569735202,0,0,0,0
1784569791502,5,400,326.795,1784569735202,0,0,0,0
1784569791602,2,500,500,1784569735202,0,0,0,0
1784569791602,3,700,500,1784569735202,0,0,0,0
1784569791602,4,400,673.205,1784569735202,0,0,0,0
1784569791602,5,400,326.795,1784569735202,0,0,0,0
1784569791702,2,500,500,1784569735202,0,0,0,0
1784569791702,3,700,500,1784569735202,0,0,0,0
1784569791702,4,400,673.205,1784569735202,0,0,0,0
1784569791702,5,400,326.795,1784569735202,0,0,0,0
1784569791802,2,500,500,1784569735202,0,0,0,0
1784569791802,3,700,500,1784569735202,0,0,0,0
1784569791802,4,400,673.205,1784569735202,0,0,0,0
1784569791802,5,400,326.795,1784569735202,0,0,0,0
1784569791902,2,500,500,1784569735202,0,0,0,0
1784569791902,3,700,500,1784569735202,0,0,0,0
1784569791902,4,400,673.205,1784569735202,0,0,0,0
1784569791902,5,400,326.795,1784569735202,0,0,0,0
1784569792002,2,500,500,1784569735202,0,0,0,0
1784569792002,3,700,500,1784569735202,0,0,0,0
1784569792002,4,400,673.205,1784569735202,0,0,0,0
1784569792002,5,400,326.795,1784569735202,0,0,0,0
1784569792102,2,500,500,1784569735202,0,0,0,0
1784569792102,3,700,500,1784569735202,0,0,0,0
1784569792102,4,400,673.205,1784569735202,0,0,0,0
1784569792102,5,400,326.795,1784569735202,0,0,0,0
1784569792202,2,500,500,1784569735202,0,0,0,0
1784569792202,3,700,500,1784569735202,0,0,0,0
1784569792202,4,400,673.205,1784569735202,0,0,0,0
1784569792202,5,400,326.795,1784569735202,0,0,0,0
1784569792302,2,500,500,1784569735202,0,0,0,0
1784569792302,3,700,500,1784569735202,0,0,0,0
1784569792302,4,400,673.205,1784569735202,0,0,0,0
1784569792302,5,400,326.795,1784569735202,0,0,0,0
1784569792402,2,500,500,1784569735202,0,0,0,0
1784569792402,3,700,500,1784569735202,0,0,0,0
1784569792402,4,400,673.205,1784569735202,0,0,0,0
1784569792402,5,400,326.795,1784569735202,0,0,0,0
1784569792502,2,500,500,1784569735202,0,0,0,0
1784569792502,3,700,500,1784569735202,0,0,0,0
1784569792502,4,400,673.205,1784569735202,0,0,0,0
1784569792502,5,400,326.795,1784569735202,0,0,0,0
1784569792602,2,500,500,1784569735202,0,0,0,0
1784569792602,3,700,500,1784569735202,0,0,0,0
1784569792602,4,400,673.205,1784569735202,0,0,0,0
1784569792602,5,400,326.795,1784569735202,0,0,0,0
1784569792702,2,500,500,1784569735202,0,0,0,0
1784569792702,3,700,500,1784569735202,0,0,0,0
1784569792702,4,400,673.205,1784569735202,0,0,0,0
1784569792702,5,400,326.795,1784569735202,0,0,0,0
1784569792802,2,500,500,1784569735202,0,0,0,0
1784569792802,3,700,500,1784569735202,0,0,0,0
1784569792802,4,400,673.205,1784569735202,0,0,0,0
1784569792802,5,400,326.795,1784569735202,0,0,0,0
1784569792902,2,500,500,1784569735202,0,0,0,0
1784569792902,3,700,500,1784569735202,0,0,0,0
1784569792902,4,400,673.205,1784569735202,0,0,0,0
1784569792902,5,400,326.795,1784569735202,0,0,0,0
1784569793002,2,500,500,1784569735202,0,0,0,0
1784569793002,3,700,500,1784569735202,0,0,0,0
1784569793002,4,400,673.205,1784569735202,0,0,0,0
1784569793002,5,400,326.795,1784569735202,0,0,0,0
1784569793102,2,500,500,1784569735202,0,0,0,0
1784569793102,3,700,500,1784569735202,0,0,0,0
1784569793102,4,400,673.205,1784569735202,0,0,0,0
1784569793102,5,400,326.795,1784569735202,0,0,0,0
1784569793202,2,500,500,1784569735202,0,0,0,0
1784569793202,3,700,500,1784569735202,0,0,0,0
1784569793202,4,400,673.205,1784569735202,0,0,0,0
1784569793202,5,400,326.795,1784569735202,0,0,0,0
1784569793302,2,500,500,1784569735202,0,0,0,0
1784569793302,3,700,500,1784569735202,0,0,0,0
1784569793302,4,400,673.205,1784569735202,0,0,0,0
1784569793302,5,400,326.795,1784569735202,0,0,0,0
1784569793402,2,500,500,1784569735202,0,0,0,0
1784569793402,3,700,500,1784569735202,0,0,0,0
1784569793402,4,400,673.205,1784569735202,0,0,0,0
1784569793402,5,400,326.795,1784569735202,0,0,0,0
1784569793502,2,500,500,1784569735202,0,0,0,0
1784569793502,3,700,500,1784569735202,0,0,0,0
1784569793502,4,400,673.205,1784569735202,0,0,0,0
1784569793502,5,400,326.795,1784569735202,0,0,0,0
1784569793602,2,500,500,1784569735202,0,0,0,0
1784569793602,3,700,500,1784569735202,0,0,0,0
1784569793602,4,400,673.205,1784569735202,0,0,0,0
1784569793602,5,400,326.795,1784569735202,0,0,0,0
1784569793702,2,500,500,1784569735202,0,0,0,0
1784569793702,3,700,500,1784569735202,0,0,0,0
1784569793702,4,400,673.205,1784569735202,0,0,0,0
1784569793702,5,400,326.795,1784569735202,0,0,0,0
1784569793802,2,500,500,1784569735202,0,0,0,0
1784569793802,3,700,500,1784569735202,0,0,0,0
1784569793802,4,400,673.205,1784569735202,0,0,0,0
1784569793802,5,400,326.795,1784569735202,0,0,0,0
1784569793902,2,500,500,1784569735202,0,0,0,0
1784569793902,3,700,500,1784569735202,0,0,0,0
1784569793902,4,400,673.205,1784569735202,0,0,0,0
1784569793902,5,400,326.795,1784569735202,0,0,0,0
1784569794002,2,500,500,1784569735202,0,0,0,0
1784569794002,3,700,500,1784569735202,0,0,0,0
1784569794002,4,400,673.205,1784569735202,0,0,0,0
1784569794002,5,400,326.795,1784569735202,0,0,0,0
1784569794102,2,500,500,1784569735202,0,0,0,0
1784569794102,3,700,500,1784569735202,0,0,0,0
1784569794102,4,400,673.205,1784569735202,0,0,0,0
1784569794102,5,400,326.795,1784569735202,0,0,0,0
1784569794202,2,500,500,1784569735202,0,0,0,0
1784569794202,3,700,500,1784569735202,0,0,0,0
1784569794202,4,400,673.205,1784569735202,0,0,0,0
1784569794202,5,400,326.795,1784569735202,0,0,0,0
1784569794302,2,500,500,1784569735202,0,0,0,0
1784569794302,3,700,500,1784569735202,0,0,0,0
1784569794302,4,400,673.205,1784569735202,0,0,0,0
1784569794302,5,400,326.795,1784569735202,0,0,0,0
1784569794402,2,500,500,1784569735202,0,0,0,0
1784569794402,3,700,500,1784569735202,0,0,0,0
1784569794402,4,400,673.205,1784569735202,0,0,0,0
1784569794402,5,400,326.795,1784569735202,0,0,0,0
1784569794502,2,500,500,1784569735202,0,0,0,0
1784569794502,3,700,500,1784569735202,0,0,0,0
1784569794502,4,400,673.205,1784569735202,0,0,0,0
1784569794502,5,400,326.795,1784569735202,0,0,0,0
1784569794602,2,500,500,1784569735202,0,0,0,0
1784569794602,3,700,500,1784569735202,0,0,0,0
1784569794602,4,400,673.205,1784569735202,0,0,0,0
1784569794602,5,400,326.795,1784569735202,0,0,0,0
1784569794702,2,500,500,1784569735202,0,0,0,0
1784569794702,3,700,500,1784569735202,0,0,0,0
1784569794702,4,400,673.205,1784569735202,0,0,0,0
1784569794702,5,400,326.795,1784569735202,0,0,0,0
1784569794802,2,500,500,1784569735202,0,0,0,0
1784569794802,3,700,500,1784569735202,0,0,0,0
1784569794802,4,400,673.205,1784569735202,0,0,0,0
1784569794802,5,400,326.795,1784569735202,0,0,0,0
1784569794902,2,500,500,1784569735202,0,0,0,0
1784569794902,3,700,500,1784569735202,0,0,0,0
1784569794902,4,400,673.205,1784569735202,0,0,0,0
1784569794902,5,400,326.795,1784569735202,0,0,0,0
1784569795002,2,500,500,1784569735202,0,0,0,0
1784569795002,3,700,500,1784569735202,0,0,0,0
1784569795002,4,400,673.205,1784569735202,0,0,0,0
1784569795002,5,400,326.795,1784569735202,0,0,0,0
1784569795102,2,500,500,1784569735202,0,0,0,0
1784569795102,3,700,500,1784569735202,0,0,0,0
1784569795102,4,400,673.205,1784569735202,0,0,0,0
1784569795102,5,400,326.795,1784569735202,0,0,0,0
