timestamp,ue_id,x_est,y_est,x_true,y_true
1784569735202,1,539.271687238264,257.748572682725,537.09,260.954
1784569735302,1,538.848202370712,257.439509620746,536.727,260.518
1784569735402,1,538.422116611043,257.12855742579,536.365,260.083
1784569735502,1,537.993492149718,256.815764905746,536.003,259.647
1784569735602,1,537.562413543719,256.501204657651,535.641,259.212
1784569735702,1,537.128982025469,256.184971862177,535.279,258.776
1784569735802,1,536.693330378511,255.867183439252,534.917,258.34
1784569735902,1,536.255661885209,255.547982639013,534.555,257.905
1784569736002,1,535.816214043851,255.227535715926,534.193,257.469
1784569736102,1,535.375288561115,254.90602863189,533.831,257.033
1784569736202,1,534.933231992228,254.583664529917,533.469,256.598
1784569736302,1,534.490429158188,254.260664400646,533.107,256.162
1784569736402,1,534.04730519972,253.937268579492,532.745,255.727
1784569736502,1,533.604319790676,253.613736471642,532.383,255.291
1784569736602,1,533.161937054375,253.290340873379,532.021,254.855
1784569736702,1,532.720616112279,252.967367216447,531.659,254.42
1784569736802,1,532.280808689765,252.645113653171,531.297,253.984
1784569736902,1,531.842958851351,252.323890560595,530.935,253.549
1784569737002,1,531.40750145045,252.004017196964,530.573,253.113
1784569737102,1,530.974862233936,251.685821304803,530.211,252.677
1784569737202,1,530.545458426035,251.369639471591,529.849,252.242
1784569737302,1,530.119699301607,251.055815525704,529.487,251.806
1784569737402,1,529.697983500655,250.744695999883,529.125,251.371
1784569737502,1,529.28069884141,250.436629649019,528.763,250.935
1784569737602,1,528.868221337234,250.13196755662,528.401,250.499
1784569737702,1,528.460912944128,249.831062499885,528.039,250.064
1784569737802,1,528.059121997432,249.534268193916,527.677,249.628
1784569737902,1,527.663182950031,249.241940004316,527.315,249.193
1784569738002,1,527.27341728358,248.954434745035,526.953,248.757
1784569738102,1,526.890130125706,248.672109050679,526.591,248.321
1784569738202,1,526.513601062276,248.395318961125,526.229,247.886
1784569738302,1,526.144096517189,248.124419070406,525.867,247.45
1784569738402,1,525.78187490062,247.859762384305,525.505,247.015
1784569738502,1,525.427186834857,247.601700933692,525.142,246.579
1784569738602,1,525.080272895054,247.350585382059,524.78,246.143
1784569738702,1,524.741362140169,247.106764666627,524.418,245.708
1784569738802,1,524.410664865895,246.870584012507,524.056,245.272
1784569738902,1,524.088371415872,246.642383009289,523.694,244.837
1784569739002,1,523.774653721911,246.422495636898,523.332,244.401
1784569739102,1,523.469665540831,246.211251215661,522.97,243.965
1784569739202,1,523.173538946901,246.008974548794,522.608,243.53
1784569739302,1,522.886393417278,245.815983342517,522.246,243.094
1784569739402,1,522.60833950525,245.632587377226,521.884,242.659
1784569739502,1,522.339479202844,245.45908552421,521.522,242.223
1784569739602,1,522.07990480638,245.295764149879,521.16,241.787
1784569739702,1,521.829698585447,245.142895761673,520.798,241.352
1784569739802,1,521.588929029078,245.000735191529,520.436,240.916
1784569739902,1,521.357647274563,244.869518925226,520.074,240.481
1784569740002,1,521.135887547128,244.749464583409,519.712,240.045
1784569740102,1,520.923667983521,244.640767581876,519.35,239.609
1784569740202,1,520.720990876449,244.543600010097,518.988,239.174
1784569740302,1,520.527840888005,244.458108653297,518.626,238.738
1784569740402,1,520.344185295854,244.384412066012,518.264,238.303
1784569740502,1,520.169974111993,244.322599970634,517.918,237.894
1784569740602,1,520.005138288204,244.272733538486,518.012,238.239
1784569740702,1,519.84959229459,244.23484577885,518.105,238.584
1784569740802,1,519.703236668088,244.208942381526,518.199,238.929
1784569740902,1,519.565958728116,244.195002717337,518.293,239.274
1784569741002,1,519.437632348972,244.192980155314,518.387,239.619
1784569741102,1,519.318119521086,244.202803521223,518.481,239.963
1784569741202,1,519.207272047589,244.224382463464,518.575,240.308
1784569741302,1,519.104935283329,244.257609259526,518.669,240.653
1784569741402,1,519.010949420917,244.302359313368,518.763,240.998
1784569741502,1,518.925149957605,244.358492895332,518.856,241.343
1784569741602,1,518.847368125136,244.42585669259,518.95,241.688
1784569741702,1,518.777430955725,244.504287867698,519.044,242.033
1784569741802,1,518.715160303745,244.593615252593,519.138,242.378
1784569741902,1,518.660373423612,244.693659594128,519.232,242.723
1784569742002,1,518.612885637444,244.804233419302,519.326,243.068
1784569742102,1,518.572511184182,244.925140787358,519.42,243.413
1784569742202,1,518.539063437454,245.056178132935,519.514,243.758
1784569742302,1,518.512355096219,245.197136931311,519.608,244.103
1784569742402,1,518.492198027623,245.347805786846,519.701,244.447
1784569742502,1,518.478401864288,245.507970111662,519.795,244.792
1784569742602,1,518.470772651582,245.67741048247,519.889,245.137
1784569742702,1,518.469112629832,245.85590105774,519.983,245.482
1784569742802,1,518.473220273248,246.043209441749,520.077,245.827
1784569742902,1,518.482890688463,246.239097303,520.171,246.172
1784569743002,1,518.497917186453,246.44332471059,520.265,246.517
1784569743102,1,518.51809245896,246.655651999063,520.359,246.862
1784569743202,1,518.54321201603,246.875840787212,520.453,247.207
1784569743302,1,518.573077886377,247.103653438595,520.546,247.552
1784569743402,1,518.607498699352,247.338852985585,520.64,247.897
1784569743502,1,518.646287238236,247.581205985533,520.734,248.242
1784569743602,1,518.689259550387,247.830484677029,520.828,248.587
1784569743702,1,518.73623371668,248.086466785299,520.922,248.931
1784569743802,1,518.787028143168,248.348934604277,521.016,249.276
1784569743902,1,518.841461477176,248.617674428246,521.11,249.621
1784569744002,1,518.899349133674,248.892475987017,521.204,249.966
1784569744102,1,518.960506559495,249.173133068431,521.297,250.311
1784569744202,1,519.024749686671,249.459442788968,521.391,250.656
1784569744302,1,519.091895164874,249.751206719761,521.485,251.001
1784569744402,1,519.161760617694,250.048231176605,521.579,251.346
1784569744502,1,519.2341654756,250.350329112976,521.673,251.691
1784569744602,1,519.308930481977,250.657320904357,521.767,252.036
1784569744702,1,519.385881473849,250.969033655483,521.861,252.381
1784569744802,1,519.464852318733,251.285300417832,521.955,252.726
1784569744902,1,519.545684390329,251.605959167825,522.049,253.071
1784569745002,1,519.628223240694,251.930851537396,522.142,253.416
1784569745102,1,519.712317484687,252.25982219997,522.236,253.76
1784569745202,1,519.797818379574,252.592719182463,522.33,254.105
1784569745302,1,519.884579331347,252.929394093778,522.424,254.45
1784569745402,1,519.972456543822,253.269702719316,522.518,254.795
1784569745502,1,520.061312583829,253.613508086302,522.612,255.14
1784569745602,1,520.151017353291,253.96068454727,522.706,255.485
1784569745702,1,520.241447623372,254.3111173918,522.8,255.83
1784569745802,1,520.332488000666,254.664701393112,522.893,256.175
1784569745902,1,520.424030882278,255.021339859489,522.987,256.52
1784569746002,1,520.515975395477,255.380944067433,523.081,256.865
1784569746102,1,520.608224410512,255.743435232786,523.175,257.21
1784569746202,1,520.70068347243,256.108743744958,523.269,257.555
1784569746302,1,520.793261925537,256.476808633856,523.363,257.9
1784569746402,1,520.885874365556,256.847580417252,523.457,258.244
1784569746502,1,520.978424422382,257.221019343374,523.551,258.589
1784569746602,1,521.070802815356,257.597089278084,523.645,258.934
1784569746702,1,521.16289821448,257.975756074284,523.738,259.279
1784569746802,1,521.254598242093,258.356985812351,523.832,259.624
1784569746902,1,521.34578347915,258.740742060297,523.926,259.969
1784569747002,1,521.436326921039,259.126985507349,524.02,260.314
1784569747102,1,521.526098038328,259.515674821698,524.114,260.659
1784569747202,1,521.614961140201,259.906767457006,524.208,261.004
1784569747302,1,521.702774332676,260.300219663103,524.302,261.349
1784569747402,1,521.789389723846,260.695990198885,524.396,261.694
1784569747502,1,521.874658422216,261.094041352693,524.49,262.039
1784569747602,1,521.958442427662,261.494337478035,524.583,262.384
1784569747702,1,522.040616548105,261.896843147237,524.677,262.728
1784569747802,1,522.121065593685,262.30152134667,524.771,263.073
1784569747902,1,522.199680534863,262.708331610584,524.865,263.418
1784569748002,1,522.276346708503,263.117228054392,524.959,263.763
1784569748102,1,522.350941205234,263.528157245317,525.053,264.108
1784569748202,1,522.423334944751,263.941056774139,525.147,264.453
1784569748302,1,522.493392933841,264.355854949691,525.241,264.798
1784569748402,1,522.560973930596,264.772471175338,525.334,265.143
1784569748502,1,522.625929532648,265.190814937617,525.428,265.488
1784569748602,1,522.688101516903,265.610785610405,525.522,265.833
1784569748702,1,522.747320949636,266.032271919728,525.616,266.178
1784569748802,1,522.803411020303,266.455151812105,525.71,266.523
1784569748902,1,522.856199248609,266.879296754482,525.782,266.885
1784569749002,1,522.905521840574,267.304572199723,525.68,267.389
1784569749102,1,522.951228336166,267.730839255544,525.578,267.893
1784569749202,1,522.99317808756,268.157953443847,525.476,268.396
1784569749302,1,523.031237190183,268.585761305491,525.375,268.9
1784569749402,1,523.06527444142,269.014102677535,525.273,269.404
1784569749502,1,523.095149722183,269.442809936427,525.171,269.907
1784569749602,1,523.12071101364,269.871706198327,525.069,270.411
1784569749702,1,523.141796889774,270.300605328771,524.967,270.914
1784569749802,1,523.158246913107,270.729314895413,524.866,271.418
1784569749902,1,523.169904165247,271.157635897565,524.764,271.922
1784569750002,1,523.176612535275,271.585362822429,524.662,272.425
1784569750102,1,523.178205516067,272.012281653163,524.56,272.929
1784569750202,1,523.174501096573,272.438167904043,524.458,273.433
1784569750302,1,523.165300366055,272.862786819207,524.357,273.936
1784569750402,1,523.150385806305,273.285897643981,524.255,274.44
1784569750502,1,523.129524453016,273.707254388119,524.153,274.944
1784569750602,1,523.102467963908,274.126608935793,524.051,275.447
1784569750702,1,523.068969791261,274.543713661794,523.949,275.951
1784569750802,1,523.028780993699,274.958320376726,523.848,276.454
1784569750902,1,522.981647993952,275.370178450041,523.746,276.958
1784569751002,1,522.927312766672,275.779033828276,523.644,277.462
1784569751102,1,522.865513057867,276.184630873101,523.542,277.965
1784569751202,1,522.79598354945,276.586712474515,523.44,278.469
1784569751302,1,522.718460870011,276.985024104443,523.339,278.973
1784569751402,1,522.632688749819,277.379319483743,523.237,279.476
1784569751502,1,522.53841787884,277.769360725667,523.135,279.98
1784569751602,1,522.435405229681,278.154917638537,523.033,280.484
1784569751702,1,522.323412451159,278.535766935081,522.931,280.987
1784569751802,1,522.202208400413,278.911694395139,522.83,281.491
1784569751902,1,522.071570212069,279.282497743151,522.728,281.994
1784569752002,1,521.931283868205,279.647986244443,522.626,282.498
1784569752102,1,521.781146893838,280.007978986465,522.524,283.002
1784569752202,1,521.620970566895,280.362302818459,522.422,283.505
1784569752302,1,521.450584200154,280.710790528456,522.32,284.009
1784569752402,1,521.269837105163,281.053279242109,522.219,284.513
1784569752502,1,521.078600371666,281.389609237639,522.117,285.016
1784569752602,1,520.87676660497,281.719624581871,522.015,285.52
1784569752702,1,520.664249797157,282.043174445672,521.913,286.024
1784569752802,1,520.44098559132,282.360113398246,521.811,286.527
1784569752902,1,520.206932510459,282.670300544384,521.71,287.031
1784569753002,1,519.962072452558,282.973599037718,521.608,287.534
1784569753102,1,519.706409440256,283.269880030639,521.506,288.038
1784569753202,1,519.439963535189,283.5590298431,521.404,288.542
1784569753302,1,519.162767745736,283.840953775233,521.302,289.045
1784569753402,1,518.874866327194,284.115578885834,521.201,289.549
1784569753502,1,518.576315475252,284.382854152868,521.099,290.053
1784569753602,1,518.26718474194,284.642750250259,520.997,290.556
1784569753702,1,517.947558698892,284.895258534848,520.895,291.06
1784569753802,1,517.617538454763,285.140391064454,520.793,291.564
1784569753902,1,517.277243092557,285.378184338969,520.692,292.067
1784569754002,1,516.92681064775,285.60869937917,520.59,292.571
1784569754102,1,516.566395571585,285.832015587449,520.488,293.074
1784569754202,1,516.196159059354,286.048209549457,520.386,293.578
1784569754302,1,515.816267991024,286.257348957801,520.284,294.082
1784569754402,1,515.42689666356,286.459492200783,520.183,294.585
1784569754502,1,515.028227957121,286.65469020864,520.081,295.089
1784569754602,1,514.620453006517,286.842988556484,519.979,295.593
1784569754702,1,514.203773632969,287.02443065175,519.877,296.096
1784569754802,1,513.778404250192,287.199059452125,519.387,296.066
1784569754902,1,513.344572638174,287.366914784708,518.75,295.835
1784569755002,1,512.902521130561,287.528032528569,518.113,295.603
1784569755102,1,512.452505987177,287.682445345468,517.476,295.372
1784569755202,1,511.99479534532,287.830178739055,516.839,295.141
1784569755302,1,511.529666215608,287.971249154571,516.202,294.909
1784569755402,1,511.057406623111,288.105664483451,515.565,294.678
1784569755502,1,510.578321146095,288.233432372419,514.928,294.447
1784569755602,1,510.092729252724,288.354581364006,514.291,294.215
1784569755702,1,509.600964505841,288.469167419195,513.654,293.984
1784569755802,1,509.103376457361,288.577274727707,513.017,293.753
1784569755902,1,508.600331506451,288.679015172453,512.38,293.521
1784569756002,1,508.092212520816,288.774526902043,511.743,293.29
1784569756102,1,507.579420129301,288.863974214581,511.106,293.059
1784569756202,1,507.062368687958,288.947547830758,510.469,292.827
1784569756302,1,506.541469689443,289.025458228243,509.832,292.596
1784569756402,1,506.017130679627,289.097932223507,509.196,292.365
1784569756502,1,505.489762231263,289.165211290908,508.559,292.133
1784569756602,1,504.959780910235,289.227549647188,507.922,291.902
1784569756702,1,504.427609252662,289.285213475906,507.285,291.671
1784569756802,1,503.893676741643,289.338480520882,506.648,291.439
1784569756902,1,503.358416231121,289.387639794871,506.011,291.208
1784569757002,1,502.822255368121,289.432991084173,505.374,290.976
1784569757102,1,502.285616548706,289.474843724612,504.737,290.745
1784569757202,1,501.748919426674,289.513516140893,504.1,290.514
1784569757302,1,501.212581443479,289.549335508563,503.463,290.282
1784569757402,1,500.67701376801,289.582636867484,502.826,290.051
1784569757502,1,500.142627243023,289.613762274529,502.189,289.82
1784569757602,1,499.60983554538,289.643060393725,501.552,289.588
1784569757702,1,499.07905465511,289.670885161159,500.915,289.357
1784569757802,1,498.550703734965,289.697592369431,500.278,289.126
1784569757902,1,498.025205218511,289.723537897285,499.641,288.894
1784569758002,1,497.502978616373,289.749077039248,499.004,288.663
1784569758102,1,496.984439249681,289.774563409948,498.368,288.432
1784569758202,1,496.469990417581,289.800345664428,497.731,288.2
1784569758302,1,495.960008121389,289.826765853547,497.094,287.969
1784569758402,1,495.45483944109,289.854159306546,496.457,287.738
1784569758502,1,494.954806594954,289.882855427082,495.82,287.506
1784569758602,1,494.460215978676,289.913178252304,495.183,287.275
1784569758702,1,493.971362414269,289.945446443034,494.546,287.044
1784569758802,1,493.488532415205,289.979971767794,493.909,286.812
1784569758902,1,493.011999535738,290.01705281054,493.272,286.581
1784569759002,1,492.541997913246,290.056970825382,492.635,286.35
1784569759102,1,492.078717059163,290.099988290222,491.998,286.118
1784569759202,1,491.622302974105,290.146346196126,491.545,286.103
1784569759302,1,491.172858285301,290.196264249551,491.312,286.346
1784569759402,1,490.730442446159,290.249945572595,491.079,286.589
1784569759502,1,490.295093853215,290.3075805161,490.845,286.831
1784569759602,1,489.866842721451,290.369347160301,490.612,287.074
1784569759702,1,489.445714546286,290.435411038503,490.379,287.317
1784569759802,1,489.031732107877,290.505924532131,490.145,287.56
1784569759902,1,488.624915415278,290.581025302749,489.912,287.802
1784569760002,1,488.225275451437,290.660835914015,489.679,288.045
1784569760102,1,487.832813764887,290.745464552291,489.445,288.288
1784569760202,1,487.447524267422,290.835004919038,489.212,288.531
1784569760302,1,487.069395140026,290.929535859015,488.979,288.773
1784569760402,1,486.698410849152,291.029121329091,488.746,289.016
1784569760502,1,486.334553151552,291.133811125984,488.512,289.259
1784569760602,1,485.977800560295,291.243641975624,488.279,289.501
1784569760702,1,485.62812872009,291.35864225433,488.046,289.744
1784569760802,1,485.285508103658,291.478833156054,487.812,289.987
1784569760902,1,484.949902275586,291.604228301189,487.579,290.23
1784569761002,1,484.621268294509,291.734834836101,487.346,290.472
1784569761102,1,484.299547763458,291.870653487792,487.112,290.715
1784569761202,1,483.984675311408,292.011683677794,486.879,290.958
1784569761302,1,483.676570781988,292.15791995086,486.646,291.201
1784569761402,1,483.375150233782,292.30935230708,486.412,291.443
1784569761502,1,483.08031693215,292.465963113163,486.179,291.686
1784569761602,1,482.791972200415,292.627725594084,485.946,291.929
1784569761702,1,482.510020324837,292.7946033491,485.712,292.172
1784569761802,1,482.234365631592,292.966550586391,485.479,292.414
1784569761902,1,481.96489671997,293.143511965377,485.246,292.657
1784569762002,1,481.701483486769,293.325423466294,485.013,292.9
1784569762102,1,481.443978389782,293.512212626904,484.779,293.143
1784569762202,1,481.192217264477,293.703797857099,484.546,293.385
1784569762302,1,480.946020112507,293.900088629592,484.313,293.628
1784569762402,1,480.705199819885,294.10098952516,484.079,293.871
1784569762502,1,480.469573686031,294.306402346819,483.846,294.114
1784569762602,1,480.238953258889,294.516223922591,483.613,294.356
1784569762702,1,480.013136909932,294.730347912757,483.379,294.599
1784569762802,1,479.791917717241,294.94866800049,483.146,294.842
1784569762902,1,479.575074123945,295.171081799435,482.913,295.085
1784569763002,1,479.362369614615,295.397491477795,482.679,295.327
1784569763102,1,479.153563135633,295.627803436471,482.446,295.57
1784569763202,1,478.948417643051,295.861927451863,482.213,295.813
1784569763302,1,478.746702879582,296.099776150644,481.98,296.056
1784569763402,1,478.548196470647,296.341266073832,481.746,296.298
1784569763502,1,478.352685311703,296.586317286274,481.513,296.541
1784569763602,1,478.159967918815,296.834853461553,481.28,296.784
1784569763702,1,477.969855418307,297.08680293635,481.046,297.027
1784569763802,1,477.782171348922,297.342098536962,480.813,297.269
1784569763902,1,477.596752275808,297.600676924363,480.58,297.512
1784569764002,1,477.413448116052,297.862478574082,480.346,297.755
1784569764102,1,477.232120148669,298.127448567599,480.113,297.997
1784569764202,1,477.052639143701,298.395537150945,479.88,298.24
1784569764302,1,476.874887227632,298.666699747704,479.646,298.483
1784569764402,1,476.698758388175,298.940896729951,479.413,298.726
1784569764502,1,476.524157043527,299.218093315669,479.18,298.968
1784569764602,1,476.351001169296,299.498258596101,478.947,299.211
1784569764702,1,476.179224073619,299.781364440914,478.713,299.454
1784569764802,1,476.008774749014,300.067384832908,478.48,299.697
1784569764902,1,475.839616637227,300.356295629131,478.247,299.939
1784569765002,1,475.671725795814,300.648076888129,478.013,300.182
1784569765102,1,475.505083200504,300.942714474702,477.78,300.425
1784569765202,1,475.339673954478,301.240200839853,477.547,300.668
1784569765302,1,475.175490257704,301.540535233268,477.313,300.91
1784569765402,1,475.012535098488,301.843723734843,477.08,301.153
1784569765502,1,474.850832496676,302.149780601589,476.847,301.396
1784569765602,1,474.690428266317,302.45872750685,476.613,301.639
1784569765702,1,474.531381849282,302.770592106236,476.38,301.881
1784569765802,1,474.373765289683,303.085406149703,476.147,302.124
1784569765902,1,474.217657359709,303.403202254679,475.914,302.367
1784569766002,1,474.063140083262,303.724012144732,475.68,302.61
1784569766102,1,473.910298820916,304.0478657818,475.447,302.852
1784569766202,1,473.75922299262,304.374790289968,475.214,303.095
1784569766302,1,473.610006366798,304.704809998062,474.98,303.338
1784569766402,1,473.462746063156,305.037947627934,474.747,303.581
1784569766502,1,473.317543234415,305.374225415737,474.514,303.823
1784569766602,1,473.174505392968,305.713663552778,474.28,304.066
1784569766702,1,473.033747499496,306.056276420265,474.047,304.309
1784569766802,1,472.895392632121,306.402070302602,473.814,304.552
1784569766902,1,472.759572221296,306.751041184197,473.58,304.794
1784569767002,1,472.626425003682,307.103174235497,473.347,305.037
1784569767102,1,472.496097233138,307.458447395069,473.114,305.28
1784569767202,1,472.368743191836,307.81683249912,472.88,305.522
1784569767302,1,472.244525101754,308.178296960374,472.647,305.765
1784569767402,1,472.1236126069,308.542802908799,472.414,306.008
1784569767502,1,472.006181489703,308.910305506797,472.181,306.251
1784569767602,1,471.892407781352,309.280751370713,471.947,306.493
1784569767702,1,471.782466104513,309.654077718063,471.714,306.736
1784569767802,1,471.676528064023,310.030212165635,471.481,306.979
1784569767902,1,471.574763102278,310.409071336344,471.247,307.222
1784569768002,1,471.477339378506,310.79055909812,471.014,307.464
1784569768102,1,471.38442469519,311.174565378711,470.875,307.816
1784569768202,1,471.296186502678,311.560966948773,470.91,308.367
1784569768302,1,471.212792047266,311.949627406689,470.945,308.919
1784569768402,1,471.134406676888,312.340397728588,470.98,309.471
1784569768502,1,471.061187667272,312.733117916452,471.014,310.022
1784569768602,1,470.993282331194,313.127619704703,471.049,310.574
1784569768702,1,470.93082836081,313.523726556263,471.084,311.125
1784569768802,1,470.87395466909,313.921255255484,471.119,311.677
1784569768902,1,470.822781377374,314.32001781739,471.154,312.229
1784569769002,1,470.777420781704,314.719821683009,471.189,312.78
1784569769102,1,470.737977288116,315.120471169284,471.223,313.332
1784569769202,1,470.704545531484,315.521766677261,471.258,313.883
1784569769302,1,470.677210991549,315.923503950246,471.293,314.435
1784569769402,1,470.656053014281,316.325472408363,471.328,314.987
1784569769502,1,470.641143027816,316.727454034063,471.363,315.538
1784569769602,1,470.632547954523,317.129225783934,471.397,316.09
1784569769702,1,470.630332571947,317.530559158564,471.432,316.641
1784569769802,1,470.634559447703,317.93121729777,471.467,317.193
1784569769902,1,470.645293429088,318.330951081339,471.502,317.745
1784569770002,1,470.662602854785,318.72949851904,471.537,318.296
1784569770102,1,470.68655950374,319.126580989001,471.572,318.848
1784569770202,1,470.717238513848,319.521901777984,471.606,319.399
1784569770302,1,470.754718963963,319.915149084613,471.641,319.951
1784569770402,1,470.799086510696,320.305997908948,471.676,320.503
1784569770502,1,470.850434290599,320.69411005879,471.711,321.054
1784569770602,1,470.908864043224,321.079137015131,471.746,321.606
1784569770702,1,470.974485653063,321.460720584756,471.781,322.157
1784569770802,1,471.047417459337,321.838496658496,471.815,322.709
1784569770902,1,471.127786390109,322.21209623739,471.85,323.261
1784569771002,1,471.215729389098,322.58114467398,471.885,323.812
1784569771102,1,471.31139550905,322.945263627979,471.92,324.364
1784569771202,1,471.414946097007,323.304074715139,471.955,324.916
1784569771302,1,471.52655457064,323.657200030049,471.99,325.467
1784569771402,1,471.646405789914,324.004265038908,472.024,326.019
1784569771502,1,471.774694364198,324.344901038077,472.059,326.57
1784569771602,1,471.911621067384,324.678749833326,472.094,327.122
1784569771702,1,472.057386374174,325.00546440042,472.129,327.674
1784569771802,1,472.212187683703,325.32470974144,472.164,328.225
1784569771902,1,472.376216339871,325.636162664624,472.199,328.777
1784569772002,1,472.549656333682,325.939511796067,472.233,329.328
1784569772102,1,472.732683501513,326.234461051771,472.268,329.88
1784569772202,1,472.925464734428,326.520730882772,472.303,330.432
1784569772302,1,473.128157429712,326.798058657851,472.338,330.983
1784569772402,1,473.340909368001,327.066198965432,472.373,331.535
1784569772502,1,473.563855824081,327.32492339356,472.407,332.086
1784569772602,1,473.797115855669,327.57402231142,472.442,332.638
1784569772702,1,474.040782673449,327.813306722175,472.477,333.19
1784569772802,1,474.294918118004,328.042608350492,472.512,333.741
1784569772902,1,474.559542398427,328.261780109974,472.547,334.293
1784569773002,1,474.834630610665,328.47069596022,472.582,334.844
1784569773102,1,475.120112595379,328.66925255393,472.616,335.396
1784569773202,1,475.415875981623,328.857372644167,472.651,335.948
1784569773302,1,475.721769678732,329.035006594886,472.686,336.499
1784569773402,1,476.037617611366,329.202136572062,472.721,337.051
1784569773502,1,476.363222403024,329.358780195095,472.797,337.538
1784569773602,1,476.698368211192,329.504991544746,473.391,337.204
1784569773702,1,477.042822887074,329.640860773665,473.986,336.871
1784569773802,1,477.396338658611,329.766513876105,474.581,336.537
1784569773902,1,477.758651975755,329.882111628142,475.176,336.204
1784569774002,1,478.129482776192,329.987846585564,475.771,335.87
1784569774102,1,478.508535707581,330.083940814849,476.366,335.537
1784569774202,1,478.895502269245,330.170644283062,476.961,335.203
1784569774302,1,479.290061565689,330.248232942909,477.556,334.87
1784569774402,1,479.691879730488,330.317006607638,478.151,334.536
1784569774502,1,480.100609770348,330.377286967679,478.745,334.203
1784569774602,1,480.515893326564,330.429416310633,479.34,333.869
1784569774702,1,480.937366605255,330.473754585116,479.935,333.536
1784569774802,1,481.364672827804,330.510677860358,480.53,333.202
1784569774902,1,481.797467616785,330.540577722775,481.125,332.869
1784569775002,1,482.235419179187,330.563860199583,481.72,332.535
1784569775102,1,482.678210875022,330.58094231424,482.315,332.202
1784569775202,1,483.125542344655,330.592251386404,482.91,331.868
1784569775302,1,483.577133453439,330.598224696137,483.504,331.535
1784569775402,1,484.032723666083,330.599308645274,484.099,331.201
1784569775502,1,484.492070441073,330.595955867002,484.694,330.868
1784569775602,1,484.954950096846,330.588624265035,485.289,330.534
1784569775702,1,485.421160034418,330.577776963572,485.884,330.201
1784569775802,1,485.890517535437,330.563882148042,486.479,329.868
1784569775902,1,486.362858100199,330.547412081691,487.074,329.534
1784569776002,1,486.838035321472,330.528841003162,487.669,329.201
1784569776102,1,487.315919690759,330.508641284366,488.264,328.867
1784569776202,1,487.796398370728,330.487282103525,488.858,328.534
1784569776302,1,488.279373623837,330.465228004052,489.453,328.2
1784569776402,1,488.764761279056,330.442937639153,490.048,327.867
1784569776502,1,489.252489179819,330.420862868197,490.643,327.533
1784569776602,1,489.742496281904,330.399447037738,491.238,327.2
1784569776702,1,490.234730698785,330.379123822066,491.833,326.866
1784569776802,1,490.729147408501,330.360316556266,492.428,326.533
1784569776902,1,491.225705993046,330.3434375126,493.023,326.199
1784569777002,1,491.724369031336,330.328886947156,493.617,325.866
1784569777102,1,492.225101957774,330.317050392708,494.212,325.532
1784569777202,1,492.727871854381,330.308296197285,494.807,325.199
1784569777302,1,493.232648863154,330.302974947394,495.402,324.865
1784569777402,1,493.739411360193,330.301418549866,495.997,324.532
1784569777502,1,494.248150465045,330.303938350611,496.592,324.198
1784569777602,1,494.758869038182,330.310824270371,497.187,323.865
1784569777702,1,495.271577553707,330.322343795184,497.782,323.531
1784569777802,1,495.786284706551,330.338736634614,498.377,323.198
1784569777902,1,496.302993029394,330.360204751446,498.967,322.926
1784569778002,1,496.821695552484,330.386909997905,499.514,323.334
1784569778102,1,497.34237339656,330.418974620523,500.061,323.741
1784569778202,1,497.86499523087,330.456483823096,500.607,324.148
1784569778302,1,498.389519463044,330.49948753666,501.154,324.556
1784569778402,1,498.915895838823,330.548001220651,501.701,324.963
1784569778502,1,499.444066580745,330.602005837843,502.247,325.371
1784569778602,1,499.973969552768,330.661448706435,502.794,325.778
1784569778702,1,500.505539368483,330.726248877275,503.341,326.186
1784569778802,1,501.038710906594,330.796303243091,503.887,326.593
1784569778902,1,501.573437488362,330.871488318926,504.434,327.001
1784569779002,1,502.10969359544,330.951664150393,504.981,327.408
1784569779102,1,502.647472618825,331.036679676457,505.527,327.815
1784569779202,1,503.186784338991,331.126373508868,506.074,328.223
1784569779302,1,503.727652119289,331.220573282428,506.621,328.63
1784569779402,1,504.270106345013,331.319095403196,507.167,329.038
1784569779502,1,504.814166039455,331.421744353083,507.714,329.445
1784569779602,1,505.359837357714,331.528312745686,508.261,329.853
1784569779702,1,505.907132967221,331.638583732205,508.807,330.26
1784569779802,1,506.456082231656,331.75233297338,509.354,330.668
1784569779902,1,507.006730583642,331.869328587534,509.901,331.075
1784569780002,1,507.559132156312,331.989330613815,510.447,331.482
1784569780102,1,508.113328001381,332.112089914109,510.994,331.89
1784569780202,1,508.669338700212,332.237345416188,511.541,332.297
1784569780302,1,509.227163121654,332.364824321392,512.087,332.705
1784569780402,1,509.786781465289,332.494247229395,512.634,333.112
1784569780502,1,510.348155023429,332.625332390233,513.181,333.52
1784569780602,1,510.911224656255,332.757803280175,513.727,333.927
1784569780702,1,511.475912494293,332.891389941734,514.274,334.335
1784569780802,1,512.042126635558,333.025828360964,514.821,334.742
1784569780902,1,512.609760501338,333.160860208427,515.367,335.149
1784569781002,1,513.178691495966,333.296233676291,515.914,335.557
1784569781102,1,513.748779250585,333.431703400113,516.461,335.964
1784569781202,1,514.319869862852,333.567031799767,517.007,336.372
1784569781302,1,514.891812220322,333.70199353279,517.554,336.779
1784569781402,1,515.464459931474,333.836376089947,518.101,337.187
1784569781502,1,516.037668648558,333.969979180539,518.647,337.594
1784569781602,1,516.611293694833,334.102614591853,519.194,338.002
1784569781702,1,517.185189476065,334.234108459771,519.741,338.409
1784569781802,1,517.759210569015,334.364305818885,520.287,338.817
1784569781902,1,518.333211272398,334.493071175106,520.834,339.224
1784569782002,1,518.907048650174,334.620287904302,521.381,339.631
1784569782102,1,519.480583266013,334.745857649676,521.927,340.039
1784569782202,1,520.053681706647,334.869700093378,522.474,340.446
1784569782302,1,520.62621809721,334.991754618021,523.015,340.825
1784569782402,1,521.198072840719,335.111983580179,523.496,340.88
1784569782502,1,521.769132429041,335.23037466309,523.977,340.935
1784569782602,1,522.339288460924,335.346942047932,524.457,340.991
1784569782702,1,522.908437945927,335.461725251171,524.938,341.046
1784569782802,1,523.476483032594,335.57479092149,525.419,341.101
1784569782902,1,524.043330822438,335.686232002845,525.899,341.157
1784569783002,1,524.608891252553,335.796161231095,526.38,341.212
1784569783102,1,525.17307448347,335.904700408483,526.861,341.268
1784569783202,1,525.735789378327,336.011973085115,527.341,341.323
1784569783302,1,526.296946570556,336.118102851413,527.822,341.378
1784569783402,1,526.856464213522,336.223212837105,528.303,341.434
1784569783502,1,527.414267212222,336.327425214458,528.783,341.489
1784569783602,1,527.970284667947,336.430861061814,529.264,341.544
1784569783702,1,528.524448244271,336.533641304694,529.745,341.6
1784569783802,1,529.076692266269,336.635885630397,530.225,341.655
1784569783902,1,529.626950811726,336.737708172006,530.706,341.711
1784569784002,1,530.175157182611,336.839221417116,531.187,341.766
1784569784102,1,530.721248280026,336.940551933677,531.667,341.821
1784569784202,1,531.265155087551,337.041824520103,532.148,341.877
1784569784302,1,531.806802700285,337.143159910339,532.629,341.932
1784569784402,1,532.346128213696,337.244688454177,533.109,341.987
1784569784502,1,532.883085567938,337.346555145821,533.59,342.043
1784569784602,1,533.417641370734,337.448917004608,534.071,342.098
1784569784702,1,533.94977403517,337.551940933315,534.551,342.154
1784569784802,1,534.479467115128,337.655798679226,535.032,342.209
1784569784902,1,535.006699110634,337.760661672107,535.513,342.264
1784569785002,1,535.531438878361,337.866697663029,535.993,342.32
1784569785102,1,536.053643589767,337.974071644968,536.474,342.375
1784569785202,1,536.573257407991,338.082943058778,536.955,342.43
1784569785302,1,537.090213766635,338.193464048238,537.435,342.486
1784569785402,1,537.604436973636,338.305779550249,537.916,342.541
1784569785502,1,538.115840635186,338.420027208419,538.397,342.597
1784569785602,1,538.624328880561,338.53633773453,538.877,342.652
1784569785702,1,539.129808407979,338.654837672021,539.358,342.707
1784569785802,1,539.632188757907,338.775649523752,539.839,342.763
1784569785902,1,540.131376800374,338.898890742328,540.319,342.818
1784569786002,1,540.627276145018,339.0246734668,540.8,342.873
1784569786102,1,541.119784804236,339.1531034537,541.281,342.929
1784569786202,1,541.608790832801,339.284279185419,541.761,342.984
1784569786302,1,542.094173997339,339.418291838694,542.242,343.04
1784569786402,1,542.575813803409,339.555227100185,542.723,343.095
1784569786502,1,543.053596721469,339.695165147949,543.203,343.15
1784569786602,1,543.527415920414,339.838181418999,543.684,343.206
1784569786702,1,543.997169422136,339.984351587215,544.165,343.261
1784569786802,1,544.462759483582,340.133751675503,544.645,343.316
1784569786902,1,544.92409656493,340.286454866641,545.126,343.372
1784569787002,1,545.381100038826,340.442530518095,545.607,343.427
1784569787102,1,545.833699421603,340.602044808631,546.087,343.482
1784569787202,1,546.28183382136,340.765060348266,546.568,343.538
1784569787302,1,546.725454956135,340.931636119967,547.049,343.593
1784569787402,1,547.164547638463,341.101831109737,547.529,343.649
1784569787502,1,547.599141225341,341.275710940642,548.01,343.704
1784569787602,1,548.029298649316,341.453350749013,548.491,343.759
1784569787702,1,548.455115562619,341.634842030003,548.972,343.815
1784569787802,1,548.876733941872,341.820301665426,549.452,343.87
1784569787902,1,549.294318254411,342.009869731436,549.933,343.925
1784569788002,1,549.708022022298,342.203694781679,550.414,343.981
1784569788102,1,550.117969895365,342.401929617261,550.894,344.036
1784569788202,1,550.524253197005,342.604729565384,551.375,344.092
1784569788302,1,550.926930786751,342.812249005957,551.856,344.147
1784569788402,1,551.32603828558,343.024642966403,552.336,344.202
1784569788502,1,551.72158897208,343.242066500409,552.787,344.299
1784569788602,1,552.113571913219,343.46467170117,552.893,344.873
1784569788702,1,552.501949956024,343.692607928812,553,345.447
1784569788802,1,552.886657267158,343.926027146215,553.106,346.021
1784569788902,1,553.267597787982,344.165082802408,553.213,346.595
1784569789002,1,553.644647415489,344.40993052774,553.319,347.169
1784569789102,1,554.017661718945,344.660727015684,553.426,347.743
1784569789202,1,554.386481208964,344.917625548977,553.532,348.316
1784569789302,1,554.750948661303,345.180767377054,553.639,348.89
1784569789402,1,555.110912154905,345.450266995308,553.745,349.464
1784569789502,1,555.46622423989,345.726206815389,553.852,350.038
1784569789602,1,555.81674288422,346.008635899488,553.958,350.612
1784569789702,1,556.162327472266,346.297570021289,554.065,351.186
1784569789802,1,556.502837677153,346.592992104779,554.171,351.76
1784569789902,1,556.838133030295,346.894852620726,554.277,352.334
1784569790002,1,557.168071555783,347.203071274244,554.384,352.908
1784569790102,1,557.492509463934,347.517538110341,554.49,353.482
1784569790202,1,557.811312363817,347.838123411132,554.597,354.055
1784569790302,1,558.124386316181,348.164695453615,554.703,354.629
1784569790402,1,558.431686235996,348.497126045361,554.81,355.203
1784569790502,1,558.733215471173,348.835289710462,554.916,355.777
1784569790602,1,559.029024495717,349.179063329111,555.023,356.351
1784569790702,1,559.319195232489,349.528331287149,555.129,356.925
1784569790802,1,559.603782606169,349.882995133837,555.236,357.499
1784569790902,1,559.882798920798,350.242983320372,555.342,358.073
1784569791002,1,560.156217166501,350.608255621614,555.449,358.647
1784569791102,1,560.423988259038,350.97881149052,555.555,359.221
1784569791202,1,560.686044393192,351.354692668013,555.662,359.794
1784569791302,1,560.942297790299,351.735986701304,555.768,360.368
1784569791402,1,561.192641268623,352.12281996757,555.874,360.942
1784569791502,1,561.436958881095,352.515341974972,555.981,361.516
1784569791602,1,561.675145456293,352.913674829413,556.087,362.09
1784569791702,1,561.90711179176,353.31789920972,556.194,362.664
1784569791802,1,562.132785897386,353.728053579412,556.3,363.238
1784569791902,1,562.352116366927,354.144139357775,556.407,363.812
1784569792002,1,562.565085726885,354.566131085724,556.513,364.386
1784569792102,1,562.77171298648,354.993977229418,556.62,364.96
1784569792202,1,562.972049682095,355.427598706118,556.726,365.533
1784569792302,1,563.166166247756,355.866888339028,556.833,366.107
1784569792402,1,563.354144822285,356.31170710855,556.939,366.681
1784569792502,1,563.536077517952,356.761882111704,557.046,367.255
1784569792602,1,563.712065252176,357.217207370442,557.152,367.829
1784569792702,1,563.88221574473,357.677444667371,557.258,368.403
1784569792802,1,564.046642410465,358.142325654648,557.365,368.977
1784569792902,1,564.205463562433,358.611564993585,557.471,369.551
1784569793002,1,564.358808811278,359.084864516874,557.578,370.125
1784569793102,1,564.506846999235,359.561911940278,557.684,370.699
1784569793202,1,564.649792654162,360.042379566379,557.791,371.272
1784569793302,1,564.787905296925,360.52592338397,557.897,371.846
1784569793402,1,564.921488772551,361.012186213043,558.004,372.42
1784569793502,1,565.05088607042,361.500805325761,558.11,372.994
1784569793602,1,565.176460571176,361.991430565235,558.217,373.568
1784569793702,1,565.298590907806,362.483726912757,557.989,373.365
1784569793802,1,565.417670377891,362.977377798229,557.606,372.802
1784569793902,1,565.534100114219,363.472105222961,557.223,372.239
1784569794002,1,565.648263488762,363.967673312099,556.84,371.676
1784569794102,1,565.760519306516,364.463887055468,556.457,371.113
1784569794202,1,565.871201269129,364.960589011263,556.074,370.55
1784569794302,1,565.980617165131,365.457651624668,555.691,369.986
1784569794402,1,566.089047241777,365.95497246626,555.307,369.423
1784569794502,1,566.196741306106,366.452472444356,554.924,368.86
1784569794602,1,566.303909786755,366.950091284715,554.541,368.297
1784569794702,1,566.410720368993,367.447784315911,554.158,367.734
1784569794802,1,566.517297848088,367.945519447705,553.775,367.17
1784569794902,1,566.62373644904,368.443275475445,553.392,366.607
1784569795002,1,566.730104016165,368.941039961473,553.009,366.044
1784569795102,1,566.836446033604,369.438806862321,552.626,365.481
1784569735202,2,262.820318730309,226.93242332505,269.897,219.587
1784569735302,2,263.253964375343,226.68159522691,270.292,219.462
1784569735402,2,263.690301764857,226.429211382855,270.686,219.336
1784569735502,2,264.12933571525,226.175269579688,271.081,219.211
1784569735602,2,264.571066927354,225.919768819191,271.475,219.085
1784569735702,2,265.015500149571,225.662704751285,271.869,218.96
1784569735802,2,265.462658241469,225.404058085503,272.264,218.834
1784569735902,2,265.912561745773,225.143811319622,272.658,218.709
1784569736002,2,266.365251870804,224.881928774405,273.052,218.584
1784569736102,2,266.820790827324,224.61835675288,273.447,218.458
1784569736202,2,267.279237034887,224.353046902512,273.841,218.333
1784569736302,2,267.740634338319,224.085963768302,274.236,218.207
1784569736402,2,268.205013100603,223.817084668345,274.63,218.082
1784569736502,2,268.672389416736,223.546399404709,275.024,217.956
1784569736602,2,269.142764331392,223.273907594976,275.419,217.831
1784569736702,2,269.616126594508,222.999617085402,275.813,217.705
1784569736802,2,270.092454716247,222.723542357733,276.208,217.58
1784569736902,2,270.571716708758,222.445705072188,276.602,217.454
1784569737002,2,271.05387466536,222.166131599358,276.996,217.329
1784569737102,2,271.538908523823,221.884839694046,277.391,217.203
1784569737202,2,272.026821033802,221.601835950108,277.785,217.078
1784569737302,2,272.517637434643,221.317117114422,278.18,216.953
1784569737402,2,273.01139563241,221.030677887902,278.574,216.827
1784569737502,2,273.50811206674,220.74253758952,278.968,216.702
1784569737602,2,274.007775863467,220.452744308335,279.363,216.576
1784569737702,2,274.510359281447,220.161368188726,279.757,216.451
1784569737802,2,275.015812887142,219.868509099103,280.152,216.325
1784569737902,2,275.524061971085,219.574299955944,280.546,216.2
1784569738002,2,276.035002022779,219.278910500607,280.94,216.074
1784569738102,2,276.54848589952,218.982558960465,281.335,215.949
1784569738202,2,277.064315722445,218.685514282928,281.729,215.823
1784569738302,2,277.582240010934,218.388091995835,282.124,215.698
1784569738402,2,278.10195929121,218.09063018937,282.518,215.572
1784569738502,2,278.623141228842,217.793475069636,282.912,215.447
1784569738602,2,279.145422048841,217.496979402024,283.307,215.322
1784569738702,2,279.668404446422,217.201501440528,283.701,215.196
1784569738802,2,280.191655039032,216.907407873328,284.095,215.071
1784569738902,2,280.714702037902,216.615072438599,284.49,214.945
1784569739002,2,281.23703331386,216.324874043115,284.884,214.82
1784569739102,2,281.758094649055,216.037199029402,285.279,214.694
1784569739202,2,282.277289949081,215.752446944723,285.673,214.569
1784569739302,2,282.793983356027,215.471023228023,286.067,214.443
1784569739402,2,283.307500724007,215.19333725227,286.462,214.318
1784569739502,2,283.817144076012,214.919803590098,286.856,214.192
1784569739602,2,284.322211956997,214.650840325451,287.251,214.067
1784569739702,2,284.822005574798,214.386861446161,287.645,213.941
1784569739802,2,285.315836278304,214.128274706735,288.039,213.816
1784569739902,2,285.803025697286,213.875480747589,288.434,213.691
1784569740002,2,286.282904031692,213.628867609443,288.828,213.565
1784569740102,2,286.754808952106,213.38880473461,289.223,213.44
1784569740202,2,287.218085531426,213.15564283459,289.617,213.314
1784569740302,2,287.672092648937,212.929714934673,290.011,213.189
1784569740402,2,288.116203403949,212.711337585562,290.406,213.063
1784569740502,2,288.549805243243,212.500811895438,290.8,212.938
1784569740602,2,288.972298951428,212.298424055098,291.195,212.812
1784569740702,2,289.383099889904,212.104444752792,291.589,212.687
1784569740802,2,289.781647928498,211.919124953684,291.983,212.561
1784569740902,2,290.167407805673,211.742695073255,292.378,212.436
1784569741002,2,290.53987063927,211.575360873776,292.772,212.31
1784569741102,2,290.898565660266,211.417301505236,293.167,212.185
1784569741202,2,291.243061425227,211.268669782985,293.561,212.06
1784569741302,2,291.572961656789,211.129593089056,293.955,211.934
1784569741402,2,291.887902340573,211.000176092576,294.35,211.809
1784569741502,2,292.187546821269,210.880509655803,294.744,211.683
1784569741602,2,292.471578765091,210.770676801056,295.138,211.558
1784569741702,2,292.739699529106,210.670754129277,295.533,211.432
1784569741802,2,292.991627698232,210.580811608649,295.927,211.307
1784569741902,2,293.22710434232,210.500907259008,296.322,211.181
1784569742002,2,293.445905527287,210.431074941986,296.716,211.056
1784569742102,2,293.64784791177,210.371319940448,297.11,210.93
1784569742202,2,293.832787552951,210.321619389664,297.505,210.805
1784569742302,2,294.000615497978,210.28192427431,297.899,210.679
1784569742402,2,294.151256275585,210.252160489035,298.294,210.554
1784569742502,2,294.284669775011,210.232230063996,298.25,210.69
1784569742602,2,294.400854689169,210.222011888644,297.79,211.075
1784569742702,2,294.499843754601,210.221366642779,297.33,211.459
1784569742802,2,294.581703238227,210.230136807466,296.87,211.844
1784569742902,2,294.646538608114,210.248139755316,296.41,212.229
1784569743002,2,294.694494390562,210.275163981583,295.95,212.613
1784569743102,2,294.725748685301,210.310975744451,295.49,212.998
1784569743202,2,294.74051623895,210.355310586362,295.03,213.382
1784569743302,2,294.739044556897,210.407874190366,294.57,213.767
1784569743402,2,294.721593623086,210.468356523493,294.11,214.152
1784569743502,2,294.688425124303,210.536436480019,293.65,214.536
1784569743602,2,294.639808753913,210.611780234107,293.19,214.921
1784569743702,2,294.576024429826,210.69404047829,292.73,215.305
1784569743802,2,294.497362103755,210.782856101539,292.27,215.69
1784569743902,2,294.404123524517,210.877849025751,291.81,216.075
1784569744002,2,294.29662988569,210.97861695811,291.351,216.459
1784569744102,2,294.175213342682,211.084740853742,290.891,216.844
1784569744202,2,294.040209382764,211.195791660129,290.431,217.228
1784569744302,2,293.89195597936,211.311331068261,289.971,217.613
1784569744402,2,293.73079416339,211.430911048232,289.511,217.997
1784569744502,2,293.55707040192,211.554073138323,289.051,218.382
1784569744602,2,293.371144348378,211.680346909246,288.591,218.767
1784569744702,2,293.173391294893,211.809249244178,288.131,219.151
1784569744802,2,292.964200226169,211.940287812398,287.671,219.536
1784569744902,2,292.743960523291,212.072978418474,287.211,219.92
1784569745002,2,292.513051022279,212.206852435362,286.751,220.305
1784569745102,2,292.271839152485,212.341456807572,286.291,220.69
1784569745202,2,292.020684251651,212.476352467328,285.831,221.074
1784569745302,2,291.759950151772,212.611106161935,285.371,221.459
1784569745402,2,291.490020045384,212.745272607929,284.911,221.843
1784569745502,2,291.211301621752,212.878388777626,284.451,222.228
1784569745602,2,290.924228209631,213.009973424562,283.991,222.613
1784569745702,2,290.629259637232,213.139526914379,283.531,222.997
1784569745802,2,290.326877118618,213.266536908246,283.072,223.382
1784569745902,2,290.017563271742,213.390498734727,282.612,223.766
1784569746002,2,289.701798158685,213.510920066665,282.152,224.151
1784569746102,2,289.380060737952,213.627320291789,281.692,224.536
1784569746202,2,289.052832592514,213.739228792516,281.232,224.92
1784569746302,2,288.720610110304,213.846178803033,280.772,225.305
1784569746402,2,288.383911019825,213.947703238025,280.312,225.689
1784569746502,2,288.043269026742,214.04333876706,279.852,226.074
1784569746602,2,287.699227535129,214.132627357306,279.392,226.458
1784569746702,2,287.352368281045,214.21509711347,278.932,226.843
1784569746802,2,287.003292656377,214.290272546707,278.472,227.228
1784569746902,2,286.652605989547,214.357682975961,278.012,227.612
1784569747002,2,286.300919102351,214.416862258136,277.552,227.997
1784569747102,2,285.948857807365,214.467344869956,277.092,228.381
1784569747202,2,285.59704826437,214.50868107986,276.632,228.766
1784569747302,2,285.246080287964,214.540486094109,276.172,229.151
1784569747402,2,284.896490240679,214.562456930018,275.712,229.535
1784569747502,2,284.548754220818,214.574378464422,275.425,229.459
1784569747602,2,284.203287083783,214.576126943534,275.328,228.874
1784569747702,2,283.860444009786,214.567670154668,275.231,228.289
1784569747802,2,283.52052523401,214.549063703044,275.134,227.704
1784569747902,2,283.183792463564,214.520430915961,275.036,227.119
1784569748002,2,282.850474632977,214.481947877856,274.939,226.535
1784569748102,2,282.520768882318,214.433839167511,274.842,225.95
1784569748202,2,282.194835120155,214.376374729766,274.745,225.365
1784569748302,2,281.872791888058,214.309870133295,274.648,224.78
1784569748402,2,281.55471319091,214.234690365824,274.551,224.195
1784569748502,2,281.240628668089,214.15125485364,274.454,223.61
1784569748602,2,280.93052486974,214.060038941806,274.357,223.026
1784569748702,2,280.62434716816,213.961575113182,274.259,222.441
1784569748802,2,280.322007323961,213.85644817459,274.162,221.856
1784569748902,2,280.023397793406,213.745271175851,274.065,221.271
1784569749002,2,279.728431104373,213.628655534993,273.968,220.686
1784569749102,2,279.437056029456,213.507200927887,273.871,220.101
1784569749202,2,279.149264696303,213.381488480883,273.774,219.516
1784569749302,2,278.865044654187,213.252103882698,273.677,218.932
1784569749402,2,278.584366955757,213.119644181557,273.58,218.347
1784569749502,2,278.307191541535,212.984713531144,273.482,217.762
1784569749602,2,278.03347991113,212.847908657935,273.385,217.177
1784569749702,2,277.763183644132,212.709828090725,273.288,216.592
1784569749802,2,277.496239563671,212.571075731141,273.191,216.007
1784569749902,2,277.232570257366,212.432261573021,273.094,215.423
1784569750002,2,276.972084058597,212.294002786717,272.997,214.838
1784569750102,2,276.714673641122,212.156924798128,272.9,214.253
1784569750202,2,276.460216859732,212.021661644825,272.802,213.668
1784569750302,2,276.208578550479,211.888855124868,272.705,213.083
1784569750402,2,275.959614614532,211.75915138693,272.608,212.498
1784569750502,2,275.713175813333,211.633195214733,272.511,211.913
1784569750602,2,275.469109412165,211.511629225734,272.414,211.329
1784569750702,2,275.22726069237,211.395093838586,272.317,210.744
1784569750802,2,274.987478912755,211.284220153881,272.22,210.159
1784569750902,2,274.749632157797,211.179609238794,272.123,209.574
1784569751002,2,274.513611949723,211.081827299663,272.025,208.989
1784569751102,2,274.279330964357,210.991408725429,271.928,208.404
1784569751202,2,274.046709267449,210.908867604094,271.831,207.82
1784569751302,2,273.81566570504,210.834702661077,271.734,207.235
1784569751402,2,273.586108248368,210.769399659663,271.637,206.65
1784569751502,2,273.357932605139,210.713432181554,271.54,206.065
1784569751602,2,273.13102448401,210.667261004744,271.443,205.48
1784569751702,2,272.905265502304,210.631329991154,271.345,204.895
1784569751802,2,272.680535458515,210.606062892861,271.248,204.31
1784569751902,2,272.456713489646,210.591862326658,271.151,203.726
1784569752002,2,272.233679007095,210.589109380714,271.054,203.141
1784569752102,2,272.011312606752,210.598161131732,270.957,202.556
1784569752202,2,271.789497259534,210.619346980219,270.86,201.971
1784569752302,2,271.568121051584,210.652965813891,270.763,201.386
1784569752402,2,271.347082584021,210.699282388273,270.666,200.801
1784569752502,2,271.126291309137,210.758522746028,270.568,200.217
1784569752602,2,270.905669289787,210.830869617954,270.428,200.58
1784569752702,2,270.685152958942,210.916460502398,270.281,201.082
1784569752802,2,270.464689992547,211.015389252953,270.135,201.583
1784569752902,2,270.244230355791,211.127711085952,269.988,202.084
1784569753002,2,270.023726484549,211.253441896282,269.841,202.586
1784569753102,2,269.80313463789,211.392557404891,269.695,203.087
1784569753202,2,269.582415202607,211.54499343358,269.548,203.589
1784569753302,2,269.361533584399,211.710646920189,269.401,204.09
1784569753402,2,269.140461055764,211.889381490909,269.254,204.591
1784569753502,2,268.919175397094,212.081030306853,269.108,205.093
1784569753602,2,268.697659526381,212.285399786137,268.961,205.594
1784569753702,2,268.475900500907,212.50227371714,268.814,206.096
1784569753802,2,268.25388672827,212.731414530883,268.668,206.597
1784569753902,2,268.031607962072,212.972563110982,268.521,207.099
1784569754002,2,267.809056851819,213.225438723493,268.374,207.6
1784569754102,2,267.586229580693,213.489739139962,268.228,208.101
1784569754202,2,267.363126188146,213.765142718282,268.081,208.603
1784569754302,2,267.139752464845,214.051310387462,267.934,209.104
1784569754402,2,266.916121071192,214.347887785253,267.788,209.606
1784569754502,2,266.692251790443,214.654506018574,267.641,210.107
1784569754602,2,266.46817229668,214.97078078526,267.494,210.609
1784569754702,2,266.243920598265,215.296309731839,267.347,211.11
1784569754802,2,266.019546571711,215.630672085551,267.201,211.611
1784569754902,2,265.795112683043,215.973433316538,267.054,212.113
1784569755002,2,265.570696111299,216.324142145868,266.907,212.614
1784569755102,2,265.346392420173,216.682327002427,266.761,213.116
1784569755202,2,265.122316519782,217.047496611426,266.614,213.617
1784569755302,2,264.898599879816,217.419142974197,266.467,214.118
1784569755402,2,264.67538769994,217.796743687274,266.321,214.62
1784569755502,2,264.452834072221,218.179761223248,266.174,215.121
1784569755602,2,264.231100496965,218.567642996424,266.027,215.623
1784569755702,2,264.010352754395,218.959827147052,265.881,216.124
1784569755802,2,263.790758493615,219.355747739938,265.734,216.626
1784569755902,2,263.572482074508,219.754837550789,265.587,217.127
1784569756002,2,263.355678081908,220.156538368695,265.44,217.628
1784569756102,2,263.140476317584,220.560312853809,265.294,218.13
1784569756202,2,262.926975103632,220.965651524007,265.147,218.631
1784569756302,2,262.715234734567,221.372073731368,265,219.133
1784569756402,2,262.505278505455,221.779131323229,264.854,219.634
1784569756502,2,262.297088952246,222.186413115011,264.707,220.136
1784569756602,2,262.090595654376,222.593554953628,264.56,220.637
1784569756702,2,261.885689873628,223.000225670189,264.414,221.138
1784569756802,2,261.682233021117,223.406119147553,264.267,221.64
1784569756902,2,261.48005811282,223.810952217559,264.12,222.141
1784569757002,2,261.278971303387,224.214462015534,263.973,222.643
1784569757102,2,261.078748475282,224.61640908515,263.827,223.144
1784569757202,2,260.879117954163,225.016596651399,263.68,223.645
1784569757302,2,260.679762978625,225.414871768872,263.533,224.147
1784569757402,2,260.480344770586,225.811116918438,263.387,224.648
1784569757502,2,260.280512053024,226.205243535256,263.24,225.15
1784569757602,2,260.079918600542,226.597174324715,263.093,225.651
1784569757702,2,259.878233349129,226.986837162999,262.947,226.153
1784569757802,2,259.675142481306,227.374163420533,262.8,226.654
1784569757902,2,259.470350083975,227.759086333481,262.653,227.155
1784569758002,2,259.263578849994,228.141539521903,262.507,227.657
1784569758102,2,259.054573902324,228.521455319417,262.36,228.158
1784569758202,2,258.843106426905,228.898765011644,262.213,228.66
1784569758302,2,258.628975166459,229.273398909881,261.994,229.064
1784569758402,2,258.41200738743,229.64528873777,261.688,229.349
1784569758502,2,258.192057086959,230.014369566854,261.381,229.635
1784569758602,2,257.968994666792,230.380579671008,261.074,229.92
1784569758702,2,257.742704783392,230.743859071913,260.768,230.206
1784569758802,2,257.513086401816,231.10414778769,260.461,230.491
1784569758902,2,257.2800547293,231.461383670019,260.154,230.777
1784569759002,2,257.043542213717,231.815500678683,259.848,231.062
1784569759102,2,256.803498347132,232.166427274337,259.541,231.348
1784569759202,2,256.559891437429,232.514084344456,259.235,231.633
1784569759302,2,256.312711982081,232.858383623785,258.928,231.919
1784569759402,2,256.061967723191,233.199233810156,258.621,232.204
1784569759502,2,255.807682783312,233.536542560381,258.315,232.49
1784569759602,2,255.549895868984,233.870215696545,258.008,232.775
1784569759702,2,255.288653102536,234.200158370282,257.701,233.061
1784569759802,2,255.02400639161,234.526279681343,257.395,233.346
1784569759902,2,254.756012151408,234.848493984364,257.088,233.632
1784569760002,2,254.484730254019,235.166722581949,256.781,233.917
1784569760102,2,254.2102247788,235.480893055781,256.475,234.203
1784569760202,2,253.932565303719,235.790937848731,256.168,234.488
1784569760302,2,253.651828454897,236.096792835125,255.861,234.774
1784569760402,2,253.368099264938,236.398394714201,255.555,235.059
1784569760502,2,253.081473980197,236.695674902191,255.248,235.345
1784569760602,2,252.792065695976,236.988557859569,254.941,235.63
1784569760702,2,252.50000400772,237.276962557182,254.635,235.916
1784569760802,2,252.205446224277,237.560801893491,254.328,236.201
1784569760902,2,251.908577515916,237.839981806984,254.021,236.486
1784569761002,2,251.609596531605,238.114400869643,253.715,236.772
1784569761102,2,251.308711714087,238.383950114634,253.408,237.057
1784569761202,2,251.006142150196,238.648512646988,253.101,237.343
1784569761302,2,250.702116566376,238.907965054067,252.795,237.628
1784569761402,2,250.396865958892,239.162179929502,252.488,237.914
1784569761502,2,250.090613428076,239.411033507095,252.181,238.199
1784569761602,2,249.783576217966,239.654404488848,251.875,238.485
1784569761702,2,249.475979698906,239.892164718982,251.568,238.77
1784569761802,2,249.168062016228,240.124177475326,251.261,239.056
1784569761902,2,248.860075525407,240.350296784093,250.955,239.341
1784569762002,2,248.55228597422,240.570367797971,250.648,239.627
1784569762102,2,248.244965073145,240.784231302819,250.341,239.912
1784569762202,2,247.938389748705,240.991724052977,250.035,240.198
1784569762302,2,247.632843569216,241.192677912211,249.728,240.483
1784569762402,2,247.328616836591,241.38691914083,249.421,240.769
1784569762502,2,247.026004639795,241.574268119563,249.115,241.054
1784569762602,2,246.725312230388,241.754541071909,248.808,241.34
1784569762702,2,246.426849472954,241.927558362128,248.501,241.625
1784569762802,2,246.130926882284,242.093143496102,248.195,241.911
1784569762902,2,245.837852587016,242.251112817428,247.888,242.196
1784569763002,2,245.547932403469,242.401272386146,247.581,242.482
1784569763102,2,245.261472063154,242.54341499557,247.275,242.767
1784569763202,2,244.978781464242,242.677312612744,246.968,243.053
1784569763302,2,244.70017313861,242.802722939233,246.661,243.338
1784569763402,2,244.425960794657,242.919394577208,246.355,243.624
1784569763502,2,244.156453317538,243.027074223059,246.048,243.909
1784569763602,2,243.891952643917,243.125507970633,245.741,244.195
1784569763702,2,243.632748290265,243.214440948191,245.435,244.48
1784569763802,2,243.379115291632,243.293617419612,245.128,244.765
1784569763902,2,243.131314974946,243.362780528159,244.821,245.051
1784569764002,2,242.889594142173,243.421674393646,244.515,245.336
1784569764102,2,242.654178238292,243.470053620141,244.208,245.622
1784569764202,2,242.425270499376,243.507685423327,243.901,245.907
1784569764302,2,242.203053836342,243.534348305524,243.595,246.193
1784569764402,2,241.987695118726,243.549827457979,243.288,246.478
1784569764502,2,241.779346986125,243.553913582366,242.981,246.764
1784569764602,2,241.578147118894,243.546403894015,242.675,247.049
1784569764702,2,241.384211743487,243.52710767659,242.368,247.335
1784569764802,2,241.197633300768,243.495851640428,242.062,247.62
1784569764902,2,241.018480649102,243.452481184703,241.755,247.906
1784569765002,2,240.846799051812,243.396861233514,241.448,248.191
1784569765102,2,240.682612928116,243.328875514369,241.142,248.477
1784569765202,2,240.525923070217,243.248429439723,240.835,248.762
1784569765302,2,240.376700638737,243.155458875901,240.528,249.048
1784569765402,2,240.234886053647,243.049932674037,240.222,249.333
1784569765502,2,240.100387732994,242.931854668492,240.075,249.077
1784569765602,2,239.97308092051,242.801267105748,239.958,248.723
1784569765702,2,239.852807381028,242.658251801241,239.841,248.369
1784569765802,2,239.739373191992,242.502931448552,239.724,248.016
1784569765902,2,239.632548529379,242.335470376436,239.607,247.662
1784569766002,2,239.532068430461,242.156072419838,239.49,247.308
1784569766102,2,239.437638708422,241.964973710621,239.373,246.954
1784569766202,2,239.348956781128,241.762437318573,239.256,246.6
1784569766302,2,239.26571890012,241.548748708496,239.138,246.246
1784569766402,2,239.187622102176,241.32421043273,239.021,245.893
1784569766502,2,239.114365776862,241.08913761609,238.904,245.539
1784569766602,2,239.045651014042,240.843857678005,238.787,245.185
1784569766702,2,238.981180672062,240.588711078049,238.67,244.831
1784569766802,2,238.920659845085,240.324050814885,238.553,244.477
1784569766902,2,238.863796027042,240.050238556654,238.436,244.123
1784569767002,2,238.810297127675,239.76764875181,238.319,243.769
1784569767102,2,238.759874266115,239.476665111922,238.202,243.416
1784569767202,2,238.712242987915,239.177679770516,238.084,243.062
1784569767302,2,238.667123432443,238.871094887852,237.967,242.708
1784569767402,2,238.624240977252,238.557322478702,237.85,242.354
1784569767502,2,238.583328059143,238.236781205177,237.733,242
1784569767602,2,238.544126569735,237.909885843355,237.616,241.646
1784569767702,2,238.506388496692,237.577044378999,237.499,241.292
1784569767802,2,238.469875393618,237.238653360133,237.382,240.939
1784569767902,2,238.434355569413,236.895098885894,237.265,240.585
1784569768002,2,238.39960281153,236.546762036502,237.147,240.231
1784569768102,2,238.365396248323,236.194021424347,237.03,239.877
1784569768202,2,238.331520029569,235.837254766355,236.913,239.523
1784569768302,2,238.297762793124,235.476840647903,236.796,239.169
1784569768402,2,238.263915502118,235.113160340378,236.679,238.816
1784569768502,2,238.229770913972,234.746598031504,236.562,238.462
1784569768602,2,238.195122517346,234.377541788499,236.445,238.108
1784569768702,2,238.159761205219,234.006383910555,236.328,237.754
1784569768802,2,238.123474904526,233.633521191875,236.211,237.4
1784569768902,2,238.086050438076,233.259352160003,236.093,237.046
1784569769002,2,238.04727728175,232.884274895148,235.976,236.692
1784569769102,2,238.006952651553,232.508680245314,235.859,236.339
1784569769202,2,237.964882253799,232.132951522673,235.742,235.985
1784569769302,2,237.920878437864,231.757465259415,235.625,235.631
1784569769402,2,237.874759777648,231.38258865692,235.508,235.277
1784569769502,2,237.826350448765,231.008678904163,235.391,234.923
1784569769602,2,237.77547799663,230.636085681946,235.274,234.569
1784569769702,2,237.721976880638,230.265148796487,235.156,234.216
1784569769802,2,237.665692625253,229.896188520975,235.039,233.862
1784569769902,2,237.606480190815,229.529507094816,234.922,233.508
1784569770002,2,237.544194883268,229.16539849753,234.805,233.154
1784569770102,2,237.478690070908,228.804152551667,234.688,232.8
1784569770202,2,237.40981591786,228.4460592761,234.571,232.446
1784569770302,2,237.337417727525,228.091414002416,234.454,232.092
1784569770402,2,237.261336258936,227.740519056181,234.337,231.739
1784569770502,2,237.181408594624,227.393682646949,234.219,231.385
1784569770602,2,237.097464198268,227.051220273323,234.102,231.031
1784569770702,2,237.009325113759,226.713454013008,233.985,230.677
1784569770802,2,236.91681048679,226.380708756474,233.868,230.323
1784569770902,2,236.81973717562,226.053311821878,233.751,229.969
1784569771002,2,236.717917656666,225.731591478741,233.634,229.616
1784569771102,2,236.611163222927,225.415875388999,233.517,229.262
1784569771202,2,236.499286297637,225.106486075821,233.4,228.908
1784569771302,2,236.382100075695,224.80374103516,233.283,228.554
1784569771402,2,236.259415390147,224.507954327074,233.165,228.2
1784569771502,2,236.131042515031,224.219436866828,233.048,227.846
1784569771602,2,235.996790055683,223.938495187412,232.931,227.492
1784569771702,2,235.856463982202,223.665434617026,232.814,227.139
1784569771802,2,235.709867963098,223.400557375318,232.697,226.785
1784569771902,2,235.556803687629,223.144162509155,232.58,226.431
1784569772002,2,235.39706971932,222.89654737867,232.463,226.077
1784569772102,2,235.230461903697,222.658008786133,232.346,225.723
1784569772202,2,235.056774786269,222.428843284153,232.228,225.369
1784569772302,2,234.875802842418,222.209345376516,232.111,225.016
1784569772402,2,234.687341242419,221.999801753231,231.994,224.662
1784569772502,2,234.491186615488,221.800490758397,231.877,224.308
1784569772602,2,234.287136484158,221.611684480669,231.76,223.954
1784569772702,2,234.07498434061,221.433654195142,231.643,223.6
1784569772802,2,233.854519128542,221.266672393597,231.526,223.246
1784569772902,2,233.625527930435,221.11101045276,231.409,222.892
1784569773002,2,233.387803999915,220.966926347009,231.292,222.539
1784569773102,2,233.141149873516,220.834661361519,231.174,222.185
1784569773202,2,232.885378287908,220.714441059528,231.057,221.831
1784569773302,2,232.620312681238,220.606476676889,230.94,221.477
1784569773402,2,232.3457856218,220.510966726928,230.823,221.123
1784569773502,2,232.061633407812,220.428101263102,230.639,220.929
1784569773602,2,231.767690962321,220.358064834631,230.335,221.021
1784569773702,2,231.463788837356,220.301041120903,230.031,221.113
1784569773802,2,231.149757831377,220.257205443425,229.727,221.205
1784569773902,2,230.825433145239,220.226720628698,229.424,221.296
1784569774002,2,230.49067729732,220.209715591554,229.12,221.388
1784569774102,2,230.145439982963,220.206233817725,228.816,221.48
1784569774202,2,229.789774525557,220.216219908725,228.512,221.571
1784569774302,2,229.423844529564,220.239513770038,228.208,221.663
1784569774402,2,229.047926015159,220.275845490596,227.904,221.755
1784569774502,2,228.6623390082,220.324891778578,227.601,221.847
1784569774602,2,228.267417414114,220.386309600392,227.297,221.938
1784569774702,2,227.863506753239,220.459741740914,226.993,222.03
1784569774802,2,227.450964255511,220.544819292541,226.689,222.122
1784569774902,2,227.030160819912,220.641161175922,226.385,222.214
1784569775002,2,226.601484327984,220.7483715895,226.081,222.305
1784569775102,2,226.165337598432,220.866044183947,225.778,222.397
1784569775202,2,225.72213099941,220.993768338117,225.474,222.489
1784569775302,2,225.272284772689,221.131121634129,225.17,222.581
1784569775402,2,224.816227227175,221.277674885765,224.866,222.672
1784569775502,2,224.354395610519,221.432993645272,224.562,222.764
1784569775602,2,223.887238147953,221.596637643426,224.258,222.856
1784569775702,2,223.415216089274,221.768160239339,223.955,222.947
1784569775802,2,222.938807941349,221.947104427718,223.651,223.039
1784569775902,2,222.458515923659,222.132993755975,223.347,223.131
1784569776002,2,221.974855702053,222.325343222916,223.043,223.223
1784569776102,2,221.488354710468,222.523657800701,222.739,223.314
1784569776202,2,220.999554289123,222.727430441616,222.435,223.406
1784569776302,2,220.509011615935,222.936142759114,222.132,223.498
1784569776402,2,220.01729235935,223.149274052711,221.828,223.59
1784569776502,2,219.524936970824,223.3663202798,221.524,223.681
1784569776602,2,219.032459652405,223.586795192403,221.22,223.773
1784569776702,2,218.540366669547,223.81022326951,220.916,223.865
1784569776802,2,218.049142181879,224.036146321431,220.612,223.957
1784569776902,2,217.559245780093,224.264125689381,220.309,224.048
1784569777002,2,217.071118556523,224.493732122888,220.005,224.14
1784569777102,2,216.585181517565,224.72455483019,219.701,224.232
1784569777202,2,216.101837697182,224.956202017862,219.397,224.323
1784569777302,2,215.621479527208,225.188291987345,219.093,224.415
1784569777402,2,215.144494391057,225.420450359049,218.789,224.507
1784569777502,2,214.671279884077,225.652302769516,218.486,224.599
1784569777602,2,214.202261547128,225.883451679897,218.182,224.69
1784569777702,2,213.737880043906,226.113483794194,217.878,224.782
1784569777802,2,213.278583135163,226.341972778897,217.574,224.874
1784569777902,2,212.824822040682,226.568482963733,217.27,224.966
1784569778002,2,212.377033076055,226.792591186261,216.966,225.057
1784569778102,2,211.935622609591,227.013907500886,216.663,225.149
1784569778202,2,211.500965532968,227.232079110063,216.359,225.241
1784569778302,2,211.073407324411,227.446788775871,216.055,225.333
1784569778402,2,210.653265821848,227.657752450245,215.751,225.424
1784569778502,2,210.240834998754,227.864714663732,215.447,225.516
1784569778602,2,209.836393709074,228.06743534766,215.143,225.608
1784569778702,2,209.440210854378,228.265685842534,214.84,225.699
1784569778802,2,209.052554989692,228.459245709965,214.536,225.791
1784569778902,2,208.673703702127,228.647892765998,214.232,225.883
1784569779002,2,208.303945398943,228.831402222682,213.928,225.975
1784569779102,2,207.943571198528,229.009557325444,213.624,226.066
1784569779202,2,207.592858595033,229.182161312304,213.32,226.158
1784569779302,2,207.252063927236,229.349044783628,213.017,226.25
1784569779402,2,206.921421096412,229.510069743157,212.713,226.342
1784569779502,2,206.601136396905,229.665134089035,212.409,226.433
1784569779602,2,206.291386396304,229.814175891634,212.105,226.525
1784569779702,2,205.99231316112,229.957185432742,211.801,226.617
1784569779802,2,205.704024305952,230.094207264344,211.497,226.709
1784569779902,2,205.426596322337,230.225335277358,211.194,226.8
1784569780002,2,205.160088024544,230.350692343477,210.89,226.892
1784569780102,2,204.904550047933,230.470423515613,210.586,226.984
1784569780202,2,204.660036590636,230.584681101336,210.282,227.075
1784569780302,2,204.426614229085,230.693616346637,209.978,227.167
1784569780402,2,204.204364181718,230.797376152177,209.674,227.259
1784569780502,2,203.993382566747,230.89610441732,209.371,227.351
1784569780602,2,203.793779155383,230.989942919405,209.067,227.442
1784569780702,2,203.605668752871,231.079033052752,208.763,227.534
1784569780802,2,203.429163187097,231.163516391512,208.459,227.626
1784569780902,2,203.2643704215,231.243534432289,208.155,227.718
1784569781002,2,203.111396919186,231.319227096843,207.851,227.809
1784569781102,2,202.970354632904,231.390727845216,207.548,227.901
1784569781202,2,202.84136333695,231.458162081058,207.244,227.993
1784569781302,2,202.724550129941,231.521646725081,206.94,228.085
1784569781402,2,202.620045180204,231.581289971415,206.636,228.176
1784569781502,2,202.527979959897,231.637193889211,206.332,228.268
1784569781602,2,202.44848321547,231.689465919485,206.028,228.36
1784569781702,2,202.381680514406,231.73822036898,205.725,228.451
1784569781802,2,202.327695579892,231.783573643954,205.421,228.543
1784569781902,2,202.286651152631,231.825642902211,205.117,228.635
1784569782002,2,202.258668869785,231.864544622951,204.813,228.727
1784569782102,2,202.243868082278,231.900389456296,204.509,228.818
1784569782202,2,202.242361242037,231.933280448147,204.205,228.91
1784569782302,2,202.254252104879,231.963311940596,203.902,229.002
1784569782402,2,202.279632468295,231.990570295764,203.598,229.094
1784569782502,2,202.318579308811,232.01513355877,203.294,229.185
1784569782602,2,202.371153981557,232.037069555884,202.99,229.277
1784569782702,2,202.437400722562,232.056436055142,202.686,229.369
1784569782802,2,202.517343631364,232.073282814451,202.382,229.461
1784569782902,2,202.610988094044,232.087649132522,202.079,229.552
1784569783002,2,202.718321068804,232.099563197168,202.341,229.628
1784569783102,2,202.839310707492,232.109045503105,202.714,229.7
1784569783202,2,202.973906535968,232.116108787049,203.088,229.773
1784569783302,2,203.122041755944,232.120755404908,203.462,229.845
1784569783402,2,203.283633998012,232.122982979592,203.836,229.918
1784569783502,2,203.458584334111,232.122792273304,204.21,229.99
1784569783602,2,203.646778050313,232.12017974894,204.584,230.063
1784569783702,2,203.848088062947,232.115135778397,204.957,230.135
1784569783802,2,204.062375251186,232.107653461169,205.331,230.207
1784569783902,2,204.289488948794,232.097723347636,205.705,230.28
1784569784002,2,204.529271886202,232.085331641427,206.079,230.352
1784569784102,2,204.781562041938,232.070460764582,206.453,230.425
1784569784202,2,205.046194726385,232.053089570808,206.827,230.497
1784569784302,2,205.323002297322,232.033193666671,207.201,230.57
1784569784402,2,205.611813304085,232.010746611043,207.574,230.642
1784569784502,2,205.91245130063,231.985720435886,207.948,230.715
1784569784602,2,206.224733524146,231.958086018862,208.322,230.787
1784569784702,2,206.548469600718,231.927814526318,208.696,230.859
1784569784802,2,206.883460489846,231.894879014503,209.07,230.932
1784569784902,2,207.229498297499,231.859256143385,209.444,231.004
1784569785002,2,207.586369515617,231.820928723334,209.818,231.077
1784569785102,2,207.953854703426,231.77988641562,210.191,231.149
1784569785202,2,208.331727786733,231.736125516197,210.565,231.222
1784569785302,2,208.719756826501,231.689647902787,210.939,231.294
1784569785402,2,209.117703559547,231.640461085619,211.313,231.367
1784569785502,2,209.525323807759,231.588578475134,211.687,231.439
1784569785602,2,209.942369944528,231.534020084158,212.061,231.511
1784569785702,2,210.368591223598,231.476813131908,212.435,231.584
1784569785802,2,210.803731088267,231.41699307383,212.808,231.656
1784569785902,2,211.24752719244,231.354603086546,213.182,231.729
1784569786002,2,211.699712463297,231.289695677243,213.556,231.801
1784569786102,2,212.160013646362,231.222334717259,213.93,231.874
1784569786202,2,212.628149646862,231.152596350512,214.304,231.946
1784569786302,2,213.103830995629,231.080570667248,214.678,232.019
1784569786402,2,213.586758256469,231.006366673039,215.052,232.091
1784569786502,2,214.076620058436,230.930113458491,215.425,232.164
1784569786602,2,214.573090999552,230.851960711822,215.799,232.236
1784569786702,2,215.075830906874,230.772078784849,216.173,232.308
1784569786802,2,215.584487881269,230.690657503127,216.547,232.381
1784569786902,2,216.098701001533,230.607904424711,216.921,232.453
1784569787002,2,216.618098930655,230.524044751886,217.295,232.526
1784569787102,2,217.142297693065,230.43932138137,217.668,232.598
1784569787202,2,217.670898584065,230.353995532834,218.042,232.671
1784569787302,2,218.203487682181,230.268348951065,218.416,232.743
1784569787402,2,218.739635589945,230.182689128891,218.79,232.816
1784569787502,2,219.278897980753,230.097349133972,219.164,232.888
1784569787602,2,219.820819333886,230.01268361825,219.538,232.96
1784569787702,2,220.364936214816,229.929067535429,219.912,233.033
1784569787802,2,220.910777056787,229.8468943424,220.285,233.105
1784569787902,2,221.457862415947,229.766575332266,220.659,233.178
1784569788002,2,222.005711608595,229.688539571475,221.033,233.25
1784569788102,2,222.553849116729,229.613234314352,221.407,233.323
1784569788202,2,223.101803886369,229.541125405533,221.781,233.395
1784569788302,2,223.649106190718,229.472698119163,222.155,233.468
1784569788402,2,224.195282406751,229.408457601742,222.529,233.54
1784569788502,2,224.739851638453,229.348929486601,222.902,233.612
1784569788602,2,225.282324446285,229.294659933689,223.276,233.685
1784569788702,2,225.822206103951,229.246213770287,223.65,233.757
1784569788802,2,226.358997273238,229.204173890549,224.024,233.83
1784569788902,2,226.89219655724,229.169142228255,224.398,233.902
1784569789002,2,227.421294488433,229.14174602876,224.772,233.975
1784569789102,2,227.945773120629,229.122640081304,225.146,234.047
1784569789202,2,228.465096130903,229.112506725382,225.519,234.12
1784569789302,2,228.978707508066,229.112055268305,225.893,234.192
1784569789402,2,229.486030043392,229.122021890025,226.267,234.264
1784569789502,2,229.986462614725,229.143168806063,226.641,234.337
1784569789602,2,230.479383926216,229.176277696201,227.015,234.409
1784569789702,2,230.964182596684,229.222129698575,227.389,234.482
1784569789802,2,231.440291107518,229.281449084545,227.763,234.554
1784569789902,2,231.907192198059,229.354887764514,228.136,234.627
1784569790002,2,232.364419897728,229.443020746256,228.51,234.699
1784569790102,2,232.811554283693,229.546349822914,228.884,234.772
1784569790202,2,233.248218724931,229.665304607577,229.258,234.844
1784569790302,2,233.674084381731,229.800236938881,229.632,234.916
1784569790402,2,234.088879779866,229.95141662486,230.006,234.989
1784569790502,2,234.492401840594,230.119023135922,230.379,235.061
1784569790602,2,234.884523846812,230.303136573427,230.753,235.134
1784569790702,2,235.265191669123,230.503738389338,231.127,235.206
1784569790802,2,235.634436514626,230.720697478863,231.487,235.301
1784569790902,2,235.992364034793,230.953779271786,231.603,235.788
1784569791002,2,236.339165587919,231.202639038431,231.72,236.274
1784569791102,2,236.675076318528,231.466854613252,231.837,236.761
1784569791202,2,237.000364778094,231.745952985797,231.953,237.247
1784569791302,2,237.31532083482,232.03943523831,232.07,237.734
1784569791402,2,237.620232496111,232.346811964582,232.186,238.22
1784569791502,2,237.915373425653,232.667612864998,232.303,238.707
1784569791602,2,238.201008142341,233.001382356887,232.419,239.193
1784569791702,2,238.477393168317,233.347676410675,232.536,239.68
1784569791802,2,238.744778214078,233.706058464186,232.653,240.166
1784569791902,2,239.003413865401,234.076093889973,232.769,240.652
1784569792002,2,239.253565651516,234.457334753778,232.886,241.139
1784569792102,2,239.495512915836,234.849318409186,233.002,241.625
1784569792202,2,239.729533564787,235.251581247505,233.119,242.112
1784569792302,2,239.955906529799,235.663654606387,233.235,242.598
1784569792402,2,240.174937167985,236.085044854676,233.352,243.085
1784569792502,2,240.386955043503,236.515252146763,233.468,243.571
1784569792602,2,240.592310820367,236.953775181138,233.585,244.058
1784569792702,2,240.791372029687,237.400111709945,233.702,244.544
1784569792802,2,240.984508843856,237.85376712467,233.818,245.031
1784569792902,2,241.172087658343,238.314257786398,233.935,245.517
1784569793002,2,241.354463739533,238.78111788286,234.051,246.004
1784569793102,2,241.531987884055,239.253892753549,234.168,246.49
1784569793202,2,241.70501215076,239.732136116124,234.284,246.976
1784569793302,2,241.873890549525,240.215408261648,234.401,247.463
1784569793402,2,242.038977877662,240.70327387543,234.518,247.949
1784569793502,2,242.200629396397,241.195299803179,234.634,248.436
1784569793602,2,242.359200610912,241.691052831297,234.751,248.922
1784569793702,2,242.515043808883,242.19010335761,234.867,249.409
1784569793802,2,242.668490367579,242.692046751658,234.984,249.895
1784569793902,2,242.819845705985,243.1965068597,235.1,250.382
1784569794002,2,242.969390301484,243.703134358954,235.217,250.868
1784569794102,2,243.11738520222,244.211606661802,235.333,251.355
1784569794202,2,243.264068262887,244.721630470259,235.45,251.841
1784569794302,2,243.409655704376,245.232944874264,235.567,252.328
1784569794402,2,243.55434491126,245.745316038231,235.683,252.814
1784569794502,2,243.69831452532,246.258538036916,235.8,253.3
1784569794602,2,243.841724385265,246.77242568224,235.916,253.787
1784569794702,2,243.984715782278,247.28681013022,236.033,254.273
1784569794802,2,244.127412421973,247.80153871345,236.149,254.76
1784569794902,2,244.26991915131,248.31648255459,236.266,255.246
1784569795002,2,244.41232113759,248.831540019914,236.383,255.733
1784569795102,2,244.554681953624,249.346640292417,236.499,256.219
1784569735202,3,464.122304178409,367.093951596492,469.762,371.584
1784569735302,3,463.882370070461,366.894588893668,469.434,371.31
1784569735402,3,463.640954024775,366.693999327895,469.107,371.037
1784569735502,3,463.398062964078,366.492197818432,468.779,370.763
1784569735602,3,463.153709289698,366.28920595779,468.451,370.489
1784569735702,3,462.907914457944,366.085045025776,468.123,370.216
1784569735802,3,462.660713682374,365.879736516012,467.796,369.942
1784569735902,3,462.412155604853,365.67330608626,467.468,369.668
1784569736002,3,462.162305949486,365.465776933018,467.14,369.395
1784569736102,3,461.91124952611,365.25717985286,466.812,369.121
1784569736202,3,461.659090561882,365.047555655622,466.485,368.847
1784569736302,3,461.405950239595,364.836949764474,466.157,368.574
1784569736402,3,461.151964466184,364.625412322409,465.829,368.3
1784569736502,3,460.897279279977,364.413002049987,465.501,368.026
1784569736602,3,460.642050670529,364.199787954569,465.174,367.753
1784569736702,3,460.386445713223,363.98585032646,464.846,367.479
1784569736802,3,460.130643533132,363.771281099668,464.518,367.205
1784569736902,3,459.874836439696,363.556181990236,464.19,366.932
1784569737002,3,459.619229966652,363.340663341598,463.863,366.658
1784569737102,3,459.364039435401,363.124843203758,463.535,366.384
1784569737202,3,459.109489993435,362.908845845612,463.207,366.111
1784569737302,3,458.85581781004,362.692802208545,462.879,365.837
1784569737402,3,458.603270934182,362.476850207014,462.552,365.563
1784569737502,3,458.352110020145,362.261131629065,462.224,365.29
1784569737602,3,458.102611302493,362.045787728026,461.896,365.016
1784569737702,3,457.855062468835,361.830959724161,461.569,364.742
1784569737802,3,457.609758899158,361.616788124238,461.241,364.469
1784569737902,3,457.367002517042,361.403412941492,460.913,364.195
1784569738002,3,457.127102558534,361.1909743166,460.585,363.921
1784569738102,3,456.890373331617,360.979611968864,460.258,363.648
1784569738202,3,456.657121529289,360.769464355629,459.93,363.374
1784569738302,3,456.42764228437,360.560667582476,459.602,363.1
1784569738402,3,456.20221864224,360.353352606168,459.274,362.827
1784569738502,3,455.981122318929,360.147644699226,458.947,362.553
1784569738602,3,455.764614127201,359.94366375889,458.619,362.279
1784569738702,3,455.552942567787,359.741523019204,458.291,362.006
1784569738802,3,455.346344502568,359.541328434574,457.963,361.732
1784569738902,3,455.145046218375,359.343179356769,457.636,361.458
1784569739002,3,454.949264128694,359.147169209889,457.308,361.185
1784569739102,3,454.759204515828,358.953385363835,456.98,360.911
1784569739202,3,454.575062229088,358.761909693748,456.652,360.637
1784569739302,3,454.397015937521,358.572818161899,456.325,360.364
1784569739402,3,454.22522682823,358.386177964842,455.997,360.09
1784569739502,3,454.059838965336,358.202046377409,455.669,359.816
1784569739602,3,453.900980027279,358.020471326798,455.341,359.543
1784569739702,3,453.748765571422,357.841494497613,455.014,359.269
1784569739802,3,453.603314350942,357.665161126353,454.686,358.995
1784569739902,3,453.464754866993,357.491523538069,454.358,358.722
1784569740002,3,453.333226049745,357.320643361865,454.03,358.448
1784569740102,3,453.208875274247,357.152589888086,453.703,358.174
1784569740202,3,453.091856483154,356.987436125211,453.375,357.901
1784569740302,3,452.982327493309,356.8252584722,453.047,357.627
1784569740402,3,452.880449435806,356.666137380497,452.719,357.353
1784569740502,3,452.786385805316,356.510157055201,452.392,357.08
1784569740602,3,452.700301746209,356.357403198866,452.064,356.806
1784569740702,3,452.62236134745,356.207961923989,451.736,356.532
1784569740802,3,452.552726937499,356.061919783352,451.409,356.259
1784569740902,3,452.491559086305,355.919364364471,451.081,355.985
1784569741002,3,452.439015517811,355.780384919036,450.753,355.712
1784569741102,3,452.39524988204,355.645072593438,450.425,355.438
1784569741202,3,452.36041188902,355.513520005738,450.098,355.164
1784569741302,3,452.334648312147,355.385821228632,449.77,354.891
1784569741402,3,452.318103352158,355.262072696879,449.442,354.617
1784569741502,3,452.310918760879,355.142372945814,449.114,354.343
1784569741602,3,452.313234803735,355.026821791371,448.787,354.07
1784569741702,3,452.325190668038,354.915520140552,448.459,353.796
1784569741802,3,452.346911376294,354.808562555842,448.131,353.522
1784569741902,3,452.378499559863,354.706034310546,447.803,353.249
1784569742002,3,452.420034118585,354.608011514444,447.476,352.975
1784569742102,3,452.471569428817,354.514560866732,447.148,352.701
1784569742202,3,452.533133181207,354.425737707133,446.82,352.428
1784569742302,3,452.604727968927,354.341587675742,447.033,352.417
1784569742402,3,452.686331605079,354.262148156232,447.438,352.5
1784569742502,3,452.777896789513,354.1874502477,447.842,352.583
1784569742602,3,452.879350903957,354.117517615274,448.247,352.666
1784569742702,3,452.990596468105,354.052366566389,448.652,352.749
1784569742802,3,453.11151205239,353.992006446361,449.057,352.832
1784569742902,3,453.241954202583,353.936439945014,449.461,352.915
1784569743002,3,453.38176172618,353.885663390612,449.866,352.998
1784569743102,3,453.530756231578,353.839667142183,450.271,353.081
1784569743202,3,453.68874170092,353.798436431339,450.676,353.164
1784569743302,3,453.855505054493,353.761952107886,451.08,353.246
1784569743402,3,454.030817180831,353.730191766239,451.485,353.329
1784569743502,3,454.214433913184,353.703130176921,451.89,353.412
1784569743602,3,454.406097369082,353.680739517872,452.295,353.495
1784569743702,3,454.605536495695,353.662989445362,452.699,353.578
1784569743802,3,454.812467845559,353.649847983013,453.104,353.661
1784569743902,3,455.026596890203,353.641284493265,453.509,353.744
1784569744002,3,455.247624732744,353.637269753367,453.914,353.827
1784569744102,3,455.475250263074,353.63777318632,454.318,353.91
1784569744202,3,455.70917112937,353.64276216853,454.723,353.993
1784569744302,3,455.949083122308,353.652201988207,455.128,354.076
1784569744402,3,456.194679853266,353.666055811998,455.533,354.159
1784569744502,3,456.445654718876,353.684285470526,455.937,354.242
1784569744602,3,456.701700540857,353.706854703042,456.342,354.325
1784569744702,3,456.962508432217,353.733729932461,456.747,354.408
1784569744802,3,457.227766555542,353.764880288553,457.152,354.491
1784569744902,3,457.497158903052,353.800277512119,457.556,354.574
1784569745002,3,457.77036417758,353.839896085452,457.961,354.657
1784569745102,3,458.047054627357,353.883714620258,458.366,354.74
1784569745202,3,458.326894332599,353.931717639452,458.771,354.822
1784569745302,3,458.609539464864,353.983895072285,459.175,354.905
1784569745402,3,458.894641347154,354.040239635997,459.58,354.988
1784569745502,3,459.181846959265,354.100747790726,459.985,355.071
1784569745602,3,459.470802031904,354.165419474994,460.39,355.154
1784569745702,3,459.761156335673,354.234256390737,460.794,355.237
1784569745802,3,460.052565533824,354.307263148405,461.199,355.32
1784569745902,3,460.344689456271,354.384447535176,461.604,355.403
1784569746002,3,460.637196233607,354.465820476653,462.009,355.486
1784569746102,3,460.929762464612,354.551395745392,462.413,355.569
1784569746202,3,461.222071846704,354.641189582061,462.818,355.652
1784569746302,3,461.513813807405,354.735220294218,463.223,355.735
1784569746402,3,461.804682346748,354.833507902656,463.628,355.818
1784569746502,3,462.094376088841,354.936073975686,464.032,355.901
1784569746602,3,462.382599441,355.042941241564,464.437,355.984
1784569746702,3,462.669061831977,355.154133529536,464.842,356.067
1784569746802,3,462.953478082566,355.269676885865,465.247,356.15
1784569746902,3,463.235573621165,355.389599734539,465.651,356.233
1784569747002,3,463.515084659653,355.51393355095,466.056,356.315
1784569747102,3,463.791757404156,355.642713028033,466.461,356.398
1784569747202,3,464.065348345083,355.775975416892,466.866,356.481
1784569747302,3,464.335623684611,355.913759948299,467.27,356.564
1784569747402,3,464.602359383057,356.056107446739,467.675,356.647
1784569747502,3,464.86533865567,356.203059017786,468.08,356.73
1784569747602,3,465.124344416127,356.354653221512,468.485,356.813
1784569747702,3,465.379156382296,356.51092347297,468.889,356.896
1784569747802,3,465.629549957763,356.671896811733,469.294,356.979
1784569747902,3,465.875295751746,356.837592721806,469.699,357.062
1784569748002,3,466.116161138609,357.008022861865,470.104,357.145
1784569748102,3,466.351910639349,357.183190681049,470.508,357.228
1784569748202,3,466.582308971114,357.36309123016,470.913,357.311
1784569748302,3,466.807124299104,357.547711030749,471.318,357.394
1784569748402,3,467.026131432053,357.737028115141,471.723,357.477
1784569748502,3,467.239119461363,357.931012821376,472.127,357.56
1784569748602,3,467.445894245569,358.129627504344,472.532,357.643
1784569748702,3,467.646283082993,358.332826543955,472.937,357.726
1784569748802,3,467.840135176094,358.540555804306,473.342,357.808
1784569748902,3,468.027319344915,358.752751736256,473.746,357.891
1784569749002,3,468.207717764072,358.969340399878,474.151,357.974
1784569749102,3,468.381223745994,359.190236606661,474.556,358.057
1784569749202,3,468.547740534654,359.415343440204,474.961,358.14
1784569749302,3,468.707179405079,359.644551377923,475.365,358.223
1784569749402,3,468.859460706247,359.877737371072,475.77,358.306
1784569749502,3,469.00451778814,360.11476393661,476.112,358.442
1784569749602,3,469.142301222011,360.355478353773,476.02,358.943
1784569749702,3,469.272775271096,360.599712225644,475.929,359.444
1784569749802,3,469.39592131326,360.847283165436,475.837,359.944
1784569749902,3,469.511738638758,361.09799586698,475.745,360.445
1784569750002,3,469.620243977563,361.351642371392,475.654,360.946
1784569750102,3,469.721470855356,361.608005124593,475.562,361.446
1784569750202,3,469.815469557646,361.866859537903,475.47,361.947
1784569750302,3,469.902307093441,362.127974623432,475.379,362.448
1784569750402,3,469.982060837469,362.391112226345,475.287,362.948
1784569750502,3,470.054816520981,362.656026217299,475.196,363.449
1784569750602,3,470.120668764289,362.922462945104,475.104,363.95
1784569750702,3,470.179724335682,363.190161065539,475.012,364.451
1784569750802,3,470.23210432223,363.458853600958,474.921,364.951
1784569750902,3,470.277950834654,363.728279583447,474.829,365.452
1784569751002,3,470.317432995122,363.998187372479,474.737,365.953
1784569751102,3,470.350753712536,364.268334460164,474.646,366.453
1784569751202,3,470.378147721392,364.53848867048,474.554,366.954
1784569751302,3,470.399887000914,364.808431868032,474.462,367.455
1784569751402,3,470.416282375435,365.077960880515,474.371,367.955
1784569751502,3,470.42768168281,365.346886573844,474.279,368.456
1784569751602,3,470.434462498183,365.615033653037,474.188,368.957
1784569751702,3,470.437027945347,365.882242591537,474.096,369.458
1784569751802,3,470.435801073814,366.148368124769,474.004,369.958
1784569751902,3,470.431213301642,366.413270363844,473.913,370.459
1784569752002,3,470.423663571516,366.676798151785,473.821,370.96
1784569752102,3,470.413508162785,366.938783276424,473.729,371.46
1784569752202,3,470.401060508284,367.199039234459,473.638,371.961
1784569752302,3,470.386597129869,367.457360765743,473.546,372.462
1784569752402,3,470.370384555699,367.713522655684,473.455,372.962
1784569752502,3,470.352686817111,367.96728158416,473.363,373.463
1784569752602,3,470.333764053537,368.218376720368,473.271,373.964
1784569752702,3,470.313860945697,368.466528528367,473.18,374.464
1784569752802,3,470.293219101411,368.711436650591,473.088,374.965
1784569752902,3,470.272081255114,368.95277898559,472.996,375.466
1784569753002,3,470.250685429428,369.190214118626,472.905,375.967
1784569753102,3,470.229250036727,369.423391594328,472.813,376.467
1784569753202,3,470.208000366436,369.651954565352,472.722,376.968
1784569753302,3,470.187161110822,369.875541832743,472.63,377.469
1784569753402,3,470.166929952973,370.093791364948,472.538,377.969
1784569753502,3,470.147474577867,370.306341800743,472.447,378.47
1784569753602,3,470.128933543579,370.512834389683,472.355,378.971
1784569753702,3,470.111416384715,370.712909026067,472.263,379.471
1784569753802,3,470.095008085625,370.906201880998,472.172,379.972
1784569753902,3,470.079786748156,371.092345896331,472.08,380.473
1784569754002,3,470.065828067809,371.270975158872,471.988,380.974
1784569754102,3,470.053204404347,371.441730502085,471.897,381.474
1784569754202,3,470.04198084215,371.604260052192,471.805,381.975
1784569754302,3,470.032214247313,371.758217738148,471.714,382.476
1784569754402,3,470.023953837344,371.903259774668,471.622,382.976
1784569754502,3,470.017243295108,372.039043252191,471.53,383.477
1784569754602,3,470.01212332355,372.16522546162,471.439,383.978
1784569754702,3,470.008639677854,372.281465946277,471.347,384.478
1784569754802,3,470.006844409579,372.387436633782,471.255,384.979
1784569754902,3,470.006790523915,372.482823984451,471.164,385.48
1784569755002,3,470.008522305946,372.567330165979,471.072,385.98
1784569755102,3,470.012073081214,372.640679320483,470.981,386.481
1784569755202,3,470.017465301404,372.702619398225,470.889,386.982
1784569755302,3,470.024709261125,372.752924030479,470.797,387.483
1784569755402,3,470.033796651495,372.791395615401,470.731,387.793
1784569755502,3,470.044700526221,372.817876862331,470.775,387.291
1784569755602,3,470.057382973968,372.832255431048,470.819,386.788
1784569755702,3,470.071801586038,372.834464317996,470.863,386.285
1784569755802,3,470.087910633166,372.824481778728,470.907,385.783
1784569755902,3,470.105661176282,372.80233146737,470.951,385.28
1784569756002,3,470.125001427913,372.76808210875,470.995,384.777
1784569756102,3,470.145875611752,372.721842761609,471.039,384.275
1784569756202,3,470.168221333733,372.663759082042,471.083,383.772
1784569756302,3,470.19197018248,372.594012669085,471.127,383.27
1784569756402,3,470.217053419264,372.51281841551,471.171,382.767
1784569756502,3,470.243405979303,372.420415415437,471.215,382.264
1784569756602,3,470.270968593614,372.31706486065,471.259,381.762
1784569756702,3,470.299692277896,372.203049763612,471.303,381.259
1784569756802,3,470.329532169228,372.078675387334,471.347,380.756
1784569756902,3,470.360436455501,371.944270283625,471.391,380.254
1784569757002,3,470.392329882026,371.800186220263,471.436,379.751
1784569757102,3,470.425109894866,371.646795733064,471.48,379.248
1784569757202,3,470.458646555691,371.48449111934,471.524,378.746
1784569757302,3,470.49278268792,371.313681496664,471.568,378.243
1784569757402,3,470.527336831333,371.134792528101,471.612,377.74
1784569757502,3,470.562116358144,370.948265113693,471.656,377.238
1784569757602,3,470.596929765686,370.754547825498,471.7,376.735
1784569757702,3,470.631607487228,370.554087993204,471.744,376.233
1784569757802,3,470.666006705364,370.347329014125,471.788,375.73
1784569757902,3,470.700009202922,370.134710889115,471.832,375.227
1784569758002,3,470.73350971674,369.916673611806,471.876,374.725
1784569758102,3,470.766399564908,369.69366789486,471.92,374.222
1784569758202,3,470.798562913051,369.466159245595,471.964,373.719
1784569758302,3,470.829876528625,369.234631294975,472.008,373.217
1784569758402,3,470.860209600777,368.999587109192,472.052,372.714
1784569758502,3,470.889424412533,368.76154871993,472.096,372.211
1784569758602,3,470.917379631746,368.521054620635,472.14,371.709
1784569758702,3,470.943932070699,368.278651338505,472.184,371.206
1784569758802,3,470.968938074873,368.034892146869,472.228,370.703
1784569758902,3,470.992252866562,367.79033809006,472.272,370.201
1784569759002,3,471.013731253853,367.545558404383,472.316,369.698
1784569759102,3,471.033227914273,367.301129312855,472.36,369.196
1784569759202,3,471.050597447308,367.057631070925,472.404,368.693
1784569759302,3,471.065694770017,366.815645271333,472.448,368.19
1784569759402,3,471.078375157217,366.575754203415,472.492,367.688
1784569759502,3,471.088494318998,366.338541695858,472.536,367.185
1784569759602,3,471.095908301271,366.104593518387,472.58,366.682
1784569759702,3,471.100471053242,365.874494802558,472.624,366.18
1784569759802,3,471.102034286327,365.648825841494,472.668,365.677
1784569759902,3,471.100449680514,365.428161277805,472.712,365.174
1784569760002,3,471.095569713537,365.213069002151,472.756,364.672
1784569760102,3,471.087249002078,365.004103134299,472.8,364.169
1784569760202,3,471.075349413669,364.801797818306,472.844,363.666
1784569760302,3,471.059737815195,364.606666886647,472.888,363.164
1784569760402,3,471.040290808995,364.419199382816,472.932,362.661
1784569760502,3,471.016896310869,364.239857457713,472.976,362.159
1784569760602,3,470.989452956519,364.069076651772,473.02,361.656
1784569760702,3,470.957868133354,363.907266853948,473.064,361.153
1784569760802,3,470.922059492158,363.75481292284,473.108,360.651
1784569760902,3,470.881953020431,363.612075377457,473.152,360.148
1784569761002,3,470.837481850413,363.479390478148,473.196,359.645
1784569761102,3,470.788583863968,363.357068367215,473.24,359.143
1784569761202,3,470.735201550336,363.245393067968,473.284,358.64
1784569761302,3,470.677284002911,363.144621805054,473.328,358.137
1784569761402,3,470.614793882652,363.05498056216,473.184,358.231
1784569761502,3,470.547709348323,362.97666160545,472.971,358.542
1784569761602,3,470.476024327707,362.909817004687,472.758,358.853
1784569761702,3,470.399748396589,362.854558988913,472.545,359.164
1784569761802,3,470.318904504347,362.810968092841,472.333,359.475
1784569761902,3,470.23352472986,362.779099120789,472.12,359.786
1784569762002,3,470.143646627926,362.758983459533,471.907,360.097
1784569762102,3,470.049312836281,362.750629518784,471.694,360.408
1784569762202,3,469.950571503958,362.754022816439,471.481,360.719
1784569762302,3,469.847476098357,362.769127683374,471.269,361.03
1784569762402,3,469.740084457544,362.795891165686,471.056,361.341
1784569762502,3,469.628460911721,362.834236938969,470.843,361.652
1784569762602,3,469.512669089326,362.884075283419,470.63,361.963
1784569762702,3,469.392769131746,362.945306489949,470.417,362.275
1784569762802,3,469.268817601704,363.017821593206,470.205,362.586
1784569762902,3,469.140866838911,363.101504322796,469.992,362.897
1784569763002,3,469.008963842066,363.196233001323,469.779,363.208
1784569763102,3,468.873150492269,363.301880869677,469.566,363.519
1784569763202,3,468.733464435818,363.418315643808,469.353,363.83
1784569763302,3,468.58994121412,363.545397630908,469.141,364.141
1784569763402,3,468.442616916699,363.682974675948,468.928,364.452
1784569763502,3,468.291529684193,363.830880455972,468.715,364.763
1784569763602,3,468.136721980851,363.988933844434,468.502,365.074
1784569763702,3,467.978241303011,364.156939580398,468.289,365.385
1784569763802,3,467.816138812565,364.334692973226,468.077,365.696
1784569763902,3,467.650467578164,364.521982407709,467.864,366.007
1784569764002,3,467.481281217736,364.718596232661,467.651,366.318
1784569764102,3,467.308629497357,364.92432381112,467.438,366.63
1784569764202,3,467.132557558841,365.138954992785,467.225,366.941
1784569764302,3,466.953105572831,365.362280716195,467.013,367.252
1784569764402,3,466.770308612082,365.594092578066,466.8,367.563
1784569764502,3,466.584196590291,365.83418104584,466.587,367.874
1784569764602,3,466.394801433714,366.082327940368,466.374,368.185
1784569764702,3,466.202159690646,366.338300884955,466.161,368.496
1784569764802,3,466.006311616381,366.601853133345,465.949,368.807
1784569764902,3,465.80729489045,366.872729273381,465.736,369.118
1784569765002,3,465.605143739008,367.150666503794,465.523,369.429
1784569765102,3,465.399889221485,367.435396865551,465.31,369.74
1784569765202,3,465.191558242917,367.726647785408,465.097,370.051
1784569765302,3,464.98017680485,368.024141420771,464.885,370.362
1784569765402,3,464.765773065624,368.327600002143,464.672,370.674
1784569765502,3,464.548377229475,368.636746988899,464.459,370.985
1784569765602,3,464.328016713696,368.951307447118,464.246,371.296
1784569765702,3,464.104715129481,369.271009448482,464.033,371.607
1784569765802,3,463.878490266903,369.595586141785,463.821,371.918
1784569765902,3,463.649351192445,369.924776688099,463.608,372.229
1784569766002,3,463.417297090527,370.258326074811,463.395,372.54
1784569766102,3,463.182317968163,370.595984878009,463.182,372.851
1784569766202,3,462.944396939024,370.937508115822,462.969,373.162
1784569766302,3,462.703516169676,371.282654450829,462.757,373.473
1784569766402,3,462.459659206447,371.631186046378,462.544,373.784
1784569766502,3,462.212812099904,371.982867585617,462.331,374.095
1784569766602,3,461.96296392896,372.337465183668,462.118,374.406
1784569766702,3,461.710104226727,372.694747736492,461.905,374.717
1784569766802,3,461.454218471822,373.054490295302,461.693,375.029
1784569766902,3,461.195289760652,373.416472923889,461.48,375.34
1784569767002,3,460.933306178125,373.780477212864,461.267,375.651
1784569767102,3,460.668260271581,374.146287471806,461.054,375.962
1784569767202,3,460.400149403179,374.513693131789,460.841,376.273
1784569767302,3,460.128976102192,374.882488550275,460.628,376.584
1784569767402,3,459.854744669598,375.252471750019,460.416,376.895
1784569767502,3,459.577456995853,375.623443750934,460.203,377.206
1784569767602,3,459.297112056198,375.995207892583,459.99,377.517
1784569767702,3,459.013706503369,376.367570216012,459.777,377.828
1784569767802,3,458.72723437133,376.74033840257,459.564,378.139
1784569767902,3,458.437690330316,377.113319913974,459.352,378.45
1784569768002,3,458.145072869079,377.486320769192,459.139,378.761
1784569768102,3,457.849385426042,377.859145802977,458.926,379.073
1784569768202,3,457.550635550623,378.231600063244,458.713,379.384
1784569768302,3,457.248835066174,378.603489532148,458.5,379.695
1784569768402,3,456.943998805647,378.974620651224,458.288,380.006
1784569768502,3,456.636145359888,379.344798792808,458.075,380.317
1784569768602,3,456.325297924315,379.71382653886,457.862,380.628
1784569768702,3,456.011483997266,380.081502810918,457.649,380.939
1784569768802,3,455.694737999266,380.447624448388,457.436,381.25
1784569768902,3,455.375100497048,380.811985979909,457.224,381.561
1784569769002,3,455.052617076105,381.174379031458,457.011,381.872
1784569769102,3,454.727338876666,381.534591532809,456.798,382.183
1784569769202,3,454.399322298973,381.892408965893,456.585,382.494
1784569769302,3,454.068630212425,382.247616430112,456.351,382.815
1784569769402,3,453.735333504934,382.599997832186,455.982,383.2
1784569769502,3,453.39951066177,382.949334555833,455.612,383.585
1784569769602,3,453.061247609624,383.295404585805,455.243,383.97
1784569769702,3,452.720635336261,383.637982616041,454.874,384.355
1784569769802,3,452.377770481584,383.976840222069,454.504,384.74
1784569769902,3,452.032756873231,384.311744860025,454.135,385.125
1784569770002,3,451.685707167253,384.642460275169,453.765,385.51
1784569770102,3,451.336744430868,384.968750115559,453.396,385.895
1784569770202,3,450.986001912575,385.29037828273,453.026,386.28
1784569770302,3,450.63361715361,385.607110055779,452.657,386.665
1784569770402,3,450.279730892371,385.918712547652,452.288,387.05
1784569770502,3,449.924487165298,386.224957487093,451.918,387.435
1784569770602,3,449.568032242265,386.525621462512,451.549,387.82
1784569770702,3,449.210515654896,386.820484693305,451.179,388.205
1784569770802,3,448.85209186084,387.109329872197,450.81,388.59
1784569770902,3,448.492921899127,387.391941340908,450.441,388.975
1784569771002,3,448.133175081221,387.668103850824,450.071,389.36
1784569771102,3,447.773030747062,387.937601725261,449.702,389.745
1784569771202,3,447.412678854298,388.200219784402,449.332,390.13
1784569771302,3,447.05231728084,388.455742860909,448.963,390.515
1784569771402,3,446.692152418021,388.703955471548,448.593,390.9
1784569771502,3,446.332400363331,388.944641119598,448.224,391.285
1784569771602,3,445.973285069899,389.177583181316,447.855,391.67
1784569771702,3,445.615033438592,389.40256824617,447.485,392.055
1784569771802,3,445.257875477309,389.619388344141,447.116,392.44
1784569771902,3,444.902045978009,389.827842316698,446.746,392.825
1784569772002,3,444.547785819063,390.027735324941,446.377,393.21
1784569772102,3,444.195342117251,390.218879141276,446.008,393.595
1784569772202,3,443.844969356706,390.401095926814,445.638,393.98
1784569772302,3,443.49692989473,390.574219205244,445.269,394.365
1784569772402,3,443.151491414055,390.738093731519,444.899,394.75
1784569772502,3,442.808926624729,390.892577134338,444.53,395.135
1784569772602,3,442.469512144981,391.03754278346,444.16,395.52
1784569772702,3,442.133529274603,391.172880677203,443.791,395.905
1784569772802,3,441.801265167832,391.298497435186,443.422,396.29
1784569772902,3,441.473012460571,391.414317672377,443.052,396.675
1784569773002,3,441.149069141055,391.52028454842,442.683,397.06
1784569773102,3,440.829740958003,391.616359464355,442.313,397.445
1784569773202,3,440.515340867945,391.702521825954,441.944,397.83
1784569773302,3,440.206186687507,391.778768674434,441.574,398.215
1784569773402,3,439.902600178796,391.845112594282,441.205,398.6
1784569773502,3,439.604907885912,391.901576139323,440.836,398.984
1784569773602,3,439.313441949809,391.948191356033,440.466,399.369
1784569773702,3,439.028542072224,391.984983404352,440.097,399.754
1784569773802,3,438.750554050266,392.011967903885,439.727,400.139
1784569773902,3,438.479818886894,392.029160619998,439.358,400.524
1784569774002,3,438.216669528103,392.036587160167,438.989,400.909
1784569774102,3,437.961426215825,392.034284838777,438.619,401.294
1784569774202,3,437.714393215907,392.022302655465,438.25,401.679
1784569774302,3,437.475857369857,392.00070130065,437.88,402.064
1784569774402,3,437.246088399033,391.969553748236,437.511,402.449
1784569774502,3,437.02533872876,391.92894746154,437.141,402.834
1784569774602,3,436.813844137372,391.878985676678,436.772,403.219
1784569774702,3,436.611823324081,391.819790036346,436.403,403.604
1784569774802,3,436.419474463371,391.751501419068,436.033,403.989
1784569774902,3,436.236974283575,391.674278936888,435.664,404.374
1784569775002,3,436.064478738407,391.588294480126,435.677,403.954
1784569775102,3,435.902124158321,391.49372908103,435.729,403.453
1784569775202,3,435.750029148063,391.390773327702,435.782,402.952
1784569775302,3,435.608295609378,391.279630936517,435.834,402.451
1784569775402,3,435.477009045094,391.160522616011,435.886,401.95
1784569775502,3,435.356237465685,391.033691074841,435.938,401.449
1784569775602,3,435.246031249332,390.899401576905,435.99,400.948
1784569775702,3,435.146423631597,390.757938393291,436.043,400.447
1784569775802,3,435.057431594812,390.609603437613,436.095,399.946
1784569775902,3,434.979057861644,390.454712922563,436.147,399.445
1784569776002,3,434.911291710157,390.293591500973,436.199,398.944
1784569776102,3,434.854109351615,390.126565754843,436.251,398.443
1784569776202,3,434.807474356088,389.953962042535,436.303,397.942
1784569776302,3,434.77133850749,389.776106737389,436.356,397.441
1784569776402,3,434.745642377704,389.593326363301,436.408,396.94
1784569776502,3,434.730315799486,389.405946440659,436.46,396.439
1784569776602,3,434.725279030655,389.214289633374,436.512,395.938
1784569776702,3,434.73044282285,389.018673205387,436.564,395.437
1784569776802,3,434.745707335308,388.819407127768,436.617,394.936
1784569776902,3,434.77096194803,388.616786864088,436.669,394.435
1784569777002,3,434.806085975267,388.41109276018,436.721,393.934
1784569777102,3,434.850947184241,388.20259293627,436.773,393.433
1784569777202,3,434.905401207355,387.991544738446,436.825,392.932
1784569777302,3,434.969291896752,387.778195714851,436.877,392.431
1784569777402,3,435.042453336859,387.562784600343,436.93,391.93
1784569777502,3,435.124710821052,387.345543039248,436.982,391.429
1784569777602,3,435.215885400085,387.126701530718,437.034,390.928
1784569777702,3,435.315802578504,386.906499409783,437.086,390.427
1784569777802,3,435.424294590865,386.685188391421,437.138,389.926
1784569777902,3,435.541201336612,386.463033601132,437.19,389.425
1784569778002,3,435.666370714566,386.240313914408,437.243,388.924
1784569778102,3,435.799658212311,386.017321529815,437.295,388.423
1784569778202,3,435.940926332022,385.794360590106,437.347,387.922
1784569778302,3,436.090044010448,385.571747103615,437.399,387.421
1784569778402,3,436.246885968815,385.349808626161,437.451,386.92
1784569778502,3,436.411332011794,385.128881249632,437.504,386.419
1784569778602,3,436.583266400257,384.909308644261,437.556,385.918
1784569778702,3,436.762577548306,384.691441691692,437.608,385.417
1784569778802,3,436.949157476114,384.475636986723,437.66,384.916
1784569778902,3,437.142901015446,384.262254701261,437.712,384.415
1784569779002,3,437.343704938348,384.051656190923,437.764,383.914
1784569779102,3,437.551467166096,383.844202083148,437.817,383.413
1784569779202,3,437.766086296412,383.640250049591,437.869,382.912
1784569779302,3,437.987460804598,383.440154100915,437.921,382.411
1784569779402,3,438.215488323232,383.244262957671,437.973,381.91
1784569779502,3,438.450064890379,383.052917397579,438.025,381.409
1784569779602,3,438.691084188817,382.866450223046,438.078,380.908
1784569779702,3,438.938438642227,382.685186534051,438.13,380.407
1784569779802,3,439.192023319017,382.509444191899,438.182,379.906
1784569779902,3,439.451734893359,382.339531966244,438.234,379.405
1784569780002,3,439.717466089784,382.175743080209,438.286,378.904
1784569780102,3,439.989103378794,382.018353343522,438.338,378.403
1784569780202,3,440.266525734802,381.867619723643,438.391,377.902
1784569780302,3,440.549603444425,381.723780318811,438.443,377.401
1784569780402,3,440.838197828251,381.587053747845,438.495,376.9
1784569780502,3,441.132162815107,381.457637976849,438.547,376.399
1784569780602,3,441.431344293112,381.335708867833,438.599,375.898
1784569780702,3,441.735578606388,381.221416429034,438.651,375.397
1784569780802,3,442.044690547051,381.114882763066,438.704,374.896
1784569780902,3,442.358491141896,381.016201402498,438.895,374.642
1784569781002,3,442.676775507019,380.925437317631,439.345,374.845
1784569781102,3,442.999322077663,380.842627008539,439.795,375.049
1784569781202,3,443.325892487094,380.767779253627,440.245,375.252
1784569781302,3,443.656233058685,380.70087582082,440.695,375.455
1784569781402,3,443.990074967878,380.641872976267,441.145,375.659
1784569781502,3,444.327136357537,380.590703574069,441.595,375.862
1784569781602,3,444.66712535315,380.547279739134,442.044,376.065
1784569781702,3,445.009740794414,380.511495952472,442.494,376.268
1784569781802,3,445.354671179509,380.483229868819,442.944,376.472
1784569781902,3,445.701593644186,380.462342483106,443.394,376.675
1784569782002,3,446.050173624609,380.44867826518,443.844,376.878
1784569782102,3,446.400068440747,380.442065846483,444.294,377.081
1784569782202,3,446.750929558868,380.442320834457,444.744,377.285
1784569782302,3,447.102402150404,380.449248097217,445.193,377.488
1784569782402,3,447.454124209187,380.46264217718,445.643,377.691
1784569782502,3,447.80572574293,380.482286892869,446.093,377.894
1784569782602,3,448.156831498914,380.507954183702,446.543,378.098
1784569782702,3,448.507066738664,380.539404755035,446.993,378.301
1784569782802,3,448.856058536285,380.576386866495,447.443,378.504
1784569782902,3,449.203439176591,380.618636404993,447.893,378.708
1784569783002,3,449.548845785018,380.665879924633,448.342,378.911
1784569783102,3,449.891918006064,380.717838360325,448.792,379.114
1784569783202,3,450.232293299939,380.774226992419,449.242,379.317
1784569783302,3,450.569603737089,380.834755902583,449.692,379.521
1784569783402,3,450.903474403468,380.899130375012,450.142,379.724
1784569783502,3,451.233524416799,380.967052987325,450.592,379.927
1784569783602,3,451.559372405937,381.038226365467,451.042,380.13
1784569783702,3,451.880637266667,381.112353625172,451.492,380.334
1784569783802,3,452.196939294542,381.18913844979,451.941,380.537
1784569783902,3,452.507900950922,381.268285375634,452.391,380.74
1784569784002,3,452.813147967789,381.349500943151,452.841,380.943
1784569784102,3,453.112308657874,381.432492042595,453.291,381.147
1784569784202,3,453.405013242037,381.516967346152,453.741,381.35
1784569784302,3,453.690894027972,381.602637672547,454.191,381.553
1784569784402,3,453.969589967239,381.689216254838,454.641,381.757
1784569784502,3,454.240748545725,381.776418995438,455.09,381.96
1784569784602,3,454.504026919966,381.863965536849,455.54,382.163
1784569784702,3,454.759093782394,381.951581216238,455.99,382.366
1784569784802,3,455.005629518908,382.03899961964,456.44,382.57
1784569784902,3,455.243323970534,382.125966824471,456.89,382.773
1784569785002,3,455.471873883804,382.212240628466,457.34,382.976
1784569785102,3,455.69098170048,382.297584625096,457.79,383.179
1784569785202,3,455.900354540564,382.381767282768,458.239,383.383
1784569785302,3,456.099705574917,382.464561775039,458.689,383.586
1784569785402,3,456.288763131102,382.545745880288,459.139,383.789
1784569785502,3,456.467274177794,382.625102756777,459.589,383.992
1784569785602,3,456.63500440523,382.702420895749,460.039,384.196
1784569785702,3,456.791738723679,382.777493957358,460.489,384.399
1784569785802,3,456.937276454673,382.850120455548,460.939,384.602
1784569785902,3,457.071419412406,382.920104232169,461.388,384.806
1784569786002,3,457.193969259065,382.987257462074,461.838,385.009
1784569786102,3,457.304729748287,383.051401173579,462.288,385.212
1784569786202,3,457.403510235765,383.112365027363,462.738,385.415
1784569786302,3,457.490139707087,383.169987716029,463.188,385.619
1784569786402,3,457.564473978198,383.224118120268,463.638,385.822
1784569786502,3,457.626396359683,383.274615308934,464.088,386.025
1784569786602,3,457.67581707655,383.32134855189,464.537,386.228
1784569786702,3,457.712670230624,383.364197940129,464.987,386.432
1784569786802,3,457.736906213818,383.403054523946,465.437,386.635
1784569786902,3,457.748491539752,383.437820906862,465.887,386.838
1784569787002,3,457.747416505613,383.468414029608,465.873,386.883
1784569787102,3,457.733701393506,383.494765605255,465.521,386.813
1784569787202,3,457.707404867883,383.516823223021,465.169,386.742
1784569787302,3,457.668626807961,383.534554319127,464.818,386.672
1784569787402,3,457.61750654314,383.547945816612,464.466,386.601
1784569787502,3,457.554218894963,383.557003690447,464.114,386.531
1784569787602,3,457.478971746919,383.56175150898,463.763,386.461
1784569787702,3,457.391997325868,383.562224538074,463.411,386.39
1784569787802,3,457.293542193999,383.558467262837,463.059,386.32
1784569787902,3,457.183866969492,383.550533386536,462.708,386.249
1784569788002,3,457.063251215481,383.538487055756,462.356,386.179
1784569788102,3,456.931989070031,383.522403786251,462.004,386.109
1784569788202,3,456.790385627464,383.502370673484,461.653,386.038
1784569788302,3,456.638753538773,383.478486463705,461.301,385.968
1784569788402,3,456.477412450734,383.450861671073,460.949,385.897
1784569788502,3,456.306688374152,383.419618789936,460.598,385.827
1784569788602,3,456.12691345919,383.384892449859,460.246,385.757
1784569788702,3,455.938426561259,383.346829654466,459.895,385.686
1784569788802,3,455.741581082961,383.305590440379,459.543,385.616
1784569788902,3,455.536741329265,383.261348637825,459.191,385.545
1784569789002,3,455.32428131345,383.214292057221,458.84,385.475
1784569789102,3,455.104584527691,383.164622306736,458.488,385.405
1784569789202,3,454.878045725116,383.112555275041,458.136,385.334
1784569789302,3,454.645070297641,383.058319855856,457.785,385.264
1784569789402,3,454.406068759054,383.002153555795,457.433,385.194
1784569789502,3,454.161439288226,382.944298151833,457.081,385.123
1784569789602,3,453.911561306808,382.884984853982,456.73,385.053
1784569789702,3,453.656795102554,382.824424069623,456.378,384.982
1784569789802,3,453.397479858306,382.762803126888,456.026,384.912
1784569789902,3,453.13393298352,382.700286016343,455.675,384.842
1784569790002,3,452.866450319601,382.63701304409,455.323,384.771
1784569790102,3,452.595304495129,382.573098939286,454.971,384.701
1784569790202,3,452.320745467653,382.50863314434,454.62,384.63
1784569790302,3,452.043001784801,382.443683384264,454.268,384.56
1784569790402,3,451.762282312123,382.378302044754,453.917,384.49
1784569790502,3,451.478779671994,382.312533602825,453.565,384.419
1784569790602,3,451.192674198561,382.246421094646,453.213,384.349
1784569790702,3,450.904139144254,382.18000767583,452.862,384.278
1784569790802,3,450.613345599644,382.113336941029,452.51,384.208
1784569790902,3,450.320464566148,382.046452699432,452.158,384.138
1784569791002,3,450.0256669313,381.979397138459,451.807,384.067
1784569791102,3,449.729117965845,381.91221149985,451.455,383.997
1784569791202,3,449.430970500749,381.844939998784,451.103,383.926
1784569791302,3,449.131360539795,381.777630420197,450.752,383.856
1784569791402,3,448.830412461579,381.710332025321,450.4,383.786
1784569791502,3,448.528239788483,381.643095055095,450.048,383.715
1784569791602,3,448.224947929337,381.575970189525,449.697,383.645
1784569791702,3,447.920636093254,381.509007912468,449.345,383.574
1784569791802,3,447.615398707301,381.442256097559,448.993,383.504
1784569791902,3,447.309326841155,381.37575905387,448.642,383.434
1784569792002,3,447.002509728981,381.30955736867,448.29,383.363
1784569792102,3,446.695035868822,381.243688020706,447.938,383.293
1784569792202,3,446.386992416236,381.178183942602,447.587,383.223
1784569792302,3,446.078468040064,381.113072185377,447.235,383.152
1784569792402,3,445.769551003909,381.048375955719,446.884,383.082
1784569792502,3,445.460323212853,380.984114974964,446.532,383.011
1784569792602,3,445.150854077379,380.920308638181,446.18,382.941
1784569792702,3,444.841203052157,380.856974399588,445.829,382.871
1784569792802,3,444.531421796721,380.794127344842,445.477,382.8
1784569792902,3,444.221555601026,380.731780493073,445.125,382.73
1784569793002,3,443.911644780591,380.669945090536,444.774,382.659
1784569793102,3,443.601726109419,380.608630121442,444.422,382.589
1784569793202,3,443.291834165054,380.547840328496,444.07,382.519
1784569793302,3,442.982001603709,380.487578307083,443.719,382.448
1784569793402,3,442.672257001503,380.42784217517,443.367,382.378
1784569793502,3,442.362623756641,380.368624985302,443.015,382.307
1784569793602,3,442.053120826308,380.309915348542,442.664,382.237
1784569793702,3,441.743762825248,380.251699088482,442.312,382.167
1784569793802,3,441.434559891107,380.193959864576,441.96,382.096
1784569793902,3,441.125518069669,380.136679443248,441.609,382.026
1784569794002,3,440.816640566087,380.079837515618,441.257,381.955
1784569794102,3,440.507929185627,380.023409919408,440.906,381.885
1784569794202,3,440.199385126421,379.967367499442,440.554,381.815
1784569794302,3,439.8910065798,379.911676126243,440.202,381.744
1784569794402,3,439.582784444729,379.856296954035,439.851,381.674
1784569794502,3,439.274702505384,379.801186619323,439.499,381.603
1784569794602,3,438.966739015386,379.746297367155,439.147,381.533
1784569794702,3,438.658868977655,379.691577629534,438.796,381.463
1784569794802,3,438.351066825758,379.636974553543,438.444,381.392
1784569794902,3,438.043308652216,379.582443033087,438.092,381.322
1784569795002,3,437.735574492096,379.527948559576,437.741,381.252
1784569795102,3,437.427849811402,379.473467871525,437.389,381.181
1784569735202,4,313.357666266525,268.179744125858,316.581,270.483
1784569735302,4,312.981182773707,268.049265073808,316.052,270.282
1784569735402,4,312.602386592274,267.917993130347,315.522,270.08
1784569735502,4,312.221312675488,267.785954271551,314.993,269.879
1784569735602,4,311.83801516145,267.653188154791,314.463,269.677
1784569735702,4,311.45256611388,267.519748363414,313.934,269.475
1784569735802,4,311.065052052681,267.38570225328,313.404,269.274
1784569735902,4,310.675573441317,267.251128762567,312.875,269.072
1784569736002,4,310.284244679229,267.116117354517,312.345,268.871
1784569736102,4,309.891194130863,266.980766267276,311.815,268.669
1784569736202,4,309.496564224764,266.845181475755,311.286,268.468
1784569736302,4,309.100511696573,266.709477244355,310.756,268.266
1784569736402,4,308.703206556583,266.573777519745,310.227,268.065
1784569736502,4,308.304829897393,266.438216740538,309.697,267.863
1784569736602,4,307.905572503239,266.302940453608,309.168,267.662
1784569736702,4,307.505634807029,266.168106002475,308.638,267.46
1784569736802,4,307.105225713009,266.033882737709,308.109,267.258
1784569736902,4,306.704561407292,265.900449733408,307.579,267.057
1784569737002,4,306.303862350941,265.767994075641,307.05,266.855
1784569737102,4,305.903352331023,265.636711028699,306.52,266.654
1784569737202,4,305.503259883821,265.50680453352,305.991,266.452
1784569737302,4,305.103819956619,265.378487083649,305.461,266.251
1784569737402,4,304.705273933006,265.251976966791,304.932,266.049
1784569737502,4,304.30786716726,265.127496184769,304.402,265.848
1784569737602,4,303.911849813669,265.005270558354,303.873,265.646
1784569737702,4,303.517478680015,264.885529846069,303.343,265.445
1784569737802,4,303.125018562276,264.768506052003,302.814,265.243
1784569737902,4,302.734742188395,264.654430214269,302.284,265.041
1784569738002,4,302.346930855227,264.543525938305,301.755,264.84
1784569738102,4,301.961871534586,264.436009164347,301.225,264.638
1784569738202,4,301.579854864943,264.332089756412,300.696,264.437
1784569738302,4,301.201175242388,264.23197104308,300.166,264.235
1784569738402,4,300.826131563709,264.13585032702,299.637,264.034
1784569738502,4,300.455026992554,264.043920600723,299.107,263.832
1784569738602,4,300.088163821076,263.956371214931,298.578,263.631
1784569738702,4,299.725840177293,263.873388365862,298.048,263.429
1784569738802,4,299.368350695923,263.795156320179,297.519,263.228
1784569738902,4,299.015987638663,263.721856938802,296.989,263.026
1784569739002,4,298.669040187196,263.653669724403,296.46,262.824
1784569739102,4,298.327793858921,263.590771862023,295.93,262.623
1784569739202,4,297.992528911137,263.533337271961,295.401,262.421
1784569739302,4,297.663518743451,263.481535343785,294.871,262.22
1784569739402,4,297.341026467302,263.435532059375,294.342,262.018
1784569739502,4,297.025303355817,263.395488664449,293.812,261.817
1784569739602,4,296.716586752033,263.361560531788,293.283,261.615
1784569739702,4,296.415100596014,263.333897157907,292.753,261.414
1784569739802,4,296.121056386553,263.312642176802,292.224,261.212
1784569739902,4,295.834653161339,263.297932578618,291.694,261.011
1784569740002,4,295.556074093459,263.289897085269,291.165,260.809
1784569740102,4,295.28548349578,263.288654679515,290.635,260.607
1784569740202,4,295.023025799457,263.294315488998,290.106,260.406
1784569740302,4,294.76882369371,263.306978952047,289.576,260.204
1784569740402,4,294.522977298277,263.326731351964,289.047,260.003
1784569740502,4,294.28556015984,263.353645261663,288.545,259.827
1784569740602,4,294.056619829879,263.387779397445,288.586,260.137
1784569740702,4,293.836182039653,263.429176962867,288.626,260.447
1784569740802,4,293.624253484715,263.477861122975,288.666,260.757
1784569740902,4,293.420821812257,263.533840600675,288.707,261.067
1784569741002,4,293.22585625265,263.597111044503,288.747,261.377
1784569741102,4,293.039308525163,263.667654951764,288.787,261.687
1784569741202,4,292.861113521514,263.745443054679,288.827,261.997
1784569741302,4,292.691189329353,263.83044080071,288.868,262.307
1784569741402,4,292.529437847145,263.92260736084,288.908,262.617
1784569741502,4,292.375745817169,264.021897764822,288.948,262.927
1784569741602,4,292.229986417309,264.128263388791,288.989,263.237
1784569741702,4,292.092020208274,264.241651482943,289.029,263.547
1784569741802,4,291.961696297536,264.362004676248,289.069,263.857
1784569741902,4,291.83885474006,264.489260782976,289.11,264.168
1784569742002,4,291.723327837454,264.623352475638,289.15,264.478
1784569742102,4,291.614943948992,264.764204039143,289.19,264.788
1784569742202,4,291.513528557301,264.911733366844,289.23,265.098
1784569742302,4,291.418905076114,265.065848808518,289.271,265.408
1784569742402,4,291.330894883319,265.226452222873,289.311,265.718
1784569742502,4,291.249317620635,265.393439498549,289.351,266.028
1784569742602,4,291.173990687571,265.566701711332,289.392,266.338
1784569742702,4,291.104725870255,265.746132086712,289.432,266.648
1784569742802,4,291.041328943419,265.931628095775,289.472,266.958
1784569742902,4,290.983601586841,266.123092617891,289.513,267.268
1784569743002,4,290.931345178114,266.320426738714,289.553,267.578
1784569743102,4,290.884362263783,266.523527030562,289.593,267.888
1784569743202,4,290.842456341027,266.732287059911,289.633,268.198
1784569743302,4,290.805430145853,266.946605601051,289.674,268.508
1784569743402,4,290.773086203356,267.166386661952,289.714,268.819
1784569743502,4,290.745226037329,267.391541578443,289.754,269.129
1784569743602,4,290.721649861911,267.621991829421,289.795,269.439
1784569743702,4,290.702156587574,267.857669212893,289.835,269.749
1784569743802,4,290.686543939818,268.098514519636,289.875,270.059
1784569743902,4,290.674608539824,268.344477073915,289.916,270.369
1784569744002,4,290.66614635269,268.59551533499,289.956,270.679
1784569744102,4,290.660953910563,268.851599100109,289.996,270.989
1784569744202,4,290.658828366939,269.112711507872,290.036,271.299
1784569744302,4,290.659566876044,269.378849158642,290.077,271.609
1784569744402,4,290.66296727573,269.650020130502,290.117,271.919
1784569744502,4,290.66882823743,269.926242438975,290.157,272.229
1784569744602,4,290.676948607554,270.207542153755,290.198,272.539
1784569744702,4,290.68712833293,270.493949151645,290.238,272.849
1784569744802,4,290.6991691227,270.785493713452,290.278,273.16
1784569744902,4,290.712874577985,271.082205855242,290.319,273.47
1784569745002,4,290.728050074501,271.384114812031,290.359,273.78
1784569745102,4,290.744503280895,271.691247052083,290.399,274.09
1784569745202,4,290.762046653783,272.00362467613,290.439,274.4
1784569745302,4,290.780499764514,272.32126480807,290.48,274.71
1784569745402,4,290.799689824578,272.644180110018,290.52,275.02
1784569745502,4,290.819451956817,272.972374296366,290.56,275.33
1784569745602,4,290.839629255241,273.305839613713,290.601,275.64
1784569745702,4,290.860072993936,273.64455525287,290.641,275.95
1784569745802,4,290.880643662861,273.988485338526,290.681,276.26
1784569745902,4,290.901210846693,274.337577667705,290.722,276.57
1784569746002,4,290.92165183705,274.691766475508,290.762,276.88
1784569746102,4,290.941850763441,275.05098203348,290.802,277.19
1784569746202,4,290.961698020747,275.415152376057,290.842,277.501
1784569746302,4,290.981089162358,275.784203572288,290.883,277.811
1784569746402,4,290.99992544305,276.158056137689,290.923,278.121
1784569746502,4,291.018112722352,276.536624263336,290.963,278.431
1784569746602,4,291.035560805015,276.919821510552,291.004,278.741
1784569746702,4,291.052182900683,277.307563748657,291.044,279.051
1784569746802,4,291.067895931568,277.699767327126,291.084,279.361
1784569746902,4,291.082620453211,278.096347507386,291.124,279.671
1784569747002,4,291.096280697725,278.497216632413,291.165,279.981
1784569747102,4,291.108804552817,278.902282418447,291.205,280.291
1784569747202,4,291.120123461493,279.311448095071,291.245,280.601
1784569747302,4,291.130172259849,279.724618395363,291.286,280.911
1784569747402,4,291.138888871611,280.141701014956,291.326,281.221
1784569747502,4,291.146212748801,280.562610931904,291.366,281.531
1784569747602,4,291.152085074112,280.98727253658,291.407,281.842
1784569747702,4,291.156451256901,281.415618854246,291.447,282.152
1784569747802,4,291.15926152899,281.847591673337,291.487,282.462
1784569747902,4,291.160471043856,282.283140141023,291.527,282.772
1784569748002,4,291.160040270301,282.722218944179,291.568,283.082
1784569748102,4,291.157934374037,283.164786731234,291.608,283.392
1784569748202,4,291.154122601456,283.610804797573,291.648,283.702
1784569748302,4,291.148579421151,284.060232764742,291.689,284.012
1784569748402,4,291.141284555757,284.513029162023,291.729,284.322
1784569748502,4,291.132222148916,284.969150233384,291.769,284.632
1784569748602,4,291.121382860034,285.428546872007,291.81,284.942
1784569748702,4,291.108765654653,285.891159754013,291.85,285.252
1784569748802,4,291.094377856885,286.356921306086,291.89,285.562
1784569748902,4,291.078237506793,286.825757236229,291.93,285.872
1784569749002,4,291.060373522612,287.297585571674,291.971,286.182
1784569749102,4,291.040823551197,287.77231770192,292.011,286.493
1784569749202,4,291.019632916959,288.249861061946,292.051,286.803
1784569749302,4,290.996853719555,288.730118731579,292.092,287.113
1784569749402,4,290.972545030666,289.212989980798,292.132,287.423
1784569749502,4,290.946774317012,289.698372504622,292.172,287.733
1784569749602,4,290.919618174515,290.186160130574,292.213,288.043
1784569749702,4,290.891163291826,290.676236503582,292.253,288.353
1784569749802,4,290.861506722134,291.168473050924,292.293,288.663
1784569749902,4,290.830756031431,291.662730470414,292.333,288.973
1784569750002,4,290.799029506198,292.158854558773,292.374,289.283
1784569750102,4,290.766456557454,292.656673113895,292.393,289.627
1784569750202,4,290.733177928643,293.15599361236,292.236,290.262
1784569750302,4,290.69934578588,293.656601023166,292.078,290.897
1784569750402,4,290.665123398845,294.158256946555,291.921,291.532
1784569750502,4,290.630683397215,294.660704513513,291.763,292.167
1784569750602,4,290.596207505479,295.163672995123,291.606,292.802
1784569750702,4,290.561886681684,295.666877396777,291.448,293.436
1784569750802,4,290.527921219861,296.17001875454,291.29,294.071
1784569750902,4,290.494520766339,296.672784477849,291.133,294.706
1784569751002,4,290.461903925549,297.174847778014,290.975,295.341
1784569751102,4,290.430296311374,297.675869867136,290.818,295.976
1784569751202,4,290.399929963164,298.175499952297,290.66,296.611
1784569751302,4,290.371042671965,298.673377706285,290.502,297.246
1784569751402,4,290.343877210893,299.169132362719,290.345,297.881
1784569751502,4,290.318679201003,299.662381326743,290.187,298.516
1784569751602,4,290.295698221448,300.152728688745,290.03,299.151
1784569751702,4,290.275186250924,300.63976716915,289.872,299.786
1784569751802,4,290.257396986562,301.123083707169,289.715,300.42
1784569751902,4,290.242584976251,301.602260474329,289.557,301.055
1784569752002,4,290.231005265446,302.076879413007,289.399,301.69
1784569752102,4,290.222912648675,302.546526707685,289.242,302.325
1784569752202,4,290.218562190169,303.010792279931,289.084,302.96
1784569752302,4,290.218211964639,303.469269077745,288.927,303.595
1784569752402,4,290.222123417408,303.921551364922,288.769,304.23
1784569752502,4,290.230561068076,304.367232913433,288.611,304.865
1784569752602,4,290.243795273409,304.805906795331,288.454,305.5
1784569752702,4,290.262098489185,305.237170922738,288.296,306.135
1784569752802,4,290.28574132655,305.660629966056,288.139,306.77
1784569752902,4,290.314989698468,306.075896809925,287.981,307.404
1784569753002,4,290.350102872528,306.48259443797,287.824,308.039
1784569753102,4,290.39133292875,306.880354904082,287.666,308.674
1784569753202,4,290.438924791186,307.268817737232,287.508,309.309
1784569753302,4,290.493117718404,307.647628274947,287.351,309.944
1784569753402,4,290.554146055138,308.016436739999,287.193,310.579
1784569753502,4,290.622239629671,308.374899318061,287.036,311.214
1784569753602,4,290.697625491437,308.722680684526,286.878,311.849
1784569753702,4,290.78052806266,309.059455487852,286.72,312.484
1784569753802,4,290.871166970569,309.384909509909,286.563,313.119
1784569753902,4,290.96974996889,309.698741241379,286.405,313.754
1784569754002,4,291.076470657337,310.000667934997,286.248,314.388
1784569754102,4,291.191507231757,310.290428510096,286.09,315.023
1784569754202,4,291.315021559968,310.567787206397,285.933,315.658
1784569754302,4,291.447157568498,310.832533572444,285.775,316.293
1784569754402,4,291.588039818146,311.084482662855,285.617,316.928
1784569754502,4,291.737770773655,311.323478281547,285.46,317.563
1784569754602,4,291.896430024587,311.54939455537,285.302,318.198
1784569754702,4,292.0640723543,311.762138526031,285.31,318.626
1784569754802,4,292.240728312836,311.961650009232,285.831,318.414
1784569754902,4,292.426403481744,312.147900404067,286.352,318.202
1784569755002,4,292.621078680715,312.320890996734,286.873,317.99
1784569755102,4,292.82471167947,312.480651785971,287.394,317.778
1784569755202,4,293.037237865975,312.627239834256,287.915,317.566
1784569755302,4,293.258571634903,312.760738227467,288.436,317.353
1784569755402,4,293.488606782328,312.881254665791,288.957,317.141
1784569755502,4,293.727217981834,312.988917252453,289.478,316.929
1784569755602,4,293.974264594532,313.083869237822,289.999,316.717
1784569755702,4,294.229592115547,313.166265451021,290.52,316.505
1784569755802,4,294.493031671311,313.236271313179,291.041,316.293
1784569755902,4,294.764400212653,313.294062574739,291.562,316.081
1784569756002,4,295.043501217447,313.339825792473,292.083,315.869
1784569756102,4,295.33012571238,313.373759693078,292.603,315.657
1784569756202,4,295.624051854086,313.39607576964,293.124,315.445
1784569756302,4,295.925045532406,313.406997726945,293.645,315.233
1784569756402,4,296.232863680218,313.406759275392,294.166,315.021
1784569756502,4,296.547258171591,313.39560194251,294.687,314.809
1784569756602,4,296.867975878642,313.373771660575,295.208,314.597
1784569756702,4,297.194758846592,313.341515839545,295.729,314.385
1784569756802,4,297.527344799531,313.299085870536,296.25,314.173
1784569756902,4,297.865469775402,313.246735657888,296.771,313.961
1784569757002,4,298.208868947023,313.184712117505,297.292,313.749
1784569757102,4,298.557278726179,313.113253834636,297.813,313.537
1784569757202,4,298.910436310844,313.032594652684,298.334,313.325
1784569757302,4,299.268078960339,312.942965305905,298.855,313.113
1784569757402,4,299.629944463542,312.84459570239,299.375,312.901
1784569757502,4,299.995771528897,312.737715819266,299.896,312.689
1784569757602,4,300.365300972985,312.622556033872,300.417,312.477
1784569757702,4,300.738275451596,312.499347104526,300.938,312.264
1784569757802,4,301.114439784849,312.368320579116,301.459,312.052
1784569757902,4,301.493543660455,312.229709399191,301.98,311.84
1784569758002,4,301.875341681911,312.083748609688,302.501,311.628
1784569758102,4,302.259592705619,311.930676031244,303.022,311.416
1784569758202,4,302.646060157251,311.77073172533,303.543,311.204
1784569758302,4,303.034514829043,311.604153862915,304.064,310.992
1784569758402,4,303.424738164134,311.431177874824,304.585,310.78
1784569758502,4,303.816522579308,311.252035680767,305.106,310.568
1784569758602,4,304.209672493765,311.066956247652,305.627,310.356
1784569758702,4,304.604004379269,310.876167212787,306.148,310.144
1784569758802,4,304.999345291038,310.67989659174,306.668,309.932
1784569758902,4,305.39553251349,310.478372960352,307.189,309.72
1784569759002,4,305.792417315615,310.271825008145,307.71,309.508
1784569759102,4,306.189865883674,310.060477936205,308.231,309.296
1784569759202,4,306.587758189897,309.84455329082,308.752,309.084
1784569759302,4,306.985987395349,309.624269928944,309.273,308.872
1784569759402,4,307.384459554084,309.399845038591,309.794,308.66
1784569759502,4,307.783094703545,309.171495044312,310.315,308.448
1784569759602,4,308.181829845743,308.939435875325,310.836,308.236
1784569759702,4,308.580619910309,308.703882200796,311.357,308.024
1784569759802,4,308.979441238659,308.465045797142,311.878,307.812
1784569759902,4,309.378291035165,308.223136456989,312.399,307.6
1784569760002,4,309.777184540635,307.978364826842,312.92,307.388
1784569760102,4,310.176147354067,307.73094659851,313.29,307.191
1784569760202,4,310.575204808357,307.481114266792,313.644,306.996
1784569760302,4,310.974378159881,307.22912093294,313.999,306.801
1784569760402,4,311.373683683156,306.975241348165,314.353,306.606
1784569760502,4,311.77313593901,306.719771770392,314.707,306.411
1784569760602,4,312.17275265466,306.463022138163,315.062,306.215
1784569760702,4,312.572556745022,306.205292382828,315.416,306.02
1784569760802,4,312.972578114653,305.946856129105,315.771,305.825
1784569760902,4,313.372852403473,305.687958793844,316.125,305.63
1784569761002,4,313.77341828274,305.428820838862,316.479,305.435
1784569761102,4,314.174310371181,305.169647095319,316.834,305.24
1784569761202,4,314.575548027778,304.910630215323,317.188,305.045
1784569761302,4,314.977131343886,304.651953793805,317.543,304.85
1784569761402,4,315.379039644837,304.393796710584,317.897,304.655
1784569761502,4,315.781231242978,304.136331446732,318.251,304.46
1784569761602,4,316.183642642321,303.879724313396,318.606,304.265
1784569761702,4,316.586187742673,303.624136065319,318.96,304.07
1784569761802,4,316.988759586379,303.3697207363,319.314,303.875
1784569761902,4,317.391229396386,303.116626238567,319.669,303.68
1784569762002,4,317.793444890972,302.864995567473,320.023,303.484
1784569762102,4,318.195230070493,302.614967061589,320.378,303.289
1784569762202,4,318.596387543271,302.36667160624,320.732,303.094
1784569762302,4,318.996698036229,302.120231430707,321.086,302.899
1784569762402,4,319.395920726564,301.875761249872,321.441,302.704
1784569762502,4,319.793799960657,301.633370694326,321.795,302.509
1784569762602,4,320.190066124434,301.393166113601,322.15,302.314
1784569762702,4,320.584433381439,301.155256007988,322.504,302.119
1784569762802,4,320.976599888982,300.919752484998,322.858,301.924
1784569762902,4,321.366252156148,300.686768731565,323.213,301.729
1784569763002,4,321.75306524308,300.456417378629,323.567,301.534
1784569763102,4,322.136701849167,300.228808312799,323.922,301.339
1784569763202,4,322.516813592996,300.00404808263,324.276,301.144
1784569763302,4,322.89303998967,299.782238656642,324.63,300.949
1784569763402,4,323.265006672149,299.563472528049,324.985,300.753
1784569763502,4,323.63232361764,299.347822978046,325.339,300.558
1784569763602,4,323.99458342169,299.13534502138,325.693,300.363
1784569763702,4,324.351361846968,298.926085951103,326.048,300.168
1784569763802,4,324.702228023522,298.720088981452,326.402,299.973
1784569763902,4,325.046758817524,298.517396223647,326.757,299.778
1784569764002,4,325.384540847701,298.31805390352,327.111,299.583
1784569764102,4,325.715169484666,298.122114307631,327.465,299.388
1784569764202,4,326.038247851714,297.929636707254,327.82,299.193
1784569764302,4,326.353387789066,297.740687570394,328.174,298.998
1784569764402,4,326.660212254141,297.555338651379,328.529,298.803
1784569764502,4,326.958355622402,297.373667166341,328.883,298.608
1784569764602,4,327.247462729219,297.195756652823,329.237,298.413
1784569764702,4,327.527188525753,297.021697817261,329.592,298.218
1784569764802,4,327.797197892539,296.8515885047,329.946,298.022
1784569764902,4,328.057166391114,296.685531071062,330.301,297.827
1784569765002,4,328.306780607619,296.52363230659,330.655,297.632
1784569765102,4,328.545737745737,296.366003949261,331.009,297.437
1784569765202,4,328.773746926793,296.212762398443,331.364,297.242
1784569765302,4,328.990530705126,296.064028727818,331.718,297.047
1784569765402,4,329.195826459628,295.919926642091,332.072,296.852
1784569765502,4,329.389388180065,295.780578834084,332.427,296.657
1784569765602,4,329.570988661791,295.646106301035,332.781,296.462
1784569765702,4,329.740419812649,295.516628865116,333.136,296.267
1784569765802,4,329.897492846843,295.392265692485,333.49,296.072
1784569765902,4,330.042040558177,295.27313581051,333.844,295.877
1784569766002,4,330.173918844076,295.159358864262,334.199,295.682
1784569766102,4,330.293006358855,295.0510561886,334.553,295.487
1784569766202,4,330.399203771422,294.948350778909,334.908,295.291
1784569766302,4,330.492432871995,294.851366302165,335.262,295.096
1784569766402,4,330.572635874109,294.760223149529,335.616,294.901
1784569766502,4,330.639773895155,294.675038252652,335.971,294.706
1784569766602,4,330.693824407696,294.595925496118,336.325,294.511
1784569766702,4,330.734778873115,294.522995813787,336.679,294.316
1784569766802,4,330.7626399685,294.456357868883,337.034,294.121
1784569766902,4,330.777421409067,294.396117505135,337.388,293.926
1784569767002,4,330.779151009624,294.3423740132,337.743,293.731
1784569767102,4,330.767875849638,294.295218879054,338.097,293.536
1784569767202,4,330.743666585513,294.254736334415,338.451,293.341
1784569767302,4,330.706618905028,294.221002748594,338.806,293.146
1784569767402,4,330.656854767607,294.194084758427,339.16,292.951
1784569767502,4,330.594524309978,294.174038815237,338.936,293.035
1784569767602,4,330.519806045248,294.160911240337,338.513,293.216
1784569767702,4,330.432907036577,294.15473799296,338.09,293.397
1784569767802,4,330.334062862934,294.155543942689,337.666,293.578
1784569767902,4,330.223536382185,294.163342418058,337.243,293.759
1784569768002,4,330.101617292215,294.178134992796,336.82,293.94
1784569768102,4,329.968620906371,294.199910816893,336.397,294.121
1784569768202,4,329.824883641703,294.228646105821,335.973,294.302
1784569768302,4,329.670760533469,294.26430511967,335.55,294.483
1784569768402,4,329.506622068991,294.306843342895,335.127,294.664
1784569768502,4,329.332849993239,294.356210635693,334.704,294.845
1784569768602,4,329.149835742472,294.412355802741,334.281,295.026
1784569768702,4,328.957979532243,294.475228389874,333.857,295.207
1784569768802,4,328.757690285136,294.54477859265,333.434,295.388
1784569768902,4,328.549384303633,294.62095692025,333.011,295.569
1784569769002,4,328.333485630396,294.703713871381,332.588,295.75
1784569769102,4,328.110426482827,294.79299960513,332.164,295.931
1784569769202,4,327.880646422187,294.888763873033,331.741,296.112
1784569769302,4,327.644592427612,294.990957069497,331.318,296.293
1784569769402,4,327.402717736538,295.099530812549,330.895,296.474
1784569769502,4,327.155481894866,295.214437864308,330.472,296.655
1784569769602,4,326.903350501036,295.335632988232,330.048,296.836
1784569769702,4,326.646791371613,295.463074749052,329.625,297.017
1784569769802,4,326.38627447722,295.59672663025,329.202,297.197
1784569769902,4,326.122272983813,295.73655855547,328.779,297.378
1784569770002,4,325.855263615497,295.882548365547,328.355,297.559
1784569770102,4,325.585726853723,296.034681901998,327.932,297.74
1784569770202,4,325.314147756642,296.192952328244,327.509,297.921
1784569770302,4,325.041016393395,296.357358419332,327.086,298.102
1784569770402,4,324.766827247845,296.527900654346,326.662,298.283
1784569770502,4,324.492073871831,296.704577633583,326.239,298.464
1784569770602,4,324.217248502667,296.887383234411,325.816,298.645
1784569770702,4,323.942843333672,297.076305404931,325.393,298.826
1784569770802,4,323.669351461498,297.271325336211,324.97,299.007
1784569770902,4,323.39726590826,297.472418023988,324.546,299.188
1784569771002,4,323.127076751955,297.679557212906,324.123,299.369
1784569771102,4,322.859271439673,297.892714658085,323.7,299.55
1784569771202,4,322.594335552837,298.11185408074,323.277,299.731
1784569771302,4,322.332751854529,298.336928810457,322.853,299.912
1784569771402,4,322.07499987234,298.567880866875,322.43,300.093
1784569771502,4,321.821555674483,298.804639955015,322.007,300.274
1784569771602,4,321.572888491147,299.047122356162,321.584,300.455
1784569771702,4,321.329460456507,299.295229855752,321.161,300.636
1784569771802,4,321.091725360965,299.548850726549,320.737,300.817
1784569771902,4,320.860124585897,299.807864320296,320.314,300.998
1784569772002,4,320.635086796805,300.072139367232,319.891,301.179
1784569772102,4,320.417028050893,300.341535059944,319.468,301.36
1784569772202,4,320.206351582188,300.61590130979,319.044,301.541
1784569772302,4,320.003447549871,300.895080115567,318.621,301.722
1784569772402,4,319.808692745794,301.178913968211,318.198,301.903
1784569772502,4,319.622450635803,301.467246961359,317.775,302.084
1784569772602,4,319.445069252853,301.759923454382,317.352,302.264
1784569772702,4,319.276878562733,302.056786701243,316.928,302.445
1784569772802,4,319.118186589152,302.357677808525,316.505,302.626
1784569772902,4,318.969278702897,302.66243570882,316.082,302.807
1784569773002,4,318.83041737906,302.97089615046,315.659,302.988
1784569773102,4,318.701840250648,303.282891037917,315.235,303.169
1784569773202,4,318.583763470919,303.598248850509,314.812,303.35
1784569773302,4,318.476385144601,303.916794392977,314.389,303.531
1784569773402,4,318.379890937382,304.238350824203,313.966,303.712
1784569773502,4,318.294450777364,304.562740305813,313.543,303.893
1784569773602,4,318.220221209762,304.889781573749,313.119,304.074
1784569773702,4,318.157340587374,305.219290463837,312.696,304.255
1784569773802,4,318.105921371995,305.551081533308,312.273,304.436
1784569773902,4,318.066047737335,305.884967212549,311.85,304.617
1784569774002,4,318.037775545412,306.220756661579,311.864,304.906
1784569774102,4,318.021132786842,306.558255856301,312.211,305.277
1784569774202,4,318.016120861421,306.8972665582,312.558,305.649
1784569774302,4,318.022715880942,307.237585447435,312.905,306.02
1784569774402,4,318.040871680143,307.579002937865,313.252,306.391
1784569774502,4,318.070523840054,307.92130142828,313.599,306.763
1784569774602,4,318.111593113271,308.264253979441,313.946,307.134
1784569774702,4,318.163986901977,308.607624143738,314.293,307.506
1784569774802,4,318.227601891593,308.951169650184,314.64,307.877
1784569774902,4,318.302326644434,309.294642550152,314.987,308.248
1784569775002,4,318.388042177797,309.637789488704,315.334,308.62
1784569775102,4,318.484621940955,309.980351623879,315.681,308.991
1784569775202,4,318.591932151768,310.322063783236,316.028,309.362
1784569775302,4,318.709828813745,310.662657026998,316.375,309.734
1784569775402,4,318.838149815744,311.001870183839,316.722,310.105
1784569775502,4,318.976714826311,311.339449645729,317.069,310.476
1784569775602,4,319.125334689984,311.675141585251,317.416,310.848
1784569775702,4,319.283817706882,312.008692171071,317.764,311.219
1784569775802,4,319.451970997703,312.339846131445,318.111,311.591
1784569775902,4,319.629603275116,312.668342923282,318.458,311.962
1784569776002,4,319.816524942911,312.99391746005,318.805,312.333
1784569776102,4,320.012547595178,313.316299655029,319.152,312.705
1784569776202,4,320.217484477794,313.635214782158,319.499,313.076
1784569776302,4,320.43114977909,313.950385238336,319.846,313.447
1784569776402,4,320.653357143973,314.261531189158,320.193,313.819
1784569776502,4,320.883918539398,314.568369890573,320.54,314.19
1784569776602,4,321.12264321609,314.870616142924,320.887,314.561
1784569776702,4,321.369337521588,315.167982643081,321.234,314.933
1784569776802,4,321.623807960578,315.460181095401,321.581,315.304
1784569776902,4,321.885864313874,315.746923355771,321.928,315.675
1784569777002,4,322.15532272272,316.027920230168,322.275,316.047
1784569777102,4,322.432005377011,316.302880815629,322.622,316.418
1784569777202,4,322.715739530286,316.571513046194,322.969,316.79
1784569777302,4,323.006357326966,316.83352497325,323.316,317.161
1784569777402,4,323.303694363029,317.088624644808,323.663,317.532
1784569777502,4,323.607587144822,317.336521064797,324.01,317.904
1784569777602,4,323.917872881945,317.576925228351,324.357,318.275
1784569777702,4,324.234388999202,317.809555696779,324.705,318.646
1784569777802,4,324.556975883849,318.034139208881,325.052,319.018
1784569777902,4,324.885484301686,318.250409788367,325.399,319.389
1784569778002,4,325.219776173872,318.458107698606,325.746,319.76
1784569778102,4,325.559723438252,318.656978475227,326.093,320.132
1784569778202,4,325.905208352832,318.846772138619,326.44,320.503
1784569778302,4,326.25612424685,319.027243117104,326.787,320.874
1784569778402,4,326.612375083352,319.198150567895,327.134,321.246
1784569778502,4,326.973875216876,319.359259483709,327.481,321.617
1784569778602,4,327.340548050485,319.51034304529,327.828,321.989
1784569778702,4,327.71232432204,319.65118602258,328.175,322.36
1784569778802,4,328.089140293501,319.781585506674,328.522,322.731
1784569778902,4,328.470935990445,319.901350714253,328.869,323.103
1784569779002,4,328.857654397748,320.01030432198,329.216,323.474
1784569779102,4,329.249243486552,320.108285621007,329.563,323.845
1784569779202,4,329.645655595716,320.195153875814,329.91,324.217
1784569779302,4,330.046846542241,320.270788644354,330.257,324.588
1784569779402,4,330.452774018426,320.335089321966,330.604,324.959
1784569779502,4,330.863395713366,320.387975870228,330.951,325.331
1784569779602,4,331.278667645185,320.429392906615,331.298,325.702
1784569779702,4,331.6985437956,320.459310541707,331.646,326.073
1784569779802,4,332.122976794802,320.477724866169,331.993,326.445
1784569779902,4,332.55191745778,320.484660100652,332.464,326.432
1784569780002,4,332.985315098075,320.480169817285,333.038,326.098
1784569780102,4,333.423116355731,320.464337142263,333.612,325.764
1784569780202,4,333.865265024326,320.437274712854,334.186,325.431
1784569780302,4,334.311703173443,320.399123770404,334.761,325.097
1784569780402,4,334.762370610385,320.350050326787,335.335,324.763
1784569780502,4,335.217206723832,320.29024328944,335.909,324.43
1784569780602,4,335.676152364987,320.219913930581,336.484,324.096
1784569780702,4,336.139151741683,320.139293244838,337.058,323.762
1784569780802,4,336.606153442519,320.04862769301,337.632,323.428
1784569780902,4,337.077110990878,319.948178557481,338.206,323.095
1784569781002,4,337.551986085131,319.838222370704,338.781,322.761
1784569781102,4,338.030748391727,319.719051312878,339.355,322.427
1784569781202,4,338.513373636916,319.590973307518,339.929,322.094
1784569781302,4,338.999841875298,319.454310719985,340.504,321.76
1784569781402,4,339.490135735758,319.309398067055,341.078,321.426
1784569781502,4,339.984239876819,319.156577833046,341.652,321.093
1784569781602,4,340.482144500305,318.996199061345,342.226,320.759
1784569781702,4,340.983853575631,318.828615252923,342.801,320.425
1784569781802,4,341.489382315588,318.654184135147,343.375,320.091
1784569781902,4,341.998757621377,318.473267405449,343.949,319.758
1784569782002,4,342.512015719777,318.286231183824,344.524,319.424
1784569782102,4,343.029193684398,318.093446283569,345.098,319.09
1784569782202,4,343.55031634978,317.89528650741,345.672,318.757
1784569782302,4,344.075390124982,317.692126786538,346.246,318.423
1784569782402,4,344.604400551983,317.484341401113,346.821,318.089
1784569782502,4,345.137312654798,317.272303270307,347.395,317.756
1784569782602,4,345.674075290495,317.056382441221,347.969,317.422
1784569782702,4,346.214624211747,316.836944962044,348.544,317.088
1784569782802,4,346.758883210317,316.614352424697,349.118,316.754
1784569782902,4,347.306763896039,316.388962709643,349.692,316.421
1784569783002,4,347.858167242197,316.161130722721,350.266,316.087
1784569783102,4,348.412984029186,315.931208091626,350.841,315.753
1784569783202,4,348.971096249632,315.699543375624,351.415,315.42
1784569783302,4,349.532384945274,315.466482410559,351.989,315.086
1784569783402,4,350.096728907657,315.232366695961,352.564,314.752
1784569783502,4,350.663997111192,314.997531544422,353.138,314.419
1784569783602,4,351.234044836423,314.762303653604,353.712,314.085
1784569783702,4,351.806711014653,314.526999795722,354.286,313.751
1784569783802,4,352.381815924129,314.291925836295,354.861,313.418
1784569783902,4,352.959160455267,314.057376404419,355.435,313.084
1784569784002,4,353.538525814151,313.823634005239,356.009,312.75
1784569784102,4,354.11967242466,313.590967292499,356.584,312.416
1784569784202,4,354.702341240855,313.359630872218,357.158,312.083
1784569784302,4,355.286254907465,313.12986537058,357.732,311.749
1784569784402,4,355.87111884341,312.901897469949,358.282,311.492
1784569784502,4,356.456628269511,312.675940772807,358.79,311.362
1784569784602,4,357.042470650562,312.452196860111,359.299,311.232
1784569784702,4,357.628328786986,312.230856871019,359.808,311.102
1784569784802,4,358.213893808482,312.012104842121,360.316,310.972
1784569784902,4,358.798871251666,311.796120049827,360.825,310.842
1784569785002,4,359.382980670261,311.5830781563,361.333,310.712
1784569785102,4,359.965956387455,311.373151922524,361.842,310.582
1784569785202,4,360.547546805672,311.166512113227,362.351,310.452
1784569785302,4,361.12751473014,310.963328381101,362.859,310.322
1784569785402,4,361.705635737381,310.763770060311,363.368,310.192
1784569785502,4,362.281696361123,310.568006540171,363.877,310.062
1784569785602,4,362.855493135805,310.376206818918,364.385,309.932
1784569785702,4,363.426831840334,310.188539873348,364.894,309.802
1784569785802,4,363.995528944374,310.00517471906,365.403,309.672
1784569785902,4,364.561410802751,309.826278972028,365.911,309.542
1784569786002,4,365.124312876072,309.652018689446,366.42,309.412
1784569786102,4,365.684078515953,309.482558948245,366.929,309.282
1784569786202,4,366.240557658643,309.318064071086,367.437,309.151
1784569786302,4,366.793606478319,309.158698066834,367.946,309.021
1784569786402,4,367.343087475783,309.00462507761,368.455,308.891
1784569786502,4,367.888869069413,308.856009965128,368.963,308.761
1784569786602,4,368.430824057408,308.713018389103,369.472,308.631
1784569786702,4,368.96882966479,308.575815452427,369.981,308.501
1784569786802,4,369.502766322122,308.444564188771,370.489,308.371
1784569786902,4,370.032515289908,308.319421898883,370.998,308.241
1784569787002,4,370.557956052022,308.200538760093,371.507,308.111
1784569787102,4,371.07896394064,308.088056963815,372.015,307.981
1784569787202,4,371.595408093774,307.982110760871,372.524,307.851
1784569787302,4,372.107150788251,307.882826763365,373.032,307.721
1784569787402,4,372.614046519106,307.790324393986,373.541,307.591
1784569787502,4,373.115942197135,307.704715695804,374.05,307.461
1784569787602,4,373.61268206937,307.626103143132,374.558,307.331
1784569787702,4,374.104108195735,307.554579387218,375.067,307.201
1784569787802,4,374.590059418913,307.490227625029,375.576,307.071
1784569787902,4,375.070369334834,307.433121714843,376.084,306.941
1784569788002,4,375.544865456632,307.383325596601,376.593,306.811
1784569788102,4,376.013372885237,307.340893809022,377.102,306.681
1784569788202,4,376.475716081324,307.30587440019,377.61,306.551
1784569788302,4,376.931725375708,307.278312779348,378.119,306.421
1784569788402,4,377.381239953721,307.258252675871,378.628,306.291
1784569788502,4,377.824106779167,307.245736233193,379.136,306.16
1784569788602,4,378.260179894984,307.240803813121,379.645,306.03
1784569788702,4,378.689322722827,307.243493374775,380.154,305.9
1784569788802,4,379.111408016246,307.253840199386,380.662,305.77
1784569788902,4,379.526318401383,307.271876977804,381.171,305.64
1784569789002,4,379.933947126825,307.297633611145,381.68,305.51
1784569789102,4,380.334199797426,307.331136739532,382.188,305.38
1784569789202,4,380.726995232442,307.372408227518,382.697,305.25
1784569789302,4,381.112264789501,307.421464319496,383.205,305.12
1784569789402,4,381.489952113834,307.478314774979,383.714,304.99
1784569789502,4,381.860013079009,307.542962393463,384.223,304.86
1784569789602,4,382.222416262457,307.615402075081,384.731,304.73
1784569789702,4,382.577144723112,307.69561909936,385.24,304.6
1784569789802,4,382.924195994318,307.783588113803,385.749,304.47
1784569789902,4,383.263582264588,307.879272258997,386.257,304.34
1784569790002,4,383.595330079411,307.982622066128,386.766,304.21
1784569790102,4,383.919481559028,308.093574758708,387.17,304.193
1784569790202,4,384.236095706933,308.212053768305,387.234,304.543
1784569790302,4,384.545248906532,308.337968290367,387.299,304.893
1784569790402,4,384.847033821505,308.47121301959,387.363,305.243
1784569790502,4,385.141557959629,308.611669222475,387.427,305.592
1784569790602,4,385.428942309568,308.759205549572,387.492,305.942
1784569790702,4,385.709319959932,308.913678801226,387.556,306.292
1784569790802,4,385.982834765337,309.074935538258,387.621,306.642
1784569790902,4,386.249640321396,309.242812146394,387.685,306.992
1784569791002,4,386.509898882769,309.417134824147,387.75,307.341
1784569791102,4,386.763780403283,309.59772167274,387.814,307.691
1784569791202,4,387.011462454925,309.784384116539,387.878,308.041
1784569791302,4,387.253129725067,309.976927292823,387.943,308.391
1784569791402,4,387.488972971811,310.175151977463,388.007,308.741
1784569791502,4,387.719188048534,310.378855527935,388.072,309.09
1784569791602,4,387.943975494116,310.587831815254,388.136,309.44
1784569791702,4,388.163539911333,310.801872226132,388.2,309.79
1784569791802,4,388.378089134664,311.020765906136,388.265,310.14
1784569791902,4,388.58783385322,311.244301443892,388.329,310.49
1784569792002,4,388.792987083449,311.472267344288,388.394,310.839
1784569792102,4,388.993763452407,311.704452232057,388.458,311.189
1784569792202,4,389.190378214837,311.9406452113,388.523,311.539
1784569792302,4,389.383046311902,312.180636505809,388.587,311.889
1784569792402,4,389.571981506107,312.424217165258,388.651,312.238
1784569792502,4,389.757395421852,312.671179529532,388.716,312.588
1784569792602,4,389.939496855315,312.921318360401,388.78,312.938
1784569792702,4,390.11849176351,313.174431573923,388.845,313.288
1784569792802,4,390.294582625545,313.430319969615,388.909,313.638
1784569792902,4,390.467967690673,313.688787653529,388.974,313.987
1784569793002,4,390.638840640742,313.949641741537,389.038,314.337
1784569793102,4,390.807390690074,314.212693586026,389.102,314.687
1784569793202,4,390.973803152739,314.477761078862,389.167,315.037
1784569793302,4,391.138259537066,314.744669445983,389.231,315.387
1784569793402,4,391.300936765998,315.013250711625,389.296,315.736
1784569793502,4,391.462005790674,315.283343758445,389.36,316.086
1784569793602,4,391.62163088608,315.554793830045,389.425,316.436
1784569793702,4,391.779969857969,315.827452780045,389.489,316.786
1784569793802,4,391.937173966629,316.101180277119,389.553,317.136
1784569793902,4,392.093387339356,316.375844043533,389.618,317.485
1784569794002,4,392.248746391776,316.651319052105,389.682,317.835
1784569794102,4,392.40337909619,316.927487103194,389.747,318.185
1784569794202,4,392.557404243117,317.204238653659,389.811,318.535
1784569794302,4,392.710931268273,317.481473098221,389.876,318.885
1784569794402,4,392.864059678925,317.759098562849,389.94,319.234
1784569794502,4,393.016878334876,318.03703175579,390.004,319.584
1784569794602,4,393.169464824642,318.315197969378,390.069,319.934
1784569794702,4,393.321885173961,318.593531870005,390.133,320.284
1784569794802,4,393.474193622551,318.871978107926,390.198,320.634
1784569794902,4,393.626433145245,319.150491547408,390.262,320.983
1784569795002,4,393.778636560882,319.429038935627,390.327,321.333
1784569795102,4,393.930826324326,319.707598657173,390.391,321.683
1784569735202,5,759.549139448177,321.135142895677,754.82,319.729
1784569735302,5,759.644023458816,321.514558979525,755.012,320.191
1784569735402,5,759.739493333861,321.896292869823,755.205,320.654
1784569735502,5,759.83554637901,322.280298385256,755.397,321.116
1784569735602,5,759.932178374791,322.666519125673,755.589,321.578
1784569735702,5,760.029382523959,323.054892336521,755.782,322.041
1784569735802,5,760.127148097956,323.445349508988,755.974,322.503
1784569735902,5,760.225457013274,323.837815266443,756.166,322.965
1784569736002,5,760.324281372536,324.232207055999,756.359,323.428
1784569736102,5,760.423578872233,324.628434986384,756.551,323.89
1784569736202,5,760.523291315964,325.026400820554,756.743,324.352
1784569736302,5,760.623344500609,325.425996284102,756.936,324.815
1784569736402,5,760.723650182916,325.827102100174,757.128,325.277
1784569736502,5,760.824110762762,326.22959031131,757.32,325.739
1784569736602,5,760.924621733288,326.633326750521,757.513,326.202
1784569736702,5,761.025071666558,327.038170254732,757.705,326.664
1784569736802,5,761.125341762777,327.443973426379,757.898,327.126
1784569736902,5,761.225305490684,327.850591121196,758.09,327.589
1784569737002,5,761.324827561389,328.25788104329,758.282,328.051
1784569737102,5,761.423761843674,328.665703129767,758.475,328.513
1784569737202,5,761.521953067033,329.073922609365,758.667,328.976
1784569737302,5,761.619236075171,329.48240285986,758.859,329.438
1784569737402,5,761.715433393675,329.891001285732,759.052,329.9
1784569737502,5,761.810357169014,330.299570046704,759.244,330.363
1784569737602,5,761.903811520269,330.707962813356,759.436,330.825
1784569737702,5,761.995593793237,331.116035451453,759.629,331.287
1784569737802,5,762.085499780175,331.523645977749,759.821,331.75
1784569737902,5,762.17332880011,331.93065311097,760.013,332.212
1784569738002,5,762.258884373101,332.336915260813,760.206,332.674
1784569738102,5,762.341973858814,332.742293892923,760.398,333.137
1784569738202,5,762.422408277324,333.146659245606,760.591,333.599
1784569738302,5,762.500002681202,333.549890406774,760.783,334.061
1784569738402,5,762.574578642015,333.951874623463,760.975,334.523
1784569738502,5,762.645965053355,334.35250576885,761.168,334.986
1784569738602,5,762.713999582041,334.751684536489,761.36,335.448
1784569738702,5,762.778528786866,335.149325308649,761.552,335.91
1784569738802,5,762.839407850653,335.545361256712,761.745,336.373
1784569738902,5,762.896500955757,335.939744187799,761.937,336.835
1784569739002,5,762.949683792151,336.332444413595,762.129,337.297
1784569739102,5,762.998845159987,336.723449789141,762.322,337.76
1784569739202,5,763.043888685042,337.112763876326,762.514,338.222
1784569739302,5,763.08473332608,337.500403764476,762.706,338.684
1784569739402,5,763.121313920064,337.886398599463,762.899,339.147
1784569739502,5,763.153580193225,338.270787319585,763.091,339.609
1784569739602,5,763.181496789918,338.653614597575,763.283,340.071
1784569739702,5,763.205044801206,339.034928886892,763.476,340.534
1784569739802,5,763.224221285524,339.414782255014,763.668,340.996
1784569739902,5,763.239036306663,339.793230937132,763.861,341.458
1784569740002,5,763.249512705642,340.170341458286,764.053,341.921
1784569740102,5,763.255686183306,340.546191677406,764.245,342.383
1784569740202,5,763.257605375114,340.920869496477,764.438,342.845
1784569740302,5,763.255332840045,341.294473570613,764.63,343.308
1784569740402,5,763.248946954483,341.667118981484,764.822,343.77
1784569740502,5,763.23854236566,342.03893771062,765.015,344.232
1784569740602,5,763.224229814616,342.410077695585,765.207,344.695
1784569740702,5,763.206134759151,342.780701691301,765.399,345.157
1784569740802,5,763.184395046562,343.150987275767,765.592,345.619
1784569740902,5,763.159160808008,343.52112552513,765.784,346.082
1784569741002,5,763.130596034301,343.891319273274,765.976,346.544
1784569741102,5,763.098878855971,344.261781422334,766.169,347.006
1784569741202,5,763.064201675252,344.632735301322,766.338,347.463
1784569741302,5,763.02677197479,345.004419974515,766.265,347.86
1784569741402,5,762.986813922673,345.37708600584,766.193,348.257
1784569741502,5,762.944568059246,345.750991666578,766.121,348.654
1784569741602,5,762.900291300503,346.126401213987,766.048,349.051
1784569741702,5,762.854256754651,346.50358385405,765.976,349.448
1784569741802,5,762.806751647751,346.882811163387,765.904,349.845
1784569741902,5,762.758071850442,347.264355027125,765.831,350.241
1784569742002,5,762.708514780783,347.648487314926,765.759,350.638
1784569742102,5,762.65837785683,348.035479896452,765.687,351.035
1784569742202,5,762.607958496642,348.425604641365,765.614,351.432
1784569742302,5,762.557548577804,348.819120973014,765.542,351.829
1784569742402,5,762.507412301477,349.216225768424,765.47,352.226
1784569742502,5,762.457780827791,349.617039363684,765.397,352.623
1784569742602,5,762.408852579897,350.021603740142,765.325,353.02
1784569742702,5,762.360793337359,350.429880567653,765.253,353.417
1784569742802,5,762.313737026375,350.841751360933,765.18,353.814
1784569742902,5,762.267788037444,351.257023669488,765.108,354.211
1784569743002,5,762.223022080632,351.67543125129,765.036,354.608
1784569743102,5,762.179486547255,352.096632216138,764.963,355.005
1784569743202,5,762.137200731368,352.520207078196,764.891,355.402
1784569743302,5,762.096160592313,352.945670333889,764.819,355.799
1784569743402,5,762.056353812631,353.372513034791,764.746,356.196
1784569743502,5,762.01775264101,353.800180238736,764.674,356.593
1784569743602,5,761.980324961959,354.22808821227,764.602,356.99
1784569743702,5,761.944053593784,354.655660548019,764.53,357.387
1784569743802,5,761.908940625329,355.082334407442,764.457,357.784
1784569743902,5,761.875006896605,355.50755818468,764.385,358.181
1784569744002,5,761.842289218375,355.930788224615,764.313,358.578
1784569744102,5,761.81083892638,356.351486534433,764.24,358.974
1784569744202,5,761.780721294423,356.769118804406,764.168,359.371
1784569744302,5,761.752014440974,357.183152715632,764.096,359.768
1784569744402,5,761.72481117359,357.593058610008,764.023,360.165
1784569744502,5,761.699216484094,357.998314772677,763.951,360.562
1784569744602,5,761.675344041945,358.398408981774,763.879,360.959
1784569744702,5,761.653311918346,358.792837014973,763.806,361.356
1784569744802,5,761.633246694392,359.181109135526,763.734,361.753
1784569744902,5,761.615284913443,359.562750501161,763.662,362.15
1784569745002,5,761.599573819839,359.937300775184,763.589,362.547
1784569745102,5,761.586273981379,360.304318226185,763.517,362.944
1784569745202,5,761.575559981064,360.663381208208,763.445,363.341
1784569745302,5,761.567619644838,361.014090642422,763.372,363.738
1784569745402,5,761.562650979054,361.356069330792,763.3,364.135
1784569745502,5,761.560861002723,361.688959950998,763.228,364.532
1784569745602,5,761.562464024251,362.012421976467,763.155,364.929
1784569745702,5,761.567680407884,362.326129743577,763.083,365.326
1784569745802,5,761.576732818217,362.629771840616,763.011,365.723
1784569745902,5,761.589843189723,362.923053749862,762.939,366.12
1784569746002,5,761.607232673077,363.205699443189,762.866,366.517
1784569746102,5,761.629123324198,363.477450919693,762.794,366.914
1784569746202,5,761.655736760547,363.738068074661,762.722,367.31
1784569746302,5,761.687294083192,363.987331940215,762.649,367.707
1784569746402,5,761.724018736355,364.225045748824,762.577,368.104
1784569746502,5,761.7661398974,364.451036321111,762.505,368.501
1784569746602,5,761.813889294044,364.665155676905,762.432,368.898
1784569746702,5,761.867499967229,364.867280518154,762.36,369.295
1784569746802,5,761.927205584163,365.057311229986,762.288,369.692
1784569746902,5,761.993237795614,365.235170871464,762.215,370.089
1784569747002,5,762.06582051766,365.400799022453,762.143,370.486
1784569747102,5,762.145158182739,365.554131001553,762.071,370.883
1784569747202,5,762.231432707927,365.695092141602,761.998,371.28
1784569747302,5,762.32480734921,365.82360435798,761.926,371.677
1784569747402,5,762.425443317475,365.939614706959,761.854,372.074
1784569747502,5,762.533503626801,366.043102762906,761.781,372.471
1784569747602,5,762.649151911438,366.134082216284,761.709,372.868
1784569747702,5,762.772548314428,366.212599139139,761.637,373.265
1784569747802,5,762.903844916053,366.278731088743,761.564,373.662
1784569747902,5,763.043183183662,366.332586742904,761.492,374.059
1784569748002,5,763.190693053083,366.374305594338,761.42,374.456
1784569748102,5,763.346490375111,366.404055495353,761.347,374.853
1784569748202,5,763.510668633534,366.422023626852,761.275,375.25
1784569748302,5,763.68329630351,366.428414140431,761.203,375.647
1784569748402,5,763.864418126002,366.423452777234,761.131,376.043
1784569748502,5,764.054062520424,366.40740566617,761.058,376.44
1784569748602,5,764.252242815635,366.380584073251,760.986,376.837
1784569748702,5,764.458956367013,366.343344476076,761.27,376.546
1784569748802,5,764.674183160894,366.296087623978,761.681,376.011
1784569748902,5,764.89788287803,366.23925440631,762.092,375.475
1784569749002,5,765.129992039875,366.173320606593,762.503,374.94
1784569749102,5,765.370417509718,366.098779586728,762.914,374.404
1784569749202,5,765.619035407872,366.016142596253,763.324,373.869
1784569749302,5,765.875697672729,365.925956886582,763.735,373.333
1784569749402,5,766.140238025734,365.828802034279,764.146,372.798
1784569749502,5,766.412460657721,365.725253468654,764.557,372.262
1784569749602,5,766.692137308257,365.615872418835,764.968,371.726
1784569749702,5,766.97900646701,365.501206133103,765.379,371.191
1784569749802,5,767.272771624578,365.381787642012,765.79,370.655
1784569749902,5,767.573098872303,365.258130923902,766.201,370.12
1784569750002,5,767.879616859958,365.130720342009,766.611,369.584
1784569750102,5,768.1919195914,365.000012220172,767.022,369.049
1784569750202,5,768.509577067493,364.866449829453,767.433,368.513
1784569750302,5,768.832137118746,364.730467583529,767.844,367.978
1784569750402,5,769.159125216995,364.592491619803,768.255,367.442
1784569750502,5,769.490043544607,364.452940463065,768.666,366.906
1784569750602,5,769.824372962652,364.312227355383,769.077,366.371
1784569750702,5,770.161579417315,364.170763097764,769.488,365.835
1784569750802,5,770.501101333799,364.028935129299,769.898,365.3
1784569750902,5,770.842338965171,363.887084207246,770.309,364.764
1784569751002,5,771.184659239586,363.745504160979,770.72,364.229
1784569751102,5,771.52739078731,363.604438370872,771.131,363.693
1784569751202,5,771.869822276106,363.46408039372,771.542,363.158
1784569751302,5,772.21120935491,363.32458102023,771.953,362.622
1784569751402,5,772.550787474583,363.186057066195,772.364,362.086
1784569751502,5,772.887783834128,363.048607847751,772.775,361.551
1784569751602,5,773.221421120251,362.912318745187,773.185,361.015
1784569751702,5,773.550923527678,362.777259254544,773.596,360.48
1784569751802,5,773.875522695519,362.64348935806,774.007,359.944
1784569751902,5,774.194469107781,362.511069682685,774.418,359.409
1784569752002,5,774.507035836049,362.380053162886,774.829,358.873
1784569752102,5,774.812525782433,362.250497806169,775.24,358.337
1784569752202,5,775.110275782917,362.12247452194,775.651,357.802
1784569752302,5,775.399668801741,361.996080196775,776.062,357.266
1784569752402,5,775.680139949976,361.871441192664,776.473,356.731
1784569752502,5,775.951187000058,361.748713980358,776.883,356.195
1784569752602,5,776.212372016189,361.628085545671,777.294,355.66
1784569752702,5,776.463316412692,361.5097691684,777.705,355.124
1784569752802,5,776.70368507114,361.393983807129,778.116,354.589
1784569752902,5,776.933180961924,361.280939943534,778.527,354.053
1784569753002,5,777.15154324051,361.17083556633,778.938,353.517
1784569753102,5,777.358545971043,361.063861052878,779.231,353.245
1784569753202,5,777.554000755227,360.960208708672,779.242,353.604
1784569753302,5,777.73777059599,360.860075712976,779.254,353.962
1784569753402,5,777.909775146069,360.763668655505,779.265,354.321
1784569753502,5,778.069999617196,360.671217531162,779.276,354.68
1784569753602,5,778.218498195457,360.582998921274,779.288,355.039
1784569753702,5,778.355393835488,360.499339847952,779.299,355.397
1784569753802,5,778.480877476684,360.420610803976,779.31,355.756
1784569753902,5,778.595207420616,360.347224353463,779.322,356.115
1784569754002,5,778.698704156168,360.279630993931,779.333,356.474
1784569754102,5,778.791731960737,360.218301783476,779.344,356.832
1784569754202,5,778.874690458683,360.163723787486,779.356,357.191
1784569754302,5,778.94800883011,360.116398544135,779.367,357.55
1784569754402,5,779.012144283536,360.076839334754,779.378,357.909
1784569754502,5,779.067581776742,360.045561246,779.39,358.267
1784569754602,5,779.114833600578,360.023078835008,779.401,358.626
1784569754702,5,779.154437002421,360.009906272981,779.412,358.985
1784569754802,5,779.186947752187,360.006555331455,779.424,359.344
1784569754902,5,779.212935159417,360.013527000792,779.435,359.702
1784569755002,5,779.232970342341,360.031309434812,779.446,360.061
1784569755102,5,779.247623198222,360.060376899154,779.458,360.42
1784569755202,5,779.257460200753,360.10118372245,779.469,360.779
1784569755302,5,779.263038234463,360.154157399668,779.48,361.137
1784569755402,5,779.26490860456,360.219704168137,779.492,361.496
1784569755502,5,779.263610910936,360.29821070142,779.503,361.855
1784569755602,5,779.259670292152,360.390043739658,779.514,362.214
1784569755702,5,779.253594539808,360.49554943588,779.526,362.572
1784569755802,5,779.245873380627,360.61505205252,779.537,362.931
1784569755902,5,779.236978563645,360.748850246576,779.548,363.29
1784569756002,5,779.227363966476,360.897215200964,779.56,363.649
1784569756102,5,779.217464309949,361.060387814064,779.571,364.007
1784569756202,5,779.207691795953,361.238572351962,779.582,364.366
1784569756302,5,779.19842256667,361.431911968869,779.594,364.725
1784569756402,5,779.189988478159,361.640469886474,779.605,365.084
1784569756502,5,779.1826751498,361.864225352218,779.616,365.442
1784569756602,5,779.176719711248,362.103073894037,779.628,365.801
1784569756702,5,779.172310250215,362.356831223762,779.639,366.16
1784569756802,5,779.169586393912,362.625233477835,779.65,366.518
1784569756902,5,779.168644279702,362.907944930987,779.662,366.877
1784569757002,5,779.169549430812,363.204593012091,779.673,367.236
1784569757102,5,779.172344251778,363.514786526426,779.684,367.595
1784569757202,5,779.177054614063,363.838122765361,779.696,367.953
1784569757302,5,779.183698227263,364.174192046907,779.707,368.312
1784569757402,5,779.19228829635,364.522581087266,779.718,368.671
1784569757502,5,779.202837042006,364.882881243655,779.73,369.03
1784569757602,5,779.21534677335,365.254677769317,779.741,369.388
1784569757702,5,779.229817264987,365.637560236428,779.752,369.747
1784569757802,5,779.246230910503,366.031091334215,779.764,370.106
1784569757902,5,779.264550119819,366.434807503927,779.775,370.465
1784569758002,5,779.284717899763,366.848220220469,779.786,370.823
1784569758102,5,779.306657727558,367.270814082228,779.798,371.182
1784569758202,5,779.330278741131,367.702055736363,779.809,371.541
1784569758302,5,779.355496656973,368.14143537369,779.82,371.9
1784569758402,5,779.382238621747,368.588475988205,779.832,372.258
1784569758502,5,779.410441999304,369.042730896362,779.843,372.617
1784569758602,5,779.440053071834,369.503779172546,779.854,372.976
1784569758702,5,779.471023484127,369.971214343724,779.866,373.335
1784569758802,5,779.50330925305,370.444639941281,779.877,373.693
1784569758902,5,779.536870630175,370.923668872764,779.888,374.052
1784569759002,5,779.571671278222,371.40792740183,779.9,374.411
1784569759102,5,779.607675478438,371.897054472224,779.911,374.77
1784569759202,5,779.644847268392,372.390698225611,779.922,375.128
1784569759302,5,779.683150165803,372.888508880909,779.934,375.487
1784569759402,5,779.722546852,373.390135227111,779.945,375.846
1784569759502,5,779.762998588871,373.895225186244,779.956,376.205
1784569759602,5,779.804465290592,374.403435012601,779.968,376.563
1784569759702,5,779.84690544543,374.914429855271,779.979,376.922
1784569759802,5,779.890275917514,375.427881948962,779.99,377.281
1784569759902,5,779.934533543024,375.943471635327,780.002,377.64
1784569760002,5,779.979642143287,376.460890175546,780.013,377.998
1784569760102,5,780.025573180471,376.979838515284,780.024,378.357
1784569760202,5,780.072301789919,377.500024892214,780.036,378.716
1784569760302,5,780.119805619315,378.021164180848,780.047,379.075
1784569760402,5,780.168064567291,378.542982505756,780.058,379.433
1784569760502,5,780.217060590578,379.065216598136,780.07,379.792
1784569760602,5,780.266777539489,379.587611152034,780.081,380.151
1784569760702,5,780.31720108893,380.109916199086,780.092,380.51
1784569760802,5,780.368318539871,380.631887251793,780.104,380.868
1784569760902,5,780.42011768212,381.153283572924,780.115,381.227
1784569761002,5,780.47258314604,381.673866747051,780.126,381.586
1784569761102,5,780.525695898114,382.193403021399,780.138,381.944
1784569761202,5,780.579432564119,382.711665019976,780.149,382.303
1784569761302,5,780.633765467598,383.228430099489,780.16,382.662
1784569761402,5,780.6886611431,383.743477926943,780.171,383.021
1784569761502,5,780.744079723346,384.256588066694,780.221,383.465
1784569761602,5,780.799975170512,384.767537771062,780.286,383.945
1784569761702,5,780.856296935704,385.276100380416,780.351,384.425
1784569761802,5,780.912993361715,385.782052675244,780.416,384.904
1784569761902,5,780.970024483739,386.285210475889,780.482,385.384
1784569762002,5,781.027367285792,386.785438296121,780.547,385.864
1784569762102,5,781.085015493897,387.28264775447,780.612,386.343
1784569762202,5,781.142977033342,387.776795307937,780.677,386.823
1784569762302,5,781.201273740544,388.267878676975,780.742,387.303
1784569762402,5,781.259937785577,388.755924971394,780.807,387.782
1784569762502,5,781.319006826418,389.240973871337,780.872,388.262
1784569762602,5,781.378526472559,389.723082253951,780.937,388.742
1784569762702,5,781.438545326899,390.202310540641,781.003,389.221
1784569762802,5,781.499110837572,390.67871566105,781.068,389.701
1784569762902,5,781.560268283661,391.152349078888,781.133,390.181
1784569763002,5,781.622060577958,391.623256694811,781.198,390.66
1784569763102,5,781.684527858603,392.09147781066,781.263,391.14
1784569763202,5,781.747706894269,392.557045982414,781.328,391.62
1784569763302,5,781.811630143585,393.019990242047,781.393,392.099
1784569763402,5,781.87632661321,393.480337109667,781.458,392.579
1784569763502,5,781.941821209433,393.938109532181,781.524,393.059
1784569763602,5,782.008134243102,394.393325384973,781.589,393.538
1784569763702,5,782.075281119007,394.845995625036,781.654,394.018
1784569763802,5,782.14327205065,395.296122748129,781.719,394.498
1784569763902,5,782.212111890563,395.743698999615,781.784,394.977
1784569764002,5,782.28180099581,396.18870569574,781.849,395.457
1784569764102,5,782.352337702056,396.631116631219,781.914,395.937
1784569764202,5,782.423718677834,397.070899422748,781.979,396.416
1784569764302,5,782.495938628529,397.508016297174,782.045,396.896
1784569764402,5,782.568989916984,397.942429331048,782.11,397.376
1784569764502,5,782.642862231917,398.374106912962,782.175,397.855
1784569764602,5,782.717542260598,398.803023521808,782.24,398.335
1784569764702,5,782.793012790401,399.229155919664,782.305,398.815
1784569764802,5,782.869249880829,399.65247399449,782.37,399.294
1784569764902,5,782.946221005259,400.072937108073,782.435,399.774
1784569765002,5,783.023884459489,400.490492150925,782.5,400.254
1784569765102,5,783.102189159341,400.905072260091,782.566,400.733
1784569765202,5,783.181075388298,401.316598871257,782.631,401.213
1784569765302,5,783.260476291876,401.724985997691,782.696,401.693
1784569765402,5,783.340320111313,402.130144052059,782.761,402.172
1784569765502,5,783.420534763126,402.531982843117,782.826,402.652
1784569765602,5,783.501049505966,402.930412431733,782.891,403.132
1784569765702,5,783.581795660496,403.325347677027,782.956,403.611
1784569765802,5,783.662706626787,403.71670830776,783.021,404.091
1784569765902,5,783.74371882027,404.104418951437,783.087,404.571
1784569766002,5,783.824773951601,404.488409616019,783.152,405.05
1784569766102,5,783.905818646978,404.868615390388,783.217,405.53
1784569766202,5,783.98680295508,405.244979859949,783.282,406.01
1784569766302,5,784.067684863765,405.617458833379,783.347,406.489
1784569766402,5,784.148431322792,405.986020719633,783.412,406.969
1784569766502,5,784.229017743264,406.350648768766,783.477,407.449
1784569766602,5,784.309427103709,406.711340285789,783.542,407.928
1784569766702,5,784.389649898362,407.068105043756,783.608,408.408
1784569766802,5,784.469683362561,407.42096368738,783.673,408.888
1784569766902,5,784.549530767746,407.769946066583,783.738,409.367
1784569767002,5,784.629199554423,408.1150893768,783.803,409.847
1784569767102,5,784.708697650071,408.456435634747,783.868,410.327
1784569767202,5,784.788032790126,408.794031341271,783.933,410.806
1784569767302,5,784.867214326352,409.127931908931,783.998,411.286
1784569767402,5,784.946255077202,409.458203467152,784.063,411.766
1784569767502,5,785.025173341645,409.784927968598,784.128,412.245
1784569767602,5,785.103993235144,410.108203644367,784.194,412.725
1784569767702,5,785.182744849982,410.428144713202,784.297,413.085
1784569767802,5,785.261462935931,410.7448794851,784.415,413.402
1784569767902,5,785.340182777741,411.058543165348,784.532,413.718
1784569768002,5,785.418933784858,411.369262015739,784.649,414.035
1784569768102,5,785.497744274519,411.677167047478,784.767,414.352
1784569768202,5,785.576640835226,411.982396121268,784.884,414.668
1784569768302,5,785.655645887918,412.285086707568,785.002,414.985
1784569768402,5,785.734777321467,412.585376630718,785.119,415.302
1784569768502,5,785.814049331582,412.88341347868,785.236,415.618
1784569768602,5,785.893470850072,413.179342390499,785.354,415.935
1784569768702,5,785.97304620513,413.473304572144,785.471,416.252
1784569768802,5,786.052781117436,413.765450133973,785.588,416.568
1784569768902,5,786.132686813292,414.055941154511,785.706,416.885
1784569769002,5,786.212783013092,414.344952898014,785.823,417.202
1784569769102,5,786.293097413719,414.632672412137,785.941,417.519
1784569769202,5,786.373662798165,414.919295134039,786.058,417.835
1784569769302,5,786.454518373439,415.20502460617,786.175,418.152
1784569769402,5,786.535706821452,415.490067610062,786.293,418.469
1784569769502,5,786.617273645334,415.774635183826,786.41,418.785
1784569769602,5,786.699269401429,416.058954993686,786.528,419.102
1784569769702,5,786.781750877621,416.34327372622,786.645,419.419
1784569769802,5,786.864780901842,416.627857624217,786.762,419.735
1784569769902,5,786.948432343723,416.912997570642,786.88,420.052
1784569770002,5,787.032787681441,417.199000483911,786.997,420.369
1784569770102,5,787.117933340581,417.486181304266,787.114,420.686
1784569770202,5,787.203957329575,417.77485450141,787.232,421.002
1784569770302,5,787.290947182142,418.065324215391,787.349,421.319
1784569770402,5,787.378982784317,418.357853341631,787.467,421.636
1784569770502,5,787.468131576034,418.652648611163,787.584,421.952
1784569770602,5,787.558448261282,418.949860688262,787.701,422.269
1784569770702,5,787.649974703925,419.249583748223,787.819,422.586
1784569770802,5,787.74273952526,419.551854110516,787.936,422.902
1784569770902,5,787.836760327305,419.856656422506,788.054,423.219
1784569771002,5,787.93205396456,420.163952711552,788.171,423.536
1784569771102,5,788.028639898103,420.473696002516,788.288,423.852
1784569771202,5,788.126543217357,420.785851325933,788.406,424.169
1784569771302,5,788.225788123848,421.100361094904,788.523,424.486
1784569771402,5,788.326385668452,421.417092878669,788.64,424.803
1784569771502,5,788.42833414889,421.735843257073,788.758,425.119
1784569771602,5,788.531631204458,422.056392329391,788.875,425.436
1784569771702,5,788.636269078133,422.37847978069,788.993,425.753
1784569771802,5,788.742239945231,422.701804766756,789.11,426.069
1784569771902,5,788.849540043364,423.026056722655,789.227,426.386
1784569772002,5,788.958170449735,423.350913917241,789.345,426.703
1784569772102,5,789.068134180838,423.676018553694,789.462,427.019
1784569772202,5,789.179439145073,424.001001014861,789.58,427.336
1784569772302,5,789.292101349261,424.325497351347,789.697,427.653
1784569772402,5,789.406146525996,424.649160577383,789.814,427.969
1784569772502,5,789.521612662835,424.971675031667,789.932,428.286
1784569772602,5,789.638550209455,425.292758438024,790.049,428.603
1784569772702,5,789.757021510027,425.612160368289,790.166,428.92
1784569772802,5,789.877098999819,425.929656904628,790.284,429.236
1784569772902,5,789.998859674935,426.24503381465,790.401,429.553
1784569773002,5,790.122383556457,426.558081327824,790.519,429.87
1784569773102,5,790.247754859749,426.868596692093,790.636,430.186
1784569773202,5,790.375064373854,427.176396160705,790.753,430.503
1784569773302,5,790.504406097496,427.481307223579,790.871,430.82
1784569773402,5,790.635875724508,427.783164598904,790.988,431.136
1784569773502,5,790.769570414589,428.081810361355,791.106,431.453
1784569773602,5,790.905589707338,428.377098757034,791.223,431.77
1784569773702,5,791.04403566352,428.668899125063,791.34,432.086
1784569773802,5,791.185013732042,428.957105480494,791.458,432.403
1784569773902,5,791.328632213866,429.241637824018,791.575,432.72
1784569774002,5,791.475000972367,429.522440887601,791.693,433.037
1784569774102,5,791.624231206284,429.799482940708,791.81,433.353
1784569774202,5,791.776433950285,430.072754516227,791.927,433.67
1784569774302,5,791.931718717206,430.342267138811,792.045,433.987
1784569774402,5,792.090193300032,430.608051615157,792.162,434.303
1784569774502,5,792.251963491097,430.870155063735,792.279,434.62
1784569774602,5,792.417132417074,431.128639081316,792.397,434.937
1784569774702,5,792.585799742721,431.383577935106,792.514,435.253
1784569774802,5,792.7580609083,431.635057728831,792.632,435.57
1784569774902,5,792.934006309191,431.883175933556,792.749,435.887
1784569775002,5,793.113720491041,432.12804409847,792.866,436.204
1784569775102,5,793.297281320448,432.369784780053,792.984,436.52
1784569775202,5,793.484759166534,432.608529155042,793.101,436.837
1784569775302,5,793.676216202851,432.844414356414,793.219,437.154
1784569775402,5,793.871705937249,433.077583881814,793.336,437.47
1784569775502,5,794.071271638866,433.30818677602,793.453,437.787
1784569775602,5,794.274945187978,433.536375579339,793.571,438.104
1784569775702,5,794.482746389435,433.762306723148,793.688,438.42
1784569775802,5,794.694682745586,433.986146128569,793.805,438.737
1784569775902,5,794.910749330488,434.208069825794,793.923,439.054
1784569776002,5,795.130930458722,434.428262902343,794.04,439.37
1784569776102,5,795.35519945999,434.646921392959,794.158,439.687
1784569776202,5,795.583518609779,434.864262878524,794.275,440.004
1784569776302,5,795.815840240194,435.080528816378,794.392,440.321
1784569776402,5,796.052106362338,435.295985281844,794.51,440.637
1784569776502,5,796.292247979075,435.510920135265,794.627,440.954
1784569776602,5,796.536184193496,435.725640737478,794.868,441.226
1784569776702,5,796.783821325105,435.94046930364,795.12,441.494
1784569776802,5,797.035052638285,436.155737597452,795.373,441.762
1784569776902,5,797.289757579867,436.371785025011,795.625,442.03
1784569777002,5,797.547801663758,436.588959102647,795.878,442.298
1784569777102,5,797.809037057045,436.807621342953,796.13,442.566
1784569777202,5,798.073302760545,437.028151893961,796.382,442.834
1784569777302,5,798.34042427783,437.250948447313,796.635,443.101
1784569777402,5,798.610212909238,437.476420127321,796.887,443.369
1784569777502,5,798.882466467787,437.704981381114,797.14,443.637
1784569777602,5,799.156971202177,437.937049017855,797.392,443.905
1784569777702,5,799.433502080715,438.173040582685,797.645,444.173
1784569777802,5,799.711822467763,438.413371941525,797.897,444.441
1784569777902,5,799.991685958657,438.658455461668,798.15,444.709
1784569778002,5,800.272844364064,438.908693224288,798.402,444.977
1784569778102,5,800.55505209755,439.164458168766,798.654,445.245
1784569778202,5,800.838066218388,439.426087105955,798.907,445.513
1784569778302,5,801.121646700238,439.693878947086,799.159,445.781
1784569778402,5,801.405556370263,439.968093961037,799.412,446.048
1784569778502,5,801.689558989891,440.248953688851,799.664,446.316
1784569778602,5,801.973419934338,440.536638214064,799.917,446.584
1784569778702,5,802.256909385477,440.831283237505,800.169,446.852
1784569778802,5,802.539802443831,441.132978341445,800.422,447.12
1784569778902,5,802.821878724146,441.441763633678,800.674,447.388
1784569779002,5,803.102921449958,441.757628700733,800.926,447.656
1784569779102,5,803.382716067602,442.080514200322,801.179,447.924
1784569779202,5,803.661048811571,442.410315809192,801.431,448.192
1784569779302,5,803.937706801178,442.746889762746,801.684,448.46
1784569779402,5,804.212485417405,443.090070877679,801.936,448.728
1784569779502,5,804.485204341487,443.439677155481,802.189,448.995
1784569779602,5,804.755712303705,443.795514089662,802.441,449.263
1784569779702,5,805.023887032045,444.157375574822,802.694,449.531
1784569779802,5,805.289634082804,444.525045104126,802.946,449.799
1784569779902,5,805.552889264832,444.898303888389,803.198,450.067
1784569780002,5,805.813620319496,445.276934767204,803.451,450.335
1784569780102,5,806.071826244338,445.660719460094,803.703,450.603
1784569780202,5,806.327536058146,446.049438431476,803.956,450.871
1784569780302,5,806.580807592131,446.44286909694,804.208,451.139
1784569780402,5,806.831724501248,446.840781385335,804.461,451.407
1784569780502,5,807.080387122841,447.242934053721,804.713,451.675
1784569780602,5,807.326905064555,447.649072568844,804.966,451.942
1784569780702,5,807.571390432874,448.058930791187,805.218,452.21
1784569780802,5,807.813955386875,448.472243390737,805.47,452.478
1784569780902,5,808.054710980388,448.888749714916,805.723,452.746
1784569781002,5,808.293767136872,449.308194083476,805.975,453.014
1784569781102,5,808.531236564773,449.730329807714,806.228,453.282
1784569781202,5,808.767237020909,450.154916742243,806.48,453.55
1784569781302,5,809.001890752038,450.58172130819,806.733,453.818
1784569781402,5,809.235323411187,451.010515811931,806.985,454.086
1784569781502,5,809.467661808955,451.441078756478,807.238,454.354
1784569781602,5,809.699027674852,451.873193360098,807.49,454.622
1784569781702,5,809.929533717863,452.306648445269,807.742,454.889
1784569781802,5,810.15928213949,452.741237378829,807.995,455.157
1784569781902,5,810.388364277732,453.176760129039,808.247,455.425
1784569782002,5,810.616863014132,453.613035426624,808.5,455.693
1784569782102,5,810.844854915418,454.049902454456,808.752,455.961
1784569782202,5,811.072410313586,454.487218742698,809.005,456.229
1784569782302,5,811.299594495734,454.924857460001,809.257,456.497
1784569782402,5,811.526467178704,455.362702204835,809.51,456.765
1784569782502,5,811.753081316753,455.800644258147,809.762,457.033
1784569782602,5,811.979481949808,456.238581971712,810.014,457.301
1784569782702,5,812.205707275608,456.67642276219,810.267,457.569
1784569782802,5,812.431790158892,457.114079116495,810.519,457.836
1784569782902,5,812.657758078755,457.551465349144,810.772,458.104
1784569783002,5,812.883631687499,457.988494376594,811.024,458.372
1784569783102,5,813.109424147472,458.425076984102,811.277,458.64
1784569783202,5,813.335140649031,458.861121623022,811.529,458.908
1784569783302,5,813.560778088304,459.296537984191,811.782,459.176
1784569783402,5,813.786323362411,459.731236891898,812.034,459.444
1784569783502,5,814.011754201647,460.165131283322,812.286,459.712
1784569783602,5,814.237042614609,460.598139137806,812.539,459.98
1784569783702,5,814.462156141333,461.030182641543,812.791,460.248
1784569783802,5,814.687057942266,461.461186353694,813.044,460.516
1784569783902,5,814.911706398071,461.891075901931,813.296,460.783
1784569784002,5,815.136054887021,462.319776449061,813.549,461.051
1784569784102,5,815.360051567824,462.747210584809,813.801,461.319
1784569784202,5,815.583640011878,463.1732979408,814.054,461.587
1784569784302,5,815.806760091226,463.597960890836,814.306,461.855
1784569784402,5,816.029347861987,464.02113266534,814.558,462.123
1784569784502,5,816.251334904446,464.442757672986,814.811,462.391
1784569784602,5,816.472648113702,464.862789216069,815.063,462.659
1784569784702,5,816.693208906935,465.281185664113,815.313,463.037
1784569784802,5,816.912932264288,465.697904484383,815.559,463.57
1784569784902,5,817.131725865726,466.112899229096,815.805,464.103
1784569785002,5,817.349489077497,466.526116707685,816.05,464.636
1784569785102,5,817.566112233193,466.937495112998,816.296,465.17
1784569785202,5,817.781476831962,467.346964310014,816.542,465.703
1784569785302,5,817.995454811047,467.754447303963,816.788,466.236
1784569785402,5,818.207907893987,468.159855715484,817.034,466.769
1784569785502,5,818.418687870625,468.563092601195,817.279,467.303
1784569785602,5,818.627636349806,468.964055748687,817.525,467.836
1784569785702,5,818.834584954501,469.362640744003,817.771,468.369
1784569785802,5,819.039358670525,469.758743774856,818.017,468.902
1784569785902,5,819.241776030767,470.152268702569,818.263,469.436
1784569786002,5,819.441648746791,470.543126637701,818.508,469.969
1784569786102,5,819.638779824841,470.931231019322,818.754,470.502
1784569786202,5,819.832958099162,471.316495905459,819,471.035
1784569786302,5,820.023957768172,471.698837551043,819.246,471.569
1784569786402,5,820.211543888899,472.078174144644,819.492,472.102
1784569786502,5,820.395473172919,472.454426579868,819.737,472.635
1784569786602,5,820.575493454917,472.827521261651,819.983,473.168
1784569786702,5,820.751342932332,473.197389991812,820.229,473.702
1784569786802,5,820.922750128372,473.563970372496,820.475,474.235
1784569786902,5,821.089436379093,473.92720618062,820.721,474.768
1784569787002,5,821.251116597798,474.287049466551,820.966,475.301
1784569787102,5,821.407501404602,474.643460379685,821.212,475.835
1784569787202,5,821.558299423867,474.996407918861,821.458,476.368
1784569787302,5,821.703217256402,475.34586936225,821.704,476.901
1784569787402,5,821.841959160014,475.691830027577,821.95,477.434
1784569787502,5,821.97422702557,476.034281728982,822.195,477.968
1784569787602,5,822.099720645693,476.373221859461,822.441,478.501
1784569787702,5,822.218139054021,476.70865368432,822.687,479.034
1784569787802,5,822.329181728718,477.04058524087,822.933,479.567
1784569787902,5,822.432548625885,477.369028654057,823.179,480.101
1784569788002,5,822.52794048785,477.694001489778,823.425,480.634
1784569788102,5,822.61505851395,478.015523758685,823.67,481.167
1784569788202,5,822.693603817597,478.333607846175,823.916,481.7
1784569788302,5,822.763278342154,478.648259845643,824.162,482.233
1784569788402,5,822.823789644023,478.959497059911,824.408,482.767
1784569788502,5,822.874854015122,479.267349543186,824.654,483.3
1784569788602,5,822.916197722421,479.571858873856,824.899,483.833
1784569788702,5,822.94755941629,479.873077868097,825.145,484.366
1784569788802,5,822.968691803152,480.171067661066,825.391,484.9
1784569788902,5,822.979361968227,480.465894264237,825.637,485.433
1784569789002,5,822.979352277431,480.757623105702,825.883,485.966
1784569789102,5,822.968462477578,481.046322193035,826.128,486.499
1784569789202,5,822.946512594262,481.332055893062,826.374,487.033
1784569789302,5,822.913347593965,481.614886464342,826.62,487.566
1784569789402,5,822.868839468903,481.894874500595,826.866,488.099
1784569789502,5,822.812890105098,482.172079070004,827.112,488.632
1784569789602,5,822.745429275144,482.446555276561,827.357,489.166
1784569789702,5,822.666415975737,482.718353311662,827.603,489.699
1784569789802,5,822.575839583922,482.987517481709,827.614,490.099
1784569789902,5,822.473721250145,483.254085059164,827.128,490.218
1784569790002,5,822.36011331086,483.518086647542,826.643,490.338
1784569790102,5,822.235097645632,483.779550870493,826.158,490.457
1784569790202,5,822.098779180978,484.038504701924,825.673,490.577
1784569790302,5,821.951284558881,484.294972235228,825.188,490.696
1784569790402,5,821.792762122969,484.548973242166,824.703,490.816
1784569790502,5,821.623381674941,484.800521450503,824.218,490.935
1784569790602,5,821.4433314293,485.049620749076,823.733,491.054
1784569790702,5,821.252815199262,485.296261146239,823.248,491.174
1784569790802,5,821.05205244618,485.540422164972,822.763,491.293
1784569790902,5,820.841278075232,485.782079224762,822.278,491.413
1784569791002,5,820.620740426529,486.021202985091,821.792,491.532
1784569791102,5,820.390700718599,486.257764370576,821.307,491.652
1784569791202,5,820.151432206112,486.491748151751,820.822,491.771
1784569791302,5,819.903215755949,486.723137037559,820.337,491.891
1784569791402,5,819.646337818126,486.951909078963,819.852,492.01
1784569791502,5,819.381088987189,487.17805633345,819.367,492.13
1784569791602,5,819.107764630131,487.401589273053,818.882,492.249
1784569791702,5,818.826664632665,487.622536468287,818.397,492.368
1784569791802,5,818.538088615296,487.840947453163,817.912,492.488
1784569791902,5,818.242335712677,488.05689898975,817.427,492.607
1784569792002,5,817.939705765498,488.270497165633,816.942,492.727
1784569792102,5,817.630499151852,488.481876152643,816.456,492.846
1784569792202,5,817.315014480733,488.691194057347,815.971,492.966
1784569792302,5,816.993549154662,488.898615268812,815.486,493.085
1784569792402,5,816.666400855017,489.104300417934,815.001,493.205
1784569792502,5,816.33386779781,489.308404113046,814.516,493.324
1784569792602,5,815.996245316296,489.511074007023,814.031,493.443
1784569792702,5,815.653825971457,489.712449873385,813.546,493.563
1784569792802,5,815.306900244313,489.91266304498,813.061,493.682
1784569792902,5,814.955756218907,490.111837124858,812.576,493.802
1784569793002,5,814.600674893038,490.310087436564,812.091,493.921
1784569793102,5,814.241930111555,490.507523320099,811.606,494.041
1784569793202,5,813.879789764317,490.704261134417,811.12,494.16
1784569793302,5,813.514516657482,490.900425964564,810.635,494.28
1784569793402,5,813.146369631168,491.096145596622,810.15,494.399
1784569793502,5,812.775604475262,491.291546504759,809.665,494.519
1784569793602,5,812.402472420722,491.486754292307,809.18,494.638
1784569793702,5,812.027218205905,491.681887828017,808.695,494.757
1784569793802,5,811.650077472984,491.877045819111,808.21,494.877
1784569793902,5,811.271275555599,492.072303168501,807.725,494.996
1784569794002,5,810.891027010493,492.267710433321,807.24,495.116
1784569794102,5,810.509535026223,492.463293795434,806.755,495.235
1784569794202,5,810.126990790925,492.659058882183,806.27,495.355
1784569794302,5,809.743571186736,492.854999632856,805.785,495.474
1784569794402,5,809.359438626524,493.051100956537,805.299,495.594
1784569794502,5,808.974742247674,493.247340035435,804.814,495.713
1784569794602,5,808.589618312846,493.443692783059,804.329,495.832
1784569794702,5,808.204188520529,493.640134803698,803.844,495.952
1784569794802,5,807.818557454964,493.836640493684,803.359,496.071
1784569794902,5,807.432807534913,494.033184024875,802.874,496.191
1784569795002,5,807.046998302294,494.229746233268,802.389,496.31
1784569795102,5,806.661167759825,494.426315540702,801.904,496.43
1784569735202,6,71.7838216264736,370.651010189229,72.3764,371.115
1784569735302,6,72.0618181781484,370.102127810407,72.6814,370.861
1784569735402,6,72.3415282809499,369.549877322163,72.9864,370.608
1784569735502,6,72.6229297685518,368.994315032914,73.2913,370.355
1784569735602,6,72.9059831986533,368.435528057954,73.5963,370.102
1784569735702,6,73.1906369398299,367.873633496632,73.9013,369.849
1784569735802,6,73.4768295086356,367.308770421583,74.2063,369.596
1784569735902,6,73.7644962265464,366.741099383978,74.5113,369.343
1784569736002,6,74.0535713360003,366.17080256888,74.8163,369.089
1784569736102,6,74.3439883295322,365.598080251961,75.1213,368.836
1784569736202,6,74.6356811640395,365.023148738546,75.4263,368.583
1784569736302,6,74.9285840288154,364.446239510825,75.7313,368.33
1784569736402,6,75.2226321269256,363.867604601504,76.0363,368.077
1784569736502,6,75.5177632236561,363.287519508034,76.3412,367.824
1784569736602,6,75.8139182878172,362.706282498174,76.6462,367.571
1784569736702,6,76.1110433349653,362.124220835207,76.9512,367.318
1784569736802,6,76.4090882333137,361.541694733032,77.2562,367.064
1784569736902,6,76.7080029352818,360.959099123474,77.5612,366.811
1784569737002,6,77.0077354864892,360.376862936093,77.8662,366.558
1784569737102,6,77.3082306950167,359.79545075091,78.1712,366.305
1784569737202,6,77.6094298525084,359.215364881093,78.4762,366.052
1784569737302,6,77.9112740048732,358.637146623629,78.7812,365.799
1784569737402,6,78.2137061067773,358.061374981506,79.0862,365.546
1784569737502,6,78.5166703230834,357.488668162763,79.3911,365.293
1784569737602,6,78.8201105935572,356.919684591895,79.6961,365.039
1784569737702,6,79.1239698414823,356.355125253731,80.0011,364.786
1784569737802,6,79.428190910028,355.795736258737,80.3061,364.533
1784569737902,6,79.7327193634557,355.242311459745,80.6111,364.28
1784569738002,6,80.0375049607291,354.695682618173,80.9161,364.027
1784569738102,6,80.3425019378555,354.15667000256,81.2211,363.774
1784569738202,6,80.6476747554686,353.626060630136,81.5261,363.521
1784569738302,6,80.9530067736538,353.10458900447,81.8311,363.267
1784569738402,6,81.2585050348503,352.592929222062,82.1361,363.014
1784569738502,6,81.5641999615661,352.091695899257,82.441,362.761
1784569738602,6,81.870144747802,351.601443009836,82.746,362.508
1784569738702,6,82.1764174909168,351.122652230781,83.051,362.255
1784569738802,6,82.4831177901415,350.655734861016,83.356,362.002
1784569738902,6,82.7903533312246,350.201046359017,83.661,361.749
1784569739002,6,83.0982349558035,349.758896460483,83.966,361.496
1784569739102,6,83.4068736204542,349.329570555095,84.271,361.242
1784569739202,6,83.7163785508252,348.913336518108,84.576,360.989
1784569739302,6,84.0268562049237,348.510446765737,84.881,360.736
1784569739402,6,84.3384107117592,348.121142235308,85.186,360.483
1784569739502,6,84.6511439635669,347.745662213095,85.4909,360.23
1784569739602,6,84.9651550406787,347.384247729573,85.7959,359.977
1784569739702,6,85.2805397523287,347.037143302618,86.1009,359.724
1784569739802,6,85.5973905173129,346.704598872685,86.4059,359.47
1784569739902,6,85.9157987102327,346.386869733868,86.7109,359.217
1784569740002,6,86.2358546727878,346.084211657952,87.0159,358.964
1784569740102,6,86.5576477820489,345.796877272929,87.3209,358.711
1784569740202,6,86.8812691332967,345.52511316068,87.6259,358.458
1784569740302,6,87.2068117617671,345.269147214531,87.9309,358.205
1784569740402,6,87.5343712075693,345.029188627558,88.2359,357.952
1784569740502,6,87.8640447829457,344.805442899572,88.5408,357.699
1784569740602,6,88.1959301614003,344.598110119706,88.8458,357.445
1784569740702,6,88.5301240586087,344.407376334,89.1508,357.192
1784569740802,6,88.8667210615001,344.23342260128,89.4558,356.939
1784569740902,6,89.2058134987224,344.07642901307,89.7608,356.686
1784569741002,6,89.5474913003415,343.936573770882,90.0658,356.433
1784569741102,6,89.8918425878307,343.814028636976,90.3708,356.18
1784569741202,6,90.2389528529096,343.708957966194,90.6758,355.927
1784569741302,6,90.5889046450328,343.621518174818,90.9808,355.674
1784569741402,6,90.9417767819263,343.551857353825,91.2858,355.42
1784569741502,6,91.2976434665874,343.500113570417,91.5907,355.167
1784569741602,6,91.6565746497086,343.466414683686,91.8957,354.914
1784569741702,6,92.0186350357102,343.450879710698,92.2007,354.661
1784569741802,6,92.3838835902933,343.453622588293,92.5057,354.408
1784569741902,6,92.7523741566543,343.474750685261,92.8107,354.155
1784569742002,6,93.1241548432708,343.514367209006,93.1157,353.902
1784569742102,6,93.4992674108043,343.572557380941,93.4207,353.648
1784569742202,6,93.8777510523025,343.649383529347,93.7257,353.395
1784569742302,6,94.2596481618538,343.74487671263,94.0307,353.142
1784569742402,6,94.6450044620815,343.859015774767,94.3357,352.889
1784569742502,6,95.033867821993,343.991722384596,94.6406,352.636
1784569742602,6,95.4262912811791,344.142859697557,94.9456,352.383
1784569742702,6,95.8223404386323,344.312235131805,95.2506,352.13
1784569742802,6,96.2220820414625,344.499621014634,95.6299,352.051
1784569742902,6,96.6255763453649,344.704769512029,96.1747,352.36
1784569743002,6,97.0328772135149,344.927404407217,96.7196,352.669
1784569743102,6,97.4440272886736,345.167231237661,97.2645,352.978
1784569743202,6,97.8590593731805,345.423929416368,97.8093,353.288
1784569743302,6,98.2780116596586,345.697109087698,98.3542,353.597
1784569743402,6,98.7009315878879,345.986299457478,98.899,353.906
1784569743502,6,99.1278793925137,346.290947642148,99.4439,354.215
1784569743602,6,99.5589277931733,346.610416791605,99.9888,354.525
1784569743702,6,99.9941654848477,346.943979975904,100.534,354.834
1784569743802,6,100.433716423601,347.290801547782,101.078,355.143
1784569743902,6,100.877738398913,347.649942887562,101.623,355.452
1784569744002,6,101.326402596892,348.020402845044,102.168,355.762
1784569744102,6,101.779886881978,348.401126352628,102.713,356.071
1784569744202,6,102.238369825423,348.791013561829,103.258,356.38
1784569744302,6,102.702013229913,349.188966751786,103.803,356.689
1784569744402,6,103.170956548643,349.593916281323,104.348,356.999
1784569744502,6,103.645315938491,350.004825137893,104.893,357.308
1784569744602,6,104.125182432517,350.420689458227,105.437,357.617
1784569744702,6,104.610620413216,350.8405445118,105.982,357.926
1784569744802,6,105.101668398752,351.263464942517,106.527,358.236
1784569744902,6,105.598340748494,351.688562820527,107.072,358.545
1784569745002,6,106.100630991232,352.114986623164,107.617,358.854
1784569745102,6,106.608511108084,352.541921770602,108.162,359.163
1784569745202,6,107.121929332094,352.968588704978,108.707,359.473
1784569745302,6,107.640808754311,353.394240918272,109.251,359.782
1784569745402,6,108.165049717723,353.81816250405,109.796,360.091
1784569745502,6,108.694532804542,354.239666317313,110.341,360.4
1784569745602,6,109.229121782172,354.658090270919,110.886,360.71
1784569745702,6,109.768664004934,355.072794659114,111.431,361.019
1784569745802,6,110.312990274622,355.483161212791,111.976,361.328
1784569745902,6,110.861913828166,355.888594534676,112.521,361.637
1784569746002,6,111.415228990934,356.288520876524,113.065,361.947
1784569746102,6,111.972710524594,356.682388119491,113.61,362.256
1784569746202,6,112.534112993095,357.069670987088,114.155,362.565
1784569746302,6,113.099174443945,357.449870542832,114.7,362.874
1784569746402,6,113.66761724688,357.822510818692,115.245,363.184
1784569746502,6,114.239150347212,358.187137523389,115.79,363.493
1784569746602,6,114.813469617521,358.543318888214,116.335,363.802
1784569746702,6,115.390263889168,358.890643766778,116.88,364.111
1784569746802,6,115.969218700206,359.228733774683,117.424,364.421
1784569746902,6,116.550013022641,359.557262879059,117.969,364.73
1784569747002,6,117.132318479943,359.875956835897,118.514,365.039
1784569747102,6,117.715796937275,360.184596278097,119.059,365.348
1784569747202,6,118.300096299445,360.483019056359,119.604,365.658
1784569747302,6,118.884848319076,360.771117408871,120.149,365.967
1784569747402,6,119.469672779952,361.048830382891,120.694,366.276
1784569747502,6,120.054189691071,361.316149146382,121.238,366.585
1784569747602,6,120.638020830346,361.573110021516,121.751,366.787
1784569747702,6,121.220790004897,361.819769614771,122.221,366.844
1784569747802,6,121.802120605003,362.056227788319,122.691,366.9
1784569747902,6,122.381631032137,362.282628849009,123.16,366.957
1784569748002,6,122.958935295043,362.499136879954,123.63,367.013
1784569748102,6,123.533656416321,362.70591730459,124.1,367.07
1784569748202,6,124.105431964926,362.903127487407,124.57,367.127
1784569748302,6,124.673913345583,363.090912980998,125.039,367.183
1784569748402,6,125.238766285054,363.26940617943,125.509,367.24
1784569748502,6,125.799668933673,363.438730118689,125.979,367.296
1784569748602,6,126.356308464474,363.599017256024,126.449,367.353
1784569748702,6,126.908374002956,363.750418501644,126.918,367.409
1784569748802,6,127.455547915865,363.893108312877,127.388,367.466
1784569748902,6,127.99750188274,364.027285189946,127.858,367.522
1784569749002,6,128.533897418627,364.153170521928,128.327,367.579
1784569749102,6,129.064396406633,364.271005132879,128.797,367.636
1784569749202,6,129.588665124446,364.381045641191,129.267,367.692
1784569749302,6,130.106375931728,364.48356213129,129.737,367.749
1784569749402,6,130.617206501253,364.578836262712,130.206,367.805
1784569749502,6,131.120838111913,364.667161636211,130.676,367.862
1784569749602,6,131.616953502351,364.748842567918,131.146,367.918
1784569749702,6,132.105234371801,364.824195135312,131.615,367.975
1784569749802,6,132.585359019404,364.89354832157,132.085,368.031
1784569749902,6,133.056999591126,364.957248443087,132.555,368.088
1784569750002,6,133.519817973356,365.01567775173,133.025,368.145
1784569750102,6,133.97346452955,365.069262910127,133.494,368.201
1784569750202,6,134.417583927631,365.11846886028,133.964,368.258
1784569750302,6,134.851824559385,365.163768390128,134.434,368.314
1784569750402,6,135.275841284773,365.205624672676,134.903,368.371
1784569750502,6,135.68929638496,365.244485702062,135.373,368.427
1784569750602,6,136.091858671656,365.280781602795,135.843,368.484
1784569750702,6,136.483203294494,365.314917989195,136.313,368.541
1784569750802,6,136.863010560681,365.347274232018,136.782,368.597
1784569750902,6,137.230965055574,365.37820295892,137.252,368.654
1784569751002,6,137.586754096466,365.408030382734,137.722,368.71
1784569751102,6,137.930068159058,365.437056222872,138.191,368.767
1784569751202,6,138.260607856582,365.465553640594,138.661,368.823
1784569751302,6,138.578084868296,365.493769257493,139.131,368.88
1784569751402,6,138.882221977318,365.521923295613,139.601,368.936
1784569751502,6,139.172752316968,365.550210524543,140.07,368.993
1784569751602,6,139.449418183431,365.578803821785,140.54,369.05
1784569751702,6,139.711970372635,365.607854958197,141.01,369.106
1784569751802,6,139.960167059658,365.637494089538,141.48,369.163
1784569751902,6,140.193771985577,365.66782852834,141.949,369.219
1784569752002,6,140.412551780521,365.69894330083,142.419,369.276
1784569752102,6,140.616277692289,365.730899830485,142.889,369.332
1784569752202,6,140.804726638836,365.76373504615,143.358,369.389
1784569752302,6,140.977685303033,365.797461110829,143.828,369.445
1784569752402,6,141.134952981315,365.832064580525,144.298,369.502
1784569752502,6,141.276346677426,365.867503967168,144.768,369.559
1784569752602,6,141.401701991504,365.90371313503,145.237,369.615
1784569752702,6,141.510875205735,365.940604506357,145.707,369.672
1784569752802,6,141.603748572129,365.978062338817,146.177,369.728
1784569752902,6,141.680224151901,366.015950376093,146.646,369.785
1784569753002,6,141.74022149109,366.054114332968,147.116,369.841
1784569753102,6,141.783678765521,366.092388567836,147.586,369.898
1784569753202,6,141.810555716358,366.130623406633,148.056,369.954
1784569753302,6,141.820826671186,366.168691836351,148.525,370.011
1784569753402,6,141.81448650154,366.206488965727,148.995,370.068
1784569753502,6,141.791545600463,366.243929254319,149.465,370.124
1784569753602,6,141.752031724244,366.280933762607,149.934,370.181
1784569753702,6,141.695991367099,366.317416887743,150.404,370.237
1784569753802,6,141.623491003184,366.353284990979,150.874,370.294
1784569753902,6,141.534618583781,366.388442094304,151.328,370.35
1784569754002,6,141.429488172464,366.422791175717,150.741,370.405
1784569754102,6,141.308242586606,366.456234105818,150.155,370.459
1784569754202,6,141.171053032981,366.488671775644,149.568,370.514
1784569754302,6,141.018120924183,366.520003744541,148.982,370.569
1784569754402,6,140.849677295724,366.550128475671,148.395,370.623
1784569754502,6,140.665976275275,366.578945521681,147.809,370.678
1784569754602,6,140.46729078711,366.606365059077,147.222,370.732
1784569754702,6,140.253909277407,366.632318429544,146.636,370.787
1784569754802,6,140.026129511563,366.65676540243,146.049,370.841
1784569754902,6,139.784256837891,366.679695930111,145.463,370.896
1784569755002,6,139.528603430099,366.701130676721,144.876,370.95
1784569755102,6,139.259488900008,366.721121687208,144.29,371.005
1784569755202,6,138.977240318893,366.739754263103,143.703,371.06
1784569755302,6,138.682189870851,366.757146550759,143.117,371.114
1784569755402,6,138.3746709274,366.773449533515,142.53,371.169
1784569755502,6,138.055016020964,366.788848253952,141.944,371.223
1784569755602,6,137.723556859362,366.80356582407,141.357,371.278
1784569755702,6,137.380622566042,366.817863327402,140.771,371.332
1784569755802,6,137.026538158079,366.832040958614,140.184,371.387
1784569755902,6,136.661620390276,366.846438348204,139.598,371.441
1784569756002,6,136.286177628806,366.861434914333,139.011,371.496
1784569756102,6,135.900511554787,366.877451797141,138.425,371.55
1784569756202,6,135.504920208191,366.894950542545,137.838,371.605
1784569756302,6,135.099705867074,366.914405905067,137.252,371.66
1784569756402,6,134.685188043427,366.93622424078,136.665,371.714
1784569756502,6,134.261708037225,366.960723325587,136.079,371.769
1784569756602,6,133.829630896182,366.988132832429,135.492,371.823
1784569756702,6,133.38934512588,367.018599407083,134.906,371.878
1784569756802,6,132.941252889373,367.052215290556,134.319,371.932
1784569756902,6,132.485754763335,367.089058470226,133.733,371.987
1784569757002,6,132.023241983474,367.129214333242,133.146,372.041
1784569757102,6,131.554096979515,367.172784380147,132.56,372.096
1784569757202,6,131.078695524402,367.219887582593,131.973,372.15
1784569757302,6,130.597408917617,367.270659459866,131.387,372.205
1784569757402,6,130.110603230048,367.325249540778,130.8,372.26
1784569757502,6,129.618629588009,367.383822668457,130.214,372.314
1784569757602,6,129.121823245626,367.446556520139,129.627,372.369
1784569757702,6,128.620505069516,367.513639532762,129.041,372.423
1784569757802,6,128.114984005,367.585266581511,128.454,372.478
1784569757902,6,127.605560805393,367.661637657047,127.868,372.532
1784569758002,6,127.092530119815,367.742957909497,127.281,372.587
1784569758102,6,126.576179924399,367.829438812348,126.695,372.641
1784569758202,6,126.05679067767,367.921299103545,126.108,372.696
1784569758302,6,125.53463375767,368.01876707723,125.522,372.75
1784569758402,6,125.009969244954,368.122081424735,124.935,372.805
1784569758502,6,124.483045483146,368.231487445174,124.349,372.86
1784569758602,6,123.954100141979,368.347235307033,123.762,372.914
1784569758702,6,123.423361881905,368.469572405817,123.176,372.969
1784569758802,6,122.891052959499,368.598718594164,122.589,373.023
1784569758902,6,122.357392693628,368.734858604805,122.003,373.078
1784569759002,6,121.822598987167,368.878141285366,121.424,373.15
1784569759102,6,121.286887661558,369.028681260661,120.931,373.419
1784569759202,6,120.750463748988,369.18656399978,120.438,373.687
1784569759302,6,120.213521211187,369.351846647103,119.946,373.955
1784569759402,6,119.676244962951,369.524557386985,119.453,374.223
1784569759502,6,119.138811989108,369.704692519048,118.96,374.491
1784569759602,6,118.601395520649,369.892207327898,118.467,374.759
1784569759702,6,118.064165908916,370.087015275409,117.975,375.028
1784569759802,6,117.527284326567,370.288996131847,117.482,375.296
1784569759902,6,116.990901087743,370.49800130344,116.989,375.564
1784569760002,6,116.455156954776,370.713853975739,116.496,375.832
1784569760102,6,115.920185420771,370.936346962686,116.004,376.1
1784569760202,6,115.386115049715,371.16523840256,115.511,376.369
1784569760302,6,114.853071327638,371.400254141124,115.018,376.637
1784569760402,6,114.321175085614,371.641089930282,114.525,376.905
1784569760502,6,113.790537810289,371.887417085082,114.033,377.173
1784569760602,6,113.261261973228,372.138891067993,113.54,377.441
1784569760702,6,112.733442316042,372.39515037243,113.047,377.71
1784569760802,6,112.207169083427,372.655806257273,112.554,377.978
1784569760902,6,111.682528780683,372.920436648879,112.062,378.246
1784569761002,6,111.159604604793,373.188577825616,111.569,378.514
1784569761102,6,110.638479820484,373.459720050716,111.076,378.782
1784569761202,6,110.119237777861,373.733307607337,110.583,379.051
1784569761302,6,109.601963565871,374.008737898373,110.091,379.319
1784569761402,6,109.086746465244,374.285360035751,109.598,379.587
1784569761502,6,108.573680396271,374.562476792039,109.105,379.855
1784569761602,6,108.062856883319,374.839358878733,108.612,380.123
1784569761702,6,107.554359863196,375.115258191332,108.12,380.392
1784569761802,6,107.048266286928,375.389425128166,107.627,380.66
1784569761902,6,106.544646863061,375.661135317452,107.134,380.928
1784569762002,6,106.04356776207,375.929694728188,106.641,381.196
1784569762102,6,105.545091884464,376.194439680976,106.149,381.464
1784569762202,6,105.049278827276,376.454738776676,105.656,381.733
1784569762302,6,104.556184283553,376.709989551182,105.163,382.001
1784569762402,6,104.065860461732,376.959621011907,104.67,382.269
1784569762502,6,103.578356492834,377.203094524234,104.178,382.537
1784569762602,6,103.093718039622,377.439903818041,103.685,382.805
1784569762702,6,102.611987108286,377.669575385538,103.192,383.073
1784569762802,6,102.133202884371,377.891671062795,102.699,383.342
1784569762902,6,101.65740120662,378.105783425321,102.207,383.61
1784569763002,6,101.184619614527,378.31153481035,101.714,383.878
1784569763102,6,100.714898950359,378.508579282225,101.221,384.146
1784569763202,6,100.248279624664,378.696595871057,100.728,384.414
1784569763302,6,99.7848022814757,378.875285589067,100.236,384.683
1784569763402,6,99.3245099066351,379.04436833167,99.7428,384.951
1784569763502,6,98.8674489475595,379.203574785547,99.2501,385.219
1784569763602,6,98.4136677503806,379.35264467968,98.7573,385.487
1784569763702,6,97.9632160734381,379.491329537119,98.2646,385.755
1784569763802,6,97.5161452355416,379.619394429286,97.7718,386.024
1784569763902,6,97.0725071610156,379.736623987674,97.2791,386.292
1784569764002,6,96.6323548056431,379.842824942534,96.7863,386.56
1784569764102,6,96.1957413474066,379.937828881403,96.2936,386.828
1784569764202,6,95.762721060098,380.021491697639,95.8008,387.096
1784569764302,6,95.3333493611937,380.093689580656,95.3081,387.365
1784569764402,6,94.9076835455481,380.154318341448,94.884,387.304
1784569764502,6,94.4857831608061,380.203293754819,94.5039,387.032
1784569764602,6,94.0677101140805,380.240551946008,94.1239,386.76
1784569764702,6,93.6535280078307,380.266052361247,93.7438,386.489
1784569764802,6,93.2433010153432,380.279783613293,93.3638,386.217
1784569764902,6,92.8370876543515,380.28177756593,92.9837,385.945
1784569765002,6,92.43493969371,380.272112913184,92.6037,385.673
1784569765102,6,92.0369036306767,380.250912302414,92.2236,385.402
1784569765202,6,91.643022319966,380.218329710361,91.8436,385.13
1784569765302,6,91.2533345773061,380.174547089882,91.4635,384.858
1784569765402,6,90.8678736295682,380.119772756674,91.0835,384.587
1784569765502,6,90.4866670908668,380.054240825815,90.7034,384.315
1784569765602,6,90.1097384451065,379.97821135214,90.3234,384.043
1784569765702,6,89.7371088913188,379.891970810324,89.9433,383.771
1784569765802,6,89.3687991039551,379.795833378141,89.5633,383.5
1784569765902,6,89.0048301486539,379.690144980761,89.1832,383.228
1784569766002,6,88.6452209725234,379.575285061025,88.8032,382.956
1784569766102,6,88.289986238294,379.451668840624,88.4231,382.685
1784569766202,6,87.9391367358206,379.319752938165,88.0431,382.413
1784569766302,6,87.5926807452913,379.180030676401,87.663,382.141
1784569766402,6,87.2506256835767,379.033030757107,87.283,381.869
1784569766502,6,86.9129791153529,378.87931560293,86.9029,381.598
1784569766602,6,86.5797486284907,378.719472256286,86.5229,381.326
1784569766702,6,86.2509454273214,378.554101751085,86.1428,381.054
1784569766802,6,85.9265880344239,378.383809361547,85.7628,380.782
1784569766902,6,85.6067010688239,378.209215528819,85.3827,380.511
1784569767002,6,85.2913117880184,378.030960186026,85.0027,380.239
1784569767102,6,84.9804504481492,377.849686808833,84.6226,379.967
1784569767202,6,84.674151749833,377.666034196219,84.2426,379.696
1784569767302,6,84.372456273719,377.480634421768,83.8625,379.424
1784569767402,6,84.0754122789288,377.294104518195,83.4824,379.152
1784569767502,6,83.7830785886326,377.107035616639,83.1024,378.88
1784569767602,6,83.4955257361349,376.919993262686,82.7223,378.609
1784569767702,6,83.2128340309685,376.733527410074,82.3423,378.337
1784569767802,6,82.9350921192956,376.548175563783,81.9622,378.065
1784569767902,6,82.6623952319868,376.36446539839,81.5822,377.794
1784569768002,6,82.394836337693,376.182922354234,81.2021,377.522
1784569768102,6,82.132505232639,376.004066969742,80.8221,377.25
1784569768202,6,81.8754913196758,375.828393844058,80.442,376.978
1784569768302,6,81.6238855379475,375.656363942708,80.062,376.707
1784569768402,6,81.3777811344095,375.488408445117,79.6819,376.435
1784569768502,6,81.1372748502901,375.324930691742,79.3019,376.163
1784569768602,6,80.9024681468924,375.16630607843,78.9218,375.892
1784569768702,6,80.6734676891402,375.012878093614,78.5418,375.62
1784569768802,6,80.4503846713684,374.86495410007,78.1617,375.348
1784569768902,6,80.2333376674787,374.722799925508,77.7817,375.076
1784569769002,6,80.0224536777475,374.586639282342,77.4016,374.805
1784569769102,6,79.8178635104285,374.456666098524,77.0216,374.533
1784569769202,6,79.6196879547199,374.333091518962,76.6415,374.261
1784569769302,6,79.4280325668852,374.216156749459,76.2615,373.989
1784569769402,6,79.2429865403003,374.106135764643,75.8814,373.718
1784569769502,6,79.0646232522229,374.003328715624,75.5014,373.446
1784569769602,6,78.8930010185788,373.90804179799,75.1213,373.174
1784569769702,6,78.7281635023463,373.820584044046,74.7413,372.903
1784569769802,6,78.5701405136263,373.741265502996,74.3612,372.631
1784569769902,6,78.418954771263,373.67036918064,73.9812,372.359
1784569770002,6,78.2746212802122,373.608148528548,73.6011,372.087
1784569770102,6,78.1371398599978,373.554838381064,73.2211,371.816
1784569770202,6,78.0065087867699,373.510635604752,72.841,371.544
1784569770302,6,77.8827253145643,373.47569478603,72.461,371.272
1784569770402,6,77.7657697241505,373.450135583302,72.0809,371.001
1784569770502,6,77.6556017381392,373.434044453313,71.7009,370.729
1784569770602,6,77.5521605175164,373.427475012313,71.3208,370.457
1784569770702,6,77.4553615316283,373.430454263787,70.9408,370.185
1784569770802,6,77.3650922454163,373.442996079097,70.7997,370.233
1784569770902,6,77.2812166792844,373.465088465958,71.0226,370.766
1784569771002,6,77.2035751878946,373.496693154107,71.2455,371.299
1784569771102,6,77.1319789381007,373.537757975736,71.4685,371.832
1784569771202,6,77.0662162542448,373.588199411812,71.6914,372.365
1784569771302,6,77.0060552244427,373.647893900806,71.9143,372.898
1784569771402,6,76.9512447324807,373.716682467474,72.1372,373.431
1784569771502,6,76.9015195295499,373.794376219603,72.3602,373.964
1784569771602,6,76.8566034423872,373.880756703337,72.5831,374.497
1784569771702,6,76.8162067603173,373.975578566005,72.806,375.03
1784569771802,6,76.7800230490084,374.078578187625,73.0289,375.563
1784569771902,6,76.7477319506677,374.189468058575,73.2519,376.096
1784569772002,6,76.7189989878018,374.307943746354,73.4748,376.629
1784569772102,6,76.6934740701957,374.433694915487,73.6977,377.162
1784569772202,6,76.670791641173,374.566407338919,73.9206,377.695
1784569772302,6,76.650572224212,374.705763359054,74.1436,378.228
1784569772402,6,76.632422531525,374.851443382893,74.3665,378.761
1784569772502,6,76.6159348005721,375.003128949407,74.5894,379.294
1784569772602,6,76.600689894314,375.160509897086,74.8123,379.827
1784569772702,6,76.5862612795505,375.323285796459,75.0353,380.361
1784569772802,6,76.5722163970955,375.491166053039,75.2582,380.894
1784569772902,6,76.558118672553,375.6638693704,75.4811,381.427
1784569773002,6,76.5435309620784,375.84111651112,75.704,381.96
1784569773102,6,76.5280182973716,376.022603480713,75.927,382.493
1784569773202,6,76.5111486514506,376.20799416393,76.1499,383.026
1784569773302,6,76.4924930943932,376.396920262919,76.3728,383.559
1784569773402,6,76.4716275819437,376.588983055855,76.5957,384.092
1784569773502,6,76.4481401708587,376.783753315117,76.8187,384.625
1784569773602,6,76.4216353223155,376.980771521976,77.0416,385.158
1784569773702,6,76.3917376915118,377.179551122845,77.2645,385.691
1784569773802,6,76.3580930803694,377.379579285794,77.4874,386.224
1784569773902,6,76.3203686499572,377.580320092491,77.7104,386.757
1784569774002,6,76.2782531157685,377.781214805375,77.9333,387.29
1784569774102,6,76.2314562901665,377.981682118395,78.1562,387.823
1784569774202,6,76.179707054119,378.181119962777,78.3791,388.356
1784569774302,6,76.1227527127481,378.378908873408,78.6021,388.889
1784569774402,6,76.0603582285884,378.574425214379,78.825,389.422
1784569774502,6,75.9923062299263,378.767043813532,79.0479,389.955
1784569774602,6,75.9183976378433,378.956137063934,79.2708,390.488
1784569774702,6,75.8384547871629,379.141072906423,79.4938,391.021
1784569774802,6,75.7523281121801,379.3212092986,79.7167,391.554
1784569774902,6,75.6598987300964,379.495891939295,79.9396,392.088
1784569775002,6,75.5610773869534,379.664456089916,80.1625,392.621
1784569775102,6,75.4557980079779,379.826240320962,80.3855,393.154
1784569775202,6,75.3440153164905,379.980607830306,80.6084,393.687
1784569775302,6,75.2257050435868,380.126951720186,80.8313,394.22
1784569775402,6,75.1008644659399,380.264694511935,81.0542,394.753
1784569775502,6,74.9695128734265,380.393287597953,81.2772,395.286
1784569775602,6,74.8316937985293,380.512210558776,81.5001,395.819
1784569775702,6,74.6874826515335,380.620970591106,81.723,396.352
1784569775802,6,74.5369892062076,380.719102414688,81.9459,396.885
1784569775902,6,74.3803553632542,380.806167750524,82.1689,397.418
1784569776002,6,74.2177599305064,380.881753110051,81.9956,397.546
1784569776102,6,74.0494210117722,380.945464318262,81.3821,397.223
1784569776202,6,73.8755982973461,380.996919863011,80.7686,396.9
1784569776302,6,73.6965951481855,381.035744098279,80.1551,396.577
1784569776402,6,73.5127593777335,381.061566984263,79.5416,396.255
1784569776502,6,73.3244809260524,381.074029247191,78.9281,395.932
1784569776602,6,73.132183093458,381.072782258086,78.3146,395.609
1784569776702,6,72.9363188662577,381.057489041723,77.7012,395.286
1784569776802,6,72.7373704831779,381.027830610882,77.0877,394.964
1784569776902,6,72.535847329796,380.983508348301,76.4742,394.641
1784569777002,6,72.3322824545984,380.924235458767,75.8607,394.318
1784569777102,6,72.1272302352051,380.849734567454,75.2472,393.996
1784569777202,6,71.9212619851733,380.759748226541,74.6337,393.673
1784569777302,6,71.7149645819072,380.654039806888,74.0202,393.35
1784569777402,6,71.5089372248209,380.532385680417,73.4068,393.027
1784569777502,6,71.3037911955617,380.394573750881,72.7933,392.705
1784569777602,6,71.1001491943113,380.240403030071,72.1798,392.382
1784569777702,6,70.8986417709302,380.069680935004,71.5663,392.059
1784569777802,6,70.6999047840201,379.882223243678,70.9528,391.736
1784569777902,6,70.504576744436,379.677864434651,70.3393,391.414
1784569778002,6,70.3132916535489,379.456497103584,69.7259,391.091
1784569778102,6,70.1266701476318,379.218084038155,69.1124,390.768
1784569778202,6,69.945315427616,378.962663970999,68.4989,390.445
1784569778302,6,69.7698132581448,378.690352355409,67.8854,390.123
1784569778402,6,69.6007315358591,378.401332529892,67.2719,389.8
1784569778502,6,69.438619060679,378.09583837041,66.6584,389.477
1784569778602,6,69.284005688736,377.774150941211,66.0449,389.155
1784569778702,6,69.1374002718222,377.436600529351,65.4315,388.832
1784569778802,6,68.9992791661397,377.083581182978,64.818,388.509
1784569778902,6,68.8700824184191,376.715589723813,64.2045,388.186
1784569779002,6,68.7502146738053,376.333226639649,63.591,387.864
1784569779102,6,68.6400458132304,375.937161938645,62.9775,387.541
1784569779202,6,68.5399063924232,375.528120187469,62.364,387.218
1784569779302,6,68.4500908953955,375.106871272397,61.7505,386.895
1784569779402,6,68.3708586963463,374.674227823416,61.1371,386.573
1784569779502,6,68.3024304273563,374.231042599709,60.5236,386.25
1784569779602,6,68.2449789323216,373.778222344358,59.9101,385.927
1784569779702,6,68.1986298627,373.316715982195,59.2966,385.604
1784569779802,6,68.163462130328,372.847511616638,58.6831,385.282
1784569779902,6,68.1395085043085,372.371637522703,58.0696,384.959
1784569780002,6,68.1267550189275,371.890161267339,57.4561,384.636
1784569780102,6,68.1251410688121,371.40417742738,56.8427,384.313
1784569780202,6,68.1345592938083,370.914789303467,56.2292,383.991
1784569780302,6,68.1548551831601,370.423097680241,55.8379,383.654
1784569780402,6,68.1858259664544,369.930195814782,56.358,383.26
1784569780502,6,68.2272182677212,369.437160754332,56.8782,382.867
1784569780602,6,68.2787338268368,368.945044428764,57.3984,382.473
1784569780702,6,68.3400283690157,368.454872710971,57.9186,382.079
1784569780802,6,68.4107161191623,367.967639921789,58.4387,381.685
1784569780902,6,68.4903791467422,367.484285441628,58.9589,381.292
1784569781002,6,68.5785720064056,367.00569241055,59.4791,380.898
1784569781102,6,68.6748193109074,366.532698069323,59.9992,380.504
1784569781202,6,68.7786185843512,366.066086364729,60.5194,380.11
1784569781302,6,68.889440816818,365.606583447147,61.0396,379.716
1784569781402,6,69.0067309601391,365.154855069969,61.5597,379.323
1784569781502,6,69.1299133485187,364.711492456083,62.0799,378.929
1784569781602,6,69.2583991515487,364.277006254364,62.6001,378.535
1784569781702,6,69.3915880487631,363.851831475296,63.1203,378.141
1784569781802,6,69.5288693742581,363.43632653396,63.6404,377.748
1784569781902,6,69.6696219677843,363.030774201392,64.1606,377.354
1784569782002,6,69.8132157148267,362.63537998752,64.6808,376.96
1784569782102,6,69.9590202170596,362.250265698256,65.2009,376.566
1784569782202,6,70.1064113865558,361.875470117125,65.7211,376.173
1784569782302,6,70.2547721539992,361.51096138923,66.2413,375.779
1784569782402,6,70.4034940288048,361.156640977099,66.7615,375.385
1784569782502,6,70.5519846354134,360.812344414945,67.2816,374.991
1784569782602,6,70.6996706289837,360.477839957968,67.8018,374.598
1784569782702,6,70.8460040951609,360.152817881162,68.322,374.204
1784569782802,6,70.9904638865417,359.836889626936,68.8421,373.81
1784569782902,6,71.1325511171677,359.529610374139,69.3623,373.416
1784569783002,6,71.2717722406572,359.230566807153,69.8825,373.023
1784569783102,6,71.4076342732261,358.93940106745,70.4026,372.629
1784569783202,6,71.5396441566622,358.65581234186,70.9228,372.235
1784569783302,6,71.667308933626,358.379556961677,71.443,371.841
1784569783402,6,71.7901383297153,358.110433752662,71.9632,371.448
1784569783502,6,71.9076477725291,357.848271497645,72.4833,371.054
1784569783602,6,72.0193691987406,357.59289815418,73.0035,370.66
1784569783702,6,72.1248579178589,357.344153489199,73.5237,370.266
1784569783802,6,72.2236960357761,357.101869937266,74.0438,369.872
1784569783902,6,72.3154927617478,356.865867092974,74.564,369.479
1784569784002,6,72.3998844974532,356.635952796797,75.0842,369.085
1784569784102,6,72.4765345673625,356.411924152996,75.6043,368.691
1784569784202,6,72.5451328796351,356.193569131068,76.1245,368.297
1784569784302,6,72.6053955891537,355.980678303846,76.6447,367.904
1784569784402,6,72.6570644736591,355.773080114981,77.1649,367.51
1784569784502,6,72.6999057637535,355.570650079135,77.685,367.116
1784569784602,6,72.733709579195,355.373311018115,78.2052,366.722
1784569784702,6,72.7582897827813,355.181030360327,78.7254,366.329
1784569784802,6,72.7734838151888,354.993809040579,79.2455,365.935
1784569784902,6,72.7791527674796,354.811657868605,79.5923,365.616
1784569785002,6,72.775183041683,354.634587373139,79.2937,365.577
1784569785102,6,72.7614892364927,354.462590107064,78.9952,365.537
1784569785202,6,72.7380136316145,354.295636851308,78.6966,365.498
1784569785302,6,72.7047259964169,354.133677352051,78.3981,365.458
1784569785402,6,72.66162362346,353.976641211549,78.0995,365.419
1784569785502,6,72.608731600167,353.824440489677,77.801,365.38
1784569785602,6,72.5461022134399,353.676983934809,77.5024,365.34
1784569785702,6,72.4738109113103,353.534190436334,77.2039,365.301
1784569785802,6,72.3919495963093,353.395992197767,76.9054,365.261
1784569785902,6,72.3006245489097,353.262335236887,76.6068,365.222
1784569786002,6,72.1999546621277,353.133180238701,76.3083,365.182
1784569786102,6,72.0900686036923,353.008501517427,76.0097,365.143
1784569786202,6,71.9711012288197,352.888279508739,75.7112,365.103
1784569786302,6,71.8431925894397,352.772494353127,75.4126,365.064
1784569786402,6,71.7064880960626,352.66112035429,75.1141,365.025
1784569786502,6,71.5611382506243,352.554125235525,74.8156,364.985
1784569786602,6,71.4072989341261,352.451470966471,74.517,364.946
1784569786702,6,71.2451311953194,352.353115774089,74.2185,364.906
1784569786802,6,71.0747999371257,352.259014982121,73.9199,364.867
1784569786902,6,70.8964741865856,352.169121529888,73.6214,364.827
1784569787002,6,70.7103274554719,352.083388685224,73.3228,364.788
1784569787102,6,70.5165363829959,352.001779516524,73.0243,364.749
1784569787202,6,70.3152795063714,351.924267729369,72.7258,364.709
1784569787302,6,70.1067372839517,351.850832050894,72.4272,364.67
1784569787402,6,69.8910913350476,351.78145945748,72.1287,364.63
1784569787502,6,69.668524294102,351.716145460025,71.8301,364.591
1784569787602,6,69.4392183688691,351.654889660772,71.5316,364.551
1784569787702,6,69.2033550721707,351.597695714704,71.233,364.512
1784569787802,6,68.9611140222128,351.544575042493,70.9345,364.472
1784569787902,6,68.712673212424,351.495542037159,70.636,364.433
1784569788002,6,68.4582096951891,351.450614869142,70.3374,364.394
1784569788102,6,68.197900413362,351.409824249598,70.0389,364.354
1784569788202,6,67.9319216820269,351.373215669261,69.7403,364.315
1784569788302,6,67.6604476050955,351.340849658258,69.4418,364.275
1784569788402,6,67.3836506997699,351.31280037243,69.1432,364.236
1784569788502,6,67.1017031250157,351.289149432665,68.8447,364.196
1784569788602,6,66.8147775115873,351.269983282249,68.5462,364.157
1784569788702,6,66.5230458875871,351.25539319305,68.2476,364.118
1784569788802,6,66.2266776934291,351.245470525845,67.9491,364.078
1784569788902,6,65.9258388756249,351.240308210967,67.6505,364.039
1784569789002,6,65.6206912544143,351.240003146953,67.352,363.999
1784569789102,6,65.3113923684927,351.244661057729,67.0534,363.96
1784569789202,6,64.9980932787967,351.254391600121,66.7549,363.92
1784569789302,6,64.6809390693417,351.269306360783,66.4564,363.881
1784569789402,6,64.3600696063918,351.289516505012,66.1578,363.841
1784569789502,6,64.0356191159669,351.315128382233,65.8593,363.802
1784569789602,6,63.7077172401834,351.346241938721,65.5607,363.763
1784569789702,6,63.3764905055337,351.382949495705,65.2622,363.723
1784569789802,6,63.0420636076948,351.425338958212,64.9636,363.684
1784569789902,6,62.7045595186396,351.473494717877,64.6651,363.644
1784569790002,6,62.3640969995567,351.527497809696,64.3665,363.605
1784569790102,6,62.0207892019754,351.587426159639,64.068,363.565
1784569790202,6,61.6747437199816,351.653355868077,63.7695,363.526
1784569790302,6,61.3260639096518,351.725360679448,63.4709,363.487
1784569790402,6,60.97485042433,351.803509154779,63.1724,363.447
1784569790502,6,60.6212023951472,351.887863200584,62.8738,363.408
1784569790602,6,60.265217818729,351.978477511952,62.5753,363.368
1784569790702,6,59.9069931328975,352.075399190605,62.2767,363.329
1784569790802,6,59.5466233703058,352.178667706242,61.9782,363.289
1784569790902,6,59.1842025500647,352.288316245526,61.6797,363.25
1784569791002,6,58.8198244266846,352.404374984675,61.3811,363.21
1784569791102,6,58.4535814724105,352.526867474033,61.0826,363.171
1784569791202,6,58.0855633976759,352.655809034479,60.784,363.132
1784569791302,6,57.7158578177696,352.791207244337,60.4855,363.092
1784569791402,6,57.3445504769293,352.933066341067,60.1869,363.053
1784569791502,6,56.9717269498459,353.081390323752,59.8884,363.013
1784569791602,6,56.5974745813013,353.236180159627,59.5899,362.974
1784569791702,6,56.2218845478697,353.397421803138,59.2913,362.934
1784569791802,6,55.8450531626066,353.565082630955,58.9928,362.895
1784569791902,6,55.467082737652,353.739110410062,58.6942,362.856
1784569792002,6,55.0880801923737,353.919431184212,58.3957,362.816
1784569792102,6,54.7081565398697,354.1059512491,58.0971,362.777
1784569792202,6,54.3274256055465,354.298561603485,57.7986,362.737
1784569792302,6,53.9460060331283,354.497136512612,57.5001,362.698
1784569792402,6,53.5640242317638,354.701527582993,57.2015,362.658
1784569792502,6,53.1816150545302,354.911568062519,56.903,362.619
1784569792602,6,52.7989228865332,355.127075997541,56.6044,362.579
1784569792702,6,52.4160981363514,355.347855491014,56.3059,362.54
1784569792802,6,52.0332781320541,355.573702001681,56.0073,362.501
1784569792902,6,51.6505825854793,355.804404154877,55.7088,362.461
1784569793002,6,51.2681127645244,356.039747111223,55.4103,362.422
1784569793102,6,50.8859530548874,356.279513005937,55.1117,362.382
1784569793202,6,50.5041739332799,356.523481528921,54.8132,362.343
1784569793302,6,50.1228313143583,356.771429347869,54.5146,362.303
1784569793402,6,49.7419672336501,357.02312875542,54.2161,362.264
1784569793502,6,49.361610206698,357.278345977272,53.9175,362.225
1784569793602,6,48.9817761024753,357.536840693759,53.619,362.185
1784569793702,6,48.6024669599678,357.798364821081,53.3204,362.146
1784569793802,6,48.2236694832944,358.062660499776,53.0219,362.106
1784569793902,6,47.8453560709775,358.329458964804,52.7234,362.067
1784569794002,6,47.4674865580256,358.598479850229,52.4248,362.027
1784569794102,6,47.0900100603778,358.869429152028,52.1263,361.988
1784569794202,6,46.7128684345102,359.142003897241,51.8277,361.948
1784569794302,6,46.3360049830942,359.415917105898,51.5292,361.909
1784569794402,6,45.9593680330345,359.690910364427,51.2306,361.87
1784569794502,6,45.5829117201445,359.966746210826,50.9321,361.83
1784569794602,6,45.2065938530892,360.243211245742,50.6336,361.791
1784569794702,6,44.8303764751954,360.520121875941,50.335,361.751
1784569794802,6,44.4542268956809,360.797327674331,50.0365,361.712
1784569794902,6,44.0781181789361,361.074709930328,49.7379,361.674
1784569795002,6,43.7020300704143,361.352180586797,49.4393,361.638
1784569795102,6,43.3259494111632,361.629682742542,49.1407,361.602
1784569735202,7,483.121622621709,710.557523701488,479.296,709.06
1784569735302,7,482.81010357445,710.374856803919,479.055,708.869
1784569735402,7,482.496655778013,710.191060798862,478.814,708.678
1784569735502,7,482.181288452133,710.00614091961,478.573,708.487
1784569735602,7,481.864024282861,709.820106031211,478.332,708.296
1784569735702,7,481.544894967149,709.63296782555,478.091,708.105
1784569735802,7,481.223949642028,709.444740820238,477.85,707.914
1784569735902,7,480.901254924057,709.255440825622,477.609,707.723
1784569736002,7,480.576880947613,709.06508363881,477.368,707.532
1784569736102,7,480.250897767975,708.873687084094,477.127,707.341
1784569736202,7,479.923376548546,708.681269765006,476.886,707.15
1784569736302,7,479.594391086056,708.48784984364,476.645,706.959
1784569736402,7,479.264019022239,708.293445815748,476.404,706.768
1784569736502,7,478.93234209925,708.098076928712,476.163,706.577
1784569736602,7,478.599447382827,707.901763311458,475.922,706.386
1784569736702,7,478.265428225323,707.704527076115,475.681,706.195
1784569736802,7,477.930383466034,707.506392577055,475.44,706.004
1784569736902,7,477.59441840481,707.307385329892,475.199,705.813
1784569737002,7,477.257646374939,707.107529464494,474.958,705.622
1784569737102,7,476.920189750145,706.906847858398,474.717,705.431
1784569737202,7,476.58217979334,706.705363070576,474.476,705.24
1784569737302,7,476.243759969607,706.503098174314,474.235,705.049
1784569737402,7,475.905087802418,706.300077216806,473.994,704.858
1784569737502,7,475.566334967604,706.096325641745,473.753,704.667
1784569737602,7,475.227683688959,705.89187020974,473.512,704.476
1784569737702,7,474.889312814619,705.686738600293,473.272,704.285
1784569737802,7,474.551395228695,705.480960072437,473.031,704.094
1784569737902,7,474.214099337262,705.274566425308,472.79,703.903
1784569738002,7,473.877590648247,705.067592832422,472.549,703.712
1784569738102,7,473.542031901109,704.860078005027,472.308,703.521
1784569738202,7,473.207578664115,704.652063162135,472.067,703.33
1784569738302,7,472.874378586463,704.443588570917,471.826,703.139
1784569738402,7,472.542572269665,704.234688855491,471.585,702.948
1784569738502,7,472.212294652365,704.025392738974,471.344,702.757
1784569738602,7,471.88367626143,703.815723807248,471.103,702.566
1784569738702,7,471.556843326714,703.605700487722,470.862,702.375
1784569738802,7,471.231915484474,703.395336251168,470.621,702.184
1784569738902,7,470.909005802731,703.184640453623,470.38,701.993
1784569739002,7,470.588219983489,702.97361877056,470.139,701.802
1784569739102,7,470.269657212054,702.762271982564,469.898,701.611
1784569739202,7,469.953411635304,702.550596723188,469.657,701.42
1784569739302,7,469.639573803632,702.338587705711,469.416,701.229
1784569739402,7,469.328231957481,702.126238713563,469.175,701.038
1784569739502,7,469.019473122329,701.913542002691,468.934,700.847
1784569739602,7,468.713383264883,701.700487523593,468.693,700.656
1784569739702,7,468.410048045172,701.487062862266,468.452,700.465
1784569739802,7,468.109552682818,701.273251980497,468.211,700.274
1784569739902,7,467.8119824234,701.059034710833,467.97,700.083
1784569740002,7,467.517422501902,700.844387314853,467.729,699.892
1784569740102,7,467.225956960157,700.629283359894,467.488,699.701
1784569740202,7,466.937668558568,700.413694509873,467.247,699.51
1784569740302,7,466.652639305059,700.197591257568,467.006,699.319
1784569740402,7,466.370951479196,699.980943042352,466.765,699.128
1784569740502,7,466.092688102648,699.763719262487,466.524,698.937
1784569740602,7,465.817933199923,699.545890504678,466.284,698.746
1784569740702,7,465.546772104039,699.327426718992,466.043,698.555
1784569740802,7,465.27929040675,699.10829568034,465.802,698.364
1784569740902,7,465.015574180217,698.888461724156,465.561,698.173
1784569741002,7,464.755710334326,698.667885797007,465.32,697.982
1784569741102,7,464.499787254491,698.446526355213,465.079,697.791
1784569741202,7,464.247894457622,698.224340160689,464.838,697.6
1784569741302,7,464.000123297302,698.001281995219,464.597,697.409
1784569741402,7,463.756567733899,697.777303797554,464.356,697.218
1784569741502,7,463.517324975843,697.552354679618,464.115,697.027
1784569741602,7,463.282494957943,697.32638172578,463.874,696.836
1784569741702,7,463.052181045276,697.09933096395,463.633,696.645
1784569741802,7,462.826491000167,696.871147802576,463.392,696.454
1784569741902,7,462.605536820383,696.641776075782,463.151,696.263
1784569742002,7,462.389432816588,696.411156953444,462.91,696.072
1784569742102,7,462.17829593535,696.179229268665,462.669,695.881
1784569742202,7,461.972246393507,695.945930517197,462.428,695.69
1784569742302,7,461.77140697362,695.711197897419,462.187,695.499
1784569742402,7,461.57590264603,695.474968854779,461.946,695.308
1784569742502,7,461.385860162707,695.237180695346,461.705,695.117
1784569742602,7,461.201407628969,694.997771110802,461.464,694.926
1784569742702,7,461.022674848806,694.756677958337,461.223,694.735
1784569742802,7,460.849793031226,694.513838372859,460.982,694.544
1784569742902,7,460.682894552709,694.269188997647,460.741,694.353
1784569743002,7,460.522111597977,694.0226652539,460.5,694.162
1784569743102,7,460.367573946976,693.774201783516,460.259,693.971
1784569743202,7,460.219406267739,693.523733399426,460.018,693.78
1784569743302,7,460.077726477822,693.271195171022,459.777,693.589
1784569743402,7,459.942646437975,693.016521414059,459.537,693.398
1784569743502,7,459.814273910603,692.759646347394,459.296,693.207
1784569743602,7,459.69271192757,692.500505085292,459.055,693.016
1784569743702,7,459.57805908683,692.23903403791,458.814,692.825
1784569743802,7,459.470409802146,691.975170743444,458.573,692.634
1784569743902,7,459.369853196327,691.708853530177,458.332,692.443
1784569744002,7,459.276472194233,691.440022257606,458.091,692.252
1784569744102,7,459.190343227201,691.168619059465,457.85,692.061
1784569744202,7,459.111536091461,690.894588649512,457.609,691.87
1784569744302,7,459.04011394172,690.617878687072,457.368,691.679
1784569744402,7,458.976132215596,690.338440327573,457.127,691.488
1784569744502,7,458.919637056912,690.056228145238,456.886,691.297
1784569744602,7,458.870663288734,689.771200885395,456.645,691.106
1784569744702,7,458.829233755374,689.483321898903,456.404,690.915
1784569744802,7,458.795359227585,689.192559029404,456.163,690.724
1784569744902,7,458.769037529936,688.898885001187,455.922,690.533
1784569745002,7,458.750251718526,688.602278148514,455.848,690.252
1784569745102,7,458.738968202687,688.302723300139,455.991,689.853
1784569745202,7,458.73513642048,688.000211431238,456.135,689.454
1784569745302,7,458.738689004453,687.694739620307,456.278,689.055
1784569745402,7,458.749542255908,687.38631192655,456.422,688.656
1784569745502,7,458.767596423924,687.074939346226,456.566,688.256
1784569745602,7,458.792736455796,686.760637999227,456.709,687.857
1784569745702,7,458.824832636196,686.443427218779,456.853,687.458
1784569745802,7,458.863741820051,686.123330084717,456.996,687.059
1784569745902,7,458.909308566556,685.800373950228,457.14,686.66
1784569746002,7,458.961365213685,685.474589333891,457.284,686.261
1784569746102,7,459.019731807645,685.146009318659,457.427,685.862
1784569746202,7,459.084216431266,684.814670232856,457.571,685.462
1784569746302,7,459.154615075769,684.480611534047,457.715,685.063
1784569746402,7,459.230711465583,684.143874145506,457.858,684.664
1784569746502,7,459.31227723935,683.804499030032,458.002,684.265
1784569746602,7,459.399071939936,683.462527645022,458.145,683.866
1784569746702,7,459.49084374566,683.118002412686,458.289,683.467
1784569746802,7,459.587330211467,682.770966591903,458.433,683.068
1784569746902,7,459.688258194154,682.421463654804,458.576,682.668
1784569747002,7,459.793344028102,682.06953589153,458.72,682.269
1784569747102,7,459.902293844123,681.715224835055,458.863,681.87
1784569747202,7,460.014803676859,681.358571798893,459.007,681.471
1784569747302,7,460.130559069721,680.999616719423,459.151,681.072
1784569747402,7,460.249234804868,680.638398578646,459.294,680.673
1784569747502,7,460.370495473111,680.27495559514,459.438,680.274
1784569747602,7,460.493995612372,679.909324364168,459.581,679.874
1784569747702,7,460.61937986158,679.541540033771,459.725,679.475
1784569747802,7,460.746283375632,679.171636342639,459.869,679.076
1784569747902,7,460.874331994039,678.79964511196,460.012,678.677
1784569748002,7,461.003143738112,678.425597360532,460.156,678.278
1784569748102,7,461.132332926458,678.049524680341,460.299,677.879
1784569748202,7,461.261526489931,677.671461490943,460.443,677.48
1784569748302,7,461.390368480146,677.291447483405,460.587,677.08
1784569748402,7,461.518520218451,676.90952952855,460.73,676.681
1784569748502,7,461.645659702632,676.525763456031,460.874,676.282
1784569748602,7,461.771481036643,676.140214128648,461.018,675.883
1784569748702,7,461.89569620028,675.752949817649,461.161,675.484
1784569748802,7,462.018035549206,675.364039785223,461.305,675.085
1784569748902,7,462.138244876198,674.973553962797,461.448,674.686
1784569749002,7,462.2560874094,674.581563636778,461.592,674.286
1784569749102,7,462.371344441646,674.188139751938,461.736,673.887
1784569749202,7,462.483815573792,673.793351586005,461.879,673.488
1784569749302,7,462.593318809755,673.397267480318,462.023,673.089
1784569749402,7,462.699691620867,672.999954916572,462.166,672.69
1784569749502,7,462.802791473551,672.601478651818,462.31,672.291
1784569749602,7,462.902495504524,672.201901024549,462.454,671.892
1784569749702,7,462.998696480096,671.801283271978,462.597,671.492
1784569749802,7,463.091288098297,671.399687275354,462.741,671.093
1784569749902,7,463.18016097967,670.997176572688,462.884,670.694
1784569750002,7,463.265205183872,670.593814423861,463.028,670.295
1784569750102,7,463.346321685557,670.189661763212,463.172,669.896
1784569750202,7,463.423425782563,669.7847782907,463.315,669.497
1784569750302,7,463.496449082723,669.379225161069,463.459,669.098
1784569750402,7,463.565341076585,668.973069073679,463.602,668.698
1784569750502,7,463.630069163111,668.56638012914,463.746,668.299
1784569750602,7,463.690618328526,668.159228624891,463.89,667.9
1784569750702,7,463.746989045012,667.751684081836,464.033,667.501
1784569750802,7,463.799189779504,667.343816659446,464.177,667.102
1784569750902,7,463.847234928515,666.935698213387,464.32,666.703
1784569751002,7,463.891144573637,666.527400794384,464.464,666.304
1784569751102,7,463.930941989455,666.118997419079,464.608,665.904
1784569751202,7,463.966644255124,665.7105627801,464.751,665.505
1784569751302,7,463.998259333331,665.302173855307,464.895,665.106
1784569751402,7,464.025785786569,664.893907867866,465.039,664.707
1784569751502,7,464.049213005364,664.48584025866,465.182,664.308
1784569751602,7,464.068522583821,664.078044724451,465.326,663.909
1784569751702,7,464.083688586828,663.670592199253,465.469,663.51
1784569751802,7,464.094677461285,663.263549660108,465.613,663.11
1784569751902,7,464.101448658158,662.856980099947,465.757,662.711
1784569752002,7,464.103957352208,662.450943201401,465.9,662.312
1784569752102,7,464.102157041395,662.045496501555,465.839,661.94
1784569752202,7,464.096007617234,661.640694774224,465.694,661.58
1784569752302,7,464.085478599516,661.236588442877,465.549,661.22
1784569752402,7,464.070549578743,660.833221326732,465.404,660.859
1784569752502,7,464.051210538498,660.430631242272,465.259,660.499
1784569752602,7,464.027461646421,660.028850755258,465.115,660.138
1784569752702,7,463.99931323599,659.627907766563,464.97,659.778
1784569752802,7,463.966785914801,659.227827337369,464.825,659.417
1784569752902,7,463.929910390071,658.828634218901,464.68,659.057
1784569753002,7,463.888726270816,658.430353654356,464.535,658.696
1784569753102,7,463.843280090825,658.033011358924,464.39,658.336
1784569753202,7,463.79361937471,657.636634839402,464.245,657.975
1784569753302,7,463.739788751755,657.241254741393,464.101,657.615
1784569753402,7,463.681829683288,656.846906706902,463.956,657.254
1784569753502,7,463.619781277907,656.453633431184,463.811,656.894
1784569753602,7,463.553679781561,656.061485303732,463.666,656.533
1784569753702,7,463.483557830937,655.670521078183,463.521,656.173
1784569753802,7,463.409443583449,655.280806589092,463.376,655.812
1784569753902,7,463.331356912336,654.892411841084,463.231,655.452
1784569754002,7,463.24930775708,654.505410244845,463.087,655.091
1784569754102,7,463.163296233377,654.119876817277,462.942,654.731
1784569754202,7,463.073313747723,653.73588689374,462.797,654.37
1784569754302,7,462.979347596529,653.35351550182,462.652,654.01
1784569754402,7,462.881387232262,652.972838665773,462.507,653.65
1784569754502,7,462.779425980375,652.593934951184,462.362,653.289
1784569754602,7,462.673461886944,652.216885497503,462.217,652.929
1784569754702,7,462.563499763606,651.84177227773,462.072,652.568
1784569754802,7,462.449551138459,651.468677713475,461.928,652.208
1784569754902,7,462.331631962854,651.097683336774,461.783,651.847
1784569755002,7,462.209765012906,650.728870706159,461.638,651.487
1784569755102,7,462.083976869172,650.362322245514,461.493,651.126
1784569755202,7,461.954294477336,649.998120765655,461.348,650.766
1784569755302,7,461.820744294241,649.636350268,461.203,650.405
1784569755402,7,461.683350126788,649.27709606183,461.058,650.045
1784569755502,7,461.542132442653,648.920445540486,460.914,649.684
1784569755602,7,461.397107606805,648.566488539987,460.769,649.324
1784569755702,7,461.248288209916,648.215318259625,460.624,648.963
1784569755802,7,461.095683654134,647.867030993885,460.479,648.603
1784569755902,7,460.939300474631,647.5217258504,460.334,648.242
1784569756002,7,460.779142689136,647.179505656867,460.189,647.882
1784569756102,7,460.615211410822,646.840478026968,460.044,647.521
1784569756202,7,460.44750468342,646.504755247108,459.9,647.161
1784569756302,7,460.276015711005,646.172451871591,459.755,646.8
1784569756402,7,460.100731826525,645.843684019541,459.61,646.44
1784569756502,7,459.921636254253,645.518569896237,459.465,646.08
1784569756602,7,459.738707842241,645.197229547668,459.32,645.719
1784569756702,7,459.551920729935,644.879784598378,459.175,645.359
1784569756802,7,459.361244483579,644.566358102588,459.03,644.998
1784569756902,7,459.166645060608,644.257074009718,458.886,644.638
1784569757002,7,458.968085301524,643.952057420421,458.741,644.277
1784569757102,7,458.765525356034,643.65143480377,458.596,643.917
1784569757202,7,458.558922170819,643.355334364452,458.451,643.556
1784569757302,7,458.348229684704,643.063884630511,458.306,643.196
1784569757402,7,458.133398180504,642.777214703229,458.161,642.835
1784569757502,7,457.914374288836,642.495453732163,458.016,642.475
1784569757602,7,457.691100303983,642.218730223679,457.872,642.114
1784569757702,7,457.463514797919,641.947171902743,457.727,641.754
1784569757802,7,457.231553666603,641.680903417987,457.582,641.393
1784569757902,7,456.995151150494,641.420046610007,457.437,641.033
1784569758002,7,456.754240745456,641.164721428387,457.292,640.672
1784569758102,7,456.508756152487,640.915046645528,457.147,640.312
1784569758202,7,456.258631823243,640.671139917005,457.002,639.951
1784569758302,7,456.003803350739,640.433115988545,456.858,639.591
1784569758402,7,455.744207948653,640.201085664782,456.713,639.23
1784569758502,7,455.479785159877,639.975155207954,456.568,638.87
1784569758602,7,455.210477840695,639.755425202525,456.423,638.51
1784569758702,7,454.936232799621,639.541990317608,456.278,638.149
1784569758802,7,454.6570017509,639.334937434712,456.133,637.789
1784569758902,7,454.372741807168,639.134345399492,455.988,637.428
1784569759002,7,454.083413795284,638.940285103335,455.843,637.068
1784569759102,7,453.788982839594,638.752819285164,455.699,636.707
1784569759202,7,453.48941959184,638.572000070758,455.554,636.347
1784569759302,7,453.184701233985,638.397866198466,455.409,635.986
1784569759402,7,452.874813333269,638.230441567117,455.264,635.626
1784569759502,7,452.559751610317,638.069735395428,455.119,635.265
1784569759602,7,452.239523296879,637.915741990538,454.974,634.905
1784569759702,7,451.914149000395,637.768440995207,454.829,634.544
1784569759802,7,451.583665185788,637.627797794728,454.561,634.351
1784569759902,7,451.248125642195,637.493762570458,454.164,634.332
1784569760002,7,450.907602175625,637.3662681279,453.766,634.313
1784569760102,7,450.562185912967,637.245229551313,453.368,634.295
1784569760202,7,450.211984680483,637.130543825507,452.971,634.276
1784569760302,7,449.857123487572,637.022091489666,452.573,634.257
1784569760402,7,449.497746201957,636.919737942012,452.176,634.239
1784569760502,7,449.134017341297,636.82333349565,451.778,634.22
1784569760602,7,448.766123793809,636.732711520326,451.381,634.201
1784569760702,7,448.39427565264,636.64768788327,450.983,634.182
1784569760802,7,448.01870341175,636.568061258471,450.586,634.164
1784569760902,7,447.63965421352,636.493613823361,450.188,634.145
1784569761002,7,447.25738808104,636.424114717305,449.791,634.126
1784569761102,7,446.872167869298,636.359328623118,449.393,634.107
1784569761202,7,446.484257732371,636.299019824561,448.995,634.089
1784569761302,7,446.093923527483,636.242953994028,448.598,634.07
1784569761402,7,445.701436021381,636.190898302654,448.2,634.051
1784569761502,7,445.307070842405,636.142620366422,447.803,634.032
1784569761602,7,444.911100797678,636.097889815376,447.405,634.014
1784569761702,7,444.513794358635,636.056478522562,447.008,633.995
1784569761802,7,444.115416132231,636.01815950919,446.61,633.976
1784569761902,7,443.71622788467,635.982708497852,446.213,633.957
1784569762002,7,443.316489301335,635.949904776155,445.815,633.939
1784569762102,7,442.916457570462,635.91953208359,445.418,633.92
1784569762202,7,442.516387892081,635.891378339414,445.02,633.901
1784569762302,7,442.116535275958,635.865236224515,444.622,633.882
1784569762402,7,441.717152828362,635.840902652542,444.225,633.864
1784569762502,7,441.318492320475,635.818178318793,443.827,633.845
1784569762602,7,440.920804777698,635.796866412807,443.43,633.826
1784569762702,7,440.524341889878,635.77677236608,443.032,633.807
1784569762802,7,440.129356995457,635.757703915479,442.635,633.789
1784569762902,7,439.73610437188,635.739471533267,442.237,633.77
1784569763002,7,439.34483647352,635.721889990932,441.84,633.751
1784569763102,7,438.955804675133,635.704779107934,441.442,633.733
1784569763202,7,438.569257989693,635.687963512594,441.045,633.714
1784569763302,7,438.18544405661,635.671272361595,440.647,633.695
1784569763402,7,437.804611783491,635.65453831582,440.25,633.676
1784569763502,7,437.427015262747,635.637596751617,439.852,633.658
1784569763602,7,437.052911528118,635.620284682713,439.454,633.639
1784569763702,7,436.682560279058,635.602440315083,439.057,633.62
1784569763802,7,436.316221779217,635.583903065034,438.659,633.601
1784569763902,7,435.954153031513,635.564513648653,438.262,633.583
1784569764002,7,435.596608049293,635.544114342427,437.864,633.564
1784569764102,7,435.243838681524,635.522549778536,437.467,633.545
1784569764202,7,434.896094751123,635.499667217636,437.069,633.526
1784569764302,7,434.553620631314,635.475316426457,436.672,633.508
1784569764402,7,434.216654488476,635.449348878876,436.274,633.489
1784569764502,7,433.885429307179,635.421617633164,435.877,633.47
1784569764602,7,433.560173300508,635.391977432596,435.479,633.451
1784569764702,7,433.241110561186,635.360284850825,435.081,633.433
1784569764802,7,432.928461374267,635.326398611934,434.684,633.414
1784569764902,7,432.622443322425,635.290180433499,434.286,633.395
1784569765002,7,432.323272326039,635.251495358471,433.889,633.376
1784569765102,7,432.031163968583,635.210211772185,433.491,633.358
1784569765202,7,431.746334370381,635.166200978839,433.094,633.339
1784569765302,7,431.468999387805,635.119337242903,432.696,633.32
1784569765402,7,431.199374259801,635.069497996867,432.299,633.302
1784569765502,7,430.93767079104,635.016564306332,431.901,633.283
1784569765602,7,430.68409672943,634.960422080346,431.504,633.264
1784569765702,7,430.43885586005,634.900962511659,431.106,633.245
1784569765802,7,430.202145592293,634.838081590136,430.708,633.227
1784569765902,7,429.97415703372,634.771678696063,430.311,633.208
1784569766002,7,429.755074815615,634.701657977291,429.913,633.189
1784569766102,7,429.545075478953,634.627927032555,429.516,633.17
1784569766202,7,429.344327428281,634.550396545059,429.118,633.152
1784569766302,7,429.152990145144,634.468980017144,428.721,633.133
1784569766402,7,428.971214078463,634.383593982644,428.323,633.114
1784569766502,7,428.799138686321,634.294158802586,427.926,633.095
1784569766602,7,428.636890413598,634.20060069197,427.528,633.077
1784569766702,7,428.48458133267,634.102852726001,427.131,633.058
1784569766802,7,428.342309319333,634.000856233384,426.733,633.039
1784569766902,7,428.210158022006,633.894562062314,426.336,633.02
1784569767002,7,428.088196909513,633.783930152659,425.938,633.002
1784569767102,7,427.976480780574,633.668928589266,425.54,632.983
1784569767202,7,427.875048845398,633.549533412459,425.143,632.964
1784569767302,7,427.78392188422,633.425728960886,424.811,632.921
1784569767402,7,427.703100244711,633.297508108785,425.015,632.676
1784569767502,7,427.632562762598,633.164873151348,425.218,632.432
1784569767602,7,427.57226809857,633.027836410775,425.422,632.187
1784569767702,7,427.522154853804,632.886419876769,425.625,631.943
1784569767802,7,427.482142807702,632.740652835602,425.829,631.698
1784569767902,7,427.452135873896,632.590569113263,426.032,631.454
1784569768002,7,427.43202704943,632.436206975013,426.236,631.209
1784569768102,7,427.421701006776,632.277609644171,426.439,630.965
1784569768202,7,427.421034202124,632.11482620522,426.643,630.72
1784569768302,7,427.429893501266,631.947912345481,426.847,630.475
1784569768402,7,427.448135787685,631.77693068302,427.05,630.231
1784569768502,7,427.475607957516,631.601950193246,427.254,629.986
1784569768602,7,427.512146858737,631.423044032707,427.457,629.742
1784569768702,7,427.557579633302,631.240287040267,427.661,629.497
1784569768802,7,427.611725406671,631.0537550159,427.864,629.253
1784569768902,7,427.674395546369,630.863525562815,428.068,629.008
1784569769002,7,427.745393404232,630.66967980519,428.271,628.764
1784569769102,7,427.824514452023,630.472303277631,428.475,628.519
1784569769202,7,427.911548148002,630.271485637728,428.679,628.275
1784569769302,7,428.006279960445,630.067319807276,428.882,628.03
1784569769402,7,428.10849171261,629.8599017232,429.086,627.786
1784569769502,7,428.217961439456,629.649330664306,429.289,627.541
1784569769602,7,428.334463239604,629.435709883027,429.493,627.296
1784569769702,7,428.457766832433,629.219145392401,429.696,627.052
1784569769802,7,428.587637013574,628.999741471235,429.9,626.807
1784569769902,7,428.723833613925,628.777599822429,430.104,626.563
1784569770002,7,428.866112968544,628.552820451931,430.307,626.318
1784569770102,7,429.014227799433,628.325502710071,430.511,626.074
1784569770202,7,429.167926975831,628.09574614567,430.714,625.829
1784569770302,7,429.326957096057,627.863650506368,430.918,625.585
1784569770402,7,429.491065041926,627.62931540584,431.121,625.34
1784569770502,7,429.660000888136,627.39284051125,431.325,625.096
1784569770602,7,429.833518131872,627.154324261438,431.528,624.851
1784569770702,7,430.011373041214,626.913864381264,431.732,624.607
1784569770802,7,430.1933242773,626.671558997371,431.936,624.362
1784569770902,7,430.379132608727,626.427505593193,432.139,624.117
1784569771002,7,430.568560192371,626.181793406004,432.343,623.873
1784569771102,7,430.761369730058,625.934502096925,432.546,623.628
1784569771202,7,430.957324647218,625.685702500701,432.75,623.384
1784569771302,7,431.156192143091,625.435457341039,432.953,623.139
1784569771402,7,431.35774397204,625.18382220921,433.157,622.895
1784569771502,7,431.561758487503,624.930845666576,433.36,622.65
1784569771602,7,431.768021020671,624.676567387166,433.564,622.406
1784569771702,7,431.97632362221,624.421017898943,433.768,622.161
1784569771802,7,432.18646440726,624.164219002138,433.971,621.917
1784569771902,7,432.398248086462,623.906185605401,434.175,621.672
1784569772002,7,432.611488584631,623.646926891429,434.378,621.428
1784569772102,7,432.826008913962,623.386446416566,434.582,621.183
1784569772202,7,433.041640304052,623.12474257054,434.785,620.938
1784569772302,7,433.258221690908,622.861809523095,434.989,620.694
1784569772402,7,433.475598735899,622.597637363353,435.193,620.449
1784569772502,7,433.693622521323,622.332211044008,435.396,620.205
1784569772602,7,433.912148725316,622.065509813093,435.6,619.96
1784569772702,7,434.131036313222,621.79750556642,435.803,619.716
1784569772802,7,434.350146942458,621.528161909751,436.007,619.471
1784569772902,7,434.569346157368,621.257434904662,436.21,619.227
1784569773002,7,434.788503432744,620.985273688144,436.414,618.982
1784569773102,7,435.007492046818,620.711620801032,436.617,618.738
1784569773202,7,435.226190545119,620.436413190597,436.821,618.493
1784569773302,7,435.4444834096,620.159582900884,437.025,618.249
1784569773402,7,435.662261039921,619.881056723229,437.228,618.004
1784569773502,7,435.879419015551,619.600756186695,437.432,617.759
1784569773602,7,436.095857222867,619.318598130803,437.635,617.515
1784569773702,7,436.311479328089,619.034495265656,437.839,617.27
1784569773802,7,436.526191886422,618.748356325529,438.042,617.026
1784569773902,7,436.739903334013,618.460085936881,438.246,616.781
1784569774002,7,436.952523989414,618.169585280888,438.45,616.537
1784569774102,7,437.163969204646,617.876751711632,438.653,616.292
1784569774202,7,437.374160235457,617.58147857364,438.857,616.048
1784569774302,7,437.583024752487,617.28365627765,439.06,615.803
1784569774402,7,437.790496303956,616.983173686962,439.264,615.559
1784569774502,7,437.996513676884,616.679919043354,439.467,615.314
1784569774602,7,438.201021172368,616.373779459908,439.671,615.07
1784569774702,7,438.403968489722,616.064641414312,439.874,614.825
1784569774802,7,438.605311914299,615.752390882227,440.078,614.58
1784569774902,7,438.805013368352,615.436914026812,440.282,614.336
1784569775002,7,439.003037783718,615.118096891214,440.485,614.091
1784569775102,7,439.199353520674,614.795826421551,440.689,613.847
1784569775202,7,439.393932952753,614.469991921853,440.892,613.602
1784569775302,7,439.586754311363,614.140486332639,441.096,613.358
1784569775402,7,439.777800539773,613.807206083018,441.299,613.113
1784569775502,7,439.967058728889,613.470048936325,441.503,612.869
1784569775602,7,440.154520165131,613.128913198302,441.706,612.624
1784569775702,7,440.340180401434,612.783698481345,441.91,612.38
1784569775802,7,440.524038772221,612.434306077479,442.114,612.135
1784569775902,7,440.706098868256,612.080639932103,442.317,611.891
1784569776002,7,440.886370196494,611.72260674088,442.521,611.646
1784569776102,7,441.064868001605,611.360116355282,442.724,611.401
1784569776202,7,441.241612559343,610.993082272081,442.928,611.157
1784569776302,7,441.41662922435,610.621422402386,443.131,610.912
1784569776402,7,441.589949554796,610.245059485077,443.335,610.668
1784569776502,7,441.761610939762,609.863921201535,443.539,610.423
1784569776602,7,441.931655797828,609.47794105184,443.742,610.179
1784569776702,7,442.100130730996,609.087058373371,443.946,609.934
1784569776802,7,442.26708510853,608.691218104598,444.08,609.471
1784569776902,7,442.432567685595,608.290369199444,444.2,608.96
1784569777002,7,442.596623364072,607.884464593442,444.319,608.45
1784569777102,7,442.759294064682,607.473462282294,444.439,607.939
1784569777202,7,442.920617279979,607.057326764786,444.559,607.428
1784569777302,7,443.080624976511,606.63603042468,444.678,606.918
1784569777402,7,443.239342860426,606.209553659207,444.798,606.407
1784569777502,7,443.396789705592,605.777885054036,444.918,605.896
1784569777602,7,443.552977127179,605.341017925679,445.037,605.386
1784569777702,7,443.707911804953,604.898950748898,445.157,604.875
1784569777802,7,443.861599207995,604.451689362139,445.276,604.364
1784569777902,7,444.014043860921,603.999248502351,445.396,603.854
1784569778002,7,444.16524932263,603.541652663208,445.516,603.343
1784569778102,7,444.315221612455,603.078937481882,445.635,602.832
1784569778202,7,444.463973235334,602.611149832313,445.755,602.322
1784569778302,7,444.611518593248,602.13834824675,445.875,601.811
1784569778402,7,444.757872544832,601.66060335557,445.994,601.3
1784569778502,7,444.903050145734,601.177995991442,446.114,600.79
1784569778602,7,445.047067075761,600.690611486909,446.233,600.279
1784569778702,7,445.189939412896,600.198539765986,446.353,599.768
1784569778802,7,445.331684943972,599.701877966144,446.473,599.258
1784569778902,7,445.472327776107,599.20073273766,446.592,598.747
1784569779002,7,445.61189894268,598.695222092187,446.712,598.236
1784569779102,7,445.750435740305,598.185476517745,446.831,597.726
1784569779202,7,445.887981072269,597.671637077373,446.951,597.215
1784569779302,7,446.024582477546,597.153854664782,447.071,596.704
1784569779402,7,446.160290030594,596.632285339409,447.19,596.194
1784569779502,7,446.295154711143,596.107090679262,447.31,595.683
1784569779602,7,446.429227774397,595.578439557201,447.43,595.172
1784569779702,7,446.562560792283,595.0465070073,447.549,594.662
1784569779802,7,446.695205301076,594.511470560109,447.669,594.151
1784569779902,7,446.827213202101,593.973508961966,447.788,593.64
1784569780002,7,446.958638626862,593.432800686736,447.908,593.13
1784569780102,7,447.089538733557,592.889520506245,448.028,592.619
1784569780202,7,447.219974953003,592.343838024744,448.147,592.108
1784569780302,7,447.350007232013,591.795917015258,448.267,591.598
1784569780402,7,447.479690733348,591.245916631837,448.386,591.087
1784569780502,7,447.60907583706,590.693991887561,448.506,590.576
1784569780602,7,447.73821031551,590.140292637704,448.626,590.066
1784569780702,7,447.867136868095,589.584965338485,448.745,589.555
1784569780802,7,447.995895300399,589.0281553552,448.865,589.044
1784569780902,7,448.124522849043,588.470007328105,448.985,588.534
1784569781002,7,448.253054620612,587.910662692226,449.104,588.023
1784569781102,7,448.381527986977,587.350259228736,449.224,587.512
1784569781202,7,448.509986391397,586.788931692536,449.343,587.002
1784569781302,7,448.638479587265,586.226810878518,449.463,586.491
1784569781402,7,448.767063105493,585.664023288088,449.583,585.98
1784569781502,7,448.895797920663,585.10069212226,449.702,585.47
1784569781602,7,449.024749912863,584.536938459581,449.822,584.959
1784569781702,7,449.153988695857,583.972881760947,449.941,584.448
1784569781802,7,449.28358557689,583.408639194903,450.061,583.938
1784569781902,7,449.413615748718,582.844325508693,450.181,583.427
1784569782002,7,449.544158717783,582.280053497479,450.3,582.916
1784569782102,7,449.675298634923,581.715934796097,450.42,582.405
1784569782202,7,449.807124756158,581.152080838549,450.54,581.895
1784569782302,7,449.939732328777,580.588602131254,450.659,581.384
1784569782402,7,450.073223429206,580.025609258579,450.779,580.873
1784569782502,7,450.207705111306,579.463213614988,450.909,580.295
1784569782602,7,450.343285677811,578.901527835878,451.045,579.675
1784569782702,7,450.48006324884,578.340666574182,451.181,579.055
1784569782802,7,450.618122422522,577.780748700605,451.317,578.435
1784569782902,7,450.757534862335,577.221898819018,451.453,577.815
1784569783002,7,450.898364237106,576.664245480313,451.589,577.196
1784569783102,7,451.040670076711,576.107922466162,451.725,576.576
1784569783202,7,451.184511488216,575.553069200103,451.861,575.956
1784569783302,7,451.329952136301,574.999825887548,451.997,575.336
1784569783402,7,451.477061529241,574.448331961658,452.133,574.716
1784569783502,7,451.625915787077,573.898727239058,452.27,574.096
1784569783602,7,451.776596089783,573.351151191486,452.406,573.477
1784569783702,7,451.9291876543,572.805743218817,452.542,572.857
1784569783802,7,452.083779032535,572.262639795812,452.678,572.237
1784569783902,7,452.240461397267,571.72197568042,452.814,571.617
1784569784002,7,452.399328060308,571.18388879771,452.95,570.997
1784569784102,7,452.560475716161,570.648532132515,453.086,570.377
1784569784202,7,452.724008820449,570.116078588804,453.222,569.758
1784569784302,7,452.890043237433,569.586723302966,453.358,569.138
1784569784402,7,453.058706142694,569.060680812129,453.494,568.518
1784569784502,7,453.230134374732,568.538169042535,453.63,567.898
1784569784602,7,453.404473174923,568.019408458018,453.766,567.278
1784569784702,7,453.581875564834,567.504628108739,453.902,566.658
1784569784802,7,453.762501346969,566.994065006599,454.039,566.039
1784569784902,7,453.946516449685,566.487970848961,454.175,565.419
1784569785002,7,454.134091920204,565.986612668917,454.311,564.799
1784569785102,7,454.325403413524,565.490261261827,454.447,564.179
1784569785202,7,454.520630428146,564.999185453393,454.583,563.559
1784569785302,7,454.719954860668,564.513653199387,454.719,562.939
1784569785402,7,454.923557919186,564.033934989984,454.855,562.32
1784569785502,7,455.131618496834,563.560311456814,454.991,561.7
1784569785602,7,455.344309674362,563.093080392524,455.127,561.08
1784569785702,7,455.561791434391,562.632558971242,455.263,560.46
1784569785802,7,455.784208154931,562.179081972501,455.399,559.84
1784569785902,7,456.011687374442,561.733000440082,455.535,559.22
1784569786002,7,456.244337526971,561.294677165922,455.672,558.601
1784569786102,7,456.482245211668,560.864483346846,455.808,557.981
1784569786202,7,456.725474107097,560.442796187141,455.944,557.361
1784569786302,7,456.97406760819,560.02999637564,456.08,556.741
1784569786402,7,457.228057540713,559.6264550865,456.216,556.121
1784569786502,7,457.48746656462,559.232530203731,456.352,555.502
1784569786602,7,457.752306989994,558.848566846443,456.488,554.882
1784569786702,7,458.022578304706,558.474898727511,456.624,554.262
1784569786802,7,458.298266544739,558.111847963895,456.76,553.642
1784569786902,7,458.579346746201,557.759722181203,456.896,553.022
1784569787002,7,458.865782906749,557.418811587215,457.032,552.402
1784569787102,7,459.15752795334,557.089386597181,457.168,551.783
1784569787202,7,459.454523059529,556.771698189993,457.431,551.346
1784569787302,7,459.756698009315,556.465977653386,457.928,551.25
1784569787402,7,460.063971662828,556.172436990732,458.424,551.155
1784569787502,7,460.376251925012,555.891269721502,458.921,551.06
1784569787602,7,460.6934387779,555.62265191709,459.418,550.964
1784569787702,7,461.015426308338,555.366741257282,459.915,550.869
1784569787802,7,461.342104973944,555.123671721517,460.412,550.774
1784569787902,7,461.673363329537,554.8935529888,460.909,550.678
1784569788002,7,462.009089022482,554.67647137664,461.406,550.583
1784569788102,7,462.349167974388,554.472490680273,461.903,550.488
1784569788202,7,462.693484456559,554.281652358665,462.4,550.392
1784569788302,7,463.041924192718,554.103975729329,462.897,550.297
1784569788402,7,463.394376377225,553.939457182706,463.394,550.202
1784569788502,7,463.750733836475,553.788070250764,463.891,550.106
1784569788602,7,464.110893296903,553.649766282531,464.388,550.011
1784569788702,7,464.474755830738,553.524475155324,464.885,549.916
1784569788802,7,464.842226731854,553.412105922968,465.382,549.82
1784569788902,7,465.213214462566,553.312546916018,465.879,549.725
1784569789002,7,465.587630168503,553.225664322751,466.376,549.63
1784569789102,7,465.965386615598,553.151302881731,466.873,549.534
1784569789202,7,466.346398959294,553.089289142563,467.37,549.439
1784569789302,7,466.730587894692,553.039432526153,467.867,549.344
1784569789402,7,467.117880449253,553.00152580047,468.364,549.248
1784569789502,7,467.508208779286,552.975345871448,468.861,549.153
1784569789602,7,467.901509271986,552.960653276967,469.357,549.058
1784569789702,7,468.297721288747,552.957191624626,469.854,548.962
1784569789802,7,468.696787159415,552.964687535686,470.351,548.867
1784569789902,7,469.098656113196,552.982850659072,470.848,548.771
1784569790002,7,469.503284202028,553.011373635548,471.345,548.676
1784569790102,7,469.910633777818,553.049931477957,471.842,548.581
1784569790202,7,470.320673556468,553.098179095158,472.339,548.485
1784569790302,7,470.733381290183,553.155749763244,472.836,548.39
1784569790402,7,471.148744075845,553.222254696248,473.333,548.295
1784569790502,7,471.566757404374,553.297282507225,473.83,548.199
1784569790602,7,471.987424474557,553.380398504636,474.327,548.104
1784569790702,7,472.410758653392,553.471147204456,474.824,548.009
1784569790802,7,472.836784101834,553.569054256374,475.321,547.913
1784569790902,7,473.265536388183,553.673626778758,475.818,547.818
1784569791002,7,473.697061082045,553.784354672512,476.315,547.723
1784569791102,7,474.13140941365,553.900718619221,476.812,547.627
1784569791202,7,474.568626922758,554.022216610063,477.309,547.532
1784569791302,7,475.008748689133,554.148370136068,477.806,547.437
1784569791402,7,475.451795675418,554.278723813489,478.303,547.341
1784569791502,7,475.89777266417,554.412844597733,478.8,547.246
1784569791602,7,476.346667989789,554.550321174995,479.297,547.151
1784569791702,7,476.798453928591,554.690763843401,479.794,547.055
1784569791802,7,477.25309054257,554.833804929119,480.29,546.96
1784569791902,7,477.710528441138,554.979098376691,480.787,546.865
1784569792002,7,478.170712972005,555.126319003569,481.284,546.769
1784569792102,7,478.633585873428,555.275161333881,481.781,546.674
1784569792202,7,479.099084170359,555.425337994286,482.278,546.578
1784569792302,7,479.567138856958,555.576578248202,482.775,546.483
1784569792402,7,480.037674909833,555.728626507953,483.272,546.388
1784569792502,7,480.510613184212,555.881237802138,483.769,546.292
1784569792602,7,480.985878199479,556.034165673682,484.266,546.197
1784569792702,7,481.46339606797,556.187167482703,484.763,546.102
1784569792802,7,481.943093935917,556.33999724325,485.26,546.006
1784569792902,7,482.424895411085,556.492414578455,485.757,545.911
1784569793002,7,482.908718135454,556.644188254612,486.254,545.816
1784569793102,7,483.394472568166,556.795103563361,486.752,545.726
1784569793202,7,483.882063227664,556.944979510361,487.271,545.727
1784569793302,7,484.371387975891,557.093675719467,487.79,545.727
1784569793402,7,484.862339210325,557.241092536546,488.309,545.727
1784569793502,7,485.354805553926,557.3871699468,488.827,545.728
1784569793602,7,485.848672238249,557.531886788777,489.346,545.728
1784569793702,7,486.343823356595,557.675258943868,489.865,545.729
1784569793802,7,486.84014206314,557.817334608382,490.384,545.729
1784569793902,7,487.337509228762,557.958193845313,490.902,545.729
1784569794002,7,487.835803571682,558.097946572732,491.421,545.73
1784569794102,7,488.334902700074,558.236726146404,491.94,545.73
1784569794202,7,488.834690414387,558.374667474879,492.459,545.73
1784569794302,7,489.335056983687,558.511901062147,492.977,545.731
1784569794402,7,489.835897716987,558.648552361135,493.496,545.731
1784569794502,7,490.33711218654,558.784740456379,494.015,545.732
1784569794602,7,490.838608308534,558.920574725097,494.534,545.732
1784569794702,7,491.340305819286,559.056153036224,495.052,545.732
1784569794802,7,491.842136471263,559.191559159866,495.571,545.733
1784569794902,7,492.344045506691,559.326862132582,496.09,545.733
1784569795002,7,492.845993165888,559.462117089536,496.609,545.733
1784569795102,7,493.347954473349,559.597360482182,497.127,545.734
1784569735202,8,294.109584554086,501.15071850348,293.03,500.422
1784569735302,8,294.335152315297,501.396581957163,293.309,500.654
1784569735402,8,294.562116320781,501.643966301353,293.588,500.886
1784569735502,8,294.790474059196,501.892871421707,293.867,501.118
1784569735602,8,295.020220912508,502.14329337365,294.147,501.35
1784569735702,8,295.251350951285,502.395220419028,294.426,501.582
1784569735802,8,295.483857177212,502.648633772112,294.705,501.814
1784569735902,8,295.717732366497,502.903506892611,294.984,502.045
1784569736002,8,295.95296956273,503.159799957672,295.263,502.277
1784569736102,8,296.189561558825,503.417453543328,295.543,502.509
1784569736202,8,296.427500144611,503.676392658837,295.822,502.741
1784569736302,8,296.666775624715,503.936525807709,296.101,502.973
1784569736402,8,296.907376359462,504.197739513652,296.38,503.205
1784569736502,8,297.14928880122,504.459902663796,296.66,503.437
1784569736602,8,297.39249953998,504.722872537952,296.939,503.669
1784569736702,8,297.636998912647,504.986497425146,297.218,503.901
1784569736802,8,297.882782572096,505.250616030555,297.497,504.133
1784569736902,8,298.1298509287,505.515060013132,297.777,504.365
1784569737002,8,298.378208038104,505.779667667888,298.056,504.597
1784569737102,8,298.627860606363,506.044285795579,298.335,504.829
1784569737202,8,298.878817473112,506.308768464568,298.614,505.061
1784569737302,8,299.131088433749,506.572977790991,298.893,505.293
1784569737402,8,299.384682382635,506.836788281557,299.173,505.525
1784569737502,8,299.639604913071,507.100088941499,299.452,505.757
1784569737602,8,299.895852852069,507.362790003549,299.731,505.989
1784569737702,8,300.153411680522,507.624817822194,300.01,506.221
1784569737802,8,300.412254249389,507.886090186815,300.29,506.453
1784569737902,8,300.672339915955,508.14650923089,300.569,506.685
1784569738002,8,300.93361542505,508.405959904984,300.848,506.917
1784569738102,8,301.196019137891,508.664307353708,301.127,507.149
1784569738202,8,301.4594897797,508.921394645712,301.407,507.381
1784569738302,8,301.723969201036,509.177041376511,301.686,507.613
1784569738402,8,301.989401776323,509.431043538631,301.965,507.845
1784569738502,8,302.255734171069,509.683177198542,302.244,508.077
1784569738602,8,302.522915644759,509.933201560733,302.523,508.309
1784569738702,8,302.790898311128,510.180865541484,302.803,508.541
1784569738802,8,303.059637435257,510.425924922766,303.082,508.773
1784569738902,8,303.329094072842,510.668155157613,303.361,509.005
1784569739002,8,303.599234865148,510.907355198171,303.64,509.237
1784569739102,8,303.870031198729,511.143353607817,303.92,509.469
1784569739202,8,304.141458349431,511.376002768552,304.199,509.701
1784569739302,8,304.413495388302,511.605182268776,304.478,509.933
1784569739402,8,304.686125327137,511.830786867463,304.757,510.165
1784569739502,8,304.959334960666,512.052720164359,305.037,510.397
1784569739602,8,305.233114466064,512.27088563113,305.316,510.629
1784569739702,8,305.507458326284,512.485182088552,305.595,510.861
1784569739802,8,305.78236610543,512.695502685296,305.874,511.093
1784569739902,8,306.057841881785,512.901736990099,306.153,511.325
1784569740002,8,306.333894283971,513.103776439373,306.433,511.557
1784569740102,8,306.610536427229,513.3015151567,306.712,511.789
1784569740202,8,306.887787134147,513.494849081113,306.991,512.021
1784569740302,8,307.165670272723,513.683675041452,307.27,512.253
1784569740402,8,307.444214075573,513.867889851141,307.55,512.485
1784569740502,8,307.723452050931,514.047389528603,307.829,512.717
1784569740602,8,308.003422615616,514.222068851227,308.108,512.949
1784569740702,8,308.284168302484,514.391820619055,308.387,513.181
1784569740802,8,308.565736529093,514.556534968086,308.667,513.413
1784569740902,8,308.848180447638,514.716098970407,308.946,513.645
1784569741002,8,309.131558300035,514.87039564921,309.225,513.877
1784569741102,8,309.415932930256,515.019305007598,309.504,514.109
1784569741202,8,309.701370818147,515.162708833079,309.783,514.341
1784569741302,8,309.987941607493,515.300493231694,310.063,514.573
1784569741402,8,310.275717899166,515.432547488525,310.342,514.805
1784569741502,8,310.564774645677,515.558765797701,310.621,515.037
1784569741602,8,310.855190188031,515.679052441779,310.9,515.269
1784569741702,8,311.147047054884,515.793323713915,311.18,515.501
1784569741802,8,311.440431017362,515.901508948295,311.459,515.733
1784569741902,8,311.735429164997,516.003550532343,311.738,515.965
1784569742002,8,312.032126299754,516.09940421197,312.017,516.197
1784569742102,8,312.330602996894,516.189038652687,312.297,516.429
1784569742202,8,312.63093439573,516.272434334089,312.576,516.661
1784569742302,8,312.933190083221,516.349583510138,312.855,516.893
1784569742402,8,313.237435127172,516.420491995034,313.134,517.125
1784569742502,8,313.543729269272,516.485179346187,313.413,517.357
1784569742602,8,313.852125511312,516.543678532344,313.693,517.589
1784569742702,8,314.162668727829,516.596035911885,313.972,517.821
1784569742802,8,314.475394404272,516.642309093244,314.251,518.053
1784569742902,8,314.79032757073,516.682553613259,314.53,518.285
1784569743002,8,315.107482729669,516.716814141214,314.81,518.517
1784569743102,8,315.426862801359,516.745122893171,315.089,518.748
1784569743202,8,315.748457562376,516.76749947147,315.368,518.98
1784569743302,8,316.07224274214,516.783956414525,315.647,519.212
1784569743402,8,316.398181429653,516.794522242129,315.926,519.444
1784569743502,8,316.726225578009,516.79924832457,316.246,519.55
1784569743602,8,317.056317933103,516.798207569062,316.638,519.431
1784569743702,8,317.388392711763,516.791493090665,317.03,519.313
1784569743802,8,317.722375279314,516.779214674749,317.422,519.194
1784569743902,8,318.058187026216,516.761497922467,317.813,519.075
1784569744002,8,318.395745348928,516.73848386353,318.205,518.957
1784569744102,8,318.734961600122,516.710327260948,318.597,518.838
1784569744202,8,319.075739388627,516.677196274241,318.988,518.719
1784569744302,8,319.417972990807,516.639272591328,319.38,518.601
1784569744402,8,319.761545834781,516.596750625055,319.772,518.482
1784569744502,8,320.106329867738,516.549829787573,320.164,518.363
1784569744602,8,320.452186974676,516.498697453784,320.555,518.245
1784569744702,8,320.798970037805,516.443529693474,320.947,518.126
1784569744802,8,321.146524376689,516.384505008879,321.339,518.007
1784569744902,8,321.494687077383,516.321793649824,321.731,517.889
1784569745002,8,321.843286887916,516.255568229761,322.122,517.77
1784569745102,8,322.192145005701,516.186007811434,322.514,517.651
1784569745202,8,322.541075452782,516.113298216925,322.906,517.533
1784569745302,8,322.88988475081,516.037632353006,323.297,517.414
1784569745402,8,323.238373905534,515.959212284644,323.689,517.295
1784569745502,8,323.586338257524,515.878256522677,324.081,517.177
1784569745602,8,323.933568169431,515.795001590949,324.473,517.058
1784569745702,8,324.279848272034,515.70969443844,324.864,516.939
1784569745802,8,324.624957721093,515.622574794219,325.256,516.821
1784569745902,8,324.968671997002,515.533891767782,325.648,516.702
1784569746002,8,325.310763354335,515.443904889627,326.039,516.583
1784569746102,8,325.651000104077,515.352883226068,326.431,516.465
1784569746202,8,325.989145827916,515.261106830655,326.823,516.346
1784569746302,8,326.324958611664,515.168870260485,327.215,516.227
1784569746402,8,326.658190757628,515.076480286477,327.606,516.109
1784569746502,8,326.988589505875,514.984253552546,327.998,515.99
1784569746602,8,327.315898771397,514.892506206771,328.39,515.871
1784569746702,8,327.639858943776,514.801555962052,328.782,515.753
1784569746802,8,327.960205801173,514.711716536941,329.173,515.634
1784569746902,8,328.276669889534,514.623297841474,329.565,515.515
1784569747002,8,328.588976118864,514.536605167646,329.957,515.397
1784569747102,8,328.896843874154,514.4519407338,330.348,515.278
1784569747202,8,329.199988385215,514.369599864472,330.74,515.159
1784569747302,8,329.498121996195,514.289862737264,331.132,515.041
1784569747402,8,329.790953580818,514.212993268297,331.524,514.922
1784569747502,8,330.078188334124,514.139241421014,331.915,514.804
1784569747602,8,330.359529199677,514.068846404637,332.307,514.685
1784569747702,8,330.634678239153,514.002046438879,332.699,514.566
1784569747802,8,330.903337123746,513.939079083301,333.091,514.448
1784569747902,8,331.165208092044,513.88017448506,333.482,514.329
1784569748002,8,331.419994908978,513.825559146076,333.874,514.21
1784569748102,8,331.667403107926,513.775444040267,334.266,514.092
1784569748202,8,331.907140400013,513.730020843492,334.657,513.973
1784569748302,8,332.138920294057,513.689464192802,335.049,513.854
1784569748402,8,332.362462159427,513.653936818187,335.441,513.736
1784569748502,8,332.577490141804,513.623585655098,335.833,513.617
1784569748602,8,332.783732116354,513.598543210212,336.224,513.498
1784569748702,8,332.98091946495,513.578927220799,336.616,513.38
1784569748802,8,333.16878978605,513.564836043105,337.008,513.261
1784569748902,8,333.347088913295,513.556347374611,337.4,513.142
1784569749002,8,333.515571129373,513.55351756912,337.791,513.024
1784569749102,8,333.674000911067,513.556381844827,338.183,512.905
1784569749202,8,333.822155023041,513.564957237725,338.575,512.786
1784569749302,8,333.959825513129,513.579249006921,338.966,512.668
1784569749402,8,334.086820601709,513.599252508567,339.358,512.549
1784569749502,8,334.202965407773,513.624954722135,339.75,512.43
1784569749602,8,334.308101796015,513.65633455505,340.142,512.312
1784569749702,8,334.402088474012,513.693362722361,340.533,512.193
1784569749802,8,334.48480249996,513.736002463272,340.925,512.074
1784569749902,8,334.556143744586,513.784212821647,341.317,511.956
1784569750002,8,334.61603629188,513.837949309837,341.709,511.837
1784569750102,8,334.664428791014,513.897163682971,342.1,511.718
1784569750202,8,334.701295559051,513.961803687329,342.492,511.6
1784569750302,8,334.726638110201,514.031812692803,342.884,511.481
1784569750402,8,334.740487536166,514.107129029677,343.275,511.362
1784569750502,8,334.742905890248,514.187685570812,343.667,511.244
1784569750602,8,334.73398678059,514.273408990848,344.059,511.125
1784569750702,8,334.713857257022,514.364217836794,344.451,511.006
1784569750802,8,334.682679269112,514.460021740926,344.784,510.917
1784569750902,8,334.640650021789,514.560721041619,344.288,511.247
1784569751002,8,334.588002071195,514.666206526899,343.792,511.577
1784569751102,8,334.52500330142,514.776359011218,343.296,511.907
1784569751202,8,334.451956270283,514.891048863746,342.8,512.237
1784569751302,8,334.369195394475,515.01013558112,342.303,512.566
1784569751402,8,334.277085821027,515.133467819644,341.807,512.896
1784569751502,8,334.176022847581,515.260886390314,341.311,513.226
1784569751602,8,334.06642921031,515.392229936131,340.815,513.556
1784569751702,8,333.948754409186,515.527336707064,340.319,513.886
1784569751802,8,333.823474145025,515.666044284633,339.823,514.215
1784569751902,8,333.691089268144,515.808189277781,339.327,514.545
1784569752002,8,333.552121323279,515.953606674773,338.831,514.875
1784569752102,8,333.407110730338,516.102129127157,338.334,515.205
1784569752202,8,333.256614789403,516.253586181916,337.838,515.535
1784569752302,8,333.101206347286,516.407803673476,337.342,515.864
1784569752402,8,332.941471222308,516.564603882262,336.846,516.194
1784569752502,8,332.77800662895,516.72380816649,336.35,516.524
1784569752602,8,332.61142047815,516.885237720692,335.854,516.854
1784569752702,8,332.442331512544,517.048715446804,335.358,517.184
1784569752802,8,332.271368509419,517.214065852682,334.862,517.513
1784569752902,8,332.099167542979,517.381114696936,334.366,517.843
1784569753002,8,331.926368143656,517.549690461672,333.869,518.173
1784569753102,8,331.753611658376,517.71962749829,333.373,518.503
1784569753202,8,331.581537651966,517.890770204964,332.877,518.833
1784569753302,8,331.410782085613,518.062973533511,332.381,519.162
1784569753402,8,331.241973519669,518.236103168843,331.885,519.492
1784569753502,8,331.075732367485,518.410035458859,331.389,519.822
1784569753602,8,330.912669461469,518.584657390858,330.893,520.152
1784569753702,8,330.753384284444,518.759868401049,330.397,520.482
1784569753802,8,330.598465032755,518.935584527928,329.9,520.812
1784569753902,8,330.448487982426,519.111754852813,329.404,521.141
1784569754002,8,330.304015005053,519.288359960013,328.908,521.471
1784569754102,8,330.165592653799,519.465390979717,328.412,521.801
1784569754202,8,330.033752577641,519.642849397369,327.916,522.131
1784569754302,8,329.909011017279,519.820760878675,327.42,522.461
1784569754402,8,329.79186467838,519.99914801359,326.924,522.79
1784569754502,8,329.682790127167,520.178029483308,326.428,523.12
1784569754602,8,329.582243430354,520.357441350851,325.932,523.45
1784569754702,8,329.490656694055,520.537402304435,325.435,523.78
1784569754802,8,329.408436481636,520.717896643593,324.939,524.11
1784569754902,8,329.335964832518,520.898881386206,324.443,524.439
1784569755002,8,329.273599567474,521.080290656184,323.947,524.769
1784569755102,8,329.221673347899,521.262025142206,323.451,525.099
1784569755202,8,329.180492940261,521.443962685529,322.955,525.429
1784569755302,8,329.150336432371,521.625957191195,322.459,525.759
1784569755402,8,329.131448733985,521.807821563982,321.963,526.088
1784569755502,8,329.124037171474,521.989328697625,321.466,526.418
1784569755602,8,329.128270295407,522.17023397467,320.97,526.748
1784569755702,8,329.144277256951,522.350279635346,320.474,527.078
1784569755802,8,329.17214714449,522.529194606935,319.978,527.408
1784569755902,8,329.211926907966,522.706693886576,320.172,527.516
1784569756002,8,329.263620990097,522.882483572353,320.649,527.532
1784569756102,8,329.327192782984,523.056287432737,321.127,527.549
1784569756202,8,329.40256707023,523.227863732687,321.604,527.566
1784569756302,8,329.489630933892,523.396992645829,322.082,527.582
1784569756402,8,329.58823577636,523.563471003965,322.56,527.599
1784569756502,8,329.698197797547,523.727108274569,323.037,527.616
1784569756602,8,329.819298689763,523.887720689851,323.515,527.632
1784569756702,8,329.951285843847,524.045129338132,323.993,527.649
1784569756802,8,330.093874276841,524.199159840587,324.47,527.666
1784569756902,8,330.246750012338,524.349646143964,324.948,527.682
1784569757002,8,330.409573196981,524.496442316307,325.425,527.699
1784569757102,8,330.581981619048,524.639427798011,325.903,527.716
1784569757202,8,330.763592060605,524.7785068274,326.381,527.732
1784569757302,8,330.954000005678,524.913607591029,326.858,527.749
1784569757402,8,331.152779187916,525.044681569777,327.336,527.766
1784569757502,8,331.359481647688,525.171702907329,327.813,527.782
1784569757602,8,331.573640762415,525.294667226024,328.291,527.799
1784569757702,8,331.794776962908,525.413588740691,328.769,527.816
1784569757802,8,332.022398700473,525.528500534264,329.246,527.832
1784569757902,8,332.256001638796,525.639458277742,329.724,527.849
1784569758002,8,332.495067615822,525.74653543467,330.202,527.866
1784569758102,8,332.739064661918,525.849821307943,330.679,527.882
1784569758202,8,332.987450327405,525.949420552745,331.157,527.899
1784569758302,8,333.239671849061,526.045443487732,331.634,527.916
1784569758402,8,333.495165848945,526.137967027562,332.112,527.932
1784569758502,8,333.753357605284,526.227014405006,332.59,527.949
1784569758602,8,334.013659919948,526.312538677023,333.067,527.966
1784569758702,8,334.275472539565,526.394424068699,333.545,527.982
1784569758802,8,334.53818450552,526.472510122259,334.022,527.999
1784569758902,8,334.801178655008,526.546619114131,334.5,528.016
1784569759002,8,335.063834982033,526.616597450943,334.978,528.032
1784569759102,8,335.325530400119,526.682324249579,335.455,528.049
1784569759202,8,335.585637954461,526.743708161373,335.933,528.066
1784569759302,8,335.843525708325,526.800681660561,336.411,528.082
1784569759402,8,336.098555786479,526.853181989308,336.888,528.099
1784569759502,8,336.350084635622,526.901145423934,337.366,528.116
1784569759602,8,336.597464015064,526.944503928635,337.843,528.132
1784569759702,8,336.84004127347,526.983186523029,338.321,528.149
1784569759802,8,337.07716152733,527.017128791813,338.799,528.166
1784569759902,8,337.308175739104,527.046276048682,339.276,528.182
1784569760002,8,337.53244389279,527.070583421834,339.754,528.199
1784569760102,8,337.74933806149,527.09001657649,340.232,528.216
1784569760202,8,337.958245782599,527.104556165797,340.709,528.232
1784569760302,8,338.158570760068,527.114203111674,341.187,528.249
1784569760402,8,338.349734817341,527.118977962341,341.664,528.266
1784569760502,8,338.53117789158,527.118914038519,342.142,528.282
1784569760602,8,338.702357967289,527.114055708872,342.62,528.299
1784569760702,8,338.862750596339,527.104455014295,343.097,528.316
1784569760802,8,339.011849810434,527.090158185551,343.575,528.332
1784569760902,8,339.149172645536,527.07120593212,344.052,528.349
1784569761002,8,339.274263088725,527.047648093406,344.53,528.366
1784569761102,8,339.386692691554,527.019548140507,345.008,528.382
1784569761202,8,339.486062009583,526.986984936683,345.485,528.399
1784569761302,8,339.572004225558,526.950054126321,345.963,528.416
1784569761402,8,339.644187182206,526.908871772349,346.441,528.432
1784569761502,8,339.702313687302,526.863573102988,346.918,528.449
1784569761602,8,339.746122363544,526.814303488336,347.396,528.466
1784569761702,8,339.775391422975,526.761216646661,347.873,528.482
1784569761802,8,339.78994034993,526.704475367864,348.351,528.499
1784569761902,8,339.789630683433,526.644249952301,348.829,528.515
1784569762002,8,339.774369088117,526.580720777284,349.306,528.532
1784569762102,8,339.74410977578,526.514080052443,349.784,528.549
1784569762202,8,339.698854759129,526.444531842703,349.261,528.366
1784569762302,8,339.638652962457,526.372290513272,348.668,528.17
1784569762402,8,339.563600171593,526.297580332391,348.075,527.973
1784569762502,8,339.473838499952,526.220634763756,347.482,527.776
1784569762602,8,339.369553534102,526.141696282282,346.889,527.58
1784569762702,8,339.250973822624,526.06101518959,346.296,527.383
1784569762802,8,339.118369941302,525.978847820798,345.703,527.187
1784569762902,8,338.972049970037,525.895456292725,345.111,526.99
1784569763002,8,338.81235770065,525.811108177185,344.518,526.794
1784569763102,8,338.639671885418,525.726076253968,343.925,526.597
1784569763202,8,338.454404301481,525.640636973932,343.332,526.4
1784569763302,8,338.256996855112,525.555065469088,342.739,526.204
1784569763402,8,338.047918935037,525.469634638854,342.146,526.007
1784569763502,8,337.82766556907,525.384615550743,341.553,525.811
1784569763602,8,337.596753199891,525.300277012309,340.96,525.614
1784569763702,8,337.35571938847,525.216882892498,340.367,525.418
1784569763802,8,337.105123428007,525.134692549539,339.774,525.221
1784569763902,8,336.845545245873,525.053960927045,339.181,525.024
1784569764002,8,336.577578480093,524.974938157411,338.588,524.828
1784569764102,8,336.30182279055,524.897870098836,337.996,524.631
1784569764202,8,336.01888248973,524.822998662026,337.403,524.435
1784569764302,8,335.729364720693,524.750561484137,336.81,524.238
1784569764402,8,335.433879458879,524.680791413903,336.217,524.042
1784569764502,8,335.133038447976,524.613916092262,335.624,523.845
1784569764602,8,334.82745485425,524.550157359759,335.031,523.648
1784569764702,8,334.517742364248,524.489731569566,334.438,523.452
1784569764802,8,334.204511500572,524.432850665884,333.845,523.255
1784569764902,8,333.888369498297,524.37972271145,333.252,523.059
1784569765002,8,333.569920542963,524.33055292254,332.659,522.862
1784569765102,8,333.249762682475,524.285543917773,332.066,522.666
1784569765202,8,332.92848766045,524.244895138649,331.473,522.469
1784569765302,8,332.606680708353,524.208803159891,330.881,522.272
1784569765402,8,332.284921628894,524.177465550793,330.288,522.076
1784569765502,8,331.963784968684,524.151091196647,329.695,521.879
1784569765602,8,331.643835517659,524.129903373362,329.102,521.683
1784569765702,8,331.325626239734,524.114141731997,328.509,521.486
1784569765802,8,331.009700114093,524.104062863995,327.916,521.29
1784569765902,8,330.696588589377,524.099940375254,327.323,521.093
1784569766002,8,330.386811365158,524.102064932964,326.73,520.896
1784569766102,8,330.080877596661,524.110739047531,326.137,520.7
1784569766202,8,329.779284776449,524.126256118188,325.544,520.503
1784569766302,8,329.482510355764,524.148895156824,324.951,520.307
1784569766402,8,329.191009975922,524.178920715872,324.358,520.11
1784569766502,8,328.905217931216,524.216583425767,323.766,519.914
1784569766602,8,328.625547577938,524.262122430499,323.173,519.717
1784569766702,8,328.352389283859,524.315765855254,322.58,519.52
1784569766802,8,328.086108367639,524.377728099596,321.987,519.324
1784569766902,8,327.827041118794,524.448199611508,321.394,519.127
1784569767002,8,327.575494814935,524.527341092286,321.467,519.48
1784569767102,8,327.331749013128,524.615274134772,321.607,519.888
1784569767202,8,327.096057043989,524.712087300823,321.747,520.296
1784569767302,8,326.868647232654,524.817828924664,321.888,520.705
1784569767402,8,326.649724001485,524.932506241245,322.028,521.113
1784569767502,8,326.439468884837,525.056086459567,322.168,521.521
1784569767602,8,326.23804135306,525.188500333418,322.309,521.929
1784569767702,8,326.045579745355,525.329647532536,322.449,522.338
1784569767802,8,325.86220241078,525.479415713897,322.589,522.746
1784569767902,8,325.688009205474,525.637680082791,322.73,523.154
1784569768002,8,325.523081955292,525.804288588992,322.87,523.563
1784569768102,8,325.367484770186,525.979075509542,323.01,523.971
1784569768202,8,325.221260636531,526.161867057541,323.151,524.379
1784569768302,8,325.084430866343,526.352484002823,323.291,524.787
1784569768402,8,324.956994628342,526.550741620848,323.431,525.196
1784569768502,8,324.838927356946,526.756446704,323.572,525.604
1784569768602,8,324.730179821956,526.969388247866,323.712,526.012
1784569768702,8,324.63068006396,527.189334381746,323.852,526.42
1784569768802,8,324.540335099138,527.416031341511,323.993,526.829
1784569768902,8,324.459030835311,527.649203954713,324.133,527.237
1784569769002,8,324.386633320236,527.888560637481,324.273,527.645
1784569769102,8,324.322988985562,528.133794222853,324.414,528.053
1784569769202,8,324.267923338878,528.384581908091,324.554,528.462
1784569769302,8,324.221242095091,528.64059079659,324.694,528.87
1784569769402,8,324.18273619146,528.90148918734,324.834,529.278
1784569769502,8,324.152182610486,529.16694857826,324.975,529.686
1784569769602,8,324.129345199119,529.43664294342,325.115,530.095
1784569769702,8,324.113974811312,529.710249137369,325.255,530.503
1784569769802,8,324.105808563664,529.987444953542,325.396,530.911
1784569769902,8,324.104569855713,530.267902742139,325.536,531.32
1784569770002,8,324.109968438338,530.551284720215,325.676,531.728
1784569770102,8,324.121698752201,530.837243488499,325.817,532.136
1784569770202,8,324.139442377327,531.125421440535,325.957,532.544
1784569770302,8,324.162871383348,531.415449990617,326.097,532.953
1784569770402,8,324.191649689093,531.706958543449,326.238,533.361
1784569770502,8,324.225433806802,531.999611617064,326.378,533.769
1784569770602,8,324.263875316983,532.293118234655,326.518,534.177
1784569770702,8,324.306621362681,532.587229285685,326.659,534.586
1784569770802,8,324.353314593245,532.881732049274,326.799,534.994
1784569770902,8,324.403592582321,533.176430326366,326.939,535.402
1784569771002,8,324.457084231721,533.471124270226,327.08,535.81
1784569771102,8,324.513409166181,533.765605321715,327.22,536.219
1784569771202,8,324.572179843102,534.059658874057,327.36,536.627
1784569771302,8,324.633003158281,534.353077675428,327.501,537.035
1784569771402,8,324.695480919441,534.645669007553,327.641,537.443
1784569771502,8,324.759211510433,534.937274635192,327.781,537.852
1784569771602,8,324.823791536768,535.227782340199,327.922,538.26
1784569771702,8,324.888816997008,535.517129776177,328.062,538.668
1784569771802,8,324.953884220921,535.805303965614,328.202,539.077
1784569771902,8,325.018591228754,536.092334053772,328.343,539.485
1784569772002,8,325.082538894932,536.378266393898,328.483,539.893
1784569772102,8,325.14533425446,536.663154326289,328.623,540.301
1784569772202,8,325.206594642982,536.947047883206,328.764,540.71
1784569772302,8,325.265951249871,537.230001410581,328.904,541.118
1784569772402,8,325.323048540699,537.51207336841,329.044,541.526
1784569772502,8,325.377543325306,537.793317583429,329.185,541.934
1784569772602,8,325.429103393868,538.073780466047,329.325,542.343
1784569772702,8,325.4774082987,538.353501262146,329.465,542.751
1784569772802,8,325.522149235577,538.632511984039,329.606,543.159
1784569772902,8,325.56302920847,538.91083950868,329.746,543.567
1784569773002,8,325.599764621834,539.188505123275,329.886,543.976
1784569773102,8,325.632085102893,539.46552072042,330.027,544.384
1784569773202,8,325.659731584113,539.741877492812,330.167,544.792
1784569773302,8,325.682455713708,540.017542139765,330.307,545.2
1784569773402,8,325.700019729036,540.292456308656,330.448,545.609
1784569773502,8,325.71219701389,540.56653853799,330.588,546.017
1784569773602,8,325.71877480247,540.839688404489,330.728,546.425
1784569773702,8,325.719555333195,541.111799915836,330.869,546.834
1784569773802,8,325.714357095705,541.382767545926,331.009,547.242
1784569773902,8,325.703019373475,541.652501071467,330.961,547.494
1784569774002,8,325.6854033671,541.920933053177,330.65,547.528
1784569774102,8,325.661390750288,542.188011310696,330.34,547.562
1784569774202,8,325.630879320415,542.453675098515,330.029,547.596
1784569774302,8,325.593784759118,542.717869759252,329.718,547.63
1784569774402,8,325.550036546436,542.980526151797,329.407,547.664
1784569774502,8,325.499572207368,543.241552172401,329.096,547.698
1784569774602,8,325.442338516192,543.500840757555,328.785,547.732
1784569774702,8,325.378298425663,543.758295386423,328.474,547.766
1784569774802,8,325.307424036891,544.013805178802,328.163,547.8
1784569774902,8,325.229692249453,544.267235601697,327.852,547.834
1784569775002,8,325.145084488507,544.518427272777,327.541,547.868
1784569775102,8,325.053586895221,544.767193840093,327.23,547.902
1784569775202,8,324.955190028618,545.013317069912,326.92,547.936
1784569775302,8,324.849888706639,545.256551487471,326.609,547.97
1784569775402,8,324.737680808899,545.496650188547,326.298,548.004
1784569775502,8,324.618567354939,545.733371714166,325.987,548.038
1784569775602,8,324.492553028906,545.966484013335,325.676,548.072
1784569775702,8,324.359646737177,546.195764606805,325.365,548.106
1784569775802,8,324.219863462404,546.421005515832,325.054,548.14
1784569775902,8,324.073229943112,546.642036268675,324.743,548.174
1784569776002,8,323.919785571285,546.858726727966,324.432,548.208
1784569776102,8,323.75957905011,547.070979641807,324.121,548.242
1784569776202,8,323.592668261169,547.278733905839,323.81,548.276
1784569776302,8,323.419120666391,547.481956263348,323.5,548.31
1784569776402,8,323.239013322066,547.680634625535,323.189,548.344
1784569776502,8,323.052432548374,547.874774788751,322.878,548.378
1784569776602,8,322.859470907491,548.064393752371,322.567,548.412
1784569776702,8,322.660226334683,548.249517140375,322.256,548.446
1784569776802,8,322.454799431107,548.430177387629,321.945,548.479
1784569776902,8,322.243291462476,548.606412804202,321.634,548.513
1784569777002,8,322.025804184592,548.778267402104,321.323,548.547
1784569777102,8,321.802439894603,548.945790323561,321.012,548.581
1784569777202,8,321.573300909185,549.109035340509,320.701,548.615
1784569777302,8,321.338490074033,549.268061495186,320.39,548.649
1784569777402,8,321.0981113995,549.422933817862,320.08,548.683
1784569777502,8,320.852269026273,549.573722881877,319.769,548.717
1784569777602,8,320.601065310317,549.720503986698,319.458,548.751
1784569777702,8,320.344599956004,549.863355730821,319.147,548.785
1784569777802,8,320.08297046413,550.002357823215,318.836,548.819
1784569777902,8,319.816272765852,550.137589909617,318.525,548.853
1784569778002,8,319.544600742294,550.269130704217,318.214,548.887
1784569778102,8,319.268045332997,550.397058774442,317.903,548.921
1784569778202,8,318.986695096163,550.52145231777,317.592,548.955
1784569778302,8,318.700636206886,550.642388391483,317.281,548.989
1784569778402,8,318.409951925442,550.759941645771,316.971,549.023
1784569778502,8,318.114721925473,550.874183586394,316.66,549.057
1784569778602,8,317.815022886281,550.985182024245,316.349,549.091
1784569778702,8,317.510928519795,551.093001626915,316.038,549.125
1784569778802,8,317.202509962897,551.197707744866,315.727,549.159
1784569778902,8,316.889834515679,551.299366993193,315.416,549.193
1784569779002,8,316.572966404883,551.398046760986,315.105,549.227
1784569779102,8,316.251967843845,551.493814463017,314.794,549.261
1784569779202,8,315.926898811741,551.586735987906,314.483,549.295
1784569779302,8,315.597817213259,551.676877180256,314.172,549.329
1784569779402,8,315.264780153399,551.764312217232,313.861,549.363
1784569779502,8,314.927844903393,551.849122733027,313.551,549.397
1784569779602,8,314.587067436073,551.931389339834,313.24,549.431
1784569779702,8,314.242500336373,552.011196201286,312.929,549.465
1784569779802,8,313.89419286064,552.088622866137,312.618,549.499
1784569779902,8,313.542192549916,552.163743893513,312.307,549.533
1784569780002,8,313.186548029738,552.236642257544,311.996,549.567
1784569780102,8,312.827312280724,552.307425927002,311.685,549.601
1784569780202,8,312.46454465749,552.37623341277,311.374,549.635
1784569780302,8,312.098311868646,552.443233436748,311.063,549.669
1784569780402,8,311.728685371467,552.508616849365,310.752,549.702
1784569780502,8,311.355736241291,552.572574478011,310.441,549.736
1784569780602,8,310.979534202001,552.635291427337,310.131,549.77
1784569780702,8,310.600146449245,552.696946434287,309.82,549.804
1784569780802,8,310.217636946046,552.757712113981,309.509,549.838
1784569780902,8,309.832066106977,552.817758303419,309.198,549.872
1784569781002,8,309.443490272875,552.877257776368,308.887,549.906
1784569781102,8,309.05196177108,552.936390949764,308.576,549.94
1784569781202,8,308.657530734814,552.995348277538,308.265,549.974
1784569781302,8,308.260248265233,553.05433042892,307.954,550.008
1784569781402,8,307.860168328869,553.113548012125,307.643,550.042
1784569781502,8,307.45734849219,553.17321833895,307.332,550.076
1784569781602,8,307.051850665803,553.233553306727,307.021,550.11
1784569781702,8,306.643739402309,553.294756945664,306.711,550.144
1784569781802,8,306.233082038068,553.357028278617,306.4,550.178
1784569781902,8,305.819949761852,553.420561439867,306.089,550.212
1784569782002,8,305.40441838213,553.48554424327,305.778,550.246
1784569782102,8,304.986566864072,553.55215864411,305.467,550.28
1784569782202,8,304.566475963805,553.620579295753,305.156,550.314
1784569782302,8,304.144231993552,553.690973410214,304.845,550.348
1784569782402,8,303.719925972206,553.763502648959,304.534,550.382
1784569782502,8,303.293653653194,553.838323347375,304.223,550.416
1784569782602,8,302.865514797407,553.915586176464,303.912,550.45
1784569782702,8,302.435614178831,553.995436393063,303.601,550.484
1784569782802,8,302.004063498548,554.078014998463,303.291,550.518
1784569782902,8,301.570983184229,554.163455401403,302.98,550.552
1784569783002,8,301.136503328985,554.251882139727,302.669,550.586
1784569783102,8,300.700764312808,554.343413231348,302.358,550.62
1784569783202,8,300.263917527145,554.438170765262,302.047,550.654
1784569783302,8,299.826126450217,554.536283224962,301.736,550.688
1784569783402,8,299.387566407275,554.637885045138,301.425,550.722
1784569783502,8,298.948424018901,554.743116681485,301.042,550.902
1784569783602,8,298.50889794172,554.852125474521,300.585,551.232
1784569783702,8,298.069197801319,554.965060792017,300.129,551.562
1784569783802,8,297.629544982635,555.08206559298,299.672,551.892
1784569783902,8,297.190172843845,555.203275898854,299.215,552.222
1784569784002,8,296.751324141257,555.328826199145,298.759,552.552
1784569784102,8,296.313246106226,555.458843782356,298.302,552.882
1784569784202,8,295.876189797217,555.593438848704,297.845,553.212
1784569784302,8,295.440411370892,555.732703087565,297.388,553.542
1784569784402,8,295.006172036761,555.876709374441,296.932,553.872
1784569784502,8,294.573738376475,556.025510977923,296.475,554.202
1784569784602,8,294.143381716207,556.179140335759,296.018,554.532
1784569784702,8,293.715374497486,556.337608218141,295.562,554.862
1784569784802,8,293.289990169932,556.500903625971,295.105,555.192
1784569784902,8,292.86750281387,556.668995508815,294.648,555.522
1784569785002,8,292.448185061306,556.841832615411,294.192,555.852
1784569785102,8,292.032309138867,557.019342758337,293.735,556.182
1784569785202,8,291.62014883214,557.20143263609,293.278,556.512
1784569785302,8,291.211980338149,557.387989709126,292.822,556.842
1784569785402,8,290.808081649698,557.57888550051,292.365,557.172
1784569785502,8,290.408739235658,557.773977486366,291.908,557.502
1784569785602,8,290.01424526254,557.9731138122,291.452,557.832
1784569785702,8,289.624895383511,558.176128914706,290.995,558.162
1784569785802,8,289.240987743673,558.382843416672,290.538,558.492
1784569785902,8,288.862818226638,558.593063746036,290.081,558.822
1784569786002,8,288.490679441377,558.806581167909,289.625,559.152
1784569786102,8,288.124862109673,559.023170943595,289.168,559.482
1784569786202,8,287.765656897913,559.242592433483,288.711,559.812
1784569786302,8,287.413356201492,559.464591580368,288.255,560.142
1784569786402,8,287.068255667545,559.688905268584,287.798,560.472
1784569786502,8,286.730655467103,559.91526301248,287.341,560.802
1784569786602,8,286.400859108843,560.143391965852,286.885,561.132
1784569786702,8,286.079168202528,560.373017377241,286.428,561.462
1784569786802,8,285.765879945192,560.60386134609,285.971,561.792
1784569786902,8,285.461285847633,560.835641043124,285.515,562.122
1784569787002,8,285.165667758015,561.068067126116,285.058,562.452
1784569787102,8,284.879295293077,561.300841342261,284.601,562.782
1784569787202,8,284.602426443497,561.533655113607,284.144,563.112
1784569787302,8,284.3353088283,561.766189027194,283.688,563.442
1784569787402,8,284.078180708045,561.998114729845,283.231,563.772
1784569787502,8,283.831271495365,562.229097176404,282.774,564.102
1784569787602,8,283.594799919929,562.45879602358,282.318,564.432
1784569787702,8,283.368973009039,562.68687041561,281.861,564.762
1784569787802,8,283.153986558976,562.912979353848,281.404,565.092
1784569787902,8,282.950024719238,563.136781011963,280.948,565.421
1784569788002,8,282.757254861191,563.357933428878,280.491,565.751
1784569788102,8,282.575825062586,563.576094718588,280.034,566.081
1784569788202,8,282.405864492813,563.790929105991,279.578,566.411
1784569788302,8,282.247484258184,564.00213331393,279.121,566.741
1784569788402,8,282.100778197596,564.209442406677,278.664,567.071
1784569788502,8,281.965823144205,564.412629933895,278.208,567.401
1784569788602,8,281.842675815029,564.611504752653,277.751,567.731
1784569788702,8,281.731365066073,564.805884096591,277.294,568.061
1784569788802,8,281.631889049676,564.995585358595,277.028,568.317
1784569788902,8,281.544216181361,565.180429568353,277.333,568.35
1784569789002,8,281.468288471811,565.360252194418,277.638,568.383
1784569789102,8,281.404021392338,565.534894613088,277.943,568.416
1784569789202,8,281.351306339224,565.704214942322,278.248,568.45
1784569789302,8,281.310015399461,565.868091552411,278.553,568.483
1784569789402,8,281.280006445239,566.026421941311,278.857,568.516
1784569789502,8,281.261123907374,566.179124845046,279.162,568.549
1784569789602,8,281.253200996222,566.326153658909,279.467,568.582
1784569789702,8,281.256064725062,566.467511510861,279.772,568.615
1784569789802,8,281.269531408864,566.603237172014,280.077,568.648
1784569789902,8,281.293405841479,566.733399044923,280.382,568.681
1784569790002,8,281.327481230733,566.858090937191,280.687,568.715
1784569790102,8,281.371538312754,566.977430289838,280.992,568.748
1784569790202,8,281.425345196397,567.09155714948,281.297,568.781
1784569790302,8,281.488658183571,567.200629695788,281.602,568.814
1784569790402,8,281.561222787263,567.304808410983,281.907,568.847
1784569790502,8,281.642776239,567.404255568858,282.212,568.88
1784569790602,8,281.733055058441,567.499144814331,282.517,568.913
1784569790702,8,281.831790977496,567.589643584002,282.821,568.946
1784569790802,8,281.938709408487,567.675907325088,283.126,568.98
1784569790902,8,282.053531168958,567.758079822059,283.431,569.013
1784569791002,8,282.175974733883,567.836295895173,283.736,569.046
1784569791102,8,282.305757194294,567.910682656229,284.041,569.079
1784569791202,8,282.442597424893,567.981362659396,284.346,569.112
1784569791302,8,282.586216866334,568.048455137356,284.651,569.145
1784569791402,8,282.73633914833,568.112077684663,284.956,569.178
1784569791502,8,282.89268931264,568.172347288043,285.261,569.212
1784569791602,8,283.054993267392,568.229381374397,285.566,569.245
1784569791702,8,283.222977839067,568.283296407366,285.871,569.278
1784569791802,8,283.396373099339,568.33420763357,286.176,569.311
1784569791902,8,283.57491295661,568.38222927748,286.481,569.344
1784569792002,8,283.758334506933,568.427475671259,286.785,569.377
1784569792102,8,283.946377714136,568.470061372105,287.09,569.41
1784569792202,8,284.138786996523,568.51010095003,287.395,569.443
1784569792302,8,284.335312523385,568.547708823188,287.7,569.477
1784569792402,8,284.535710222589,568.582999081133,288.005,569.51
1784569792502,8,284.739741361277,568.616084708494,288.31,569.543
1784569792602,8,284.947173360821,568.64707693348,288.615,569.576
1784569792702,8,285.157780313267,568.676085428651,288.92,569.609
1784569792802,8,285.371342412465,568.70321816628,289.225,569.642
1784569792902,8,285.587645529638,568.728580696346,289.53,569.675
1784569793002,8,285.80648072323,568.752275463227,289.835,569.708
1784569793102,8,286.027644276153,568.774401578924,290.14,569.742
1784569793202,8,286.250938378217,568.795055049232,290.445,569.775
1784569793302,8,286.476170815833,568.814330013766,290.75,569.808
1784569793402,8,286.703154958602,568.832319089161,291.054,569.841
1784569793502,8,286.931710544206,568.849113695083,291.359,569.874
1784569793602,8,287.161664455854,568.864804075629,291.664,569.907
1784569793702,8,287.392851881962,568.879479219286,291.969,569.94
1784569793802,8,287.62511695699,568.893226785702,292.274,569.973
1784569793902,8,287.858313222136,568.906132893133,292.579,570.007
1784569794002,8,288.092305112835,568.918281479281,292.884,570.04
1784569794102,8,288.326968687671,568.929754549427,293.189,570.073
1784569794202,8,288.562192039274,568.94063380861,293.494,570.106
1784569794302,8,288.797874532379,568.951000971203,293.799,570.139
1784569794402,8,289.033925877682,568.960939250817,294.104,570.172
1784569794502,8,289.270265596806,568.970533311596,294.409,570.205
1784569794602,8,289.506822715068,568.979865804952,294.714,570.238
1784569794702,8,289.743535401425,568.98900982702,295.018,570.272
1784569794802,8,289.980352141184,568.998026779487,295.323,570.305
1784569794902,8,290.217231615541,569.006966239022,295.628,570.338
1784569795002,8,290.454143263042,569.015865913964,295.933,570.371
1784569795102,8,290.691066782691,569.024751295419,296.238,570.404
1784569735202,9,585.61702937839,718.848352408561,577.241,716.13
1784569735302,9,585.991462449737,718.795183228789,577.847,716.1
1784569735402,9,586.368188451346,718.74169943163,578.452,716.07
1784569735502,9,586.747162699545,718.687924892742,579.058,716.04
1784569735602,9,587.128317455866,718.633895063402,579.663,716.011
1784569735702,9,587.51156194141,718.579656585986,580.269,715.981
1784569735802,9,587.896785771539,718.525267040263,580.874,715.951
1784569735902,9,588.283861693844,718.470794116322,581.48,715.921
1784569736002,9,588.672645507021,718.416316704798,582.085,715.891
1784569736102,9,589.062976548569,718.361924780717,582.691,715.861
1784569736202,9,589.454677503304,718.307720432593,583.296,715.831
1784569736302,9,589.847556651345,718.253818373554,583.902,715.801
1784569736402,9,590.241408068467,718.200345936082,584.507,715.772
1784569736502,9,590.636011330242,718.147442075172,585.113,715.742
1784569736602,9,591.031132613626,718.09525645104,585.718,715.712
1784569736702,9,591.426527060332,718.043949447744,586.324,715.682
1784569736802,9,591.821939591093,717.993692967856,586.929,715.652
1784569736902,9,592.21710392998,717.944673171389,587.535,715.622
1784569737002,9,592.611740320943,717.897092499925,588.14,715.592
1784569737102,9,593.00555367887,717.851170816911,588.745,715.562
1784569737202,9,593.398232798697,717.807145791235,589.351,715.533
1784569737302,9,593.789450548452,717.765273112137,589.956,715.503
1784569737402,9,594.178863136078,717.725825903999,590.562,715.473
1784569737502,9,594.566111621248,717.689088998772,591.167,715.443
1784569737602,9,594.950825526524,717.655346588761,591.773,715.413
1784569737702,9,595.332628011637,717.624876851306,592.378,715.383
1784569737802,9,595.711135616588,717.597952106275,592.984,715.353
1784569737902,9,596.085959464576,717.574840788194,593.589,715.323
1784569738002,9,596.456713691019,717.555805440645,594.195,715.294
1784569738102,9,596.823008525448,717.541107158993,594.8,715.264
1784569738202,9,597.184442719413,717.531011470225,595.406,715.234
1784569738302,9,597.540602364036,717.525787178938,596.011,715.204
1784569738402,9,597.891059611559,717.525702807969,596.617,715.174
1784569738502,9,598.235371009803,717.531025830287,597.222,715.144
1784569738602,9,598.573077551022,717.542022449133,597.828,715.114
1784569738702,9,598.903710780416,717.558956647897,598.433,715.084
1784569738802,9,599.226797460026,717.582089196041,599.039,715.055
1784569738902,9,599.541862706688,717.611674986624,599.644,715.025
1784569739002,9,599.848436562389,717.647959439707,600.25,714.995
1784569739102,9,600.146069577773,717.691171583398,600.855,714.965
1784569739202,9,600.434339747819,717.741521733013,601.461,714.935
1784569739302,9,600.712852275466,717.799201870099,602.066,714.905
1784569739402,9,600.981239246392,717.864385405758,602.672,714.875
1784569739502,9,601.239162607358,717.937225928765,603.277,714.845
1784569739602,9,601.486310920135,718.017857665873,603.883,714.816
1784569739702,9,601.722388118888,718.106400056499,604.488,714.786
1784569739802,9,601.947128143774,718.202951104396,605.094,714.756
1784569739902,9,602.160300153884,718.307584208584,605.699,714.726
1784569740002,9,602.361707854496,718.420347516572,606.305,714.696
1784569740102,9,602.551188500118,718.541263432749,606.91,714.666
1784569740202,9,602.728611953586,718.670328085936,607.087,714.845
1784569740302,9,602.893882933721,718.807510525578,606.858,715.221
1784569740402,9,603.046952714624,718.95275116944,606.629,715.597
1784569740502,9,603.187818149907,719.105962978771,606.4,715.973
1784569740602,9,603.316507666692,719.267038929379,606.171,716.349
1784569740702,9,603.433073543256,719.435854764805,605.942,716.725
1784569740802,9,603.537576143712,719.61227421022,605.713,717.101
1784569740902,9,603.630078842597,719.796150547078,605.484,717.477
1784569741002,9,603.710647537132,719.98732617071,605.255,717.853
1784569741102,9,603.779350436148,720.185632501424,605.026,718.229
1784569741202,9,603.836255617636,720.390889936913,604.797,718.605
1784569741302,9,603.881431801072,720.602907097286,604.569,718.981
1784569741402,9,603.914954717249,720.82147986875,604.34,719.357
1784569741502,9,603.936912215733,721.046389991958,604.111,719.733
1784569741602,9,603.947418758554,721.277402346799,603.882,720.109
1784569741702,9,603.946618976599,721.514263482788,603.653,720.485
1784569741802,9,603.93468139568,721.756703327973,603.424,720.861
1784569741902,9,603.911773520489,722.004445274503,603.195,721.237
1784569742002,9,603.878055660549,722.257208141748,602.966,721.613
1784569742102,9,603.833681116017,722.514706200063,602.737,721.989
1784569742202,9,603.778798104513,722.776648650229,602.508,722.365
1784569742302,9,603.713559226981,723.042737889039,602.279,722.741
1784569742402,9,603.638133270148,723.312662742743,602.05,723.117
1784569742502,9,603.552698342546,723.586102154917,601.821,723.494
1784569742602,9,603.457447638223,723.862722101722,601.592,723.87
1784569742702,9,603.352580429926,724.142180129339,601.363,724.246
1784569742802,9,603.238297056827,724.424125871646,601.134,724.622
1784569742902,9,603.114798781339,724.708199743028,600.905,724.998
1784569743002,9,602.982287957957,724.994032487437,600.676,725.374
1784569743102,9,602.840967507665,725.281247335862,600.447,725.75
1784569743202,9,602.691044610569,725.569459449878,600.218,726.126
1784569743302,9,602.532737276641,725.858275182668,599.989,726.502
1784569743402,9,602.366267666369,726.147294649962,599.76,726.878
1784569743502,9,602.191862833135,726.436110958665,599.531,727.254
1784569743602,9,602.009764196453,726.724307434977,599.302,727.63
1784569743702,9,601.820224683305,727.011463109424,599.073,728.006
1784569743802,9,601.623495451104,727.297154451211,598.844,728.382
1784569743902,9,601.419822792066,727.580955203574,598.615,728.758
1784569744002,9,601.209446591417,727.862438520845,598.386,729.134
1784569744102,9,600.992600179728,728.141177041499,598.157,729.51
1784569744202,9,600.769509375626,728.416743707204,597.928,729.886
1784569744302,9,600.540392472977,728.688711324875,597.7,730.262
1784569744402,9,600.30545911807,728.956652603832,597.471,730.638
1784569744502,9,600.064910838891,729.220139215488,597.242,731.014
1784569744602,9,599.818945579596,729.478740891119,597.013,731.39
1784569744702,9,599.567772569892,729.732025591547,596.784,731.766
1784569744802,9,599.311616990928,729.979558332968,596.555,732.142
1784569744902,9,599.05072138542,730.220899066674,596.326,732.518
1784569745002,9,598.785346349096,730.455603008994,596.097,732.894
1784569745102,9,598.51576702777,730.683223991879,595.868,733.27
1784569745202,9,598.24225893993,730.90332223343,595.639,733.646
1784569745302,9,597.965091455897,731.115467249901,595.41,734.022
1784569745402,9,597.684525984794,731.319237773022,595.181,734.398
1784569745502,9,597.400816727016,731.514221207007,594.952,734.775
1784569745602,9,597.114212528976,731.700014588429,594.723,735.151
1784569745702,9,596.824960480262,731.876228624047,594.494,735.527
1784569745802,9,596.533308208251,732.042488698243,594.265,735.903
1784569745902,9,596.239505240151,732.19843646019,594.036,736.279
1784569746002,9,595.943803979189,732.343732216765,593.807,736.655
1784569746102,9,595.646460872432,732.478055134141,593.578,737.031
1784569746202,9,595.347737097639,732.601103232047,593.349,737.407
1784569746302,9,595.047896245517,732.712593910705,593.12,737.783
1784569746402,9,594.747194895534,732.812265720323,592.891,738.159
1784569746502,9,594.445879897208,732.899878396505,592.662,738.535
1784569746602,9,594.144188606713,732.975212625149,592.433,738.911
1784569746702,9,593.842349937453,733.038071788794,592.204,739.287
1784569746802,9,593.540585584525,733.088286868971,591.975,739.663
1784569746902,9,593.23911057455,733.125718332151,591.746,740.039
1784569747002,9,592.938133087279,733.150256828441,591.522,740.138
1784569747102,9,592.637853931733,733.161823625699,591.305,739.77
1784569747202,9,592.338467527071,733.160370614198,591.087,739.402
1784569747302,9,592.040163160552,733.145879398105,590.87,739.033
1784569747402,9,591.743125782921,733.11835785194,590.653,738.665
1784569747502,9,591.447537255556,733.077838646616,590.435,738.296
1784569747602,9,591.153577402574,733.024376965997,590.218,737.928
1784569747702,9,590.861423966953,732.958049475016,590.001,737.56
1784569747802,9,590.571252731081,732.878953057405,589.784,737.191
1784569747902,9,590.283236090665,732.787204296518,589.566,736.823
1784569748002,9,589.997542968986,732.682938406795,589.349,736.455
1784569748102,9,589.714337362013,732.566305256947,589.132,736.086
1784569748202,9,589.43377840526,732.437467602218,588.915,735.718
1784569748302,9,589.156020852366,732.296600717067,588.697,735.349
1784569748402,9,588.881216388608,732.1438924828,588.48,734.981
1784569748502,9,588.609515612866,731.979542493295,588.263,734.613
1784569748602,9,588.341069279935,731.803761892354,588.045,734.244
1784569748702,9,588.076029515727,731.616773096309,587.828,733.876
1784569748802,9,587.814550655302,731.418806749605,587.611,733.508
1784569748902,9,587.556788440417,731.210100850976,587.394,733.139
1784569749002,9,587.302899303978,730.990901357918,587.176,732.771
1784569749102,9,587.053041158654,730.761462818918,586.959,732.402
1784569749202,9,586.807374127407,730.522047454623,586.742,732.034
1784569749302,9,586.566060444754,730.272922870598,586.525,731.666
1784569749402,9,586.329265298669,730.014361215365,586.307,731.297
1784569749502,9,586.097157705789,729.746639354414,586.09,730.929
1784569749602,9,585.869910602955,729.470038536796,585.873,730.561
1784569749702,9,585.647701112133,729.184843039817,585.656,730.192
1784569749802,9,585.430709118533,728.891340530576,585.438,729.824
1784569749902,9,585.219116851948,728.58982259412,585.221,729.455
1784569750002,9,585.013109590526,728.280583898725,585.004,729.087
1784569750102,9,584.812875990034,727.963920162514,584.786,728.719
1784569750202,9,584.618606237067,727.6401284828,584.569,728.35
1784569750302,9,584.430491182559,727.309507749588,584.352,727.982
1784569750402,9,584.248722588249,726.972358961321,584.135,727.614
1784569750502,9,584.073493907959,726.628985933885,583.917,727.245
1784569750602,9,583.905001137972,726.279695302858,583.7,726.877
1784569750702,9,583.743442953428,725.92479678907,583.483,726.508
1784569750802,9,583.589018762065,725.564601919981,583.266,726.14
1784569750902,9,583.441928769995,725.199422082754,583.048,725.772
1784569751002,9,583.302374680413,724.829567718813,582.831,725.403
1784569751102,9,583.17056035149,724.455349079179,582.614,725.035
1784569751202,9,583.046692351785,724.077076535705,582.396,724.667
1784569751302,9,582.930980041487,723.695061810426,582.179,724.298
1784569751402,9,582.823633875711,723.30961926642,581.962,723.93
1784569751502,9,582.72486405892,722.921065868966,581.745,723.561
1784569751602,9,582.634878997513,722.529722009331,581.527,723.193
1784569751702,9,582.55388506537,722.13591249003,581.31,722.825
1784569751802,9,582.482086037031,721.739966793464,581.093,722.456
1784569751902,9,582.419683137464,721.342216950215,580.876,722.088
1784569752002,9,582.366875377222,720.942996576933,580.658,721.72
1784569752102,9,582.323859434147,720.542637652831,580.441,721.351
1784569752202,9,582.29082787288,720.141471158177,580.224,720.983
1784569752302,9,582.267968604286,719.739828947787,580.007,720.614
1784569752402,9,582.255464518602,719.338045196657,579.789,720.246
1784569752502,9,582.253491685539,718.936456550651,579.572,719.878
1784569752602,9,582.262218430375,718.535403271482,579.355,719.509
1784569752702,9,582.281803816453,718.135229434608,579.137,719.141
1784569752802,9,582.312395470004,717.736282382025,578.92,718.772
1784569752902,9,582.354128374933,717.33891300704,578.703,718.404
1784569753002,9,582.407124557583,716.943476498133,578.486,718.036
1784569753102,9,582.471492889805,716.550333580063,578.268,717.667
1784569753202,9,582.547327872235,716.159851408964,578.051,717.299
1784569753302,9,582.6347054584,715.772401658596,577.834,716.931
1784569753402,9,582.733681223471,715.388359138017,577.617,716.562
1784569753502,9,582.844287931099,715.008098640501,577.399,716.194
1784569753602,9,582.966534331751,714.631992492915,577.182,715.825
1784569753702,9,583.100403715494,714.260411505333,576.965,715.457
1784569753802,9,583.245852626679,713.893726713787,576.747,715.089
1784569753902,9,583.402808301878,713.532310732484,576.53,714.72
1784569754002,9,583.571167432496,713.176537376478,576.487,714.345
1784569754102,9,583.750795429439,712.826779769268,577.04,713.946
1784569754202,9,583.94152701413,712.483410539792,577.593,713.548
1784569754302,9,584.143171319771,712.146799762345,578.147,713.149
1784569754402,9,584.3555163926,711.817311574419,578.7,712.75
1784569754502,9,584.578333663028,711.495303998017,579.253,712.351
1784569754602,9,584.811378647619,711.181127793452,579.807,711.953
1784569754702,9,585.054392006384,710.875128115982,580.36,711.554
1784569754802,9,585.30709897878,710.577649276272,580.913,711.155
1784569754902,9,585.569208248711,710.289036170628,581.467,710.756
1784569755002,9,585.84041117375,710.009632196847,582.02,710.358
1784569755102,9,586.120382218937,709.739779005831,582.574,709.959
1784569755202,9,586.408778102855,709.479816858502,583.127,709.56
1784569755302,9,586.70523862203,709.230082277606,583.68,709.161
1784569755402,9,587.009394421288,708.99090458784,584.234,708.763
1784569755502,9,587.320869495695,708.762603775913,584.787,708.364
1784569755602,9,587.639278011275,708.545490454903,585.34,707.965
1784569755702,9,587.964221912167,708.339866087609,585.894,707.566
1784569755802,9,588.295288029885,708.146021959552,586.447,707.168
1784569755902,9,588.632046212421,707.964238707889,587,706.769
1784569756002,9,588.974049055406,707.794786470452,587.554,706.37
1784569756102,9,589.32083702158,707.637923470128,588.107,705.971
1784569756202,9,589.671944779892,707.493894765679,588.661,705.573
1784569756302,9,590.026903211473,707.36293043393,589.214,705.174
1784569756402,9,590.385241435238,707.24524538023,589.767,704.775
1784569756502,9,590.74649283803,707.141038955716,590.321,704.377
1784569756602,9,591.110208038746,707.050495967664,590.874,703.978
1784569756702,9,591.47595662924,706.973788043064,591.427,703.579
1784569756802,9,591.843324706636,706.911074940087,591.981,703.18
1784569756902,9,592.211909959255,706.862505277261,592.534,702.782
1784569757002,9,592.581318628301,706.828217555886,593.087,702.383
1784569757102,9,592.951163467733,706.808340726883,593.641,701.984
1784569757202,9,593.321061622404,706.802994822588,594.194,701.585
1784569757302,9,593.690635961153,706.812289475351,594.748,701.187
1784569757402,9,594.059521576765,706.836319377085,595.301,700.788
1784569757502,9,594.427366033193,706.875164532632,595.854,700.389
1784569757602,9,594.793827767971,706.928894333042,596.408,699.99
1784569757702,9,595.158576126007,706.997562555221,596.961,699.592
1784569757802,9,595.521295555072,707.081202386051,597.514,699.193
1784569757902,9,595.881688289825,707.179822259332,598.068,698.794
1784569758002,9,596.239473443949,707.293404656404,598.621,698.395
1784569758102,9,596.594384419501,707.421905642223,599.174,697.997
1784569758202,9,596.946163611786,707.565254332206,599.728,697.598
1784569758302,9,597.29455835197,707.723351582224,600.281,697.199
1784569758402,9,597.639314785281,707.896066243836,600.729,697.058
1784569758502,9,597.980180714605,708.083232764695,600.842,697.728
1784569758602,9,598.316905283552,708.284650380941,600.956,698.398
1784569758702,9,598.649236600847,708.500084274406,601.07,699.067
1784569758802,9,598.976921193317,708.729269198872,601.184,699.737
1784569758902,9,599.299707108295,708.971910465391,601.298,700.407
1784569759002,9,599.617342893592,709.227686785529,601.411,701.077
1784569759102,9,599.929578372159,709.496252547432,601.525,701.747
1784569759202,9,600.236168115635,709.777243300597,601.639,702.417
1784569759302,9,600.536866834221,710.070279446564,601.753,703.086
1784569759402,9,600.831433640714,710.374965314626,601.867,703.756
1784569759502,9,601.119636658043,710.690885386421,601.98,704.426
1784569759602,9,601.401255191344,711.017601196666,602.094,705.096
1784569759702,9,601.676080952307,711.354650342038,602.208,705.766
1784569759802,9,601.943917794539,711.701542613785,602.322,706.435
1784569759902,9,602.204580539815,712.057758533368,602.436,707.105
1784569760002,9,602.457893495646,712.422752850448,602.549,707.775
1784569760102,9,602.703688863893,712.795962841806,602.663,708.445
1784569760202,9,602.941800674414,713.176816287359,602.777,709.115
1784569760302,9,603.172044858855,713.564738800786,602.891,709.785
1784569760402,9,603.394221134589,713.959150992816,603.004,710.454
1784569760502,9,603.608116873032,714.35947637327,603.118,711.124
1784569760602,9,603.81351759965,714.765144135855,603.232,711.794
1784569760702,9,604.010208898071,715.175590585989,603.346,712.464
1784569760802,9,604.197975575467,715.590259568864,603.46,713.134
1784569760902,9,604.376600941231,716.008606472779,603.573,713.803
1784569761002,9,604.545865973115,716.430102476882,603.687,714.473
1784569761102,9,604.705548486039,716.854235332076,603.801,715.143
1784569761202,9,604.855422259526,717.280511116139,603.915,715.813
1784569761302,9,604.995255973198,717.70845393919,604.029,716.483
1784569761402,9,605.124812430771,718.137606621737,604.142,717.153
1784569761502,9,605.243846679729,718.567534292704,604.256,717.822
1784569761602,9,605.352100487424,718.99782521335,604.37,718.492
1784569761702,9,605.449301025918,719.428091195142,604.484,719.162
1784569761802,9,605.53516226207,719.857966127265,604.598,719.832
1784569761902,9,605.609389283972,720.287102685031,604.711,720.502
1784569762002,9,605.671697423609,720.715165236845,604.825,721.171
1784569762102,9,605.721826104125,721.141826567541,604.939,721.841
1784569762202,9,605.759543414872,721.566766918549,605.053,722.511
1784569762302,9,605.784646680476,721.989677003566,605.167,723.181
1784569762402,9,605.796962995649,722.410261024501,605.28,723.851
1784569762502,9,605.796349504904,722.828238250894,605.394,724.521
1784569762602,9,605.782693790306,723.243343311641,605.508,725.19
1784569762702,9,605.75591567639,723.655325837368,605.622,725.86
1784569762802,9,605.715970323692,724.063951416307,605.688,726.491
1784569762902,9,605.662849049689,724.469004088899,605.247,726.711
1784569763002,9,605.596579464421,724.870285791086,604.806,726.93
1784569763102,9,605.517224509566,725.267614906713,604.365,727.149
1784569763202,9,605.424878589727,725.660825974169,603.923,727.368
1784569763302,9,605.319666415373,726.049769246136,603.482,727.587
1784569763402,9,605.201743301478,726.434309144607,603.041,727.806
1784569763502,9,605.071295759126,726.814322440928,602.6,728.026
1784569763602,9,604.928542456377,727.189696555247,602.159,728.245
1784569763702,9,604.773734929334,727.560327317994,601.718,728.464
1784569763802,9,604.607155948688,727.926113543662,601.277,728.683
1784569763902,9,604.429110692704,728.286956130907,600.835,728.902
1784569764002,9,604.239922834636,728.642763682825,600.394,729.121
1784569764102,9,604.039930866849,728.993453630475,599.953,729.341
1784569764202,9,603.82948620125,729.338952229556,599.512,729.56
1784569764302,9,603.608953005811,729.679194486419,599.071,729.779
1784569764402,9,603.378706657928,730.014124106145,598.63,729.998
1784569764502,9,603.13913414325,730.34369378577,598.188,730.217
1784569764602,9,602.890634609453,730.66786425799,597.747,730.436
1784569764702,9,602.633618386043,730.986603563607,597.306,730.656
1784569764802,9,602.368507588399,731.299885834663,596.865,730.875
1784569764902,9,602.095737354999,731.607689306942,596.424,731.094
1784569765002,9,601.815757098262,731.909993287401,595.983,731.313
1784569765102,9,601.529030885655,732.206778282665,595.541,731.532
1784569765202,9,601.236035167107,732.498025795396,595.1,731.751
1784569765302,9,600.937259219924,732.783719908003,594.659,731.971
1784569765402,9,600.633206517781,733.063847459123,594.218,732.19
1784569765502,9,600.324394925468,733.338396919101,593.777,732.409
1784569765602,9,600.011353309134,733.607357128165,593.336,732.628
1784569765702,9,599.694622763754,733.870716702128,592.895,732.847
1784569765802,9,599.374762018589,734.128464803137,592.453,733.066
1784569765902,9,599.052348455138,734.380590731473,592.012,733.286
1784569766002,9,598.727973820962,734.627084115986,591.571,733.505
1784569766102,9,598.402243439023,734.867934438275,591.13,733.724
1784569766202,9,598.075774286194,735.103130190662,590.689,733.943
1784569766302,9,597.749195085083,735.332659749874,590.248,734.162
1784569766402,9,597.423145928087,735.55651550187,589.806,734.381
1784569766502,9,597.098279334228,735.77469403029,589.365,734.601
1784569766602,9,596.775260950325,735.987192957014,588.924,734.82
1784569766702,9,596.454765863153,736.194001487741,588.483,735.039
1784569766802,9,596.137470030164,736.395097306172,588.042,735.258
1784569766902,9,595.824042822479,736.590447284493,587.601,735.477
1784569767002,9,595.515144214798,736.780013281107,587.16,735.696
1784569767102,9,595.211425575361,736.963752913511,586.718,735.916
1784569767202,9,594.91353110965,737.141618321022,586.277,736.135
1784569767302,9,594.622095193321,737.313553905051,585.836,736.354
1784569767402,9,594.33772741475,737.479495139125,585.395,736.573
1784569767502,9,594.061009825975,737.639369045974,584.954,736.792
1784569767602,9,593.792497307546,737.79309858348,584.513,737.011
1784569767702,9,593.532715453331,737.940603591069,584.071,737.231
1784569767802,9,593.282160414275,738.081801666504,583.63,737.45
1784569767902,9,593.041297614313,738.216608367133,583.189,737.669
1784569768002,9,592.81056109805,738.344938951292,582.748,737.888
1784569768102,9,592.590352205534,738.466710048279,582.307,738.107
1784569768202,9,592.381036746452,738.581839782204,581.866,738.326
1784569768302,9,592.182943511264,738.690246995548,581.425,738.546
1784569768402,9,591.996358719475,738.791851011845,580.983,738.765
1784569768502,9,591.821525302106,738.886572051211,580.542,738.984
1784569768602,9,591.658643775691,738.974334076274,580.101,739.203
1784569768702,9,591.507871397156,739.055066201199,579.66,739.422
1784569768802,9,591.369315774862,739.128702852988,579.219,739.641
1784569768902,9,591.243032401754,739.195184593325,578.95,739.793
1784569769002,9,591.129028996086,739.254456592875,579.448,739.644
1784569769102,9,591.027279393044,739.30646235578,579.946,739.495
1784569769202,9,590.937744400232,739.351143888751,580.444,739.346
1784569769302,9,590.860383642532,739.388449677671,580.942,739.197
1784569769402,9,590.795157547382,739.418338958456,581.44,739.048
1784569769502,9,590.742026678513,739.440784411687,581.938,738.899
1784569769602,9,590.700951806393,739.455772869463,582.436,738.75
1784569769702,9,590.671894250577,739.463305847746,582.934,738.601
1784569769802,9,590.65481746236,739.463398336074,583.432,738.452
1784569769902,9,590.649693482912,739.456078663803,583.93,738.303
1784569770002,9,590.656508018067,739.4413882561,584.428,738.154
1784569770102,9,590.675262320605,739.419381258802,584.926,738.005
1784569770202,9,590.705973823993,739.390122932339,585.424,737.856
1784569770302,9,590.7486787805,739.35368874964,585.922,737.707
1784569770402,9,590.803436851696,739.310162223249,586.419,737.558
1784569770502,9,590.870331989522,739.259634184123,586.917,737.409
1784569770602,9,590.949471660787,739.202201240909,587.415,737.26
1784569770702,9,591.040984441326,739.137963773028,587.913,737.111
1784569770802,9,591.14501776218,739.067025712476,588.411,736.962
1784569770902,9,591.261730931432,738.989494366884,588.909,736.813
1784569771002,9,591.391284660662,738.905476526084,589.407,736.664
1784569771102,9,591.533822590481,738.815069000985,589.905,736.515
1784569771202,9,591.689466476762,738.718356674397,590.403,736.366
1784569771302,9,591.858315128159,738.615413417402,590.901,736.217
1784569771402,9,592.040442100177,738.506304647413,591.399,736.068
1784569771502,9,592.235898934602,738.39108879379,591.897,735.919
1784569771602,9,592.444729611587,738.269817935766,592.395,735.77
1784569771702,9,592.666964505994,738.142537914517,592.893,735.621
1784569771802,9,592.902617019371,738.009287207043,593.391,735.472
1784569771902,9,593.151682539295,737.870097096725,593.889,735.323
1784569772002,9,593.414135907941,737.724993141675,594.387,735.174
1784569772102,9,593.689924532746,737.573999481255,594.885,735.025
1784569772202,9,593.978965725543,737.417141443642,595.383,734.876
1784569772302,9,594.281147705405,737.25444668971,595.88,734.727
1784569772402,9,594.596337666502,737.085946455706,596.378,734.578
1784569772502,9,594.924383874983,736.911675888279,596.876,734.429
1784569772602,9,595.265116929709,736.731674630942,597.374,734.28
1784569772702,9,595.618354200288,736.545987698391,597.872,734.131
1784569772802,9,595.983904182093,736.354664029407,598.37,733.982
1784569772902,9,596.361582944703,736.157748107472,598.868,733.833
1784569773002,9,596.75121694837,735.955278542028,599.366,733.684
1784569773102,9,597.152641277353,735.747288989269,599.864,733.535
1784569773202,9,597.565696611862,735.533810633591,600.362,733.386
1784569773302,9,597.990222529172,735.314879296792,600.86,733.237
1784569773402,9,598.426055960353,735.090536167362,601.358,733.088
1784569773502,9,598.873033987983,734.860823513431,601.856,732.939
1784569773602,9,599.330988619268,734.625789624062,602.354,732.79
1784569773702,9,599.799761618594,734.385477938943,602.852,732.641
1784569773802,9,600.279240380864,734.139907500899,603.35,732.492
1784569773902,9,600.769318448716,733.889091853636,603.848,732.343
1784569774002,9,601.269891038938,733.633037464199,604.346,732.194
1784569774102,9,601.780892054146,733.37172866423,604.844,732.045
1784569774202,9,602.302234773094,733.105153340367,605.341,731.896
1784569774302,9,602.833728914807,732.833345502715,605.839,731.747
1784569774402,9,603.375060940468,732.556393070588,606.337,731.598
1784569774502,9,603.925789694882,732.274438509953,606.835,731.449
1784569774602,9,604.485343427696,731.987679499018,607.333,731.3
1784569774702,9,605.053036764551,731.696361803116,607.828,731.093
1784569774802,9,605.628147870472,731.400755687823,608.318,730.819
1784569774902,9,606.209942350923,731.101148544207,608.808,730.545
1784569775002,9,606.797673860875,730.797839386457,609.298,730.272
1784569775102,9,607.39058120665,730.491132996304,609.788,729.998
1784569775202,9,607.987891059983,730.181339849073,610.279,729.724
1784569775302,9,608.588816695302,729.868777770535,610.769,729.45
1784569775402,9,609.192553571918,729.553774292705,611.259,729.177
1784569775502,9,609.79827166528,729.23666833948,611.749,728.903
1784569775602,9,610.405117198588,728.917811578928,612.239,728.629
1784569775702,9,611.012211422891,728.59756867632,612.73,728.355
1784569775802,9,611.618652354955,728.276315349308,613.22,728.082
1784569775902,9,612.223529949902,727.9544295765,613.71,727.808
1784569776002,9,612.825990431139,727.632258512529,614.2,727.534
1784569776102,9,613.425251081665,727.310111403711,614.69,727.261
1784569776202,9,614.020600738802,726.988263104595,615.18,726.987
1784569776302,9,614.611397816785,726.666963640905,615.671,726.713
1784569776402,9,615.197063648844,726.346444982413,616.161,726.439
1784569776502,9,615.777068384809,726.026932314749,616.651,726.166
1784569776602,9,616.350929986153,725.708639293556,617.141,725.892
1784569776702,9,616.918183032146,725.391775917198,617.631,725.618
1784569776802,9,617.478403268124,725.076536445837,618.122,725.345
1784569776902,9,618.031179452782,724.763097833058,618.612,725.071
1784569777002,9,618.576107055129,724.451621524847,619.102,724.797
1784569777102,9,619.112790644212,724.142254927158,619.592,724.523
1784569777202,9,619.640853302759,723.835134426257,620.082,724.25
1784569777302,9,620.159930173258,723.530393071017,620.573,723.976
1784569777402,9,620.669664136153,723.228162825963,621.063,723.702
1784569777502,9,621.169703194409,722.928573032031,621.553,723.428
1784569777602,9,621.659697215376,722.631750483195,622.043,723.155
1784569777702,9,622.139294458595,722.337818245054,622.533,722.881
1784569777802,9,622.608137896103,722.046895636436,623.024,722.607
1784569777902,9,623.065864223708,721.759098815417,623.514,722.334
1784569778002,9,623.512105062409,721.474539794404,624.004,722.06
1784569778102,9,623.946496897688,721.193327204577,624.494,721.786
1784569778202,9,624.368682991432,720.915567628189,624.984,721.512
1784569778302,9,624.778312845302,720.641366523787,625.475,721.239
1784569778402,9,625.175043067176,720.370826462661,625.965,720.965
1784569778502,9,625.558545184966,720.104043404062,626.455,720.691
1784569778602,9,625.928505841418,719.841109799695,626.945,720.417
1784569778702,9,626.284627875917,719.582108394779,627.435,720.144
1784569778802,9,626.626630304588,719.327111220766,627.926,719.87
1784569778902,9,626.954251738895,719.076180143007,628.416,719.596
1784569779002,9,627.267255430547,718.829365751346,628.906,719.323
1784569779102,9,627.565429593669,718.58670767318,629.396,719.049
1784569779202,9,627.848586089294,718.348235651231,629.886,718.775
1784569779302,9,628.116559136607,718.113970682027,630.376,718.501
1784569779402,9,628.369203880153,717.883926490233,630.867,718.228
1784569779502,9,628.606396504107,717.658112351686,631.357,717.954
1784569779602,9,628.828038691573,717.436535453991,631.847,717.68
1784569779702,9,629.034058020884,717.219201247176,632.337,717.406
1784569779802,9,629.224407183082,717.006114233368,632.827,717.133
1784569779902,9,629.399063895617,716.797277948543,633.318,716.859
1784569780002,9,629.558030201999,716.592691799899,633.784,716.59
1784569780102,9,629.701333555534,716.392349790518,633.497,716.466
1784569780202,9,629.829034176836,716.196236630198,633.21,716.343
1784569780302,9,629.941226439487,716.004327456752,632.923,716.219
1784569780402,9,630.038038348915,715.816588755325,632.636,716.096
1784569780502,9,630.119631039148,715.632979253515,632.349,715.972
1784569780602,9,630.186195494155,715.453450459058,632.062,715.849
1784569780702,9,630.237940867142,715.277946163668,631.775,715.725
1784569780802,9,630.275091343305,715.106402944845,631.488,715.602
1784569780902,9,630.297885900939,714.938750987496,631.201,715.478
1784569781002,9,630.306575852076,714.774914885899,630.914,715.354
1784569781102,9,630.301415590417,714.614814333635,630.627,715.231
1784569781202,9,630.282660264128,714.458364522321,630.34,715.107
1784569781302,9,630.2505657996,714.305476799147,630.053,714.984
1784569781402,9,630.205390159867,714.156059144071,629.766,714.86
1784569781502,9,630.14739817583,714.010015621261,629.479,714.737
1784569781602,9,630.076862930139,713.867245854881,629.192,714.613
1784569781702,9,629.994065873778,713.727645711301,628.905,714.49
1784569781802,9,629.899296298313,713.591109351873,628.618,714.366
1784569781902,9,629.792849690394,713.457531790336,628.331,714.243
1784569782002,9,629.67502416474,713.32680999707,628.044,714.119
1784569782102,9,629.546120469738,713.198843679031,627.757,713.995
1784569782202,9,629.40644338571,713.073535738397,627.47,713.872
1784569782302,9,629.2562975351,712.950792869477,627.183,713.748
1784569782402,9,629.0959828711,712.830526350151,626.896,713.625
1784569782502,9,628.925800031606,712.71265105737,626.609,713.501
1784569782602,9,628.746054279751,712.597079581679,626.322,713.378
1784569782702,9,628.557056747473,712.483721166955,626.035,713.254
1784569782802,9,628.359125276011,712.372482251613,625.748,713.131
1784569782902,9,628.152583450844,712.263266999368,625.461,713.007
1784569783002,9,627.937752364687,712.155977791959,625.174,712.884
1784569783102,9,627.714941939466,712.050515635109,624.887,712.76
1784569783202,9,627.484447332873,711.946780275079,624.6,712.636
1784569783302,9,627.246549016581,711.84466925804,624.313,712.513
1784569783402,9,627.001513090405,711.744078304899,624.026,712.389
1784569783502,9,626.74959482318,711.644902767989,623.739,712.266
1784569783602,9,626.491046714182,711.547038424654,623.452,712.142
1784569783702,9,626.226120965258,711.450382629091,623.165,712.019
1784569783802,9,625.955069456921,711.354836379512,622.878,711.895
1784569783902,9,625.678145378774,711.260305370286,622.591,711.772
1784569784002,9,625.39560365636,711.166701086308,622.304,711.648
1784569784102,9,625.107701675183,711.073940454898,622.017,711.524
1784569784202,9,624.814699610169,710.981945264247,621.73,711.401
1784569784302,9,624.516858121768,710.890641764709,621.443,711.277
1784569784402,9,624.214438792536,710.799961557713,621.156,711.154
1784569784502,9,623.907705368634,710.70984147142,620.869,711.03
1784569784602,9,623.596924875337,710.620224159531,620.582,710.907
1784569784702,9,623.282368370219,710.531057774401,620.295,710.783
1784569784802,9,622.964307312631,710.442294869758,620.008,710.66
1784569784902,9,622.643003477945,710.353892066729,619.721,710.536
1784569785002,9,622.318706038922,710.26580885281,619.434,710.413
1784569785102,9,621.991652024568,710.178007799259,619.147,710.289
1784569785202,9,621.66206763926,710.090455802026,618.86,710.165
1784569785302,9,621.330169240842,710.003124566897,618.573,710.042
1784569785402,9,620.996163246608,709.915990486478,618.286,709.918
1784569785502,9,620.660246911311,709.829034683511,617.999,709.795
1784569785602,9,620.32260838361,709.742242350096,617.712,709.671
1784569785702,9,619.983427684387,709.655602208819,617.425,709.548
1784569785802,9,619.642877202135,709.569105806095,617.138,709.424
1784569785902,9,619.30112184862,709.482746665803,616.851,709.301
1784569786002,9,618.958319345199,709.396521000527,616.564,709.177
1784569786102,9,618.614619783642,709.310427045469,616.277,709.054
1784569786202,9,618.270166037954,709.224464868808,615.99,708.93
1784569786302,9,617.925093113834,709.138635830446,615.703,708.806
1784569786402,9,617.579528903124,709.052943182856,615.416,708.683
1784569786502,9,617.23359469801,708.967392587175,615.129,708.559
1784569786602,9,616.887406056941,708.881992404094,614.842,708.436
1784569786702,9,616.54107206639,708.79675364504,614.555,708.312
1784569786802,9,616.194693977758,708.711690258843,614.268,708.189
1784569786902,9,615.848363549244,708.626819258354,613.981,708.065
1784569787002,9,615.502163806108,708.5421600345,613.694,707.942
1784569787102,9,615.156169855719,708.457734482795,613.407,707.818
1784569787202,9,614.810449506628,708.373567678275,613.12,707.695
1784569787302,9,614.465063875431,708.289688774648,612.833,707.571
1784569787402,9,614.120066877243,708.206129525289,612.546,707.447
1784569787502,9,613.775505509487,708.122925222858,612.259,707.324
1784569787602,9,613.431419053392,708.040116018853,611.972,707.2
1784569787702,9,613.087837878313,707.957750121071,611.685,707.077
1784569787802,9,612.744782565287,707.875886100499,611.398,706.953
1784569787902,9,612.402262148406,707.794594630866,611.111,706.83
1784569788002,9,612.060274411618,707.713959291203,610.824,706.706
1784569788102,9,611.718806961049,707.634077374059,610.537,706.583
1784569788202,9,611.377839248,707.555059560346,610.25,706.459
1784569788302,9,611.037344307708,707.477028446817,609.963,706.335
1784569788402,9,610.697290254489,707.40011331891,609.676,706.212
1784569788502,9,610.357641477501,707.324438322669,609.389,706.088
1784569788602,9,610.018360030782,707.250119792386,609.103,705.965
1784569788702,9,609.679406553081,707.177266076772,608.816,705.841
1784569788802,9,609.340740922321,707.105977518138,608.529,705.718
1784569788902,9,609.002324150017,707.036345661339,608.242,705.594
1784569789002,9,608.664119355184,706.968452624884,607.955,705.471
1784569789102,9,608.326092637472,706.902371081277,607.668,705.347
1784569789202,9,607.988213262452,706.838163918621,607.381,705.224
1784569789302,9,607.65045446386,706.775884385998,607.094,705.1
1784569789402,9,607.31279263277,706.715576577276,606.807,704.976
1784569789502,9,606.975204261255,706.657276474604,606.52,704.853
1784569789602,9,606.637665834006,706.60101248758,606.232,704.731
1784569789702,9,606.300154454293,706.546805892871,605.906,704.709
1784569789802,9,605.962649142988,706.494671710238,605.579,704.686
1784569789902,9,605.625132093348,706.444618916259,605.253,704.664
1784569790002,9,605.287588320842,706.396649865952,604.927,704.642
1784569790102,9,604.950003213042,706.350760166385,604.6,704.619
1784569790202,9,604.612361949282,706.306938859541,604.274,704.597
1784569790302,9,604.274648930874,706.265168428913,603.948,704.574
1784569790402,9,603.936848002144,706.225424381446,603.621,704.552
1784569790502,9,603.598943799827,706.187676160496,603.295,704.53
1784569790602,9,603.260922787049,706.151887908266,602.968,704.507
1784569790702,9,602.92277227676,706.118018356048,602.642,704.485
1784569790802,9,602.584479744494,706.086019529296,602.316,704.463
1784569790902,9,602.246032972974,706.055836730913,601.989,704.44
1784569791002,9,601.907420390052,706.027408743124,601.663,704.418
1784569791102,9,601.568630956334,706.000667968868,601.337,704.396
1784569791202,9,601.229653149964,705.975540564575,601.01,704.373
1784569791302,9,600.890475400297,705.951946914351,600.684,704.351
1784569791402,9,600.551088082089,705.929802837917,600.358,704.328
1784569791502,9,600.211483986338,705.909018519392,600.031,704.306
1784569791602,9,599.87165764235,705.889497420798,599.705,704.284
1784569791702,9,599.531605692896,705.871137287207,599.379,704.261
1784569791802,9,599.191326437838,705.853830621828,599.052,704.239
1784569791902,9,598.850820591083,705.837464499716,598.726,704.217
1784569792002,9,598.510091411532,705.821920109587,598.4,704.194
1784569792102,9,598.169144583625,705.807073492524,598.073,704.172
1784569792202,9,597.827987238535,705.792795945492,597.747,704.15
1784569792302,9,597.486627639858,705.77895525524,597.421,704.127
1784569792402,9,597.145073932214,705.765421545983,597.094,704.105
1784569792502,9,596.803332025005,705.752079936979,596.768,704.082
1784569792602,9,596.461405437925,705.738834372824,596.442,704.06
1784569792702,9,596.119294938159,705.725608060186,596.115,704.038
1784569792802,9,595.776997716824,705.712344020865,595.789,704.015
1784569792902,9,595.434508464527,705.699004516767,595.462,703.993
1784569793002,9,595.091820784969,705.68556941953,595.136,703.971
1784569793102,9,594.748927979533,705.672032137071,594.81,703.948
1784569793202,9,594.405824052789,705.658396266465,594.483,703.926
1784569793302,9,594.062504369687,705.644668141124,594.157,703.903
1784569793402,9,593.718965970476,705.630853146912,593.831,703.881
1784569793502,9,593.375207118794,705.616955275082,593.504,703.859
1784569793602,9,593.031228162465,705.602977186982,593.178,703.836
1784569793702,9,592.687032004867,705.588920395929,592.852,703.814
1784569793802,9,592.342624595031,705.57478579962,592.525,703.792
1784569793902,9,591.998013827285,705.560573703982,592.199,703.769
1784569794002,9,591.653210239482,705.546283255864,591.873,703.747
1784569794102,9,591.308227972858,705.531912364748,591.546,703.725
1784569794202,9,590.96308388894,705.517457818065,591.22,703.702
1784569794302,9,590.617797581845,705.502915604518,590.894,703.68
1784569794402,9,590.272390528965,705.488282005611,590.567,703.657
1784569794502,9,589.926884386706,705.473554629521,590.241,703.635
1784569794602,9,589.581300867083,705.458734837014,589.915,703.613
1784569794702,9,589.235660711123,705.443829230762,589.588,703.59
1784569794802,9,588.889983754831,705.428849995115,589.262,703.568
1784569794902,9,588.544289993951,705.413814977602,588.936,703.546
1784569795002,9,588.198596562188,705.398746282808,588.609,703.523
1784569795102,9,587.852907099021,705.383663623105,588.283,703.501
1784569735202,10,301.796700388428,498.406851806794,300.979,491.77
1784569735302,10,301.99086546409,498.532428981106,301.263,492.187
1784569735402,10,302.186215185901,498.658789433694,301.547,492.605
1784569735502,10,302.382718643677,498.78594011331,301.831,493.023
1784569735602,10,302.580328546679,498.91388766201,302.115,493.44
1784569735702,10,302.778981361668,499.042636504443,302.399,493.858
1784569735802,10,302.978598731611,499.172183816636,302.683,494.275
1784569735902,10,303.179090578851,499.302515161651,302.967,494.693
1784569736002,10,303.380355466292,499.43360388328,303.25,495.111
1784569736102,10,303.582280950799,499.56541440336,303.534,495.528
1784569736202,10,303.784742962063,499.697908214484,303.818,495.946
1784569736302,10,303.987604856538,499.831050709541,304.102,496.363
1784569736402,10,304.190716831909,499.964812154139,304.386,496.781
1784569736502,10,304.39391887134,500.099164467725,304.67,497.199
1784569736602,10,304.597050494885,500.234070214911,304.954,497.616
1784569736702,10,304.799955254175,500.369479380227,305.238,498.034
1784569736802,10,305.002483500089,500.505329953147,305.522,498.451
1784569736902,10,305.204492934521,500.641552164879,305.806,498.869
1784569737002,10,305.405847852345,500.778069291415,306.09,499.287
1784569737102,10,305.606418099114,500.914797973636,306.374,499.704
1784569737202,10,305.806077572409,501.051648478231,306.657,500.122
1784569737302,10,306.004702513925,501.188524234281,306.941,500.54
1784569737402,10,306.20216966373,501.325320873623,307.225,500.957
1784569737502,10,306.398351979198,501.461923416485,307.509,501.375
1784569737602,10,306.593115452731,501.598201720491,307.793,501.792
1784569737702,10,306.78631846592,501.734002901113,308.077,502.21
1784569737802,10,306.977813480609,501.869126524931,308.361,502.628
1784569737902,10,307.167446784588,502.003321957193,308.645,503.045
1784569738002,10,307.355057689155,502.13630414718,308.929,503.463
1784569738102,10,307.540478072392,502.267758290101,309.213,503.88
1784569738202,10,307.723531913113,502.397340533028,309.497,504.298
1784569738302,10,307.904035605109,502.524683741482,309.781,504.716
1784569738402,10,308.081801102546,502.649409441219,310.064,505.133
1784569738502,10,308.256640476336,502.771138368525,310.348,505.551
1784569738602,10,308.428369000207,502.889492179958,310.632,505.968
1784569738702,10,308.596806207195,503.004093153182,310.916,506.386
1784569738802,10,308.761776041026,503.114563452932,311.2,506.804
1784569738902,10,308.923106067684,503.220525537745,311.484,507.221
1784569739002,10,309.080624513095,503.321604694573,311.768,507.639
1784569739102,10,309.23415308845,503.417430029644,312.052,508.057
1784569739202,10,309.383503683984,503.507633452973,312.336,508.474
1784569739302,10,309.528477650351,503.59185036777,312.62,508.892
1784569739402,10,309.668866666667,503.669721200187,312.904,509.309
1784569739502,10,309.804454388385,503.740892871615,313.188,509.727
1784569739602,10,309.935016731946,503.805018907194,313.471,510.145
1784569739702,10,310.06032172785,503.861759451404,313.755,510.562
1784569739802,10,310.180129358819,503.910781408281,314.039,510.98
1784569739902,10,310.294192214318,503.951761273426,314.323,511.397
1784569740002,10,310.402256204983,503.984391999153,314.607,511.815
1784569740102,10,310.504060028039,504.008382965679,314.891,512.233
1784569740202,10,310.599334305978,504.023455260871,315.175,512.65
1784569740302,10,310.687803822466,504.029344613307,315.459,513.068
1784569740402,10,310.769192867835,504.025796753971,315.743,513.485
1784569740502,10,310.843241613025,504.012569400138,316.027,513.903
1784569740602,10,310.909710251061,503.989447494142,316.311,514.321
1784569740702,10,310.968380073776,503.956251137332,316.595,514.738
1784569740802,10,311.019055306645,503.912837461827,316.878,515.156
1784569740902,10,311.061565094928,503.859103610479,317.162,515.574
1784569741002,10,311.095764133727,503.794989461549,317.446,515.991
1784569741102,10,311.12153407695,503.720483654525,317.73,516.409
1784569741202,10,311.13878398523,503.635625307518,317.71,516.266
1784569741302,10,311.147450056435,503.540504011334,317.481,515.738
1784569741402,10,311.147495770969,503.435257594332,317.251,515.21
1784569741502,10,311.13891179297,503.320064699547,317.021,514.682
1784569741602,10,311.121714772942,503.195133604505,316.792,514.154
1784569741702,10,311.095944400126,503.06070096262,316.562,513.626
1784569741802,10,311.061661826189,502.917032608214,316.333,513.098
1784569741902,10,311.018948662395,502.764422658763,316.103,512.569
1784569742002,10,310.967906820662,502.603188702259,315.873,512.041
1784569742102,10,310.908658249056,502.433673488941,315.644,511.513
1784569742202,10,310.84134341736,502.256244091064,315.414,510.985
1784569742302,10,310.766121156414,502.071283811558,315.185,510.457
1784569742402,10,310.683168974432,501.879189576086,314.955,509.929
1784569742502,10,310.59268340676,501.680367882868,314.726,509.4
1784569742602,10,310.494879732712,501.475233696126,314.496,508.872
1784569742702,10,310.389989337843,501.264209526246,314.266,508.344
1784569742802,10,310.27825759644,501.047728193346,314.037,507.816
1784569742902,10,310.159939758015,500.826233680289,313.807,507.288
1784569743002,10,310.035288087905,500.600178896767,313.578,506.76
1784569743102,10,309.904539519507,500.370024756986,313.348,506.232
1784569743202,10,309.767911785732,500.136240766554,313.118,505.703
1784569743302,10,309.625603040329,499.8993048526,312.889,505.175
1784569743402,10,309.477790700984,499.659701175905,312.659,504.647
1784569743502,10,309.324630148463,499.417917084626,312.43,504.119
1784569743602,10,309.166255010901,499.17444096836,312.2,503.591
1784569743702,10,309.002777172057,498.929760222915,311.97,503.063
1784569743802,10,308.834284670055,498.68436035642,311.741,502.535
1784569743902,10,308.660841712239,498.438724791568,311.511,502.006
1784569744002,10,308.48248924118,498.193334445688,311.282,501.478
1784569744102,10,308.299244468832,497.948668365863,311.052,500.95
1784569744202,10,308.111099639225,497.70520354254,310.823,500.422
1784569744302,10,307.918021918347,497.463411998593,310.593,499.894
1784569744402,10,307.719954275273,497.22375640448,310.363,499.366
1784569744502,10,307.516817316163,496.986689587378,310.134,498.838
1784569744602,10,307.308516564623,496.752655108562,309.904,498.309
1784569744702,10,307.094962593131,496.522084267863,309.675,497.781
1784569744802,10,306.876077530983,496.29538729931,309.445,497.253
1784569744902,10,306.651796064806,496.072952756766,309.215,496.725
1784569745002,10,306.422065461406,495.855150593565,308.986,496.197
1784569745102,10,306.186844339655,495.642331857849,308.756,495.669
1784569745202,10,305.946096876006,495.434831730437,308.527,495.14
1784569745302,10,305.699790694049,495.232970656231,308.297,494.612
1784569745402,10,305.447896069048,495.037053165609,308.067,494.084
1784569745502,10,305.190386380608,494.847368281742,307.838,493.556
1784569745602,10,304.927237864241,494.664189760444,307.608,493.028
1784569745702,10,304.658429512622,494.487774194213,307.379,492.5
1784569745802,10,304.3839435892,494.318360891051,307.149,491.972
1784569745902,10,304.103764975313,494.156171142226,306.92,491.443
1784569746002,10,303.817881509324,494.001401919722,306.69,490.915
1784569746102,10,303.526285015486,493.854220491159,306.46,490.387
1784569746202,10,303.228972642122,493.714763978822,306.231,489.859
1784569746302,10,302.92594906403,493.583140486863,306.001,489.331
1784569746402,10,302.61723058993,493.459431110281,305.626,489.136
1784569746502,10,302.302847350342,493.34368979897,305.104,489.276
1784569746602,10,301.982845047433,493.235944730481,304.581,489.416
1784569746702,10,301.657285419832,493.136197661326,304.059,489.556
1784569746802,10,301.326244343167,493.044423486358,303.537,489.696
1784569746902,10,300.989810292493,492.960568515961,303.015,489.837
1784569747002,10,300.648083651576,492.884550358334,302.493,489.977
1784569747102,10,300.301176982767,492.816258312051,301.971,490.117
1784569747202,10,299.949212920092,492.755554327303,301.449,490.257
1784569747302,10,299.592319040656,492.702275746303,300.927,490.397
1784569747402,10,299.230627952332,492.656236416594,300.405,490.537
1784569747502,10,298.864278616552,492.617224337351,299.883,490.677
1784569747602,10,298.493416648225,492.584989932672,299.361,490.817
1784569747702,10,298.118195480997,492.559248145545,298.839,490.957
1784569747802,10,297.738777074152,492.539672876513,298.317,491.097
1784569747902,10,297.355332797058,492.52589522069,297.795,491.237
1784569748002,10,296.968045652624,492.517505443765,297.272,491.377
1784569748102,10,296.577111322651,492.514063953295,296.75,491.518
1784569748202,10,296.182737837846,492.515117237027,296.228,491.658
1784569748302,10,295.785139891642,492.520203375953,295.706,491.798
1784569748402,10,295.384534985141,492.528852569367,295.184,491.938
1784569748502,10,294.981143674863,492.540587111106,294.662,492.078
1784569748602,10,294.57518903082,492.554921747937,294.14,492.218
1784569748702,10,294.166895831372,492.571365219787,293.618,492.358
1784569748802,10,293.756490279644,492.589420591765,293.096,492.498
1784569748902,10,293.344198731752,492.60858517773,292.574,492.638
1784569749002,10,292.930248431746,492.628350298024,292.052,492.778
1784569749102,10,292.514868781118,492.64820019291,291.53,492.918
1784569749202,10,292.09829193059,492.667610323204,291.008,493.058
1784569749302,10,291.680751665989,492.686048725842,290.486,493.199
1784569749402,10,291.262483387708,492.702983596245,289.963,493.339
1784569749502,10,290.843722626895,492.717886741189,289.441,493.479
1784569749602,10,290.424703168555,492.730233932555,288.919,493.619
1784569749702,10,290.005652066865,492.739503775753,288.397,493.759
1784569749802,10,289.586789532752,492.745173403339,287.875,493.899
1784569749902,10,289.168331365935,492.746716888113,287.353,494.039
1784569750002,10,288.750490807679,492.743603771738,286.831,494.179
1784569750102,10,288.333478887793,492.735301132131,286.309,494.319
1784569750202,10,287.91750333376,492.721277309923,285.787,494.459
1784569750302,10,287.502766903307,492.70100471889,285.265,494.599
1784569750402,10,287.089465618861,492.673958483798,284.743,494.739
1784569750502,10,286.677789156068,492.639619700504,284.221,494.88
1784569750602,10,286.26791954546,492.597480366989,283.699,495.02
1784569750702,10,285.860030139423,492.547044566931,283.177,495.16
1784569750802,10,285.454286854547,492.487828666245,282.654,495.3
1784569750902,10,285.050849680632,492.419360468387,282.132,495.44
1784569751002,10,284.649873754574,492.341175183055,281.61,495.58
1784569751102,10,284.251507652049,492.252820656101,281.088,495.72
1784569751202,10,283.855891780955,492.153881677424,280.566,495.86
1784569751302,10,283.463159557672,492.043989963141,280.044,496
1784569751402,10,283.073437374242,491.922840404944,279.522,496.14
1784569751502,10,282.686838658315,491.790200981049,279,496.28
1784569751602,10,282.3034624774,491.645914900208,278.478,496.42
1784569751702,10,281.923393137638,491.489901685198,277.956,496.561
1784569751802,10,281.546699859761,491.322157417787,277.434,496.701
1784569751902,10,281.173437018865,491.142746266323,276.912,496.841
1784569752002,10,280.803641485151,490.951765044042,276.711,496.459
1784569752102,10,280.437333113172,490.749333816873,276.511,496.077
1784569752202,10,280.07451580094,490.535592097277,276.311,495.695
1784569752302,10,279.71517880404,490.310697041754,276.111,495.313
1784569752402,10,279.359298153217,490.074818151221,275.91,494.931
1784569752502,10,279.0068378611,489.828136748517,275.71,494.549
1784569752602,10,278.657749607803,489.570847081704,275.51,494.167
1784569752702,10,278.31197273596,489.303157696807,275.31,493.785
1784569752802,10,277.969435058015,489.025293530463,275.11,493.403
1784569752902,10,277.630051865088,488.737497407306,274.91,493.021
1784569753002,10,277.293724592928,488.440040917395,274.71,492.639
1784569753102,10,276.960341126863,488.133264166185,274.509,492.257
1784569753202,10,276.629777820487,487.817576023253,274.309,491.875
1784569753302,10,276.301900042517,487.493411830936,274.109,491.493
1784569753402,10,275.976563158297,487.161221907269,273.909,491.111
1784569753502,10,275.653613969551,486.821474180584,273.709,490.729
1784569753602,10,275.332892087504,486.474652002255,273.509,490.347
1784569753702,10,275.014231181951,486.121253084131,273.308,489.965
1784569753802,10,274.697460105701,485.76178559643,273.108,489.583
1784569753902,10,274.382404085037,485.396767924315,272.908,489.201
1784569754002,10,274.068885357146,485.026728103322,272.708,488.819
1784569754102,10,273.756724490127,484.652203595489,272.508,488.437
1784569754202,10,273.445741311241,484.273739976293,272.308,488.055
1784569754302,10,273.13575424819,483.891892075841,272.107,487.673
1784569754402,10,272.826580554039,483.507219681402,271.907,487.291
1784569754502,10,272.518036987455,483.120287690521,271.707,486.909
1784569754602,10,272.209938928295,482.731667698436,271.507,486.527
1784569754702,10,271.902101822339,482.341938357702,271.307,486.145
1784569754802,10,271.594344985231,481.951684578628,271.107,485.763
1784569754902,10,271.286493815067,481.561498751076,270.906,485.381
1784569755002,10,270.978381550356,481.171983170982,270.706,485
1784569755102,10,270.669850783863,480.783747602227,270.506,484.618
1784569755202,10,270.360754786702,480.397385020477,270.306,484.236
1784569755302,10,270.050957259567,480.013472816346,270.106,483.854
1784569755402,10,269.740328587857,479.632597166833,269.906,483.472
1784569755502,10,269.428744968719,479.255349857593,269.706,483.09
1784569755602,10,269.116088291928,478.882309141768,269.505,482.708
1784569755702,10,268.802246490165,478.514030409761,269.305,482.326
1784569755802,10,268.487111952796,478.151046260082,269.105,481.944
1784569755902,10,268.170581759224,477.793858631437,268.905,481.562
1784569756002,10,267.85255501894,477.442902136461,268.705,481.18
1784569756102,10,267.532924692549,477.098548172158,268.505,480.798
1784569756202,10,267.211575375147,476.761154680283,268.304,480.416
1784569756302,10,266.888382268491,476.431067758275,268.104,480.034
1784569756402,10,266.563211984688,476.108574474562,267.904,479.652
1784569756502,10,266.235924026145,475.793889805751,267.704,479.27
1784569756602,10,265.906372311458,475.48715750567,267.504,478.888
1784569756702,10,265.574406440205,475.188451597496,267.304,478.506
1784569756802,10,265.239872136456,474.897786249902,267.103,478.124
1784569756902,10,264.902611811891,474.615150887672,266.903,477.742
1784569757002,10,264.562463247964,474.340519981194,266.703,477.36
1784569757102,10,264.219259566348,474.073850640879,266.503,476.978
1784569757202,10,263.872827970366,473.815072700499,266.303,476.596
1784569757302,10,263.522990144264,473.564102968451,266.103,476.214
1784569757402,10,263.169565085817,473.320858192286,265.902,475.832
1784569757502,10,262.812374329584,473.085261785218,265.702,475.45
1784569757602,10,262.45124742767,472.857247940649,265.502,475.068
1784569757702,10,262.086024415291,472.636763931457,265.302,474.686
1784569757802,10,261.716556676313,472.423772834415,265.102,474.304
1784569757902,10,261.342705346185,472.218252928907,264.902,473.922
1784569758002,10,260.964341937083,472.02019772357,264.701,473.54
1784569758102,10,260.58134902249,471.829615039562,264.501,473.158
1784569758202,10,260.193621564628,471.646526414105,264.301,472.776
1784569758302,10,259.801068002097,471.470967070547,264.101,472.394
1784569758402,10,259.403611381998,471.302984635323,263.901,472.012
1784569758502,10,259.001189157311,471.142638934895,263.701,471.63
1784569758602,10,258.593753794952,470.990001063835,263.501,471.248
1784569758702,10,258.181271692501,470.845153503877,263.3,470.866
1784569758802,10,257.763724335359,470.70818950521,263.1,470.484
1784569758902,10,257.341109990278,470.579208711585,262.762,470.339
1784569759002,10,256.913444664843,470.458316437243,262.244,470.501
1784569759102,10,256.480763834982,470.345623247147,261.725,470.664
1784569759202,10,256.043124413269,470.2412429651,261.207,470.827
1784569759302,10,255.600606790409,470.145292812626,260.689,470.989
1784569759402,10,255.153316976233,470.057893957799,260.171,471.152
1784569759502,10,254.701388328642,469.979171964359,259.653,471.314
1784569759602,10,254.244980833321,469.90925730079,259.135,471.477
1784569759702,10,253.78427728178,469.848286109179,258.616,471.64
1784569759802,10,253.319482484761,469.796400173443,258.098,471.802
1784569759902,10,252.850821598751,469.753734164043,257.58,471.965
1784569760002,10,252.378540639684,469.720369459141,257.062,472.128
1784569760102,10,251.902904257761,469.696318039922,256.544,472.29
1784569760202,10,251.424191227254,469.68152018218,256.026,472.453
1784569760302,10,250.94269431855,469.675845850544,255.507,472.615
1784569760402,10,250.458721323272,469.679097783705,254.989,472.778
1784569760502,10,249.972592234117,469.691023659358,254.471,472.941
1784569760602,10,249.48462407435,469.711326369699,253.953,473.103
1784569760702,10,248.995119494397,469.739668633534,253.435,473.266
1784569760802,10,248.504360301919,469.775676939809,252.917,473.429
1784569760902,10,248.012607461278,469.818942301387,252.399,473.591
1784569761002,10,247.520103071775,469.869021044926,251.88,473.754
1784569761102,10,247.027071965475,469.925438036719,251.362,473.916
1784569761202,10,246.533721219667,469.987686197388,250.844,474.079
1784569761302,10,246.040241250574,470.05522704458,250.326,474.242
1784569761402,10,245.54680823273,470.127492024158,249.808,474.404
1784569761502,10,245.05358714353,470.203890287476,249.29,474.567
1784569761602,10,244.56073358908,470.283802699269,248.771,474.73
1784569761702,10,244.068396838238,470.366594288854,248.253,474.892
1784569761802,10,243.576721849003,470.451634040877,247.735,475.055
1784569761902,10,243.085848725824,470.538298842625,247.217,475.217
1784569762002,10,242.595911026631,470.625973250961,246.699,475.38
1784569762102,10,242.107035071129,470.714049578897,246.181,475.543
1784569762202,10,241.619339675625,470.801927158297,245.662,475.705
1784569762302,10,241.132937904967,470.889012802219,245.144,475.868
1784569762402,10,240.647939343405,470.974723234931,244.626,476.031
1784569762502,10,240.164452287297,471.058490351203,244.108,476.193
1784569762602,10,239.682585688744,471.139764813906,243.59,476.356
1784569762702,10,239.202450830082,471.218016732971,243.072,476.519
1784569762802,10,238.724161203782,471.292735020084,242.553,476.681
1784569762902,10,238.247832176386,471.363427501584,242.035,476.844
1784569763002,10,237.773579819214,471.429621471672,241.517,477.006
1784569763102,10,237.301521151054,471.490865148727,240.999,477.169
1784569763202,10,236.831775337821,471.546727840291,240.481,477.332
1784569763302,10,236.364463630758,471.596799786113,239.963,477.494
1784569763402,10,235.899708981405,471.640691970891,239.444,477.657
1784569763502,10,235.43763616984,471.678036280993,238.926,477.82
1784569763602,10,234.978369988505,471.708486605032,238.408,477.982
1784569763702,10,234.522033032697,471.731720498743,237.89,478.145
1784569763802,10,234.06874506247,471.747439627462,237.372,478.307
1784569763902,10,233.618623240067,471.755369804606,236.854,478.47
1784569764002,10,233.171783874261,471.755261493543,236.336,478.633
1784569764102,10,232.728344207095,471.74689069514,235.817,478.795
1784569764202,10,232.288423012443,471.730059644987,235.299,478.958
1784569764302,10,231.852140193238,471.704597303781,234.781,479.121
1784569764402,10,231.419613393826,471.670359891007,234.291,479.188
1784569764502,10,230.990958295485,471.627232481557,233.918,478.859
1784569764602,10,230.56628983744,471.575128873902,233.545,478.53
1784569764702,10,230.145721485807,471.513988324489,233.172,478.202
1784569764802,10,229.729359559083,471.443771766976,232.799,477.873
1784569764902,10,229.317302907051,471.364460357431,232.426,477.545
1784569765002,10,228.909643995543,471.276054459116,232.052,477.216
1784569765102,10,228.506470198109,471.178572307135,231.679,476.888
1784569765202,10,228.10786473962,471.072049258371,231.306,476.559
1784569765302,10,227.713905948147,470.956535526034,230.933,476.231
1784569765402,10,227.324667842407,470.832095971068,230.56,475.902
1784569765502,10,226.940220109419,470.698810258532,230.187,475.573
1784569765602,10,226.560628243918,470.556772103795,229.814,475.245
1784569765702,10,226.185954682906,470.406088413915,229.441,474.916
1784569765802,10,225.816259365787,470.246879016722,229.067,474.588
1784569765902,10,225.451600716722,470.079275381404,228.694,474.259
1784569766002,10,225.092035801237,469.903418601694,228.321,473.931
1784569766102,10,224.737617832748,469.719458113942,227.948,473.602
1784569766202,10,224.388396834329,469.527552135542,227.575,473.274
1784569766302,10,224.044422071839,469.32786771798,227.202,472.945
1784569766402,10,223.705746779557,469.120578399852,226.829,472.616
1784569766502,10,223.372430542694,468.905863691207,226.456,472.288
1784569766602,10,223.044540612859,468.683906832107,226.082,471.959
1784569766702,10,222.722152388437,468.454891752953,225.709,471.631
1784569766802,10,222.405350233043,468.219000571119,225.336,471.302
1784569766902,10,222.094226066689,467.976414936024,224.963,470.974
1784569767002,10,221.788875866119,467.727317920498,224.59,470.645
1784569767102,10,221.4893999841,467.471896717556,224.217,470.317
1784569767202,10,221.195903802007,467.210342234896,223.844,469.988
1784569767302,10,220.908496028001,466.942849292067,223.471,469.66
1784569767402,10,220.627289295357,466.669615248497,223.098,469.331
1784569767502,10,220.352401507876,466.390836868537,222.724,469.002
1784569767602,10,220.083956572601,466.106706880079,222.351,468.674
1784569767702,10,219.82208206396,465.817415473801,221.978,468.345
1784569767802,10,219.566905320521,465.523144103525,221.605,468.017
1784569767902,10,219.318555608029,465.22406473932,221.232,467.688
1784569768002,10,219.077164841323,464.920341988979,220.859,467.36
1784569768102,10,218.842867011165,464.612136880686,220.486,467.031
1784569768202,10,218.615799593019,464.299606665332,220.113,466.703
1784569768302,10,218.396103456919,463.982904767542,219.739,466.374
1784569768402,10,218.183918460841,463.662178855954,219.366,466.045
1784569768502,10,217.979383109702,463.33757204185,218.993,465.717
1784569768602,10,217.782635534502,463.009223720403,218.62,465.388
1784569768702,10,217.593812804925,462.677270783299,218.247,465.06
1784569768802,10,217.413045455826,462.341849455189,217.874,464.731
1784569768902,10,217.240456776029,462.003098567707,217.501,464.403
1784569769002,10,217.076163821233,461.661165965164,217.128,464.074
1784569769102,10,216.920278892046,461.316215695476,216.754,463.746
1784569769202,10,216.772910471843,460.968431538036,216.381,463.417
1784569769302,10,216.634163762955,460.618021581547,216.008,463.088
1784569769402,10,216.504140597612,460.265218662853,215.635,462.76
1784569769502,10,216.382939869373,459.910270550868,215.262,462.431
1784569769602,10,216.270658115612,459.55342308743,214.889,462.103
1784569769702,10,216.167390078425,459.194910972137,214.516,461.774
1784569769802,10,216.073228375655,458.834960410137,214.143,461.446
1784569769902,10,215.988259959552,458.47379873198,213.77,461.117
1784569770002,10,215.912562995683,458.111649427432,213.396,460.789
1784569770102,10,215.846205395211,457.748743243921,213.023,460.46
1784569770202,10,215.789243497262,457.385322735375,212.65,460.132
1784569770302,10,215.741719616532,457.021642313168,212.277,459.803
1784569770402,10,215.703660261415,456.657967739321,211.904,459.474
1784569770502,10,215.675075527005,456.294577096888,212.056,459.107
1784569770602,10,215.65595722948,455.931760313111,212.3,458.733
1784569770702,10,215.64627762261,455.569815307518,212.544,458.359
1784569770802,10,215.645990296672,455.209042162812,212.789,457.985
1784569770902,10,215.6550333926,454.849729204037,213.033,457.611
1784569771002,10,215.673326959647,454.49215846843,213.277,457.237
1784569771102,10,215.700775278249,454.136609389849,213.521,456.863
1784569771202,10,215.737271358665,453.783360411547,213.765,456.489
1784569771302,10,215.782692741642,453.432690641192,214.009,456.115
1784569771402,10,215.83689997123,453.084881504214,214.253,455.741
1784569771502,10,215.899736284566,452.740217245538,214.497,455.367
1784569771602,10,215.971026970751,452.398980837209,214.741,454.993
1784569771702,10,216.050579403207,452.061449625041,214.985,454.619
1784569771802,10,216.138184582286,451.727895064277,215.229,454.245
1784569771902,10,216.23361782915,451.39858318343,215.473,453.871
1784569772002,10,216.336638538618,451.073775899769,215.717,453.497
1784569772102,10,216.446989428802,450.753733788507,215.961,453.123
1784569772202,10,216.564394842987,450.438722508408,216.205,452.749
1784569772302,10,216.688559927614,450.129015523151,216.449,452.375
1784569772402,10,216.81917069227,449.824895287706,216.693,452.001
1784569772502,10,216.955896323585,449.526653079386,216.937,451.627
1784569772602,10,217.098391567946,449.23458717141,217.181,451.253
1784569772702,10,217.246300363212,448.948999363661,217.425,450.879
1784569772802,10,217.399261318755,448.670193049442,217.669,450.505
1784569772902,10,217.556908922829,448.398468103279,217.913,450.131
1784569773002,10,217.718874068271,448.134120137801,218.157,449.757
1784569773102,10,217.884786994678,447.877440720452,218.402,449.383
1784569773202,10,218.054277744036,447.628714339863,218.646,449.009
1784569773302,10,218.22697661113,447.388216299479,218.89,448.635
1784569773402,10,218.402514212812,447.156212961164,219.134,448.261
1784569773502,10,218.580522899819,446.932962780652,219.378,447.887
1784569773602,10,218.760636995026,446.718717759864,219.622,447.512
1784569773702,10,218.942494992423,446.513726361548,219.866,447.138
1784569773802,10,219.125743310212,446.31823658676,220.11,446.764
1784569773902,10,219.310036577162,446.132496990313,220.354,446.39
1784569774002,10,219.495037237148,445.95675605881,220.598,446.016
1784569774102,10,219.680415200561,445.791261825424,220.842,445.642
1784569774202,10,219.865848963484,445.636259925683,221.086,445.268
1784569774302,10,220.051026737288,445.491992752418,221.33,444.894
1784569774402,10,220.235646032899,445.358697925253,221.574,444.52
1784569774502,10,220.419412947761,445.236608019677,221.818,444.146
1784569774602,10,220.60204087435,445.125950508429,222.062,443.772
1784569774702,10,220.783248462163,445.026945520639,222.306,443.398
1784569774802,10,220.962757117502,444.939802871812,222.55,443.024
1784569774902,10,221.140284995931,444.864718021955,222.794,442.65
1784569775002,10,221.315544031861,444.801868943413,223.038,442.276
1784569775102,10,221.488239106153,444.751415802392,223.282,441.902
1784569775202,10,221.658070733478,444.713503226346,223.526,441.528
1784569775302,10,221.82474525945,444.6882684271,223.77,441.154
1784569775402,10,221.987978404703,444.675843348844,224.015,440.78
1784569775502,10,222.147496107545,444.676354615457,224.259,440.406
1784569775602,10,222.30303484866,444.689922731462,224.503,440.032
1784569775702,10,222.45434136171,444.716659363788,224.747,439.658
1784569775802,10,222.601172680582,444.756659679128,224.991,439.284
1784569775902,10,222.74329789769,444.81000036508,225.235,438.91
1784569776002,10,222.880497220448,444.876739369413,225.479,438.536
1784569776102,10,223.012562268098,444.95691535196,225.723,438.162
1784569776202,10,223.139295748329,445.050547294032,225.967,437.788
1784569776302,10,223.260511045483,445.157634126223,226.211,437.414
1784569776402,10,223.37603244915,445.278154648876,226.455,437.04
1784569776502,10,223.485694789759,445.412068462716,226.699,436.666
1784569776602,10,223.589342897544,445.559315766266,226.943,436.292
1784569776702,10,223.686831356926,445.719816727784,227.187,435.918
1784569776802,10,223.778025671633,445.893469969803,227.431,435.544
1784569776902,10,223.862804370019,446.080147863148,227.675,435.17
1784569777002,10,223.941059150233,446.279692591709,227.919,434.796
1784569777102,10,224.012695250371,446.491916105942,228.163,434.422
1784569777202,10,224.077634516959,446.716599188286,228.14,434.601
1784569777302,10,224.135816968732,446.953489328646,227.988,435.045
1784569777402,10,224.187199734693,447.202300792513,227.836,435.488
1784569777502,10,224.231757921607,447.462714756964,227.685,435.932
1784569777602,10,224.269484021755,447.734381555017,227.533,436.375
1784569777702,10,224.300384772264,448.016919999607,227.382,436.819
1784569777802,10,224.324480136557,448.309916036585,227.23,437.262
1784569777902,10,224.341802619674,448.612923440853,227.079,437.706
1784569778002,10,224.352396258472,448.925470319542,226.927,438.149
1784569778102,10,224.356314819882,449.247060310703,226.775,438.593
1784569778202,10,224.353621187026,449.577176777253,226.624,439.036
1784569778302,10,224.344387045622,449.915283280954,226.472,439.48
1784569778402,10,224.328691746632,450.260824687206,226.321,439.924
1784569778502,10,224.306620127055,450.613230492619,226.169,440.367
1784569778602,10,224.278256854349,450.971921319828,226.018,440.811
1784569778702,10,224.243685067684,451.336313390582,225.866,441.254
1784569778802,10,224.202986269688,451.705834720325,225.715,441.698
1784569778902,10,224.156240463761,452.079930186563,225.563,442.141
1784569779002,10,224.10352768207,452.458046808579,225.411,442.585
1784569779102,10,224.044933522926,452.839593701745,225.26,443.028
1784569779202,10,223.980550723799,453.223946323242,225.108,443.472
1784569779302,10,223.910479420435,453.610443324282,224.957,443.915
1784569779402,10,223.834826750994,453.998384745985,224.805,444.359
1784569779502,10,223.753704412962,454.387036042473,224.654,444.802
1784569779602,10,223.667227832391,454.775629866508,224.502,445.246
1784569779702,10,223.575513983451,455.163374002692,224.351,445.689
1784569779802,10,223.478679027186,455.549456599502,224.199,446.133
1784569779902,10,223.376837623879,455.93305189135,224.047,446.576
1784569780002,10,223.270101084641,456.313344040569,223.896,447.02
1784569780102,10,223.158576436157,456.689534317691,223.744,447.463
1784569780202,10,223.042364442782,457.060841280601,223.593,447.907
1784569780302,10,222.921559172025,457.42649810059,223.441,448.351
1784569780402,10,222.796248063899,457.785752215803,223.29,448.794
1784569780502,10,222.666515069478,458.137864628692,223.138,449.238
1784569780602,10,222.532438521265,458.482110411184,222.986,449.681
1784569780702,10,222.394090696586,458.817778237818,222.835,450.125
1784569780802,10,222.251537956171,459.144171335453,222.683,450.568
1784569780902,10,222.104840863715,459.460608714589,222.532,451.012
1784569781002,10,221.954053246104,459.76643015188,222.38,451.455
1784569781102,10,221.799222255953,460.060990375352,222.229,451.899
1784569781202,10,221.640388194384,460.343664722231,222.077,452.342
1784569781302,10,221.477585028784,460.61385306135,221.926,452.786
1784569781402,10,221.310840955755,460.870982528422,221.774,453.229
1784569781502,10,221.140178262641,461.114509093329,221.622,453.673
1784569781602,10,220.96561388989,461.343916942976,221.471,454.116
1784569781702,10,220.78716022112,461.558717606653,221.319,454.56
1784569781802,10,220.604825815527,461.758449192748,221.168,455.003
1784569781902,10,220.418616219548,461.942675505302,221.016,455.447
1784569782002,10,220.228534815246,462.110985347998,220.865,455.89
1784569782102,10,220.034583576403,462.2629929677,220.713,456.334
1784569782202,10,219.83676315897,462.398342713473,220.561,456.777
1784569782302,10,219.635072284136,462.516713487158,220.41,457.221
1784569782402,10,219.429507573203,462.617826400265,220.258,457.665
1784569782502,10,219.220063181184,462.701446246241,220.107,458.108
1784569782602,10,219.006731890185,462.767381179267,219.955,458.552
1784569782702,10,218.789507869765,462.81548269559,219.804,458.995
1784569782802,10,218.56838855425,462.845645398204,219.652,459.439
1784569782902,10,218.343375771889,462.857806834505,219.501,459.882
1784569783002,10,218.114475620272,462.851948986321,219.349,460.326
1784569783102,10,217.881694875229,462.828103542312,219.197,460.769
1784569783202,10,217.645040898256,462.786353216345,219.046,461.213
1784569783302,10,217.40452285007,462.726831870534,218.894,461.656
1784569783402,10,217.160153286952,462.64972514097,218.743,462.1
1784569783502,10,216.911949989608,462.555267329549,218.591,462.543
1784569783602,10,216.659939528087,462.4437167088,218.34,462.542
1784569783702,10,216.404159805475,462.315325857205,218.041,462.323
1784569783802,10,216.144660908536,462.170312858342,217.741,462.104
1784569783902,10,215.881504189968,462.008855720606,217.442,461.885
1784569784002,10,215.614761704339,461.831104324725,217.142,461.666
1784569784102,10,215.344512402102,461.63722619534,216.842,461.446
1784569784202,10,215.070841847928,461.427418583447,216.543,461.227
1784569784302,10,214.793842214279,461.201909370782,216.243,461.008
1784569784402,10,214.513612527098,460.960956715658,215.944,460.789
1784569784502,10,214.230259753353,460.704844839843,215.644,460.57
1784569784602,10,213.943899608951,460.433884132154,215.344,460.351
1784569784702,10,213.654656127729,460.148413484352,215.045,460.132
1784569784802,10,213.362661458549,459.848801775822,214.745,459.912
1784569784902,10,213.068052707582,459.535449044898,214.446,459.693
1784569785002,10,212.770971317009,459.208786042274,214.146,459.474
1784569785102,10,212.47156176724,458.869268487217,213.846,459.255
1784569785202,10,212.169971311817,458.517376779798,213.547,459.036
1784569785302,10,211.866349925425,458.153618757215,213.247,458.817
1784569785402,10,211.560851699159,457.778536012851,212.948,458.597
1784569785502,10,211.253637146686,457.392706731596,212.648,458.378
1784569785602,10,210.944874041684,456.996747041422,212.349,458.159
1784569785702,10,210.634739745477,456.591300385329,212.049,457.94
1784569785802,10,210.323422018824,456.176996011525,211.749,457.721
1784569785902,10,210.011115598219,455.754440388144,211.45,457.502
1784569786002,10,209.698016851467,455.3242201318,211.15,457.283
1784569786102,10,209.384317781723,454.886905481949,210.851,457.063
1784569786202,10,209.070203574081,454.443057297203,210.551,456.844
1784569786302,10,208.755851044421,453.993230202808,210.251,456.625
1784569786402,10,208.44143186464,453.537974069282,209.952,456.406
1784569786502,10,208.127111505519,453.077835967089,209.652,456.187
1784569786602,10,207.813050168704,452.613362107787,209.353,455.968
1784569786702,10,207.499403143777,452.145099027245,209.053,455.749
1784569786802,10,207.186319058851,451.67359469219,208.753,455.529
1784569786902,10,206.873940572917,451.199399166198,208.454,455.31
1784569787002,10,206.562405121161,450.723061602512,208.154,455.091
1784569787102,10,206.25184349164,450.24513116096,207.855,454.872
1784569787202,10,205.942379784032,449.76616208584,207.555,454.653
1784569787302,10,205.634128873808,449.286727352177,207.256,454.434
1784569787402,10,205.327192766939,448.807423765612,206.956,454.215
1784569787502,10,205.021657976731,448.328872925965,206.656,453.995
1784569787602,10,204.717595887428,447.85171806428,206.357,453.776
1784569787702,10,204.41506405538,447.376622855926,206.057,453.557
1784569787802,10,204.114107622914,446.904266763773,205.758,453.338
1784569787902,10,203.814761891031,446.435339512579,205.458,453.119
1784569788002,10,203.517058343643,445.970533763069,205.158,452.9
1784569788102,10,203.22102722789,445.510515694474,204.859,452.68
1784569788202,10,202.926698991206,445.055919366642,204.559,452.461
1784569788302,10,202.634105623197,444.607346106732,204.26,452.242
1784569788402,10,202.343281884652,444.165355965276,203.96,452.023
1784569788502,10,202.0542645364,443.73046873861,203.66,451.804
1784569788602,10,201.767086435362,443.303172326379,203.361,451.585
1784569788702,10,201.481773237818,442.88392632945,203.061,451.366
1784569788802,10,201.198342353837,442.473164031574,202.762,451.146
1784569788902,10,200.916803847459,442.071293674757,202.462,450.927
1784569789002,10,200.637161769855,441.678697644342,202.163,450.708
1784569789102,10,200.359415758925,441.295732902743,201.863,450.489
1784569789202,10,200.083563516481,440.92272952549,201.563,450.27
1784569789302,10,199.809602397858,440.559990670313,201.264,450.051
1784569789402,10,199.53753070264,440.207795410841,200.964,449.832
1784569789502,10,199.26734894254,439.866398495802,200.665,449.612
1784569789602,10,198.99906072628,439.536022562578,200.365,449.393
1784569789702,10,198.732672415334,439.216856662483,200.065,449.174
1784569789802,10,198.468193994052,438.909058321218,199.766,448.955
1784569789902,10,198.205639775664,438.612754499323,199.466,448.736
1784569790002,10,197.945026586882,438.328043528745,199.167,448.517
1784569790102,10,197.686370878997,438.054995615688,198.867,448.298
1784569790202,10,197.429689028368,437.793652972893,198.567,448.078
1784569790302,10,197.174997638852,437.544029058162,198.268,447.859
1784569790402,10,196.922311510849,437.30610934206,197.968,447.64
1784569790502,10,196.67164313222,437.07985249815,197.669,447.421
1784569790602,10,196.422999873714,436.865191913447,197.369,447.202
1784569790702,10,196.17638268201,436.662049920172,197.07,446.983
1784569790802,10,195.931786831949,436.47038583482,196.77,446.763
1784569790902,10,195.689203086737,436.29019781623,196.47,446.544
1784569791002,10,195.448618845413,436.121480790463,196.171,446.325
1784569791102,10,195.210019205481,435.964213475469,195.871,446.106
1784569791202,10,194.97338778737,435.8183462796,195.572,445.887
1784569791302,10,194.738706859001,435.683796811928,195.272,445.668
1784569791402,10,194.505954808199,435.560450506979,194.972,445.449
1784569791502,10,194.275105602392,435.448161398168,194.673,445.229
1784569791602,10,194.046125785824,435.346753317076,194.373,445.01
1784569791702,10,193.818970566934,435.256023163869,194.213,445.293
1784569791802,10,193.593583816809,435.175742049547,194.077,445.666
1784569791902,10,193.369899138987,435.105655748044,193.942,446.038
1784569792002,10,193.147842358926,435.045484420427,193.806,446.411
1784569792102,10,192.92733852799,434.994920235244,193.671,446.783
1784569792202,10,192.708315202827,434.953628325678,193.535,447.155
1784569792302,10,192.490700956629,434.921253418852,193.399,447.528
1784569792402,10,192.274421113104,434.897424899057,193.264,447.9
1784569792502,10,192.059403773476,434.881756812473,193.128,448.273
1784569792602,10,191.845579691,434.873847960631,192.993,448.645
1784569792702,10,191.632878915389,434.87328428342,192.857,449.017
1784569792802,10,191.421231794339,434.879643960027,192.721,449.39
1784569792902,10,191.210572870495,434.892498362562,192.586,449.762
1784569793002,10,191.000838107031,434.911413342837,192.45,450.135
1784569793102,10,190.791960868434,434.935953666364,192.315,450.507
1784569793202,10,190.583869040675,434.965690203129,192.179,450.879
1784569793302,10,190.376482999918,435.000221241051,192.044,451.252
1784569793402,10,190.169715970565,435.039177635645,191.908,451.624
1784569793502,10,189.963477937082,435.082216990719,191.772,451.997
1784569793602,10,189.757688339288,435.129000765258,191.637,452.369
1784569793702,10,189.55227996832,435.179188391649,191.501,452.741
1784569793802,10,189.347198903623,435.232438390684,191.366,453.114
1784569793902,10,189.14240027546,435.288414213757,191.23,453.486
1784569794002,10,188.937842836862,435.346788723828,191.094,453.859
1784569794102,10,188.733485147972,435.407247587178,190.959,454.231
1784569794202,10,188.529284893941,435.469492860363,190.823,454.603
1784569794302,10,188.325196935645,435.533244259902,190.688,454.976
1784569794402,10,188.121174624511,435.598239100636,190.552,455.348
1784569794502,10,187.917175984316,435.664232134615,190.417,455.721
1784569794602,10,187.713169409414,435.730995279266,190.281,456.093
1784569794702,10,187.509135528687,435.798317303388,190.145,456.465
1784569794802,10,187.305067888881,435.866008250447,190.01,456.838
1784569794902,10,187.100972132555,435.933917959759,189.874,457.21
1784569795002,10,186.896861258398,436.001938740414,189.739,457.583
1784569795102,10,186.692745049711,436.069999355536,189.603,457.955
1784569735202,11,645.724487466701,378.243937468121,643.727,371.956
1784569735302,11,645.642288307684,378.53851395774,643.631,372.484
1784569735402,11,645.559597442742,378.834908054396,643.535,373.011
1784569735502,11,645.476445406467,379.133105900315,643.439,373.538
1784569735602,11,645.392872394068,379.433079254121,643.344,374.065
1784569735702,11,645.308909058547,379.734775175463,643.248,374.592
1784569735802,11,645.224572064323,380.038112511666,643.152,375.12
1784569735902,11,645.139864760537,380.342981633253,643.056,375.647
1784569736002,11,645.054779014249,380.649248131661,642.96,376.174
1784569736102,11,644.969297210172,380.95675479453,642.864,376.701
1784569736202,11,644.883393164555,381.265321312902,642.768,377.228
1784569736302,11,644.797032586126,381.574743172813,642.672,377.755
1784569736402,11,644.71017352856,381.884791998283,642.577,378.283
1784569736502,11,644.622766806808,382.195217509088,642.481,378.81
1784569736602,11,644.534755766767,382.505743918561,642.385,379.337
1784569736702,11,644.44607414771,382.816073521052,642.289,379.864
1784569736802,11,644.356645752355,383.125893617074,642.193,380.391
1784569736902,11,644.266384543313,383.434877107218,642.097,380.919
1784569737002,11,644.175195380966,383.742681251794,642.001,381.446
1784569737102,11,644.082974445893,384.048946265449,641.905,381.973
1784569737202,11,643.989606536243,384.353293877202,641.81,382.5
1784569737302,11,643.894954571945,384.65532589749,641.714,383.027
1784569737402,11,643.798857324026,384.954622481942,641.618,383.554
1784569737502,11,643.701132455191,385.250740455381,641.522,384.082
1784569737602,11,643.601587903205,385.543216997607,641.426,384.609
1784569737702,11,643.50003206847,385.831575581144,641.33,385.136
1784569737802,11,643.396295180825,386.115331005208,641.234,385.663
1784569737902,11,643.29023671863,386.394000989124,641.138,386.19
1784569738002,11,643.181746387037,386.667109199499,641.043,386.718
1784569738102,11,643.070744309474,386.93418467404,640.947,387.245
1784569738202,11,642.95717935983,387.19476065011,640.851,387.772
1784569738302,11,642.84101840918,387.448370974656,640.755,388.299
1784569738402,11,642.722217649097,387.69453951389,640.659,388.826
1784569738502,11,642.600716078373,387.932776623532,640.563,389.353
1784569738602,11,642.476439656429,388.16257880218,640.467,389.881
1784569738702,11,642.349316260605,388.383430797771,640.371,390.408
1784569738802,11,642.219279864971,388.594805337814,640.276,390.935
1784569738902,11,642.086265785329,388.796161402706,640.18,391.462
1784569739002,11,641.950189883675,388.98694046387,640.084,391.989
1784569739102,11,641.810943833483,389.166564845625,639.988,392.517
1784569739202,11,641.668402418856,389.33444252862,639.892,393.044
1784569739302,11,641.522451185175,389.489989110864,639.796,393.571
1784569739402,11,641.372995455557,389.632634075802,639.7,394.098
1784569739502,11,641.219962599154,389.761825395076,639.604,394.625
1784569739602,11,641.063302384753,389.877030997315,639.509,395.152
1784569739702,11,640.902982970933,389.977740532888,639.413,395.68
1784569739802,11,640.738981807578,390.063468518167,639.317,396.207
1784569739902,11,640.571280820424,390.133755276594,639.221,396.734
1784569740002,11,640.399864771538,390.188169598866,639.125,397.261
1784569740102,11,640.2247218826,390.226311535031,639.029,397.788
1784569740202,11,640.045845369465,390.247811645045,638.933,398.316
1784569740302,11,639.863233773657,390.252332969246,638.837,398.843
1784569740402,11,639.676892533974,390.239573783889,638.742,399.37
1784569740502,11,639.486832848575,390.209271079702,638.646,399.897
1784569740602,11,639.293063515031,390.16120569906,638.55,400.424
1784569740702,11,639.095589096293,390.095205506277,638.454,400.951
1784569740802,11,638.894410032181,390.011149384945,638.358,401.466
1784569740902,11,638.689523005079,389.908968419537,638.29,400.93
1784569741002,11,638.480920735287,389.788646203948,638.222,400.394
1784569741102,11,638.268594158795,389.650218895065,638.154,399.858
1784569741202,11,638.052534084148,389.493774916087,638.085,399.322
1784569741302,11,637.83273211334,389.319452892397,638.017,398.786
1784569741402,11,637.609181082774,389.127438599036,637.949,398.25
1784569741502,11,637.38187599738,388.917964925553,637.881,397.714
1784569741602,11,637.150815079981,388.691312721199,637.812,397.178
1784569741702,11,636.916000713571,388.447811673621,637.744,396.643
1784569741802,11,636.677440216758,388.187840856173,637.676,396.107
1784569741902,11,636.435146455037,387.911828234699,637.608,395.571
1784569742002,11,636.189137291252,387.62024700029,637.539,395.035
1784569742102,11,635.939436261705,387.31361122513,637.471,394.499
1784569742202,11,635.686073724657,386.992474857668,637.403,393.963
1784569742302,11,635.42908828858,386.657430890353,637.335,393.427
1784569742402,11,635.168528858087,386.309111329131,637.266,392.891
1784569742502,11,634.904456053411,385.948187192516,637.198,392.355
1784569742602,11,634.636943297332,385.57536602183,637.13,391.819
1784569742702,11,634.366077541819,385.19139195066,637.061,391.283
1784569742802,11,634.091960391088,384.797046076417,636.993,390.747
1784569742902,11,633.814709134262,384.393146848135,636.925,390.211
1784569743002,11,633.534457252318,383.980548083302,636.857,389.675
1784569743102,11,633.251356005399,383.560137746458,636.788,389.139
1784569743202,11,632.965575751007,383.132837355672,636.72,388.604
1784569743302,11,632.677306657869,382.699601961047,636.652,388.068
1784569743402,11,632.386759407126,382.26141874953,636.584,387.532
1784569743502,11,632.094166410001,381.819306557578,636.515,386.996
1784569743602,11,631.799782246132,381.374315128388,636.447,386.46
1784569743702,11,631.50388133752,380.927525723896,636.379,385.924
1784569743802,11,631.206756432839,380.48004629655,636.311,385.388
1784569743902,11,630.908707875309,380.032995621282,636.242,384.852
1784569744002,11,630.610026043165,379.587489272077,636.174,384.316
1784569744102,11,630.310986308584,379.144628071609,636.106,383.78
1784569744202,11,630.011841673763,378.70548572831,636.038,383.244
1784569744302,11,629.712820668292,378.271103587978,635.969,382.708
1784569744402,11,629.414124814685,377.842491179287,635.901,382.172
1784569744502,11,629.115933961624,377.420627900982,635.833,381.636
1784569744602,11,628.818409564981,377.006462101755,635.765,381.1
1784569744702,11,628.521698357543,376.600912286162,635.696,380.564
1784569744802,11,628.22593430726,376.204869051373,635.628,380.029
1784569744902,11,627.931238218208,375.81919544325,635.56,379.493
1784569745002,11,627.63771196338,375.444722647788,635.492,378.957
1784569745102,11,627.34543807597,375.082249420414,635.423,378.421
1784569745202,11,627.054483631757,374.732539168508,635.355,377.885
1784569745302,11,626.764912116944,374.39631481393,635.287,377.349
1784569745402,11,626.476790670366,374.074256008192,635.218,376.813
1784569745502,11,626.190196410992,373.766997503269,635.15,376.277
1784569745602,11,625.905214784206,373.475126623169,635.082,375.741
1784569745702,11,625.621945407944,373.199188417278,635.014,375.205
1784569745802,11,625.340504908972,372.939688265971,634.945,374.669
1784569745902,11,625.061026440181,372.697090458089,634.877,374.133
1784569746002,11,624.783649773766,372.471808562662,634.809,373.597
1784569746102,11,624.508504890104,372.26420385208,634.741,373.061
1784569746202,11,624.235709233629,372.074585597891,634.672,372.525
1784569746302,11,623.96536871969,371.903209036957,634.604,371.99
1784569746402,11,623.697578536125,371.750275506529,634.374,371.832
1784569746502,11,623.432427363928,371.615937032651,633.97,372.08
1784569746602,11,623.170013707832,371.500310003597,633.566,372.327
1784569746702,11,622.910440646438,371.403470797652,633.162,372.574
1784569746802,11,622.65381429641,371.325454124738,632.758,372.821
1784569746902,11,622.400245026527,371.2662534798,632.354,373.069
1784569747002,11,622.14984866,371.225821506373,631.95,373.316
1784569747102,11,621.902752491128,371.204076903185,631.546,373.563
1784569747202,11,621.659115810452,371.200932467319,631.142,373.811
1784569747302,11,621.419135982262,371.216307202897,630.738,374.058
1784569747402,11,621.183049507661,371.250127681452,630.335,374.305
1784569747502,11,620.951124267227,371.302321368981,629.931,374.552
1784569747602,11,620.723625141951,371.372788764056,629.527,374.8
1784569747702,11,620.500805978174,371.461391363817,629.123,375.047
1784569747802,11,620.282910654844,371.56795132853,628.719,375.294
1784569747902,11,620.070174391582,371.692256257867,628.315,375.542
1784569748002,11,619.862822608823,371.834060443559,627.911,375.789
1784569748102,11,619.661062570558,371.993086109667,627.507,376.036
1784569748202,11,619.465080339173,372.169023206161,627.103,376.283
1784569748302,11,619.275040127178,372.361528499229,626.699,376.531
1784569748402,11,619.091080636997,372.570224245055,626.295,376.778
1784569748502,11,618.913314529865,372.794698134489,625.892,377.025
1784569748602,11,618.741828182745,373.034504112333,625.488,377.272
1784569748702,11,618.576682250114,373.289162676887,625.084,377.52
1784569748802,11,618.417914503652,373.558163237976,624.68,377.767
1784569748902,11,618.26555031679,373.840978545769,624.276,378.014
1784569749002,11,618.119612576702,374.137078245945,623.872,378.262
1784569749102,11,617.980127842225,374.445933336645,623.468,378.509
1784569749202,11,617.84712748369,374.767015552017,623.064,378.756
1784569749302,11,617.720646254495,375.099797264384,622.66,379.003
1784569749402,11,617.600724771468,375.443756290674,622.256,379.251
1784569749502,11,617.487417242395,375.798378438077,621.852,379.498
1784569749602,11,617.3807848926,376.163153138312,621.449,379.745
1784569749702,11,617.280887591007,376.537567332006,621.045,379.993
1784569749802,11,617.187758245719,376.921089611344,620.641,380.24
1784569749902,11,617.101396746107,377.313164929697,620.237,380.487
1784569750002,11,617.021770196915,377.713213130251,619.833,380.734
1784569750102,11,616.948812516692,378.12062840067,619.429,380.982
1784569750202,11,616.882427015911,378.534779621275,619.025,381.229
1784569750302,11,616.822492509887,378.955014153595,618.621,381.476
1784569750402,11,616.768850568321,379.380650206323,618.217,381.724
1784569750502,11,616.721300852645,379.810973135615,617.813,381.971
1784569750602,11,616.679602414855,380.245238861011,617.409,382.218
1784569750702,11,616.643491188399,380.682692098819,617.006,382.465
1784569750802,11,616.612676375775,381.122573515327,616.602,382.713
1784569750902,11,616.586854391415,381.564123134077,616.198,382.96
1784569751002,11,616.565737831714,382.006602715743,615.794,383.207
1784569751102,11,616.549089445962,382.449329411611,615.39,383.455
1784569751202,11,616.536729552214,382.891681594759,614.986,383.702
1784569751302,11,616.528536117241,383.333096789678,614.582,383.949
1784569751402,11,616.524444814584,383.773069601958,614.178,384.196
1784569751502,11,616.524441721965,384.211143900644,613.774,384.444
1784569751602,11,616.528541719821,384.646894127815,613.37,384.691
1784569751702,11,616.536812121623,385.079943971795,612.967,384.938
1784569751802,11,616.549376570936,385.509973602995,612.563,385.185
1784569751902,11,616.566392655021,385.936709130308,612.159,385.433
1784569752002,11,616.588026890954,386.359903732578,611.755,385.68
1784569752102,11,616.614468728116,386.77934980296,611.351,385.927
1784569752202,11,616.645908470567,387.194857141934,610.947,386.175
1784569752302,11,616.682526708306,387.60624414073,610.543,386.422
1784569752402,11,616.724495163155,388.013339527466,610.139,386.669
1784569752502,11,616.77198062702,388.415991250953,609.735,386.916
1784569752602,11,616.825133540139,388.814052009132,609.331,387.164
1784569752702,11,616.884082679001,389.207376090702,609.019,387.439
1784569752802,11,616.948927618881,389.595820918411,609.276,387.89
1784569752902,11,617.019736161256,389.979245565168,609.534,388.341
1784569753002,11,617.096542599314,390.357507885083,609.792,388.792
1784569753102,11,617.179349348233,390.730465562585,610.049,389.244
1784569753202,11,617.268129196817,391.097981849422,610.307,389.695
1784569753302,11,617.362825452905,391.459925606163,610.565,390.146
1784569753402,11,617.46335152747,391.816169581231,610.822,390.597
1784569753502,11,617.569590964918,392.16658898367,611.08,391.048
1784569753602,11,617.681398899963,392.511060880827,611.338,391.499
1784569753702,11,617.798602154132,392.849462823435,611.595,391.95
1784569753802,11,617.920998499901,393.181672558145,611.853,392.401
1784569753902,11,618.048356866942,393.507572906379,612.111,392.852
1784569754002,11,618.180423292779,393.827056192593,612.368,393.304
1784569754102,11,618.316921522615,394.140024045734,612.626,393.755
1784569754202,11,618.45755268685,394.446387297704,612.884,394.206
1784569754302,11,618.601997606446,394.746067583244,613.141,394.657
1784569754402,11,618.749923971984,395.038995905299,613.399,395.108
1784569754502,11,618.900997604899,395.32510475089,613.657,395.559
1784569754602,11,619.054887718115,395.604311543943,613.914,396.01
1784569754702,11,619.211268775408,395.876513311626,614.172,396.461
1784569754802,11,619.369821160402,396.141585379018,614.43,396.912
1784569754902,11,619.530233455556,396.399381015738,614.688,397.363
1784569755002,11,619.692202667796,396.649732478056,614.945,397.815
1784569755102,11,619.855433938221,396.892450987562,615.203,398.266
1784569755202,11,620.019642039128,397.127327163088,615.461,398.717
1784569755302,11,620.184553624192,397.354133568682,615.718,399.168
1784569755402,11,620.349907112707,397.572625793127,615.976,399.619
1784569755502,11,620.515451918046,397.78254448824,616.234,400.07
1784569755602,11,620.680947675332,397.983618414942,616.491,400.521
1784569755702,11,620.846163841832,398.175566756095,616.749,400.972
1784569755802,11,621.010880422586,398.35810879479,617.007,401.423
1784569755902,11,621.174887840254,398.530969752277,617.264,401.875
1784569756002,11,621.337987800812,398.693877008278,617.522,402.326
1784569756102,11,621.499995056018,398.846563957086,617.78,402.777
1784569756202,11,621.660736988886,398.988770784324,618.037,403.228
1784569756302,11,621.820052202893,399.120242386727,618.295,403.679
1784569756402,11,621.977790828194,399.240722261238,618.553,404.13
1784569756502,11,622.133815512695,399.349950590703,618.81,404.581
1784569756602,11,622.288000661549,399.447663697038,619.068,405.032
1784569756702,11,622.440231704644,399.533594564268,619.326,405.483
1784569756802,11,622.590405078474,399.607477312062,619.583,405.935
1784569756902,11,622.738428717144,399.669051561709,619.841,406.386
1784569757002,11,622.884221623295,399.718065351054,620.099,406.837
1784569757102,11,623.027713622125,399.75427632311,620.356,407.288
1784569757202,11,623.168846503983,399.777452071273,620.614,407.739
1784569757302,11,623.307574274454,399.787371445188,620.872,408.19
1784569757402,11,623.443864056253,399.783826256336,621.129,408.641
1784569757502,11,623.577697274926,399.76662566163,621.387,409.092
1784569757602,11,623.709071217448,399.735597946992,621.645,409.543
1784569757702,11,623.837999035114,399.690593767874,621.902,409.994
1784569757802,11,623.964509915463,399.631489021031,622.16,410.446
1784569757902,11,624.088650041802,399.558186797677,622.418,410.897
1784569758002,11,624.210484560341,399.470618034897,622.675,411.348
1784569758102,11,624.330097711117,399.368742047916,622.933,411.799
1784569758202,11,624.447592745618,399.252547247342,623.191,412.25
1784569758302,11,624.563091632804,399.12205361647,623.449,412.701
1784569758402,11,624.676735089898,398.977317368189,623.706,413.152
1784569758502,11,624.788682606339,398.818433119912,623.942,413.218
1784569758602,11,624.89911360473,398.645537314225,624.145,412.685
1784569758702,11,625.008227339086,398.458811016359,624.347,412.151
1784569758802,11,625.116241931367,398.258481716116,624.55,411.618
1784569758902,11,625.223392088345,398.044826704941,624.752,411.084
1784569759002,11,625.329927182982,397.818175514722,624.954,410.551
1784569759102,11,625.436106877445,397.578914428748,625.157,410.018
1784569759202,11,625.542201471687,397.327485457541,625.359,409.484
1784569759302,11,625.648498655711,397.064375632763,625.562,408.951
1784569759402,11,625.755305918741,396.790113792155,625.764,408.418
1784569759502,11,625.862954936518,396.505266074758,625.967,407.884
1784569759602,11,625.971804288299,396.210434399088,626.169,407.351
1784569759702,11,626.082239643949,395.906252780123,626.372,406.818
1784569759802,11,626.194673898791,395.593387275031,626.574,406.284
1784569759902,11,626.309546602972,395.272536542847,626.776,405.751
1784569760002,11,626.427322418292,394.944430471031,626.979,405.218
1784569760102,11,626.548489711486,394.609823812121,627.181,404.684
1784569760202,11,626.673552173192,394.269476837381,627.384,404.151
1784569760302,11,626.802997501533,393.924114883436,627.586,403.617
1784569760402,11,626.937288791296,393.574420047137,627.789,403.084
1784569760502,11,627.07686304866,393.221033496704,627.991,402.551
1784569760602,11,627.222128285357,392.864560409066,628.194,402.017
1784569760702,11,627.373462551499,392.505574392408,628.396,401.484
1784569760802,11,627.531201936708,392.144619154439,628.598,400.951
1784569760902,11,627.695636701771,391.782207782562,628.801,400.417
1784569761002,11,627.867010661124,391.418822613657,629.003,399.884
1784569761102,11,628.045521030506,391.054915815986,629.206,399.351
1784569761202,11,628.231318315663,390.690907189733,629.408,398.817
1784569761302,11,628.424507616718,390.327181238312,629.611,398.284
1784569761402,11,628.625148438105,389.964084365128,629.813,397.751
1784569761502,11,628.833254362423,389.601924250486,630.016,397.217
1784569761602,11,629.048792305417,389.240971551369,630.218,396.684
1784569761702,11,629.271684161132,388.881464739782,630.42,396.15
1784569761802,11,629.501818940164,388.523621068006,630.623,395.617
1784569761902,11,629.739067839326,388.167648880028,630.825,395.084
1784569762002,11,629.983288024757,387.813751526862,631.028,394.55
1784569762102,11,630.234327369197,387.462129939791,631.23,394.017
1784569762202,11,630.492030218328,387.112987298051,631.433,393.484
1784569762302,11,630.756257107301,386.766529337507,631.635,392.95
1784569762402,11,631.02689094459,386.422966253203,631.838,392.417
1784569762502,11,631.303837456791,386.082514320944,632.04,391.884
1784569762602,11,631.587024604059,385.745396357529,632.242,391.35
1784569762702,11,631.876401387704,385.411841832403,632.445,390.817
1784569762802,11,632.171930009603,385.082082659466,632.647,390.284
1784569762902,11,632.473558458382,384.756335092297,632.85,389.75
1784569763002,11,632.781212610921,384.434792824399,633.052,389.217
1784569763102,11,633.094795530589,384.117623639335,633.255,388.683
1784569763202,11,633.41418900048,383.804969865827,633.457,388.15
1784569763302,11,633.739253438016,383.496949749213,633.66,387.617
1784569763402,11,634.069827649116,383.193657863553,633.862,387.083
1784569763502,11,634.405734781671,382.895167983467,634.064,386.55
1784569763602,11,634.746797203434,382.601543873421,634.267,386.017
1784569763702,11,635.092820502072,382.312821980708,634.469,385.483
1784569763802,11,635.443586983732,382.029006771077,634.768,385.087
1784569763902,11,635.798854053593,381.750069965015,635.091,384.724
1784569764002,11,636.158352581546,381.475949195793,635.413,384.362
1784569764102,11,636.521786208398,381.206548656755,635.735,383.999
1784569764202,11,636.888833519177,380.94174047888,636.058,383.636
1784569764302,11,637.259153937871,380.681369359583,636.38,383.273
1784569764402,11,637.63241297856,380.425267301576,636.702,382.911
1784569764502,11,638.008288966833,380.173258749967,637.025,382.548
1784569764602,11,638.386472399298,379.925161935896,637.347,382.185
1784569764702,11,638.766664931844,379.680789269023,637.669,381.822
1784569764802,11,639.148579902369,379.439945256036,637.992,381.46
1784569764902,11,639.531936850671,379.202421461137,638.314,381.097
1784569765002,11,639.916442644265,378.967977469513,638.637,380.734
1784569765102,11,640.30178929304,378.736338856777,638.959,380.371
1784569765202,11,640.687667684385,378.507205084482,639.281,380.009
1784569765302,11,641.073769663718,378.280249625738,639.604,379.646
1784569765402,11,641.459786229418,378.055120707744,639.926,379.283
1784569765502,11,641.845397847428,377.831443512379,640.248,378.92
1784569765602,11,642.230241137976,377.608820091489,640.571,378.558
1784569765702,11,642.613899195392,377.386830414243,640.893,378.195
1784569765802,11,642.995908327826,377.165039388086,641.215,377.832
1784569765902,11,643.375799001755,376.943021762869,641.538,377.469
1784569766002,11,643.753136955681,376.720390228753,641.86,377.106
1784569766102,11,644.127530007894,376.496802104262,642.182,376.744
1784569766202,11,644.498622206242,376.271955500576,642.505,376.381
1784569766302,11,644.866075722271,376.045570853136,642.827,376.018
1784569766402,11,645.229565020386,375.817386737448,643.15,375.655
1784569766502,11,645.588775625131,375.587159505271,643.472,375.293
1784569766602,11,645.943404355833,375.354663958575,643.794,374.93
1784569766702,11,646.293158242078,375.119694272427,644.117,374.567
1784569766802,11,646.637753859282,374.882063508398,644.439,374.204
1784569766902,11,646.976917978083,374.641598271691,644.761,373.842
1784569767002,11,647.310386530794,374.398136975135,645.084,373.479
1784569767102,11,647.637903032785,374.151530199814,645.406,373.116
1784569767202,11,647.959217020001,373.901641211333,645.728,372.753
1784569767302,11,648.27408252618,373.648345573169,646.051,372.391
1784569767402,11,648.5822564182,373.391531653043,646.373,372.028
1784569767502,11,648.88349775775,373.131093944989,646.695,371.665
1784569767602,11,649.177572792647,372.866932372743,647.018,371.302
1784569767702,11,649.464255275681,372.598954260772,647.34,370.94
1784569767802,11,649.743324490205,372.327075171583,647.663,370.577
1784569767902,11,650.014562782252,372.051218398448,647.985,370.214
1784569768002,11,650.277758047663,371.771317412228,648.307,369.851
1784569768102,11,650.532705069622,371.487315390612,648.63,369.488
1784569768202,11,650.779205623723,371.199163303093,648.952,369.126
1784569768302,11,651.017068325499,370.906813498136,649.274,368.763
1784569768402,11,651.246110655405,370.610226838428,649.597,368.4
1784569768502,11,651.466158904682,370.309367101192,649.919,368.037
1784569768602,11,651.677048103901,370.004203592431,650.241,367.675
1784569768702,11,651.878621878229,369.694708060938,650.564,367.312
1784569768802,11,652.070734004891,369.380859189475,650.886,366.949
1784569768902,11,652.253248109665,369.062645258049,651.208,366.586
1784569769002,11,652.426037688468,368.740065613091,651.531,366.224
1784569769102,11,652.588989256634,368.413132156417,651.853,365.861
1784569769202,11,652.742003897685,368.081870394891,652.176,365.498
1784569769302,11,652.884998020675,367.746318352301,652.498,365.135
1784569769402,11,653.017905377944,367.406524542803,652.82,364.773
1784569769502,11,653.140677498189,367.062547931389,653.143,364.41
1784569769602,11,653.253284086329,366.714456199127,653.465,364.047
1784569769702,11,653.35571610734,366.362325603005,653.787,363.684
1784569769802,11,653.447986322908,366.006238931769,654.11,363.322
1784569769902,11,653.530128649245,365.646286235315,654.432,362.959
1784569770002,11,653.602197671402,365.282566491407,654.231,362.631
1784569770102,11,653.664266971576,364.915188842928,654.022,362.303
1784569770202,11,653.716420497174,364.544268484253,653.814,361.976
1784569770302,11,653.758741473789,364.169914005354,653.606,361.648
1784569770402,11,653.791321678198,363.792233875062,653.397,361.321
1784569770502,11,653.814265127942,363.411340387195,653.189,360.993
1784569770602,11,653.827690788645,363.02735142815,652.981,360.666
1784569770702,11,653.831733182322,362.640392420599,652.772,360.338
1784569770802,11,653.826542244624,362.250599016988,652.564,360.011
1784569770902,11,653.812282895012,361.858119835937,652.355,359.684
1784569771002,11,653.789134473921,361.463117519983,652.147,359.356
1784569771102,11,653.757289944699,361.065769695278,651.939,359.029
1784569771202,11,653.716952323993,360.666264969658,651.73,358.701
1784569771302,11,653.668323758939,360.264790698232,651.522,358.374
1784569771402,11,653.611603244787,359.861531567321,651.314,358.046
1784569771502,11,653.546987832285,359.456671803117,651.105,357.719
1784569771602,11,653.474673137545,359.05039714151,650.897,357.391
1784569771702,11,653.394853823306,358.642897455931,650.689,357.064
1784569771802,11,653.307724475172,358.234371590707,650.48,356.736
1784569771902,11,653.21347961508,357.825030000877,650.272,356.409
1784569772002,11,653.112313661783,357.415096536282,650.063,356.081
1784569772102,11,653.004417910832,357.004809847471,649.855,355.754
1784569772202,11,652.889980924318,356.594423940931,649.647,355.426
1784569772302,11,652.769188467984,356.18420515753,649.438,355.099
1784569772402,11,652.642224623743,355.774431878769,649.23,354.771
1784569772502,11,652.509271778096,355.365392845306,649.022,354.444
1784569772602,11,652.370511792609,354.957390013746,648.813,354.116
1784569772702,11,652.226126302941,354.550743234047,648.605,353.789
1784569772802,11,652.076298469244,354.145791520942,648.396,353.461
1784569772902,11,651.921211855644,353.742892932243,648.188,353.134
1784569773002,11,651.761053403589,353.342424039667,647.98,352.807
1784569773102,11,651.596014685994,352.944773935191,647.771,352.479
1784569773202,11,651.426292090858,352.550344079941,647.563,352.152
1784569773302,11,651.252085580529,352.159549943805,647.355,351.824
1784569773402,11,651.073592854656,351.772819027755,647.146,351.497
1784569773502,11,650.890982126199,351.390575588788,646.938,351.169
1784569773602,11,650.704372743677,351.013229881739,646.73,350.842
1784569773702,11,650.513832696977,350.641175082604,646.521,350.514
1784569773802,11,650.319382145862,350.274788082609,646.313,350.187
1784569773902,11,650.121002297791,349.914431514253,646.104,349.859
1784569774002,11,649.918638270811,349.560455465249,645.896,349.532
1784569774102,11,649.712201438386,349.213199015404,645.688,349.204
1784569774202,11,649.501579526529,348.872996085338,645.479,348.877
1784569774302,11,649.286652934796,348.540190731987,645.271,348.549
1784569774402,11,649.067299206272,348.21514210076,645.063,348.222
1784569774502,11,648.84339438903,347.898225983251,644.854,347.894
1784569774602,11,648.61481513123,347.589834558986,644.646,347.567
1784569774702,11,648.381437828815,347.290370479544,644.437,347.239
1784569774802,11,648.14313642079,347.000245680399,644.229,346.912
1784569774902,11,647.899784115028,346.719883635254,644.021,346.584
1784569775002,11,647.651254122829,346.449721226471,643.812,346.257
1784569775102,11,647.397420599453,346.190210972257,643.604,345.93
1784569775202,11,647.138159807855,345.941822519362,643.396,345.602
1784569775302,11,646.873351085928,345.705043960742,643.187,345.275
1784569775402,11,646.602877174425,345.480382466305,642.979,344.947
1784569775502,11,646.326625235574,345.268358724867,642.771,344.62
1784569775602,11,646.044489205596,345.069487621439,642.562,344.292
1784569775702,11,645.756375423463,344.884245234976,642.354,343.965
1784569775802,11,645.462205036672,344.713058119108,642.145,343.637
1784569775902,11,645.161914377998,344.556302165685,641.937,343.31
1784569776002,11,644.855452265206,344.414302930249,641.729,342.982
1784569776102,11,644.542779654974,344.28733497401,641.52,342.655
1784569776202,11,644.223870305302,344.175620185211,641.312,342.327
1784569776302,11,643.898710326621,344.079327083348,641.104,342
1784569776402,11,643.567298986709,343.998568875465,640.895,341.672
1784569776502,11,643.229650058272,343.93340304172,640.687,341.345
1784569776602,11,642.885792763615,343.88383130116,640.478,341.017
1784569776702,11,642.535772451032,343.849799817338,640.27,340.69
1784569776802,11,642.179651237262,343.831199513926,640.062,340.362
1784569776902,11,641.817509100998,343.827871745177,639.853,340.035
1784569777002,11,641.449443158666,343.839629545302,639.645,339.708
1784569777102,11,641.075564510018,343.866263735618,639.437,339.38
1784569777202,11,640.695996512445,343.907543089455,639.228,339.053
1784569777302,11,640.310872909343,343.963214111387,639.02,338.725
1784569777402,11,639.920339603579,344.032999853675,638.811,338.398
1784569777502,11,639.524558872367,344.116596538224,638.603,338.07
1784569777602,11,639.123708784388,344.213670167827,638.395,337.743
1784569777702,11,638.717984190721,344.323855521338,638.028,337.983
1784569777802,11,638.307597683956,344.446755868251,637.591,338.471
1784569777902,11,637.892778454117,344.581943276811,637.155,338.958
1784569778002,11,637.473768913742,344.728959755985,636.718,339.446
1784569778102,11,637.050811707553,344.887322039489,636.282,339.934
1784569778202,11,636.624145392438,345.056528274296,635.845,340.422
1784569778302,11,636.194002616139,345.236060510826,635.409,340.909
1784569778402,11,635.76061012718,345.425386919122,634.972,341.397
1784569778502,11,635.324188076098,345.623962176855,634.536,341.885
1784569778602,11,634.884948447992,345.831228094688,634.099,342.373
1784569778702,11,634.443095987648,346.046615199491,633.663,342.86
1784569778802,11,633.998828912631,346.269544035532,633.227,343.348
1784569778902,11,633.552340085025,346.499426597144,632.79,343.836
1784569779002,11,633.103817032281,346.735667874781,632.354,344.323
1784569779102,11,632.653442138841,346.977665393568,631.917,344.811
1784569779202,11,632.201393006273,347.224809107769,631.481,345.299
1784569779302,11,631.747840789997,347.476484721237,631.044,345.787
1784569779402,11,631.292950113595,347.732076853566,630.608,346.274
1784569779502,11,630.836880386258,347.990968773826,630.171,346.762
1784569779602,11,630.379786809757,348.252541421462,629.735,347.25
1784569779702,11,629.921821346694,348.516172514599,629.298,347.738
1784569779802,11,629.4631336845,348.781237447893,628.862,348.225
1784569779902,11,629.00387060302,349.047112622736,628.425,348.713
1784569780002,11,628.544175030121,349.313176580993,627.989,349.201
1784569780102,11,628.084186842694,349.578813154475,627.553,349.689
1784569780202,11,627.624042833746,349.843411805115,627.116,350.176
1784569780302,11,627.163876372726,350.106367884346,626.68,350.664
1784569780402,11,626.703818161527,350.367084784169,626.243,351.152
1784569780502,11,626.243996239267,350.624976192215,625.807,351.64
1784569780602,11,625.784533334573,350.879467359549,625.37,352.127
1784569780702,11,625.325546184765,351.12999763965,624.934,352.615
1784569780802,11,624.867145540562,351.376021914099,624.497,353.103
1784569780902,11,624.409437322314,351.617010053177,624.061,353.591
1784569781002,11,623.952523348041,351.852446325917,623.624,354.078
1784569781102,11,623.496501945637,352.081829619468,623.188,354.566
1784569781202,11,623.041469360596,352.304674054869,622.751,355.054
1784569781302,11,622.587519720407,352.520511789513,622.315,355.542
1784569781402,11,622.134743195692,352.728894083005,621.879,356.029
1784569781502,11,621.683225674296,352.929391447006,621.442,356.517
1784569781602,11,621.233050253764,353.121595091902,621.006,357.005
1784569781702,11,620.78429874872,353.305117906508,620.569,357.493
1784569781802,11,620.337052006508,353.479596457099,620.133,357.98
1784569781902,11,619.891388317675,353.644695535929,619.696,358.468
1784569782002,11,619.447384186586,353.800109147079,619.26,358.956
1784569782102,11,619.005116296449,353.945561774224,618.823,359.444
1784569782202,11,618.564663113393,354.08080929837,618.387,359.931
1784569782302,11,618.126104637462,354.205639384863,617.951,359.804
1784569782402,11,617.689522262962,354.319870011767,617.515,359.576
1784569782502,11,617.255000050838,354.423348750021,617.079,359.349
1784569782602,11,616.822624716423,354.515952938427,616.643,359.122
1784569782702,11,616.392482823218,354.597589751729,616.207,358.895
1784569782802,11,615.964661651427,354.66819535609,615.771,358.668
1784569782902,11,615.539251254248,354.727733504717,615.334,358.441
1784569783002,11,615.116346629441,354.776191215098,614.898,358.214
1784569783102,11,614.696049752959,354.813575677162,614.462,357.987
1784569783202,11,614.278471226605,354.839912827873,614.026,357.76
1784569783302,11,613.863730353753,354.855245944301,613.59,357.532
1784569783402,11,613.45195433403,354.859635148787,613.154,357.305
1784569783502,11,613.043278587812,354.8531574053,612.718,357.078
1784569783602,11,612.637846049563,354.835905968457,612.282,356.851
1784569783702,11,612.235804360882,354.807988666764,611.846,356.624
1784569783802,11,611.837306602656,354.769527292033,611.41,356.397
1784569783902,11,611.442512700003,354.720656670992,610.974,356.17
1784569784002,11,611.051590392592,354.661524580581,610.538,355.943
1784569784102,11,610.664715389246,354.592291777658,610.102,355.715
1784569784202,11,610.28206772965,354.513130600213,609.666,355.488
1784569784302,11,609.903832012492,354.424222456169,609.23,355.261
1784569784402,11,609.530198284871,354.325759708586,608.794,355.034
1784569784502,11,609.161363587365,354.217941890532,608.358,354.807
1784569784602,11,608.797533703016,354.100972651512,607.922,354.58
1784569784702,11,608.438924041405,353.975059578463,607.486,354.353
1784569784802,11,608.085757551187,353.84041427182,607.05,354.126
1784569784902,11,607.738263629666,353.697252325042,606.614,353.899
1784569785002,11,607.396676893973,353.545793330255,606.178,353.671
1784569785102,11,607.061232619118,353.386259437579,605.741,353.444
1784569785202,11,606.732166316316,353.218874576785,605.305,353.217
1784569785302,11,606.409712855201,353.043863145411,604.869,352.99
1784569785402,11,606.094105791657,352.86144973932,604.433,352.763
1784569785502,11,605.785576767894,352.67185944115,603.997,352.536
1784569785602,11,605.484356361848,352.475316920669,603.561,352.309
1784569785702,11,605.190675483909,352.272045217869,603.125,352.082
1784569785802,11,604.904765997924,352.062266191884,602.689,351.855
1784569785902,11,604.626859000521,351.8462013966,602.253,351.627
1784569786002,11,604.357185555714,351.624073113306,601.817,351.4
1784569786102,11,604.095977787459,351.396105285825,601.381,351.173
1784569786202,11,603.843469217668,351.162524102461,600.945,350.946
1784569786302,11,603.599892188353,350.923554585198,600.509,350.719
1784569786402,11,603.365475499787,350.679410257562,600.073,350.492
1784569786502,11,603.140443999525,350.430291514498,599.637,350.265
1784569786602,11,602.925016246872,350.176387164977,599.201,350.038
1784569786702,11,602.719404620199,349.917877236751,598.765,349.81
1784569786802,11,602.52381597422,349.654935235511,598.329,349.583
1784569786902,11,602.338451936302,349.387731448108,597.893,349.356
1784569787002,11,602.163507038365,349.116434173282,597.457,349.129
1784569787102,11,601.999166937603,348.84120873265,597.021,348.902
1784569787202,11,601.845608019922,348.562217407913,596.585,348.675
1784569787302,11,601.702997982965,348.279619741795,596.148,348.448
1784569787402,11,601.57149587444,347.993571279295,595.712,348.221
1784569787502,11,601.451249767859,347.704222470218,595.276,347.994
1784569787602,11,601.342395121164,347.4117195145,594.84,347.766
1784569787702,11,601.245052883518,347.116205049527,594.404,347.539
1784569787802,11,601.159328147767,346.817817064377,593.968,347.312
1784569787902,11,601.085308152372,346.516689605251,593.532,347.085
1784569788002,11,601.023061693122,346.212953758281,593.096,346.858
1784569788102,11,600.972637753708,345.906738436369,592.66,346.631
1784569788202,11,600.934064850672,345.598170637388,592.224,346.404
1784569788302,11,600.907349331033,345.287372704437,591.788,346.177
1784569788402,11,600.892474302485,344.97446245988,592.004,345.847
1784569788502,11,600.889397597599,344.659554364408,592.342,345.499
1784569788602,11,600.898051319765,344.342760017021,592.68,345.15
1784569788702,11,600.918342201113,344.024189140328,593.019,344.802
1784569788802,11,600.950153103267,343.703950490405,593.357,344.453
1784569788902,11,600.993344230045,343.382151250788,593.695,344.104
1784569789002,11,601.047754365344,343.05889770316,594.034,343.756
1784569789102,11,601.113201758436,342.734296433139,594.372,343.407
1784569789202,11,601.189486970965,342.408455206731,594.71,343.059
1784569789302,11,601.276393504714,342.081483599201,595.048,342.71
1784569789402,11,601.373688272803,341.753493635211,595.387,342.362
1784569789502,11,601.481123382508,341.424597894983,595.725,342.013
1784569789602,11,601.598441825468,341.094907299989,596.063,341.664
1784569789702,11,601.725381914455,340.764530219849,596.401,341.316
1784569789802,11,601.861677751301,340.433572334937,596.74,340.967
1784569789902,11,602.007059018977,340.102135890818,597.078,340.619
1784569790002,11,602.161250440317,339.770318490678,597.416,340.27
1784569790102,11,602.323971803554,339.438213347706,597.755,339.922
1784569790202,11,602.494940064432,339.105909920173,598.093,339.573
1784569790302,11,602.673869261729,338.773494768398,598.431,339.225
1784569790402,11,602.860469601308,338.441050964017,598.769,338.876
1784569790502,11,603.054447535978,338.10865827011,599.108,338.527
1784569790602,11,603.255508940067,337.776393181159,599.446,338.179
1784569790702,11,603.463360761132,337.444329350321,599.784,337.83
1784569790802,11,603.677712678076,337.112536983177,600.123,337.482
1784569790902,11,603.898277298837,336.781081794081,600.461,337.133
1784569791002,11,604.124770529659,336.450024772031,600.799,336.785
1784569791102,11,604.356911626096,336.119422776449,601.137,336.436
1784569791202,11,604.594425321618,335.789327449628,601.476,336.088
1784569791302,11,604.83704360476,335.459784832698,601.814,335.739
1784569791402,11,605.08450546507,335.130836302086,602.152,335.39
1784569791502,11,605.336556749021,334.802519880557,602.49,335.042
1784569791602,11,605.592949887036,334.474870843384,602.829,334.693
1784569791702,11,605.853443325406,334.147921304636,603.167,334.345
1784569791802,11,606.117801036195,333.821699025925,603.505,333.996
1784569791902,11,606.385791828042,333.496228185631,603.844,333.648
1784569792002,11,606.657189741108,333.171529931197,604.182,333.299
1784569792102,11,606.931774210555,332.847621679546,604.52,332.95
1784569792202,11,607.209331036426,332.524515600419,604.858,332.602
1784569792302,11,607.489653308051,332.20221848644,605.197,332.253
1784569792402,11,607.772543224108,331.880731438581,605.535,331.905
1784569792502,11,608.057811533528,331.560050954237,605.873,331.556
1784569792602,11,608.34527705448,331.240169894643,606.212,331.208
1784569792702,11,608.634768153923,330.921076830526,606.55,330.859
1784569792802,11,608.926119758481,330.602757480574,606.888,330.511
1784569792902,11,609.2191649904,330.285197366146,607.226,330.162
1784569793002,11,609.513740812205,329.968380754412,607.565,329.813
1784569793102,11,609.809690461952,329.652290004744,607.903,329.465
1784569793202,11,610.106867995022,329.336901222994,608.241,329.116
1784569793302,11,610.405138561277,329.022182983507,608.58,328.768
1784569793402,11,610.704377193018,328.708096716976,608.918,328.419
1784569793502,11,611.004467826365,328.394597881242,609.256,328.071
1784569793602,11,611.305303441756,328.08163762239,609.594,327.722
1784569793702,11,611.6067853381,327.76916552019,609.933,327.373
1784569793802,11,611.908823444076,327.457132878438,610.271,327.025
1784569793902,11,612.211337378444,327.145494589187,610.609,326.676
1784569794002,11,612.514255580536,326.834210160263,610.947,326.328
1784569794102,11,612.81751389421,326.523243318184,611.286,325.979
1784569794202,11,613.121054149998,326.212561262684,611.624,325.631
1784569794302,11,613.424823252727,325.902130190602,611.962,325.282
1784569794402,11,613.728771502132,325.591912612856,612.301,324.934
1784569794502,11,614.03284628436,325.281867781458,612.638,324.603
1784569794602,11,614.337003350858,324.971953834518,612.961,324.489
1784569794702,11,614.641209141228,324.662132399656,613.284,324.374
1784569794802,11,614.945439687704,324.352370995647,613.608,324.26
1784569794902,11,615.249680505112,324.04264452633,613.931,324.145
1784569795002,11,615.55392471564,323.732935895191,614.255,324.031
1784569795102,11,615.85816905321,323.423233910017,614.578,323.916
1784569735202,12,558.789614905315,332.984634338921,560.413,333.952
1784569735302,12,559.067288252622,332.783999490599,560.712,333.778
1784569735402,12,559.346688055713,332.582129761371,561.011,333.603
1784569735502,12,559.627823405987,332.379038707515,561.31,333.429
1784569735602,12,559.910705796701,332.174748003971,561.61,333.254
1784569735702,12,560.195348471252,331.969287833057,561.909,333.08
1784569735802,12,560.481767527997,331.762694785909,562.208,332.905
1784569735902,12,560.769981534213,331.555010270552,562.507,332.731
1784569736002,12,561.060011988767,331.346283431229,562.806,332.556
1784569736102,12,561.351883326146,331.1365727719,563.105,332.382
1784569736202,12,561.645621164443,330.925946509019,563.404,332.207
1784569736302,12,561.94124961461,330.714481058763,563.703,332.033
1784569736402,12,562.238794123935,330.50226139978,564.002,331.858
1784569736502,12,562.538281819636,330.289381435468,564.301,331.684
1784569736602,12,562.839742477566,330.075942480507,564.6,331.509
1784569736702,12,563.143208979637,329.862053428999,564.899,331.335
1784569736802,12,563.448716567897,329.647830534756,565.198,331.16
1784569736902,12,563.756301066046,329.433396584712,565.497,330.986
1784569737002,12,564.065998031866,329.218881495941,565.797,330.811
1784569737102,12,564.377844548729,329.004423319014,566.096,330.637
1784569737202,12,564.69188022175,328.790168957223,566.395,330.462
1784569737302,12,565.008146930386,328.576274031601,566.694,330.288
1784569737402,12,565.326689714667,328.362903069596,566.993,330.113
1784569737502,12,565.647555870132,328.150226975199,567.292,329.939
1784569737602,12,565.970793457061,327.938412843963,567.591,329.764
1784569737702,12,566.296450390707,327.727603543241,567.89,329.59
1784569737802,12,566.624575284212,327.517913619366,568.189,329.415
1784569737902,12,566.955216926371,327.309429947414,568.488,329.241
1784569738002,12,567.288424398966,327.102212628623,568.787,329.066
1784569738102,12,567.624245529493,326.896295006248,569.086,328.892
1784569738202,12,567.962719213903,326.69167903444,569.385,328.717
1784569738302,12,568.303860499811,326.488329997417,569.684,328.543
1784569738402,12,568.647675039943,326.286183956059,569.984,328.368
1784569738502,12,568.99416632065,326.08515790119,570.283,328.194
1784569738602,12,569.343338502874,325.885162464052,570.582,328.019
1784569738702,12,569.695198148411,325.686105498488,570.881,327.845
1784569738802,12,570.049754770679,325.487893017532,571.18,327.67
1784569738902,12,570.407023470363,325.290430213662,571.479,327.496
1784569739002,12,570.767024478324,325.093622587511,571.778,327.321
1784569739102,12,571.129782448091,324.897376486977,572.077,327.147
1784569739202,12,571.495326046808,324.701600408612,572.376,326.972
1784569739302,12,571.863686354367,324.506205916402,572.675,326.798
1784569739402,12,572.234896096655,324.311107930347,572.974,326.623
1784569739502,12,572.608988892904,324.116224295349,573.273,326.449
1784569739602,12,572.985999563475,323.921473107707,573.572,326.274
1784569739702,12,573.36596412487,323.726772014763,573.871,326.1
1784569739802,12,573.748919892742,323.532038619269,574.17,325.925
1784569739902,12,574.13490515765,323.33719098862,574.47,325.751
1784569740002,12,574.523958705779,323.142148265824,574.769,325.576
1784569740102,12,574.916119079966,322.946830835028,575.068,325.402
1784569740202,12,575.311423312713,322.751160090337,575.367,325.227
1784569740302,12,575.709906501939,322.555059062413,575.666,325.053
1784569740402,12,576.111602504034,322.358453325938,575.965,324.878
1784569740502,12,576.516543539991,322.161271601847,576.264,324.704
1784569740602,12,576.924758956715,321.963445896938,576.563,324.529
1784569740702,12,577.336274333942,321.764911464353,576.862,324.355
1784569740802,12,577.751110062616,321.565606122049,577.161,324.18
1784569740902,12,578.169281003167,321.365470332597,577.46,324.005
1784569741002,12,578.590797928841,321.164446238265,577.759,323.831
1784569741102,12,579.015666652727,320.96247812364,578.058,323.656
1784569741202,12,579.443887229799,320.759512901456,578.357,323.482
1784569741302,12,579.875452825639,320.555499231845,578.657,323.307
1784569741402,12,580.310349552871,320.350387579078,578.956,323.133
1784569741502,12,580.748554997793,320.144129418171,579.255,322.958
1784569741602,12,581.190037053102,319.936678003217,579.554,322.784
1784569741702,12,581.634753939028,319.727990973861,579.853,322.609
1784569741802,12,582.082652747967,319.518033613396,580.152,322.435
1784569741902,12,582.533667957948,319.30677812688,580.451,322.26
1784569742002,12,582.987720164827,319.094203966609,580.75,322.086
1784569742102,12,583.444715313335,318.880297780373,581.049,321.911
1784569742202,12,583.904545180087,318.665050733494,581.348,321.737
1784569742302,12,584.36708849695,318.44845660547,581.647,321.562
1784569742402,12,584.832209823106,318.230512263206,581.946,321.388
1784569742502,12,585.299757721438,318.011218235585,582.245,321.213
1784569742602,12,585.769563643205,317.790578804569,582.544,321.039
1784569742702,12,586.241441645037,317.56860589779,582.844,320.864
1784569742802,12,586.715186938151,317.345320591307,583.143,320.69
1784569742902,12,587.190575625924,317.12075193917,583.442,320.515
1784569743002,12,587.667365639806,316.894934464507,583.741,320.341
1784569743102,12,588.14529559403,316.667907900053,584.04,320.166
1784569743202,12,588.624084357944,316.439717000527,584.339,319.992
1784569743302,12,589.103430654318,316.210412307047,584.638,319.817
1784569743402,12,589.58301175905,315.980051212114,584.937,319.643
1784569743502,12,590.062481540693,315.748699036094,585.236,319.468
1784569743602,12,590.541468599699,315.516430285476,585.535,319.294
1784569743702,12,591.019574655274,315.283330133468,585.834,319.119
1784569743802,12,591.496374718422,315.049494243918,586.133,318.945
1784569743902,12,591.971416945078,314.815028827988,586.507,318.691
1784569744002,12,592.444222070111,314.58005139822,587.013,318.296
1784569744102,12,592.914283648563,314.344691413913,587.519,317.901
1784569744202,12,593.381073637049,314.109089462042,588.025,317.507
1784569744302,12,593.844044086499,313.873392009673,588.531,317.112
1784569744402,12,594.302630408165,313.637749740712,589.036,316.717
1784569744502,12,594.756251577538,313.402317983238,589.542,316.322
1784569744602,12,595.20431055765,313.16725638941,590.048,315.927
1784569744702,12,595.646210923959,312.932735548458,590.554,315.532
1784569744802,12,596.081399645287,312.698961555617,591.06,315.138
1784569744902,12,596.509379986973,312.466180213249,591.566,314.743
1784569745002,12,596.929710920381,312.234667766523,592.072,314.348
1784569745102,12,597.342006727636,312.004731520317,592.578,313.953
1784569745202,12,597.745936853057,311.776709544803,593.084,313.558
1784569745302,12,598.141223973403,311.550969213332,593.59,313.164
1784569745402,12,598.527640596114,311.327903369495,594.096,312.769
1784569745502,12,598.904999498609,311.107925520298,594.602,312.374
1784569745602,12,599.273122588998,310.891451953148,595.108,311.979
1784569745702,12,599.631831807234,310.678897068624,595.614,311.584
1784569745802,12,599.980947931123,310.470672580789,596.12,311.189
1784569745902,12,600.320294545434,310.267187266716,596.625,310.795
1784569746002,12,600.649711721897,310.068844627661,597.131,310.4
1784569746102,12,600.969060577641,309.876041726342,597.637,310.005
1784569746202,12,601.278229019631,309.689166211723,598.143,309.61
1784569746302,12,601.577150134671,309.508599158965,598.649,309.215
1784569746402,12,601.865780117979,309.334710327649,599.155,308.821
1784569746502,12,602.144084658489,309.167857805161,599.661,308.426
1784569746602,12,602.41202635428,309.008389090091,600.167,308.031
1784569746702,12,602.669560786732,308.856642268288,600.673,307.636
1784569746802,12,602.916635608488,308.712946364596,601.179,307.241
1784569746902,12,603.153191182621,308.577621023763,601.685,306.846
1784569747002,12,603.379162427662,308.45097358576,602.191,306.452
1784569747102,12,603.594481566568,308.333297947311,602.697,306.057
1784569747202,12,603.799079283373,308.224871616261,603.203,305.662
1784569747302,12,603.99288481594,308.125955191061,603.709,305.267
1784569747402,12,604.175828524649,308.036792612252,604.214,304.872
1784569747502,12,604.347844454169,307.957610189347,604.72,304.478
1784569747602,12,604.508871530499,307.888613908294,605.226,304.083
1784569747702,12,604.658855749645,307.829987257925,605.732,303.688
1784569747802,12,604.797750684768,307.781890522015,606.238,303.293
1784569747902,12,604.925516934908,307.744460833548,606.744,302.898
1784569748002,12,605.042121654115,307.717812052939,607.25,302.503
1784569748102,12,605.147539141809,307.70203466761,607.756,302.109
1784569748202,12,605.24175240201,307.697195973074,608.262,301.714
1784569748302,12,605.324753390921,307.703339684997,608.768,301.319
1784569748402,12,605.396543704998,307.720483990204,609.274,300.924
1784569748502,12,605.457136300728,307.748621517401,609.78,300.529
1784569748602,12,605.50656469056,307.787721660911,609.797,300.618
1784569748702,12,605.544898632324,307.837732673767,609.507,301.012
1784569748802,12,605.572247530051,307.898583458681,609.216,301.406
1784569748902,12,605.588760250287,307.970189508956,608.925,301.8
1784569749002,12,605.594624401449,308.052452621838,608.634,302.194
1784569749102,12,605.590060574755,308.14525442504,608.344,302.588
1784569749202,12,605.575307514009,308.248454597918,608.053,302.982
1784569749302,12,605.550615736786,308.361890484909,607.762,303.376
1784569749402,12,605.516246845136,308.485376615015,607.471,303.77
1784569749502,12,605.472476038026,308.618707471911,607.18,304.164
1784569749602,12,605.419601860169,308.761670120834,606.89,304.558
1784569749702,12,605.357948805369,308.914046886059,606.599,304.952
1784569749802,12,605.287865085502,309.075614555646,606.308,305.346
1784569749902,12,605.209713012258,309.246143152922,606.017,305.74
1784569750002,12,605.123865074933,309.425394518457,605.727,306.134
1784569750102,12,605.030697213948,309.613119914728,605.436,306.528
1784569750202,12,604.930586936597,309.809060871074,605.145,306.922
1784569750302,12,604.823911232206,310.012949338554,604.854,307.316
1784569750402,12,604.711044218395,310.22450751203,604.564,307.709
1784569750502,12,604.592354925207,310.443447485373,604.273,308.103
1784569750602,12,604.468205173566,310.669472041459,603.982,308.497
1784569750702,12,604.338950130483,310.902274483368,603.691,308.891
1784569750802,12,604.204943617582,311.141541628438,603.401,309.285
1784569750902,12,604.066549272772,311.386962761081,603.11,309.679
1784569751002,12,603.924143677364,311.638231034928,602.819,310.073
1784569751102,12,603.778116169258,311.895042666561,602.528,310.467
1784569751202,12,603.628866171589,312.157095417328,602.238,310.861
1784569751302,12,603.476801975176,312.424087706588,601.947,311.255
1784569751402,12,603.322335076666,312.695719342417,601.656,311.649
1784569751502,12,603.165871089972,312.97169165832,601.365,312.043
1784569751602,12,603.007806946033,313.25170648148,601.075,312.437
1784569751702,12,602.848530664221,313.53546484093,600.784,312.831
1784569751802,12,602.688419673322,313.822666046724,600.493,313.225
1784569751902,12,602.527840951613,314.113008004732,600.202,313.619
1784569752002,12,602.367151775909,314.406187265972,599.911,314.013
1784569752102,12,602.206700472643,314.701901713381,599.621,314.407
1784569752202,12,602.046829090998,314.999855719147,599.33,314.801
1784569752302,12,601.887878381185,315.299761872078,599.039,315.195
1784569752402,12,601.730177477795,315.601337789757,598.748,315.589
1784569752502,12,601.574043740984,315.904304116478,598.458,315.983
1784569752602,12,601.419780803382,316.208383597428,598.167,316.377
1784569752702,12,601.26767781547,316.513301602774,597.876,316.771
1784569752802,12,601.118009799908,316.818785497191,597.585,317.165
1784569752902,12,600.97103852001,317.124564754909,597.295,317.559
1784569753002,12,600.827013021911,317.430372328245,597.004,317.953
1784569753102,12,600.68617253738,317.735950143144,596.713,318.347
1784569753202,12,600.548755444563,318.04105627085,596.422,318.741
1784569753302,12,600.415002995055,318.345470270768,596.132,319.135
1784569753402,12,600.285160227459,318.648993184937,595.841,319.529
1784569753502,12,600.15947662744,318.951446194183,595.55,319.922
1784569753602,12,600.038206869844,319.252669413403,595.259,320.316
1784569753702,12,599.92161009831,319.552519469437,594.969,320.71
1784569753802,12,599.809943675714,319.850863300148,594.678,321.104
1784569753902,12,599.703456574656,320.147574068839,594.387,321.498
1784569754002,12,599.602386787726,320.442531390231,594.096,321.892
1784569754102,12,599.506955190073,320.735621077373,593.806,322.286
1784569754202,12,599.417363133548,321.026736618338,593.515,322.68
1784569754302,12,599.333788014284,321.315780499242,593.224,323.074
1784569754402,12,599.256385418452,321.602665996796,592.933,323.468
1784569754502,12,599.185301301148,321.887323816861,592.643,323.862
1784569754602,12,599.120672348881,322.169702582064,592.352,324.256
1784569754702,12,599.062616634493,322.449767134059,592.228,324.599
1784569754802,12,599.011235433234,322.727497455507,592.421,324.846
1784569754902,12,598.966599676364,323.002886992638,592.615,325.092
1784569755002,12,598.928746177687,323.2759415905,592.809,325.338
1784569755102,12,598.89767828365,323.546680057994,593.003,325.584
1784569755202,12,598.873367686483,323.81513494728,593.196,325.83
1784569755302,12,598.855758571409,324.08135171172,593.39,326.077
1784569755402,12,598.844782113862,324.345387449242,593.584,326.323
1784569755502,12,598.840360157809,324.607309099059,593.778,326.569
1784569755602,12,598.84240526741,324.867189934519,593.972,326.815
1784569755702,12,598.850821452517,325.125106910389,594.165,327.062
1784569755802,12,598.865506801073,325.381136616884,594.359,327.308
1784569755902,12,598.886353614386,325.635353697968,594.553,327.554
1784569756002,12,598.913249426043,325.887830943086,594.747,327.8
1784569756102,12,598.946079573059,326.138638508211,594.94,328.047
1784569756202,12,598.984729117864,326.387843874709,595.134,328.293
1784569756302,12,599.029084717015,326.635514259423,595.328,328.539
1784569756402,12,599.079035640234,326.881718359089,595.522,328.785
1784569756502,12,599.134476970948,327.126528409627,595.715,329.032
1784569756602,12,599.19531210161,327.370020370175,595.909,329.278
1784569756702,12,599.261454828254,327.612275558957,596.103,329.524
1784569756802,12,599.332829562224,327.853381339918,596.297,329.77
1784569756902,12,599.409370968269,328.093430290124,596.491,330.017
1784569757002,12,599.491023420934,328.332519087944,596.684,330.263
1784569757102,12,599.57774059398,328.570747701293,596.878,330.509
1784569757202,12,599.669484628541,328.80821901747,597.072,330.755
1784569757302,12,599.7662239287,329.045036995808,597.266,331.002
1784569757402,12,599.867932282464,329.281305048264,597.459,331.248
1784569757502,12,599.974588409076,329.517123876078,597.653,331.494
1784569757602,12,600.086167561015,329.752586609067,597.847,331.74
1784569757702,12,600.202608785167,329.987763094106,598.041,331.986
1784569757802,12,600.323804822486,330.222693372171,598.234,332.233
1784569757902,12,600.449612858895,330.457394038637,598.428,332.479
1784569758002,12,600.579893069152,330.691879913619,598.622,332.725
1784569758102,12,600.714519108424,330.926169312999,598.816,332.971
1784569758202,12,600.853383264627,331.160286301968,599.009,333.218
1784569758302,12,600.996397269019,331.394260435808,599.203,333.464
1784569758402,12,601.143491286663,331.628125755165,599.397,333.71
1784569758502,12,601.294610656887,331.861919936082,599.591,333.956
1784569758602,12,601.449710036513,332.095682551327,599.785,334.203
1784569758702,12,601.608750738833,332.329452826783,599.978,334.449
1784569758802,12,601.77169124517,332.563263959368,600.172,334.695
1784569758902,12,601.938452211408,332.797124702823,600.366,334.941
1784569759002,12,602.108911738204,333.031016949094,600.56,335.188
1784569759102,12,602.282928792107,333.264909438648,600.753,335.434
1784569759202,12,602.460370289903,333.498771559333,600.947,335.68
1784569759302,12,602.641116105893,333.732578100969,601.141,335.926
1784569759402,12,602.825058241385,333.966308927905,601.335,336.173
1784569759502,12,603.012096610751,334.199945429559,601.528,336.419
1784569759602,12,603.202124708828,334.433459606159,601.722,336.665
1784569759702,12,603.395025367406,334.666810520198,601.916,336.911
1784569759802,12,603.590672613547,334.899945275376,602.11,337.158
1784569759902,12,603.788942605369,335.132806291158,602.304,337.404
1784569760002,12,603.98971889958,335.365333138139,602.497,337.65
1784569760102,12,604.192892556546,335.59746416524,602.691,337.896
1784569760202,12,604.398361507123,335.829137902523,602.885,338.143
1784569760302,12,604.6060306421,336.060292621359,603.079,338.389
1784569760402,12,604.815812643474,336.290866987047,603.272,338.635
1784569760502,12,605.027632083661,336.520803641986,603.466,338.881
1784569760602,12,605.241422429232,336.750049450811,603.66,339.127
1784569760702,12,605.457126542298,336.978554476552,603.854,339.374
1784569760802,12,605.674695756363,337.206271157447,604.047,339.62
1784569760902,12,605.894089478889,337.433154237073,604.241,339.866
1784569761002,12,606.115274730947,337.65916031896,604.435,340.112
1784569761102,12,606.338226536049,337.884248391327,604.629,340.359
1784569761202,12,606.562927487249,338.108379555768,604.822,340.605
1784569761302,12,606.78936744937,338.331516077567,605.016,340.851
1784569761402,12,607.017542009782,338.553620514211,605.21,341.097
1784569761502,12,607.247452307799,338.774656568981,605.404,341.344
1784569761602,12,607.479104789022,338.994593104703,605.598,341.59
1784569761702,12,607.712511202753,339.213404794964,605.791,341.836
1784569761802,12,607.947691418084,339.431071365354,605.985,342.082
1784569761902,12,608.184673979014,339.647577418365,606.179,342.329
1784569762002,12,608.423495182732,339.862912616066,606.373,342.575
1784569762102,12,608.664198119107,340.077071067112,606.566,342.821
1784569762202,12,608.906832148394,340.290050891597,606.76,343.067
1784569762302,12,609.151452153364,340.501853459515,606.954,343.314
1784569762402,12,609.398118532098,340.712482703838,607.148,343.56
1784569762502,12,609.646897479229,340.92194540886,607.341,343.806
1784569762602,12,609.897861538039,341.13025117478,607.535,344.052
1784569762702,12,610.151089127041,341.337412614152,607.729,344.299
1784569762802,12,610.406663949305,341.543447126951,607.923,344.545
1784569762902,12,610.664673986733,341.748376637015,608.117,344.791
1784569763002,12,610.925210441418,341.952226767814,608.31,345.037
1784569763102,12,611.188366389814,342.155026348481,608.504,345.284
1784569763202,12,611.454235534811,342.356807588163,608.698,345.53
1784569763302,12,611.722911270797,342.557606362487,608.892,345.776
1784569763402,12,611.994486133648,342.757461527302,609.085,346.022
1784569763502,12,612.269050317125,342.956414122332,609.279,346.268
1784569763602,12,612.546691979816,343.154507010845,609.473,346.515
1784569763702,12,612.827496410744,343.35178409205,609.667,346.761
1784569763802,12,613.111544281197,343.548289418474,609.86,347.007
1784569763902,12,613.398909066509,343.744066450743,610.054,347.253
1784569764002,12,613.689657385754,343.939157182195,610.248,347.5
1784569764102,12,613.983849264047,344.133601499467,610.442,347.746
1784569764202,12,614.281541084175,344.327437377572,610.635,347.992
1784569764302,12,614.582785968237,344.520701695451,610.971,348.213
1784569764402,12,614.88763510691,344.713435123535,611.401,348.416
1784569764502,12,615.19613706035,344.905682030682,611.83,348.62
1784569764602,12,615.508336452931,345.097487031888,612.26,348.824
1784569764702,12,615.824272559617,345.288893450833,612.69,349.027
1784569764802,12,616.143977844211,345.479942422118,613.119,349.231
1784569764902,12,616.467476480702,345.670672208639,613.549,349.435
1784569765002,12,616.794782780325,345.861118424881,613.979,349.638
1784569765102,12,617.125899759329,346.051314847793,614.409,349.842
1784569765202,12,617.460819267155,346.2412946393,614.838,350.046
1784569765302,12,617.799521848244,346.431090361297,615.268,350.249
1784569765402,12,618.141976910915,346.620733264591,615.698,350.453
1784569765502,12,618.488143904323,346.810252676367,616.127,350.657
1784569765602,12,618.837973393479,346.999676736578,616.557,350.86
1784569765702,12,619.191407489732,347.189034370647,616.987,351.064
1784569765802,12,619.548379972848,347.378355975888,617.416,351.267
1784569765902,12,619.908815776908,347.567672616555,617.846,351.471
1784569766002,12,620.272635673401,347.757017434534,618.276,351.675
1784569766102,12,620.639768350763,347.946433289714,618.706,351.878
1784569766202,12,621.010150421363,348.135972970853,619.135,352.082
1784569766302,12,621.383719081161,348.325694230276,619.565,352.286
1784569766402,12,621.760410725411,348.515657876864,619.995,352.489
1784569766502,12,622.140158835743,348.705926888033,620.424,352.693
1784569766602,12,622.522892216638,348.896565635569,620.854,352.897
1784569766702,12,622.908534664009,349.087639647612,621.284,353.1
1784569766802,12,623.297006105358,349.279215819052,621.713,353.304
1784569766902,12,623.68822331345,349.471362578746,622.143,353.507
1784569767002,12,624.082099790098,349.664149252062,622.573,353.711
1784569767102,12,624.478549320311,349.857645573096,623.003,353.915
1784569767202,12,624.877488296677,350.051922329168,623.432,354.118
1784569767302,12,625.278836000788,350.247052705799,623.862,354.322
1784569767402,12,625.682512852729,350.443111548305,624.292,354.526
1784569767502,12,626.088438996768,350.640174916023,624.721,354.729
1784569767602,12,626.496533247003,350.838319712272,625.151,354.933
1784569767702,12,626.906712539121,351.037623080164,625.581,355.137
1784569767802,12,627.318894686111,351.238162528037,626.01,355.34
1784569767902,12,627.732997624567,351.440015831116,626.44,355.544
1784569768002,12,628.148938725287,351.643259677225,626.87,355.748
1784569768102,12,628.566637815444,351.847969826039,627.3,355.951
1784569768202,12,628.9860164719,352.054222225785,627.729,356.155
1784569768302,12,629.406996203094,352.262092345984,628.159,356.358
1784569768402,12,629.829497529491,352.471654565068,628.589,356.562
1784569768502,12,630.253440131097,352.68298191265,629.018,356.766
1784569768602,12,630.678741905546,352.89614545148,629.448,356.969
1784569768702,12,631.105319372397,353.111214238841,629.878,357.173
1784569768802,12,631.533087298733,353.328255424921,630.307,357.377
1784569768902,12,631.961958506342,353.54733487364,630.737,357.58
1784569769002,12,632.391846125962,353.768517752873,631.167,357.784
1784569769102,12,632.822664480093,353.99186809092,631.597,357.988
1784569769202,12,633.254328354372,354.217448484071,632.026,358.191
1784569769302,12,633.686752254044,354.445321752194,632.456,358.395
1784569769402,12,634.119851761545,354.675550805883,632.886,358.598
1784569769502,12,634.553544629123,354.908198956976,633.315,358.802
1784569769602,12,634.987749638829,355.143330866714,633.745,359.006
1784569769702,12,635.422385060018,355.381012787307,634.175,359.209
1784569769802,12,635.857368050256,355.621311712497,634.604,359.413
1784569769902,12,636.292616728601,355.864294324913,635.034,359.617
1784569770002,12,636.728050178234,356.110026128542,635.464,359.82
1784569770102,12,637.163588348523,356.35857128009,635.894,360.024
1784569770202,12,637.599150656145,356.609992079739,636.323,360.228
1784569770302,12,638.034654721832,356.864349403167,636.753,360.431
1784569770402,12,638.470014759009,357.121701984286,637.183,360.635
1784569770502,12,638.905140482135,357.38210583284,637.612,360.839
1784569770602,12,639.339936098414,357.645614548694,638.031,361.048
1784569770702,12,639.774301325335,357.912278467225,638.439,361.264
1784569770802,12,640.208130117821,358.182141820662,638.848,361.48
1784569770902,12,640.641308516259,358.455235068102,639.256,361.696
1784569771002,12,641.073712141715,358.731572025468,639.664,361.911
1784569771102,12,641.505204048327,359.01114888811,640.072,362.127
1784569771202,12,641.935632906154,359.29394439817,640.48,362.343
1784569771302,12,642.36483319107,359.579921035821,640.889,362.559
1784569771402,12,642.792629257295,359.869028551183,641.297,362.775
1784569771502,12,643.218836183012,360.161203773561,641.705,362.99
1784569771602,12,643.643258195068,360.456369222593,642.113,363.206
1784569771702,12,644.065686610231,360.754431598205,642.521,363.422
1784569771802,12,644.485897849866,361.055280363961,642.93,363.638
1784569771902,12,644.903652724846,361.358786613522,643.338,363.853
1784569772002,12,645.318699926526,361.664804267788,643.746,364.069
1784569772102,12,645.730778242248,361.973175170941,644.154,364.285
1784569772202,12,646.139615366077,362.283728021635,644.563,364.501
1784569772302,12,646.544926742958,362.596272126278,644.971,364.717
1784569772402,12,646.946416716622,362.910595562874,645.379,364.932
1784569772502,12,647.343777394584,363.22646699374,645.787,365.148
1784569772602,12,647.736687112854,363.543635015763,646.195,365.364
1784569772702,12,648.124812652063,363.861828816218,646.604,365.58
1784569772802,12,648.507818491563,364.180765182891,647.012,365.796
1784569772902,12,648.885367679307,364.500149138172,647.42,366.011
1784569773002,12,649.257120038263,364.819672446774,647.828,366.227
1784569773102,12,649.622730891134,365.139012312435,648.237,366.443
1784569773202,12,649.981853798492,365.457832808185,648.645,366.659
1784569773302,12,650.334149676355,365.775795097559,649.053,366.874
1784569773402,12,650.679288808021,366.092570304221,649.461,367.09
1784569773502,12,651.016949489525,366.407845413103,649.869,367.306
1784569773602,12,651.346816376884,366.721330147971,650.278,367.522
1784569773702,12,651.668578312622,367.032757427304,650.686,367.738
1784569773802,12,651.981924902903,367.341881898469,651.094,367.953
1784569773902,12,652.286543771308,367.648476012824,651.502,368.169
1784569774002,12,652.582115978443,367.95231870949,651.91,368.385
1784569774102,12,652.868315864201,368.253194204293,652.319,368.601
1784569774202,12,653.144821341842,368.550902858901,652.727,368.816
1784569774302,12,653.411328561735,368.845268575419,653.135,369.032
1784569774402,12,653.66755410856,369.136138932055,653.543,369.248
1784569774502,12,653.913234924534,369.423383805042,653.952,369.464
1784569774602,12,654.148128210579,369.706892564812,654.36,369.68
1784569774702,12,654.371997130376,369.98656607001,654.768,369.895
1784569774802,12,654.584607140051,370.262311206356,655.176,370.111
1784569774902,12,654.785730452824,370.53404251747,655.584,370.327
1784569775002,12,654.975151152883,370.80168230775,655.993,370.543
1784569775102,12,655.152663254577,371.065158131195,656.401,370.758
1784569775202,12,655.318072972173,371.324405149729,656.809,370.974
1784569775302,12,655.471203130968,371.579373977789,657.217,371.19
1784569775402,12,655.611899815175,371.83003194572,657.626,371.406
1784569775502,12,655.74003333787,372.076361995332,658.034,371.622
1784569775602,12,655.855494855974,372.318360297717,658.442,371.837
1784569775702,12,655.95818486202,372.556030263884,658.85,372.053
1784569775802,12,656.048009915787,372.789380202709,659.258,372.269
1784569775902,12,656.12488339674,373.018422381012,659.667,372.485
1784569776002,12,656.188730433898,373.243172624177,660.075,372.7
1784569776102,12,656.239490852759,373.463649471825,660.483,372.916
1784569776202,12,656.277121322483,373.679873391231,660.891,373.132
1784569776302,12,656.301597714045,373.891866187775,661.3,373.348
1784569776402,12,656.312917488855,374.099650287355,661.708,373.564
1784569776502,12,656.311103315626,374.303248847219,662.116,373.779
1784569776602,12,656.296204756941,374.502686587919,662.524,373.995
1784569776702,12,656.268300612116,374.697990279602,662.932,374.211
1784569776802,12,656.227500793633,374.889188083837,663.341,374.427
1784569776902,12,656.173949665519,375.076308665679,663.749,374.643
1784569777002,12,656.107829378485,375.259380608219,664.157,374.858
1784569777102,12,656.029360935484,375.438432400504,664.03,375.024
1784569777202,12,655.938804402444,375.613492223739,663.446,375.147
1784569777302,12,655.836455779512,375.784589140918,662.861,375.27
1784569777402,12,655.722644676707,375.951753843108,662.276,375.394
1784569777502,12,655.597733329399,376.115018118379,661.692,375.517
1784569777602,12,655.462116068119,376.274414207883,661.107,375.64
1784569777702,12,655.316216047883,376.429974792343,660.522,375.763
1784569777802,12,655.160480885886,376.581732661803,659.937,375.886
1784569777902,12,654.995381601416,376.729720872195,659.353,376.009
1784569778002,12,654.821412779367,376.873972573451,658.768,376.133
1784569778102,12,654.639091526964,377.01452159458,658.183,376.256
1784569778202,12,654.448956070321,377.151402124029,657.599,376.379
1784569778302,12,654.251562402458,377.284648365041,657.014,376.502
1784569778402,12,654.047482824445,377.414294634487,656.429,376.625
1784569778502,12,653.837305523231,377.540374857014,655.845,376.748
1784569778602,12,653.621633420264,377.662921780311,655.26,376.871
1784569778702,12,653.401082988381,377.781966887919,654.675,376.995
1784569778802,12,653.176283129268,377.897540791534,654.091,377.118
1784569778902,12,652.947869371705,378.009672353051,653.506,377.241
1784569779002,12,652.71648246779,378.118391298262,652.921,377.364
1784569779102,12,652.482768158845,378.223728637754,652.337,377.487
1784569779202,12,652.24737782851,378.32571628534,651.752,377.61
1784569779302,12,652.010968590889,378.424386818153,651.167,377.733
1784569779402,12,651.774200271862,378.519774560972,650.583,377.857
1784569779502,12,651.537734615406,378.611915132338,649.998,377.98
1784569779602,12,651.302236114701,378.700843420042,649.413,378.103
1784569779702,12,651.068372418138,378.786593149962,648.829,378.226
1784569779802,12,650.836812660518,378.869197653515,648.244,378.349
1784569779902,12,650.608227050282,378.94868862297,647.659,378.472
1784569780002,12,650.383284982072,379.02509700785,647.074,378.596
1784569780102,12,650.162653993918,379.098453941357,646.49,378.719
1784569780202,12,649.946994976439,379.168789423768,645.905,378.842
1784569780302,12,649.736960453733,379.236132221491,645.32,378.965
1784569780402,12,649.533195246499,379.300512055288,644.736,379.088
1784569780502,12,649.336337264428,379.361960932656,644.151,379.211
1784569780602,12,649.147016041703,379.42051323566,643.566,379.334
1784569780702,12,648.965846718699,379.476206174812,642.982,379.458
1784569780802,12,648.793427810284,379.529080711997,642.397,379.581
1784569780902,12,648.630337481514,379.579181301237,641.812,379.704
1784569781002,12,648.477131573338,379.626554560817,641.228,379.827
1784569781102,12,648.334343542621,379.671249192907,640.643,379.95
1784569781202,12,648.202481641978,379.713317818099,640.058,380.073
1784569781302,12,648.082021147648,379.752818665298,639.474,380.197
1784569781402,12,647.973402959837,379.789815893774,638.889,380.32
1784569781502,12,647.877033732944,379.824380284068,638.304,380.443
1784569781602,12,647.793284649369,379.856592405601,637.72,380.566
1784569781702,12,647.722490791203,379.886543334507,637.135,380.689
1784569781802,12,647.66494777042,379.914334413042,636.55,380.812
1784569781902,12,647.620906625045,379.940076106878,635.966,380.935
1784569782002,12,647.590572686121,379.963887411656,635.381,381.059
1784569782102,12,647.574104429577,379.985895129689,635.192,381.135
1784569782202,12,647.571608668914,380.006234161997,635.805,381.118
1784569782302,12,647.583141395629,380.025046782949,636.418,381.101
1784569782402,12,647.608712240185,380.042482256849,637.031,381.084
1784569782502,12,647.648286177176,380.058696730014,637.644,381.068
1784569782602,12,647.70178740421,380.073853151415,638.257,381.051
1784569782702,12,647.769106286268,380.088120133277,638.87,381.034
1784569782802,12,647.850104422255,380.101668601246,639.482,381.017
1784569782902,12,647.9446103025,380.114674760515,640.095,381
1784569783002,12,648.052417573938,380.127321723036,640.708,380.983
1784569783102,12,648.173287626696,380.139798438134,641.321,380.966
1784569783202,12,648.306961201267,380.152298522489,641.934,380.949
1784569783302,12,648.453161088487,380.165020776611,642.547,380.932
1784569783402,12,648.611595428692,380.178168261856,643.16,380.915
1784569783502,12,648.781970552807,380.191949099796,643.773,380.898
1784569783602,12,648.963998821395,380.206580997972,644.386,380.881
1784569783702,12,649.157398055374,380.222292074165,644.999,380.864
1784569783802,12,649.361887568273,380.239319749405,645.612,380.847
1784569783902,12,649.577192511514,380.257910414136,646.225,380.83
1784569784002,12,649.803043171571,380.278319152258,646.838,380.813
1784569784102,12,650.039167367231,380.300808866889,647.451,380.796
1784569784202,12,650.28528604218,380.325645277428,648.063,380.779
1784569784302,12,650.541105440253,380.353077969532,648.676,380.762
1784569784402,12,650.8063142678,380.383335568047,649.289,380.745
1784569784502,12,651.08058249593,380.416625608044,649.902,380.728
1784569784602,12,651.363560327259,380.453135580024,650.515,380.711
1784569784702,12,651.65487774064,380.493037519422,651.128,380.694
1784569784802,12,651.954143373648,380.536489021979,651.741,380.677
1784569784902,12,652.26094315998,380.583633057174,652.354,380.66
1784569785002,12,652.574842682683,380.634597765412,652.967,380.643
1784569785102,12,652.895402259258,380.689499837634,653.58,380.626
1784569785202,12,653.222185318769,380.748458858697,654.193,380.609
1784569785302,12,653.554758477351,380.811601173373,654.806,380.592
1784569785402,12,653.892690673245,380.879058859787,655.419,380.575
1784569785502,12,654.235555201514,380.950970171569,656.031,380.558
1784569785602,12,654.582932710383,381.027484483339,656.644,380.541
1784569785702,12,654.934410488943,381.108754376278,657.257,380.524
1784569785802,12,655.289580841373,381.194926727816,657.87,380.507
1784569785902,12,655.648041407743,381.286146739141,658.483,380.49
1784569786002,12,656.009399113647,381.382557530003,659.096,380.473
1784569786102,12,656.373260247796,381.484288933352,659.709,380.456
1784569786202,12,656.739220845627,381.591441929661,660.322,380.439
1784569786302,12,657.106878911777,381.704098455626,660.935,380.422
1784569786402,12,657.475836825384,381.822324542501,661.548,380.406
1784569786502,12,657.84570144113,381.946170601493,662.161,380.389
1784569786602,12,658.216091410584,382.075675030312,662.774,380.372
1784569786702,12,658.586644557455,382.21086913698,663.387,380.355
1784569786802,12,658.957019095405,382.351780741634,664,380.338
1784569786902,12,659.3268936866,382.498430230116,664.612,380.321
1784569787002,12,659.69596611965,382.650828790828,665.066,380.448
1784569787102,12,660.063952696479,382.808977280371,665.283,380.788
1784569787202,12,660.43059005121,382.972863721535,665.501,381.128
1784569787302,12,660.795630827551,383.142462285547,665.718,381.468
1784569787402,12,661.158841965176,383.317733348018,665.936,381.808
1784569787502,12,661.520006710636,383.498623449798,666.153,382.148
1784569787602,12,661.878923709055,383.685065248855,666.371,382.488
1784569787702,12,662.235405681867,383.876979747592,666.589,382.828
1784569787802,12,662.589281371985,384.074278658857,666.806,383.168
1784569787902,12,662.940394993807,384.276865361403,667.024,383.508
1784569788002,12,663.288604580148,384.484634296733,667.241,383.848
1784569788102,12,663.633780195307,384.697470277695,667.459,384.188
1784569788202,12,663.975803089806,384.915249313601,667.676,384.528
1784569788302,12,664.31456728839,385.137841637856,667.894,384.868
1784569788402,12,664.649980412585,385.365113448368,668.111,385.208
1784569788502,12,664.98196136836,385.59692619718,668.329,385.548
1784569788602,12,665.310441886592,385.833143345202,668.546,385.888
1784569788702,12,665.635364478233,386.073629275391,668.764,386.228
1784569788802,12,665.956682444606,386.318250504281,668.982,386.568
1784569788902,12,666.274358871923,386.566875327951,669.199,386.908
1784569789002,12,666.588366506884,386.819373399786,669.417,387.248
1784569789102,12,666.898695010739,387.075623703564,669.634,387.588
1784569789202,12,667.205362145941,387.335536437815,669.852,387.928
1784569789302,12,667.508410714082,387.599050124115,670.069,388.268
1784569789402,12,667.807911961901,387.866138335646,670.287,388.608
1784569789502,12,668.103964164427,388.136808465016,670.504,388.948
1784569789602,12,668.396684427859,388.411088483535,670.722,389.288
1784569789702,12,668.686203302568,388.689016932964,670.94,389.628
1784569789802,12,668.972658927411,388.970637539693,671.157,389.968
1784569789902,12,669.256194638164,389.255994637512,671.375,390.308
1784569790002,12,669.536957626199,389.545131155336,671.592,390.648
1784569790102,12,669.815096900891,389.838086829806,671.81,390.988
1784569790202,12,670.09075997384,390.134895496552,672.027,391.328
1784569790302,12,670.364096734766,390.435589048901,672.245,391.668
1784569790402,12,670.635269124895,390.74021239779,672.462,392.008
1784569790502,12,670.904447643961,391.048819545089,672.68,392.348
1784569790602,12,671.171796480447,391.361452759222,672.897,392.688
1784569790702,12,671.437485415179,391.67815676237,673.115,393.028
1784569790802,12,671.70167756028,391.99896463558,673.333,393.368
1784569790902,12,671.964519277606,392.323885007975,673.55,393.708
1784569791002,12,672.226144111081,392.652907673407,673.768,394.048
1784569791102,12,672.486672721343,392.986003527605,673.985,394.388
1784569791202,12,672.746208707731,393.323119367042,674.203,394.728
1784569791302,12,673.004834652209,393.664175508934,674.42,395.068
1784569791402,12,673.262613072095,394.009064598104,674.638,395.408
1784569791502,12,673.519590248062,394.357656416431,674.855,395.748
1784569791602,12,673.775812283589,394.709821508556,675.073,396.088
1784569791702,12,674.031328219965,395.065435861219,675.29,396.428
1784569791802,12,674.286188376421,395.424378215306,675.508,396.768
1784569791902,12,674.540438487183,395.786520331131,675.726,397.108
1784569792002,12,674.794105036795,396.151705189359,675.943,397.448
1784569792102,12,675.047186103991,396.519731054476,676.161,397.788
1784569792202,12,675.299658154556,396.890364013584,676.378,398.128
1784569792302,12,675.551490391937,397.263359628571,676.596,398.468
1784569792402,12,675.802656722593,397.638483298671,676.813,398.808
1784569792502,12,676.053137868707,398.015516784033,677.031,399.148
1784569792602,12,676.302920304688,398.394257444788,677.248,399.488
1784569792702,12,676.55199477707,398.774516473549,677.466,399.828
1784569792802,12,676.800355059853,399.15611730617,677.683,400.168
1784569792902,12,677.047996785777,399.538894762141,677.901,400.508
1784569793002,12,677.294916541607,399.922694787573,678.119,400.848
1784569793102,12,677.541112815671,400.30737552905,678.336,401.188
1784569793202,12,677.786589406913,400.692807970777,678.554,401.528
1784569793302,12,678.031355417458,401.07887475893,678.771,401.868
1784569793402,12,678.275424452361,401.465469178075,678.989,402.208
1784569793502,12,678.518814134856,401.85249444613,679.206,402.548
1784569793602,12,678.761546321122,402.239863238676,679.424,402.888
1784569793702,12,679.003646585254,402.627497146286,679.641,403.228
1784569793802,12,679.245143963204,403.015328666867,679.859,403.568
1784569793902,12,679.486072406243,403.403301222494,680.077,403.908
1784569794002,12,679.726470679831,403.791369592095,680.294,404.248
1784569794102,12,679.966381659186,404.179498291986,680.512,404.588
1784569794202,12,680.20585157874,404.567660152759,680.729,404.928
1784569794302,12,680.444929972233,404.955834811607,680.947,405.268
1784569794402,12,680.683669082577,405.344007668611,681.121,405.585
1784569794502,12,680.922123809572,405.73216927273,680.806,405.644
1784569794602,12,681.160350591686,406.120314437289,680.49,405.702
1784569794702,12,681.398404995301,406.508442584642,680.175,405.76
1784569794802,12,681.636338863048,406.896556461355,679.86,405.819
1784569794902,12,681.874196724411,407.284660361169,679.544,405.877
1784569795002,12,682.112014030875,407.672758614992,679.229,405.936
1784569795102,12,682.349815878427,408.060854627474,678.914,405.994
1784569735202,13,534.990607007148,457.075125253908,536.509,457.101
1784569735302,13,534.756928798313,456.981337827172,536.217,456.976
1784569735402,13,534.521803602685,456.886968561015,535.924,456.851
1784569735502,13,534.285233978608,456.792016537022,535.631,456.726
1784569735602,13,534.047226336961,456.696481137352,535.338,456.601
1784569735702,13,533.807790717345,456.600362100351,535.045,456.476
1784569735802,13,533.56693960095,456.503659852817,534.752,456.351
1784569735902,13,533.324685197006,456.406375947832,534.459,456.226
1784569736002,13,533.081039681432,456.308512643889,534.166,456.101
1784569736102,13,532.836016331435,456.210069877753,533.873,455.976
1784569736202,13,532.589630675064,456.111044852089,533.58,455.851
1784569736302,13,532.341901673125,456.011432457474,533.287,455.726
1784569736402,13,532.092852544307,455.911225542377,532.994,455.601
1784569736502,13,531.842509719449,455.810415230374,532.702,455.476
1784569736602,13,531.59089948092,455.708990833382,532.409,455.351
1784569736702,13,531.338045199571,455.606937698806,532.116,455.226
1784569736802,13,531.08396774273,455.504237464026,531.823,455.101
1784569736902,13,530.828686602372,455.400870479251,531.53,454.976
1784569737002,13,530.57222086154,455.296817397749,531.237,454.851
1784569737102,13,530.314590305243,455.192059930346,530.944,454.726
1784569737202,13,530.055816105453,455.086581644695,530.651,454.601
1784569737302,13,529.795920309632,454.980368144029,530.358,454.476
1784569737402,13,529.534926290564,454.873407268445,530.065,454.351
1784569737502,13,529.272859872965,454.76568883628,529.772,454.226
1784569737602,13,529.009750555713,454.65720485939,529.479,454.101
1784569737702,13,528.745632402631,454.547949660407,529.186,453.976
1784569737802,13,528.480542638225,454.437920202026,528.894,453.851
1784569737902,13,528.214517078345,454.327115999493,528.601,453.726
1784569738002,13,527.947588453233,454.215537415298,528.308,453.601
1784569738102,13,527.679784787756,454.10318161841,528.015,453.476
1784569738202,13,527.411127420896,453.990041753576,527.722,453.351
1784569738302,13,527.141631569997,453.876107392315,527.429,453.226
1784569738402,13,526.87130763508,453.761365176879,527.136,453.101
1784569738502,13,526.600162645084,453.645799809977,526.843,452.976
1784569738602,13,526.328201569711,453.5293948565,526.55,452.851
1784569738702,13,526.055428312631,453.412133735689,526.257,452.726
1784569738802,13,525.781845724251,453.293999812199,525.964,452.601
1784569738902,13,525.507455863694,453.17497664285,525.671,452.476
1784569739002,13,525.232260206888,453.055048103217,525.378,452.351
1784569739102,13,524.956258870908,452.934198974409,525.086,452.226
1784569739202,13,524.679450477914,452.812413752677,524.793,452.101
1784569739302,13,524.401831170647,452.689675552434,524.5,451.976
1784569739402,13,524.123394118519,452.565966328231,524.207,451.851
1784569739502,13,523.844129347928,452.441267150254,523.914,451.726
1784569739602,13,523.564023263135,452.315557622117,523.621,451.601
1784569739702,13,523.283059549439,452.188815874067,523.328,451.476
1784569739802,13,523.001220364759,452.061017948545,523.035,451.351
1784569739902,13,522.718486748461,451.932138093189,522.742,451.226
1784569740002,13,522.43483752155,451.802149333623,522.449,451.101
1784569740102,13,522.150249823419,451.671023956476,522.156,450.976
1784569740202,13,521.864700196444,451.538734213012,521.863,450.851
1784569740302,13,521.578163566249,451.405253437713,521.57,450.725
1784569740402,13,521.290611851326,451.270555709901,521.278,450.6
1784569740502,13,521.00201461314,451.134615946176,520.985,450.475
1784569740602,13,520.712339833129,450.99741070862,520.692,450.35
1784569740702,13,520.421553665087,450.858918256683,520.399,450.225
1784569740802,13,520.129620487182,450.719117950869,520.106,450.1
1784569740902,13,519.836503945177,450.577990612633,519.813,449.975
1784569741002,13,519.542167367362,450.435517393751,519.52,449.85
1784569741102,13,519.246572441449,450.291679581943,519.227,449.725
1784569741202,13,518.949679645998,450.14645819162,518.934,449.6
1784569741302,13,518.651448468864,449.999834375994,518.641,449.475
1784569741402,13,518.351838506802,449.851790107275,518.348,449.35
1784569741502,13,518.050810174138,449.70230886359,518.055,449.225
1784569741602,13,517.748323336678,449.551376449269,517.763,449.1
1784569741702,13,517.444337600872,449.398981703012,517.47,448.975
1784569741802,13,517.138812213224,449.245115331589,517.177,448.85
1784569741902,13,516.831707216214,449.089770222561,516.884,448.725
1784569742002,13,516.52298531107,448.932942961888,516.591,448.6
1784569742102,13,516.212612718345,448.774635862979,516.298,448.475
1784569742202,13,515.900557885431,448.614856497736,516.005,448.35
1784569742302,13,515.586790903535,448.453618026131,515.712,448.225
1784569742402,13,515.271279563383,448.290939285188,515.419,448.1
1784569742502,13,514.953989474076,448.126842902313,515.126,447.975
1784569742602,13,514.634885544009,447.961354247447,514.833,447.85
1784569742702,13,514.313933462252,447.794499504392,514.54,447.725
1784569742802,13,513.991100596655,447.626303682139,514.247,447.6
1784569742902,13,513.66635463334,447.456790827205,513.955,447.475
1784569743002,13,513.339662460492,447.28598479298,513.662,447.35
1784569743102,13,513.010990832661,447.113909933063,513.369,447.225
1784569743202,13,512.680307130177,446.940591800553,513.076,447.1
1784569743302,13,512.347578297243,446.766058008651,512.783,446.975
1784569743402,13,512.012769686162,446.590338986793,512.49,446.85
1784569743502,13,511.675841907526,446.413468542964,512.197,446.725
1784569743602,13,511.336751530162,446.235483189911,511.904,446.6
1784569743702,13,510.995453633561,446.056421713846,511.611,446.475
1784569743802,13,510.651903713073,445.876324940442,511.318,446.35
1784569743902,13,510.306059574004,445.695236350422,511.025,446.225
1784569744002,13,509.95788301414,445.513202923325,510.732,446.1
1784569744102,13,509.607341376496,445.330275985864,510.439,445.975
1784569744202,13,509.254408675572,445.146511919043,510.147,445.85
1784569744302,13,508.899065848612,444.961972431683,509.854,445.725
1784569744402,13,508.541300110109,444.776725274698,509.561,445.6
1784569744502,13,508.181103486528,444.590845388079,509.268,445.475
1784569744602,13,507.818471541395,444.404416619714,508.975,445.35
1784569744702,13,507.453402630189,444.217531474648,508.557,445.165
1784569744802,13,507.085898682085,444.0302901459,508.109,444.966
1784569744902,13,506.715965184042,443.842799216859,507.662,444.767
1784569745002,13,506.343612212524,443.655171721302,507.214,444.568
1784569745102,13,505.968855708819,443.467526653038,506.766,444.369
1784569745202,13,505.591718491187,443.279989645478,506.318,444.17
1784569745302,13,505.212229022316,443.092694422736,505.87,443.97
1784569745402,13,504.830418386163,442.905783820737,505.422,443.771
1784569745502,13,504.44632062183,442.71941066418,504.974,443.572
1784569745602,13,504.059973388367,442.533738641272,504.527,443.373
1784569745702,13,503.67141814865,442.348942360119,504.079,443.174
1784569745802,13,503.280699528647,442.165206292531,503.631,442.975
1784569745902,13,502.887863070361,441.982728836045,503.183,442.776
1784569746002,13,502.492955850464,441.801718748912,502.735,442.577
1784569746102,13,502.096027195237,441.62239274167,502.287,442.378
1784569746202,13,501.697127263242,441.444974828694,501.839,442.178
1784569746302,13,501.296306348394,441.269696512323,501.392,441.979
1784569746402,13,500.893615796674,441.096796073114,500.944,441.78
1784569746502,13,500.489109754401,440.926518758178,500.496,441.581
1784569746602,13,500.082846828005,440.759116162423,500.048,441.382
1784569746702,13,499.674890558867,440.594845028297,499.6,441.183
1784569746802,13,499.265308330585,440.433968029052,499.152,440.984
1784569746902,13,498.854169082057,440.276755630554,498.704,440.785
1784569747002,13,498.441541407737,440.123485928848,498.257,440.586
1784569747102,13,498.02749447555,439.974449807869,497.809,440.386
1784569747202,13,497.612099568301,439.829952840178,497.361,440.187
1784569747302,13,497.195430038212,439.690314340017,496.913,439.988
1784569747402,13,496.777560013488,439.555861520622,496.465,439.789
1784569747502,13,496.358564162548,439.426923516807,496.017,439.59
1784569747602,13,495.93851668554,439.30382938696,495.569,439.391
1784569747702,13,495.517491650796,439.186908115868,495.121,439.192
1784569747802,13,495.09556471017,439.076487864259,494.674,438.993
1784569747902,13,494.672815069564,438.97289458683,494.226,438.794
1784569748002,13,494.249327464676,438.876450042756,493.778,438.594
1784569748102,13,493.825192581777,438.787470296688,493.33,438.395
1784569748202,13,493.400502516373,438.706265464765,492.882,438.196
1784569748302,13,492.975348988249,438.633139674173,492.434,437.997
1784569748402,13,492.549819864588,438.568389873634,491.986,437.798
1784569748502,13,492.123996593257,438.51230554748,491.539,437.599
1784569748602,13,491.697952729559,438.465169275711,491.091,437.4
1784569748702,13,491.271753372398,438.427257080735,490.643,437.201
1784569748802,13,490.845456792312,438.398838278234,490.195,437.002
1784569748902,13,490.419116033644,438.380174228899,489.747,436.802
1784569749002,13,489.992779199282,438.371518260722,489.299,436.603
1784569749102,13,489.5664910204,438.373115650477,488.851,436.404
1784569749202,13,489.14029372724,438.385203558054,488.404,436.205
1784569749302,13,488.714224087087,438.408010011949,487.956,436.006
1784569749402,13,488.288312327636,438.441753191086,487.508,435.807
1784569749502,13,487.862581995976,438.486639497428,487.06,435.608
1784569749602,13,487.437046945608,438.542862052383,486.612,435.409
1784569749702,13,487.011711479882,438.610600118007,486.164,435.21
1784569749802,13,486.586573034475,438.690018319471,485.716,435.01
1784569749902,13,486.161624397272,438.781265454274,485.268,434.811
1784569750002,13,485.736854604634,438.884470919825,484.821,434.612
1784569750102,13,485.312245516693,438.99974197058,484.373,434.413
1784569750202,13,484.887768511688,439.127160463977,483.925,434.214
1784569750302,13,484.463385391738,439.266782540248,483.477,434.015
1784569750402,13,484.03904967092,439.418637977681,483.029,433.816
1784569750502,13,483.614706836764,439.582728351534,482.581,433.617
1784569750602,13,483.190297581948,439.759025551999,482.133,433.418
1784569750702,13,482.765757421255,439.947470308114,481.686,433.218
1784569750802,13,482.341015451065,440.147971188455,481.305,433.5
1784569750902,13,481.91599364741,440.360403735063,480.97,434.107
1784569751002,13,481.490606845679,440.584610065823,480.635,434.713
1784569751102,13,481.064764031368,440.820400977904,480.301,435.32
1784569751202,13,480.638369804447,441.06755984229,479.966,435.927
1784569751302,13,480.211324473218,441.325845468481,479.631,436.534
1784569751402,13,479.783522485417,441.594995101843,479.296,437.141
1784569751502,13,479.354853357744,441.874724786562,478.961,437.748
1784569751602,13,478.925202686179,442.164729451917,478.626,438.355
1784569751702,13,478.494453680322,442.464683996566,478.292,438.962
1784569751802,13,478.062488057509,442.774245947809,477.957,439.569
1784569751902,13,477.629185793954,443.093057160964,477.622,440.176
1784569752002,13,477.194426065171,443.42074436399,477.287,440.783
1784569752102,13,476.758087409457,443.756919169904,476.952,441.39
1784569752202,13,476.320048311195,444.101181113416,476.618,441.997
1784569752302,13,475.880186630119,444.453119655241,476.283,442.604
1784569752402,13,475.438379899344,444.812315171979,475.948,443.211
1784569752502,13,474.994505078108,445.178340253463,475.613,443.818
1784569752602,13,474.548439914462,445.550760155785,475.278,444.425
1784569752702,13,474.100064403208,445.929133696668,474.943,445.032
1784569752802,13,473.649260831602,446.313015156567,474.609,445.639
1784569752902,13,473.195914785192,446.701955445857,474.274,446.246
1784569753002,13,472.739915097746,447.095502995642,473.939,446.853
1784569753102,13,472.281154526046,447.493205862179,473.604,447.46
1784569753202,13,471.819531084258,447.894612412456,473.269,448.067
1784569753302,13,471.354948325514,448.299273954954,472.935,448.674
1784569753402,13,470.887316438852,448.706748094647,472.6,449.281
1784569753502,13,470.416553225633,449.116598361863,472.265,449.888
1784569753602,13,469.942585750624,449.528393627545,471.93,450.495
1784569753702,13,469.465351737121,449.941711212046,471.595,451.102
1784569753802,13,468.984801090538,450.35613796815,471.26,451.709
1784569753902,13,468.500897530111,450.771271788282,470.926,452.316
1784569754002,13,468.01361938077,451.186720862505,470.591,452.923
1784569754102,13,467.52295812379,451.602103699039,470.256,453.53
1784569754202,13,467.028919662048,452.017051071332,469.921,454.137
1784569754302,13,466.531526171951,452.431208265439,469.586,454.744
1784569754402,13,466.030816888236,452.84423472142,469.252,455.351
1784569754502,13,465.52684955022,453.255803294955,468.917,455.958
1784569754602,13,465.019700556587,453.665602793907,468.582,456.565
1784569754702,13,464.509465631557,454.073338997729,468.247,457.172
1784569754802,13,463.996259877871,454.478735007556,467.912,457.779
1784569754902,13,463.480218368862,454.881533433993,467.577,458.386
1784569755002,13,462.961495734153,455.281497425587,467.243,458.993
1784569755102,13,462.440266503831,455.678410081466,466.809,459.488
1784569755202,13,461.916726893249,456.072074322631,466.165,459.743
1784569755302,13,461.391096048064,456.46231291204,465.521,459.998
1784569755402,13,460.863617466923,456.848969218207,464.877,460.252
1784569755502,13,460.33455888986,457.231906493491,464.234,460.507
1784569755602,13,459.804208317228,457.611008410484,463.59,460.762
1784569755702,13,459.272873429246,457.986179229619,462.946,461.017
1784569755802,13,458.74088206134,458.357343083577,462.302,461.272
1784569755902,13,458.208583148999,458.72444240758,461.658,461.527
1784569756002,13,457.676345198657,459.087436198413,461.014,461.782
1784569756102,13,457.144554868776,459.4462983971,460.37,462.037
1784569756202,13,456.613613673243,459.801016355496,459.726,462.292
1784569756302,13,456.083937128223,460.151588279603,459.082,462.546
1784569756402,13,455.555954160248,460.498021721595,458.438,462.801
1784569756502,13,455.030101702079,460.840333537569,457.794,463.056
1784569756602,13,454.506814500359,461.178548662439,457.15,463.311
1784569756702,13,453.986527204315,461.512699426662,456.506,463.566
1784569756802,13,453.469686843001,461.842827640984,455.862,463.821
1784569756902,13,452.956755263046,462.168984303597,455.219,464.076
1784569757002,13,452.448201464438,462.491229476582,454.575,464.331
1784569757102,13,451.944501131089,462.809631114975,453.931,464.586
1784569757202,13,451.446136986949,463.124263557017,453.287,464.84
1784569757302,13,450.953595114059,463.435206377395,452.643,465.095
1784569757402,13,450.467364398799,463.742544844069,451.999,465.35
1784569757502,13,449.987935788319,464.046371100984,451.355,465.605
1784569757602,13,449.51580356279,464.34678365369,450.711,465.86
1784569757702,13,449.051462370518,464.643886039578,450.067,466.115
1784569757802,13,448.595392903243,464.93778546454,449.423,466.37
1784569757902,13,448.148059398585,465.228591737635,448.779,466.625
1784569758002,13,447.709909318267,465.516416555114,448.135,466.88
1784569758102,13,447.281374590804,465.801372923466,447.491,467.134
1784569758202,13,446.862872500081,466.083576984552,446.847,467.389
1784569758302,13,446.454805311254,466.363149968118,446.203,467.644
1784569758402,13,446.057556642577,466.640217597981,445.56,467.899
1784569758502,13,445.671490151212,466.914909061429,444.916,468.154
1784569758602,13,445.296949382395,467.187355909383,444.272,468.409
1784569758702,13,444.934259173152,467.457691396109,443.628,468.664
1784569758802,13,444.583727411455,467.726050184289,442.984,468.919
1784569758902,13,444.245646725075,467.992568961958,442.34,469.174
1784569759002,13,443.92029291712,468.257386413007,441.696,469.428
1784569759102,13,443.607913712849,468.520642174697,441.052,469.683
1784569759202,13,443.308727208865,468.782476157829,440.408,469.938
1784569759302,13,443.02292469396,469.043029766347,439.764,470.193
1784569759402,13,442.750674628778,469.302446182075,439.12,470.448
1784569759502,13,442.492121541853,469.560869775677,439.336,470.713
1784569759602,13,442.247384878556,469.818444987101,439.552,470.977
1784569759702,13,442.016553696648,470.075315104853,439.768,471.242
1784569759802,13,441.799685331436,470.331620446626,439.984,471.506
1784569759902,13,441.596804249976,470.58749459928,440.2,471.771
1784569760002,13,441.407904342119,470.843061343922,440.416,472.035
1784569760102,13,441.232951191813,471.098430634059,440.632,472.3
1784569760202,13,441.071885005117,471.353700223707,440.848,472.564
1784569760302,13,440.924628700376,471.60895773206,441.064,472.829
1784569760402,13,440.791091090537,471.864287530655,441.28,473.093
1784569760502,13,440.671170005834,472.119771604159,441.496,473.358
1784569760602,13,440.564753524534,472.375488524668,441.713,473.623
1784569760702,13,440.471720854715,472.631512085968,441.929,473.887
1784569760802,13,440.391944105831,472.887910634407,442.145,474.152
1784569760902,13,440.32528874577,473.144748208301,442.361,474.416
1784569761002,13,440.271611956375,473.402083921687,442.577,474.681
1784569761102,13,440.230760161809,473.65997140599,442.793,474.945
1784569761202,13,440.202571577752,473.918460181234,443.009,475.21
1784569761302,13,440.186876471801,474.177595092779,443.225,475.474
1784569761402,13,440.183497087146,474.437415115986,443.441,475.739
1784569761502,13,440.192247643471,474.69795312584,443.657,476.003
1784569761602,13,440.212934112858,474.95923850471,443.873,476.268
1784569761702,13,440.245353289091,475.221297325064,444.089,476.532
1784569761802,13,440.289292467737,475.484152191285,444.305,476.797
1784569761902,13,440.344530411077,475.747824797947,444.521,477.062
1784569762002,13,440.410841642091,476.012335646483,444.737,477.326
1784569762102,13,440.487998803285,476.277703080757,444.953,477.591
1784569762202,13,440.575777804662,476.543943450915,445.169,477.855
1784569762302,13,440.673957980901,476.811071454218,445.385,478.12
1784569762402,13,440.782318335085,477.079099654527,445.601,478.384
1784569762502,13,440.900636243157,477.348038629738,445.817,478.649
1784569762602,13,441.02868694022,477.617896199686,446.033,478.913
1784569762702,13,441.166242939903,477.888676587638,446.249,479.178
1784569762802,13,441.313074450174,478.160378736437,446.465,479.442
1784569762902,13,441.468953739394,478.432995748825,446.681,479.707
1784569763002,13,441.633658222001,478.706517004892,446.897,479.971
1784569763102,13,441.806967896379,478.980927732216,447.113,480.236
1784569763202,13,441.988667322787,479.25620819356,447.329,480.501
1784569763302,13,442.178545500356,479.532334695847,447.545,480.765
1784569763402,13,442.376394099088,479.809280451595,447.761,481.03
1784569763502,13,442.582006765317,480.087014704156,447.977,481.294
1784569763602,13,442.795179976376,480.365501669396,448.193,481.559
1784569763702,13,443.01571324646,480.644700746275,448.409,481.823
1784569763802,13,443.243409787687,480.924568353639,448.625,482.088
1784569763902,13,443.478075920074,481.20505995106,448.841,482.352
1784569764002,13,443.719519969192,481.486129421967,449.057,482.617
1784569764102,13,443.967551222872,481.767727758378,449.273,482.881
1784569764202,13,444.221979054936,482.049802660045,449.489,483.146
1784569764302,13,444.482616180742,482.332301724221,449.705,483.411
1784569764402,13,444.749291597548,482.615175413783,449.921,483.675
1784569764502,13,445.021852837172,482.898376087763,450.137,483.94
1784569764602,13,445.300164716726,483.18185543193,450.353,484.204
1784569764702,13,445.584105965135,483.465565352764,450.569,484.469
1784569764802,13,445.873559541948,483.749456929738,450.785,484.733
1784569764902,13,446.168409337679,484.033479493222,451.001,484.998
1784569765002,13,446.468541579514,484.317582246133,451.217,485.262
1784569765102,13,446.773851113732,484.601716608634,451.433,485.527
1784569765202,13,447.084236576549,484.885833980105,451.649,485.791
1784569765302,13,447.399598902853,485.16988408776,451.865,486.056
1784569765402,13,447.719839934992,485.453814186967,452.081,486.32
1784569765502,13,448.044859743988,485.737567823152,452.297,486.585
1784569765602,13,448.374555129648,486.021083377664,452.513,486.85
1784569765702,13,448.708820128041,486.304293249776,452.729,487.114
1784569765802,13,449.047548080723,486.587124931423,452.945,487.379
1784569765902,13,449.390631157833,486.869503698453,453.161,487.643
1784569766002,13,449.73795955014,487.151353906144,453.377,487.908
1784569766102,13,450.089419084162,487.432599423099,453.593,488.172
1784569766202,13,450.444889806146,487.713162659017,453.809,488.437
1784569766302,13,450.804246215664,487.992963626096,454.025,488.701
1784569766402,13,451.167356070534,488.271919762655,454.241,488.966
1784569766502,13,451.534078703885,488.549943864498,454.457,489.23
1784569766602,13,451.904263472292,488.826944153084,454.673,489.495
1784569766702,13,452.277748912528,489.102824724804,454.889,489.759
1784569766802,13,452.654362365544,489.377486614111,455.105,490.024
1784569766902,13,453.033918849149,489.650829031821,455.322,490.289
1784569767002,13,453.416219586974,489.922751136746,455.538,490.553
1784569767102,13,453.801056183856,490.193156205129,455.754,490.818
1784569767202,13,454.188230039876,490.461952463872,455.97,491.082
1784569767302,13,454.577557955763,490.729053682553,456.186,491.347
1784569767402,13,454.968871876908,490.994378352549,456.402,491.611
1784569767502,13,455.362017333801,491.257848571819,456.618,491.876
1784569767602,13,455.756851651887,491.519389905596,456.834,492.14
1784569767702,13,456.1532423808,491.778932619184,457.05,492.405
1784569767802,13,456.55106598696,492.036411421886,457.266,492.669
1784569767902,13,456.950206478122,492.291764535996,457.482,492.934
1784569768002,13,457.350553922093,492.544932797833,457.698,493.199
1784569768102,13,457.752003850886,492.795859349243,457.914,493.463
1784569768202,13,458.154456905142,493.044491139317,458.155,493.711
1784569768302,13,458.557818636347,493.290779166882,458.53,493.872
1784569768402,13,458.961998838262,493.534678138893,458.904,494.033
1784569768502,13,459.366910103762,493.776146481565,459.279,494.194
1784569768602,13,459.77246621047,494.015145568438,459.653,494.355
1784569768702,13,460.1785820702,494.251639311075,460.028,494.516
1784569768802,13,460.585176266881,494.485594478234,460.402,494.677
1784569768902,13,460.992171760292,494.716980224085,460.777,494.837
1784569769002,13,461.399495373666,494.94576708405,461.152,494.998
1784569769102,13,461.807077072014,495.17192603523,461.526,495.159
1784569769202,13,462.214849720653,495.395428288196,461.901,495.32
1784569769302,13,462.622748153645,495.616246162503,462.275,495.481
1784569769402,13,463.030707692287,495.834352718673,462.65,495.642
1784569769502,13,463.438662854926,496.049721338738,463.024,495.803
1784569769602,13,463.846548357629,496.262325154957,463.399,495.964
1784569769702,13,464.254300626317,496.472137265956,463.773,496.125
1784569769802,13,464.661856605329,496.679130113933,464.148,496.286
1784569769902,13,465.06915156572,496.883274571277,464.522,496.447
1784569770002,13,465.476113523309,497.084539216544,464.897,496.608
1784569770102,13,465.882650093748,497.282889545644,465.272,496.769
1784569770202,13,466.28864092139,497.478286952433,465.646,496.93
1784569770302,13,466.693935566709,497.670688070264,466.021,497.09
1784569770402,13,467.098354102528,497.860044518874,466.395,497.251
1784569770502,13,467.501691220122,498.046302925493,466.77,497.412
1784569770602,13,467.903733841732,498.229407154205,467.144,497.573
1784569770702,13,468.304267528649,498.409298434655,467.519,497.734
1784569770802,13,468.703076226571,498.585914830203,467.893,497.895
1784569770902,13,469.09994175856,498.759191150259,468.268,498.056
1784569771002,13,469.494644702821,498.929059225562,468.643,498.217
1784569771102,13,469.886966048986,499.095447823258,469.017,498.378
1784569771202,13,470.27668631569,499.258282403903,469.392,498.539
1784569771302,13,470.663584014628,499.417484984501,469.766,498.7
1784569771402,13,471.047435287896,499.572974194312,470.141,498.861
1784569771502,13,471.428014377667,499.724664979045,470.515,499.022
1784569771602,13,471.805093125649,499.872468990062,470.89,499.183
1784569771702,13,472.178440530792,500.016294679118,471.264,499.343
1784569771802,13,472.547822508463,500.156047400878,471.639,499.504
1784569771902,13,472.913001547945,500.291629715563,472.013,499.665
1784569772002,13,473.273738171771,500.422941677735,472.388,499.826
1784569772102,13,473.629790332151,500.54988084641,472.763,499.987
1784569772202,13,473.980913794187,500.672342048808,473.137,500.148
1784569772302,13,474.326863991579,500.790217081372,473.512,500.309
1784569772402,13,474.667395850421,500.903394778237,473.886,500.47
1784569772502,13,475.002262819626,501.011762095396,474.261,500.631
1784569772602,13,475.331216954664,501.115204295808,474.635,500.792
1784569772702,13,475.65400826489,501.213604755221,475.01,500.953
1784569772802,13,475.970385605332,501.30684467469,475.384,501.114
1784569772902,13,476.280098071299,501.394803147656,475.759,501.275
1784569773002,13,476.582895695905,501.477357768231,476.133,501.436
1784569773102,13,476.878529721453,501.554385632742,476.508,501.597
1784569773202,13,477.166752056452,501.625763666619,476.883,501.757
1784569773302,13,477.447314956287,501.691368590393,477.257,501.918
1784569773402,13,477.719972227015,501.751077101955,477.632,502.079
1784569773502,13,477.984479584686,501.804766633038,478.006,502.24
1784569773602,13,478.240594512044,501.852316484081,478.381,502.401
1784569773702,13,478.488076926054,501.893607964681,478.755,502.562
1784569773802,13,478.726690751504,501.928524441666,479.13,502.723
1784569773902,13,478.956206283067,501.956951778586,479.504,502.884
1784569774002,13,479.176400995536,501.978778879214,479.879,503.045
1784569774102,13,479.387059425428,501.993898136921,480.253,503.206
1784569774202,13,479.587974000962,502.002206210793,480.628,503.367
1784569774302,13,479.778946263272,502.003604734923,481.003,503.528
1784569774402,13,479.959787558312,501.998000767086,481.377,503.689
1784569774502,13,480.130318681508,501.985307853267,481.752,503.85
1784569774602,13,480.290369482676,501.965446878908,482.126,504.01
1784569774702,13,480.439779777692,501.938346754356,482.501,504.171
1784569774802,13,480.578400290918,501.903944998402,482.875,504.332
1784569774902,13,480.706095004694,501.86218893048,483.25,504.493
1784569775002,13,480.822741911474,501.813036385614,483.624,504.654
1784569775102,13,480.92823472569,501.756456495367,483.999,504.815
1784569775202,13,481.022483883098,501.692430409345,484.373,504.976
1784569775302,13,481.10541950578,501.620951861425,484.748,505.137
1784569775402,13,481.176993393291,501.54202794111,485.123,505.298
1784569775502,13,481.237179165042,501.45568052203,485.497,505.459
1784569775602,13,481.285972483152,501.361947658915,485.491,505.353
1784569775702,13,481.323391514211,501.26088419713,485.196,505.045
1784569775802,13,481.34947686187,501.152562079053,484.901,504.738
1784569775902,13,481.364291270931,501.03706996158,484.606,504.43
1784569776002,13,481.367918511785,500.914512077023,484.311,504.123
1784569776102,13,481.36046114002,500.785007429266,484.016,503.815
1784569776202,13,481.342039927749,500.648689178821,483.721,503.508
1784569776302,13,481.312793580138,500.505703330717,483.426,503.2
1784569776402,13,481.272877672828,500.356207434004,483.131,502.893
1784569776502,13,481.222462586772,500.200370457112,482.836,502.585
1784569776602,13,481.16173194466,500.038372386342,482.541,502.277
1784569776702,13,481.090880960471,499.870403805911,482.247,501.97
1784569776802,13,481.010116025945,499.696665056948,481.952,501.662
1784569776902,13,480.919653981902,499.517365917629,481.657,501.355
1784569777002,13,480.819721286508,499.332725537103,481.362,501.047
1784569777102,13,480.710550573731,499.142971643627,481.067,500.74
1784569777202,13,480.592379700823,498.94834000667,480.772,500.432
1784569777302,13,480.46545145214,498.749073769886,480.477,500.125
1784569777402,13,480.330012998858,498.545422955668,480.182,499.817
1784569777502,13,480.186314714848,498.337643931454,479.887,499.51
1784569777602,13,480.034609881171,498.12599882039,479.592,499.202
1784569777702,13,479.8751547225,497.910755217134,479.297,498.894
1784569777802,13,479.708208984067,497.692185963214,479.003,498.587
1784569777902,13,479.534036463195,497.470568832622,478.708,498.279
1784569778002,13,479.352904311114,497.246186414806,478.413,497.972
1784569778102,13,479.165081063346,497.019325796607,478.118,497.664
1784569778202,13,478.970836135477,496.790277557162,477.823,497.357
1784569778302,13,478.770438436067,496.559335778889,477.528,497.049
1784569778402,13,478.564154102736,496.326797526245,477.233,496.742
1784569778502,13,478.352246541722,496.092962452924,476.938,496.434
1784569778602,13,478.134976603116,495.858132759795,476.643,496.126
1784569778702,13,477.912603375417,495.622613086917,476.348,495.819
1784569778802,13,477.685385039265,495.386709808959,476.054,495.511
1784569778902,13,477.453578457779,495.150731105446,475.759,495.204
1784569779002,13,477.217436680693,494.91498654731,475.464,494.896
1784569779102,13,476.977208079911,494.679786270925,475.169,494.589
1784569779202,13,476.733136015381,494.44544067623,474.874,494.281
1784569779302,13,476.485459652962,494.212260520156,474.579,493.974
1784569779402,13,476.234415107313,493.98055715728,474.284,493.666
1784569779502,13,475.980236308669,493.750642475479,473.989,493.358
1784569779602,13,475.723154224204,493.522828656763,473.694,493.051
1784569779702,13,475.46339457495,493.297427252724,473.399,492.743
1784569779802,13,475.201178049842,493.074748743317,473.104,492.436
1784569779902,13,474.936720896047,492.855102027799,472.81,492.128
1784569780002,13,474.670233683559,492.638794721433,472.515,491.821
1784569780102,13,474.401921223168,492.426133071812,472.22,491.513
1784569780202,13,474.131983193004,492.217421071968,471.925,491.206
1784569780302,13,473.860614616404,492.012960147816,471.63,490.898
1784569780402,13,473.588005909326,491.813047818632,471.335,490.59
1784569780502,13,473.314341062164,491.617977765411,471.04,490.283
1784569780602,13,473.039797061117,491.428039853985,470.745,489.975
1784569780702,13,472.764543874352,491.243518582243,470.45,489.668
1784569780802,13,472.488744421545,491.064692531112,470.155,489.36
1784569780902,13,472.21255504424,490.891833300917,469.86,489.053
1784569781002,13,471.936124647057,490.72520573706,469.566,488.745
1784569781102,13,471.659595418499,490.565067973238,469.271,488.438
1784569781202,13,471.383103963979,490.411670864337,468.976,488.13
1784569781302,13,471.106782295984,490.265257329314,468.681,487.822
1784569781402,13,470.830757760452,490.126061714141,468.386,487.515
1784569781502,13,470.555151705506,489.994309659322,468.091,487.207
1784569781602,13,470.280079713684,489.87021662541,467.796,486.9
1784569781702,13,470.005651198761,489.753986872359,467.501,486.592
1784569781802,13,469.731969943632,489.645812719906,467.206,486.285
1784569781902,13,469.459133695924,489.545874427255,466.911,485.977
1784569782002,13,469.187233363064,489.454339355907,466.617,485.67
1784569782102,13,468.916352703279,489.371359922827,466.322,485.362
1784569782202,13,468.646568535084,489.297073076726,466.027,485.054
1784569782302,13,468.377950670417,489.231599695436,465.732,484.747
1784569782402,13,468.11056075842,489.175043055467,465.437,484.439
1784569782502,13,467.844452625902,489.127487267383,465.142,484.132
1784569782602,13,467.579672334491,489.088996401951,464.866,483.915
1784569782702,13,467.316258582858,489.059614437926,464.687,484.168
1784569782802,13,467.054243752421,489.039365521927,464.509,484.42
1784569782902,13,466.793654757274,489.028254017038,464.33,484.672
1784569783002,13,466.534513274209,489.026264677685,464.151,484.924
1784569783102,13,466.276835790215,489.033364761995,463.973,485.176
1784569783202,13,466.020633091567,489.049504724541,463.794,485.428
1784569783302,13,465.765909365298,489.07461861,463.615,485.681
1784569783402,13,465.512661860862,489.108624094451,463.436,485.933
1784569783502,13,465.260881725007,489.151422905129,463.258,486.185
1784569783602,13,465.010554708264,489.202902938335,463.079,486.437
1784569783702,13,464.761660953559,489.262939812694,462.9,486.689
1784569783802,13,464.51417395116,489.331397183813,462.722,486.941
1784569783902,13,464.268061201296,489.408127352113,462.543,487.194
1784569784002,13,464.023285283395,489.492971699342,462.364,487.446
1784569784102,13,463.779804553676,489.585762068485,462.186,487.698
1784569784202,13,463.537573816375,489.686322218095,462.007,487.95
1784569784302,13,463.296545367983,489.794468443511,461.828,488.202
1784569784402,13,463.056669880566,489.910010196348,461.649,488.454
1784569784502,13,462.817896458297,490.032750543207,461.471,488.707
1784569784602,13,462.580172916054,490.162487275714,461.292,488.959
1784569784702,13,462.343445434553,490.299013540042,461.113,489.211
1784569784802,13,462.107658713628,490.44211835196,460.935,489.463
1784569784902,13,461.872756263534,490.591586808769,460.756,489.715
1784569785002,13,461.638680914837,490.747200393987,460.577,489.967
1784569785102,13,461.405375428291,490.908737674585,460.399,490.219
1784569785202,13,461.172782955466,491.075974613135,460.22,490.472
1784569785302,13,460.940847988282,491.248684553027,460.041,490.724
1784569785402,13,460.709517351914,491.426638224943,459.862,490.976
1784569785502,13,460.478740155758,491.609604936277,459.684,491.228
1784569785602,13,460.248465455255,491.797352814534,459.505,491.48
1784569785702,13,460.018641275091,491.989648655622,459.326,491.732
1784569785802,13,459.789215183407,492.186257826467,459.148,491.985
1784569785902,13,459.560134571093,492.386944592759,458.969,492.237
1784569786002,13,459.331347352655,492.591473238493,458.79,492.489
1784569786102,13,459.102803577175,492.799607838112,458.612,492.741
1784569786202,13,458.87445616628,493.011112350966,458.433,492.993
1784569786302,13,458.646260024001,493.225751458047,458.254,493.245
1784569786402,13,458.41817282273,493.443291330764,458.075,493.498
1784569786502,13,458.19015669272,493.663499276409,457.897,493.75
1784569786602,13,457.962178387862,493.886143474792,457.718,494.002
1784569786702,13,457.734208806339,494.11099305114,457.539,494.254
1784569786802,13,457.506222884514,494.337818234589,457.361,494.506
1784569786902,13,457.278199934217,494.566389980618,457.182,494.758
1784569787002,13,457.050123099822,494.796480263045,457.003,495.011
1784569787102,13,456.82197938524,495.027862300369,456.825,495.263
1784569787202,13,456.593760223493,495.260311702029,456.646,495.515
1784569787302,13,456.365462044628,495.493606349728,456.467,495.767
1784569787402,13,456.137087102385,495.7275261096,456.288,496.019
1784569787502,13,455.908641695789,495.961853297081,456.11,496.271
1784569787602,13,455.680135516906,496.196372186826,455.931,496.524
1784569787702,13,455.451581847412,496.430868441701,455.752,496.776
1784569787802,13,455.222998407379,496.665129492478,455.574,497.028
1784569787902,13,454.99440809339,496.898944979521,455.395,497.28
1784569788002,13,454.765837672459,497.132105970521,455.216,497.532
1784569788102,13,454.537310846546,497.364403985083,455.038,497.784
1784569788202,13,454.308846237575,497.595630383522,454.859,498.036
1784569788302,13,454.080457484804,497.825575399399,454.68,498.289
1784569788402,13,453.852152599667,498.054027244971,454.501,498.541
1784569788502,13,453.623934397564,498.280772547669,454.323,498.793
1784569788602,13,453.395800661105,498.505598795126,454.144,499.045
1784569788702,13,453.167744917258,498.72829516743,453.965,499.297
1784569788802,13,452.939756937558,498.948651775489,453.787,499.549
1784569788902,13,452.711822459166,499.16645910724,453.608,499.802
1784569789002,13,452.483923791303,499.381509203704,453.429,500.054
1784569789102,13,452.256041036146,499.59359668616,453.251,500.306
1784569789202,13,452.02815320734,499.802518681269,453.072,500.558
1784569789302,13,451.800238984833,500.008075163173,452.893,500.81
1784569789402,13,451.572276532831,500.210068445218,452.715,501.062
1784569789502,13,451.344243596513,500.408302851699,452.536,501.315
1784569789602,13,451.116115623585,500.602584527673,452.357,501.567
1784569789702,13,450.887864575588,500.792724142431,452.178,501.819
1784569789802,13,450.659458282719,500.978543154916,452,502.071
1784569789902,13,450.430861093964,501.159874596919,451.821,502.323
1784569790002,13,450.202034708564,501.336562037603,451.642,502.575
1784569790102,13,449.97293836753,501.50845787563,451.464,502.828
1784569790202,13,449.743529522844,501.675421569293,451.285,503.08
1784569790302,13,449.513764181875,501.837318833728,451.106,503.332
1784569790402,13,449.283597442182,501.994021716739,450.928,503.584
1784569790502,13,449.05298313857,502.145408875944,450.749,503.836
1784569790602,13,448.821874479484,502.291367431996,450.57,504.088
1784569790702,13,448.590224476033,502.431794694705,450.391,504.341
1784569790802,13,448.357985677945,502.566598095183,450.213,504.593
1784569790902,13,448.12511094321,502.695695374387,450.034,504.845
1784569791002,13,447.891554440171,502.819015378415,449.855,505.097
1784569791102,13,447.657272398158,502.936498586161,449.677,505.349
1784569791202,13,447.422223713189,503.04809836412,449.498,505.601
1784569791302,13,447.186369076688,503.153780848681,449.319,505.854
1784569791402,13,446.949670244995,503.253524459145,449.141,506.106
1784569791502,13,446.71209034191,503.34731960471,448.962,506.358
1784569791602,13,446.473593352552,503.435168730869,448.783,506.61
1784569791702,13,446.234144834919,503.517087309842,448.604,506.862
1784569791802,13,445.993713140571,503.593105686576,448.426,507.114
1784569791902,13,445.75227085246,503.663271180808,448.247,507.366
1784569792002,13,445.509795701465,503.727648388984,448.068,507.619
1784569792102,13,445.266271586341,503.786319414359,447.89,507.871
1784569792202,13,445.021687979461,503.839384165799,447.711,508.123
1784569792302,13,444.776040114864,503.886961332209,447.517,508.317
1784569792402,13,444.529330000947,503.929188509187,447.173,507.955
1784569792502,13,444.281566875834,503.966222005299,446.829,507.592
1784569792602,13,444.032765509813,503.998236481837,446.485,507.23
1784569792702,13,443.782946384152,504.025423421042,446.141,506.868
1784569792802,13,443.532136109651,504.047987981958,445.797,506.505
1784569792902,13,443.280365611246,504.066147849035,445.453,506.143
1784569793002,13,443.027668405497,504.080132499901,445.109,505.78
1784569793102,13,442.774081168485,504.090182106034,444.765,505.418
1784569793202,13,442.51964420277,504.096543388807,444.421,505.056
1784569793302,13,442.264400169801,504.099466233749,444.077,504.693
1784569793402,13,442.008394120596,504.099202530808,443.733,504.331
1784569793502,13,441.751674485729,504.096005865324,443.389,503.969
1784569793602,13,441.494294046516,504.090130644918,443.045,503.606
1784569793702,13,441.236309356924,504.081829401085,442.701,503.244
1784569793802,13,440.97777798068,504.071349187148,442.357,502.882
1784569793902,13,440.718757881305,504.058930453002,442.013,502.519
1784569794002,13,440.459305490342,504.044805613734,441.669,502.157
1784569794102,13,440.199475539986,504.029198470729,441.325,501.795
1784569794202,13,439.939319871505,504.012323136188,440.981,501.432
1784569794302,13,439.678887927426,503.994383264647,440.637,501.07
1784569794402,13,439.418227401414,503.975570442843,440.293,500.708
1784569794502,13,439.157384425761,503.95606259081,439.949,500.345
1784569794602,13,438.896401907875,503.936022838292,439.605,499.983
1784569794702,13,438.635318496581,503.915597770264,439.261,499.621
1784569794802,13,438.374168251561,503.894914329634,438.917,499.258
1784569794902,13,438.112978109654,503.874075302103,438.574,498.896
1784569795002,13,437.851767921875,503.853157273383,438.23,498.534
1784569795102,13,437.590550520176,503.83221052456,437.886,498.171
1784569735202,14,664.545631872457,556.346984149393,666.467,563.315
1784569735302,14,664.376321029453,556.097715028056,666.219,562.778
1784569735402,14,664.205972621879,555.8469274952,665.971,562.242
1784569735502,14,664.034605406381,555.594665506926,665.722,561.706
1784569735602,14,663.862248395665,555.340995585874,665.474,561.169
1784569735702,14,663.688941253723,555.086005473098,665.226,560.633
1784569735802,14,663.514734927015,554.829804692581,664.978,560.097
1784569735902,14,663.339691868929,554.572524939431,664.729,559.561
1784569736002,14,663.163884965224,554.314318080504,664.481,559.024
1784569736102,14,662.987397724975,554.055353643183,664.233,558.488
1784569736202,14,662.810324109238,553.795817323748,663.984,557.952
1784569736302,14,662.632767492229,553.535909472593,663.736,557.416
1784569736402,14,662.454839841691,553.275842081207,663.488,556.879
1784569736502,14,662.276661752793,553.01583438883,663.24,556.343
1784569736602,14,662.098362251864,552.756113621589,662.991,555.807
1784569736702,14,661.920079388366,552.496915035445,662.743,555.271
1784569736802,14,661.741961070165,552.238481859532,662.495,554.734
1784569736902,14,661.564166456357,551.981067778682,662.246,554.198
1784569737002,14,661.386869027539,551.72493575401,661.998,553.662
1784569737102,14,661.21025483856,551.470351600433,661.75,553.126
1784569737202,14,661.034510778999,551.21761117691,661.501,552.589
1784569737302,14,660.859823148314,550.967049540594,661.253,552.053
1784569737402,14,660.686381180574,550.719040174454,661.005,551.517
1784569737502,14,660.51437606589,550.473989171233,660.757,550.981
1784569737602,14,660.344004456611,550.23233845945,660.508,550.444
1784569737702,14,660.175470644631,549.994558596235,660.26,549.908
1784569737802,14,660.008987733714,549.761131742623,660.012,549.372
1784569737902,14,659.84477279825,549.532547468198,659.763,548.835
1784569738002,14,659.683045967967,549.309299372814,659.515,548.299
1784569738102,14,659.524030446313,549.091885038397,659.267,547.763
1784569738202,14,659.367950448053,548.880805134188,659.019,547.227
1784569738302,14,659.215031309341,548.676556662305,658.77,546.69
1784569738402,14,659.065500499565,548.479631999571,658.522,546.154
1784569738502,14,658.919587687271,548.290518692156,658.274,545.618
1784569738602,14,658.777521640482,548.10969525834,658.025,545.082
1784569738702,14,658.639525850856,547.937629491814,657.777,544.545
1784569738802,14,658.50581552774,547.774780726602,657.529,544.009
1784569738902,14,658.376597551752,547.621600639104,657.281,543.473
1784569739002,14,658.252071161697,547.478532136315,657.032,542.937
1784569739102,14,658.132428786336,547.346007526763,656.784,542.4
1784569739202,14,658.017856680323,547.224440165896,656.536,541.864
1784569739302,14,657.908535435948,547.114219712512,656.287,541.328
1784569739402,14,657.804640277293,547.015709998497,656.039,540.792
1784569739502,14,657.706340899995,546.929248193793,655.791,540.255
1784569739602,14,657.613800077572,546.855143288846,655.543,539.719
1784569739702,14,657.527171942839,546.793672823629,655.294,539.183
1784569739802,14,657.446601130975,546.7450802874,655.046,538.647
1784569739902,14,657.372222362985,546.709573906538,654.798,538.11
1784569740002,14,657.304159648369,546.68732422068,654.549,537.574
1784569740102,14,657.242525378127,546.678461322364,654.301,537.038
1784569740202,14,657.187418614519,546.68307202435,654.053,536.501
1784569740302,14,657.138924442454,546.701198573361,653.904,536.212
1784569740402,14,657.097113593719,546.732838441355,654.079,536.73
1784569740502,14,657.062042633868,546.77794442486,654.254,537.248
1784569740602,14,657.033754591858,546.836425259456,654.429,537.766
1784569740702,14,657.012279608791,546.90814562085,654.604,538.284
1784569740802,14,656.997636159221,546.992926343177,654.78,538.802
1784569740902,14,656.98983194036,547.090546468149,654.955,539.32
1784569741002,14,656.988864190634,547.200745431671,655.13,539.838
1784569741102,14,656.994720327819,547.323224765906,655.305,540.356
1784569741202,14,657.007379473937,547.457651998849,655.48,540.874
1784569741302,14,657.026814035944,547.603662517406,655.655,541.392
1784569741402,14,657.052990274312,547.760861079251,655.831,541.909
1784569741502,14,657.085869394213,547.928822690825,656.006,542.427
1784569741602,14,657.125408107302,548.107095444898,656.181,542.945
1784569741702,14,657.171558980172,548.295201174506,656.356,543.463
1784569741802,14,657.224271751497,548.49263655168,656.531,543.981
1784569741902,14,657.28349386465,548.698875428743,656.706,544.499
1784569742002,14,657.349171340305,548.913370478673,656.881,545.017
1784569742102,14,657.42124940276,549.135554314102,657.057,545.535
1784569742202,14,657.49967303282,549.364840891074,657.232,546.053
1784569742302,14,657.584386887686,549.600626181803,657.407,546.571
1784569742402,14,657.675335271304,549.842289690316,657.582,547.089
1784569742502,14,657.772461952504,550.089196238593,657.757,547.607
1784569742602,14,657.875709841549,550.340697446325,657.932,548.125
1784569742702,14,657.985021033129,550.596131831409,658.108,548.642
1784569742802,14,658.100337398931,550.854826520245,658.283,549.16
1784569742902,14,658.221600839118,551.116098276502,658.458,549.678
1784569743002,14,658.348753803854,551.379255143695,658.633,550.196
1784569743102,14,658.481739523593,551.643597342752,658.808,550.714
1784569743202,14,658.620502554225,551.908419874545,658.983,551.232
1784569743302,14,658.76498922735,552.173013076052,659.158,551.75
1784569743402,14,658.915148447765,552.436662500076,659.334,552.268
1784569743502,14,659.070931527479,552.69865084157,659.509,552.786
1784569743602,14,659.23229237525,552.958258292628,659.684,553.304
1784569743702,14,659.399187670619,553.214762503759,659.859,553.822
1784569743802,14,659.571576520048,553.467440320441,660.034,554.34
1784569743902,14,659.749420077051,553.71556890984,660.209,554.858
1784569744002,14,659.93268129909,553.958429037519,660.385,555.375
1784569744102,14,660.121326024936,554.195305391257,660.56,555.893
1784569744202,14,660.31532267036,554.425486330033,660.735,556.411
1784569744302,14,660.51464145925,554.648264269946,660.91,556.929
1784569744402,14,660.719254245928,554.862938943565,661.085,557.447
1784569744502,14,660.929135077327,555.068819280022,661.26,557.965
1784569744602,14,661.14425968691,555.265225408252,661.436,558.483
1784569744702,14,661.36460490851,555.45148952453,661.611,559.001
1784569744802,14,661.590148065478,555.6269571285,661.786,559.519
1784569744902,14,661.82086714064,555.79098781251,661.961,560.037
1784569745002,14,662.056740464327,555.942956738428,662.136,560.555
1784569745102,14,662.297747241554,556.082258033675,662.311,561.073
1784569745202,14,662.543867369099,556.208306523836,662.486,561.59
1784569745302,14,662.795080780152,556.320538103838,662.662,562.108
1784569745402,14,663.051366740407,556.418410727128,662.837,562.626
1784569745502,14,663.312704110043,556.501405827109,663.012,563.144
1784569745602,14,663.579070502365,556.569031920074,663.187,563.662
1784569745702,14,663.850441061595,556.62082593068,663.362,564.18
1784569745802,14,664.126787560362,556.656353531881,663.61,564.323
1784569745902,14,664.408079023686,556.675209917085,663.985,563.809
1784569746002,14,664.694282761302,556.677020484407,664.36,563.295
1784569746102,14,664.985363804938,556.661442673594,664.736,562.781
1784569746202,14,665.281284590109,556.628171974532,665.111,562.267
1784569746302,14,665.582003990318,556.576964200462,665.486,561.753
1784569746402,14,665.887477022344,556.507641197948,665.861,561.239
1784569746502,14,666.197655539493,556.420090043467,666.236,560.725
1784569746602,14,666.512487479322,556.314259018502,666.611,560.211
1784569746702,14,666.831915966052,556.190154453698,666.986,559.697
1784569746802,14,667.155876979564,556.047831869042,667.362,559.183
1784569746902,14,667.484296397416,555.887388526691,667.737,558.669
1784569747002,14,667.817088153836,555.708961561104,668.112,558.155
1784569747102,14,668.154152698865,555.512725676911,668.487,557.641
1784569747202,14,668.495376332492,555.298897020152,668.862,557.127
1784569747302,14,668.840634509147,555.067734143541,669.237,556.613
1784569747402,14,669.189796301439,554.819535096666,669.613,556.099
1784569747502,14,669.54272424893,554.554637270466,669.988,555.585
1784569747602,14,669.899274409839,554.273413337383,670.363,555.071
1784569747702,14,670.259299435082,553.976252562677,670.738,554.557
1784569747802,14,670.622649811226,553.663555125718,671.113,554.043
1784569747902,14,670.989173018422,553.335732227093,671.488,553.529
1784569748002,14,671.358713105702,552.993205654163,671.863,553.015
1784569748102,14,671.731111344738,552.636406917626,672.239,552.501
1784569748202,14,672.106207107806,552.265777030628,672.614,551.987
1784569748302,14,672.483838832677,551.881764979569,672.989,551.473
1784569748402,14,672.863844841092,551.484826173083,673.364,550.959
1784569748502,14,673.246063067877,551.07542295232,673.739,550.445
1784569748602,14,673.630330739333,550.6540255395,674.114,549.931
1784569748702,14,674.016483404874,550.221113069938,674.489,549.417
1784569748802,14,674.404355724462,549.777172520217,674.865,548.903
1784569748902,14,674.793782691682,549.322697660059,675.24,548.389
1784569749002,14,675.184599492327,548.858188313005,675.615,547.875
1784569749102,14,675.576640668961,548.384151402599,675.99,547.361
1784569749202,14,675.969738786718,547.901100566033,676.365,546.847
1784569749302,14,676.363723255574,547.409552847662,676.74,546.333
1784569749402,14,676.758419495857,546.910027493029,677.115,545.819
1784569749502,14,677.15364963299,546.403046515416,677.491,545.305
1784569749602,14,677.549231764292,545.889136449646,677.866,544.791
1784569749702,14,677.94497986043,545.368829616863,678.241,544.277
1784569749802,14,678.340703679527,544.842664394044,678.616,543.763
1784569749902,14,678.736209689158,544.311183694547,678.991,543.249
1784569750002,14,679.131302271841,543.774935570571,679.366,542.735
1784569750102,14,679.525784280558,543.234472247552,679.742,542.221
1784569750202,14,679.919456843813,542.690349056221,680.117,541.707
1784569750302,14,680.312118547623,542.143124981348,680.492,541.193
1784569750402,14,680.703566830225,541.593358862571,680.867,540.679
1784569750502,14,681.093599490365,541.041605125543,681.234,540.171
1784569750602,14,681.482014682491,540.488413312045,681.571,539.684
1784569750702,14,681.868610848418,539.934327041954,681.908,539.196
1784569750802,14,682.253186428746,539.379885101942,682.245,538.708
1784569750902,14,682.635539819934,538.825621914327,682.582,538.221
1784569751002,14,683.015470932209,538.272064014119,682.918,537.733
1784569751102,14,683.392781052062,537.719727967462,683.255,537.245
1784569751202,14,683.767274495118,537.169119180007,683.592,536.758
1784569751302,14,684.138759994873,536.620729721208,683.929,536.27
1784569751402,14,684.507050622855,536.075038744282,684.266,535.782
1784569751502,14,684.871963037072,535.532514055282,684.603,535.295
1784569751602,14,685.233316066415,534.99361440311,684.94,534.807
1784569751702,14,685.5909293052,534.45879171421,685.277,534.319
1784569751802,14,685.944622162773,533.928492667915,685.614,533.832
1784569751902,14,686.294215320982,533.403157054505,685.951,533.344
1784569752002,14,686.639531731196,532.883216533961,686.288,532.857
1784569752102,14,686.980396093437,532.369095507588,686.625,532.369
1784569752202,14,687.316633655733,531.861212715263,686.962,531.881
1784569752302,14,687.648069733752,531.35998222379,687.299,531.394
1784569752402,14,687.97453033827,530.865811725081,687.636,530.906
1784569752502,14,688.295842329853,530.379102620735,687.973,530.418
1784569752602,14,688.611832833955,529.900250483141,688.31,529.931
1784569752702,14,688.922330209988,529.4296435558,688.647,529.443
1784569752802,14,689.227164207371,528.967663743245,688.983,528.955
1784569752902,14,689.526165530272,528.514687356891,689.32,528.468
1784569753002,14,689.819167027725,528.071083992013,689.657,527.98
1784569753102,14,690.106003970706,527.637217088614,689.994,527.493
1784569753202,14,690.386514793411,527.21344314633,690.331,527.005
1784569753302,14,690.660540687585,526.800111754295,690.668,526.517
1784569753402,14,690.927926534719,526.397562080793,691.005,526.03
1784569753502,14,691.188521938645,526.006122172896,691.342,525.542
1784569753602,14,691.442180533254,525.626110563885,691.679,525.054
1784569753702,14,691.688759186762,525.25783740091,692.016,524.567
1784569753802,14,691.928117430672,524.901603650775,692.353,524.079
1784569753902,14,692.160117583382,524.557702125476,692.69,523.591
1784569754002,14,692.384624545393,524.226418229299,693.027,523.104
1784569754102,14,692.601506773805,523.908028216841,693.364,522.616
1784569754202,14,692.810637224328,523.602797505494,693.701,522.129
1784569754302,14,693.011893497075,523.310980714584,694.038,521.641
1784569754402,14,693.205158471819,523.032821279109,694.375,521.153
1784569754502,14,693.390321381754,522.768550422111,694.711,520.666
1784569754602,14,693.567278678815,522.518384740451,695.048,520.178
1784569754702,14,693.73593444547,522.282525488661,695.385,519.69
1784569754802,14,693.896200741853,522.061157757619,695.722,519.203
1784569754902,14,694.047998528576,521.854449649259,696.059,518.715
1784569755002,14,694.191258330465,521.662550884445,696.396,518.227
1784569755102,14,694.325921255027,521.485590954713,696.733,517.74
1784569755202,14,694.451939575493,521.323679001525,697.07,517.252
1784569755302,14,694.569277169102,521.176902264991,697.407,516.765
1784569755402,14,694.677911238735,521.045322131194,697.744,516.277
1784569755502,14,694.777833409525,520.928971709649,698.081,515.789
1784569755602,14,694.869050398179,520.827855685502,698.126,515.762
1784569755702,14,694.951584919383,520.74195017459,697.981,516.037
1784569755802,14,695.025475562698,520.671202857687,697.836,516.311
1784569755902,14,695.090776193016,520.615532866469,697.691,516.586
1784569756002,14,695.147554637255,520.574832257731,697.546,516.86
1784569756102,14,695.195891587939,520.548969187608,697.401,517.135
1784569756202,14,695.235879755174,520.537789803042,697.256,517.409
1784569756302,14,695.267623130347,520.541119433644,697.111,517.684
1784569756402,14,695.291235641257,520.558763864698,696.966,517.958
1784569756502,14,695.306840503037,520.590511118017,696.82,518.233
1784569756602,14,695.314569749519,520.63613196168,696.675,518.507
1784569756702,14,695.314563471903,520.695380284498,696.53,518.782
1784569756802,14,695.306968930309,520.767995165593,696.385,519.056
1784569756902,14,695.291939678152,520.853702884082,696.24,519.331
1784569757002,14,695.269634675924,520.95221811612,696.095,519.605
1784569757102,14,695.240218017901,521.063244208738,695.95,519.879
1784569757202,14,695.203858390914,521.186473571063,695.805,520.154
1784569757302,14,695.160728516704,521.321587950363,695.66,520.428
1784569757402,14,695.111005011666,521.468259446736,695.515,520.703
1784569757502,14,695.054867995475,521.626150554665,695.369,520.977
1784569757602,14,694.992501008272,521.794914547447,695.224,521.252
1784569757702,14,694.924090318814,521.974197933138,695.079,521.526
1784569757802,14,694.849823737232,522.163642031601,694.934,521.801
1784569757902,14,694.769890195809,522.362882891788,694.789,522.075
1784569758002,14,694.684479738913,522.571550788075,694.644,522.35
1784569758102,14,694.593783445279,522.789269706192,694.499,522.624
1784569758202,14,694.497992929324,523.015656862925,694.354,522.899
1784569758302,14,694.397300339495,523.250323359731,694.209,523.173
1784569758402,14,694.291898597489,523.492874770974,694.064,523.448
1784569758502,14,694.181981166291,523.742910972071,693.918,523.722
1784569758602,14,694.067741680875,524.000025786861,693.773,523.996
1784569758702,14,693.949374245288,524.263806728369,693.628,524.271
1784569758802,14,693.827072858976,524.533839679487,693.483,524.545
1784569758902,14,693.701027792218,524.80972045543,693.338,524.82
1784569759002,14,693.571424543569,525.091057438634,693.193,525.094
1784569759102,14,693.438443149155,525.377473551464,693.048,525.369
1784569759202,14,693.302258487636,525.668605751085,692.903,525.643
1784569759302,14,693.163040902678,525.964103690148,692.758,525.918
1784569759402,14,693.020956416414,526.263629177518,692.612,526.192
1784569759502,14,692.876165330285,526.566858755207,692.467,526.467
1784569759602,14,692.728820866238,526.873486123915,692.322,526.741
1784569759702,14,692.579068757791,527.183222894075,692.177,527.016
1784569759802,14,692.427047613372,527.495798738023,692.032,527.29
1784569759902,14,692.272889391373,527.810961371878,691.887,527.565
1784569760002,14,692.116719782884,528.128476084031,691.742,527.839
1784569760102,14,691.958657822145,528.448124795755,691.597,528.114
1784569760202,14,691.798816268544,528.769704578119,691.452,528.388
1784569760302,14,691.637301995016,529.093025783285,691.307,528.662
1784569760402,14,691.474216374846,529.417910537418,691.161,528.937
1784569760502,14,691.309655919176,529.744191145197,691.016,529.211
1784569760602,14,691.143713090059,530.071706843355,690.871,529.486
1784569760702,14,690.976477058101,530.400301423545,690.726,529.76
1784569760802,14,690.808034362591,530.729820115397,690.581,530.035
1784569760902,14,690.638469665258,531.06010765306,690.436,530.309
1784569761002,14,690.467866511339,531.391007107345,690.291,530.584
1784569761102,14,690.296307952679,531.722359872255,690.146,530.858
1784569761202,14,690.123876911094,532.054004655321,690.001,531.133
1784569761302,14,689.950656081059,532.38577688875,689.856,531.407
1784569761402,14,689.776727937276,532.717510999644,689.71,531.682
1784569761502,14,689.60217525062,533.04904127298,689.565,531.956
1784569761602,14,689.427080112978,533.380200903823,689.42,532.231
1784569761702,14,689.25152360392,533.710821459667,689.275,532.505
1784569761802,14,689.075585401119,534.040733546134,689.13,532.779
1784569761902,14,688.89934412677,534.369767161415,688.985,533.054
1784569762002,14,688.722877955062,534.697750508941,688.84,533.328
1784569762102,14,688.546265010417,535.024508407579,688.695,533.603
1784569762202,14,688.369583088874,535.349860802073,688.55,533.877
1784569762302,14,688.192910111763,535.673621409828,688.405,534.152
1784569762402,14,688.016324639724,535.995596462264,688.259,534.426
1784569762502,14,687.839906052763,536.315585075184,688.114,534.701
1784569762602,14,687.66373404042,536.63337927181,687.969,534.975
1784569762702,14,687.487888602024,536.948764354833,687.824,535.25
1784569762802,14,687.312450476233,537.261519438272,687.679,535.524
1784569762902,14,687.137501304785,537.571417689775,687.534,535.799
1784569763002,14,686.963123932983,537.878226668897,687.389,536.073
1784569763102,14,686.789400433587,538.181714152426,687.244,536.348
1784569763202,14,686.616406224643,538.481665179755,687.099,536.622
1784569763302,14,686.444207840646,538.777885637565,686.953,536.897
1784569763402,14,686.272863742205,539.070200859788,686.808,537.171
1784569763502,14,686.102426282071,539.358453801032,686.663,537.445
1784569763602,14,685.932941793662,539.642502894544,686.518,537.72
1784569763702,14,685.764452789811,539.922215999179,686.373,537.994
1784569763802,14,685.596998183177,540.197470173027,686.228,538.269
1784569763902,14,685.43060999386,540.468159628081,686.083,538.543
1784569764002,14,685.265313052924,540.73419720158,685.938,538.818
1784569764102,14,685.101125438587,540.995515457625,685.793,539.092
1784569764202,14,684.938057690159,541.252070347091,685.648,539.367
1784569764302,14,684.776109009939,541.503849334007,685.502,539.641
1784569764402,14,684.615266218317,541.750874368587,685.357,539.916
1784569764502,14,684.455503466386,541.993201239134,685.212,540.19
1784569764602,14,684.296782051361,542.230918006372,685.067,540.465
1784569764702,14,684.139052099985,542.464142057293,684.922,540.739
1784569764802,14,683.982254046688,542.693017856269,684.777,541.014
1784569764902,14,683.826319373704,542.917714755289,684.632,541.288
1784569765002,14,683.671173113756,543.138422269127,684.487,541.562
1784569765102,14,683.516734441377,543.355349085977,684.342,541.837
1784569765202,14,683.362914909482,543.568725939798,684.197,542.111
1784569765302,14,683.209618985426,543.778803906503,684.021,542.383
1784569765402,14,683.05674596134,543.985848409447,683.845,542.654
1784569765502,14,682.904188956598,544.190143233885,683.669,542.926
1784569765602,14,682.751834461968,544.391991869711,683.492,543.197
1784569765702,14,682.599560174782,544.591720337707,683.316,543.469
1784569765802,14,682.447233709456,544.789681706705,683.14,543.74
1784569765902,14,682.29471331146,544.986255163087,682.964,544.012
1784569766002,14,682.141853054484,545.181833122089,682.788,544.283
1784569766102,14,681.988517119366,545.376787659934,682.611,544.555
1784569766202,14,681.834586677081,545.571450930235,682.435,544.826
1784569766302,14,681.679961161217,545.766114189074,682.259,545.098
1784569766402,14,681.524557581483,545.961038224642,682.083,545.369
1784569766502,14,681.368308500184,546.156455543206,681.906,545.64
1784569766602,14,681.211159869443,546.352571731478,681.73,545.912
1784569766702,14,681.053066117988,546.549574839305,681.554,546.183
1784569766802,14,680.893984786704,546.74764407069,681.378,546.455
1784569766902,14,680.733875996226,546.946950741349,681.201,546.726
1784569767002,14,680.572703686393,547.147656603853,681.025,546.998
1784569767102,14,680.410438462607,547.349909848965,680.849,547.269
1784569767202,14,680.247059308269,547.553843116601,680.673,547.541
1784569767302,14,680.082554344869,547.759572550103,680.497,547.812
1784569767402,14,679.916920505472,547.967198032767,680.32,548.084
1784569767502,14,679.750161432741,548.176806679705,680.144,548.355
1784569767602,14,679.582286509015,548.388477152237,679.968,548.627
1784569767702,14,679.41331013131,548.602284022682,679.792,548.898
1784569767802,14,679.243250428551,548.818298481006,679.615,549.169
1784569767902,14,679.072128774641,549.036589571436,679.439,549.441
1784569768002,14,678.899968968697,549.257224689432,679.263,549.712
1784569768102,14,678.726796741451,549.480269331542,679.087,549.984
1784569768202,14,678.552640171925,549.705787221852,678.911,550.255
1784569768302,14,678.377529895842,549.933841382333,678.734,550.527
1784569768402,14,678.201499394107,550.164494528335,678.558,550.798
1784569768502,14,678.024584599292,550.397808349142,678.382,551.07
1784569768602,14,677.846823929266,550.633843177833,678.206,551.341
1784569768702,14,677.668258642035,550.872658523578,678.029,551.613
1784569768802,14,677.488933170514,551.114312677968,677.853,551.884
1784569768902,14,677.308895803153,551.358862980541,677.677,552.156
1784569769002,14,677.128199169895,551.606365459995,677.501,552.427
1784569769102,14,676.94690037756,551.856874793171,677.325,552.698
1784569769202,14,676.765061324601,552.110445144207,677.148,552.97
1784569769302,14,676.5827479511,552.367130847573,676.972,553.241
1784569769402,14,676.400030027555,552.626986931445,676.796,553.513
1784569769502,14,676.216981043584,552.890068279842,676.62,553.784
1784569769602,14,676.033678173836,553.15642848287,676.443,554.056
1784569769702,14,675.850202283935,553.426119645253,676.267,554.327
1784569769802,14,675.666637614929,553.699194697946,676.091,554.599
1784569769902,14,675.483072095057,553.975707719511,675.915,554.87
1784569770002,14,675.29959716321,554.255714410277,675.738,555.142
1784569770102,14,675.116306525934,554.539271658436,675.562,555.413
1784569770202,14,674.933295745442,554.826437295113,675.386,555.685
1784569770302,14,674.750662303817,555.117269346731,675.21,555.956
1784569770402,14,674.568505739247,555.41182542707,675.034,556.227
1784569770502,14,674.386927005666,555.710164041609,674.857,556.499
1784569770602,14,674.206028184831,556.012344757121,674.681,556.77
1784569770702,14,674.025913052796,556.318429409251,674.505,557.042
1784569770802,14,673.846687252178,556.628481827753,674.329,557.313
1784569770902,14,673.668457563745,556.942567833195,674.152,557.585
1784569771002,14,673.491332355813,557.260755807141,673.976,557.856
1784569771102,14,673.315422228551,557.583115826158,673.8,558.128
1784569771202,14,673.14084003841,557.909718853995,673.624,558.399
1784569771302,14,672.96770028636,558.240635884575,673.448,558.671
1784569771402,14,672.796118793621,558.575937953617,673.271,558.942
1784569771502,14,672.626212847082,558.915696897096,673.095,559.214
1784569771602,14,672.458101739444,559.259985173028,672.919,559.485
1784569771702,14,672.291907058201,559.608875030832,672.743,559.756
1784569771802,14,672.127752184105,559.962437964962,672.566,560.028
1784569771902,14,671.965761175209,560.320743884397,672.39,560.299
1784569772002,14,671.80605907777,560.68386100676,672.214,560.571
1784569772102,14,671.648772709472,561.051855050306,672.038,560.842
1784569772202,14,671.494031370266,561.424789579989,671.862,561.114
1784569772302,14,671.341967226008,561.802725530833,671.685,561.385
1784569772402,14,671.192714508101,562.185721494578,671.509,561.657
1784569772502,14,671.046409194768,562.573832810099,671.333,561.928
1784569772602,14,670.903188659321,562.967110352413,671.157,562.2
1784569772702,14,670.763189318669,563.365599470768,670.98,562.471
1784569772802,14,670.626546815895,563.769339043948,670.804,562.743
1784569772902,14,670.493397725472,564.178361113098,670.628,563.014
1784569773002,14,670.363880124199,564.592690051876,670.452,563.285
1784569773102,14,670.238132338903,565.012342272718,670.275,563.557
1784569773202,14,670.116290913364,565.437325223463,670.099,563.828
1784569773302,14,669.998490187135,565.867636065242,669.923,564.1
1784569773402,14,669.884862299753,566.303260438992,669.747,564.371
1784569773502,14,669.775537406926,566.744170878527,669.571,564.643
1784569773602,14,669.670643834845,567.190326266209,669.394,564.914
1784569773702,14,669.570307983852,567.64167184732,669.218,565.186
1784569773802,14,669.474652727226,568.098137899789,669.042,565.457
1784569773902,14,669.383797412028,568.55963962775,668.866,565.729
1784569774002,14,669.297858437323,569.026078566143,668.689,566
1784569774102,14,669.216949374979,569.49734154731,668.513,566.272
1784569774202,14,669.141181262036,569.973299199895,668.337,566.543
1784569774302,14,669.070662574089,570.453806096756,668.161,566.814
1784569774402,14,669.005498129019,570.938699400357,667.985,567.086
1784569774502,14,668.945788912299,571.427797151155,667.867,567.463
1784569774602,14,668.891631964414,571.920897837778,667.899,568.109
1784569774702,14,668.843120097851,572.417780854601,667.931,568.755
1784569774802,14,668.800341823423,572.918205988007,667.964,569.402
1784569774902,14,668.763380484777,573.421914823744,667.996,570.048
1784569775002,14,668.732313128649,573.928633642291,668.028,570.694
1784569775102,14,668.707210374135,574.438076389094,668.06,571.341
1784569775202,14,668.688136103101,574.949944160583,668.092,571.987
1784569775302,14,668.675146222134,575.463923778782,668.125,572.633
1784569775402,14,668.66829010663,575.979688672598,668.157,573.28
1784569775502,14,668.667610843673,576.496900709321,668.189,573.926
1784569775602,14,668.673144181944,577.015211128524,668.221,574.572
1784569775702,14,668.68491835625,577.534261112736,668.253,575.219
1784569775802,14,668.702954419465,578.053680507438,668.286,575.865
1784569775902,14,668.727266296712,578.573085530816,668.318,576.511
1784569776002,14,668.757860780093,579.09207715233,668.35,577.158
1784569776102,14,668.79473743722,579.61024294183,668.382,577.804
1784569776202,14,668.837888712497,580.127161557068,668.414,578.45
1784569776302,14,668.887300731348,580.642410061159,668.447,579.097
1784569776402,14,668.942953343432,581.155566514509,668.479,579.743
1784569776502,14,669.004820684994,581.666208725391,668.511,580.389
1784569776602,14,669.072874099075,582.1739119578,668.543,581.036
1784569776702,14,669.147082895013,582.678247217487,668.575,581.682
1784569776802,14,669.227415043169,583.178781576653,668.608,582.329
1784569776902,14,669.313837061894,583.675076489832,668.64,582.975
1784569777002,14,669.406313562741,584.166685664201,668.672,583.621
1784569777102,14,669.50480754802,584.653153844643,668.704,584.268
1784569777202,14,669.609282138323,585.134016581887,668.736,584.914
1784569777302,14,669.719698282618,585.608801778831,668.769,585.56
1784569777402,14,669.836015170915,586.077030251762,668.801,586.207
1784569777502,14,669.95819094182,586.538218537057,668.833,586.853
1784569777602,14,670.086181245171,586.99187839807,668.865,587.499
1784569777702,14,670.219938669513,587.437515196737,668.897,588.146
1784569777802,14,670.359413333412,587.874628593636,668.93,588.792
1784569777902,14,670.504552588001,588.302718217287,668.962,589.438
1784569778002,14,670.655300520663,588.721284187172,668.994,590.085
1784569778102,14,670.81159745001,589.12982599057,669.026,590.731
1784569778202,14,670.973379220032,589.527840200843,669.058,591.377
1784569778302,14,671.140576323637,589.914820780839,669.091,592.024
1784569778402,14,671.313114326887,590.290260472306,669.123,592.67
1784569778502,14,671.490915820332,590.653653514011,669.155,593.316
1784569778602,14,671.673892286713,591.004509191189,669.187,593.963
1784569778702,14,671.861941137208,591.342356176323,669.219,594.609
1784569778802,14,672.054949379227,591.666747499734,669.252,595.255
1784569778902,14,672.252810823306,591.977252182617,669.284,595.902
1784569779002,14,672.455429827189,592.273448067059,669.316,596.548
1784569779102,14,672.662720867136,592.554910161934,669.348,597.194
1784569779202,14,672.874607712752,592.821219460068,669.762,596.913
1784569779302,14,673.091021353299,593.071965313621,670.207,596.554
1784569779402,14,673.311892806621,593.306748931062,670.653,596.196
1784569779502,14,673.537143784583,593.525197149781,671.098,595.837
1784569779602,14,673.766683660612,593.726966336647,671.544,595.479
1784569779702,14,674.000408553536,593.911741728984,671.989,595.12
1784569779802,14,674.238197149705,594.079241842789,672.434,594.762
1784569779902,14,674.479898438586,594.229240028112,672.88,594.403
1784569780002,14,674.725329536552,594.361573376238,673.325,594.045
1784569780102,14,674.974275023812,594.476143102947,673.771,593.686
1784569780202,14,675.226486028698,594.572913518784,674.216,593.328
1784569780302,14,675.481680582608,594.651909385231,674.662,592.969
1784569780402,14,675.739545580032,594.713213153109,675.107,592.611
1784569780502,14,675.999740097408,594.756959756971,675.552,592.252
1784569780602,14,676.261902166224,594.783318895784,675.998,591.894
1784569780702,14,676.525655881683,594.792487701827,676.443,591.535
1784569780802,14,676.790623471872,594.784677390837,676.889,591.176
1784569780902,14,677.056430193829,594.760101877562,677.334,590.818
1784569781002,14,677.322703093708,594.718977812051,677.78,590.459
1784569781102,14,677.589067325711,594.661531122652,678.225,590.101
1784569781202,14,677.8551456425,594.58799495571,678.67,589.742
1784569781302,14,678.120551159064,594.498624505382,679.116,589.384
1784569781402,14,678.384884005034,594.393703272568,679.561,589.025
1784569781502,14,678.647731279059,594.273542323654,680.007,588.667
1784569781602,14,678.908673953973,594.138457739234,680.452,588.308
1784569781702,14,679.167282229193,593.988786231816,680.897,587.95
1784569781802,14,679.423126215872,593.8248708723,681.343,587.591
1784569781902,14,679.675767024171,593.647083797447,681.788,587.233
1784569782002,14,679.924752533098,593.455832496447,682.234,586.874
1784569782102,14,680.169616199728,593.251560895074,682.679,586.516
1784569782202,14,680.409875903838,593.034749425619,683.125,586.157
1784569782302,14,680.645034921408,592.805913907135,683.57,585.799
1784569782402,14,680.874590556765,592.565597680058,684.015,585.44
1784569782502,14,681.098042177883,592.314360834541,684.461,585.081
1784569782602,14,681.314898461172,592.052766501597,684.906,584.723
1784569782702,14,681.524678096341,591.781378743126,685.352,584.364
1784569782802,14,681.726910285557,591.500762116024,685.797,584.006
1784569782902,14,681.921139826854,591.211476302155,686.243,583.647
1784569783002,14,682.10692768726,590.914075760085,686.688,583.289
1784569783102,14,682.28385010044,590.609111077451,687.133,582.93
1784569783202,14,682.451499142915,590.297128551314,687.579,582.572
1784569783302,14,682.609487709577,589.978664369683,688.024,582.213
1784569783402,14,682.757450188786,589.654244258669,688.47,581.855
1784569783502,14,682.895040336593,589.324391014228,688.915,581.496
1784569783602,14,683.021925051942,588.98965019467,689.36,581.138
1784569783702,14,683.137782233843,588.650597708972,689.806,580.779
1784569783802,14,683.242299827931,588.307840838372,690.251,580.421
1784569783902,14,683.335177477932,587.962013928325,690.697,580.062
1784569784002,14,683.416134461422,587.613763853626,691.142,579.704
1784569784102,14,683.484915027255,587.263745105186,691.588,579.345
1784569784202,14,683.541290300044,586.912618332433,692.033,578.987
1784569784302,14,683.585062627961,586.561038217103,692.478,578.628
1784569784402,14,683.616067879502,586.209635386123,692.529,578.379
1784569784502,14,683.634180809641,585.85901114087,692.11,578.26
1784569784602,14,683.6393162906,585.509734526646,691.691,578.142
1784569784702,14,683.631428612968,585.162341676773,691.272,578.023
1784569784802,14,683.610508924103,584.817337107251,690.853,577.904
1784569784902,14,683.576584428561,584.475194765485,690.434,577.785
1784569785002,14,683.529716910489,584.13635892729,690.015,577.667
1784569785102,14,683.46999880986,583.801251762468,689.596,577.548
1784569785202,14,683.397550548298,583.470277123412,689.177,577.429
1784569785302,14,683.312521972162,583.143819777364,688.758,577.311
1784569785402,14,683.215093146955,582.822238367029,688.339,577.192
1784569785502,14,683.105474750645,582.505859201553,687.92,577.073
1784569785602,14,682.983908523267,582.194976259461,687.501,576.955
1784569785702,14,682.850666061823,581.889853534881,687.082,576.836
1784569785802,14,682.706041960696,581.590729958718,686.663,576.717
1784569785902,14,682.550350303647,581.29782412768,686.244,576.599
1784569786002,14,682.383923704879,581.011345396439,685.825,576.48
1784569786102,14,682.207112190515,580.731495221148,685.406,576.361
1784569786202,14,682.020280245309,580.458459431862,684.987,576.243
1784569786302,14,681.823804266476,580.192407285406,684.568,576.124
1784569786402,14,681.618072914859,579.933491904826,684.149,576.005
1784569786502,14,681.403488605131,579.681848180609,683.73,575.886
1784569786602,14,681.180468440978,579.437593144689,683.311,575.768
1784569786702,14,680.949441624978,579.20082986877,682.892,575.649
1784569786802,14,680.710838687626,578.971659489377,682.473,575.53
1784569786902,14,680.465089558991,578.750185134495,682.054,575.412
1784569787002,14,680.212624291242,578.536513388641,681.635,575.293
1784569787102,14,679.953874110276,578.330753516865,681.216,575.174
1784569787202,14,679.689272851717,578.133010183987,680.797,575.056
1784569787302,14,679.419258479212,577.943380594424,680.378,574.937
1784569787402,14,679.144272051772,577.761955207837,679.959,574.818
1784569787502,14,678.864759596481,577.588810775902,679.54,574.7
1784569787602,14,678.581171905239,577.424011741601,679.121,574.581
1784569787702,14,678.293958135613,577.267621732888,678.702,574.462
1784569787802,14,678.003563345597,577.119706970778,678.283,574.344
1784569787902,14,677.710427635828,576.980336866528,677.864,574.225
1784569788002,14,677.414984635939,576.8495844304,677.445,574.106
1784569788102,14,677.117662002549,576.727525870951,677.026,573.987
1784569788202,14,676.818881737371,576.61424068969,676.607,573.869
1784569788302,14,676.519060597815,576.509811907642,676.188,573.75
1784569788402,14,676.218610694846,576.414326019929,675.769,573.631
1784569788502,14,675.917938246367,576.327873349801,675.35,573.513
1784569788602,14,675.617439129133,576.250547792891,674.931,573.394
1784569788702,14,675.317498631368,576.182443295441,674.512,573.275
1784569788802,14,675.01849273848,576.123649331186,674.093,573.157
1784569788902,14,674.720788004472,576.074250943329,673.674,573.038
1784569789002,14,674.424742545121,576.034328181101,673.255,572.919
1784569789102,14,674.130708029808,576.00395551066,672.836,572.801
1784569789202,14,673.839032807277,575.983199040058,672.417,572.682
1784569789302,14,673.550061926581,575.972111400518,671.998,572.563
1784569789402,14,673.264139803186,575.970724543422,671.579,572.445
1784569789502,14,672.981609382116,575.979045789915,671.16,572.326
1784569789602,14,672.702811905635,575.997053876146,670.741,572.207
1784569789702,14,672.428088009673,576.024698026326,670.322,572.088
1784569789802,14,672.157777954497,576.061898762182,669.903,571.97
1784569789902,14,671.892217458574,576.108550443289,669.484,571.851
1784569790002,14,671.631733066522,576.164518398261,669.065,571.732
1784569790102,14,671.376640984011,576.229638782221,668.646,571.614
1784569790202,14,671.127246552927,576.303722408173,668.227,571.495
1784569790302,14,670.883842947166,576.386554618452,667.808,571.376
1784569790402,14,670.64671088932,576.477892250374,667.389,571.258
1784569790502,14,670.416117358591,576.577465172349,666.97,571.139
1784569790602,14,670.192316060232,576.684976554093,666.551,571.02
1784569790702,14,669.975548295257,576.800102403844,666.132,570.902
1784569790802,14,669.766043956142,576.922491065377,665.713,570.783
1784569790902,14,669.564020543616,577.051763226305,665.294,570.664
1784569791002,14,669.369674427648,577.187515580932,664.875,570.546
1784569791102,14,669.183172930864,577.329329025507,664.456,570.427
1784569791202,14,669.004651768757,577.476775638868,664.037,570.308
1784569791302,14,668.834208769373,577.629440230188,664.041,570.297
1784569791402,14,668.671902431289,577.786925777201,664.365,570.367
1784569791502,14,668.517752614198,577.948855482704,664.689,570.437
1784569791602,14,668.371741370157,578.114874540735,665.013,570.507
1784569791702,14,668.233813688089,578.284649753521,665.337,570.577
1784569791802,14,668.103878822694,578.45786831282,665.661,570.647
1784569791902,14,667.981813905971,578.634236891241,665.986,570.717
1784569792002,14,667.867467308651,578.813480826913,666.31,570.787
1784569792102,14,667.760662431787,578.995343410844,666.634,570.857
1784569792202,14,667.661202338649,579.179585477188,666.958,570.927
1784569792302,14,667.568873731665,579.365984660332,667.282,570.997
1784569792402,14,667.483448120101,579.554334530123,667.606,571.067
1784569792502,14,667.404682309562,579.744443595069,667.931,571.137
1784569792602,14,667.332318874685,579.936133808681,668.255,571.207
1784569792702,14,667.266086747109,580.129239044378,668.579,571.277
1784569792802,14,667.2057020565,580.323604836512,668.903,571.347
1784569792902,14,667.150870630044,580.519088578657,669.227,571.417
1784569793002,14,667.101290756437,580.715560700859,669.551,571.487
1784569793102,14,667.056655825827,580.912904249843,669.876,571.557
1784569793202,14,667.016655062981,581.111013529044,670.2,571.627
1784569793302,14,666.980973736042,581.309791372454,670.524,571.697
1784569793402,14,666.949294214434,581.509147619117,670.848,571.767
1784569793502,14,666.921299620683,581.708998143345,671.172,571.837
1784569793602,14,666.896674850177,581.909264613953,671.496,571.907
1784569793702,14,666.87510680047,582.109876412378,671.821,571.977
1784569793802,14,666.85628487816,582.310770939231,672.145,572.047
1784569793902,14,666.839901998172,582.51189368044,672.469,572.117
1784569794002,14,666.82565865731,582.713197847543,672.793,572.187
1784569794102,14,666.813266999058,582.914643965424,673.117,572.257
1784569794202,14,666.802452031697,583.116199869733,673.441,572.327
1784569794302,14,666.79295204287,583.317839706045,673.766,572.397
1784569794402,14,666.784520700887,583.519542152488,674.09,572.467
1784569794502,14,666.776933708052,583.721290313925,674.414,572.537
1784569794602,14,666.76999690275,583.923070932907,674.738,572.607
1784569794702,14,666.76353989448,584.124873155598,675.062,572.677
1784569794802,14,666.757413912926,584.326688281718,675.386,572.747
1784569794902,14,666.751493180288,584.528509656646,675.711,572.817
1784569795002,14,666.745680291263,584.730333307954,676.035,572.887
1784569795102,14,666.739908021244,584.932157427288,676.359,572.957
1784569735202,15,359.809210348081,477.223126095662,360.08,476.528
1784569735302,15,360.243357841601,476.987519663504,360.663,476.301
1784569735402,15,360.680171014397,476.750459374356,361.247,476.074
1784569735502,15,361.119608646061,476.511948661568,361.831,475.848
1784569735602,15,361.561608045777,476.271983881694,362.414,475.621
1784569735702,15,362.006091524763,476.030551092047,362.998,475.395
1784569735802,15,362.45297343733,475.787615494229,363.582,475.168
1784569735902,15,362.902160047987,475.543124755261,364.166,474.942
1784569736002,15,363.353548400606,475.297030588658,364.749,474.715
1784569736102,15,363.807026208017,475.049294909186,365.333,474.488
1784569736202,15,364.262468466213,474.799890581177,365.917,474.262
1784569736302,15,364.719737857968,474.54879925879,366.5,474.035
1784569736402,15,365.178686129787,474.295998326122,367.084,473.809
1784569736502,15,365.639154172383,474.041454808706,367.668,473.582
1784569736602,15,366.100971730308,473.785129517028,368.251,473.355
1784569736702,15,366.563961056092,473.526976333934,368.835,473.129
1784569736802,15,367.027937278881,473.26694615536,369.419,472.902
1784569736902,15,367.492712224871,473.004989741692,370.002,472.676
1784569737002,15,367.958100001304,472.741068857843,370.586,472.449
1784569737102,15,368.423916957852,472.475160108504,371.17,472.223
1784569737202,15,368.889981375521,472.207253565343,371.754,471.996
1784569737302,15,369.356112483474,471.937341215836,372.337,471.769
1784569737402,15,369.822131204228,471.665406148663,372.921,471.543
1784569737502,15,370.287857972669,471.391421400852,373.505,471.316
1784569737602,15,370.753108359822,471.115351230256,374.088,471.09
1784569737702,15,371.217693382676,470.83715465446,374.672,470.863
1784569737802,15,371.681419844421,470.556796751385,375.256,470.636
1784569737902,15,372.14409090176,470.274256921708,375.839,470.41
1784569738002,15,372.605504651657,469.989530201444,376.423,470.183
1784569738102,15,373.065454342059,469.702620939444,377.007,469.957
1784569738202,15,373.523733785117,469.413531257202,377.591,469.73
1784569738302,15,373.980138806275,469.122258630013,378.174,469.504
1784569738402,15,374.434468702353,468.828795773017,378.758,469.277
1784569738502,15,374.886525413796,468.533131609084,379.342,469.05
1784569738602,15,375.336113268962,468.235252626284,379.925,468.824
1784569738702,15,375.783039315856,467.935143973766,380.509,468.597
1784569738802,15,376.227119134215,467.632789702934,381.093,468.371
1784569738902,15,376.668176721837,467.328177469428,381.676,468.144
1784569739002,15,377.106043558839,467.021309878677,382.26,467.918
1784569739102,15,377.540561096755,466.712191853636,382.844,467.691
1784569739202,15,377.971579848231,466.400827354128,383.427,467.464
1784569739302,15,378.398957356654,466.087223206955,384.011,467.238
1784569739402,15,378.822556772007,465.77140071575,384.595,467.011
1784569739502,15,379.242247214654,465.453384837051,385.179,466.785
1784569739602,15,379.657903836673,465.13320168416,385.762,466.558
1784569739702,15,380.069412172083,464.810879292417,386.346,466.331
1784569739802,15,380.476669747938,464.486446219828,386.93,466.105
1784569739902,15,380.87958516918,464.159932331598,387.513,465.878
1784569740002,15,381.278077931156,463.831370318874,388.059,465.638
1784569740102,15,381.672081947206,463.500797037665,388.207,465.256
1784569740202,15,382.061547062205,463.168253844171,388.355,464.873
1784569740302,15,382.446438229856,462.833786187602,388.503,464.49
1784569740402,15,382.826735580778,462.497444726,388.651,464.107
1784569740502,15,383.202432471282,462.159286892393,388.799,463.725
1784569740602,15,383.573531215751,461.81937802489,388.947,463.342
1784569740702,15,383.940040708612,461.477790474996,389.095,462.959
1784569740802,15,384.301974689496,461.134601964128,389.243,462.576
1784569740902,15,384.659351103062,460.789896486082,389.392,462.194
1784569741002,15,385.012194710892,460.443765914577,389.54,461.811
1784569741102,15,385.360536596449,460.096311617074,389.688,461.428
1784569741202,15,385.704412912348,459.747644880245,389.836,461.046
1784569741302,15,386.043863348108,459.397882733889,389.984,460.663
1784569741402,15,386.37892952047,459.047144026175,390.132,460.28
1784569741502,15,386.709653545424,458.695548952371,390.28,459.897
1784569741602,15,387.036077289885,458.34322042566,390.428,459.515
1784569741702,15,387.358243693614,457.990285357357,390.576,459.132
1784569741802,15,387.676203444161,457.636875706241,390.724,458.749
1784569741902,15,387.99001547506,457.283133222786,390.872,458.367
1784569742002,15,388.299742253373,456.929213192084,391.02,457.984
1784569742102,15,388.605434998749,456.575290989859,391.168,457.601
1784569742202,15,388.907127383873,456.22156496425,391.316,457.218
1784569742302,15,389.204834102034,455.868256639285,391.464,456.836
1784569742402,15,389.498551411678,455.515605538658,391.612,456.453
1784569742502,15,389.788261147755,455.163863250824,391.76,456.07
1784569742602,15,390.073945268074,454.813285001505,391.908,455.688
1784569742702,15,390.35559256655,454.464125588504,392.056,455.305
1784569742802,15,390.633200220462,454.116638608989,392.204,454.922
1784569742902,15,390.90677436885,453.771077199785,392.352,454.539
1784569743002,15,391.176329945302,453.42769471271,392.5,454.157
1784569743102,15,391.441888849794,453.086744582544,392.648,453.774
1784569743202,15,391.703479514183,452.748481208036,392.796,453.391
1784569743302,15,391.961135465263,452.413161323016,392.944,453.009
1784569743402,15,392.214892218648,452.081045204752,393.092,452.626
1784569743502,15,392.464785776702,451.752396564916,393.24,452.243
1784569743602,15,392.710851963336,451.427482451861,393.388,451.86
1784569743702,15,392.953124906705,451.106574460242,393.536,451.478
1784569743802,15,393.191636689176,450.789949548371,393.684,451.095
1784569743902,15,393.426417539496,450.477889429031,393.832,450.712
1784569744002,15,393.657495382802,450.170683060559,393.98,450.33
1784569744102,15,393.884895749606,449.86862439815,394.128,449.947
1784569744202,15,394.108640716719,449.572017446011,394.276,449.564
1784569744302,15,394.328746959869,449.281196539956,394.424,449.181
1784569744402,15,394.545225391073,448.996525760386,394.572,448.799
1784569744502,15,394.758084431439,448.718378264537,394.72,448.416
1784569744602,15,394.96733268327,448.447144205561,394.868,448.033
1784569744702,15,395.17297867625,448.183211754755,395.016,447.651
1784569744802,15,395.375029916157,447.926955800571,395.164,447.268
1784569744902,15,395.573491912171,447.678746762001,395.312,446.885
1784569745002,15,395.768367179452,447.438955062973,395.46,446.502
1784569745102,15,395.959654313768,447.207947659463,395.608,446.12
1784569745202,15,396.147346633728,446.986095471449,395.756,445.737
1784569745302,15,396.331430426187,446.773779200624,395.905,445.354
1784569745402,15,396.511885123651,446.571385632735,396.053,444.971
1784569745502,15,396.68868388344,446.37929674359,396.201,444.589
1784569745602,15,396.861794889705,446.197872728275,396.349,444.206
1784569745702,15,397.031185399121,446.027445325737,396.497,443.823
1784569745802,15,397.196822647429,445.868317530623,396.645,443.441
1784569745902,15,397.358674686699,445.720764340481,396.793,443.058
1784569746002,15,397.516708523701,445.585034906985,396.941,442.675
1784569746102,15,397.670890995085,445.461358837837,397.089,442.292
1784569746202,15,397.821188570925,445.349948235136,397.237,441.91
1784569746302,15,397.967566833502,445.250997903879,397.385,441.527
1784569746402,15,398.109991387499,445.16468397399,397.533,441.144
1784569746502,15,398.24842991208,445.091162112112,397.681,440.762
1784569746602,15,398.38284939239,445.030566354641,397.829,440.379
1784569746702,15,398.513214444321,444.983008115933,397.977,439.996
1784569746802,15,398.639487608523,444.948575210757,398.125,439.613
1784569746902,15,398.761631132513,444.927331184242,398.273,439.231
1784569747002,15,398.879606572609,444.919314080021,398.421,438.848
1784569747102,15,398.993374118341,444.924534904299,398.569,438.465
1784569747202,15,399.102892042657,444.942976380039,398.717,438.083
1784569747302,15,399.20811588156,444.974589269427,398.865,437.7
1784569747402,15,399.308996749708,445.019291375778,399.109,438.162
1784569747502,15,399.405480476033,445.076967895852,399.355,438.644
1784569747602,15,399.497507089344,445.14747324373,399.601,439.125
1784569747702,15,399.585010478159,445.230631820475,399.847,439.607
1784569747802,15,399.667918906038,445.326239649253,400.094,440.088
1784569747902,15,399.746158664615,445.434066160181,400.34,440.57
1784569748002,15,399.819656337278,445.553856319087,400.586,441.052
1784569748102,15,399.888339264422,445.685332143296,400.832,441.533
1784569748202,15,399.952135864615,445.828194478727,401.078,442.015
1784569748302,15,400.010977808305,445.982123601391,401.324,442.496
1784569748402,15,400.064801532713,446.146780627956,401.57,442.978
1784569748502,15,400.113548948758,446.321808825898,401.817,443.46
1784569748602,15,400.157168729346,446.506835339346,402.063,443.941
1784569748702,15,400.195619285081,446.701472978637,402.309,444.423
1784569748802,15,400.228866894642,446.905320749879,402.555,444.904
1784569748902,15,400.256884988875,447.117964728366,402.801,445.386
1784569749002,15,400.279654028861,447.338980287927,403.047,445.868
1784569749102,15,400.297161345472,447.567933731234,403.294,446.349
1784569749202,15,400.309400944401,447.804385490271,403.54,446.831
1784569749302,15,400.316373274851,448.047890591657,403.786,447.312
1784569749402,15,400.318085828291,448.297999329723,404.032,447.794
1784569749502,15,400.314558301437,448.554258222716,404.278,448.276
1784569749602,15,400.305821485882,448.816209804024,404.524,448.757
1784569749702,15,400.291921722969,449.083393952478,404.77,449.239
1784569749802,15,400.272924126827,449.355349632669,405.017,449.72
1784569749902,15,400.248911423528,449.631615105325,405.263,450.202
1784569750002,15,400.21997529355,449.911728342208,405.509,450.684
1784569750102,15,400.186207308706,450.195229516559,405.755,451.165
1784569750202,15,400.147696919488,450.481665775515,406.001,451.647
1784569750302,15,400.104530753335,450.770592492565,406.247,452.128
1784569750402,15,400.056793802979,451.061573049503,406.494,452.61
1784569750502,15,400.004570604637,451.354179123294,406.74,453.092
1784569750602,15,399.947945991244,451.64799135226,406.986,453.573
1784569750702,15,399.887005432308,451.94260196586,407.232,454.055
1784569750802,15,399.821831959683,452.237614613538,407.478,454.536
1784569750902,15,399.752493093703,452.532644018063,407.724,455.018
1784569751002,15,399.679037811634,452.827315364657,407.97,455.5
1784569751102,15,399.601496873898,453.121265267985,408.217,455.981
1784569751202,15,399.519883299957,453.414143678058,408.463,456.463
1784569751302,15,399.434193442085,453.70561478996,408.709,456.944
1784569751402,15,399.344408645455,453.995359374156,408.955,457.426
1784569751502,15,399.25049775736,454.283075938342,409.201,457.908
1784569751602,15,399.152418796206,454.568481415217,409.447,458.389
1784569751702,15,399.050121209379,454.851310818816,409.694,458.871
1784569751802,15,398.943558829977,455.131317047148,409.94,459.352
1784569751902,15,398.832718881514,455.408272270424,410.186,459.834
1784569752002,15,398.717629442211,455.68196809069,410.432,460.316
1784569752102,15,398.598360738375,455.952215950206,410.678,460.797
1784569752202,15,398.475025691139,456.218851156202,410.924,461.279
1784569752302,15,398.347773228089,456.481734898416,411.17,461.76
1784569752402,15,398.216762812938,456.740758742954,411.417,462.242
1784569752502,15,398.082158584758,456.995858142675,411.663,462.724
1784569752602,15,397.944129972039,457.247014800059,411.909,463.205
1784569752702,15,397.802853047139,457.494253472839,412.155,463.687
1784569752802,15,397.65851413923,457.737631314129,412.401,464.168
1784569752902,15,397.511311484912,457.977225998168,412.188,464.394
1784569753002,15,397.361456906439,458.213121967841,411.534,464.374
1784569753102,15,397.209179263338,458.445406530897,410.88,464.353
1784569753202,15,397.054721999747,458.674168753944,410.226,464.333
1784569753302,15,396.898341943783,458.899497508629,409.573,464.313
1784569753402,15,396.74030657406,459.121477893037,408.919,464.293
1784569753502,15,396.580891029978,459.340193738415,408.265,464.273
1784569753602,15,396.420377850198,459.555729942858,407.611,464.252
1784569753702,15,396.259056779671,459.768170999781,406.957,464.232
1784569753802,15,396.097225022344,459.97759683367,406.303,464.212
1784569753902,15,395.935184817033,460.184085621399,405.649,464.192
1784569754002,15,395.773234701709,460.387716508801,404.996,464.171
1784569754102,15,395.611664628396,460.58856930439,404.342,464.151
1784569754202,15,395.450753142035,460.786723525857,403.688,464.131
1784569754302,15,395.290765874876,460.982257458043,403.034,464.111
1784569754402,15,395.131952161714,461.17524970186,402.38,464.09
1784569754502,15,394.974543165624,461.365784926696,401.726,464.07
1784569754602,15,394.818747620991,461.553945709151,401.073,464.05
1784569754702,15,394.664751352686,461.739821373148,400.419,464.03
1784569754802,15,394.512724524497,461.923511328274,399.765,464.01
1784569754902,15,394.362849504217,462.105122861089,399.111,463.989
1784569755002,15,394.215332529938,462.28475552462,398.457,463.969
1784569755102,15,394.07040441834,462.462516015517,397.803,463.949
1784569755202,15,393.928316566571,462.638522573809,397.149,463.929
1784569755302,15,393.789339458844,462.812901597199,396.496,463.908
1784569755402,15,393.653762318314,462.98577848708,395.842,463.888
1784569755502,15,393.521891689681,463.157281811112,395.188,463.868
1784569755602,15,393.394049520344,463.327544376674,394.534,463.848
1784569755702,15,393.270569201388,463.496702426534,393.88,463.827
1784569755802,15,393.151791988572,463.664895006847,393.226,463.807
1784569755902,15,393.038065189306,463.8322643494,392.573,463.787
1784569756002,15,392.929738447184,463.998957014306,391.919,463.767
1784569756102,15,392.827161414753,464.165122528905,391.265,463.747
1784569756202,15,392.730681281352,464.330912334991,390.611,463.726
1784569756302,15,392.640640624242,464.496479009866,389.957,463.706
1784569756402,15,392.557375002924,464.661975489555,389.303,463.686
1784569756502,15,392.481209515631,464.827554655642,388.649,463.666
1784569756602,15,392.412455548785,464.993369644298,387.996,463.645
1784569756702,15,392.351404802493,465.159571883379,387.342,463.625
1784569756802,15,392.298327274436,465.32631000702,386.688,463.605
1784569756902,15,392.253469983475,465.493730473851,386.034,463.585
1784569757002,15,392.217053632757,465.661977153269,385.38,463.564
1784569757102,15,392.189270961845,465.831190755888,384.726,463.544
1784569757202,15,392.170282464532,466.001508905796,384.073,463.524
1784569757302,15,392.160213630237,466.173065563931,383.419,463.504
1784569757402,15,392.159153812371,466.345990257163,382.765,463.484
1784569757502,15,392.167153295326,466.520407514022,382.891,463.668
1784569757602,15,392.184222558576,466.696436853352,383.436,463.962
1784569757702,15,392.210332232129,466.87419310929,383.981,464.256
1784569757802,15,392.245413020546,467.053786330802,384.526,464.55
1784569757902,15,392.289355771869,467.235322361671,385.072,464.844
1784569758002,15,392.342012126851,467.418901058111,385.617,465.138
1784569758102,15,392.403195175753,467.604614858861,386.162,465.432
1784569758202,15,392.472682482846,467.792540419857,386.708,465.726
1784569758302,15,392.550219071017,467.982733959074,387.253,466.02
1784569758402,15,392.63551840373,468.175223325959,387.798,466.314
1784569758502,15,392.72826375261,468.37000535071,388.343,466.608
1784569758602,15,392.828109752227,468.567045289568,388.889,466.902
1784569758702,15,392.934684823836,468.766277452246,389.434,467.196
1784569758802,15,393.047590913423,468.96760545356,389.979,467.49
1784569758902,15,393.166401631587,469.17090748521,390.525,467.784
1784569759002,15,393.290663090396,469.376056389826,391.07,468.078
1784569759102,15,393.419894165807,469.582924275994,391.615,468.372
1784569759202,15,393.553587586239,469.791383020232,392.161,468.667
1784569759302,15,393.691210933829,470.001303663995,392.706,468.961
1784569759402,15,393.832208695556,470.212555521206,393.251,469.255
1784569759502,15,393.97600632366,470.425005528843,393.796,469.549
1784569759602,15,394.122015782075,470.638517342405,394.342,469.843
1784569759702,15,394.269636341962,470.852950341349,394.887,470.137
1784569759802,15,394.41825429515,471.068160536752,395.432,470.431
1784569759902,15,394.567242959686,471.284007252091,395.978,470.725
1784569760002,15,394.715964717537,471.500354243455,396.523,471.019
1784569760102,15,394.863772842426,471.717068744196,397.068,471.313
1784569760202,15,395.010013452378,471.934021459986,397.614,471.607
1784569760302,15,395.154027518306,472.151089584089,398.159,471.901
1784569760402,15,395.295153860878,472.368156788556,398.704,472.195
1784569760502,15,395.432731968761,472.585112208175,399.249,472.489
1784569760602,15,395.566104663354,472.80184890472,399.795,472.783
1784569760702,15,395.694620571239,473.018259869733,400.34,473.077
1784569760802,15,395.817636652177,473.23423378433,400.885,473.371
1784569760902,15,395.934523218517,473.449656713037,401.431,473.665
1784569761002,15,396.04466900499,473.664413461858,401.976,473.959
1784569761102,15,396.147489699474,473.878392922954,402.521,474.253
1784569761202,15,396.242433911871,474.091490469479,403.067,474.548
1784569761302,15,396.328985637149,474.303607504367,403.612,474.842
1784569761402,15,396.406664681869,474.514650981904,404.157,475.136
1784569761502,15,396.475027623996,474.724534255099,404.702,475.43
1784569761602,15,396.53366976372,474.933178853749,405.248,475.724
1784569761702,15,396.582229302035,475.140512512643,405.793,476.018
1784569761802,15,396.620390964059,475.346470610933,406.338,476.312
1784569761902,15,396.647887610395,475.550998914005,406.884,476.606
1784569762002,15,396.664501694936,475.75405561273,407.429,476.9
1784569762102,15,396.670067051005,475.955611691722,407.974,477.194
1784569762202,15,396.664472295349,476.155650178886,408.52,477.488
1784569762302,15,396.647665261653,476.354165202783,408.79,477.739
1784569762402,15,396.619654327607,476.551160927561,408.123,477.845
1784569762502,15,396.580508583316,476.746650109764,407.455,477.951
1784569762602,15,396.530356834783,476.940653054321,406.787,478.056
1784569762702,15,396.469383097609,477.133196699839,406.119,478.162
1784569762802,15,396.397824235171,477.324313710012,405.452,478.267
1784569762902,15,396.315966466645,477.514042076424,404.784,478.373
1784569763002,15,396.224142786164,477.702426159109,404.116,478.479
1784569763102,15,396.122731390004,477.88951596375,403.448,478.584
1784569763202,15,396.012151406023,478.075366171381,402.78,478.69
1784569763302,15,395.892860363733,478.260035264133,402.113,478.795
1784569763402,15,395.765351243671,478.443584652242,401.445,478.901
1784569763502,15,395.630151373913,478.626077307503,400.777,479.006
1784569763602,15,395.48781928983,478.807574885295,400.109,479.112
1784569763702,15,395.338941308235,478.988136488026,399.442,479.218
1784569763802,15,395.184127925811,479.167818318134,398.774,479.323
1784569763902,15,395.024012741434,479.346672995469,398.106,479.429
1784569764002,15,394.859252217586,479.524748726131,397.438,479.534
1784569764102,15,394.690525636215,479.702088464873,396.771,479.64
1784569764202,15,394.518532653323,479.878729080627,396.103,479.746
1784569764302,15,394.343987807437,480.054701040174,395.435,479.851
1784569764402,15,394.167614609919,480.230029301298,394.767,479.957
1784569764502,15,393.990144288344,480.404731646611,394.099,480.062
1784569764602,15,393.812313898858,480.578817521867,393.432,480.168
1784569764702,15,393.63486308414,480.752287828444,392.764,480.273
1784569764802,15,393.458533351312,480.925136551964,392.096,480.379
1784569764902,15,393.284066888879,481.097350663526,391.428,480.485
1784569765002,15,393.112204639401,481.26890972285,390.761,480.59
1784569765102,15,392.943679525506,481.43978507108,390.093,480.696
1784569765202,15,392.779210337743,481.60993871747,389.425,480.801
1784569765302,15,392.619500819845,481.779322848543,388.757,480.907
1784569765402,15,392.46523993801,481.947878862621,388.089,481.013
1784569765502,15,392.317100736285,482.115536186759,387.422,481.118
1784569765602,15,392.175735066392,482.282214364838,386.754,481.224
1784569765702,15,392.041771759957,482.447824412477,386.086,481.329
1784569765802,15,391.915814633509,482.61226803599,385.418,481.435
1784569765902,15,391.798441474676,482.775436257683,384.751,481.54
1784569766002,15,391.690201478898,482.937213680038,384.083,481.646
1784569766102,15,391.591611718944,483.097485658376,383.415,481.752
1784569766202,15,391.50315419365,483.256134617838,382.747,481.857
1784569766302,15,391.425272717343,483.413035208168,382.079,481.963
1784569766402,15,391.358369627193,483.568056680422,381.412,482.068
1784569766502,15,391.302801823329,483.721062380942,380.744,482.174
1784569766602,15,391.258878920109,483.871905691594,380.076,482.28
1784569766702,15,391.226861789791,484.020428225491,379.408,482.385
1784569766802,15,391.206959470192,484.166459398387,379.77,482.507
1784569766902,15,391.199326628735,484.309818297242,380.31,482.631
1784569767002,15,391.20406313835,484.450322883571,380.85,482.755
1784569767102,15,391.221214121744,484.587791794489,381.39,482.879
1784569767202,15,391.250771246147,484.722043684781,381.93,483.003
1784569767302,15,391.292678345415,484.852895943062,382.47,483.127
1784569767402,15,391.346836885979,484.980160967978,383.01,483.251
1784569767502,15,391.413111277898,485.10364331292,383.55,483.376
1784569767602,15,391.491329973217,485.22313958505,384.09,483.5
1784569767702,15,391.581286337425,485.338433969521,384.63,483.624
1784569767802,15,391.6827405693,485.449296611631,385.17,483.748
1784569767902,15,391.795421402773,485.55548373683,385.71,483.872
1784569768002,15,391.919029853215,485.656739028816,386.25,483.996
1784569768102,15,392.053242239513,485.752796540944,386.79,484.12
1784569768202,15,392.197707749974,485.843392008064,387.329,484.245
1784569768302,15,392.352050599489,485.92826663585,387.869,484.369
1784569768402,15,392.515870279718,486.00717184639,388.409,484.493
1784569768502,15,392.688740833575,486.079870174386,388.949,484.617
1784569768602,15,392.87021079824,486.146134896946,389.489,484.741
1784569768702,15,393.059805950355,486.205750238764,390.029,484.865
1784569768802,15,393.25703265916,486.258513240803,390.569,484.989
1784569768902,15,393.461380166749,486.304234026312,391.109,485.113
1784569769002,15,393.672321278422,486.342732522843,391.649,485.238
1784569769102,15,393.889314717754,486.373826124217,392.189,485.362
1784569769202,15,394.111805834118,486.397326479313,392.729,485.486
1784569769302,15,394.33922708214,486.413039349642,393.269,485.61
1784569769402,15,394.570999360204,486.420764567749,393.809,485.734
1784569769502,15,394.806531904046,486.420296946808,394.349,485.858
1784569769602,15,395.045222362088,486.411431660337,394.889,485.982
1784569769702,15,395.286460208906,486.393974970336,395.429,486.107
1784569769802,15,395.52962816852,486.36774849904,395.969,486.231
1784569769902,15,395.774102436821,486.332586728729,396.509,486.355
1784569770002,15,396.019254086914,486.288334433446,397.049,486.479
1784569770102,15,396.264450809477,486.234849561905,397.589,486.603
1784569770202,15,396.509059949017,486.172005420583,398.129,486.727
1784569770302,15,396.75244851172,486.099684852991,398.669,486.851
1784569770402,15,396.993984065119,486.017773789601,399.209,486.976
1784569770502,15,397.233040348406,485.926160237302,399.749,487.1
1784569770602,15,397.468998707333,485.824734663241,400.289,487.224
1784569770702,15,397.701248861817,485.713390343478,400.829,487.348
1784569770802,15,397.929189310268,485.592023720639,401.369,487.472
1784569770902,15,398.152227722304,485.46053572747,401.909,487.596
1784569771002,15,398.369780709187,485.318832955383,402.449,487.72
1784569771102,15,398.581275198823,485.16682947709,402.989,487.845
1784569771202,15,398.786150196429,485.004450043212,403.529,487.969
1784569771302,15,398.983859792358,484.831631550358,404.069,488.093
1784569771402,15,399.173874715334,484.648324269548,404.609,488.217
1784569771502,15,399.355683782397,484.454492187057,405.149,488.341
1784569771602,15,399.528796153421,484.250113862894,405.689,488.465
1784569771702,15,399.692741317667,484.035184623718,406.229,488.589
1784569771802,15,399.8470692283,483.809721170893,406.769,488.714
1784569771902,15,399.99135336024,483.573766682826,407.309,488.838
1784569772002,15,400.125193865484,483.327392811175,407.849,488.962
1784569772102,15,400.248219558068,483.070700447737,408.389,489.086
1784569772202,15,400.360087549427,482.803819438856,408.336,488.77
1784569772302,15,400.460482944442,482.52690871169,408.037,488.272
1784569772402,15,400.549118318328,482.24015438286,407.738,487.774
1784569772502,15,400.625732786413,481.943769271124,407.439,487.276
1784569772602,15,400.690091021349,481.637993674031,407.14,486.777
1784569772702,15,400.741982329934,481.323094692446,406.842,486.279
1784569772802,15,400.781219494876,480.999363604622,406.543,485.781
1784569772902,15,400.807637160246,480.667114031902,406.244,485.283
1784569773002,15,400.821090108575,480.326678058135,405.945,484.785
1784569773102,15,400.821451096319,479.978405906332,405.646,484.287
1784569773202,15,400.808610327567,479.622666662423,405.348,483.789
1784569773302,15,400.782476665224,479.259848940827,405.049,483.29
1784569773402,15,400.742982531209,478.890361947767,404.75,482.792
1784569773502,15,400.690085236429,478.514635530608,404.451,482.294
1784569773602,15,400.623766928561,478.13312031953,404.152,481.796
1784569773702,15,400.544033501471,477.746285443315,403.854,481.298
1784569773802,15,400.450912406826,477.354618282507,403.555,480.8
1784569773902,15,400.344449526109,476.958624686037,403.256,480.302
1784569774002,15,400.224708265862,476.558827811843,402.957,479.804
1784569774102,15,400.091769752866,476.155767524977,402.658,479.305
1784569774202,15,399.94573232455,475.749998883362,402.36,478.807
1784569774302,15,399.786708354164,475.34209271725,402.061,478.309
1784569774402,15,399.614819795507,474.932634790028,401.762,477.811
1784569774502,15,399.430197407537,474.522224050378,401.463,477.313
1784569774602,15,399.232979993008,474.111471540471,401.164,476.815
1784569774702,15,399.023313511458,473.701000704705,400.866,476.317
1784569774802,15,398.801350082389,473.291444841605,400.567,475.818
1784569774902,15,398.567248550162,472.883441646228,400.268,475.32
1784569775002,15,398.321175520452,472.477620164128,399.969,474.822
1784569775102,15,398.063306681804,472.074580733966,399.671,474.324
1784569775202,15,397.79382886486,471.674886705912,399.372,473.826
1784569775302,15,397.512940761666,471.27905914135,399.073,473.328
1784569775402,15,397.220851334092,470.88755556067,398.774,472.83
1784569775502,15,396.917780414831,470.500766015863,398.475,472.332
1784569775602,15,396.603958569463,470.119022261739,398.177,471.833
1784569775702,15,396.279622142492,469.742628918671,397.878,471.335
1784569775802,15,395.945011670986,469.371873786217,397.579,470.837
1784569775902,15,395.600372483193,469.007036316277,397.28,470.339
1784569776002,15,395.245956057496,468.648396407617,396.981,469.841
1784569776102,15,394.882021708047,468.296230244619,396.683,469.343
1784569776202,15,394.508838369077,467.950805442679,396.384,468.845
1784569776302,15,394.126686702978,467.612363960513,396.085,468.346
1784569776402,15,393.735860947374,467.281117433807,395.786,467.848
1784569776502,15,393.336670285488,466.957247028007,395.487,467.35
1784569776602,15,392.929438977084,466.640899769301,395.189,466.852
1784569776702,15,392.514506739099,466.332188757008,394.89,466.354
1784569776802,15,392.092225712218,466.03119219092,394.591,465.856
1784569776902,15,391.662957938949,465.737945006059,394.292,465.358
1784569777002,15,391.227074476526,465.452448116042,393.993,464.86
1784569777102,15,390.784954331056,465.174700645331,393.695,464.361
1784569777202,15,390.336985483183,464.904680693829,393.396,463.863
1784569777302,15,389.883565628478,464.642377496615,393.086,463.39
1784569777402,15,389.425103901559,464.387802974976,392.605,463.307
1784569777502,15,388.962022966364,464.140986065206,392.124,463.223
1784569777602,15,388.494760702499,463.901946312002,391.643,463.139
1784569777702,15,388.023770883091,463.670688124711,391.162,463.056
1784569777802,15,387.549523295338,463.447201678271,390.681,462.972
1784569777902,15,387.072498829836,463.231461675793,390.201,462.888
1784569778002,15,386.593186572288,463.02342240103,389.72,462.805
1784569778102,15,386.112076892681,462.823017283306,389.239,462.721
1784569778202,15,385.629659330324,462.630159871457,388.758,462.637
1784569778302,15,385.146420716723,462.444746911967,388.277,462.554
1784569778402,15,384.662839947363,462.266667808031,387.796,462.47
1784569778502,15,384.179385326318,462.095807626642,387.315,462.386
1784569778602,15,383.696514857904,461.932048532574,386.834,462.303
1784569778702,15,383.214676213122,461.775272986667,386.353,462.219
1784569778802,15,382.734305973892,461.625365812458,385.873,462.135
1784569778902,15,382.255828548574,461.48222212001,385.392,462.052
1784569779002,15,381.77965009052,461.345766267066,384.911,461.968
1784569779102,15,381.306158630143,461.215956919594,384.43,461.884
1784569779202,15,380.835725535253,461.092786710946,383.949,461.801
1784569779302,15,380.368705530103,460.976278928945,383.468,461.717
1784569779402,15,379.905437986827,460.866481925737,382.987,461.633
1784569779502,15,379.446247915607,460.763454102822,382.506,461.55
1784569779602,15,378.991441619748,460.667274798234,382.025,461.466
1784569779702,15,378.541306282646,460.578028248771,381.544,461.382
1784569779802,15,378.096111859665,460.495794075528,381.064,461.299
1784569779902,15,377.656113145983,460.420643863899,380.583,461.215
1784569780002,15,377.22155171972,460.352644156907,380.102,461.131
1784569780102,15,376.792657755024,460.291856807633,379.621,461.048
1784569780202,15,376.36965098957,460.238336635214,379.14,460.964
1784569780302,15,375.952739439628,460.192139936518,378.659,460.88
1784569780402,15,375.542112388376,460.153347882292,378.178,460.796
1784569780502,15,375.137939926898,460.122067164539,377.697,460.713
1784569780602,15,374.740374811088,460.098409644707,377.216,460.629
1784569780702,15,374.349554709595,460.082487071532,376.736,460.545
1784569780802,15,373.96560548948,460.074409933883,376.255,460.462
1784569780902,15,373.588645231868,460.074286940407,375.774,460.378
1784569781002,15,373.218791515591,460.082224983863,375.293,460.294
1784569781102,15,372.856157262945,460.098329140877,374.812,460.211
1784569781202,15,372.500848918212,460.122699662227,374.331,460.127
1784569781302,15,372.152968640234,460.155419870582,373.85,460.043
1784569781402,15,371.812618743366,460.19655252183,373.369,459.96
1784569781502,15,371.479898921493,460.24613916015,372.888,459.876
1784569781602,15,371.154900409646,460.304198512881,372.407,459.792
1784569781702,15,370.837705916647,460.370726538217,371.927,459.709
1784569781802,15,370.528389933364,460.445699512689,371.446,459.625
1784569781902,15,370.227016579601,460.529076836041,370.965,459.541
1784569782002,15,369.933642251335,460.620798870262,370.484,459.458
1784569782102,15,369.648311924124,460.720787741354,370.003,459.374
1784569782202,15,369.371070938901,460.828945564753,369.522,459.29
1784569782302,15,369.101966269802,460.945155997027,369.041,459.207
1784569782402,15,368.841046946554,461.069285592646,368.56,459.123
1784569782502,15,368.588365314854,461.201188016019,368.079,459.039
1784569782602,15,368.343978143397,461.34070465005,367.599,458.956
1784569782702,15,368.107946864599,461.487663045867,367.118,458.872
1784569782802,15,367.880335813166,461.641872195378,366.637,458.788
1784569782902,15,367.661209417014,461.803119541338,366.156,458.705
1784569783002,15,367.450631726884,461.971169913249,365.675,458.621
1784569783102,15,367.248664905598,462.145764773459,365.194,458.537
1784569783202,15,367.055365021874,462.326628716758,364.713,458.454
1784569783302,15,366.87077160241,462.513497780978,364.232,458.37
1784569783402,15,366.694901995137,462.706125682889,363.751,458.286
1784569783502,15,366.527750562392,462.904282149149,363.632,458.454
1784569783602,15,366.369289014981,463.107751816288,363.753,458.788
1784569783702,15,366.219465962044,463.316333302949,363.874,459.122
1784569783802,15,366.078207660601,463.529838610985,363.995,459.456
1784569783902,15,365.945420317331,463.748094273714,364.116,459.791
1784569784002,15,365.82099251664,463.970943547977,364.236,460.125
1784569784102,15,365.704796484675,464.198246101849,364.357,460.459
1784569784202,15,365.596689844347,464.429876971557,364.478,460.794
1784569784302,15,365.496518386495,464.665721198016,364.599,461.128
1784569784402,15,365.404123429617,464.905655544895,364.72,461.462
1784569784502,15,365.319343983886,465.14954309509,364.841,461.796
1784569784602,15,365.242017173059,465.397232071533,364.962,462.131
1784569784702,15,365.171978715823,465.648554471632,365.082,462.465
1784569784802,15,365.109063549404,465.903326802227,365.203,462.799
1784569784902,15,365.053105897169,466.161356707379,365.324,463.134
1784569785002,15,365.003939371351,466.422447645098,365.445,463.468
1784569785102,15,364.961396815398,466.686413352737,365.566,463.802
1784569785202,15,364.925309734554,466.953082560395,365.687,464.136
1784569785302,15,364.89550641141,467.222303807431,365.808,464.471
1784569785402,15,364.871814242248,467.493940159448,365.929,464.805
1784569785502,15,364.854062258687,467.767869468041,366.049,465.139
1784569785602,15,364.842086735086,468.043962606593,366.17,465.474
1784569785702,15,364.835732659144,468.322060133401,366.291,465.808
1784569785802,15,364.834852813225,468.601974888199,366.412,466.142
1784569785902,15,364.839304256526,468.883523769178,366.533,466.476
1784569786002,15,364.848948956078,469.166534691327,366.654,466.811
1784569786102,15,364.863654170294,469.450845269437,366.775,467.145
1784569786202,15,364.883292744708,469.736298163019,366.895,467.479
1784569786302,15,364.907744409544,470.022726423553,367.016,467.814
1784569786402,15,364.936896028836,470.30994882772,367.137,468.148
1784569786502,15,364.970641331042,470.597776415598,367.258,468.482
1784569786602,15,365.008880154284,470.886042665597,367.379,468.816
1784569786702,15,365.051518134068,471.174610026781,367.5,469.151
1784569786802,15,365.09846734055,471.463364640908,367.621,469.485
1784569786902,15,365.149649350304,471.752199278224,367.742,469.819
1784569787002,15,365.204995846387,472.041008057167,367.862,470.154
1784569787102,15,365.26444700837,472.329685091786,367.983,470.488
1784569787202,15,365.327945519329,472.618123581958,368.104,470.822
1784569787302,15,365.395433893372,472.9062187308,368.225,471.156
1784569787402,15,365.466853923309,473.193876821455,368.346,471.491
1784569787502,15,365.54214662158,473.481016363673,368.467,471.825
1784569787602,15,365.621253461756,473.767566746963,368.588,472.159
1784569787702,15,365.704118484013,474.053463280346,368.708,472.494
1784569787802,15,365.79068817113,474.338631386578,368.829,472.828
1784569787902,15,365.880910153683,474.62298164786,368.95,473.162
1784569788002,15,365.974733711804,474.906410039623,369.071,473.496
1784569788102,15,366.072109861541,475.1888028745,369.192,473.831
1784569788202,15,366.17299183131,475.470039187298,369.313,474.165
1784569788302,15,366.277335263382,475.749997177154,369.434,474.499
1784569788402,15,366.385098098614,476.028551342915,369.555,474.834
1784569788502,15,366.49623982086,476.305568531527,369.675,475.168
1784569788602,15,366.610721403149,476.580906175287,369.796,475.502
1784569788702,15,366.728506945225,476.854410994637,369.917,475.836
1784569788802,15,366.849563676436,477.12591748977,370.038,476.171
1784569788902,15,366.973862080172,477.39524578069,370.159,476.505
1784569789002,15,367.101378029296,477.66220060142,370.28,476.839
1784569789102,15,367.232092197929,477.926574870887,370.401,477.174
1784569789202,15,367.365986737233,478.188160495256,370.521,477.508
1784569789302,15,367.503043897928,478.446750056688,370.642,477.842
1784569789402,15,367.643245068528,478.702135727698,370.763,478.176
1784569789502,15,367.78657005012,478.954110426343,370.884,478.511
1784569789602,15,367.932996948552,479.202473614007,371.005,478.845
1784569789702,15,368.082504652657,479.447022951741,371.126,479.179
1784569789802,15,368.235076532008,479.687550123738,371.247,479.514
1784569789902,15,368.390700217782,479.923842023523,371.368,479.848
1784569790002,15,368.549365298811,480.155687562888,371.488,480.182
1784569790102,15,368.711063087614,480.382873039769,371.609,480.516
1784569790202,15,368.875784770782,480.605191395901,371.73,480.851
1784569790302,15,369.043519792826,480.822456892393,371.851,481.185
1784569790402,15,369.214254952565,481.034507437356,371.972,481.519
1784569790502,15,369.387973617036,481.241203692328,372.093,481.854
1784569790602,15,369.564655459309,481.442428451229,372.214,482.188
1784569790702,15,369.744278112811,481.638084691413,372.334,482.522
1784569790802,15,369.926818292093,481.828092252339,372.455,482.856
1784569790902,15,370.112251789125,482.012387041033,372.576,483.191
1784569791002,15,370.300552797104,482.190920325301,372.697,483.525
1784569791102,15,370.491693175895,482.363657871233,372.818,483.859
1784569791202,15,370.685642101507,482.530579106703,372.939,484.194
1784569791302,15,370.882365489291,482.691677752321,373.06,484.528
1784569791402,15,371.081825135332,482.846966287355,373.181,484.862
1784569791502,15,371.283977870451,482.996474585815,373.301,485.196
1784569791602,15,371.488775149671,483.140248677086,373.422,485.531
1784569791702,15,371.696163085179,483.278350046315,373.543,485.865
1784569791802,15,371.906082199897,483.410854682401,373.664,486.199
1784569791902,15,372.118468645619,483.537851318359,373.829,486.439
1784569792002,15,372.333254754154,483.65944053261,374.167,486.309
1784569792102,15,372.550368601337,483.77573556007,374.505,486.179
1784569792202,15,372.769733459686,483.886867345926,374.843,486.05
1784569792302,15,372.991267849275,483.992985406052,375.18,485.92
1784569792402,15,373.214884919484,484.09425822494,375.518,485.79
1784569792502,15,373.440492227129,484.190874140661,375.856,485.661
1784569792602,15,373.667994057935,484.283032618309,376.194,485.531
1784569792702,15,373.897293551021,484.370941924795,376.532,485.401
1784569792802,15,374.128292268703,484.454820378643,376.869,485.272
1784569792902,15,374.360889477985,484.534894326469,377.207,485.142
1784569793002,15,374.594982627243,484.611390119143,377.545,485.013
1784569793102,15,374.830468428493,484.684533693784,377.883,484.883
1784569793202,15,375.067245231971,484.754550215558,378.221,484.753
1784569793302,15,375.305213599355,484.821662243123,378.558,484.624
1784569793402,15,375.544275429676,484.886090892361,378.896,484.494
1784569793502,15,375.784333545647,484.948056331885,379.234,484.364
1784569793602,15,376.025293623732,485.007777740137,379.572,484.235
1784569793702,15,376.267064516356,485.06547092287,379.91,484.105
1784569793802,15,376.509557389734,485.121351727618,380.248,483.975
1784569793902,15,376.752688386778,485.175632649184,380.585,483.846
1784569794002,15,376.996378503053,485.228525692271,380.923,483.716
1784569794102,15,377.240552448356,485.280236262408,381.261,483.586
1784569794202,15,377.485138014257,485.330956682,381.599,483.457
1784569794302,15,377.730067194446,485.380864779656,381.937,483.327
1784569794402,15,377.975276727432,485.430123490267,382.274,483.197
1784569794502,15,378.220708423361,485.478879646625,382.612,483.068
1784569794602,15,378.466308974603,485.527262285078,382.95,482.938
1784569794702,15,378.712029875368,485.575381834349,383.288,482.808
1784569794802,15,378.957830200013,485.62332885955,383.626,482.679
1784569794902,15,379.203677741918,485.671173579477,383.963,482.549
1784569795002,15,379.449548692991,485.718966306529,384.301,482.419
1784569795102,15,379.695428187754,485.766739958682,384.639,482.29
