timestamp,id,x,y,type,cell,simid
1784569735202,1,537.09,260.954,mc,0,1784569735202
1784569735202,2,269.897,219.587,mc,0,1784569735202
1784569735202,3,469.762,371.584,mc,0,1784569735202
1784569735202,4,316.581,270.483,mc,0,1784569735202
1784569735202,5,754.82,319.729,mc,0,1784569735202
1784569735202,6,72.3764,371.115,mc,0,1784569735202
1784569735202,7,479.296,709.06,mc,0,1784569735202
1784569735202,8,293.03,500.422,mc,0,1784569735202
1784569735202,9,577.241,716.13,mc,0,1784569735202
1784569735202,10,300.979,491.77,mc,0,1784569735202
1784569735202,11,643.727,371.956,mc,0,1784569735202
1784569735202,12,560.413,333.952,mc,0,1784569735202
1784569735202,13,536.509,457.101,mc,0,1784569735202
1784569735202,14,666.467,563.315,mc,0,1784569735202
1784569735202,15,360.08,476.528,mc,0,1784569735202
1784569735302,1,536.727,260.518,mc,5,1784569735202
1784569735302,2,270.292,219.462,mc,5,1784569735202
1784569735302,3,469.434,371.31,mc,3,1784569735202
1784569735302,4,316.052,270.282,mc,5,1784569735202
1784569735302,5,755.012,320.191,mc,3,1784569735202
1784569735302,6,72.6814,370.861,mc,5,1784569735202
1784569735302,7,479.055,708.869,mc,4,1784569735202
1784569735302,8,293.309,500.654,mc,4,1784569735202
1784569735302,9,577.847,716.1,mc,2,1784569735202
1784569735302,10,301.263,492.187,mc,4,1784569735202
1784569735302,11,643.631,372.484,mc,3,1784569735202
1784569735302,12,560.712,333.778,mc,5,1784569735202
1784569735302,13,536.217,456.976,mc,2,1784569735202
1784569735302,14,666.219,562.778,mc,3,1784569735202
1784569735302,15,360.663,476.301,mc,2,1784569735202
1784569735402,1,536.365,260.083,mc,5,1784569735202
1784569735402,2,270.686,219.336,mc,5,1784569735202
1784569735402,3,469.107,371.037,mc,3,1784569735202
1784569735402,4,315.522,270.08,mc,5,1784569735202
1784569735402,5,755.205,320.654,mc,3,1784569735202
1784569735402,6,72.9864,370.608,mc,5,1784569735202
1784569735402,7,478.814,708.678,mc,4,1784569735202
1784569735402,8,293.588,500.886,mc,4,1784569735202
1784569735402,9,578.452,716.07,mc,2,1784569735202
1784569735402,10,301.547,492.605,mc,4,1784569735202
1784569735402,11,643.535,373.011,mc,3,1784569735202
1784569735402,12,561.011,333.603,mc,5,1784569735202
1784569735402,13,535.924,456.851,mc,2,1784569735202
1784569735402,14,665.971,562.242,mc,3,1784569735202
1784569735402,15,361.247,476.074,mc,2,1784569735202
1784569735502,1,536.003,259.647,mc,5,1784569735202
1784569735502,2,271.081,219.211,mc,5,1784569735202
1784569735502,3,468.779,370.763,mc,3,1784569735202
1784569735502,4,314.993,269.879,mc,5,1784569735202
1784569735502,5,755.397,321.116,mc,3,1784569735202
1784569735502,6,73.2913,370.355,mc,5,1784569735202
1784569735502,7,478.573,708.487,mc,4,1784569735202
1784569735502,8,293.867,501.118,mc,4,1784569735202
1784569735502,9,579.058,716.04,mc,2,1784569735202
1784569735502,10,301.831,493.023,mc,4,1784569735202
1784569735502,11,643.439,373.538,mc,3,1784569735202
1784569735502,12,561.31,333.429,mc,5,1784569735202
1784569735502,13,535.631,456.726,mc,2,1784569735202
1784569735502,14,665.722,561.706,mc,3,1784569735202
1784569735502,15,361.831,475.848,mc,2,1784569735202
1784569735602,1,535.641,259.212,mc,5,1784569735202
1784569735602,2,271.475,219.085,mc,5,1784569735202
1784569735602,3,468.451,370.489,mc,3,1784569735202
1784569735602,4,314.463,269.677,mc,5,1784569735202
1784569735602,5,755.589,321.578,mc,3,1784569735202
1784569735602,6,73.5963,370.102,mc,5,1784569735202
1784569735602,7,478.332,708.296,mc,4,1784569735202
1784569735602,8,294.147,501.35,mc,4,1784569735202
1784569735602,9,579.663,716.011,mc,2,1784569735202
1784569735602,10,302.115,493.44,mc,4,1784569735202
1784569735602,11,643.344,374.065,mc,3,1784569735202
1784569735602,12,561.61,333.254,mc,5,1784569735202
1784569735602,13,535.338,456.601,mc,2,1784569735202
1784569735602,14,665.474,561.169,mc,3,1784569735202
1784569735602,15,362.414,475.621,mc,2,1784569735202
1784569735702,1,535.279,258.776,mc,5,1784569735202
1784569735702,2,271.869,218.96,mc,5,1784569735202
1784569735702,3,468.123,370.216,mc,3,1784569735202
1784569735702,4,313.934,269.475,mc,5,1784569735202
1784569735702,5,755.782,322.041,mc,3,1784569735202
1784569735702,6,73.9013,369.849,mc,5,1784569735202
1784569735702,7,478.091,708.105,mc,4,1784569735202
1784569735702,8,294.426,501.582,mc,4,1784569735202
1784569735702,9,580.269,715.981,mc,2,1784569735202
1784569735702,10,302.399,493.858,mc,4,1784569735202
1784569735702,11,643.248,374.592,mc,3,1784569735202
1784569735702,12,561.909,333.08,mc,5,1784569735202
1784569735702,13,535.045,456.476,mc,2,1784569735202
1784569735702,14,665.226,560.633,mc,3,1784569735202
1784569735702,15,362.998,475.395,mc,2,1784569735202
1784569735802,1,534.917,258.34,mc,5,1784569735202
1784569735802,2,272.264,218.834,mc,5,1784569735202
1784569735802,3,467.796,369.942,mc,3,1784569735202
1784569735802,4,313.404,269.274,mc,5,1784569735202
1784569735802,5,755.974,322.503,mc,3,1784569735202
1784569735802,6,74.2063,369.596,mc,5,1784569735202
1784569735802,7,477.85,707.914,mc,4,1784569735202
1784569735802,8,294.705,501.814,mc,4,1784569735202
1784569735802,9,580.874,715.951,mc,2,1784569735202
1784569735802,10,302.683,494.275,mc,4,1784569735202
1784569735802,11,643.152,375.12,mc,3,1784569735202
1784569735802,12,562.208,332.905,mc,5,1784569735202
1784569735802,13,534.752,456.351,mc,2,1784569735202
1784569735802,14,664.978,560.097,mc,3,1784569735202
1784569735802,15,363.582,475.168,mc,2,1784569735202
1784569735902,1,534.555,257.905,mc,5,1784569735202
1784569735902,2,272.658,218.709,mc,5,1784569735202
1784569735902,3,467.468,369.668,mc,3,1784569735202
1784569735902,4,312.875,269.072,mc,5,1784569735202
1784569735902,5,756.166,322.965,mc,3,1784569735202
1784569735902,6,74.5113,369.343,mc,5,1784569735202
1784569735902,7,477.609,707.723,mc,4,1784569735202
1784569735902,8,294.984,502.045,mc,4,1784569735202
1784569735902,9,581.48,715.921,mc,2,1784569735202
1784569735902,10,302.967,494.693,mc,4,1784569735202
1784569735902,11,643.056,375.647,mc,3,1784569735202
1784569735902,12,562.507,332.731,mc,5,1784569735202
1784569735902,13,534.459,456.226,mc,2,1784569735202
1784569735902,14,664.729,559.561,mc,3,1784569735202
1784569735902,15,364.166,474.942,mc,2,1784569735202
1784569736002,1,534.193,257.469,mc,5,1784569735202
1784569736002,2,273.052,218.584,mc,5,1784569735202
1784569736002,3,467.14,369.395,mc,3,1784569735202
1784569736002,4,312.345,268.871,mc,5,1784569735202
1784569736002,5,756.359,323.428,mc,3,1784569735202
1784569736002,6,74.8163,369.089,mc,5,1784569735202
1784569736002,7,477.368,707.532,mc,4,1784569735202
1784569736002,8,295.263,502.277,mc,4,1784569735202
1784569736002,9,582.085,715.891,mc,2,1784569735202
1784569736002,10,303.25,495.111,mc,4,1784569735202
1784569736002,11,642.96,376.174,mc,3,1784569735202
1784569736002,12,562.806,332.556,mc,5,1784569735202
1784569736002,13,534.166,456.101,mc,2,1784569735202
1784569736002,14,664.481,559.024,mc,3,1784569735202
1784569736002,15,364.749,474.715,mc,2,1784569735202
1784569736102,1,533.831,257.033,mc,5,1784569735202
1784569736102,2,273.447,218.458,mc,5,1784569735202
1784569736102,3,466.812,369.121,mc,3,1784569735202
1784569736102,4,311.815,268.669,mc,5,1784569735202
1784569736102,5,756.551,323.89,mc,3,1784569735202
1784569736102,6,75.1213,368.836,mc,5,1784569735202
1784569736102,7,477.127,707.341,mc,4,1784569735202
1784569736102,8,295.543,502.509,mc,4,1784569735202
1784569736102,9,582.691,715.861,mc,2,1784569735202
1784569736102,10,303.534,495.528,mc,4,1784569735202
1784569736102,11,642.864,376.701,mc,3,1784569735202
1784569736102,12,563.105,332.382,mc,5,1784569735202
1784569736102,13,533.873,455.976,mc,2,1784569735202
1784569736102,14,664.233,558.488,mc,3,1784569735202
1784569736102,15,365.333,474.488,mc,2,1784569735202
1784569736202,1,533.469,256.598,mc,5,1784569735202
1784569736202,2,273.841,218.333,mc,5,1784569735202
1784569736202,3,466.485,368.847,mc,3,1784569735202
1784569736202,4,311.286,268.468,mc,5,1784569735202
1784569736202,5,756.743,324.352,mc,3,1784569735202
1784569736202,6,75.4263,368.583,mc,5,1784569735202
1784569736202,7,476.886,707.15,mc,4,1784569735202
1784569736202,8,295.822,502.741,mc,4,1784569735202
1784569736202,9,583.296,715.831,mc,2,1784569735202
1784569736202,10,303.818,495.946,mc,4,1784569735202
1784569736202,11,642.768,377.228,mc,3,1784569735202
1784569736202,12,563.404,332.207,mc,5,1784569735202
1784569736202,13,533.58,455.851,mc,2,1784569735202
1784569736202,14,663.984,557.952,mc,3,1784569735202
1784569736202,15,365.917,474.262,mc,2,1784569735202
1784569736302,1,533.107,256.162,mc,5,1784569735202
1784569736302,2,274.236,218.207,mc,5,1784569735202
1784569736302,3,466.157,368.574,mc,3,1784569735202
1784569736302,4,310.756,268.266,mc,5,1784569735202
1784569736302,5,756.936,324.815,mc,3,1784569735202
1784569736302,6,75.7313,368.33,mc,5,1784569735202
1784569736302,7,476.645,706.959,mc,4,1784569735202
1784569736302,8,296.101,502.973,mc,4,1784569735202
1784569736302,9,583.902,715.801,mc,2,1784569735202
1784569736302,10,304.102,496.363,mc,4,1784569735202
1784569736302,11,642.672,377.755,mc,3,1784569735202
1784569736302,12,563.703,332.033,mc,5,1784569735202
1784569736302,13,533.287,455.726,mc,2,1784569735202
1784569736302,14,663.736,557.416,mc,3,1784569735202
1784569736302,15,366.5,474.035,mc,2,1784569735202
1784569736402,1,532.745,255.727,mc,5,1784569735202
1784569736402,2,274.63,218.082,mc,5,1784569735202
1784569736402,3,465.829,368.3,mc,3,1784569735202
1784569736402,4,310.227,268.065,mc,5,1784569735202
1784569736402,5,757.128,325.277,mc,3,1784569735202
1784569736402,6,76.0363,368.077,mc,5,1784569735202
1784569736402,7,476.404,706.768,mc,4,1784569735202
1784569736402,8,296.38,503.205,mc,4,1784569735202
1784569736402,9,584.507,715.772,mc,2,1784569735202
1784569736402,10,304.386,496.781,mc,4,1784569735202
1784569736402,11,642.577,378.283,mc,3,1784569735202
1784569736402,12,564.002,331.858,mc,5,1784569735202
1784569736402,13,532.994,455.601,mc,2,1784569735202
1784569736402,14,663.488,556.879,mc,3,1784569735202
1784569736402,15,367.084,473.809,mc,2,1784569735202
1784569736502,1,532.383,255.291,mc,5,1784569735202
1784569736502,2,275.024,217.956,mc,5,1784569735202
1784569736502,3,465.501,368.026,mc,3,1784569735202
1784569736502,4,309.697,267.863,mc,5,1784569735202
1784569736502,5,757.32,325.739,mc,3,1784569735202
1784569736502,6,76.3412,367.824,mc,5,1784569735202
1784569736502,7,476.163,706.577,mc,4,1784569735202
1784569736502,8,296.66,503.437,mc,4,1784569735202
1784569736502,9,585.113,715.742,mc,2,1784569735202
1784569736502,10,304.67,497.199,mc,4,1784569735202
1784569736502,11,642.481,378.81,mc,3,1784569735202
1784569736502,12,564.301,331.684,mc,5,1784569735202
1784569736502,13,532.702,455.476,mc,2,1784569735202
1784569736502,14,663.24,556.343,mc,3,1784569735202
1784569736502,15,367.668,473.582,mc,2,1784569735202
1784569736602,1,532.021,254.855,mc,5,1784569735202
1784569736602,2,275.419,217.831,mc,5,1784569735202
1784569736602,3,465.174,367.753,mc,3,1784569735202
1784569736602,4,309.168,267.662,mc,5,1784569735202
1784569736602,5,757.513,326.202,mc,3,1784569735202
1784569736602,6,76.6462,367.571,mc,5,1784569735202
1784569736602,7,475.922,706.386,mc,4,1784569735202
1784569736602,8,296.939,503.669,mc,4,1784569735202
1784569736602,9,585.718,715.712,mc,2,1784569735202
1784569736602,10,304.954,497.616,mc,4,1784569735202
1784569736602,11,642.385,379.337,mc,3,1784569735202
1784569736602,12,564.6,331.509,mc,5,1784569735202
1784569736602,13,532.409,455.351,mc,2,1784569735202
1784569736602,14,662.991,555.807,mc,3,1784569735202
1784569736602,15,368.251,473.355,mc,2,1784569735202
1784569736702,1,531.659,254.42,mc,5,1784569735202
1784569736702,2,275.813,217.705,mc,5,1784569735202
1784569736702,3,464.846,367.479,mc,3,1784569735202
1784569736702,4,308.638,267.46,mc,5,1784569735202
1784569736702,5,757.705,326.664,mc,3,1784569735202
1784569736702,6,76.9512,367.318,mc,5,1784569735202
1784569736702,7,475.681,706.195,mc,4,1784569735202
1784569736702,8,297.218,503.901,mc,4,1784569735202
1784569736702,9,586.324,715.682,mc,2,1784569735202
1784569736702,10,305.238,498.034,mc,4,1784569735202
1784569736702,11,642.289,379.864,mc,3,1784569735202
1784569736702,12,564.899,331.335,mc,5,1784569735202
1784569736702,13,532.116,455.226,mc,2,1784569735202
1784569736702,14,662.743,555.271,mc,3,1784569735202
1784569736702,15,368.835,473.129,mc,2,1784569735202
1784569736802,1,531.297,253.984,mc,5,1784569735202
1784569736802,2,276.208,217.58,mc,5,1784569735202
1784569736802,3,464.518,367.205,mc,3,1784569735202
1784569736802,4,308.109,267.258,mc,5,1784569735202
1784569736802,5,757.898,327.126,mc,3,1784569735202
1784569736802,6,77.2562,367.064,mc,5,1784569735202
1784569736802,7,475.44,706.004,mc,4,1784569735202
1784569736802,8,297.497,504.133,mc,4,1784569735202
1784569736802,9,586.929,715.652,mc,2,1784569735202
1784569736802,10,305.522,498.451,mc,4,1784569735202
1784569736802,11,642.193,380.391,mc,3,1784569735202
1784569736802,12,565.198,331.16,mc,5,1784569735202
1784569736802,13,531.823,455.101,mc,2,1784569735202
1784569736802,14,662.495,554.734,mc,3,1784569735202
1784569736802,15,369.419,472.902,mc,2,1784569735202
1784569736902,1,530.935,253.549,mc,5,1784569735202
1784569736902,2,276.602,217.454,mc,5,1784569735202
1784569736902,3,464.19,366.932,mc,3,1784569735202
1784569736902,4,307.579,267.057,mc,5,1784569735202
1784569736902,5,758.09,327.589,mc,3,1784569735202
1784569736902,6,77.5612,366.811,mc,5,1784569735202
1784569736902,7,475.199,705.813,mc,4,1784569735202
1784569736902,8,297.777,504.365,mc,4,1784569735202
1784569736902,9,587.535,715.622,mc,2,1784569735202
1784569736902,10,305.806,498.869,mc,4,1784569735202
1784569736902,11,642.097,380.919,mc,3,1784569735202
1784569736902,12,565.497,330.986,mc,5,1784569735202
1784569736902,13,531.53,454.976,mc,2,1784569735202
1784569736902,14,662.246,554.198,mc,3,1784569735202
1784569736902,15,370.002,472.676,mc,2,1784569735202
1784569737002,1,530.573,253.113,mc,5,1784569735202
1784569737002,2,276.996,217.329,mc,5,1784569735202
1784569737002,3,463.863,366.658,mc,3,1784569735202
1784569737002,4,307.05,266.855,mc,5,1784569735202
1784569737002,5,758.282,328.051,mc,3,1784569735202
1784569737002,6,77.8662,366.558,mc,5,1784569735202
1784569737002,7,474.958,705.622,mc,4,1784569735202
1784569737002,8,298.056,504.597,mc,4,1784569735202
1784569737002,9,588.14,715.592,mc,2,1784569735202
1784569737002,10,306.09,499.287,mc,4,1784569735202
1784569737002,11,642.001,381.446,mc,3,1784569735202
1784569737002,12,565.797,330.811,mc,5,1784569735202
1784569737002,13,531.237,454.851,mc,2,1784569735202
1784569737002,14,661.998,553.662,mc,3,1784569735202
1784569737002,15,370.586,472.449,mc,2,1784569735202
1784569737102,1,530.211,252.677,mc,5,1784569735202
1784569737102,2,277.391,217.203,mc,5,1784569735202
1784569737102,3,463.535,366.384,mc,3,1784569735202
1784569737102,4,306.52,266.654,mc,5,1784569735202
1784569737102,5,758.475,328.513,mc,3,1784569735202
1784569737102,6,78.1712,366.305,mc,5,1784569735202
1784569737102,7,474.717,705.431,mc,4,1784569735202
1784569737102,8,298.335,504.829,mc,4,1784569735202
1784569737102,9,588.745,715.562,mc,2,1784569735202
1784569737102,10,306.374,499.704,mc,4,1784569735202
1784569737102,11,641.905,381.973,mc,3,1784569735202
1784569737102,12,566.096,330.637,mc,5,1784569735202
1784569737102,13,530.944,454.726,mc,2,1784569735202
1784569737102,14,661.75,553.126,mc,3,1784569735202
1784569737102,15,371.17,472.223,mc,2,1784569735202
1784569737202,1,529.849,252.242,mc,5,1784569735202
1784569737202,2,277.785,217.078,mc,5,1784569735202
1784569737202,3,463.207,366.111,mc,3,1784569735202
1784569737202,4,305.991,266.452,mc,5,1784569735202
1784569737202,5,758.667,328.976,mc,3,1784569735202
1784569737202,6,78.4762,366.052,mc,5,1784569735202
1784569737202,7,474.476,705.24,mc,4,1784569735202
1784569737202,8,298.614,505.061,mc,4,1784569735202
1784569737202,9,589.351,715.533,mc,2,1784569735202
1784569737202,10,306.657,500.122,mc,4,1784569735202
1784569737202,11,641.81,382.5,mc,3,1784569735202
1784569737202,12,566.395,330.462,mc,5,1784569735202
1784569737202,13,530.651,454.601,mc,2,1784569735202
1784569737202,14,661.501,552.589,mc,3,1784569735202
1784569737202,15,371.754,471.996,mc,2,1784569735202
1784569737302,1,529.487,251.806,mc,5,1784569735202
1784569737302,2,278.18,216.953,mc,5,1784569735202
1784569737302,3,462.879,365.837,mc,3,1784569735202
1784569737302,4,305.461,266.251,mc,5,1784569735202
1784569737302,5,758.859,329.438,mc,3,1784569735202
1784569737302,6,78.7812,365.799,mc,5,1784569735202
1784569737302,7,474.235,705.049,mc,4,1784569735202
1784569737302,8,298.893,505.293,mc,4,1784569735202
1784569737302,9,589.956,715.503,mc,2,1784569735202
1784569737302,10,306.941,500.54,mc,4,1784569735202
1784569737302,11,641.714,383.027,mc,3,1784569735202
1784569737302,12,566.694,330.288,mc,5,1784569735202
1784569737302,13,530.358,454.476,mc,2,1784569735202
1784569737302,14,661.253,552.053,mc,3,1784569735202
1784569737302,15,372.337,471.769,mc,2,1784569735202
1784569737402,1,529.125,251.371,mc,5,1784569735202
1784569737402,2,278.574,216.827,mc,5,1784569735202
1784569737402,3,462.552,365.563,mc,3,1784569735202
1784569737402,4,304.932,266.049,mc,5,1784569735202
1784569737402,5,759.052,329.9,mc,3,1784569735202
1784569737402,6,79.0862,365.546,mc,5,1784569735202
1784569737402,7,473.994,704.858,mc,4,1784569735202
1784569737402,8,299.173,505.525,mc,4,1784569735202
1784569737402,9,590.562,715.473,mc,2,1784569735202
1784569737402,10,307.225,500.957,mc,4,1784569735202
1784569737402,11,641.618,383.554,mc,3,1784569735202
1784569737402,12,566.993,330.113,mc,5,1784569735202
1784569737402,13,530.065,454.351,mc,2,1784569735202
1784569737402,14,661.005,551.517,mc,3,1784569735202
1784569737402,15,372.921,471.543,mc,2,1784569735202
1784569737502,1,528.763,250.935,mc,5,1784569735202
1784569737502,2,278.968,216.702,mc,5,1784569735202
1784569737502,3,462.224,365.29,mc,3,1784569735202
1784569737502,4,304.402,265.848,mc,5,1784569735202
1784569737502,5,759.244,330.363,mc,3,1784569735202
1784569737502,6,79.3911,365.293,mc,5,1784569735202
1784569737502,7,473.753,704.667,mc,4,1784569735202
1784569737502,8,299.452,505.757,mc,4,1784569735202
1784569737502,9,591.167,715.443,mc,2,1784569735202
1784569737502,10,307.509,501.375,mc,4,1784569735202
1784569737502,11,641.522,384.082,mc,3,1784569735202
1784569737502,12,567.292,329.939,mc,5,1784569735202
1784569737502,13,529.772,454.226,mc,2,1784569735202
1784569737502,14,660.757,550.981,mc,3,1784569735202
1784569737502,15,373.505,471.316,mc,2,1784569735202
1784569737602,1,528.401,250.499,mc,5,1784569735202
1784569737602,2,279.363,216.576,mc,5,1784569735202
1784569737602,3,461.896,365.016,mc,3,1784569735202
1784569737602,4,303.873,265.646,mc,5,1784569735202
1784569737602,5,759.436,330.825,mc,3,1784569735202
1784569737602,6,79.6961,365.039,mc,5,1784569735202
1784569737602,7,473.512,704.476,mc,4,1784569735202
1784569737602,8,299.731,505.989,mc,4,1784569735202
1784569737602,9,591.773,715.413,mc,2,1784569735202
1784569737602,10,307.793,501.792,mc,4,1784569735202
1784569737602,11,641.426,384.609,mc,3,1784569735202
1784569737602,12,567.591,329.764,mc,5,1784569735202
1784569737602,13,529.479,454.101,mc,2,1784569735202
1784569737602,14,660.508,550.444,mc,3,1784569735202
1784569737602,15,374.088,471.09,mc,2,1784569735202
1784569737702,1,528.039,250.064,mc,5,1784569735202
1784569737702,2,279.757,216.451,mc,5,1784569735202
1784569737702,3,461.569,364.742,mc,3,1784569735202
1784569737702,4,303.343,265.445,mc,5,1784569735202
1784569737702,5,759.629,331.287,mc,3,1784569735202
1784569737702,6,80.0011,364.786,mc,5,1784569735202
1784569737702,7,473.272,704.285,mc,4,1784569735202
1784569737702,8,300.01,506.221,mc,4,1784569735202
1784569737702,9,592.378,715.383,mc,2,1784569735202
1784569737702,10,308.077,502.21,mc,4,1784569735202
1784569737702,11,641.33,385.136,mc,3,1784569735202
1784569737702,12,567.89,329.59,mc,5,1784569735202
1784569737702,13,529.186,453.976,mc,2,1784569735202
1784569737702,14,660.26,549.908,mc,3,1784569735202
1784569737702,15,374.672,470.863,mc,2,1784569735202
1784569737802,1,527.677,249.628,mc,5,1784569735202
1784569737802,2,280.152,216.325,mc,5,1784569735202
1784569737802,3,461.241,364.469,mc,3,1784569735202
1784569737802,4,302.814,265.243,mc,5,1784569735202
1784569737802,5,759.821,331.75,mc,3,1784569735202
1784569737802,6,80.3061,364.533,mc,5,1784569735202
1784569737802,7,473.031,704.094,mc,4,1784569735202
1784569737802,8,300.29,506.453,mc,4,1784569735202
1784569737802,9,592.984,715.353,mc,2,1784569735202
1784569737802,10,308.361,502.628,mc,4,1784569735202
1784569737802,11,641.234,385.663,mc,3,1784569735202
1784569737802,12,568.189,329.415,mc,5,1784569735202
1784569737802,13,528.894,453.851,mc,2,1784569735202
1784569737802,14,660.012,549.372,mc,3,1784569735202
1784569737802,15,375.256,470.636,mc,2,1784569735202
1784569737902,1,527.315,249.193,mc,5,1784569735202
1784569737902,2,280.546,216.2,mc,5,1784569735202
1784569737902,3,460.913,364.195,mc,3,1784569735202
1784569737902,4,302.284,265.041,mc,5,1784569735202
1784569737902,5,760.013,332.212,mc,3,1784569735202
1784569737902,6,80.6111,364.28,mc,5,1784569735202
1784569737902,7,472.79,703.903,mc,4,1784569735202
1784569737902,8,300.569,506.685,mc,4,1784569735202
1784569737902,9,593.589,715.323,mc,2,1784569735202
1784569737902,10,308.645,503.045,mc,4,1784569735202
1784569737902,11,641.138,386.19,mc,3,1784569735202
1784569737902,12,568.488,329.241,mc,5,1784569735202
1784569737902,13,528.601,453.726,mc,2,1784569735202
1784569737902,14,659.763,548.835,mc,3,1784569735202
1784569737902,15,375.839,470.41,mc,2,1784569735202
1784569738002,1,526.953,248.757,mc,5,1784569735202
1784569738002,2,280.94,216.074,mc,5,1784569735202
1784569738002,3,460.585,363.921,mc,3,1784569735202
1784569738002,4,301.755,264.84,mc,5,1784569735202
1784569738002,5,760.206,332.674,mc,3,1784569735202
1784569738002,6,80.9161,364.027,mc,5,1784569735202
1784569738002,7,472.549,703.712,mc,4,1784569735202
1784569738002,8,300.848,506.917,mc,4,1784569735202
1784569738002,9,594.195,715.294,mc,2,1784569735202
1784569738002,10,308.929,503.463,mc,4,1784569735202
1784569738002,11,641.043,386.718,mc,3,1784569735202
1784569738002,12,568.787,329.066,mc,5,1784569735202
1784569738002,13,528.308,453.601,mc,2,1784569735202
1784569738002,14,659.515,548.299,mc,3,1784569735202
1784569738002,15,376.423,470.183,mc,2,1784569735202
1784569738102,1,526.591,248.321,mc,5,1784569735202
1784569738102,2,281.335,215.949,mc,5,1784569735202
1784569738102,3,460.258,363.648,mc,3,1784569735202
1784569738102,4,301.225,264.638,mc,5,1784569735202
1784569738102,5,760.398,333.137,mc,3,1784569735202
1784569738102,6,81.2211,363.774,mc,5,1784569735202
1784569738102,7,472.308,703.521,mc,4,1784569735202
1784569738102,8,301.127,507.149,mc,4,1784569735202
1784569738102,9,594.8,715.264,mc,2,1784569735202
1784569738102,10,309.213,503.88,mc,4,1784569735202
1784569738102,11,640.947,387.245,mc,3,1784569735202
1784569738102,12,569.086,328.892,mc,5,1784569735202
1784569738102,13,528.015,453.476,mc,2,1784569735202
1784569738102,14,659.267,547.763,mc,3,1784569735202
1784569738102,15,377.007,469.957,mc,2,1784569735202
1784569738202,1,526.229,247.886,mc,5,1784569735202
1784569738202,2,281.729,215.823,mc,5,1784569735202
1784569738202,3,459.93,363.374,mc,3,1784569735202
1784569738202,4,300.696,264.437,mc,5,1784569735202
1784569738202,5,760.591,333.599,mc,3,1784569735202
1784569738202,6,81.5261,363.521,mc,5,1784569735202
1784569738202,7,472.067,703.33,mc,4,1784569735202
1784569738202,8,301.407,507.381,mc,4,1784569735202
1784569738202,9,595.406,715.234,mc,2,1784569735202
1784569738202,10,309.497,504.298,mc,4,1784569735202
1784569738202,11,640.851,387.772,mc,3,1784569735202
1784569738202,12,569.385,328.717,mc,5,1784569735202
1784569738202,13,527.722,453.351,mc,2,1784569735202
1784569738202,14,659.019,547.227,mc,3,1784569735202
1784569738202,15,377.591,469.73,mc,2,1784569735202
1784569738302,1,525.867,247.45,mc,5,1784569735202
1784569738302,2,282.124,215.698,mc,5,1784569735202
1784569738302,3,459.602,363.1,mc,3,1784569735202
1784569738302,4,300.166,264.235,mc,5,1784569735202
1784569738302,5,760.783,334.061,mc,3,1784569735202
1784569738302,6,81.8311,363.267,mc,5,1784569735202
1784569738302,7,471.826,703.139,mc,4,1784569735202
1784569738302,8,301.686,507.613,mc,4,1784569735202
1784569738302,9,596.011,715.204,mc,2,1784569735202
1784569738302,10,309.781,504.716,mc,4,1784569735202
1784569738302,11,640.755,388.299,mc,3,1784569735202
1784569738302,12,569.684,328.543,mc,5,1784569735202
1784569738302,13,527.429,453.226,mc,2,1784569735202
1784569738302,14,658.77,546.69,mc,3,1784569735202
1784569738302,15,378.174,469.504,mc,2,1784569735202
1784569738402,1,525.505,247.015,mc,5,1784569735202
1784569738402,2,282.518,215.572,mc,5,1784569735202
1784569738402,3,459.274,362.827,mc,3,1784569735202
1784569738402,4,299.637,264.034,mc,5,1784569735202
1784569738402,5,760.975,334.523,mc,3,1784569735202
1784569738402,6,82.1361,363.014,mc,5,1784569735202
1784569738402,7,471.585,702.948,mc,4,1784569735202
1784569738402,8,301.965,507.845,mc,4,1784569735202
1784569738402,9,596.617,715.174,mc,2,1784569735202
1784569738402,10,310.064,505.133,mc,4,1784569735202
1784569738402,11,640.659,388.826,mc,3,1784569735202
1784569738402,12,569.984,328.368,mc,5,1784569735202
1784569738402,13,527.136,453.101,mc,2,1784569735202
1784569738402,14,658.522,546.154,mc,3,1784569735202
1784569738402,15,378.758,469.277,mc,2,1784569735202
1784569738502,1,525.142,246.579,mc,5,1784569735202
1784569738502,2,282.912,215.447,mc,5,1784569735202
1784569738502,3,458.947,362.553,mc,3,1784569735202
1784569738502,4,299.107,263.832,mc,5,1784569735202
1784569738502,5,761.168,334.986,mc,3,1784569735202
1784569738502,6,82.441,362.761,mc,5,1784569735202
1784569738502,7,471.344,702.757,mc,4,1784569735202
1784569738502,8,302.244,508.077,mc,4,1784569735202
1784569738502,9,597.222,715.144,mc,2,1784569735202
1784569738502,10,310.348,505.551,mc,4,1784569735202
1784569738502,11,640.563,389.353,mc,3,1784569735202
1784569738502,12,570.283,328.194,mc,5,1784569735202
1784569738502,13,526.843,452.976,mc,2,1784569735202
1784569738502,14,658.274,545.618,mc,3,1784569735202
1784569738502,15,379.342,469.05,mc,2,1784569735202
1784569738602,1,524.78,246.143,mc,5,1784569735202
1784569738602,2,283.307,215.322,mc,5,1784569735202
1784569738602,3,458.619,362.279,mc,3,1784569735202
1784569738602,4,298.578,263.631,mc,5,1784569735202
1784569738602,5,761.36,335.448,mc,3,1784569735202
1784569738602,6,82.746,362.508,mc,5,1784569735202
1784569738602,7,471.103,702.566,mc,4,1784569735202
1784569738602,8,302.523,508.309,mc,4,1784569735202
1784569738602,9,597.828,715.114,mc,2,1784569735202
1784569738602,10,310.632,505.968,mc,4,1784569735202
1784569738602,11,640.467,389.881,mc,3,1784569735202
1784569738602,12,570.582,328.019,mc,5,1784569735202
1784569738602,13,526.55,452.851,mc,2,1784569735202
1784569738602,14,658.025,545.082,mc,3,1784569735202
1784569738602,15,379.925,468.824,mc,2,1784569735202
1784569738702,1,524.418,245.708,mc,5,1784569735202
1784569738702,2,283.701,215.196,mc,5,1784569735202
1784569738702,3,458.291,362.006,mc,3,1784569735202
1784569738702,4,298.048,263.429,mc,5,1784569735202
1784569738702,5,761.552,335.91,mc,3,1784569735202
1784569738702,6,83.051,362.255,mc,5,1784569735202
1784569738702,7,470.862,702.375,mc,4,1784569735202
1784569738702,8,302.803,508.541,mc,4,1784569735202
1784569738702,9,598.433,715.084,mc,2,1784569735202
1784569738702,10,310.916,506.386,mc,4,1784569735202
1784569738702,11,640.371,390.408,mc,3,1784569735202
1784569738702,12,570.881,327.845,mc,5,1784569735202
1784569738702,13,526.257,452.726,mc,2,1784569735202
1784569738702,14,657.777,544.545,mc,3,1784569735202
1784569738702,15,380.509,468.597,mc,2,1784569735202
1784569738802,1,524.056,245.272,mc,5,1784569735202
1784569738802,2,284.095,215.071,mc,5,1784569735202
1784569738802,3,457.963,361.732,mc,3,1784569735202
1784569738802,4,297.519,263.228,mc,5,1784569735202
1784569738802,5,761.745,336.373,mc,3,1784569735202
1784569738802,6,83.356,362.002,mc,5,1784569735202
1784569738802,7,470.621,702.184,mc,4,1784569735202
1784569738802,8,303.082,508.773,mc,4,1784569735202
1784569738802,9,599.039,715.055,mc,2,1784569735202
1784569738802,10,311.2,506.804,mc,4,1784569735202
1784569738802,11,640.276,390.935,mc,3,1784569735202
1784569738802,12,571.18,327.67,mc,5,1784569735202
1784569738802,13,525.964,452.601,mc,2,1784569735202
1784569738802,14,657.529,544.009,mc,3,1784569735202
1784569738802,15,381.093,468.371,mc,2,1784569735202
1784569738902,1,523.694,244.837,mc,5,1784569735202
1784569738902,2,284.49,214.945,mc,5,1784569735202
1784569738902,3,457.636,361.458,mc,3,1784569735202
1784569738902,4,296.989,263.026,mc,5,1784569735202
1784569738902,5,761.937,336.835,mc,3,1784569735202
1784569738902,6,83.661,361.749,mc,5,1784569735202
1784569738902,7,470.38,701.993,mc,4,1784569735202
1784569738902,8,303.361,509.005,mc,4,1784569735202
1784569738902,9,599.644,715.025,mc,2,1784569735202
1784569738902,10,311.484,507.221,mc,4,1784569735202
1784569738902,11,640.18,391.462,mc,3,1784569735202
1784569738902,12,571.479,327.496,mc,5,1784569735202
1784569738902,13,525.671,452.476,mc,2,1784569735202
1784569738902,14,657.281,543.473,mc,3,1784569735202
1784569738902,15,381.676,468.144,mc,2,1784569735202
1784569739002,1,523.332,244.401,mc,5,1784569735202
1784569739002,2,284.884,214.82,mc,5,1784569735202
1784569739002,3,457.308,361.185,mc,3,1784569735202
1784569739002,4,296.46,262.824,mc,5,1784569735202
1784569739002,5,762.129,337.297,mc,3,1784569735202
1784569739002,6,83.966,361.496,mc,5,1784569735202
1784569739002,7,470.139,701.802,mc,4,1784569735202
1784569739002,8,303.64,509.237,mc,4,1784569735202
1784569739002,9,600.25,714.995,mc,2,1784569735202
1784569739002,10,311.768,507.639,mc,4,1784569735202
1784569739002,11,640.084,391.989,mc,3,1784569735202
1784569739002,12,571.778,327.321,mc,5,1784569735202
1784569739002,13,525.378,452.351,mc,2,1784569735202
1784569739002,14,657.032,542.937,mc,3,1784569735202
1784569739002,15,382.26,467.918,mc,2,1784569735202
1784569739102,1,522.97,243.965,mc,5,1784569735202
1784569739102,2,285.279,214.694,mc,5,1784569735202
1784569739102,3,456.98,360.911,mc,3,1784569735202
1784569739102,4,295.93,262.623,mc,5,1784569735202
1784569739102,5,762.322,337.76,mc,3,1784569735202
1784569739102,6,84.271,361.242,mc,5,1784569735202
1784569739102,7,469.898,701.611,mc,4,1784569735202
1784569739102,8,303.92,509.469,mc,4,1784569735202
1784569739102,9,600.855,714.965,mc,2,1784569735202
1784569739102,10,312.052,508.057,mc,4,1784569735202
1784569739102,11,639.988,392.517,mc,3,1784569735202
1784569739102,12,572.077,327.147,mc,5,1784569735202
1784569739102,13,525.086,452.226,mc,2,1784569735202
1784569739102,14,656.784,542.4,mc,3,1784569735202
1784569739102,15,382.844,467.691,mc,2,1784569735202
1784569739202,1,522.608,243.53,mc,5,1784569735202
1784569739202,2,285.673,214.569,mc,5,1784569735202
1784569739202,3,456.652,360.637,mc,3,1784569735202
1784569739202,4,295.401,262.421,mc,5,1784569735202
1784569739202,5,762.514,338.222,mc,3,1784569735202
1784569739202,6,84.576,360.989,mc,5,1784569735202
1784569739202,7,469.657,701.42,mc,4,1784569735202
1784569739202,8,304.199,509.701,mc,4,1784569735202
1784569739202,9,601.461,714.935,mc,2,1784569735202
1784569739202,10,312.336,508.474,mc,4,1784569735202
1784569739202,11,639.892,393.044,mc,3,1784569735202
1784569739202,12,572.376,326.972,mc,5,1784569735202
1784569739202,13,524.793,452.101,mc,2,1784569735202
1784569739202,14,656.536,541.864,mc,3,1784569735202
1784569739202,15,383.427,467.464,mc,2,1784569735202
1784569739302,1,522.246,243.094,mc,5,1784569735202
1784569739302,2,286.067,214.443,mc,5,1784569735202
1784569739302,3,456.325,360.364,mc,3,1784569735202
1784569739302,4,294.871,262.22,mc,5,1784569735202
1784569739302,5,762.706,338.684,mc,3,1784569735202
1784569739302,6,84.881,360.736,mc,5,1784569735202
1784569739302,7,469.416,701.229,mc,4,1784569735202
1784569739302,8,304.478,509.933,mc,4,1784569735202
1784569739302,9,602.066,714.905,mc,2,1784569735202
1784569739302,10,312.62,508.892,mc,4,1784569735202
1784569739302,11,639.796,393.571,mc,3,1784569735202
1784569739302,12,572.675,326.798,mc,5,1784569735202
1784569739302,13,524.5,451.976,mc,2,1784569735202
1784569739302,14,656.287,541.328,mc,3,1784569735202
1784569739302,15,384.011,467.238,mc,2,1784569735202
1784569739402,1,521.884,242.659,mc,5,1784569735202
1784569739402,2,286.462,214.318,mc,5,1784569735202
1784569739402,3,455.997,360.09,mc,3,1784569735202
1784569739402,4,294.342,262.018,mc,5,1784569735202
1784569739402,5,762.899,339.147,mc,3,1784569735202
1784569739402,6,85.186,360.483,mc,5,1784569735202
1784569739402,7,469.175,701.038,mc,4,1784569735202
1784569739402,8,304.757,510.165,mc,4,1784569735202
1784569739402,9,602.672,714.875,mc,2,1784569735202
1784569739402,10,312.904,509.309,mc,4,1784569735202
1784569739402,11,639.7,394.098,mc,3,1784569735202
1784569739402,12,572.974,326.623,mc,5,1784569735202
1784569739402,13,524.207,451.851,mc,2,1784569735202
1784569739402,14,656.039,540.792,mc,3,1784569735202
1784569739402,15,384.595,467.011,mc,2,1784569735202
1784569739502,1,521.522,242.223,mc,5,1784569735202
1784569739502,2,286.856,214.192,mc,5,1784569735202
1784569739502,3,455.669,359.816,mc,3,1784569735202
1784569739502,4,293.812,261.817,mc,5,1784569735202
1784569739502,5,763.091,339.609,mc,3,1784569735202
1784569739502,6,85.4909,360.23,mc,5,1784569735202
1784569739502,7,468.934,700.847,mc,4,1784569735202
1784569739502,8,305.037,510.397,mc,4,1784569735202
1784569739502,9,603.277,714.845,mc,2,1784569735202
1784569739502,10,313.188,509.727,mc,4,1784569735202
1784569739502,11,639.604,394.625,mc,3,1784569735202
1784569739502,12,573.273,326.449,mc,5,1784569735202
1784569739502,13,523.914,451.726,mc,2,1784569735202
1784569739502,14,655.791,540.255,mc,3,1784569735202
1784569739502,15,385.179,466.785,mc,2,1784569735202
1784569739602,1,521.16,241.787,mc,5,1784569735202
1784569739602,2,287.251,214.067,mc,5,1784569735202
1784569739602,3,455.341,359.543,mc,3,1784569735202
1784569739602,4,293.283,261.615,mc,5,1784569735202
1784569739602,5,763.283,340.071,mc,3,1784569735202
1784569739602,6,85.7959,359.977,mc,5,1784569735202
1784569739602,7,468.693,700.656,mc,4,1784569735202
1784569739602,8,305.316,510.629,mc,4,1784569735202
1784569739602,9,603.883,714.816,mc,2,1784569735202
1784569739602,10,313.471,510.145,mc,4,1784569735202
1784569739602,11,639.509,395.152,mc,3,1784569735202
1784569739602,12,573.572,326.274,mc,5,1784569735202
1784569739602,13,523.621,451.601,mc,2,1784569735202
1784569739602,14,655.543,539.719,mc,3,1784569735202
1784569739602,15,385.762,466.558,mc,2,1784569735202
1784569739702,1,520.798,241.352,mc,5,1784569735202
1784569739702,2,287.645,213.941,mc,5,1784569735202
1784569739702,3,455.014,359.269,mc,3,1784569735202
1784569739702,4,292.753,261.414,mc,5,1784569735202
1784569739702,5,763.476,340.534,mc,3,1784569735202
1784569739702,6,86.1009,359.724,mc,5,1784569735202
1784569739702,7,468.452,700.465,mc,4,1784569735202
1784569739702,8,305.595,510.861,mc,4,1784569735202
1784569739702,9,604.488,714.786,mc,2,1784569735202
1784569739702,10,313.755,510.562,mc,4,1784569735202
1784569739702,11,639.413,395.68,mc,3,1784569735202
1784569739702,12,573.871,326.1,mc,5,1784569735202
1784569739702,13,523.328,451.476,mc,2,1784569735202
1784569739702,14,655.294,539.183,mc,3,1784569735202
1784569739702,15,386.346,466.331,mc,2,1784569735202
1784569739802,1,520.436,240.916,mc,5,1784569735202
1784569739802,2,288.039,213.816,mc,5,1784569735202
1784569739802,3,454.686,358.995,mc,3,1784569735202
1784569739802,4,292.224,261.212,mc,5,1784569735202
1784569739802,5,763.668,340.996,mc,3,1784569735202
1784569739802,6,86.4059,359.47,mc,5,1784569735202
1784569739802,7,468.211,700.274,mc,4,1784569735202
1784569739802,8,305.874,511.093,mc,4,1784569735202
1784569739802,9,605.094,714.756,mc,2,1784569735202
1784569739802,10,314.039,510.98,mc,4,1784569735202
1784569739802,11,639.317,396.207,mc,3,1784569735202
1784569739802,12,574.17,325.925,mc,5,1784569735202
1784569739802,13,523.035,451.351,mc,2,1784569735202
1784569739802,14,655.046,538.647,mc,3,1784569735202
1784569739802,15,386.93,466.105,mc,2,1784569735202
1784569739902,1,520.074,240.481,mc,5,1784569735202
1784569739902,2,288.434,213.691,mc,5,1784569735202
1784569739902,3,454.358,358.722,mc,3,1784569735202
1784569739902,4,291.694,261.011,mc,5,1784569735202
1784569739902,5,763.861,341.458,mc,3,1784569735202
1784569739902,6,86.7109,359.217,mc,5,1784569735202
1784569739902,7,467.97,700.083,mc,4,1784569735202
1784569739902,8,306.153,511.325,mc,4,1784569735202
1784569739902,9,605.699,714.726,mc,2,1784569735202
1784569739902,10,314.323,511.397,mc,4,1784569735202
1784569739902,11,639.221,396.734,mc,3,1784569735202
1784569739902,12,574.47,325.751,mc,5,1784569735202
1784569739902,13,522.742,451.226,mc,2,1784569735202
1784569739902,14,654.798,538.11,mc,3,1784569735202
1784569739902,15,387.513,465.878,mc,2,1784569735202
1784569740002,1,519.712,240.045,mc,5,1784569735202
1784569740002,2,288.828,213.565,mc,5,1784569735202
1784569740002,3,454.03,358.448,mc,3,1784569735202
1784569740002,4,291.165,260.809,mc,5,1784569735202
1784569740002,5,764.053,341.921,mc,3,1784569735202
1784569740002,6,87.0159,358.964,mc,5,1784569735202
1784569740002,7,467.729,699.892,mc,4,1784569735202
1784569740002,8,306.433,511.557,mc,4,1784569735202
1784569740002,9,606.305,714.696,mc,2,1784569735202
1784569740002,10,314.607,511.815,mc,4,1784569735202
1784569740002,11,639.125,397.261,mc,3,1784569735202
1784569740002,12,574.769,325.576,mc,5,1784569735202
1784569740002,13,522.449,451.101,mc,2,1784569735202
1784569740002,14,654.549,537.574,mc,3,1784569735202
1784569740002,15,388.059,465.638,mc,2,1784569735202
1784569740102,1,519.35,239.609,mc,5,1784569735202
1784569740102,2,289.223,213.44,mc,5,1784569735202
1784569740102,3,453.703,358.174,mc,3,1784569735202
1784569740102,4,290.635,260.607,mc,5,1784569735202
1784569740102,5,764.245,342.383,mc,3,1784569735202
1784569740102,6,87.3209,358.711,mc,5,1784569735202
1784569740102,7,467.488,699.701,mc,4,1784569735202
1784569740102,8,306.712,511.789,mc,4,1784569735202
1784569740102,9,606.91,714.666,mc,2,1784569735202
1784569740102,10,314.891,512.233,mc,4,1784569735202
1784569740102,11,639.029,397.788,mc,3,1784569735202
1784569740102,12,575.068,325.402,mc,5,1784569735202
1784569740102,13,522.156,450.976,mc,2,1784569735202
1784569740102,14,654.301,537.038,mc,3,1784569735202
1784569740102,15,388.207,465.256,mc,2,1784569735202
1784569740202,1,518.988,239.174,mc,5,1784569735202
1784569740202,2,289.617,213.314,mc,5,1784569735202
1784569740202,3,453.375,357.901,mc,3,1784569735202
1784569740202,4,290.106,260.406,mc,5,1784569735202
1784569740202,5,764.438,342.845,mc,3,1784569735202
1784569740202,6,87.6259,358.458,mc,5,1784569735202
1784569740202,7,467.247,699.51,mc,4,1784569735202
1784569740202,8,306.991,512.021,mc,4,1784569735202
1784569740202,9,607.087,714.845,mc,2,1784569735202
1784569740202,10,315.175,512.65,mc,4,1784569735202
1784569740202,11,638.933,398.316,mc,3,1784569735202
1784569740202,12,575.367,325.227,mc,5,1784569735202
1784569740202,13,521.863,450.851,mc,2,1784569735202
1784569740202,14,654.053,536.501,mc,3,1784569735202
1784569740202,15,388.355,464.873,mc,2,1784569735202
1784569740302,1,518.626,238.738,mc,5,1784569735202
1784569740302,2,290.011,213.189,mc,5,1784569735202
1784569740302,3,453.047,357.627,mc,3,1784569735202
1784569740302,4,289.576,260.204,mc,5,1784569735202
1784569740302,5,764.63,343.308,mc,3,1784569735202
1784569740302,6,87.9309,358.205,mc,5,1784569735202
1784569740302,7,467.006,699.319,mc,4,1784569735202
1784569740302,8,307.27,512.253,mc,4,1784569735202
1784569740302,9,606.858,715.221,mc,2,1784569735202
1784569740302,10,315.459,513.068,mc,4,1784569735202
1784569740302,11,638.837,398.843,mc,3,1784569735202
1784569740302,12,575.666,325.053,mc,5,1784569735202
1784569740302,13,521.57,450.725,mc,2,1784569735202
1784569740302,14,653.904,536.212,mc,3,1784569735202
1784569740302,15,388.503,464.49,mc,2,1784569735202
1784569740402,1,518.264,238.303,mc,5,1784569735202
1784569740402,2,290.406,213.063,mc,5,1784569735202
1784569740402,3,452.719,357.353,mc,3,1784569735202
1784569740402,4,289.047,260.003,mc,5,1784569735202
1784569740402,5,764.822,343.77,mc,3,1784569735202
1784569740402,6,88.2359,357.952,mc,5,1784569735202
1784569740402,7,466.765,699.128,mc,4,1784569735202
1784569740402,8,307.55,512.485,mc,4,1784569735202
1784569740402,9,606.629,715.597,mc,2,1784569735202
1784569740402,10,315.743,513.485,mc,4,1784569735202
1784569740402,11,638.742,399.37,mc,3,1784569735202
1784569740402,12,575.965,324.878,mc,5,1784569735202
1784569740402,13,521.278,450.6,mc,2,1784569735202
1784569740402,14,654.079,536.73,mc,3,1784569735202
1784569740402,15,388.651,464.107,mc,2,1784569735202
1784569740502,1,517.918,237.894,mc,5,1784569735202
1784569740502,2,290.8,212.938,mc,5,1784569735202
1784569740502,3,452.392,357.08,mc,3,1784569735202
1784569740502,4,288.545,259.827,mc,5,1784569735202
1784569740502,5,765.015,344.232,mc,3,1784569735202
1784569740502,6,88.5408,357.699,mc,5,1784569735202
1784569740502,7,466.524,698.937,mc,4,1784569735202
1784569740502,8,307.829,512.717,mc,4,1784569735202
1784569740502,9,606.4,715.973,mc,2,1784569735202
1784569740502,10,316.027,513.903,mc,4,1784569735202
1784569740502,11,638.646,399.897,mc,3,1784569735202
1784569740502,12,576.264,324.704,mc,5,1784569735202
1784569740502,13,520.985,450.475,mc,2,1784569735202
1784569740502,14,654.254,537.248,mc,3,1784569735202
1784569740502,15,388.799,463.725,mc,2,1784569735202
1784569740602,1,518.012,238.239,mc,5,1784569735202
1784569740602,2,291.195,212.812,mc,5,1784569735202
1784569740602,3,452.064,356.806,mc,3,1784569735202
1784569740602,4,288.586,260.137,mc,5,1784569735202
1784569740602,5,765.207,344.695,mc,3,1784569735202
1784569740602,6,88.8458,357.445,mc,5,1784569735202
1784569740602,7,466.284,698.746,mc,4,1784569735202
1784569740602,8,308.108,512.949,mc,4,1784569735202
1784569740602,9,606.171,716.349,mc,2,1784569735202
1784569740602,10,316.311,514.321,mc,4,1784569735202
1784569740602,11,638.55,400.424,mc,3,1784569735202
1784569740602,12,576.563,324.529,mc,5,1784569735202
1784569740602,13,520.692,450.35,mc,2,1784569735202
1784569740602,14,654.429,537.766,mc,3,1784569735202
1784569740602,15,388.947,463.342,mc,2,1784569735202
1784569740702,1,518.105,238.584,mc,5,1784569735202
1784569740702,2,291.589,212.687,mc,5,1784569735202
1784569740702,3,451.736,356.532,mc,3,1784569735202
1784569740702,4,288.626,260.447,mc,5,1784569735202
1784569740702,5,765.399,345.157,mc,3,1784569735202
1784569740702,6,89.1508,357.192,mc,5,1784569735202
1784569740702,7,466.043,698.555,mc,4,1784569735202
1784569740702,8,308.387,513.181,mc,4,1784569735202
1784569740702,9,605.942,716.725,mc,2,1784569735202
1784569740702,10,316.595,514.738,mc,4,1784569735202
1784569740702,11,638.454,400.951,mc,3,1784569735202
1784569740702,12,576.862,324.355,mc,5,1784569735202
1784569740702,13,520.399,450.225,mc,2,1784569735202
1784569740702,14,654.604,538.284,mc,3,1784569735202
1784569740702,15,389.095,462.959,mc,2,1784569735202
1784569740802,1,518.199,238.929,mc,5,1784569735202
1784569740802,2,291.983,212.561,mc,5,1784569735202
1784569740802,3,451.409,356.259,mc,3,1784569735202
1784569740802,4,288.666,260.757,mc,5,1784569735202
1784569740802,5,765.592,345.619,mc,3,1784569735202
1784569740802,6,89.4558,356.939,mc,5,1784569735202
1784569740802,7,465.802,698.364,mc,4,1784569735202
1784569740802,8,308.667,513.413,mc,4,1784569735202
1784569740802,9,605.713,717.101,mc,2,1784569735202
1784569740802,10,316.878,515.156,mc,4,1784569735202
1784569740802,11,638.358,401.466,mc,3,1784569735202
1784569740802,12,577.161,324.18,mc,5,1784569735202
1784569740802,13,520.106,450.1,mc,2,1784569735202
1784569740802,14,654.78,538.802,mc,3,1784569735202
1784569740802,15,389.243,462.576,mc,2,1784569735202
1784569740902,1,518.293,239.274,mc,5,1784569735202
1784569740902,2,292.378,212.436,mc,5,1784569735202
1784569740902,3,451.081,355.985,mc,3,1784569735202
1784569740902,4,288.707,261.067,mc,5,1784569735202
1784569740902,5,765.784,346.082,mc,3,1784569735202
1784569740902,6,89.7608,356.686,mc,5,1784569735202
1784569740902,7,465.561,698.173,mc,4,1784569735202
1784569740902,8,308.946,513.645,mc,4,1784569735202
1784569740902,9,605.484,717.477,mc,2,1784569735202
1784569740902,10,317.162,515.574,mc,4,1784569735202
1784569740902,11,638.29,400.93,mc,3,1784569735202
1784569740902,12,577.46,324.005,mc,5,1784569735202
1784569740902,13,519.813,449.975,mc,2,1784569735202
1784569740902,14,654.955,539.32,mc,3,1784569735202
1784569740902,15,389.392,462.194,mc,2,1784569735202
1784569741002,1,518.387,239.619,mc,5,1784569735202
1784569741002,2,292.772,212.31,mc,5,1784569735202
1784569741002,3,450.753,355.712,mc,3,1784569735202
1784569741002,4,288.747,261.377,mc,5,1784569735202
1784569741002,5,765.976,346.544,mc,3,1784569735202
1784569741002,6,90.0658,356.433,mc,5,1784569735202
1784569741002,7,465.32,697.982,mc,4,1784569735202
1784569741002,8,309.225,513.877,mc,4,1784569735202
1784569741002,9,605.255,717.853,mc,2,1784569735202
1784569741002,10,317.446,515.991,mc,4,1784569735202
1784569741002,11,638.222,400.394,mc,3,1784569735202
1784569741002,12,577.759,323.831,mc,5,1784569735202
1784569741002,13,519.52,449.85,mc,2,1784569735202
1784569741002,14,655.13,539.838,mc,3,1784569735202
1784569741002,15,389.54,461.811,mc,2,1784569735202
1784569741102,1,518.481,239.963,mc,5,1784569735202
1784569741102,2,293.167,212.185,mc,5,1784569735202
1784569741102,3,450.425,355.438,mc,3,1784569735202
1784569741102,4,288.787,261.687,mc,5,1784569735202
1784569741102,5,766.169,347.006,mc,3,1784569735202
1784569741102,6,90.3708,356.18,mc,5,1784569735202
1784569741102,7,465.079,697.791,mc,4,1784569735202
1784569741102,8,309.504,514.109,mc,4,1784569735202
1784569741102,9,605.026,718.229,mc,2,1784569735202
1784569741102,10,317.73,516.409,mc,4,1784569735202
1784569741102,11,638.154,399.858,mc,3,1784569735202
1784569741102,12,578.058,323.656,mc,5,1784569735202
1784569741102,13,519.227,449.725,mc,2,1784569735202
1784569741102,14,655.305,540.356,mc,3,1784569735202
1784569741102,15,389.688,461.428,mc,2,1784569735202
1784569741202,1,518.575,240.308,mc,5,1784569735202
1784569741202,2,293.561,212.06,mc,5,1784569735202
1784569741202,3,450.098,355.164,mc,3,1784569735202
1784569741202,4,288.827,261.997,mc,5,1784569735202
1784569741202,5,766.338,347.463,mc,3,1784569735202
1784569741202,6,90.6758,355.927,mc,5,1784569735202
1784569741202,7,464.838,697.6,mc,4,1784569735202
1784569741202,8,309.783,514.341,mc,4,1784569735202
1784569741202,9,604.797,718.605,mc,2,1784569735202
1784569741202,10,317.71,516.266,mc,4,1784569735202
1784569741202,11,638.085,399.322,mc,3,1784569735202
1784569741202,12,578.357,323.482,mc,5,1784569735202
1784569741202,13,518.934,449.6,mc,2,1784569735202
1784569741202,14,655.48,540.874,mc,3,1784569735202
1784569741202,15,389.836,461.046,mc,2,1784569735202
1784569741302,1,518.669,240.653,mc,5,1784569735202
1784569741302,2,293.955,211.934,mc,5,1784569735202
1784569741302,3,449.77,354.891,mc,3,1784569735202
1784569741302,4,288.868,262.307,mc,5,1784569735202
1784569741302,5,766.265,347.86,mc,3,1784569735202
1784569741302,6,90.9808,355.674,mc,5,1784569735202
1784569741302,7,464.597,697.409,mc,4,1784569735202
1784569741302,8,310.063,514.573,mc,4,1784569735202
1784569741302,9,604.569,718.981,mc,2,1784569735202
1784569741302,10,317.481,515.738,mc,4,1784569735202
1784569741302,11,638.017,398.786,mc,3,1784569735202
1784569741302,12,578.657,323.307,mc,5,1784569735202
1784569741302,13,518.641,449.475,mc,2,1784569735202
1784569741302,14,655.655,541.392,mc,3,1784569735202
1784569741302,15,389.984,460.663,mc,2,1784569735202
1784569741402,1,518.763,240.998,mc,5,1784569735202
1784569741402,2,294.35,211.809,mc,5,1784569735202
1784569741402,3,449.442,354.617,mc,3,1784569735202
1784569741402,4,288.908,262.617,mc,5,1784569735202
1784569741402,5,766.193,348.257,mc,3,1784569735202
1784569741402,6,91.2858,355.42,mc,5,1784569735202
1784569741402,7,464.356,697.218,mc,4,1784569735202
1784569741402,8,310.342,514.805,mc,4,1784569735202
1784569741402,9,604.34,719.357,mc,2,1784569735202
1784569741402,10,317.251,515.21,mc,4,1784569735202
1784569741402,11,637.949,398.25,mc,3,1784569735202
1784569741402,12,578.956,323.133,mc,5,1784569735202
1784569741402,13,518.348,449.35,mc,2,1784569735202
1784569741402,14,655.831,541.909,mc,3,1784569735202
1784569741402,15,390.132,460.28,mc,2,1784569735202
1784569741502,1,518.856,241.343,mc,5,1784569735202
1784569741502,2,294.744,211.683,mc,5,1784569735202
1784569741502,3,449.114,354.343,mc,3,1784569735202
1784569741502,4,288.948,262.927,mc,5,1784569735202
1784569741502,5,766.121,348.654,mc,3,1784569735202
1784569741502,6,91.5907,355.167,mc,5,1784569735202
1784569741502,7,464.115,697.027,mc,4,1784569735202
1784569741502,8,310.621,515.037,mc,4,1784569735202
1784569741502,9,604.111,719.733,mc,2,1784569735202
1784569741502,10,317.021,514.682,mc,4,1784569735202
1784569741502,11,637.881,397.714,mc,3,1784569735202
1784569741502,12,579.255,322.958,mc,5,1784569735202
1784569741502,13,518.055,449.225,mc,2,1784569735202
1784569741502,14,656.006,542.427,mc,3,1784569735202
1784569741502,15,390.28,459.897,mc,2,1784569735202
1784569741602,1,518.95,241.688,mc,5,1784569735202
1784569741602,2,295.138,211.558,mc,5,1784569735202
1784569741602,3,448.787,354.07,mc,3,1784569735202
1784569741602,4,288.989,263.237,mc,5,1784569735202
1784569741602,5,766.048,349.051,mc,3,1784569735202
1784569741602,6,91.8957,354.914,mc,5,1784569735202
1784569741602,7,463.874,696.836,mc,4,1784569735202
1784569741602,8,310.9,515.269,mc,4,1784569735202
1784569741602,9,603.882,720.109,mc,2,1784569735202
1784569741602,10,316.792,514.154,mc,4,1784569735202
1784569741602,11,637.812,397.178,mc,3,1784569735202
1784569741602,12,579.554,322.784,mc,5,1784569735202
1784569741602,13,517.763,449.1,mc,2,1784569735202
1784569741602,14,656.181,542.945,mc,3,1784569735202
1784569741602,15,390.428,459.515,mc,2,1784569735202
1784569741702,1,519.044,242.033,mc,5,1784569735202
1784569741702,2,295.533,211.432,mc,5,1784569735202
1784569741702,3,448.459,353.796,mc,3,1784569735202
1784569741702,4,289.029,263.547,mc,5,1784569735202
1784569741702,5,765.976,349.448,mc,3,1784569735202
1784569741702,6,92.2007,354.661,mc,5,1784569735202
1784569741702,7,463.633,696.645,mc,4,1784569735202
1784569741702,8,311.18,515.501,mc,4,1784569735202
1784569741702,9,603.653,720.485,mc,2,1784569735202
1784569741702,10,316.562,513.626,mc,4,1784569735202
1784569741702,11,637.744,396.643,mc,3,1784569735202
1784569741702,12,579.853,322.609,mc,5,1784569735202
1784569741702,13,517.47,448.975,mc,2,1784569735202
1784569741702,14,656.356,543.463,mc,3,1784569735202
1784569741702,15,390.576,459.132,mc,2,1784569735202
1784569741802,1,519.138,242.378,mc,5,1784569735202
1784569741802,2,295.927,211.307,mc,5,1784569735202
1784569741802,3,448.131,353.522,mc,3,1784569735202
1784569741802,4,289.069,263.857,mc,5,1784569735202
1784569741802,5,765.904,349.845,mc,3,1784569735202
1784569741802,6,92.5057,354.408,mc,5,1784569735202
1784569741802,7,463.392,696.454,mc,4,1784569735202
1784569741802,8,311.459,515.733,mc,4,1784569735202
1784569741802,9,603.424,720.861,mc,2,1784569735202
1784569741802,10,316.333,513.098,mc,4,1784569735202
1784569741802,11,637.676,396.107,mc,3,1784569735202
1784569741802,12,580.152,322.435,mc,5,1784569735202
1784569741802,13,517.177,448.85,mc,2,1784569735202
1784569741802,14,656.531,543.981,mc,3,1784569735202
1784569741802,15,390.724,458.749,mc,2,1784569735202
1784569741902,1,519.232,242.723,mc,5,1784569735202
1784569741902,2,296.322,211.181,mc,5,1784569735202
1784569741902,3,447.803,353.249,mc,3,1784569735202
1784569741902,4,289.11,264.168,mc,5,1784569735202
1784569741902,5,765.831,350.241,mc,3,1784569735202
1784569741902,6,92.8107,354.155,mc,5,1784569735202
1784569741902,7,463.151,696.263,mc,4,1784569735202
1784569741902,8,311.738,515.965,mc,4,1784569735202
1784569741902,9,603.195,721.237,mc,2,1784569735202
1784569741902,10,316.103,512.569,mc,4,1784569735202
1784569741902,11,637.608,395.571,mc,3,1784569735202
1784569741902,12,580.451,322.26,mc,5,1784569735202
1784569741902,13,516.884,448.725,mc,2,1784569735202
1784569741902,14,656.706,544.499,mc,3,1784569735202
1784569741902,15,390.872,458.367,mc,2,1784569735202
1784569742002,1,519.326,243.068,mc,5,1784569735202
1784569742002,2,296.716,211.056,mc,5,1784569735202
1784569742002,3,447.476,352.975,mc,3,1784569735202
1784569742002,4,289.15,264.478,mc,5,1784569735202
1784569742002,5,765.759,350.638,mc,3,1784569735202
1784569742002,6,93.1157,353.902,mc,5,1784569735202
1784569742002,7,462.91,696.072,mc,4,1784569735202
1784569742002,8,312.017,516.197,mc,4,1784569735202
1784569742002,9,602.966,721.613,mc,2,1784569735202
1784569742002,10,315.873,512.041,mc,4,1784569735202
1784569742002,11,637.539,395.035,mc,3,1784569735202
1784569742002,12,580.75,322.086,mc,5,1784569735202
1784569742002,13,516.591,448.6,mc,2,1784569735202
1784569742002,14,656.881,545.017,mc,3,1784569735202
1784569742002,15,391.02,457.984,mc,2,1784569735202
1784569742102,1,519.42,243.413,mc,5,1784569735202
1784569742102,2,297.11,210.93,mc,5,1784569735202
1784569742102,3,447.148,352.701,mc,3,1784569735202
1784569742102,4,289.19,264.788,mc,5,1784569735202
1784569742102,5,765.687,351.035,mc,3,1784569735202
1784569742102,6,93.4207,353.648,mc,5,1784569735202
1784569742102,7,462.669,695.881,mc,4,1784569735202
1784569742102,8,312.297,516.429,mc,4,1784569735202
1784569742102,9,602.737,721.989,mc,2,1784569735202
1784569742102,10,315.644,511.513,mc,4,1784569735202
1784569742102,11,637.471,394.499,mc,3,1784569735202
1784569742102,12,581.049,321.911,mc,5,1784569735202
1784569742102,13,516.298,448.475,mc,2,1784569735202
1784569742102,14,657.057,545.535,mc,3,1784569735202
1784569742102,15,391.168,457.601,mc,2,1784569735202
1784569742202,1,519.514,243.758,mc,5,1784569735202
1784569742202,2,297.505,210.805,mc,5,1784569735202
1784569742202,3,446.82,352.428,mc,3,1784569735202
1784569742202,4,289.23,265.098,mc,5,1784569735202
1784569742202,5,765.614,351.432,mc,3,1784569735202
1784569742202,6,93.7257,353.395,mc,5,1784569735202
1784569742202,7,462.428,695.69,mc,4,1784569735202
1784569742202,8,312.576,516.661,mc,4,1784569735202
1784569742202,9,602.508,722.365,mc,2,1784569735202
1784569742202,10,315.414,510.985,mc,4,1784569735202
1784569742202,11,637.403,393.963,mc,3,1784569735202
1784569742202,12,581.348,321.737,mc,5,1784569735202
1784569742202,13,516.005,448.35,mc,2,1784569735202
1784569742202,14,657.232,546.053,mc,3,1784569735202
1784569742202,15,391.316,457.218,mc,2,1784569735202
1784569742302,1,519.608,244.103,mc,5,1784569735202
1784569742302,2,297.899,210.679,mc,5,1784569735202
1784569742302,3,447.033,352.417,mc,3,1784569735202
1784569742302,4,289.271,265.408,mc,5,1784569735202
1784569742302,5,765.542,351.829,mc,3,1784569735202
1784569742302,6,94.0307,353.142,mc,5,1784569735202
1784569742302,7,462.187,695.499,mc,4,1784569735202
1784569742302,8,312.855,516.893,mc,4,1784569735202
1784569742302,9,602.279,722.741,mc,2,1784569735202
1784569742302,10,315.185,510.457,mc,4,1784569735202
1784569742302,11,637.335,393.427,mc,3,1784569735202
1784569742302,12,581.647,321.562,mc,5,1784569735202
1784569742302,13,515.712,448.225,mc,2,1784569735202
1784569742302,14,657.407,546.571,mc,3,1784569735202
1784569742302,15,391.464,456.836,mc,2,1784569735202
1784569742402,1,519.701,244.447,mc,5,1784569735202
1784569742402,2,298.294,210.554,mc,5,1784569735202
1784569742402,3,447.438,352.5,mc,3,1784569735202
1784569742402,4,289.311,265.718,mc,5,1784569735202
1784569742402,5,765.47,352.226,mc,3,1784569735202
1784569742402,6,94.3357,352.889,mc,5,1784569735202
1784569742402,7,461.946,695.308,mc,4,1784569735202
1784569742402,8,313.134,517.125,mc,4,1784569735202
1784569742402,9,602.05,723.117,mc,2,1784569735202
1784569742402,10,314.955,509.929,mc,4,1784569735202
1784569742402,11,637.266,392.891,mc,3,1784569735202
1784569742402,12,581.946,321.388,mc,5,1784569735202
1784569742402,13,515.419,448.1,mc,2,1784569735202
1784569742402,14,657.582,547.089,mc,3,1784569735202
1784569742402,15,391.612,456.453,mc,2,1784569735202
1784569742502,1,519.795,244.792,mc,5,1784569735202
1784569742502,2,298.25,210.69,mc,5,1784569735202
1784569742502,3,447.842,352.583,mc,3,1784569735202
1784569742502,4,289.351,266.028,mc,5,1784569735202
1784569742502,5,765.397,352.623,mc,3,1784569735202
1784569742502,6,94.6406,352.636,mc,5,1784569735202
1784569742502,7,461.705,695.117,mc,4,1784569735202
1784569742502,8,313.413,517.357,mc,4,1784569735202
1784569742502,9,601.821,723.494,mc,2,1784569735202
1784569742502,10,314.726,509.4,mc,4,1784569735202
1784569742502,11,637.198,392.355,mc,3,1784569735202
1784569742502,12,582.245,321.213,mc,5,1784569735202
1784569742502,13,515.126,447.975,mc,2,1784569735202
1784569742502,14,657.757,547.607,mc,3,1784569735202
1784569742502,15,391.76,456.07,mc,2,1784569735202
1784569742602,1,519.889,245.137,mc,5,1784569735202
1784569742602,2,297.79,211.075,mc,5,1784569735202
1784569742602,3,448.247,352.666,mc,3,1784569735202
1784569742602,4,289.392,266.338,mc,5,1784569735202
1784569742602,5,765.325,353.02,mc,3,1784569735202
1784569742602,6,94.9456,352.383,mc,5,1784569735202
1784569742602,7,461.464,694.926,mc,4,1784569735202
1784569742602,8,313.693,517.589,mc,4,1784569735202
1784569742602,9,601.592,723.87,mc,2,1784569735202
1784569742602,10,314.496,508.872,mc,4,1784569735202
1784569742602,11,637.13,391.819,mc,3,1784569735202
1784569742602,12,582.544,321.039,mc,5,1784569735202
1784569742602,13,514.833,447.85,mc,2,1784569735202
1784569742602,14,657.932,548.125,mc,3,1784569735202
1784569742602,15,391.908,455.688,mc,2,1784569735202
1784569742702,1,519.983,245.482,mc,5,1784569735202
1784569742702,2,297.33,211.459,mc,5,1784569735202
1784569742702,3,448.652,352.749,mc,3,1784569735202
1784569742702,4,289.432,266.648,mc,5,1784569735202
1784569742702,5,765.253,353.417,mc,3,1784569735202
1784569742702,6,95.2506,352.13,mc,5,1784569735202
1784569742702,7,461.223,694.735,mc,4,1784569735202
1784569742702,8,313.972,517.821,mc,4,1784569735202
1784569742702,9,601.363,724.246,mc,2,1784569735202
1784569742702,10,314.266,508.344,mc,4,1784569735202
1784569742702,11,637.061,391.283,mc,3,1784569735202
1784569742702,12,582.844,320.864,mc,5,1784569735202
1784569742702,13,514.54,447.725,mc,2,1784569735202
1784569742702,14,658.108,548.642,mc,3,1784569735202
1784569742702,15,392.056,455.305,mc,2,1784569735202
1784569742802,1,520.077,245.827,mc,5,1784569735202
1784569742802,2,296.87,211.844,mc,5,1784569735202
1784569742802,3,449.057,352.832,mc,3,1784569735202
1784569742802,4,289.472,266.958,mc,5,1784569735202
1784569742802,5,765.18,353.814,mc,3,1784569735202
1784569742802,6,95.6299,352.051,mc,5,1784569735202
1784569742802,7,460.982,694.544,mc,4,1784569735202
1784569742802,8,314.251,518.053,mc,4,1784569735202
1784569742802,9,601.134,724.622,mc,2,1784569735202
1784569742802,10,314.037,507.816,mc,4,1784569735202
1784569742802,11,636.993,390.747,mc,3,1784569735202
1784569742802,12,583.143,320.69,mc,5,1784569735202
1784569742802,13,514.247,447.6,mc,2,1784569735202
1784569742802,14,658.283,549.16,mc,3,1784569735202
1784569742802,15,392.204,454.922,mc,2,1784569735202
1784569742902,1,520.171,246.172,mc,5,1784569735202
1784569742902,2,296.41,212.229,mc,5,1784569735202
1784569742902,3,449.461,352.915,mc,3,1784569735202
1784569742902,4,289.513,267.268,mc,5,1784569735202
1784569742902,5,765.108,354.211,mc,3,1784569735202
1784569742902,6,96.1747,352.36,mc,5,1784569735202
1784569742902,7,460.741,694.353,mc,4,1784569735202
1784569742902,8,314.53,518.285,mc,4,1784569735202
1784569742902,9,600.905,724.998,mc,2,1784569735202
1784569742902,10,313.807,507.288,mc,4,1784569735202
1784569742902,11,636.925,390.211,mc,3,1784569735202
1784569742902,12,583.442,320.515,mc,5,1784569735202
1784569742902,13,513.955,447.475,mc,2,1784569735202
1784569742902,14,658.458,549.678,mc,3,1784569735202
1784569742902,15,392.352,454.539,mc,2,1784569735202
1784569743002,1,520.265,246.517,mc,5,1784569735202
1784569743002,2,295.95,212.613,mc,5,1784569735202
1784569743002,3,449.866,352.998,mc,3,1784569735202
1784569743002,4,289.553,267.578,mc,5,1784569735202
1784569743002,5,765.036,354.608,mc,3,1784569735202
1784569743002,6,96.7196,352.669,mc,5,1784569735202
1784569743002,7,460.5,694.162,mc,4,1784569735202
1784569743002,8,314.81,518.517,mc,4,1784569735202
1784569743002,9,600.676,725.374,mc,2,1784569735202
1784569743002,10,313.578,506.76,mc,4,1784569735202
1784569743002,11,636.857,389.675,mc,3,1784569735202
1784569743002,12,583.741,320.341,mc,5,1784569735202
1784569743002,13,513.662,447.35,mc,2,1784569735202
1784569743002,14,658.633,550.196,mc,3,1784569735202
1784569743002,15,392.5,454.157,mc,2,1784569735202
1784569743102,1,520.359,246.862,mc,5,1784569735202
1784569743102,2,295.49,212.998,mc,5,1784569735202
1784569743102,3,450.271,353.081,mc,3,1784569735202
1784569743102,4,289.593,267.888,mc,5,1784569735202
1784569743102,5,764.963,355.005,mc,3,1784569735202
1784569743102,6,97.2645,352.978,mc,5,1784569735202
1784569743102,7,460.259,693.971,mc,4,1784569735202
1784569743102,8,315.089,518.748,mc,4,1784569735202
1784569743102,9,600.447,725.75,mc,2,1784569735202
1784569743102,10,313.348,506.232,mc,4,1784569735202
1784569743102,11,636.788,389.139,mc,3,1784569735202
1784569743102,12,584.04,320.166,mc,5,1784569735202
1784569743102,13,513.369,447.225,mc,2,1784569735202
1784569743102,14,658.808,550.714,mc,3,1784569735202
1784569743102,15,392.648,453.774,mc,2,1784569735202
1784569743202,1,520.453,247.207,mc,5,1784569735202
1784569743202,2,295.03,213.382,mc,5,1784569735202
1784569743202,3,450.676,353.164,mc,3,1784569735202
1784569743202,4,289.633,268.198,mc,5,1784569735202
1784569743202,5,764.891,355.402,mc,3,1784569735202
1784569743202,6,97.8093,353.288,mc,5,1784569735202
1784569743202,7,460.018,693.78,mc,4,1784569735202
1784569743202,8,315.368,518.98,mc,4,1784569735202
1784569743202,9,600.218,726.126,mc,2,1784569735202
1784569743202,10,313.118,505.703,mc,4,1784569735202
1784569743202,11,636.72,388.604,mc,3,1784569735202
1784569743202,12,584.339,319.992,mc,5,1784569735202
1784569743202,13,513.076,447.1,mc,2,1784569735202
1784569743202,14,658.983,551.232,mc,3,1784569735202
1784569743202,15,392.796,453.391,mc,2,1784569735202
1784569743302,1,520.546,247.552,mc,5,1784569735202
1784569743302,2,294.57,213.767,mc,5,1784569735202
1784569743302,3,451.08,353.246,mc,3,1784569735202
1784569743302,4,289.674,268.508,mc,5,1784569735202
1784569743302,5,764.819,355.799,mc,3,1784569735202
1784569743302,6,98.3542,353.597,mc,5,1784569735202
1784569743302,7,459.777,693.589,mc,4,1784569735202
1784569743302,8,315.647,519.212,mc,4,1784569735202
1784569743302,9,599.989,726.502,mc,2,1784569735202
1784569743302,10,312.889,505.175,mc,4,1784569735202
1784569743302,11,636.652,388.068,mc,3,1784569735202
1784569743302,12,584.638,319.817,mc,5,1784569735202
1784569743302,13,512.783,446.975,mc,2,1784569735202
1784569743302,14,659.158,551.75,mc,3,1784569735202
1784569743302,15,392.944,453.009,mc,2,1784569735202
1784569743402,1,520.64,247.897,mc,5,1784569735202
1784569743402,2,294.11,214.152,mc,5,1784569735202
1784569743402,3,451.485,353.329,mc,3,1784569735202
1784569743402,4,289.714,268.819,mc,5,1784569735202
1784569743402,5,764.746,356.196,mc,3,1784569735202
1784569743402,6,98.899,353.906,mc,5,1784569735202
1784569743402,7,459.537,693.398,mc,4,1784569735202
1784569743402,8,315.926,519.444,mc,4,1784569735202
1784569743402,9,599.76,726.878,mc,2,1784569735202
1784569743402,10,312.659,504.647,mc,4,1784569735202
1784569743402,11,636.584,387.532,mc,3,1784569735202
1784569743402,12,584.937,319.643,mc,5,1784569735202
1784569743402,13,512.49,446.85,mc,2,1784569735202
1784569743402,14,659.334,552.268,mc,3,1784569735202
1784569743402,15,393.092,452.626,mc,2,1784569735202
1784569743502,1,520.734,248.242,mc,5,1784569735202
1784569743502,2,293.65,214.536,mc,5,1784569735202
1784569743502,3,451.89,353.412,mc,3,1784569735202
1784569743502,4,289.754,269.129,mc,5,1784569735202
1784569743502,5,764.674,356.593,mc,3,1784569735202
1784569743502,6,99.4439,354.215,mc,5,1784569735202
1784569743502,7,459.296,693.207,mc,4,1784569735202
1784569743502,8,316.246,519.55,mc,4,1784569735202
1784569743502,9,599.531,727.254,mc,2,1784569735202
1784569743502,10,312.43,504.119,mc,4,1784569735202
1784569743502,11,636.515,386.996,mc,3,1784569735202
1784569743502,12,585.236,319.468,mc,5,1784569735202
1784569743502,13,512.197,446.725,mc,2,1784569735202
1784569743502,14,659.509,552.786,mc,3,1784569735202
1784569743502,15,393.24,452.243,mc,2,1784569735202
1784569743602,1,520.828,248.587,mc,5,1784569735202
1784569743602,2,293.19,214.921,mc,5,1784569735202
1784569743602,3,452.295,353.495,mc,3,1784569735202
1784569743602,4,289.795,269.439,mc,5,1784569735202
1784569743602,5,764.602,356.99,mc,3,1784569735202
1784569743602,6,99.9888,354.525,mc,5,1784569735202
1784569743602,7,459.055,693.016,mc,4,1784569735202
1784569743602,8,316.638,519.431,mc,4,1784569735202
1784569743602,9,599.302,727.63,mc,2,1784569735202
1784569743602,10,312.2,503.591,mc,4,1784569735202
1784569743602,11,636.447,386.46,mc,3,1784569735202
1784569743602,12,585.535,319.294,mc,5,1784569735202
1784569743602,13,511.904,446.6,mc,2,1784569735202
1784569743602,14,659.684,553.304,mc,3,1784569735202
1784569743602,15,393.388,451.86,mc,2,1784569735202
1784569743702,1,520.922,248.931,mc,5,1784569735202
1784569743702,2,292.73,215.305,mc,5,1784569735202
1784569743702,3,452.699,353.578,mc,3,1784569735202
1784569743702,4,289.835,269.749,mc,5,1784569735202
1784569743702,5,764.53,357.387,mc,3,1784569735202
1784569743702,6,100.534,354.834,mc,5,1784569735202
1784569743702,7,458.814,692.825,mc,4,1784569735202
1784569743702,8,317.03,519.313,mc,4,1784569735202
1784569743702,9,599.073,728.006,mc,2,1784569735202
1784569743702,10,311.97,503.063,mc,4,1784569735202
1784569743702,11,636.379,385.924,mc,3,1784569735202
1784569743702,12,585.834,319.119,mc,5,1784569735202
1784569743702,13,511.611,446.475,mc,2,1784569735202
1784569743702,14,659.859,553.822,mc,3,1784569735202
1784569743702,15,393.536,451.478,mc,2,1784569735202
1784569743802,1,521.016,249.276,mc,5,1784569735202
1784569743802,2,292.27,215.69,mc,5,1784569735202
1784569743802,3,453.104,353.661,mc,3,1784569735202
1784569743802,4,289.875,270.059,mc,5,1784569735202
1784569743802,5,764.457,357.784,mc,3,1784569735202
1784569743802,6,101.078,355.143,mc,5,1784569735202
1784569743802,7,458.573,692.634,mc,4,1784569735202
1784569743802,8,317.422,519.194,mc,4,1784569735202
1784569743802,9,598.844,728.382,mc,2,1784569735202
1784569743802,10,311.741,502.535,mc,4,1784569735202
1784569743802,11,636.311,385.388,mc,3,1784569735202
1784569743802,12,586.133,318.945,mc,5,1784569735202
1784569743802,13,511.318,446.35,mc,2,1784569735202
1784569743802,14,660.034,554.34,mc,3,1784569735202
1784569743802,15,393.684,451.095,mc,2,1784569735202
1784569743902,1,521.11,249.621,mc,5,1784569735202
1784569743902,2,291.81,216.075,mc,5,1784569735202
1784569743902,3,453.509,353.744,mc,3,1784569735202
1784569743902,4,289.916,270.369,mc,5,1784569735202
1784569743902,5,764.385,358.181,mc,3,1784569735202
1784569743902,6,101.623,355.452,mc,5,1784569735202
1784569743902,7,458.332,692.443,mc,4,1784569735202
1784569743902,8,317.813,519.075,mc,4,1784569735202
1784569743902,9,598.615,728.758,mc,2,1784569735202
1784569743902,10,311.511,502.006,mc,4,1784569735202
1784569743902,11,636.242,384.852,mc,3,1784569735202
1784569743902,12,586.507,318.691,mc,5,1784569735202
1784569743902,13,511.025,446.225,mc,2,1784569735202
1784569743902,14,660.209,554.858,mc,3,1784569735202
1784569743902,15,393.832,450.712,mc,2,1784569735202
1784569744002,1,521.204,249.966,mc,5,1784569735202
1784569744002,2,291.351,216.459,mc,5,1784569735202
1784569744002,3,453.914,353.827,mc,3,1784569735202
1784569744002,4,289.956,270.679,mc,5,1784569735202
1784569744002,5,764.313,358.578,mc,3,1784569735202
1784569744002,6,102.168,355.762,mc,5,1784569735202
1784569744002,7,458.091,692.252,mc,4,1784569735202
1784569744002,8,318.205,518.957,mc,4,1784569735202
1784569744002,9,598.386,729.134,mc,2,1784569735202
1784569744002,10,311.282,501.478,mc,4,1784569735202
1784569744002,11,636.174,384.316,mc,3,1784569735202
1784569744002,12,587.013,318.296,mc,5,1784569735202
1784569744002,13,510.732,446.1,mc,2,1784569735202
1784569744002,14,660.385,555.375,mc,3,1784569735202
1784569744002,15,393.98,450.33,mc,2,1784569735202
1784569744102,1,521.297,250.311,mc,5,1784569735202
1784569744102,2,290.891,216.844,mc,5,1784569735202
1784569744102,3,454.318,353.91,mc,3,1784569735202
1784569744102,4,289.996,270.989,mc,5,1784569735202
1784569744102,5,764.24,358.974,mc,3,1784569735202
1784569744102,6,102.713,356.071,mc,5,1784569735202
1784569744102,7,457.85,692.061,mc,4,1784569735202
1784569744102,8,318.597,518.838,mc,4,1784569735202
1784569744102,9,598.157,729.51,mc,2,1784569735202
1784569744102,10,311.052,500.95,mc,4,1784569735202
1784569744102,11,636.106,383.78,mc,3,1784569735202
1784569744102,12,587.519,317.901,mc,5,1784569735202
1784569744102,13,510.439,445.975,mc,2,1784569735202
1784569744102,14,660.56,555.893,mc,3,1784569735202
1784569744102,15,394.128,449.947,mc,2,1784569735202
1784569744202,1,521.391,250.656,mc,5,1784569735202
1784569744202,2,290.431,217.228,mc,5,1784569735202
1784569744202,3,454.723,353.993,mc,3,1784569735202
1784569744202,4,290.036,271.299,mc,5,1784569735202
1784569744202,5,764.168,359.371,mc,3,1784569735202
1784569744202,6,103.258,356.38,mc,5,1784569735202
1784569744202,7,457.609,691.87,mc,4,1784569735202
1784569744202,8,318.988,518.719,mc,4,1784569735202
1784569744202,9,597.928,729.886,mc,2,1784569735202
1784569744202,10,310.823,500.422,mc,4,1784569735202
1784569744202,11,636.038,383.244,mc,3,1784569735202
1784569744202,12,588.025,317.507,mc,5,1784569735202
1784569744202,13,510.147,445.85,mc,2,1784569735202
1784569744202,14,660.735,556.411,mc,3,1784569735202
1784569744202,15,394.276,449.564,mc,2,1784569735202
1784569744302,1,521.485,251.001,mc,5,1784569735202
1784569744302,2,289.971,217.613,mc,5,1784569735202
1784569744302,3,455.128,354.076,mc,3,1784569735202
1784569744302,4,290.077,271.609,mc,5,1784569735202
1784569744302,5,764.096,359.768,mc,3,1784569735202
1784569744302,6,103.803,356.689,mc,5,1784569735202
1784569744302,7,457.368,691.679,mc,4,1784569735202
1784569744302,8,319.38,518.601,mc,4,1784569735202
1784569744302,9,597.7,730.262,mc,2,1784569735202
1784569744302,10,310.593,499.894,mc,4,1784569735202
1784569744302,11,635.969,382.708,mc,3,1784569735202
1784569744302,12,588.531,317.112,mc,5,1784569735202
1784569744302,13,509.854,445.725,mc,2,1784569735202
1784569744302,14,660.91,556.929,mc,3,1784569735202
1784569744302,15,394.424,449.181,mc,2,1784569735202
1784569744402,1,521.579,251.346,mc,5,1784569735202
1784569744402,2,289.511,217.997,mc,5,1784569735202
1784569744402,3,455.533,354.159,mc,3,1784569735202
1784569744402,4,290.117,271.919,mc,5,1784569735202
1784569744402,5,764.023,360.165,mc,3,1784569735202
1784569744402,6,104.348,356.999,mc,5,1784569735202
1784569744402,7,457.127,691.488,mc,4,1784569735202
1784569744402,8,319.772,518.482,mc,4,1784569735202
1784569744402,9,597.471,730.638,mc,2,1784569735202
1784569744402,10,310.363,499.366,mc,4,1784569735202
1784569744402,11,635.901,382.172,mc,3,1784569735202
1784569744402,12,589.036,316.717,mc,5,1784569735202
1784569744402,13,509.561,445.6,mc,2,1784569735202
1784569744402,14,661.085,557.447,mc,3,1784569735202
1784569744402,15,394.572,448.799,mc,2,1784569735202
1784569744502,1,521.673,251.691,mc,5,1784569735202
1784569744502,2,289.051,218.382,mc,5,1784569735202
1784569744502,3,455.937,354.242,mc,3,1784569735202
1784569744502,4,290.157,272.229,mc,5,1784569735202
1784569744502,5,763.951,360.562,mc,3,1784569735202
1784569744502,6,104.893,357.308,mc,5,1784569735202
1784569744502,7,456.886,691.297,mc,4,1784569735202
1784569744502,8,320.164,518.363,mc,4,1784569735202
1784569744502,9,597.242,731.014,mc,2,1784569735202
1784569744502,10,310.134,498.838,mc,4,1784569735202
1784569744502,11,635.833,381.636,mc,3,1784569735202
1784569744502,12,589.542,316.322,mc,5,1784569735202
1784569744502,13,509.268,445.475,mc,2,1784569735202
1784569744502,14,661.26,557.965,mc,3,1784569735202
1784569744502,15,394.72,448.416,mc,2,1784569735202
1784569744602,1,521.767,252.036,mc,5,1784569735202
1784569744602,2,288.591,218.767,mc,5,1784569735202
1784569744602,3,456.342,354.325,mc,3,1784569735202
1784569744602,4,290.198,272.539,mc,5,1784569735202
1784569744602,5,763.879,360.959,mc,3,1784569735202
1784569744602,6,105.437,357.617,mc,5,1784569735202
1784569744602,7,456.645,691.106,mc,4,1784569735202
1784569744602,8,320.555,518.245,mc,4,1784569735202
1784569744602,9,597.013,731.39,mc,2,1784569735202
1784569744602,10,309.904,498.309,mc,4,1784569735202
1784569744602,11,635.765,381.1,mc,3,1784569735202
1784569744602,12,590.048,315.927,mc,5,1784569735202
1784569744602,13,508.975,445.35,mc,2,1784569735202
1784569744602,14,661.436,558.483,mc,3,1784569735202
1784569744602,15,394.868,448.033,mc,2,1784569735202
1784569744702,1,521.861,252.381,mc,5,1784569735202
1784569744702,2,288.131,219.151,mc,5,1784569735202
1784569744702,3,456.747,354.408,mc,3,1784569735202
1784569744702,4,290.238,272.849,mc,5,1784569735202
1784569744702,5,763.806,361.356,mc,3,1784569735202
1784569744702,6,105.982,357.926,mc,5,1784569735202
1784569744702,7,456.404,690.915,mc,4,1784569735202
1784569744702,8,320.947,518.126,mc,4,1784569735202
1784569744702,9,596.784,731.766,mc,2,1784569735202
1784569744702,10,309.675,497.781,mc,4,1784569735202
1784569744702,11,635.696,380.564,mc,3,1784569735202
1784569744702,12,590.554,315.532,mc,5,1784569735202
1784569744702,13,508.557,445.165,mc,2,1784569735202
1784569744702,14,661.611,559.001,mc,3,1784569735202
1784569744702,15,395.016,447.651,mc,2,1784569735202
1784569744802,1,521.955,252.726,mc,5,1784569735202
1784569744802,2,287.671,219.536,mc,5,1784569735202
1784569744802,3,457.152,354.491,mc,3,1784569735202
1784569744802,4,290.278,273.16,mc,5,1784569735202
1784569744802,5,763.734,361.753,mc,3,1784569735202
1784569744802,6,106.527,358.236,mc,5,1784569735202
1784569744802,7,456.163,690.724,mc,4,1784569735202
1784569744802,8,321.339,518.007,mc,4,1784569735202
1784569744802,9,596.555,732.142,mc,2,1784569735202
1784569744802,10,309.445,497.253,mc,4,1784569735202
1784569744802,11,635.628,380.029,mc,3,1784569735202
1784569744802,12,591.06,315.138,mc,5,1784569735202
1784569744802,13,508.109,444.966,mc,2,1784569735202
1784569744802,14,661.786,559.519,mc,3,1784569735202
1784569744802,15,395.164,447.268,mc,2,1784569735202
1784569744902,1,522.049,253.071,mc,5,1784569735202
1784569744902,2,287.211,219.92,mc,5,1784569735202
1784569744902,3,457.556,354.574,mc,3,1784569735202
1784569744902,4,290.319,273.47,mc,5,1784569735202
1784569744902,5,763.662,362.15,mc,3,1784569735202
1784569744902,6,107.072,358.545,mc,5,1784569735202
1784569744902,7,455.922,690.533,mc,4,1784569735202
1784569744902,8,321.731,517.889,mc,4,1784569735202
1784569744902,9,596.326,732.518,mc,2,1784569735202
1784569744902,10,309.215,496.725,mc,4,1784569735202
1784569744902,11,635.56,379.493,mc,3,1784569735202
1784569744902,12,591.566,314.743,mc,5,1784569735202
1784569744902,13,507.662,444.767,mc,2,1784569735202
1784569744902,14,661.961,560.037,mc,3,1784569735202
1784569744902,15,395.312,446.885,mc,2,1784569735202
1784569745002,1,522.142,253.416,mc,5,1784569735202
1784569745002,2,286.751,220.305,mc,5,1784569735202
1784569745002,3,457.961,354.657,mc,3,1784569735202
1784569745002,4,290.359,273.78,mc,5,1784569735202
1784569745002,5,763.589,362.547,mc,3,1784569735202
1784569745002,6,107.617,358.854,mc,5,1784569735202
1784569745002,7,455.848,690.252,mc,4,1784569735202
1784569745002,8,322.122,517.77,mc,4,1784569735202
1784569745002,9,596.097,732.894,mc,2,1784569735202
1784569745002,10,308.986,496.197,mc,4,1784569735202
1784569745002,11,635.492,378.957,mc,3,1784569735202
1784569745002,12,592.072,314.348,mc,5,1784569735202
1784569745002,13,507.214,444.568,mc,2,1784569735202
1784569745002,14,662.136,560.555,mc,3,1784569735202
1784569745002,15,395.46,446.502,mc,2,1784569735202
1784569745102,1,522.236,253.76,mc,5,1784569735202
1784569745102,2,286.291,220.69,mc,5,1784569735202
1784569745102,3,458.366,354.74,mc,3,1784569735202
1784569745102,4,290.399,274.09,mc,5,1784569735202
1784569745102,5,763.517,362.944,mc,3,1784569735202
1784569745102,6,108.162,359.163,mc,5,1784569735202
1784569745102,7,455.991,689.853,mc,4,1784569735202
1784569745102,8,322.514,517.651,mc,4,1784569735202
1784569745102,9,595.868,733.27,mc,2,1784569735202
1784569745102,10,308.756,495.669,mc,4,1784569735202
1784569745102,11,635.423,378.421,mc,3,1784569735202
1784569745102,12,592.578,313.953,mc,5,1784569735202
1784569745102,13,506.766,444.369,mc,2,1784569735202
1784569745102,14,662.311,561.073,mc,3,1784569735202
1784569745102,15,395.608,446.12,mc,2,1784569735202
1784569745202,1,522.33,254.105,mc,5,1784569735202
1784569745202,2,285.831,221.074,mc,5,1784569735202
1784569745202,3,458.771,354.822,mc,3,1784569735202
1784569745202,4,290.439,274.4,mc,5,1784569735202
1784569745202,5,763.445,363.341,mc,3,1784569735202
1784569745202,6,108.707,359.473,mc,5,1784569735202
1784569745202,7,456.135,689.454,mc,4,1784569735202
1784569745202,8,322.906,517.533,mc,4,1784569735202
1784569745202,9,595.639,733.646,mc,2,1784569735202
1784569745202,10,308.527,495.14,mc,4,1784569735202
1784569745202,11,635.355,377.885,mc,3,1784569735202
1784569745202,12,593.084,313.558,mc,5,1784569735202
1784569745202,13,506.318,444.17,mc,2,1784569735202
1784569745202,14,662.486,561.59,mc,3,1784569735202
1784569745202,15,395.756,445.737,mc,2,1784569735202
1784569745302,1,522.424,254.45,mc,5,1784569735202
1784569745302,2,285.371,221.459,mc,5,1784569735202
1784569745302,3,459.175,354.905,mc,3,1784569735202
1784569745302,4,290.48,274.71,mc,5,1784569735202
1784569745302,5,763.372,363.738,mc,3,1784569735202
1784569745302,6,109.251,359.782,mc,5,1784569735202
1784569745302,7,456.278,689.055,mc,4,1784569735202
1784569745302,8,323.297,517.414,mc,4,1784569735202
1784569745302,9,595.41,734.022,mc,2,1784569735202
1784569745302,10,308.297,494.612,mc,4,1784569735202
1784569745302,11,635.287,377.349,mc,3,1784569735202
1784569745302,12,593.59,313.164,mc,5,1784569735202
1784569745302,13,505.87,443.97,mc,2,1784569735202
1784569745302,14,662.662,562.108,mc,3,1784569735202
1784569745302,15,395.905,445.354,mc,2,1784569735202
1784569745402,1,522.518,254.795,mc,5,1784569735202
1784569745402,2,284.911,221.843,mc,5,1784569735202
1784569745402,3,459.58,354.988,mc,3,1784569735202
1784569745402,4,290.52,275.02,mc,5,1784569735202
1784569745402,5,763.3,364.135,mc,3,1784569735202
1784569745402,6,109.796,360.091,mc,5,1784569735202
1784569745402,7,456.422,688.656,mc,4,1784569735202
1784569745402,8,323.689,517.295,mc,4,1784569735202
1784569745402,9,595.181,734.398,mc,2,1784569735202
1784569745402,10,308.067,494.084,mc,4,1784569735202
1784569745402,11,635.218,376.813,mc,3,1784569735202
1784569745402,12,594.096,312.769,mc,5,1784569735202
1784569745402,13,505.422,443.771,mc,2,1784569735202
1784569745402,14,662.837,562.626,mc,3,1784569735202
1784569745402,15,396.053,444.971,mc,2,1784569735202
1784569745502,1,522.612,255.14,mc,5,1784569735202
1784569745502,2,284.451,222.228,mc,5,1784569735202
1784569745502,3,459.985,355.071,mc,3,1784569735202
1784569745502,4,290.56,275.33,mc,5,1784569735202
1784569745502,5,763.228,364.532,mc,3,1784569735202
1784569745502,6,110.341,360.4,mc,5,1784569735202
1784569745502,7,456.566,688.256,mc,4,1784569735202
1784569745502,8,324.081,517.177,mc,4,1784569735202
1784569745502,9,594.952,734.775,mc,2,1784569735202
1784569745502,10,307.838,493.556,mc,4,1784569735202
1784569745502,11,635.15,376.277,mc,3,1784569735202
1784569745502,12,594.602,312.374,mc,5,1784569735202
1784569745502,13,504.974,443.572,mc,2,1784569735202
1784569745502,14,663.012,563.144,mc,3,1784569735202
1784569745502,15,396.201,444.589,mc,2,1784569735202
1784569745602,1,522.706,255.485,mc,5,1784569735202
1784569745602,2,283.991,222.613,mc,5,1784569735202
1784569745602,3,460.39,355.154,mc,3,1784569735202
1784569745602,4,290.601,275.64,mc,5,1784569735202
1784569745602,5,763.155,364.929,mc,3,1784569735202
1784569745602,6,110.886,360.71,mc,5,1784569735202
1784569745602,7,456.709,687.857,mc,4,1784569735202
1784569745602,8,324.473,517.058,mc,4,1784569735202
1784569745602,9,594.723,735.151,mc,2,1784569735202
1784569745602,10,307.608,493.028,mc,4,1784569735202
1784569745602,11,635.082,375.741,mc,3,1784569735202
1784569745602,12,595.108,311.979,mc,5,1784569735202
1784569745602,13,504.527,443.373,mc,2,1784569735202
1784569745602,14,663.187,563.662,mc,3,1784569735202
1784569745602,15,396.349,444.206,mc,2,1784569735202
1784569745702,1,522.8,255.83,mc,5,1784569735202
1784569745702,2,283.531,222.997,mc,5,1784569735202
1784569745702,3,460.794,355.237,mc,3,1784569735202
1784569745702,4,290.641,275.95,mc,5,1784569735202
1784569745702,5,763.083,365.326,mc,3,1784569735202
1784569745702,6,111.431,361.019,mc,5,1784569735202
1784569745702,7,456.853,687.458,mc,4,1784569735202
1784569745702,8,324.864,516.939,mc,4,1784569735202
1784569745702,9,594.494,735.527,mc,2,1784569735202
1784569745702,10,307.379,492.5,mc,4,1784569735202
1784569745702,11,635.014,375.205,mc,3,1784569735202
1784569745702,12,595.614,311.584,mc,5,1784569735202
1784569745702,13,504.079,443.174,mc,2,1784569735202
1784569745702,14,663.362,564.18,mc,3,1784569735202
1784569745702,15,396.497,443.823,mc,2,1784569735202
1784569745802,1,522.893,256.175,mc,5,1784569735202
1784569745802,2,283.072,223.382,mc,5,1784569735202
1784569745802,3,461.199,355.32,mc,3,1784569735202
1784569745802,4,290.681,276.26,mc,5,1784569735202
1784569745802,5,763.011,365.723,mc,3,1784569735202
1784569745802,6,111.976,361.328,mc,5,1784569735202
1784569745802,7,456.996,687.059,mc,4,1784569735202
1784569745802,8,325.256,516.821,mc,4,1784569735202
1784569745802,9,594.265,735.903,mc,2,1784569735202
1784569745802,10,307.149,491.972,mc,4,1784569735202
1784569745802,11,634.945,374.669,mc,3,1784569735202
1784569745802,12,596.12,311.189,mc,5,1784569735202
1784569745802,13,503.631,442.975,mc,2,1784569735202
1784569745802,14,663.61,564.323,mc,3,1784569735202
1784569745802,15,396.645,443.441,mc,2,1784569735202
1784569745902,1,522.987,256.52,mc,5,1784569735202
1784569745902,2,282.612,223.766,mc,5,1784569735202
1784569745902,3,461.604,355.403,mc,3,1784569735202
1784569745902,4,290.722,276.57,mc,5,1784569735202
1784569745902,5,762.939,366.12,mc,3,1784569735202
1784569745902,6,112.521,361.637,mc,5,1784569735202
1784569745902,7,457.14,686.66,mc,4,1784569735202
1784569745902,8,325.648,516.702,mc,4,1784569735202
1784569745902,9,594.036,736.279,mc,2,1784569735202
1784569745902,10,306.92,491.443,mc,4,1784569735202
1784569745902,11,634.877,374.133,mc,3,1784569735202
1784569745902,12,596.625,310.795,mc,5,1784569735202
1784569745902,13,503.183,442.776,mc,2,1784569735202
1784569745902,14,663.985,563.809,mc,3,1784569735202
1784569745902,15,396.793,443.058,mc,2,1784569735202
1784569746002,1,523.081,256.865,mc,5,1784569735202
1784569746002,2,282.152,224.151,mc,5,1784569735202
1784569746002,3,462.009,355.486,mc,3,1784569735202
1784569746002,4,290.762,276.88,mc,5,1784569735202
1784569746002,5,762.866,366.517,mc,3,1784569735202
1784569746002,6,113.065,361.947,mc,5,1784569735202
1784569746002,7,457.284,686.261,mc,4,1784569735202
1784569746002,8,326.039,516.583,mc,4,1784569735202
1784569746002,9,593.807,736.655,mc,2,1784569735202
1784569746002,10,306.69,490.915,mc,4,1784569735202
1784569746002,11,634.809,373.597,mc,3,1784569735202
1784569746002,12,597.131,310.4,mc,5,1784569735202
1784569746002,13,502.735,442.577,mc,2,1784569735202
1784569746002,14,664.36,563.295,mc,3,1784569735202
1784569746002,15,396.941,442.675,mc,2,1784569735202
1784569746102,1,523.175,257.21,mc,5,1784569735202
1784569746102,2,281.692,224.536,mc,5,1784569735202
1784569746102,3,462.413,355.569,mc,3,1784569735202
1784569746102,4,290.802,277.19,mc,5,1784569735202
1784569746102,5,762.794,366.914,mc,3,1784569735202
1784569746102,6,113.61,362.256,mc,5,1784569735202
1784569746102,7,457.427,685.862,mc,4,1784569735202
1784569746102,8,326.431,516.465,mc,4,1784569735202
1784569746102,9,593.578,737.031,mc,2,1784569735202
1784569746102,10,306.46,490.387,mc,4,1784569735202
1784569746102,11,634.741,373.061,mc,3,1784569735202
1784569746102,12,597.637,310.005,mc,5,1784569735202
1784569746102,13,502.287,442.378,mc,2,1784569735202
1784569746102,14,664.736,562.781,mc,3,1784569735202
1784569746102,15,397.089,442.292,mc,2,1784569735202
1784569746202,1,523.269,257.555,mc,5,1784569735202
1784569746202,2,281.232,224.92,mc,5,1784569735202
1784569746202,3,462.818,355.652,mc,3,1784569735202
1784569746202,4,290.842,277.501,mc,5,1784569735202
1784569746202,5,762.722,367.31,mc,3,1784569735202
1784569746202,6,114.155,362.565,mc,5,1784569735202
1784569746202,7,457.571,685.462,mc,4,1784569735202
1784569746202,8,326.823,516.346,mc,4,1784569735202
1784569746202,9,593.349,737.407,mc,2,1784569735202
1784569746202,10,306.231,489.859,mc,4,1784569735202
1784569746202,11,634.672,372.525,mc,3,1784569735202
1784569746202,12,598.143,309.61,mc,5,1784569735202
1784569746202,13,501.839,442.178,mc,2,1784569735202
1784569746202,14,665.111,562.267,mc,3,1784569735202
1784569746202,15,397.237,441.91,mc,2,1784569735202
1784569746302,1,523.363,257.9,mc,5,1784569735202
1784569746302,2,280.772,225.305,mc,5,1784569735202
1784569746302,3,463.223,355.735,mc,3,1784569735202
1784569746302,4,290.883,277.811,mc,5,1784569735202
1784569746302,5,762.649,367.707,mc,3,1784569735202
1784569746302,6,114.7,362.874,mc,5,1784569735202
1784569746302,7,457.715,685.063,mc,4,1784569735202
1784569746302,8,327.215,516.227,mc,4,1784569735202
1784569746302,9,593.12,737.783,mc,2,1784569735202
1784569746302,10,306.001,489.331,mc,4,1784569735202
1784569746302,11,634.604,371.99,mc,3,1784569735202
1784569746302,12,598.649,309.215,mc,5,1784569735202
1784569746302,13,501.392,441.979,mc,2,1784569735202
1784569746302,14,665.486,561.753,mc,3,1784569735202
1784569746302,15,397.385,441.527,mc,2,1784569735202
1784569746402,1,523.457,258.244,mc,5,1784569735202
1784569746402,2,280.312,225.689,mc,5,1784569735202
1784569746402,3,463.628,355.818,mc,3,1784569735202
1784569746402,4,290.923,278.121,mc,5,1784569735202
1784569746402,5,762.577,368.104,mc,3,1784569735202
1784569746402,6,115.245,363.184,mc,5,1784569735202
1784569746402,7,457.858,684.664,mc,4,1784569735202
1784569746402,8,327.606,516.109,mc,4,1784569735202
1784569746402,9,592.891,738.159,mc,2,1784569735202
1784569746402,10,305.626,489.136,mc,4,1784569735202
1784569746402,11,634.374,371.832,mc,3,1784569735202
1784569746402,12,599.155,308.821,mc,5,1784569735202
1784569746402,13,500.944,441.78,mc,2,1784569735202
1784569746402,14,665.861,561.239,mc,3,1784569735202
1784569746402,15,397.533,441.144,mc,2,1784569735202
1784569746502,1,523.551,258.589,mc,5,1784569735202
1784569746502,2,279.852,226.074,mc,5,1784569735202
1784569746502,3,464.032,355.901,mc,3,1784569735202
1784569746502,4,290.963,278.431,mc,5,1784569735202
1784569746502,5,762.505,368.501,mc,3,1784569735202
1784569746502,6,115.79,363.493,mc,5,1784569735202
1784569746502,7,458.002,684.265,mc,4,1784569735202
1784569746502,8,327.998,515.99,mc,4,1784569735202
1784569746502,9,592.662,738.535,mc,2,1784569735202
1784569746502,10,305.104,489.276,mc,4,1784569735202
1784569746502,11,633.97,372.08,mc,3,1784569735202
1784569746502,12,599.661,308.426,mc,5,1784569735202
1784569746502,13,500.496,441.581,mc,2,1784569735202
1784569746502,14,666.236,560.725,mc,3,1784569735202
1784569746502,15,397.681,440.762,mc,2,1784569735202
1784569746602,1,523.645,258.934,mc,5,1784569735202
1784569746602,2,279.392,226.458,mc,5,1784569735202
1784569746602,3,464.437,355.984,mc,3,1784569735202
1784569746602,4,291.004,278.741,mc,5,1784569735202
1784569746602,5,762.432,368.898,mc,3,1784569735202
1784569746602,6,116.335,363.802,mc,5,1784569735202
1784569746602,7,458.145,683.866,mc,4,1784569735202
1784569746602,8,328.39,515.871,mc,4,1784569735202
1784569746602,9,592.433,738.911,mc,2,1784569735202
1784569746602,10,304.581,489.416,mc,4,1784569735202
1784569746602,11,633.566,372.327,mc,3,1784569735202
1784569746602,12,600.167,308.031,mc,5,1784569735202
1784569746602,13,500.048,441.382,mc,2,1784569735202
1784569746602,14,666.611,560.211,mc,3,1784569735202
1784569746602,15,397.829,440.379,mc,2,1784569735202
1784569746702,1,523.738,259.279,mc,5,1784569735202
1784569746702,2,278.932,226.843,mc,5,1784569735202
1784569746702,3,464.842,356.067,mc,3,1784569735202
1784569746702,4,291.044,279.051,mc,5,1784569735202
1784569746702,5,762.36,369.295,mc,3,1784569735202
1784569746702,6,116.88,364.111,mc,5,1784569735202
1784569746702,7,458.289,683.467,mc,4,1784569735202
1784569746702,8,328.782,515.753,mc,4,1784569735202
1784569746702,9,592.204,739.287,mc,2,1784569735202
1784569746702,10,304.059,489.556,mc,4,1784569735202
1784569746702,11,633.162,372.574,mc,3,1784569735202
1784569746702,12,600.673,307.636,mc,5,1784569735202
1784569746702,13,499.6,441.183,mc,2,1784569735202
1784569746702,14,666.986,559.697,mc,3,1784569735202
1784569746702,15,397.977,439.996,mc,2,1784569735202
1784569746802,1,523.832,259.624,mc,5,1784569735202
1784569746802,2,278.472,227.228,mc,5,1784569735202
1784569746802,3,465.247,356.15,mc,3,1784569735202
1784569746802,4,291.084,279.361,mc,5,1784569735202
1784569746802,5,762.288,369.692,mc,3,1784569735202
1784569746802,6,117.424,364.421,mc,5,1784569735202
1784569746802,7,458.433,683.068,mc,4,1784569735202
1784569746802,8,329.173,515.634,mc,4,1784569735202
1784569746802,9,591.975,739.663,mc,2,1784569735202
1784569746802,10,303.537,489.696,mc,4,1784569735202
1784569746802,11,632.758,372.821,mc,3,1784569735202
1784569746802,12,601.179,307.241,mc,5,1784569735202
1784569746802,13,499.152,440.984,mc,2,1784569735202
1784569746802,14,667.362,559.183,mc,3,1784569735202
1784569746802,15,398.125,439.613,mc,2,1784569735202
1784569746902,1,523.926,259.969,mc,5,1784569735202
1784569746902,2,278.012,227.612,mc,5,1784569735202
1784569746902,3,465.651,356.233,mc,3,1784569735202
1784569746902,4,291.124,279.671,mc,5,1784569735202
1784569746902,5,762.215,370.089,mc,3,1784569735202
1784569746902,6,117.969,364.73,mc,5,1784569735202
1784569746902,7,458.576,682.668,mc,4,1784569735202
1784569746902,8,329.565,515.515,mc,4,1784569735202
1784569746902,9,591.746,740.039,mc,2,1784569735202
1784569746902,10,303.015,489.837,mc,4,1784569735202
1784569746902,11,632.354,373.069,mc,3,1784569735202
1784569746902,12,601.685,306.846,mc,5,1784569735202
1784569746902,13,498.704,440.785,mc,2,1784569735202
1784569746902,14,667.737,558.669,mc,3,1784569735202
1784569746902,15,398.273,439.231,mc,2,1784569735202
1784569747002,1,524.02,260.314,mc,5,1784569735202
1784569747002,2,277.552,227.997,mc,5,1784569735202
1784569747002,3,466.056,356.315,mc,3,1784569735202
1784569747002,4,291.165,279.981,mc,5,1784569735202
1784569747002,5,762.143,370.486,mc,3,1784569735202
1784569747002,6,118.514,365.039,mc,5,1784569735202
1784569747002,7,458.72,682.269,mc,4,1784569735202
1784569747002,8,329.957,515.397,mc,4,1784569735202
1784569747002,9,591.522,740.138,mc,2,1784569735202
1784569747002,10,302.493,489.977,mc,4,1784569735202
1784569747002,11,631.95,373.316,mc,3,1784569735202
1784569747002,12,602.191,306.452,mc,5,1784569735202
1784569747002,13,498.257,440.586,mc,2,1784569735202
1784569747002,14,668.112,558.155,mc,3,1784569735202
1784569747002,15,398.421,438.848,mc,2,1784569735202
1784569747102,1,524.114,260.659,mc,5,1784569735202
1784569747102,2,277.092,228.381,mc,5,1784569735202
1784569747102,3,466.461,356.398,mc,3,1784569735202
1784569747102,4,291.205,280.291,mc,5,1784569735202
1784569747102,5,762.071,370.883,mc,3,1784569735202
1784569747102,6,119.059,365.348,mc,5,1784569735202
1784569747102,7,458.863,681.87,mc,4,1784569735202
1784569747102,8,330.348,515.278,mc,4,1784569735202
1784569747102,9,591.305,739.77,mc,2,1784569735202
1784569747102,10,301.971,490.117,mc,4,1784569735202
1784569747102,11,631.546,373.563,mc,3,1784569735202
1784569747102,12,602.697,306.057,mc,5,1784569735202
1784569747102,13,497.809,440.386,mc,2,1784569735202
1784569747102,14,668.487,557.641,mc,3,1784569735202
1784569747102,15,398.569,438.465,mc,2,1784569735202
1784569747202,1,524.208,261.004,mc,5,1784569735202
1784569747202,2,276.632,228.766,mc,5,1784569735202
1784569747202,3,466.866,356.481,mc,3,1784569735202
1784569747202,4,291.245,280.601,mc,5,1784569735202
1784569747202,5,761.998,371.28,mc,3,1784569735202
1784569747202,6,119.604,365.658,mc,5,1784569735202
1784569747202,7,459.007,681.471,mc,4,1784569735202
1784569747202,8,330.74,515.159,mc,4,1784569735202
1784569747202,9,591.087,739.402,mc,2,1784569735202
1784569747202,10,301.449,490.257,mc,4,1784569735202
1784569747202,11,631.142,373.811,mc,3,1784569735202
1784569747202,12,603.203,305.662,mc,5,1784569735202
1784569747202,13,497.361,440.187,mc,2,1784569735202
1784569747202,14,668.862,557.127,mc,3,1784569735202
1784569747202,15,398.717,438.083,mc,2,1784569735202
1784569747302,1,524.302,261.349,mc,5,1784569735202
1784569747302,2,276.172,229.151,mc,5,1784569735202
1784569747302,3,467.27,356.564,mc,3,1784569735202
1784569747302,4,291.286,280.911,mc,5,1784569735202
1784569747302,5,761.926,371.677,mc,3,1784569735202
1784569747302,6,120.149,365.967,mc,5,1784569735202
1784569747302,7,459.151,681.072,mc,4,1784569735202
1784569747302,8,331.132,515.041,mc,4,1784569735202
1784569747302,9,590.87,739.033,mc,2,1784569735202
1784569747302,10,300.927,490.397,mc,4,1784569735202
1784569747302,11,630.738,374.058,mc,3,1784569735202
1784569747302,12,603.709,305.267,mc,5,1784569735202
1784569747302,13,496.913,439.988,mc,2,1784569735202
1784569747302,14,669.237,556.613,mc,3,1784569735202
1784569747302,15,398.865,437.7,mc,2,1784569735202
1784569747402,1,524.396,261.694,mc,5,1784569735202
1784569747402,2,275.712,229.535,mc,5,1784569735202
1784569747402,3,467.675,356.647,mc,3,1784569735202
1784569747402,4,291.326,281.221,mc,5,1784569735202
1784569747402,5,761.854,372.074,mc,3,1784569735202
1784569747402,6,120.694,366.276,mc,5,1784569735202
1784569747402,7,459.294,680.673,mc,4,1784569735202
1784569747402,8,331.524,514.922,mc,4,1784569735202
1784569747402,9,590.653,738.665,mc,2,1784569735202
1784569747402,10,300.405,490.537,mc,4,1784569735202
1784569747402,11,630.335,374.305,mc,3,1784569735202
1784569747402,12,604.214,304.872,mc,5,1784569735202
1784569747402,13,496.465,439.789,mc,2,1784569735202
1784569747402,14,669.613,556.099,mc,3,1784569735202
1784569747402,15,399.109,438.162,mc,2,1784569735202
1784569747502,1,524.49,262.039,mc,5,1784569735202
1784569747502,2,275.425,229.459,mc,5,1784569735202
1784569747502,3,468.08,356.73,mc,3,1784569735202
1784569747502,4,291.366,281.531,mc,5,1784569735202
1784569747502,5,761.781,372.471,mc,3,1784569735202
1784569747502,6,121.238,366.585,mc,5,1784569735202
1784569747502,7,459.438,680.274,mc,4,1784569735202
1784569747502,8,331.915,514.804,mc,4,1784569735202
1784569747502,9,590.435,738.296,mc,2,1784569735202
1784569747502,10,299.883,490.677,mc,4,1784569735202
1784569747502,11,629.931,374.552,mc,3,1784569735202
1784569747502,12,604.72,304.478,mc,5,1784569735202
1784569747502,13,496.017,439.59,mc,2,1784569735202
1784569747502,14,669.988,555.585,mc,3,1784569735202
1784569747502,15,399.355,438.644,mc,2,1784569735202
1784569747602,1,524.583,262.384,mc,5,1784569735202
1784569747602,2,275.328,228.874,mc,5,1784569735202
1784569747602,3,468.485,356.813,mc,3,1784569735202
1784569747602,4,291.407,281.842,mc,5,1784569735202
1784569747602,5,761.709,372.868,mc,3,1784569735202
1784569747602,6,121.751,366.787,mc,5,1784569735202
1784569747602,7,459.581,679.874,mc,4,1784569735202
1784569747602,8,332.307,514.685,mc,4,1784569735202
1784569747602,9,590.218,737.928,mc,2,1784569735202
1784569747602,10,299.361,490.817,mc,4,1784569735202
1784569747602,11,629.527,374.8,mc,3,1784569735202
1784569747602,12,605.226,304.083,mc,5,1784569735202
1784569747602,13,495.569,439.391,mc,2,1784569735202
1784569747602,14,670.363,555.071,mc,3,1784569735202
1784569747602,15,399.601,439.125,mc,2,1784569735202
1784569747702,1,524.677,262.728,mc,5,1784569735202
1784569747702,2,275.231,228.289,mc,5,1784569735202
1784569747702,3,468.889,356.896,mc,3,1784569735202
1784569747702,4,291.447,282.152,mc,5,1784569735202
1784569747702,5,761.637,373.265,mc,3,1784569735202
1784569747702,6,122.221,366.844,mc,5,1784569735202
1784569747702,7,459.725,679.475,mc,4,1784569735202
1784569747702,8,332.699,514.566,mc,4,1784569735202
1784569747702,9,590.001,737.56,mc,2,1784569735202
1784569747702,10,298.839,490.957,mc,4,1784569735202
1784569747702,11,629.123,375.047,mc,3,1784569735202
1784569747702,12,605.732,303.688,mc,5,1784569735202
1784569747702,13,495.121,439.192,mc,2,1784569735202
1784569747702,14,670.738,554.557,mc,3,1784569735202
1784569747702,15,399.847,439.607,mc,2,1784569735202
1784569747802,1,524.771,263.073,mc,5,1784569735202
1784569747802,2,275.134,227.704,mc,5,1784569735202
1784569747802,3,469.294,356.979,mc,3,1784569735202
1784569747802,4,291.487,282.462,mc,5,1784569735202
1784569747802,5,761.564,373.662,mc,3,1784569735202
1784569747802,6,122.691,366.9,mc,5,1784569735202
1784569747802,7,459.869,679.076,mc,4,1784569735202
1784569747802,8,333.091,514.448,mc,4,1784569735202
1784569747802,9,589.784,737.191,mc,2,1784569735202
1784569747802,10,298.317,491.097,mc,4,1784569735202
1784569747802,11,628.719,375.294,mc,3,1784569735202
1784569747802,12,606.238,303.293,mc,5,1784569735202
1784569747802,13,494.674,438.993,mc,2,1784569735202
1784569747802,14,671.113,554.043,mc,3,1784569735202
1784569747802,15,400.094,440.088,mc,2,1784569735202
1784569747902,1,524.865,263.418,mc,5,1784569735202
1784569747902,2,275.036,227.119,mc,5,1784569735202
1784569747902,3,469.699,357.062,mc,3,1784569735202
1784569747902,4,291.527,282.772,mc,5,1784569735202
1784569747902,5,761.492,374.059,mc,3,1784569735202
1784569747902,6,123.16,366.957,mc,5,1784569735202
1784569747902,7,460.012,678.677,mc,4,1784569735202
1784569747902,8,333.482,514.329,mc,4,1784569735202
1784569747902,9,589.566,736.823,mc,2,1784569735202
1784569747902,10,297.795,491.237,mc,4,1784569735202
1784569747902,11,628.315,375.542,mc,3,1784569735202
1784569747902,12,606.744,302.898,mc,5,1784569735202
1784569747902,13,494.226,438.794,mc,2,1784569735202
1784569747902,14,671.488,553.529,mc,3,1784569735202
1784569747902,15,400.34,440.57,mc,2,1784569735202
1784569748002,1,524.959,263.763,mc,5,1784569735202
1784569748002,2,274.939,226.535,mc,5,1784569735202
1784569748002,3,470.104,357.145,mc,3,1784569735202
1784569748002,4,291.568,283.082,mc,5,1784569735202
1784569748002,5,761.42,374.456,mc,3,1784569735202
1784569748002,6,123.63,367.013,mc,5,1784569735202
1784569748002,7,460.156,678.278,mc,4,1784569735202
1784569748002,8,333.874,514.21,mc,4,1784569735202
1784569748002,9,589.349,736.455,mc,2,1784569735202
1784569748002,10,297.272,491.377,mc,4,1784569735202
1784569748002,11,627.911,375.789,mc,3,1784569735202
1784569748002,12,607.25,302.503,mc,5,1784569735202
1784569748002,13,493.778,438.594,mc,2,1784569735202
1784569748002,14,671.863,553.015,mc,3,1784569735202
1784569748002,15,400.586,441.052,mc,2,1784569735202
1784569748102,1,525.053,264.108,mc,5,1784569735202
1784569748102,2,274.842,225.95,mc,5,1784569735202
1784569748102,3,470.508,357.228,mc,3,1784569735202
1784569748102,4,291.608,283.392,mc,5,1784569735202
1784569748102,5,761.347,374.853,mc,3,1784569735202
1784569748102,6,124.1,367.07,mc,5,1784569735202
1784569748102,7,460.299,677.879,mc,4,1784569735202
1784569748102,8,334.266,514.092,mc,4,1784569735202
1784569748102,9,589.132,736.086,mc,2,1784569735202
1784569748102,10,296.75,491.518,mc,4,1784569735202
1784569748102,11,627.507,376.036,mc,3,1784569735202
1784569748102,12,607.756,302.109,mc,5,1784569735202
1784569748102,13,493.33,438.395,mc,2,1784569735202
1784569748102,14,672.239,552.501,mc,3,1784569735202
1784569748102,15,400.832,441.533,mc,2,1784569735202
1784569748202,1,525.147,264.453,mc,5,1784569735202
1784569748202,2,274.745,225.365,mc,5,1784569735202
1784569748202,3,470.913,357.311,mc,3,1784569735202
1784569748202,4,291.648,283.702,mc,5,1784569735202
1784569748202,5,761.275,375.25,mc,3,1784569735202
1784569748202,6,124.57,367.127,mc,5,1784569735202
1784569748202,7,460.443,677.48,mc,4,1784569735202
1784569748202,8,334.657,513.973,mc,4,1784569735202
1784569748202,9,588.915,735.718,mc,2,1784569735202
1784569748202,10,296.228,491.658,mc,4,1784569735202
1784569748202,11,627.103,376.283,mc,3,1784569735202
1784569748202,12,608.262,301.714,mc,5,1784569735202
1784569748202,13,492.882,438.196,mc,2,1784569735202
1784569748202,14,672.614,551.987,mc,3,1784569735202
1784569748202,15,401.078,442.015,mc,2,1784569735202
1784569748302,1,525.241,264.798,mc,5,1784569735202
1784569748302,2,274.648,224.78,mc,5,1784569735202
1784569748302,3,471.318,357.394,mc,3,1784569735202
1784569748302,4,291.689,284.012,mc,5,1784569735202
1784569748302,5,761.203,375.647,mc,3,1784569735202
1784569748302,6,125.039,367.183,mc,5,1784569735202
1784569748302,7,460.587,677.08,mc,4,1784569735202
1784569748302,8,335.049,513.854,mc,4,1784569735202
1784569748302,9,588.697,735.349,mc,2,1784569735202
1784569748302,10,295.706,491.798,mc,4,1784569735202
1784569748302,11,626.699,376.531,mc,3,1784569735202
1784569748302,12,608.768,301.319,mc,5,1784569735202
1784569748302,13,492.434,437.997,mc,2,1784569735202
1784569748302,14,672.989,551.473,mc,3,1784569735202
1784569748302,15,401.324,442.496,mc,2,1784569735202
1784569748402,1,525.334,265.143,mc,5,1784569735202
1784569748402,2,274.551,224.195,mc,5,1784569735202
1784569748402,3,471.723,357.477,mc,3,1784569735202
1784569748402,4,291.729,284.322,mc,5,1784569735202
1784569748402,5,761.131,376.043,mc,3,1784569735202
1784569748402,6,125.509,367.24,mc,5,1784569735202
1784569748402,7,460.73,676.681,mc,4,1784569735202
1784569748402,8,335.441,513.736,mc,4,1784569735202
1784569748402,9,588.48,734.981,mc,2,1784569735202
1784569748402,10,295.184,491.938,mc,4,1784569735202
1784569748402,11,626.295,376.778,mc,3,1784569735202
1784569748402,12,609.274,300.924,mc,5,1784569735202
1784569748402,13,491.986,437.798,mc,2,1784569735202
1784569748402,14,673.364,550.959,mc,3,1784569735202
1784569748402,15,401.57,442.978,mc,2,1784569735202
1784569748502,1,525.428,265.488,mc,5,1784569735202
1784569748502,2,274.454,223.61,mc,5,1784569735202
1784569748502,3,472.127,357.56,mc,3,1784569735202
1784569748502,4,291.769,284.632,mc,5,1784569735202
1784569748502,5,761.058,376.44,mc,3,1784569735202
1784569748502,6,125.979,367.296,mc,5,1784569735202
1784569748502,7,460.874,676.282,mc,4,1784569735202
1784569748502,8,335.833,513.617,mc,4,1784569735202
1784569748502,9,588.263,734.613,mc,2,1784569735202
1784569748502,10,294.662,492.078,mc,4,1784569735202
1784569748502,11,625.892,377.025,mc,3,1784569735202
1784569748502,12,609.78,300.529,mc,5,1784569735202
1784569748502,13,491.539,437.599,mc,2,1784569735202
1784569748502,14,673.739,550.445,mc,3,1784569735202
1784569748502,15,401.817,443.46,mc,2,1784569735202
1784569748602,1,525.522,265.833,mc,5,1784569735202
1784569748602,2,274.357,223.026,mc,5,1784569735202
1784569748602,3,472.532,357.643,mc,3,1784569735202
1784569748602,4,291.81,284.942,mc,5,1784569735202
1784569748602,5,760.986,376.837,mc,3,1784569735202
1784569748602,6,126.449,367.353,mc,5,1784569735202
1784569748602,7,461.018,675.883,mc,4,1784569735202
1784569748602,8,336.224,513.498,mc,4,1784569735202
1784569748602,9,588.045,734.244,mc,2,1784569735202
1784569748602,10,294.14,492.218,mc,4,1784569735202
1784569748602,11,625.488,377.272,mc,3,1784569735202
1784569748602,12,609.797,300.618,mc,5,1784569735202
1784569748602,13,491.091,437.4,mc,2,1784569735202
1784569748602,14,674.114,549.931,mc,3,1784569735202
1784569748602,15,402.063,443.941,mc,2,1784569735202
1784569748702,1,525.616,266.178,mc,5,1784569735202
1784569748702,2,274.259,222.441,mc,5,1784569735202
1784569748702,3,472.937,357.726,mc,3,1784569735202
1784569748702,4,291.85,285.252,mc,5,1784569735202
1784569748702,5,761.27,376.546,mc,3,1784569735202
1784569748702,6,126.918,367.409,mc,5,1784569735202
1784569748702,7,461.161,675.484,mc,4,1784569735202
1784569748702,8,336.616,513.38,mc,4,1784569735202
1784569748702,9,587.828,733.876,mc,2,1784569735202
1784569748702,10,293.618,492.358,mc,4,1784569735202
1784569748702,11,625.084,377.52,mc,3,1784569735202
1784569748702,12,609.507,301.012,mc,5,1784569735202
1784569748702,13,490.643,437.201,mc,2,1784569735202
1784569748702,14,674.489,549.417,mc,3,1784569735202
1784569748702,15,402.309,444.423,mc,2,1784569735202
1784569748802,1,525.71,266.523,mc,5,1784569735202
1784569748802,2,274.162,221.856,mc,5,1784569735202
1784569748802,3,473.342,357.808,mc,3,1784569735202
1784569748802,4,291.89,285.562,mc,5,1784569735202
1784569748802,5,761.681,376.011,mc,3,1784569735202
1784569748802,6,127.388,367.466,mc,5,1784569735202
1784569748802,7,461.305,675.085,mc,4,1784569735202
1784569748802,8,337.008,513.261,mc,4,1784569735202
1784569748802,9,587.611,733.508,mc,2,1784569735202
1784569748802,10,293.096,492.498,mc,4,1784569735202
1784569748802,11,624.68,377.767,mc,3,1784569735202
1784569748802,12,609.216,301.406,mc,5,1784569735202
1784569748802,13,490.195,437.002,mc,2,1784569735202
1784569748802,14,674.865,548.903,mc,3,1784569735202
1784569748802,15,402.555,444.904,mc,2,1784569735202
1784569748902,1,525.782,266.885,mc,5,1784569735202
1784569748902,2,274.065,221.271,mc,5,1784569735202
1784569748902,3,473.746,357.891,mc,3,1784569735202
1784569748902,4,291.93,285.872,mc,5,1784569735202
1784569748902,5,762.092,375.475,mc,3,1784569735202
1784569748902,6,127.858,367.522,mc,5,1784569735202
1784569748902,7,461.448,674.686,mc,4,1784569735202
1784569748902,8,337.4,513.142,mc,4,1784569735202
1784569748902,9,587.394,733.139,mc,2,1784569735202
1784569748902,10,292.574,492.638,mc,4,1784569735202
1784569748902,11,624.276,378.014,mc,3,1784569735202
1784569748902,12,608.925,301.8,mc,5,1784569735202
1784569748902,13,489.747,436.802,mc,2,1784569735202
1784569748902,14,675.24,548.389,mc,3,1784569735202
1784569748902,15,402.801,445.386,mc,2,1784569735202
1784569749002,1,525.68,267.389,mc,5,1784569735202
1784569749002,2,273.968,220.686,mc,5,1784569735202
1784569749002,3,474.151,357.974,mc,3,1784569735202
1784569749002,4,291.971,286.182,mc,5,1784569735202
1784569749002,5,762.503,374.94,mc,3,1784569735202
1784569749002,6,128.327,367.579,mc,5,1784569735202
1784569749002,7,461.592,674.286,mc,4,1784569735202
1784569749002,8,337.791,513.024,mc,4,1784569735202
1784569749002,9,587.176,732.771,mc,2,1784569735202
1784569749002,10,292.052,492.778,mc,4,1784569735202
1784569749002,11,623.872,378.262,mc,3,1784569735202
1784569749002,12,608.634,302.194,mc,5,1784569735202
1784569749002,13,489.299,436.603,mc,2,1784569735202
1784569749002,14,675.615,547.875,mc,3,1784569735202
1784569749002,15,403.047,445.868,mc,2,1784569735202
1784569749102,1,525.578,267.893,mc,5,1784569735202
1784569749102,2,273.871,220.101,mc,5,1784569735202
1784569749102,3,474.556,358.057,mc,3,1784569735202
1784569749102,4,292.011,286.493,mc,5,1784569735202
1784569749102,5,762.914,374.404,mc,3,1784569735202
1784569749102,6,128.797,367.636,mc,5,1784569735202
1784569749102,7,461.736,673.887,mc,4,1784569735202
1784569749102,8,338.183,512.905,mc,4,1784569735202
1784569749102,9,586.959,732.402,mc,2,1784569735202
1784569749102,10,291.53,492.918,mc,4,1784569735202
1784569749102,11,623.468,378.509,mc,3,1784569735202
1784569749102,12,608.344,302.588,mc,5,1784569735202
1784569749102,13,488.851,436.404,mc,2,1784569735202
1784569749102,14,675.99,547.361,mc,3,1784569735202
1784569749102,15,403.294,446.349,mc,2,1784569735202
1784569749202,1,525.476,268.396,mc,5,1784569735202
1784569749202,2,273.774,219.516,mc,5,1784569735202
1784569749202,3,474.961,358.14,mc,3,1784569735202
1784569749202,4,292.051,286.803,mc,5,1784569735202
1784569749202,5,763.324,373.869,mc,3,1784569735202
1784569749202,6,129.267,367.692,mc,5,1784569735202
1784569749202,7,461.879,673.488,mc,4,1784569735202
1784569749202,8,338.575,512.786,mc,4,1784569735202
1784569749202,9,586.742,732.034,mc,2,1784569735202
1784569749202,10,291.008,493.058,mc,4,1784569735202
1784569749202,11,623.064,378.756,mc,3,1784569735202
1784569749202,12,608.053,302.982,mc,5,1784569735202
1784569749202,13,488.404,436.205,mc,2,1784569735202
1784569749202,14,676.365,546.847,mc,3,1784569735202
1784569749202,15,403.54,446.831,mc,2,1784569735202
1784569749302,1,525.375,268.9,mc,5,1784569735202
1784569749302,2,273.677,218.932,mc,5,1784569735202
1784569749302,3,475.365,358.223,mc,3,1784569735202
1784569749302,4,292.092,287.113,mc,5,1784569735202
1784569749302,5,763.735,373.333,mc,3,1784569735202
1784569749302,6,129.737,367.749,mc,5,1784569735202
1784569749302,7,462.023,673.089,mc,4,1784569735202
1784569749302,8,338.966,512.668,mc,4,1784569735202
1784569749302,9,586.525,731.666,mc,2,1784569735202
1784569749302,10,290.486,493.199,mc,4,1784569735202
1784569749302,11,622.66,379.003,mc,3,1784569735202
1784569749302,12,607.762,303.376,mc,5,1784569735202
1784569749302,13,487.956,436.006,mc,2,1784569735202
1784569749302,14,676.74,546.333,mc,3,1784569735202
1784569749302,15,403.786,447.312,mc,2,1784569735202
1784569749402,1,525.273,269.404,mc,5,1784569735202
1784569749402,2,273.58,218.347,mc,5,1784569735202
1784569749402,3,475.77,358.306,mc,3,1784569735202
1784569749402,4,292.132,287.423,mc,5,1784569735202
1784569749402,5,764.146,372.798,mc,3,1784569735202
1784569749402,6,130.206,367.805,mc,5,1784569735202
1784569749402,7,462.166,672.69,mc,4,1784569735202
1784569749402,8,339.358,512.549,mc,4,1784569735202
1784569749402,9,586.307,731.297,mc,2,1784569735202
1784569749402,10,289.963,493.339,mc,4,1784569735202
1784569749402,11,622.256,379.251,mc,3,1784569735202
1784569749402,12,607.471,303.77,mc,5,1784569735202
1784569749402,13,487.508,435.807,mc,2,1784569735202
1784569749402,14,677.115,545.819,mc,3,1784569735202
1784569749402,15,404.032,447.794,mc,2,1784569735202
1784569749502,1,525.171,269.907,mc,5,1784569735202
1784569749502,2,273.482,217.762,mc,5,1784569735202
1784569749502,3,476.112,358.442,mc,3,1784569735202
1784569749502,4,292.172,287.733,mc,5,1784569735202
1784569749502,5,764.557,372.262,mc,3,1784569735202
1784569749502,6,130.676,367.862,mc,5,1784569735202
1784569749502,7,462.31,672.291,mc,4,1784569735202
1784569749502,8,339.75,512.43,mc,4,1784569735202
1784569749502,9,586.09,730.929,mc,2,1784569735202
1784569749502,10,289.441,493.479,mc,4,1784569735202
1784569749502,11,621.852,379.498,mc,3,1784569735202
1784569749502,12,607.18,304.164,mc,5,1784569735202
1784569749502,13,487.06,435.608,mc,2,1784569735202
1784569749502,14,677.491,545.305,mc,3,1784569735202
1784569749502,15,404.278,448.276,mc,2,1784569735202
1784569749602,1,525.069,270.411,mc,5,1784569735202
1784569749602,2,273.385,217.177,mc,5,1784569735202
1784569749602,3,476.02,358.943,mc,3,1784569735202
1784569749602,4,292.213,288.043,mc,5,1784569735202
1784569749602,5,764.968,371.726,mc,3,1784569735202
1784569749602,6,131.146,367.918,mc,5,1784569735202
1784569749602,7,462.454,671.892,mc,4,1784569735202
1784569749602,8,340.142,512.312,mc,4,1784569735202
1784569749602,9,585.873,730.561,mc,2,1784569735202
1784569749602,10,288.919,493.619,mc,4,1784569735202
1784569749602,11,621.449,379.745,mc,3,1784569735202
1784569749602,12,606.89,304.558,mc,5,1784569735202
1784569749602,13,486.612,435.409,mc,2,1784569735202
1784569749602,14,677.866,544.791,mc,3,1784569735202
1784569749602,15,404.524,448.757,mc,2,1784569735202
1784569749702,1,524.967,270.914,mc,5,1784569735202
1784569749702,2,273.288,216.592,mc,5,1784569735202
1784569749702,3,475.929,359.444,mc,3,1784569735202
1784569749702,4,292.253,288.353,mc,5,1784569735202
1784569749702,5,765.379,371.191,mc,3,1784569735202
1784569749702,6,131.615,367.975,mc,5,1784569735202
1784569749702,7,462.597,671.492,mc,4,1784569735202
1784569749702,8,340.533,512.193,mc,4,1784569735202
1784569749702,9,585.656,730.192,mc,2,1784569735202
1784569749702,10,288.397,493.759,mc,4,1784569735202
1784569749702,11,621.045,379.993,mc,3,1784569735202
1784569749702,12,606.599,304.952,mc,5,1784569735202
1784569749702,13,486.164,435.21,mc,2,1784569735202
1784569749702,14,678.241,544.277,mc,3,1784569735202
1784569749702,15,404.77,449.239,mc,2,1784569735202
1784569749802,1,524.866,271.418,mc,5,1784569735202
1784569749802,2,273.191,216.007,mc,5,1784569735202
1784569749802,3,475.837,359.944,mc,3,1784569735202
1784569749802,4,292.293,288.663,mc,5,1784569735202
1784569749802,5,765.79,370.655,mc,3,1784569735202
1784569749802,6,132.085,368.031,mc,5,1784569735202
1784569749802,7,462.741,671.093,mc,4,1784569735202
1784569749802,8,340.925,512.074,mc,4,1784569735202
1784569749802,9,585.438,729.824,mc,2,1784569735202
1784569749802,10,287.875,493.899,mc,4,1784569735202
1784569749802,11,620.641,380.24,mc,3,1784569735202
1784569749802,12,606.308,305.346,mc,5,1784569735202
1784569749802,13,485.716,435.01,mc,2,1784569735202
1784569749802,14,678.616,543.763,mc,3,1784569735202
1784569749802,15,405.017,449.72,mc,2,1784569735202
1784569749902,1,524.764,271.922,mc,5,1784569735202
1784569749902,2,273.094,215.423,mc,5,1784569735202
1784569749902,3,475.745,360.445,mc,3,1784569735202
1784569749902,4,292.333,288.973,mc,5,1784569735202
1784569749902,5,766.201,370.12,mc,3,1784569735202
1784569749902,6,132.555,368.088,mc,5,1784569735202
1784569749902,7,462.884,670.694,mc,4,1784569735202
1784569749902,8,341.317,511.956,mc,4,1784569735202
1784569749902,9,585.221,729.455,mc,2,1784569735202
1784569749902,10,287.353,494.039,mc,4,1784569735202
1784569749902,11,620.237,380.487,mc,3,1784569735202
1784569749902,12,606.017,305.74,mc,5,1784569735202
1784569749902,13,485.268,434.811,mc,2,1784569735202
1784569749902,14,678.991,543.249,mc,3,1784569735202
1784569749902,15,405.263,450.202,mc,2,1784569735202
1784569750002,1,524.662,272.425,mc,5,1784569735202
1784569750002,2,272.997,214.838,mc,5,1784569735202
1784569750002,3,475.654,360.946,mc,3,1784569735202
1784569750002,4,292.374,289.283,mc,5,1784569735202
1784569750002,5,766.611,369.584,mc,3,1784569735202
1784569750002,6,133.025,368.145,mc,5,1784569735202
1784569750002,7,463.028,670.295,mc,4,1784569735202
1784569750002,8,341.709,511.837,mc,4,1784569735202
1784569750002,9,585.004,729.087,mc,2,1784569735202
1784569750002,10,286.831,494.179,mc,4,1784569735202
1784569750002,11,619.833,380.734,mc,3,1784569735202
1784569750002,12,605.727,306.134,mc,5,1784569735202
1784569750002,13,484.821,434.612,mc,2,1784569735202
1784569750002,14,679.366,542.735,mc,3,1784569735202
1784569750002,15,405.509,450.684,mc,2,1784569735202
1784569750102,1,524.56,272.929,mc,5,1784569735202
1784569750102,2,272.9,214.253,mc,5,1784569735202
1784569750102,3,475.562,361.446,mc,3,1784569735202
1784569750102,4,292.393,289.627,mc,5,1784569735202
1784569750102,5,767.022,369.049,mc,3,1784569735202
1784569750102,6,133.494,368.201,mc,5,1784569735202
1784569750102,7,463.172,669.896,mc,4,1784569735202
1784569750102,8,342.1,511.718,mc,4,1784569735202
1784569750102,9,584.786,728.719,mc,2,1784569735202
1784569750102,10,286.309,494.319,mc,4,1784569735202
1784569750102,11,619.429,380.982,mc,3,1784569735202
1784569750102,12,605.436,306.528,mc,5,1784569735202
1784569750102,13,484.373,434.413,mc,2,1784569735202
1784569750102,14,679.742,542.221,mc,3,1784569735202
1784569750102,15,405.755,451.165,mc,2,1784569735202
1784569750202,1,524.458,273.433,mc,5,1784569735202
1784569750202,2,272.802,213.668,mc,5,1784569735202
1784569750202,3,475.47,361.947,mc,3,1784569735202
1784569750202,4,292.236,290.262,mc,5,1784569735202
1784569750202,5,767.433,368.513,mc,3,1784569735202
1784569750202,6,133.964,368.258,mc,5,1784569735202
1784569750202,7,463.315,669.497,mc,4,1784569735202
1784569750202,8,342.492,511.6,mc,4,1784569735202
1784569750202,9,584.569,728.35,mc,2,1784569735202
1784569750202,10,285.787,494.459,mc,4,1784569735202
1784569750202,11,619.025,381.229,mc,3,1784569735202
1784569750202,12,605.145,306.922,mc,5,1784569735202
1784569750202,13,483.925,434.214,mc,2,1784569735202
1784569750202,14,680.117,541.707,mc,3,1784569735202
1784569750202,15,406.001,451.647,mc,2,1784569735202
1784569750302,1,524.357,273.936,mc,5,1784569735202
1784569750302,2,272.705,213.083,mc,5,1784569735202
1784569750302,3,475.379,362.448,mc,3,1784569735202
1784569750302,4,292.078,290.897,mc,5,1784569735202
1784569750302,5,767.844,367.978,mc,3,1784569735202
1784569750302,6,134.434,368.314,mc,5,1784569735202
1784569750302,7,463.459,669.098,mc,4,1784569735202
1784569750302,8,342.884,511.481,mc,4,1784569735202
1784569750302,9,584.352,727.982,mc,2,1784569735202
1784569750302,10,285.265,494.599,mc,4,1784569735202
1784569750302,11,618.621,381.476,mc,3,1784569735202
1784569750302,12,604.854,307.316,mc,5,1784569735202
1784569750302,13,483.477,434.015,mc,2,1784569735202
1784569750302,14,680.492,541.193,mc,3,1784569735202
1784569750302,15,406.247,452.128,mc,2,1784569735202
1784569750402,1,524.255,274.44,mc,5,1784569735202
1784569750402,2,272.608,212.498,mc,5,1784569735202
1784569750402,3,475.287,362.948,mc,3,1784569735202
1784569750402,4,291.921,291.532,mc,5,1784569735202
1784569750402,5,768.255,367.442,mc,3,1784569735202
1784569750402,6,134.903,368.371,mc,5,1784569735202
1784569750402,7,463.602,668.698,mc,4,1784569735202
1784569750402,8,343.275,511.362,mc,4,1784569735202
1784569750402,9,584.135,727.614,mc,2,1784569735202
1784569750402,10,284.743,494.739,mc,4,1784569735202
1784569750402,11,618.217,381.724,mc,3,1784569735202
1784569750402,12,604.564,307.709,mc,5,1784569735202
1784569750402,13,483.029,433.816,mc,2,1784569735202
1784569750402,14,680.867,540.679,mc,3,1784569735202
1784569750402,15,406.494,452.61,mc,2,1784569735202
1784569750502,1,524.153,274.944,mc,5,1784569735202
1784569750502,2,272.511,211.913,mc,5,1784569735202
1784569750502,3,475.196,363.449,mc,3,1784569735202
1784569750502,4,291.763,292.167,mc,5,1784569735202
1784569750502,5,768.666,366.906,mc,3,1784569735202
1784569750502,6,135.373,368.427,mc,5,1784569735202
1784569750502,7,463.746,668.299,mc,4,1784569735202
1784569750502,8,343.667,511.244,mc,4,1784569735202
1784569750502,9,583.917,727.245,mc,2,1784569735202
1784569750502,10,284.221,494.88,mc,4,1784569735202
1784569750502,11,617.813,381.971,mc,3,1784569735202
1784569750502,12,604.273,308.103,mc,5,1784569735202
1784569750502,13,482.581,433.617,mc,2,1784569735202
1784569750502,14,681.234,540.171,mc,3,1784569735202
1784569750502,15,406.74,453.092,mc,2,1784569735202
1784569750602,1,524.051,275.447,mc,5,1784569735202
1784569750602,2,272.414,211.329,mc,5,1784569735202
1784569750602,3,475.104,363.95,mc,3,1784569735202
1784569750602,4,291.606,292.802,mc,5,1784569735202
1784569750602,5,769.077,366.371,mc,3,1784569735202
1784569750602,6,135.843,368.484,mc,5,1784569735202
1784569750602,7,463.89,667.9,mc,4,1784569735202
1784569750602,8,344.059,511.125,mc,4,1784569735202
1784569750602,9,583.7,726.877,mc,2,1784569735202
1784569750602,10,283.699,495.02,mc,4,1784569735202
1784569750602,11,617.409,382.218,mc,3,1784569735202
1784569750602,12,603.982,308.497,mc,5,1784569735202
1784569750602,13,482.133,433.418,mc,2,1784569735202
1784569750602,14,681.571,539.684,mc,3,1784569735202
1784569750602,15,406.986,453.573,mc,2,1784569735202
1784569750702,1,523.949,275.951,mc,5,1784569735202
1784569750702,2,272.317,210.744,mc,5,1784569735202
1784569750702,3,475.012,364.451,mc,3,1784569735202
1784569750702,4,291.448,293.436,mc,5,1784569735202
1784569750702,5,769.488,365.835,mc,3,1784569735202
1784569750702,6,136.313,368.541,mc,5,1784569735202
1784569750702,7,464.033,667.501,mc,4,1784569735202
1784569750702,8,344.451,511.006,mc,4,1784569735202
1784569750702,9,583.483,726.508,mc,2,1784569735202
1784569750702,10,283.177,495.16,mc,4,1784569735202
1784569750702,11,617.006,382.465,mc,3,1784569735202
1784569750702,12,603.691,308.891,mc,5,1784569735202
1784569750702,13,481.686,433.218,mc,2,1784569735202
1784569750702,14,681.908,539.196,mc,3,1784569735202
1784569750702,15,407.232,454.055,mc,2,1784569735202
1784569750802,1,523.848,276.454,mc,5,1784569735202
1784569750802,2,272.22,210.159,mc,5,1784569735202
1784569750802,3,474.921,364.951,mc,3,1784569735202
1784569750802,4,291.29,294.071,mc,5,1784569735202
1784569750802,5,769.898,365.3,mc,3,1784569735202
1784569750802,6,136.782,368.597,mc,5,1784569735202
1784569750802,7,464.177,667.102,mc,4,1784569735202
1784569750802,8,344.784,510.917,mc,4,1784569735202
1784569750802,9,583.266,726.14,mc,2,1784569735202
1784569750802,10,282.654,495.3,mc,4,1784569735202
1784569750802,11,616.602,382.713,mc,3,1784569735202
1784569750802,12,603.401,309.285,mc,5,1784569735202
1784569750802,13,481.305,433.5,mc,2,1784569735202
1784569750802,14,682.245,538.708,mc,3,1784569735202
1784569750802,15,407.478,454.536,mc,2,1784569735202
1784569750902,1,523.746,276.958,mc,5,1784569735202
1784569750902,2,272.123,209.574,mc,5,1784569735202
1784569750902,3,474.829,365.452,mc,3,1784569735202
1784569750902,4,291.133,294.706,mc,5,1784569735202
1784569750902,5,770.309,364.764,mc,3,1784569735202
1784569750902,6,137.252,368.654,mc,5,1784569735202
1784569750902,7,464.32,666.703,mc,4,1784569735202
1784569750902,8,344.288,511.247,mc,4,1784569735202
1784569750902,9,583.048,725.772,mc,2,1784569735202
1784569750902,10,282.132,495.44,mc,4,1784569735202
1784569750902,11,616.198,382.96,mc,3,1784569735202
1784569750902,12,603.11,309.679,mc,5,1784569735202
1784569750902,13,480.97,434.107,mc,2,1784569735202
1784569750902,14,682.582,538.221,mc,3,1784569735202
1784569750902,15,407.724,455.018,mc,2,1784569735202
1784569751002,1,523.644,277.462,mc,5,1784569735202
1784569751002,2,272.025,208.989,mc,5,1784569735202
1784569751002,3,474.737,365.953,mc,3,1784569735202
1784569751002,4,290.975,295.341,mc,5,1784569735202
1784569751002,5,770.72,364.229,mc,3,1784569735202
1784569751002,6,137.722,368.71,mc,5,1784569735202
1784569751002,7,464.464,666.304,mc,4,1784569735202
1784569751002,8,343.792,511.577,mc,4,1784569735202
1784569751002,9,582.831,725.403,mc,2,1784569735202
1784569751002,10,281.61,495.58,mc,4,1784569735202
1784569751002,11,615.794,383.207,mc,3,1784569735202
1784569751002,12,602.819,310.073,mc,5,1784569735202
1784569751002,13,480.635,434.713,mc,2,1784569735202
1784569751002,14,682.918,537.733,mc,3,1784569735202
1784569751002,15,407.97,455.5,mc,2,1784569735202
1784569751102,1,523.542,277.965,mc,5,1784569735202
1784569751102,2,271.928,208.404,mc,5,1784569735202
1784569751102,3,474.646,366.453,mc,3,1784569735202
1784569751102,4,290.818,295.976,mc,5,1784569735202
1784569751102,5,771.131,363.693,mc,3,1784569735202
1784569751102,6,138.191,368.767,mc,5,1784569735202
1784569751102,7,464.608,665.904,mc,4,1784569735202
1784569751102,8,343.296,511.907,mc,4,1784569735202
1784569751102,9,582.614,725.035,mc,2,1784569735202
1784569751102,10,281.088,495.72,mc,4,1784569735202
1784569751102,11,615.39,383.455,mc,3,1784569735202
1784569751102,12,602.528,310.467,mc,5,1784569735202
1784569751102,13,480.301,435.32,mc,2,1784569735202
1784569751102,14,683.255,537.245,mc,3,1784569735202
1784569751102,15,408.217,455.981,mc,2,1784569735202
1784569751202,1,523.44,278.469,mc,5,1784569735202
1784569751202,2,271.831,207.82,mc,5,1784569735202
1784569751202,3,474.554,366.954,mc,3,1784569735202
1784569751202,4,290.66,296.611,mc,5,1784569735202
1784569751202,5,771.542,363.158,mc,3,1784569735202
1784569751202,6,138.661,368.823,mc,5,1784569735202
1784569751202,7,464.751,665.505,mc,4,1784569735202
1784569751202,8,342.8,512.237,mc,4,1784569735202
1784569751202,9,582.396,724.667,mc,2,1784569735202
1784569751202,10,280.566,495.86,mc,4,1784569735202
1784569751202,11,614.986,383.702,mc,3,1784569735202
1784569751202,12,602.238,310.861,mc,5,1784569735202
1784569751202,13,479.966,435.927,mc,2,1784569735202
1784569751202,14,683.592,536.758,mc,3,1784569735202
1784569751202,15,408.463,456.463,mc,2,1784569735202
1784569751302,1,523.339,278.973,mc,5,1784569735202
1784569751302,2,271.734,207.235,mc,5,1784569735202
1784569751302,3,474.462,367.455,mc,3,1784569735202
1784569751302,4,290.502,297.246,mc,5,1784569735202
1784569751302,5,771.953,362.622,mc,3,1784569735202
1784569751302,6,139.131,368.88,mc,5,1784569735202
1784569751302,7,464.895,665.106,mc,4,1784569735202
1784569751302,8,342.303,512.566,mc,4,1784569735202
1784569751302,9,582.179,724.298,mc,2,1784569735202
1784569751302,10,280.044,496,mc,4,1784569735202
1784569751302,11,614.582,383.949,mc,3,1784569735202
1784569751302,12,601.947,311.255,mc,5,1784569735202
1784569751302,13,479.631,436.534,mc,2,1784569735202
1784569751302,14,683.929,536.27,mc,3,1784569735202
1784569751302,15,408.709,456.944,mc,2,1784569735202
1784569751402,1,523.237,279.476,mc,5,1784569735202
1784569751402,2,271.637,206.65,mc,5,1784569735202
1784569751402,3,474.371,367.955,mc,3,1784569735202
1784569751402,4,290.345,297.881,mc,5,1784569735202
1784569751402,5,772.364,362.086,mc,3,1784569735202
1784569751402,6,139.601,368.936,mc,5,1784569735202
1784569751402,7,465.039,664.707,mc,4,1784569735202
1784569751402,8,341.807,512.896,mc,4,1784569735202
1784569751402,9,581.962,723.93,mc,2,1784569735202
1784569751402,10,279.522,496.14,mc,4,1784569735202
1784569751402,11,614.178,384.196,mc,3,1784569735202
1784569751402,12,601.656,311.649,mc,5,1784569735202
1784569751402,13,479.296,437.141,mc,2,1784569735202
1784569751402,14,684.266,535.782,mc,3,1784569735202
1784569751402,15,408.955,457.426,mc,2,1784569735202
1784569751502,1,523.135,279.98,mc,5,1784569735202
1784569751502,2,271.54,206.065,mc,5,1784569735202
1784569751502,3,474.279,368.456,mc,3,1784569735202
1784569751502,4,290.187,298.516,mc,5,1784569735202
1784569751502,5,772.775,361.551,mc,3,1784569735202
1784569751502,6,140.07,368.993,mc,5,1784569735202
1784569751502,7,465.182,664.308,mc,4,1784569735202
1784569751502,8,341.311,513.226,mc,4,1784569735202
1784569751502,9,581.745,723.561,mc,2,1784569735202
1784569751502,10,279,496.28,mc,4,1784569735202
1784569751502,11,613.774,384.444,mc,3,1784569735202
1784569751502,12,601.365,312.043,mc,5,1784569735202
1784569751502,13,478.961,437.748,mc,2,1784569735202
1784569751502,14,684.603,535.295,mc,3,1784569735202
1784569751502,15,409.201,457.908,mc,2,1784569735202
1784569751602,1,523.033,280.484,mc,5,1784569735202
1784569751602,2,271.443,205.48,mc,5,1784569735202
1784569751602,3,474.188,368.957,mc,3,1784569735202
1784569751602,4,290.03,299.151,mc,5,1784569735202
1784569751602,5,773.185,361.015,mc,3,1784569735202
1784569751602,6,140.54,369.05,mc,5,1784569735202
1784569751602,7,465.326,663.909,mc,4,1784569735202
1784569751602,8,340.815,513.556,mc,4,1784569735202
1784569751602,9,581.527,723.193,mc,2,1784569735202
1784569751602,10,278.478,496.42,mc,4,1784569735202
1784569751602,11,613.37,384.691,mc,3,1784569735202
1784569751602,12,601.075,312.437,mc,5,1784569735202
1784569751602,13,478.626,438.355,mc,2,1784569735202
1784569751602,14,684.94,534.807,mc,3,1784569735202
1784569751602,15,409.447,458.389,mc,2,1784569735202
1784569751702,1,522.931,280.987,mc,5,1784569735202
1784569751702,2,271.345,204.895,mc,5,1784569735202
1784569751702,3,474.096,369.458,mc,3,1784569735202
1784569751702,4,289.872,299.786,mc,5,1784569735202
1784569751702,5,773.596,360.48,mc,3,1784569735202
1784569751702,6,141.01,369.106,mc,5,1784569735202
1784569751702,7,465.469,663.51,mc,4,1784569735202
1784569751702,8,340.319,513.886,mc,4,1784569735202
1784569751702,9,581.31,722.825,mc,2,1784569735202
1784569751702,10,277.956,496.561,mc,4,1784569735202
1784569751702,11,612.967,384.938,mc,3,1784569735202
1784569751702,12,600.784,312.831,mc,5,1784569735202
1784569751702,13,478.292,438.962,mc,2,1784569735202
1784569751702,14,685.277,534.319,mc,3,1784569735202
1784569751702,15,409.694,458.871,mc,2,1784569735202
1784569751802,1,522.83,281.491,mc,5,1784569735202
1784569751802,2,271.248,204.31,mc,5,1784569735202
1784569751802,3,474.004,369.958,mc,3,1784569735202
1784569751802,4,289.715,300.42,mc,5,1784569735202
1784569751802,5,774.007,359.944,mc,3,1784569735202
1784569751802,6,141.48,369.163,mc,5,1784569735202
1784569751802,7,465.613,663.11,mc,4,1784569735202
1784569751802,8,339.823,514.215,mc,4,1784569735202
1784569751802,9,581.093,722.456,mc,2,1784569735202
1784569751802,10,277.434,496.701,mc,4,1784569735202
1784569751802,11,612.563,385.185,mc,3,1784569735202
1784569751802,12,600.493,313.225,mc,5,1784569735202
1784569751802,13,477.957,439.569,mc,2,1784569735202
1784569751802,14,685.614,533.832,mc,3,1784569735202
1784569751802,15,409.94,459.352,mc,2,1784569735202
1784569751902,1,522.728,281.994,mc,5,1784569735202
1784569751902,2,271.151,203.726,mc,5,1784569735202
1784569751902,3,473.913,370.459,mc,3,1784569735202
1784569751902,4,289.557,301.055,mc,5,1784569735202
1784569751902,5,774.418,359.409,mc,3,1784569735202
1784569751902,6,141.949,369.219,mc,5,1784569735202
1784569751902,7,465.757,662.711,mc,4,1784569735202
1784569751902,8,339.327,514.545,mc,4,1784569735202
1784569751902,9,580.876,722.088,mc,2,1784569735202
1784569751902,10,276.912,496.841,mc,4,1784569735202
1784569751902,11,612.159,385.433,mc,3,1784569735202
1784569751902,12,600.202,313.619,mc,5,1784569735202
1784569751902,13,477.622,440.176,mc,2,1784569735202
1784569751902,14,685.951,533.344,mc,3,1784569735202
1784569751902,15,410.186,459.834,mc,2,1784569735202
1784569752002,1,522.626,282.498,mc,5,1784569735202
1784569752002,2,271.054,203.141,mc,5,1784569735202
1784569752002,3,473.821,370.96,mc,3,1784569735202
1784569752002,4,289.399,301.69,mc,5,1784569735202
1784569752002,5,774.829,358.873,mc,3,1784569735202
1784569752002,6,142.419,369.276,mc,5,1784569735202
1784569752002,7,465.9,662.312,mc,4,1784569735202
1784569752002,8,338.831,514.875,mc,4,1784569735202
1784569752002,9,580.658,721.72,mc,2,1784569735202
1784569752002,10,276.711,496.459,mc,4,1784569735202
1784569752002,11,611.755,385.68,mc,3,1784569735202
1784569752002,12,599.911,314.013,mc,5,1784569735202
1784569752002,13,477.287,440.783,mc,2,1784569735202
1784569752002,14,686.288,532.857,mc,3,1784569735202
1784569752002,15,410.432,460.316,mc,2,1784569735202
1784569752102,1,522.524,283.002,mc,5,1784569735202
1784569752102,2,270.957,202.556,mc,5,1784569735202
1784569752102,3,473.729,371.46,mc,3,1784569735202
1784569752102,4,289.242,302.325,mc,5,1784569735202
1784569752102,5,775.24,358.337,mc,3,1784569735202
1784569752102,6,142.889,369.332,mc,5,1784569735202
1784569752102,7,465.839,661.94,mc,4,1784569735202
1784569752102,8,338.334,515.205,mc,4,1784569735202
1784569752102,9,580.441,721.351,mc,2,1784569735202
1784569752102,10,276.511,496.077,mc,4,1784569735202
1784569752102,11,611.351,385.927,mc,3,1784569735202
1784569752102,12,599.621,314.407,mc,5,1784569735202
1784569752102,13,476.952,441.39,mc,2,1784569735202
1784569752102,14,686.625,532.369,mc,3,1784569735202
1784569752102,15,410.678,460.797,mc,2,1784569735202
1784569752202,1,522.422,283.505,mc,5,1784569735202
1784569752202,2,270.86,201.971,mc,5,1784569735202
1784569752202,3,473.638,371.961,mc,3,1784569735202
1784569752202,4,289.084,302.96,mc,5,1784569735202
1784569752202,5,775.651,357.802,mc,3,1784569735202
1784569752202,6,143.358,369.389,mc,5,1784569735202
1784569752202,7,465.694,661.58,mc,4,1784569735202
1784569752202,8,337.838,515.535,mc,4,1784569735202
1784569752202,9,580.224,720.983,mc,2,1784569735202
1784569752202,10,276.311,495.695,mc,4,1784569735202
1784569752202,11,610.947,386.175,mc,3,1784569735202
1784569752202,12,599.33,314.801,mc,5,1784569735202
1784569752202,13,476.618,441.997,mc,2,1784569735202
1784569752202,14,686.962,531.881,mc,3,1784569735202
1784569752202,15,410.924,461.279,mc,2,1784569735202
1784569752302,1,522.32,284.009,mc,5,1784569735202
1784569752302,2,270.763,201.386,mc,5,1784569735202
1784569752302,3,473.546,372.462,mc,3,1784569735202
1784569752302,4,288.927,303.595,mc,5,1784569735202
1784569752302,5,776.062,357.266,mc,3,1784569735202
1784569752302,6,143.828,369.445,mc,5,1784569735202
1784569752302,7,465.549,661.22,mc,4,1784569735202
1784569752302,8,337.342,515.864,mc,4,1784569735202
1784569752302,9,580.007,720.614,mc,2,1784569735202
1784569752302,10,276.111,495.313,mc,4,1784569735202
1784569752302,11,610.543,386.422,mc,3,1784569735202
1784569752302,12,599.039,315.195,mc,5,1784569735202
1784569752302,13,476.283,442.604,mc,2,1784569735202
1784569752302,14,687.299,531.394,mc,3,1784569735202
1784569752302,15,411.17,461.76,mc,2,1784569735202
1784569752402,1,522.219,284.513,mc,5,1784569735202
1784569752402,2,270.666,200.801,mc,5,1784569735202
1784569752402,3,473.455,372.962,mc,3,1784569735202
1784569752402,4,288.769,304.23,mc,5,1784569735202
1784569752402,5,776.473,356.731,mc,3,1784569735202
1784569752402,6,144.298,369.502,mc,5,1784569735202
1784569752402,7,465.404,660.859,mc,4,1784569735202
1784569752402,8,336.846,516.194,mc,4,1784569735202
1784569752402,9,579.789,720.246,mc,2,1784569735202
1784569752402,10,275.91,494.931,mc,4,1784569735202
1784569752402,11,610.139,386.669,mc,3,1784569735202
1784569752402,12,598.748,315.589,mc,5,1784569735202
1784569752402,13,475.948,443.211,mc,2,1784569735202
1784569752402,14,687.636,530.906,mc,3,1784569735202
1784569752402,15,411.417,462.242,mc,2,1784569735202
1784569752502,1,522.117,285.016,mc,5,1784569735202
1784569752502,2,270.568,200.217,mc,5,1784569735202
1784569752502,3,473.363,373.463,mc,3,1784569735202
1784569752502,4,288.611,304.865,mc,5,1784569735202
1784569752502,5,776.883,356.195,mc,3,1784569735202
1784569752502,6,144.768,369.559,mc,5,1784569735202
1784569752502,7,465.259,660.499,mc,4,1784569735202
1784569752502,8,336.35,516.524,mc,4,1784569735202
1784569752502,9,579.572,719.878,mc,2,1784569735202
1784569752502,10,275.71,494.549,mc,4,1784569735202
1784569752502,11,609.735,386.916,mc,3,1784569735202
1784569752502,12,598.458,315.983,mc,5,1784569735202
1784569752502,13,475.613,443.818,mc,2,1784569735202
1784569752502,14,687.973,530.418,mc,3,1784569735202
1784569752502,15,411.663,462.724,mc,2,1784569735202
1784569752602,1,522.015,285.52,mc,5,1784569735202
1784569752602,2,270.428,200.58,mc,5,1784569735202
1784569752602,3,473.271,373.964,mc,3,1784569735202
1784569752602,4,288.454,305.5,mc,5,1784569735202
1784569752602,5,777.294,355.66,mc,3,1784569735202
1784569752602,6,145.237,369.615,mc,5,1784569735202
1784569752602,7,465.115,660.138,mc,4,1784569735202
1784569752602,8,335.854,516.854,mc,4,1784569735202
1784569752602,9,579.355,719.509,mc,2,1784569735202
1784569752602,10,275.51,494.167,mc,4,1784569735202
1784569752602,11,609.331,387.164,mc,3,1784569735202
1784569752602,12,598.167,316.377,mc,5,1784569735202
1784569752602,13,475.278,444.425,mc,2,1784569735202
1784569752602,14,688.31,529.931,mc,3,1784569735202
1784569752602,15,411.909,463.205,mc,2,1784569735202
1784569752702,1,521.913,286.024,mc,5,1784569735202
1784569752702,2,270.281,201.082,mc,5,1784569735202
1784569752702,3,473.18,374.464,mc,3,1784569735202
1784569752702,4,288.296,306.135,mc,5,1784569735202
1784569752702,5,777.705,355.124,mc,3,1784569735202
1784569752702,6,145.707,369.672,mc,5,1784569735202
1784569752702,7,464.97,659.778,mc,4,1784569735202
1784569752702,8,335.358,517.184,mc,4,1784569735202
1784569752702,9,579.137,719.141,mc,2,1784569735202
1784569752702,10,275.31,493.785,mc,4,1784569735202
1784569752702,11,609.019,387.439,mc,3,1784569735202
1784569752702,12,597.876,316.771,mc,5,1784569735202
1784569752702,13,474.943,445.032,mc,2,1784569735202
1784569752702,14,688.647,529.443,mc,3,1784569735202
1784569752702,15,412.155,463.687,mc,2,1784569735202
1784569752802,1,521.811,286.527,mc,5,1784569735202
1784569752802,2,270.135,201.583,mc,5,1784569735202
1784569752802,3,473.088,374.965,mc,3,1784569735202
1784569752802,4,288.139,306.77,mc,5,1784569735202
1784569752802,5,778.116,354.589,mc,3,1784569735202
1784569752802,6,146.177,369.728,mc,5,1784569735202
1784569752802,7,464.825,659.417,mc,4,1784569735202
1784569752802,8,334.862,517.513,mc,4,1784569735202
1784569752802,9,578.92,718.772,mc,2,1784569735202
1784569752802,10,275.11,493.403,mc,4,1784569735202
1784569752802,11,609.276,387.89,mc,3,1784569735202
1784569752802,12,597.585,317.165,mc,5,1784569735202
1784569752802,13,474.609,445.639,mc,2,1784569735202
1784569752802,14,688.983,528.955,mc,3,1784569735202
1784569752802,15,412.401,464.168,mc,2,1784569735202
1784569752902,1,521.71,287.031,mc,5,1784569735202
1784569752902,2,269.988,202.084,mc,5,1784569735202
1784569752902,3,472.996,375.466,mc,3,1784569735202
1784569752902,4,287.981,307.404,mc,5,1784569735202
1784569752902,5,778.527,354.053,mc,3,1784569735202
1784569752902,6,146.646,369.785,mc,5,1784569735202
1784569752902,7,464.68,659.057,mc,4,1784569735202
1784569752902,8,334.366,517.843,mc,4,1784569735202
1784569752902,9,578.703,718.404,mc,2,1784569735202
1784569752902,10,274.91,493.021,mc,4,1784569735202
1784569752902,11,609.534,388.341,mc,3,1784569735202
1784569752902,12,597.295,317.559,mc,5,1784569735202
1784569752902,13,474.274,446.246,mc,2,1784569735202
1784569752902,14,689.32,528.468,mc,3,1784569735202
1784569752902,15,412.188,464.394,mc,2,1784569735202
1784569753002,1,521.608,287.534,mc,5,1784569735202
1784569753002,2,269.841,202.586,mc,5,1784569735202
1784569753002,3,472.905,375.967,mc,3,1784569735202
1784569753002,4,287.824,308.039,mc,5,1784569735202
1784569753002,5,778.938,353.517,mc,3,1784569735202
1784569753002,6,147.116,369.841,mc,5,1784569735202
1784569753002,7,464.535,658.696,mc,4,1784569735202
1784569753002,8,333.869,518.173,mc,4,1784569735202
1784569753002,9,578.486,718.036,mc,2,1784569735202
1784569753002,10,274.71,492.639,mc,4,1784569735202
1784569753002,11,609.792,388.792,mc,3,1784569735202
1784569753002,12,597.004,317.953,mc,5,1784569735202
1784569753002,13,473.939,446.853,mc,2,1784569735202
1784569753002,14,689.657,527.98,mc,3,1784569735202
1784569753002,15,411.534,464.374,mc,2,1784569735202
1784569753102,1,521.506,288.038,mc,5,1784569735202
1784569753102,2,269.695,203.087,mc,5,1784569735202
1784569753102,3,472.813,376.467,mc,3,1784569735202
1784569753102,4,287.666,308.674,mc,5,1784569735202
1784569753102,5,779.231,353.245,mc,3,1784569735202
1784569753102,6,147.586,369.898,mc,5,1784569735202
1784569753102,7,464.39,658.336,mc,4,1784569735202
1784569753102,8,333.373,518.503,mc,4,1784569735202
1784569753102,9,578.268,717.667,mc,2,1784569735202
1784569753102,10,274.509,492.257,mc,4,1784569735202
1784569753102,11,610.049,389.244,mc,3,1784569735202
1784569753102,12,596.713,318.347,mc,5,1784569735202
1784569753102,13,473.604,447.46,mc,2,1784569735202
1784569753102,14,689.994,527.493,mc,3,1784569735202
1784569753102,15,410.88,464.353,mc,2,1784569735202
1784569753202,1,521.404,288.542,mc,5,1784569735202
1784569753202,2,269.548,203.589,mc,5,1784569735202
1784569753202,3,472.722,376.968,mc,3,1784569735202
1784569753202,4,287.508,309.309,mc,5,1784569735202
1784569753202,5,779.242,353.604,mc,3,1784569735202
1784569753202,6,148.056,369.954,mc,5,1784569735202
1784569753202,7,464.245,657.975,mc,4,1784569735202
1784569753202,8,332.877,518.833,mc,4,1784569735202
1784569753202,9,578.051,717.299,mc,2,1784569735202
1784569753202,10,274.309,491.875,mc,4,1784569735202
1784569753202,11,610.307,389.695,mc,3,1784569735202
1784569753202,12,596.422,318.741,mc,5,1784569735202
1784569753202,13,473.269,448.067,mc,2,1784569735202
1784569753202,14,690.331,527.005,mc,3,1784569735202
1784569753202,15,410.226,464.333,mc,2,1784569735202
1784569753302,1,521.302,289.045,mc,5,1784569735202
1784569753302,2,269.401,204.09,mc,5,1784569735202
1784569753302,3,472.63,377.469,mc,3,1784569735202
1784569753302,4,287.351,309.944,mc,5,1784569735202
1784569753302,5,779.254,353.962,mc,3,1784569735202
1784569753302,6,148.525,370.011,mc,5,1784569735202
1784569753302,7,464.101,657.615,mc,4,1784569735202
1784569753302,8,332.381,519.162,mc,4,1784569735202
1784569753302,9,577.834,716.931,mc,2,1784569735202
1784569753302,10,274.109,491.493,mc,4,1784569735202
1784569753302,11,610.565,390.146,mc,3,1784569735202
1784569753302,12,596.132,319.135,mc,5,1784569735202
1784569753302,13,472.935,448.674,mc,2,1784569735202
1784569753302,14,690.668,526.517,mc,3,1784569735202
1784569753302,15,409.573,464.313,mc,2,1784569735202
1784569753402,1,521.201,289.549,mc,5,1784569735202
1784569753402,2,269.254,204.591,mc,5,1784569735202
1784569753402,3,472.538,377.969,mc,3,1784569735202
1784569753402,4,287.193,310.579,mc,5,1784569735202
1784569753402,5,779.265,354.321,mc,3,1784569735202
1784569753402,6,148.995,370.068,mc,5,1784569735202
1784569753402,7,463.956,657.254,mc,4,1784569735202
1784569753402,8,331.885,519.492,mc,4,1784569735202
1784569753402,9,577.617,716.562,mc,2,1784569735202
1784569753402,10,273.909,491.111,mc,4,1784569735202
1784569753402,11,610.822,390.597,mc,3,1784569735202
1784569753402,12,595.841,319.529,mc,5,1784569735202
1784569753402,13,472.6,449.281,mc,2,1784569735202
1784569753402,14,691.005,526.03,mc,3,1784569735202
1784569753402,15,408.919,464.293,mc,2,1784569735202
1784569753502,1,521.099,290.053,mc,5,1784569735202
1784569753502,2,269.108,205.093,mc,5,1784569735202
1784569753502,3,472.447,378.47,mc,3,1784569735202
1784569753502,4,287.036,311.214,mc,5,1784569735202
1784569753502,5,779.276,354.68,mc,3,1784569735202
1784569753502,6,149.465,370.124,mc,5,1784569735202
1784569753502,7,463.811,656.894,mc,4,1784569735202
1784569753502,8,331.389,519.822,mc,4,1784569735202
1784569753502,9,577.399,716.194,mc,2,1784569735202
1784569753502,10,273.709,490.729,mc,4,1784569735202
1784569753502,11,611.08,391.048,mc,3,1784569735202
1784569753502,12,595.55,319.922,mc,5,1784569735202
1784569753502,13,472.265,449.888,mc,2,1784569735202
1784569753502,14,691.342,525.542,mc,3,1784569735202
1784569753502,15,408.265,464.273,mc,2,1784569735202
1784569753602,1,520.997,290.556,mc,5,1784569735202
1784569753602,2,268.961,205.594,mc,5,1784569735202
1784569753602,3,472.355,378.971,mc,3,1784569735202
1784569753602,4,286.878,311.849,mc,5,1784569735202
1784569753602,5,779.288,355.039,mc,3,1784569735202
1784569753602,6,149.934,370.181,mc,5,1784569735202
1784569753602,7,463.666,656.533,mc,4,1784569735202
1784569753602,8,330.893,520.152,mc,4,1784569735202
1784569753602,9,577.182,715.825,mc,2,1784569735202
1784569753602,10,273.509,490.347,mc,4,1784569735202
1784569753602,11,611.338,391.499,mc,3,1784569735202
1784569753602,12,595.259,320.316,mc,5,1784569735202
1784569753602,13,471.93,450.495,mc,2,1784569735202
1784569753602,14,691.679,525.054,mc,3,1784569735202
1784569753602,15,407.611,464.252,mc,2,1784569735202
1784569753702,1,520.895,291.06,mc,5,1784569735202
1784569753702,2,268.814,206.096,mc,5,1784569735202
1784569753702,3,472.263,379.471,mc,3,1784569735202
1784569753702,4,286.72,312.484,mc,5,1784569735202
1784569753702,5,779.299,355.397,mc,3,1784569735202
1784569753702,6,150.404,370.237,mc,5,1784569735202
1784569753702,7,463.521,656.173,mc,4,1784569735202
1784569753702,8,330.397,520.482,mc,4,1784569735202
1784569753702,9,576.965,715.457,mc,2,1784569735202
1784569753702,10,273.308,489.965,mc,4,1784569735202
1784569753702,11,611.595,391.95,mc,3,1784569735202
1784569753702,12,594.969,320.71,mc,5,1784569735202
1784569753702,13,471.595,451.102,mc,2,1784569735202
1784569753702,14,692.016,524.567,mc,3,1784569735202
1784569753702,15,406.957,464.232,mc,2,1784569735202
1784569753802,1,520.793,291.564,mc,5,1784569735202
1784569753802,2,268.668,206.597,mc,5,1784569735202
1784569753802,3,472.172,379.972,mc,3,1784569735202
1784569753802,4,286.563,313.119,mc,5,1784569735202
1784569753802,5,779.31,355.756,mc,3,1784569735202
1784569753802,6,150.874,370.294,mc,5,1784569735202
1784569753802,7,463.376,655.812,mc,4,1784569735202
1784569753802,8,329.9,520.812,mc,4,1784569735202
1784569753802,9,576.747,715.089,mc,2,1784569735202
1784569753802,10,273.108,489.583,mc,4,1784569735202
1784569753802,11,611.853,392.401,mc,3,1784569735202
1784569753802,12,594.678,321.104,mc,5,1784569735202
1784569753802,13,471.26,451.709,mc,2,1784569735202
1784569753802,14,692.353,524.079,mc,3,1784569735202
1784569753802,15,406.303,464.212,mc,2,1784569735202
1784569753902,1,520.692,292.067,mc,5,1784569735202
1784569753902,2,268.521,207.099,mc,5,1784569735202
1784569753902,3,472.08,380.473,mc,3,1784569735202
1784569753902,4,286.405,313.754,mc,5,1784569735202
1784569753902,5,779.322,356.115,mc,3,1784569735202
1784569753902,6,151.328,370.35,mc,5,1784569735202
1784569753902,7,463.231,655.452,mc,4,1784569735202
1784569753902,8,329.404,521.141,mc,4,1784569735202
1784569753902,9,576.53,714.72,mc,2,1784569735202
1784569753902,10,272.908,489.201,mc,4,1784569735202
1784569753902,11,612.111,392.852,mc,3,1784569735202
1784569753902,12,594.387,321.498,mc,5,1784569735202
1784569753902,13,470.926,452.316,mc,2,1784569735202
1784569753902,14,692.69,523.591,mc,3,1784569735202
1784569753902,15,405.649,464.192,mc,2,1784569735202
1784569754002,1,520.59,292.571,mc,5,1784569735202
1784569754002,2,268.374,207.6,mc,5,1784569735202
1784569754002,3,471.988,380.974,mc,3,1784569735202
1784569754002,4,286.248,314.388,mc,5,1784569735202
1784569754002,5,779.333,356.474,mc,3,1784569735202
1784569754002,6,150.741,370.405,mc,5,1784569735202
1784569754002,7,463.087,655.091,mc,4,1784569735202
1784569754002,8,328.908,521.471,mc,4,1784569735202
1784569754002,9,576.487,714.345,mc,2,1784569735202
1784569754002,10,272.708,488.819,mc,4,1784569735202
1784569754002,11,612.368,393.304,mc,3,1784569735202
1784569754002,12,594.096,321.892,mc,5,1784569735202
1784569754002,13,470.591,452.923,mc,2,1784569735202
1784569754002,14,693.027,523.104,mc,3,1784569735202
1784569754002,15,404.996,464.171,mc,2,1784569735202
1784569754102,1,520.488,293.074,mc,5,1784569735202
1784569754102,2,268.228,208.101,mc,5,1784569735202
1784569754102,3,471.897,381.474,mc,3,1784569735202
1784569754102,4,286.09,315.023,mc,5,1784569735202
1784569754102,5,779.344,356.832,mc,3,1784569735202
1784569754102,6,150.155,370.459,mc,5,1784569735202
1784569754102,7,462.942,654.731,mc,4,1784569735202
1784569754102,8,328.412,521.801,mc,4,1784569735202
1784569754102,9,577.04,713.946,mc,2,1784569735202
1784569754102,10,272.508,488.437,mc,4,1784569735202
1784569754102,11,612.626,393.755,mc,3,1784569735202
1784569754102,12,593.806,322.286,mc,5,1784569735202
1784569754102,13,470.256,453.53,mc,2,1784569735202
1784569754102,14,693.364,522.616,mc,3,1784569735202
1784569754102,15,404.342,464.151,mc,2,1784569735202
1784569754202,1,520.386,293.578,mc,5,1784569735202
1784569754202,2,268.081,208.603,mc,5,1784569735202
1784569754202,3,471.805,381.975,mc,3,1784569735202
1784569754202,4,285.933,315.658,mc,5,1784569735202
1784569754202,5,779.356,357.191,mc,3,1784569735202
1784569754202,6,149.568,370.514,mc,5,1784569735202
1784569754202,7,462.797,654.37,mc,4,1784569735202
1784569754202,8,327.916,522.131,mc,4,1784569735202
1784569754202,9,577.593,713.548,mc,2,1784569735202
1784569754202,10,272.308,488.055,mc,4,1784569735202
1784569754202,11,612.884,394.206,mc,3,1784569735202
1784569754202,12,593.515,322.68,mc,5,1784569735202
1784569754202,13,469.921,454.137,mc,2,1784569735202
1784569754202,14,693.701,522.129,mc,3,1784569735202
1784569754202,15,403.688,464.131,mc,2,1784569735202
1784569754302,1,520.284,294.082,mc,5,1784569735202
1784569754302,2,267.934,209.104,mc,5,1784569735202
1784569754302,3,471.714,382.476,mc,3,1784569735202
1784569754302,4,285.775,316.293,mc,5,1784569735202
1784569754302,5,779.367,357.55,mc,3,1784569735202
1784569754302,6,148.982,370.569,mc,5,1784569735202
1784569754302,7,462.652,654.01,mc,4,1784569735202
1784569754302,8,327.42,522.461,mc,4,1784569735202
1784569754302,9,578.147,713.149,mc,2,1784569735202
1784569754302,10,272.107,487.673,mc,4,1784569735202
1784569754302,11,613.141,394.657,mc,3,1784569735202
1784569754302,12,593.224,323.074,mc,5,1784569735202
1784569754302,13,469.586,454.744,mc,2,1784569735202
1784569754302,14,694.038,521.641,mc,3,1784569735202
1784569754302,15,403.034,464.111,mc,2,1784569735202
1784569754402,1,520.183,294.585,mc,5,1784569735202
1784569754402,2,267.788,209.606,mc,5,1784569735202
1784569754402,3,471.622,382.976,mc,3,1784569735202
1784569754402,4,285.617,316.928,mc,5,1784569735202
1784569754402,5,779.378,357.909,mc,3,1784569735202
1784569754402,6,148.395,370.623,mc,5,1784569735202
1784569754402,7,462.507,653.65,mc,4,1784569735202
1784569754402,8,326.924,522.79,mc,4,1784569735202
1784569754402,9,578.7,712.75,mc,2,1784569735202
1784569754402,10,271.907,487.291,mc,4,1784569735202
1784569754402,11,613.399,395.108,mc,3,1784569735202
1784569754402,12,592.933,323.468,mc,5,1784569735202
1784569754402,13,469.252,455.351,mc,2,1784569735202
1784569754402,14,694.375,521.153,mc,3,1784569735202
1784569754402,15,402.38,464.09,mc,2,1784569735202
1784569754502,1,520.081,295.089,mc,5,1784569735202
1784569754502,2,267.641,210.107,mc,5,1784569735202
1784569754502,3,471.53,383.477,mc,3,1784569735202
1784569754502,4,285.46,317.563,mc,5,1784569735202
1784569754502,5,779.39,358.267,mc,3,1784569735202
1784569754502,6,147.809,370.678,mc,5,1784569735202
1784569754502,7,462.362,653.289,mc,4,1784569735202
1784569754502,8,326.428,523.12,mc,4,1784569735202
1784569754502,9,579.253,712.351,mc,2,1784569735202
1784569754502,10,271.707,486.909,mc,4,1784569735202
1784569754502,11,613.657,395.559,mc,3,1784569735202
1784569754502,12,592.643,323.862,mc,5,1784569735202
1784569754502,13,468.917,455.958,mc,2,1784569735202
1784569754502,14,694.711,520.666,mc,3,1784569735202
1784569754502,15,401.726,464.07,mc,2,1784569735202
1784569754602,1,519.979,295.593,mc,5,1784569735202
1784569754602,2,267.494,210.609,mc,5,1784569735202
1784569754602,3,471.439,383.978,mc,3,1784569735202
1784569754602,4,285.302,318.198,mc,5,1784569735202
1784569754602,5,779.401,358.626,mc,3,1784569735202
1784569754602,6,147.222,370.732,mc,5,1784569735202
1784569754602,7,462.217,652.929,mc,4,1784569735202
1784569754602,8,325.932,523.45,mc,4,1784569735202
1784569754602,9,579.807,711.953,mc,2,1784569735202
1784569754602,10,271.507,486.527,mc,4,1784569735202
1784569754602,11,613.914,396.01,mc,3,1784569735202
1784569754602,12,592.352,324.256,mc,5,1784569735202
1784569754602,13,468.582,456.565,mc,2,1784569735202
1784569754602,14,695.048,520.178,mc,3,1784569735202
1784569754602,15,401.073,464.05,mc,2,1784569735202
1784569754702,1,519.877,296.096,mc,5,1784569735202
1784569754702,2,267.347,211.11,mc,5,1784569735202
1784569754702,3,471.347,384.478,mc,3,1784569735202
1784569754702,4,285.31,318.626,mc,5,1784569735202
1784569754702,5,779.412,358.985,mc,3,1784569735202
1784569754702,6,146.636,370.787,mc,5,1784569735202
1784569754702,7,462.072,652.568,mc,4,1784569735202
1784569754702,8,325.435,523.78,mc,4,1784569735202
1784569754702,9,580.36,711.554,mc,2,1784569735202
1784569754702,10,271.307,486.145,mc,4,1784569735202
1784569754702,11,614.172,396.461,mc,3,1784569735202
1784569754702,12,592.228,324.599,mc,5,1784569735202
1784569754702,13,468.247,457.172,mc,2,1784569735202
1784569754702,14,695.385,519.69,mc,3,1784569735202
1784569754702,15,400.419,464.03,mc,2,1784569735202
1784569754802,1,519.387,296.066,mc,5,1784569735202
1784569754802,2,267.201,211.611,mc,5,1784569735202
1784569754802,3,471.255,384.979,mc,3,1784569735202
1784569754802,4,285.831,318.414,mc,5,1784569735202
1784569754802,5,779.424,359.344,mc,3,1784569735202
1784569754802,6,146.049,370.841,mc,5,1784569735202
1784569754802,7,461.928,652.208,mc,4,1784569735202
1784569754802,8,324.939,524.11,mc,4,1784569735202
1784569754802,9,580.913,711.155,mc,2,1784569735202
1784569754802,10,271.107,485.763,mc,4,1784569735202
1784569754802,11,614.43,396.912,mc,3,1784569735202
1784569754802,12,592.421,324.846,mc,5,1784569735202
1784569754802,13,467.912,457.779,mc,2,1784569735202
1784569754802,14,695.722,519.203,mc,3,1784569735202
1784569754802,15,399.765,464.01,mc,2,1784569735202
1784569754902,1,518.75,295.835,mc,5,1784569735202
1784569754902,2,267.054,212.113,mc,5,1784569735202
1784569754902,3,471.164,385.48,mc,3,1784569735202
1784569754902,4,286.352,318.202,mc,5,1784569735202
1784569754902,5,779.435,359.702,mc,3,1784569735202
1784569754902,6,145.463,370.896,mc,5,1784569735202
1784569754902,7,461.783,651.847,mc,4,1784569735202
1784569754902,8,324.443,524.439,mc,4,1784569735202
1784569754902,9,581.467,710.756,mc,2,1784569735202
1784569754902,10,270.906,485.381,mc,4,1784569735202
1784569754902,11,614.688,397.363,mc,3,1784569735202
1784569754902,12,592.615,325.092,mc,5,1784569735202
1784569754902,13,467.577,458.386,mc,2,1784569735202
1784569754902,14,696.059,518.715,mc,3,1784569735202
1784569754902,15,399.111,463.989,mc,2,1784569735202
1784569755002,1,518.113,295.603,mc,5,1784569735202
1784569755002,2,266.907,212.614,mc,5,1784569735202
1784569755002,3,471.072,385.98,mc,3,1784569735202
1784569755002,4,286.873,317.99,mc,5,1784569735202
1784569755002,5,779.446,360.061,mc,3,1784569735202
1784569755002,6,144.876,370.95,mc,5,1784569735202
1784569755002,7,461.638,651.487,mc,4,1784569735202
1784569755002,8,323.947,524.769,mc,4,1784569735202
1784569755002,9,582.02,710.358,mc,2,1784569735202
1784569755002,10,270.706,485,mc,4,1784569735202
1784569755002,11,614.945,397.815,mc,3,1784569735202
1784569755002,12,592.809,325.338,mc,5,1784569735202
1784569755002,13,467.243,458.993,mc,2,1784569735202
1784569755002,14,696.396,518.227,mc,3,1784569735202
1784569755002,15,398.457,463.969,mc,2,1784569735202
1784569755102,1,517.476,295.372,mc,5,1784569735202
1784569755102,2,266.761,213.116,mc,5,1784569735202
1784569755102,3,470.981,386.481,mc,3,1784569735202
1784569755102,4,287.394,317.778,mc,5,1784569735202
1784569755102,5,779.458,360.42,mc,3,1784569735202
1784569755102,6,144.29,371.005,mc,5,1784569735202
1784569755102,7,461.493,651.126,mc,4,1784569735202
1784569755102,8,323.451,525.099,mc,4,1784569735202
1784569755102,9,582.574,709.959,mc,2,1784569735202
1784569755102,10,270.506,484.618,mc,4,1784569735202
1784569755102,11,615.203,398.266,mc,3,1784569735202
1784569755102,12,593.003,325.584,mc,5,1784569735202
1784569755102,13,466.809,459.488,mc,2,1784569735202
1784569755102,14,696.733,517.74,mc,3,1784569735202
1784569755102,15,397.803,463.949,mc,2,1784569735202
1784569755202,1,516.839,295.141,mc,5,1784569735202
1784569755202,2,266.614,213.617,mc,5,1784569735202
1784569755202,3,470.889,386.982,mc,3,1784569735202
1784569755202,4,287.915,317.566,mc,5,1784569735202
1784569755202,5,779.469,360.779,mc,3,1784569735202
1784569755202,6,143.703,371.06,mc,5,1784569735202
1784569755202,7,461.348,650.766,mc,4,1784569735202
1784569755202,8,322.955,525.429,mc,4,1784569735202
1784569755202,9,583.127,709.56,mc,2,1784569735202
1784569755202,10,270.306,484.236,mc,4,1784569735202
1784569755202,11,615.461,398.717,mc,3,1784569735202
1784569755202,12,593.196,325.83,mc,5,1784569735202
1784569755202,13,466.165,459.743,mc,2,1784569735202
1784569755202,14,697.07,517.252,mc,3,1784569735202
1784569755202,15,397.149,463.929,mc,2,1784569735202
1784569755302,1,516.202,294.909,mc,5,1784569735202
1784569755302,2,266.467,214.118,mc,5,1784569735202
1784569755302,3,470.797,387.483,mc,3,1784569735202
1784569755302,4,288.436,317.353,mc,5,1784569735202
1784569755302,5,779.48,361.137,mc,3,1784569735202
1784569755302,6,143.117,371.114,mc,5,1784569735202
1784569755302,7,461.203,650.405,mc,4,1784569735202
1784569755302,8,322.459,525.759,mc,4,1784569735202
1784569755302,9,583.68,709.161,mc,2,1784569735202
1784569755302,10,270.106,483.854,mc,4,1784569735202
1784569755302,11,615.718,399.168,mc,3,1784569735202
1784569755302,12,593.39,326.077,mc,5,1784569735202
1784569755302,13,465.521,459.998,mc,2,1784569735202
1784569755302,14,697.407,516.765,mc,3,1784569735202
1784569755302,15,396.496,463.908,mc,2,1784569735202
1784569755402,1,515.565,294.678,mc,5,1784569735202
1784569755402,2,266.321,214.62,mc,5,1784569735202
1784569755402,3,470.731,387.793,mc,3,1784569735202
1784569755402,4,288.957,317.141,mc,5,1784569735202
1784569755402,5,779.492,361.496,mc,3,1784569735202
1784569755402,6,142.53,371.169,mc,5,1784569735202
1784569755402,7,461.058,650.045,mc,4,1784569735202
1784569755402,8,321.963,526.088,mc,4,1784569735202
1784569755402,9,584.234,708.763,mc,2,1784569735202
1784569755402,10,269.906,483.472,mc,4,1784569735202
1784569755402,11,615.976,399.619,mc,3,1784569735202
1784569755402,12,593.584,326.323,mc,5,1784569735202
1784569755402,13,464.877,460.252,mc,2,1784569735202
1784569755402,14,697.744,516.277,mc,3,1784569735202
1784569755402,15,395.842,463.888,mc,2,1784569735202
1784569755502,1,514.928,294.447,mc,5,1784569735202
1784569755502,2,266.174,215.121,mc,5,1784569735202
1784569755502,3,470.775,387.291,mc,3,1784569735202
1784569755502,4,289.478,316.929,mc,5,1784569735202
1784569755502,5,779.503,361.855,mc,3,1784569735202
1784569755502,6,141.944,371.223,mc,5,1784569735202
1784569755502,7,460.914,649.684,mc,4,1784569735202
1784569755502,8,321.466,526.418,mc,4,1784569735202
1784569755502,9,584.787,708.364,mc,2,1784569735202
1784569755502,10,269.706,483.09,mc,4,1784569735202
1784569755502,11,616.234,400.07,mc,3,1784569735202
1784569755502,12,593.778,326.569,mc,5,1784569735202
1784569755502,13,464.234,460.507,mc,2,1784569735202
1784569755502,14,698.081,515.789,mc,3,1784569735202
1784569755502,15,395.188,463.868,mc,2,1784569735202
1784569755602,1,514.291,294.215,mc,5,1784569735202
1784569755602,2,266.027,215.623,mc,5,1784569735202
1784569755602,3,470.819,386.788,mc,3,1784569735202
1784569755602,4,289.999,316.717,mc,5,1784569735202
1784569755602,5,779.514,362.214,mc,3,1784569735202
1784569755602,6,141.357,371.278,mc,5,1784569735202
1784569755602,7,460.769,649.324,mc,4,1784569735202
1784569755602,8,320.97,526.748,mc,4,1784569735202
1784569755602,9,585.34,707.965,mc,2,1784569735202
1784569755602,10,269.505,482.708,mc,4,1784569735202
1784569755602,11,616.491,400.521,mc,3,1784569735202
1784569755602,12,593.972,326.815,mc,5,1784569735202
1784569755602,13,463.59,460.762,mc,2,1784569735202
1784569755602,14,698.126,515.762,mc,3,1784569735202
1784569755602,15,394.534,463.848,mc,2,1784569735202
1784569755702,1,513.654,293.984,mc,5,1784569735202
1784569755702,2,265.881,216.124,mc,5,1784569735202
1784569755702,3,470.863,386.285,mc,3,1784569735202
1784569755702,4,290.52,316.505,mc,5,1784569735202
1784569755702,5,779.526,362.572,mc,3,1784569735202
1784569755702,6,140.771,371.332,mc,5,1784569735202
1784569755702,7,460.624,648.963,mc,4,1784569735202
1784569755702,8,320.474,527.078,mc,4,1784569735202
1784569755702,9,585.894,707.566,mc,2,1784569735202
1784569755702,10,269.305,482.326,mc,4,1784569735202
1784569755702,11,616.749,400.972,mc,3,1784569735202
1784569755702,12,594.165,327.062,mc,5,1784569735202
1784569755702,13,462.946,461.017,mc,2,1784569735202
1784569755702,14,697.981,516.037,mc,3,1784569735202
1784569755702,15,393.88,463.827,mc,2,1784569735202
1784569755802,1,513.017,293.753,mc,5,1784569735202
1784569755802,2,265.734,216.626,mc,5,1784569735202
1784569755802,3,470.907,385.783,mc,3,1784569735202
1784569755802,4,291.041,316.293,mc,5,1784569735202
1784569755802,5,779.537,362.931,mc,3,1784569735202
1784569755802,6,140.184,371.387,mc,5,1784569735202
1784569755802,7,460.479,648.603,mc,4,1784569735202
1784569755802,8,319.978,527.408,mc,4,1784569735202
1784569755802,9,586.447,707.168,mc,2,1784569735202
1784569755802,10,269.105,481.944,mc,4,1784569735202
1784569755802,11,617.007,401.423,mc,3,1784569735202
1784569755802,12,594.359,327.308,mc,5,1784569735202
1784569755802,13,462.302,461.272,mc,2,1784569735202
1784569755802,14,697.836,516.311,mc,3,1784569735202
1784569755802,15,393.226,463.807,mc,2,1784569735202
1784569755902,1,512.38,293.521,mc,5,1784569735202
1784569755902,2,265.587,217.127,mc,5,1784569735202
1784569755902,3,470.951,385.28,mc,3,1784569735202
1784569755902,4,291.562,316.081,mc,5,1784569735202
1784569755902,5,779.548,363.29,mc,3,1784569735202
1784569755902,6,139.598,371.441,mc,5,1784569735202
1784569755902,7,460.334,648.242,mc,4,1784569735202
1784569755902,8,320.172,527.516,mc,4,1784569735202
1784569755902,9,587,706.769,mc,2,1784569735202
1784569755902,10,268.905,481.562,mc,4,1784569735202
1784569755902,11,617.264,401.875,mc,3,1784569735202
1784569755902,12,594.553,327.554,mc,5,1784569735202
1784569755902,13,461.658,461.527,mc,2,1784569735202
1784569755902,14,697.691,516.586,mc,3,1784569735202
1784569755902,15,392.573,463.787,mc,2,1784569735202
1784569756002,1,511.743,293.29,mc,5,1784569735202
1784569756002,2,265.44,217.628,mc,5,1784569735202
1784569756002,3,470.995,384.777,mc,3,1784569735202
1784569756002,4,292.083,315.869,mc,5,1784569735202
1784569756002,5,779.56,363.649,mc,3,1784569735202
1784569756002,6,139.011,371.496,mc,5,1784569735202
1784569756002,7,460.189,647.882,mc,4,1784569735202
1784569756002,8,320.649,527.532,mc,4,1784569735202
1784569756002,9,587.554,706.37,mc,2,1784569735202
1784569756002,10,268.705,481.18,mc,4,1784569735202
1784569756002,11,617.522,402.326,mc,3,1784569735202
1784569756002,12,594.747,327.8,mc,5,1784569735202
1784569756002,13,461.014,461.782,mc,2,1784569735202
1784569756002,14,697.546,516.86,mc,3,1784569735202
1784569756002,15,391.919,463.767,mc,2,1784569735202
1784569756102,1,511.106,293.059,mc,5,1784569735202
1784569756102,2,265.294,218.13,mc,5,1784569735202
1784569756102,3,471.039,384.275,mc,3,1784569735202
1784569756102,4,292.603,315.657,mc,5,1784569735202
1784569756102,5,779.571,364.007,mc,3,1784569735202
1784569756102,6,138.425,371.55,mc,5,1784569735202
1784569756102,7,460.044,647.521,mc,4,1784569735202
1784569756102,8,321.127,527.549,mc,4,1784569735202
1784569756102,9,588.107,705.971,mc,2,1784569735202
1784569756102,10,268.505,480.798,mc,4,1784569735202
1784569756102,11,617.78,402.777,mc,3,1784569735202
1784569756102,12,594.94,328.047,mc,5,1784569735202
1784569756102,13,460.37,462.037,mc,2,1784569735202
1784569756102,14,697.401,517.135,mc,3,1784569735202
1784569756102,15,391.265,463.747,mc,2,1784569735202
1784569756202,1,510.469,292.827,mc,5,1784569735202
1784569756202,2,265.147,218.631,mc,5,1784569735202
1784569756202,3,471.083,383.772,mc,3,1784569735202
1784569756202,4,293.124,315.445,mc,5,1784569735202
1784569756202,5,779.582,364.366,mc,3,1784569735202
1784569756202,6,137.838,371.605,mc,5,1784569735202
1784569756202,7,459.9,647.161,mc,4,1784569735202
1784569756202,8,321.604,527.566,mc,4,1784569735202
1784569756202,9,588.661,705.573,mc,2,1784569735202
1784569756202,10,268.304,480.416,mc,4,1784569735202
1784569756202,11,618.037,403.228,mc,3,1784569735202
1784569756202,12,595.134,328.293,mc,5,1784569735202
1784569756202,13,459.726,462.292,mc,2,1784569735202
1784569756202,14,697.256,517.409,mc,3,1784569735202
1784569756202,15,390.611,463.726,mc,2,1784569735202
1784569756302,1,509.832,292.596,mc,5,1784569735202
1784569756302,2,265,219.133,mc,5,1784569735202
1784569756302,3,471.127,383.27,mc,3,1784569735202
1784569756302,4,293.645,315.233,mc,5,1784569735202
1784569756302,5,779.594,364.725,mc,3,1784569735202
1784569756302,6,137.252,371.66,mc,5,1784569735202
1784569756302,7,459.755,646.8,mc,4,1784569735202
1784569756302,8,322.082,527.582,mc,4,1784569735202
1784569756302,9,589.214,705.174,mc,2,1784569735202
1784569756302,10,268.104,480.034,mc,4,1784569735202
1784569756302,11,618.295,403.679,mc,3,1784569735202
1784569756302,12,595.328,328.539,mc,5,1784569735202
1784569756302,13,459.082,462.546,mc,2,1784569735202
1784569756302,14,697.111,517.684,mc,3,1784569735202
1784569756302,15,389.957,463.706,mc,2,1784569735202
1784569756402,1,509.196,292.365,mc,5,1784569735202
1784569756402,2,264.854,219.634,mc,5,1784569735202
1784569756402,3,471.171,382.767,mc,3,1784569735202
1784569756402,4,294.166,315.021,mc,5,1784569735202
1784569756402,5,779.605,365.084,mc,3,1784569735202
1784569756402,6,136.665,371.714,mc,5,1784569735202
1784569756402,7,459.61,646.44,mc,4,1784569735202
1784569756402,8,322.56,527.599,mc,4,1784569735202
1784569756402,9,589.767,704.775,mc,2,1784569735202
1784569756402,10,267.904,479.652,mc,4,1784569735202
1784569756402,11,618.553,404.13,mc,3,1784569735202
1784569756402,12,595.522,328.785,mc,5,1784569735202
1784569756402,13,458.438,462.801,mc,2,1784569735202
1784569756402,14,696.966,517.958,mc,3,1784569735202
1784569756402,15,389.303,463.686,mc,2,1784569735202
1784569756502,1,508.559,292.133,mc,5,1784569735202
1784569756502,2,264.707,220.136,mc,5,1784569735202
1784569756502,3,471.215,382.264,mc,3,1784569735202
1784569756502,4,294.687,314.809,mc,5,1784569735202
1784569756502,5,779.616,365.442,mc,3,1784569735202
1784569756502,6,136.079,371.769,mc,5,1784569735202
1784569756502,7,459.465,646.08,mc,4,1784569735202
1784569756502,8,323.037,527.616,mc,4,1784569735202
1784569756502,9,590.321,704.377,mc,2,1784569735202
1784569756502,10,267.704,479.27,mc,4,1784569735202
1784569756502,11,618.81,404.581,mc,3,1784569735202
1784569756502,12,595.715,329.032,mc,5,1784569735202
1784569756502,13,457.794,463.056,mc,2,1784569735202
1784569756502,14,696.82,518.233,mc,3,1784569735202
1784569756502,15,388.649,463.666,mc,2,1784569735202
1784569756602,1,507.922,291.902,mc,5,1784569735202
1784569756602,2,264.56,220.637,mc,5,1784569735202
1784569756602,3,471.259,381.762,mc,3,1784569735202
1784569756602,4,295.208,314.597,mc,5,1784569735202
1784569756602,5,779.628,365.801,mc,3,1784569735202
1784569756602,6,135.492,371.823,mc,5,1784569735202
1784569756602,7,459.32,645.719,mc,4,1784569735202
1784569756602,8,323.515,527.632,mc,4,1784569735202
1784569756602,9,590.874,703.978,mc,2,1784569735202
1784569756602,10,267.504,478.888,mc,4,1784569735202
1784569756602,11,619.068,405.032,mc,3,1784569735202
1784569756602,12,595.909,329.278,mc,5,1784569735202
1784569756602,13,457.15,463.311,mc,2,1784569735202
1784569756602,14,696.675,518.507,mc,3,1784569735202
1784569756602,15,387.996,463.645,mc,2,1784569735202
1784569756702,1,507.285,291.671,mc,5,1784569735202
1784569756702,2,264.414,221.138,mc,5,1784569735202
1784569756702,3,471.303,381.259,mc,3,1784569735202
1784569756702,4,295.729,314.385,mc,5,1784569735202
1784569756702,5,779.639,366.16,mc,3,1784569735202
1784569756702,6,134.906,371.878,mc,5,1784569735202
1784569756702,7,459.175,645.359,mc,4,1784569735202
1784569756702,8,323.993,527.649,mc,4,1784569735202
1784569756702,9,591.427,703.579,mc,2,1784569735202
1784569756702,10,267.304,478.506,mc,4,1784569735202
1784569756702,11,619.326,405.483,mc,3,1784569735202
1784569756702,12,596.103,329.524,mc,5,1784569735202
1784569756702,13,456.506,463.566,mc,2,1784569735202
1784569756702,14,696.53,518.782,mc,3,1784569735202
1784569756702,15,387.342,463.625,mc,2,1784569735202
1784569756802,1,506.648,291.439,mc,5,1784569735202
1784569756802,2,264.267,221.64,mc,5,1784569735202
1784569756802,3,471.347,380.756,mc,3,1784569735202
1784569756802,4,296.25,314.173,mc,5,1784569735202
1784569756802,5,779.65,366.518,mc,3,1784569735202
1784569756802,6,134.319,371.932,mc,5,1784569735202
1784569756802,7,459.03,644.998,mc,4,1784569735202
1784569756802,8,324.47,527.666,mc,4,1784569735202
1784569756802,9,591.981,703.18,mc,2,1784569735202
1784569756802,10,267.103,478.124,mc,4,1784569735202
1784569756802,11,619.583,405.935,mc,3,1784569735202
1784569756802,12,596.297,329.77,mc,5,1784569735202
1784569756802,13,455.862,463.821,mc,2,1784569735202
1784569756802,14,696.385,519.056,mc,3,1784569735202
1784569756802,15,386.688,463.605,mc,2,1784569735202
1784569756902,1,506.011,291.208,mc,5,1784569735202
1784569756902,2,264.12,222.141,mc,5,1784569735202
1784569756902,3,471.391,380.254,mc,3,1784569735202
1784569756902,4,296.771,313.961,mc,5,1784569735202
1784569756902,5,779.662,366.877,mc,3,1784569735202
1784569756902,6,133.733,371.987,mc,5,1784569735202
1784569756902,7,458.886,644.638,mc,4,1784569735202
1784569756902,8,324.948,527.682,mc,4,1784569735202
1784569756902,9,592.534,702.782,mc,2,1784569735202
1784569756902,10,266.903,477.742,mc,4,1784569735202
1784569756902,11,619.841,406.386,mc,3,1784569735202
1784569756902,12,596.491,330.017,mc,5,1784569735202
1784569756902,13,455.219,464.076,mc,2,1784569735202
1784569756902,14,696.24,519.331,mc,3,1784569735202
1784569756902,15,386.034,463.585,mc,2,1784569735202
1784569757002,1,505.374,290.976,mc,5,1784569735202
1784569757002,2,263.973,222.643,mc,5,1784569735202
1784569757002,3,471.436,379.751,mc,3,1784569735202
1784569757002,4,297.292,313.749,mc,5,1784569735202
1784569757002,5,779.673,367.236,mc,3,1784569735202
1784569757002,6,133.146,372.041,mc,5,1784569735202
1784569757002,7,458.741,644.277,mc,4,1784569735202
1784569757002,8,325.425,527.699,mc,4,1784569735202
1784569757002,9,593.087,702.383,mc,2,1784569735202
1784569757002,10,266.703,477.36,mc,4,1784569735202
1784569757002,11,620.099,406.837,mc,3,1784569735202
1784569757002,12,596.684,330.263,mc,5,1784569735202
1784569757002,13,454.575,464.331,mc,2,1784569735202
1784569757002,14,696.095,519.605,mc,3,1784569735202
1784569757002,15,385.38,463.564,mc,2,1784569735202
1784569757102,1,504.737,290.745,mc,5,1784569735202
1784569757102,2,263.827,223.144,mc,5,1784569735202
1784569757102,3,471.48,379.248,mc,3,1784569735202
1784569757102,4,297.813,313.537,mc,5,1784569735202
1784569757102,5,779.684,367.595,mc,3,1784569735202
1784569757102,6,132.56,372.096,mc,5,1784569735202
1784569757102,7,458.596,643.917,mc,4,1784569735202
1784569757102,8,325.903,527.716,mc,4,1784569735202
1784569757102,9,593.641,701.984,mc,2,1784569735202
1784569757102,10,266.503,476.978,mc,4,1784569735202
1784569757102,11,620.356,407.288,mc,3,1784569735202
1784569757102,12,596.878,330.509,mc,5,1784569735202
1784569757102,13,453.931,464.586,mc,2,1784569735202
1784569757102,14,695.95,519.879,mc,3,1784569735202
1784569757102,15,384.726,463.544,mc,2,1784569735202
1784569757202,1,504.1,290.514,mc,5,1784569735202
1784569757202,2,263.68,223.645,mc,5,1784569735202
1784569757202,3,471.524,378.746,mc,3,1784569735202
1784569757202,4,298.334,313.325,mc,5,1784569735202
1784569757202,5,779.696,367.953,mc,3,1784569735202
1784569757202,6,131.973,372.15,mc,5,1784569735202
1784569757202,7,458.451,643.556,mc,4,1784569735202
1784569757202,8,326.381,527.732,mc,4,1784569735202
1784569757202,9,594.194,701.585,mc,2,1784569735202
1784569757202,10,266.303,476.596,mc,4,1784569735202
1784569757202,11,620.614,407.739,mc,3,1784569735202
1784569757202,12,597.072,330.755,mc,5,1784569735202
1784569757202,13,453.287,464.84,mc,2,1784569735202
1784569757202,14,695.805,520.154,mc,3,1784569735202
1784569757202,15,384.073,463.524,mc,2,1784569735202
1784569757302,1,503.463,290.282,mc,5,1784569735202
1784569757302,2,263.533,224.147,mc,5,1784569735202
1784569757302,3,471.568,378.243,mc,3,1784569735202
1784569757302,4,298.855,313.113,mc,5,1784569735202
1784569757302,5,779.707,368.312,mc,3,1784569735202
1784569757302,6,131.387,372.205,mc,5,1784569735202
1784569757302,7,458.306,643.196,mc,4,1784569735202
1784569757302,8,326.858,527.749,mc,4,1784569735202
1784569757302,9,594.748,701.187,mc,2,1784569735202
1784569757302,10,266.103,476.214,mc,4,1784569735202
1784569757302,11,620.872,408.19,mc,3,1784569735202
1784569757302,12,597.266,331.002,mc,5,1784569735202
1784569757302,13,452.643,465.095,mc,2,1784569735202
1784569757302,14,695.66,520.428,mc,3,1784569735202
1784569757302,15,383.419,463.504,mc,2,1784569735202
1784569757402,1,502.826,290.051,mc,5,1784569735202
1784569757402,2,263.387,224.648,mc,5,1784569735202
1784569757402,3,471.612,377.74,mc,3,1784569735202
1784569757402,4,299.375,312.901,mc,5,1784569735202
1784569757402,5,779.718,368.671,mc,3,1784569735202
1784569757402,6,130.8,372.26,mc,5,1784569735202
1784569757402,7,458.161,642.835,mc,4,1784569735202
1784569757402,8,327.336,527.766,mc,4,1784569735202
1784569757402,9,595.301,700.788,mc,2,1784569735202
1784569757402,10,265.902,475.832,mc,4,1784569735202
1784569757402,11,621.129,408.641,mc,3,1784569735202
1784569757402,12,597.459,331.248,mc,5,1784569735202
1784569757402,13,451.999,465.35,mc,2,1784569735202
1784569757402,14,695.515,520.703,mc,3,1784569735202
1784569757402,15,382.765,463.484,mc,2,1784569735202
1784569757502,1,502.189,289.82,mc,5,1784569735202
1784569757502,2,263.24,225.15,mc,5,1784569735202
1784569757502,3,471.656,377.238,mc,3,1784569735202
1784569757502,4,299.896,312.689,mc,5,1784569735202
1784569757502,5,779.73,369.03,mc,3,1784569735202
1784569757502,6,130.214,372.314,mc,5,1784569735202
1784569757502,7,458.016,642.475,mc,4,1784569735202
1784569757502,8,327.813,527.782,mc,4,1784569735202
1784569757502,9,595.854,700.389,mc,2,1784569735202
1784569757502,10,265.702,475.45,mc,4,1784569735202
1784569757502,11,621.387,409.092,mc,3,1784569735202
1784569757502,12,597.653,331.494,mc,5,1784569735202
1784569757502,13,451.355,465.605,mc,2,1784569735202
1784569757502,14,695.369,520.977,mc,3,1784569735202
1784569757502,15,382.891,463.668,mc,2,1784569735202
1784569757602,1,501.552,289.588,mc,5,1784569735202
1784569757602,2,263.093,225.651,mc,5,1784569735202
1784569757602,3,471.7,376.735,mc,3,1784569735202
1784569757602,4,300.417,312.477,mc,5,1784569735202
1784569757602,5,779.741,369.388,mc,3,1784569735202
1784569757602,6,129.627,372.369,mc,5,1784569735202
1784569757602,7,457.872,642.114,mc,4,1784569735202
1784569757602,8,328.291,527.799,mc,4,1784569735202
1784569757602,9,596.408,699.99,mc,2,1784569735202
1784569757602,10,265.502,475.068,mc,4,1784569735202
1784569757602,11,621.645,409.543,mc,3,1784569735202
1784569757602,12,597.847,331.74,mc,5,1784569735202
1784569757602,13,450.711,465.86,mc,2,1784569735202
1784569757602,14,695.224,521.252,mc,3,1784569735202
1784569757602,15,383.436,463.962,mc,2,1784569735202
1784569757702,1,500.915,289.357,mc,5,1784569735202
1784569757702,2,262.947,226.153,mc,5,1784569735202
1784569757702,3,471.744,376.233,mc,3,1784569735202
1784569757702,4,300.938,312.264,mc,5,1784569735202
1784569757702,5,779.752,369.747,mc,3,1784569735202
1784569757702,6,129.041,372.423,mc,5,1784569735202
1784569757702,7,457.727,641.754,mc,4,1784569735202
1784569757702,8,328.769,527.816,mc,4,1784569735202
1784569757702,9,596.961,699.592,mc,2,1784569735202
1784569757702,10,265.302,474.686,mc,4,1784569735202
1784569757702,11,621.902,409.994,mc,3,1784569735202
1784569757702,12,598.041,331.986,mc,5,1784569735202
1784569757702,13,450.067,466.115,mc,2,1784569735202
1784569757702,14,695.079,521.526,mc,3,1784569735202
1784569757702,15,383.981,464.256,mc,2,1784569735202
1784569757802,1,500.278,289.126,mc,5,1784569735202
1784569757802,2,262.8,226.654,mc,5,1784569735202
1784569757802,3,471.788,375.73,mc,3,1784569735202
1784569757802,4,301.459,312.052,mc,5,1784569735202
1784569757802,5,779.764,370.106,mc,3,1784569735202
1784569757802,6,128.454,372.478,mc,5,1784569735202
1784569757802,7,457.582,641.393,mc,4,1784569735202
1784569757802,8,329.246,527.832,mc,4,1784569735202
1784569757802,9,597.514,699.193,mc,2,1784569735202
1784569757802,10,265.102,474.304,mc,4,1784569735202
1784569757802,11,622.16,410.446,mc,3,1784569735202
1784569757802,12,598.234,332.233,mc,5,1784569735202
1784569757802,13,449.423,466.37,mc,2,1784569735202
1784569757802,14,694.934,521.801,mc,3,1784569735202
1784569757802,15,384.526,464.55,mc,2,1784569735202
1784569757902,1,499.641,288.894,mc,5,1784569735202
1784569757902,2,262.653,227.155,mc,5,1784569735202
1784569757902,3,471.832,375.227,mc,3,1784569735202
1784569757902,4,301.98,311.84,mc,5,1784569735202
1784569757902,5,779.775,370.465,mc,3,1784569735202
1784569757902,6,127.868,372.532,mc,5,1784569735202
1784569757902,7,457.437,641.033,mc,4,1784569735202
1784569757902,8,329.724,527.849,mc,4,1784569735202
1784569757902,9,598.068,698.794,mc,2,1784569735202
1784569757902,10,264.902,473.922,mc,4,1784569735202
1784569757902,11,622.418,410.897,mc,3,1784569735202
1784569757902,12,598.428,332.479,mc,5,1784569735202
1784569757902,13,448.779,466.625,mc,2,1784569735202
1784569757902,14,694.789,522.075,mc,3,1784569735202
1784569757902,15,385.072,464.844,mc,2,1784569735202
1784569758002,1,499.004,288.663,mc,5,1784569735202
1784569758002,2,262.507,227.657,mc,5,1784569735202
1784569758002,3,471.876,374.725,mc,3,1784569735202
1784569758002,4,302.501,311.628,mc,5,1784569735202
1784569758002,5,779.786,370.823,mc,3,1784569735202
1784569758002,6,127.281,372.587,mc,5,1784569735202
1784569758002,7,457.292,640.672,mc,4,1784569735202
1784569758002,8,330.202,527.866,mc,4,1784569735202
1784569758002,9,598.621,698.395,mc,2,1784569735202
1784569758002,10,264.701,473.54,mc,4,1784569735202
1784569758002,11,622.675,411.348,mc,3,1784569735202
1784569758002,12,598.622,332.725,mc,5,1784569735202
1784569758002,13,448.135,466.88,mc,2,1784569735202
1784569758002,14,694.644,522.35,mc,3,1784569735202
1784569758002,15,385.617,465.138,mc,2,1784569735202
1784569758102,1,498.368,288.432,mc,5,1784569735202
1784569758102,2,262.36,228.158,mc,5,1784569735202
1784569758102,3,471.92,374.222,mc,3,1784569735202
1784569758102,4,303.022,311.416,mc,5,1784569735202
1784569758102,5,779.798,371.182,mc,3,1784569735202
1784569758102,6,126.695,372.641,mc,5,1784569735202
1784569758102,7,457.147,640.312,mc,4,1784569735202
1784569758102,8,330.679,527.882,mc,4,1784569735202
1784569758102,9,599.174,697.997,mc,2,1784569735202
1784569758102,10,264.501,473.158,mc,4,1784569735202
1784569758102,11,622.933,411.799,mc,3,1784569735202
1784569758102,12,598.816,332.971,mc,5,1784569735202
1784569758102,13,447.491,467.134,mc,2,1784569735202
1784569758102,14,694.499,522.624,mc,3,1784569735202
1784569758102,15,386.162,465.432,mc,2,1784569735202
1784569758202,1,497.731,288.2,mc,5,1784569735202
1784569758202,2,262.213,228.66,mc,5,1784569735202
1784569758202,3,471.964,373.719,mc,3,1784569735202
1784569758202,4,303.543,311.204,mc,5,1784569735202
1784569758202,5,779.809,371.541,mc,3,1784569735202
1784569758202,6,126.108,372.696,mc,5,1784569735202
1784569758202,7,457.002,639.951,mc,4,1784569735202
1784569758202,8,331.157,527.899,mc,4,1784569735202
1784569758202,9,599.728,697.598,mc,2,1784569735202
1784569758202,10,264.301,472.776,mc,4,1784569735202
1784569758202,11,623.191,412.25,mc,3,1784569735202
1784569758202,12,599.009,333.218,mc,5,1784569735202
1784569758202,13,446.847,467.389,mc,2,1784569735202
1784569758202,14,694.354,522.899,mc,3,1784569735202
1784569758202,15,386.708,465.726,mc,2,1784569735202
1784569758302,1,497.094,287.969,mc,5,1784569735202
1784569758302,2,261.994,229.064,mc,5,1784569735202
1784569758302,3,472.008,373.217,mc,3,1784569735202
1784569758302,4,304.064,310.992,mc,5,1784569735202
1784569758302,5,779.82,371.9,mc,3,1784569735202
1784569758302,6,125.522,372.75,mc,5,1784569735202
1784569758302,7,456.858,639.591,mc,4,1784569735202
1784569758302,8,331.634,527.916,mc,4,1784569735202
1784569758302,9,600.281,697.199,mc,2,1784569735202
1784569758302,10,264.101,472.394,mc,4,1784569735202
1784569758302,11,623.449,412.701,mc,3,1784569735202
1784569758302,12,599.203,333.464,mc,5,1784569735202
1784569758302,13,446.203,467.644,mc,2,1784569735202
1784569758302,14,694.209,523.173,mc,3,1784569735202
1784569758302,15,387.253,466.02,mc,2,1784569735202
1784569758402,1,496.457,287.738,mc,5,1784569735202
1784569758402,2,261.688,229.349,mc,5,1784569735202
1784569758402,3,472.052,372.714,mc,3,1784569735202
1784569758402,4,304.585,310.78,mc,5,1784569735202
1784569758402,5,779.832,372.258,mc,3,1784569735202
1784569758402,6,124.935,372.805,mc,5,1784569735202
1784569758402,7,456.713,639.23,mc,4,1784569735202
1784569758402,8,332.112,527.932,mc,4,1784569735202
1784569758402,9,600.729,697.058,mc,2,1784569735202
1784569758402,10,263.901,472.012,mc,4,1784569735202
1784569758402,11,623.706,413.152,mc,3,1784569735202
1784569758402,12,599.397,333.71,mc,5,1784569735202
1784569758402,13,445.56,467.899,mc,2,1784569735202
1784569758402,14,694.064,523.448,mc,3,1784569735202
1784569758402,15,387.798,466.314,mc,2,1784569735202
1784569758502,1,495.82,287.506,mc,5,1784569735202
1784569758502,2,261.381,229.635,mc,5,1784569735202
1784569758502,3,472.096,372.211,mc,3,1784569735202
1784569758502,4,305.106,310.568,mc,5,1784569735202
1784569758502,5,779.843,372.617,mc,3,1784569735202
1784569758502,6,124.349,372.86,mc,5,1784569735202
1784569758502,7,456.568,638.87,mc,4,1784569735202
1784569758502,8,332.59,527.949,mc,4,1784569735202
1784569758502,9,600.842,697.728,mc,2,1784569735202
1784569758502,10,263.701,471.63,mc,4,1784569735202
1784569758502,11,623.942,413.218,mc,3,1784569735202
1784569758502,12,599.591,333.956,mc,5,1784569735202
1784569758502,13,444.916,468.154,mc,2,1784569735202
1784569758502,14,693.918,523.722,mc,3,1784569735202
1784569758502,15,388.343,466.608,mc,2,1784569735202
1784569758602,1,495.183,287.275,mc,5,1784569735202
1784569758602,2,261.074,229.92,mc,5,1784569735202
1784569758602,3,472.14,371.709,mc,3,1784569735202
1784569758602,4,305.627,310.356,mc,5,1784569735202
1784569758602,5,779.854,372.976,mc,3,1784569735202
1784569758602,6,123.762,372.914,mc,5,1784569735202
1784569758602,7,456.423,638.51,mc,4,1784569735202
1784569758602,8,333.067,527.966,mc,4,1784569735202
1784569758602,9,600.956,698.398,mc,2,1784569735202
1784569758602,10,263.501,471.248,mc,4,1784569735202
1784569758602,11,624.145,412.685,mc,3,1784569735202
1784569758602,12,599.785,334.203,mc,5,1784569735202
1784569758602,13,444.272,468.409,mc,2,1784569735202
1784569758602,14,693.773,523.996,mc,3,1784569735202
1784569758602,15,388.889,466.902,mc,2,1784569735202
1784569758702,1,494.546,287.044,mc,5,1784569735202
1784569758702,2,260.768,230.206,mc,5,1784569735202
1784569758702,3,472.184,371.206,mc,3,1784569735202
1784569758702,4,306.148,310.144,mc,5,1784569735202
1784569758702,5,779.866,373.335,mc,3,1784569735202
1784569758702,6,123.176,372.969,mc,5,1784569735202
1784569758702,7,456.278,638.149,mc,4,1784569735202
1784569758702,8,333.545,527.982,mc,4,1784569735202
1784569758702,9,601.07,699.067,mc,2,1784569735202
1784569758702,10,263.3,470.866,mc,4,1784569735202
1784569758702,11,624.347,412.151,mc,3,1784569735202
1784569758702,12,599.978,334.449,mc,5,1784569735202
1784569758702,13,443.628,468.664,mc,2,1784569735202
1784569758702,14,693.628,524.271,mc,3,1784569735202
1784569758702,15,389.434,467.196,mc,2,1784569735202
1784569758802,1,493.909,286.812,mc,5,1784569735202
1784569758802,2,260.461,230.491,mc,5,1784569735202
1784569758802,3,472.228,370.703,mc,3,1784569735202
1784569758802,4,306.668,309.932,mc,5,1784569735202
1784569758802,5,779.877,373.693,mc,3,1784569735202
1784569758802,6,122.589,373.023,mc,5,1784569735202
1784569758802,7,456.133,637.789,mc,4,1784569735202
1784569758802,8,334.022,527.999,mc,4,1784569735202
1784569758802,9,601.184,699.737,mc,2,1784569735202
1784569758802,10,263.1,470.484,mc,4,1784569735202
1784569758802,11,624.55,411.618,mc,3,1784569735202
1784569758802,12,600.172,334.695,mc,5,1784569735202
1784569758802,13,442.984,468.919,mc,2,1784569735202
1784569758802,14,693.483,524.545,mc,3,1784569735202
1784569758802,15,389.979,467.49,mc,2,1784569735202
1784569758902,1,493.272,286.581,mc,5,1784569735202
1784569758902,2,260.154,230.777,mc,5,1784569735202
1784569758902,3,472.272,370.201,mc,3,1784569735202
1784569758902,4,307.189,309.72,mc,5,1784569735202
1784569758902,5,779.888,374.052,mc,3,1784569735202
1784569758902,6,122.003,373.078,mc,5,1784569735202
1784569758902,7,455.988,637.428,mc,4,1784569735202
1784569758902,8,334.5,528.016,mc,4,1784569735202
1784569758902,9,601.298,700.407,mc,2,1784569735202
1784569758902,10,262.762,470.339,mc,4,1784569735202
1784569758902,11,624.752,411.084,mc,3,1784569735202
1784569758902,12,600.366,334.941,mc,5,1784569735202
1784569758902,13,442.34,469.174,mc,2,1784569735202
1784569758902,14,693.338,524.82,mc,3,1784569735202
1784569758902,15,390.525,467.784,mc,2,1784569735202
1784569759002,1,492.635,286.35,mc,5,1784569735202
1784569759002,2,259.848,231.062,mc,5,1784569735202
1784569759002,3,472.316,369.698,mc,3,1784569735202
1784569759002,4,307.71,309.508,mc,5,1784569735202
1784569759002,5,779.9,374.411,mc,3,1784569735202
1784569759002,6,121.424,373.15,mc,5,1784569735202
1784569759002,7,455.843,637.068,mc,4,1784569735202
1784569759002,8,334.978,528.032,mc,4,1784569735202
1784569759002,9,601.411,701.077,mc,2,1784569735202
1784569759002,10,262.244,470.501,mc,4,1784569735202
1784569759002,11,624.954,410.551,mc,3,1784569735202
1784569759002,12,600.56,335.188,mc,5,1784569735202
1784569759002,13,441.696,469.428,mc,2,1784569735202
1784569759002,14,693.193,525.094,mc,3,1784569735202
1784569759002,15,391.07,468.078,mc,2,1784569735202
1784569759102,1,491.998,286.118,mc,5,1784569735202
1784569759102,2,259.541,231.348,mc,5,1784569735202
1784569759102,3,472.36,369.196,mc,3,1784569735202
1784569759102,4,308.231,309.296,mc,5,1784569735202
1784569759102,5,779.911,374.77,mc,3,1784569735202
1784569759102,6,120.931,373.419,mc,5,1784569735202
1784569759102,7,455.699,636.707,mc,4,1784569735202
1784569759102,8,335.455,528.049,mc,4,1784569735202
1784569759102,9,601.525,701.747,mc,2,1784569735202
1784569759102,10,261.725,470.664,mc,4,1784569735202
1784569759102,11,625.157,410.018,mc,3,1784569735202
1784569759102,12,600.753,335.434,mc,5,1784569735202
1784569759102,13,441.052,469.683,mc,2,1784569735202
1784569759102,14,693.048,525.369,mc,3,1784569735202
1784569759102,15,391.615,468.372,mc,2,1784569735202
1784569759202,1,491.545,286.103,mc,5,1784569735202
1784569759202,2,259.235,231.633,mc,5,1784569735202
1784569759202,3,472.404,368.693,mc,3,1784569735202
1784569759202,4,308.752,309.084,mc,5,1784569735202
1784569759202,5,779.922,375.128,mc,3,1784569735202
1784569759202,6,120.438,373.687,mc,5,1784569735202
1784569759202,7,455.554,636.347,mc,4,1784569735202
1784569759202,8,335.933,528.066,mc,4,1784569735202
1784569759202,9,601.639,702.417,mc,2,1784569735202
1784569759202,10,261.207,470.827,mc,4,1784569735202
1784569759202,11,625.359,409.484,mc,3,1784569735202
1784569759202,12,600.947,335.68,mc,5,1784569735202
1784569759202,13,440.408,469.938,mc,2,1784569735202
1784569759202,14,692.903,525.643,mc,3,1784569735202
1784569759202,15,392.161,468.667,mc,2,1784569735202
1784569759302,1,491.312,286.346,mc,5,1784569735202
1784569759302,2,258.928,231.919,mc,5,1784569735202
1784569759302,3,472.448,368.19,mc,3,1784569735202
1784569759302,4,309.273,308.872,mc,5,1784569735202
1784569759302,5,779.934,375.487,mc,3,1784569735202
1784569759302,6,119.946,373.955,mc,5,1784569735202
1784569759302,7,455.409,635.986,mc,4,1784569735202
1784569759302,8,336.411,528.082,mc,4,1784569735202
1784569759302,9,601.753,703.086,mc,2,1784569735202
1784569759302,10,260.689,470.989,mc,4,1784569735202
1784569759302,11,625.562,408.951,mc,3,1784569735202
1784569759302,12,601.141,335.926,mc,5,1784569735202
1784569759302,13,439.764,470.193,mc,2,1784569735202
1784569759302,14,692.758,525.918,mc,3,1784569735202
1784569759302,15,392.706,468.961,mc,2,1784569735202
1784569759402,1,491.079,286.589,mc,5,1784569735202
1784569759402,2,258.621,232.204,mc,5,1784569735202
1784569759402,3,472.492,367.688,mc,3,1784569735202
1784569759402,4,309.794,308.66,mc,5,1784569735202
1784569759402,5,779.945,375.846,mc,3,1784569735202
1784569759402,6,119.453,374.223,mc,5,1784569735202
1784569759402,7,455.264,635.626,mc,4,1784569735202
1784569759402,8,336.888,528.099,mc,4,1784569735202
1784569759402,9,601.867,703.756,mc,2,1784569735202
1784569759402,10,260.171,471.152,mc,4,1784569735202
1784569759402,11,625.764,408.418,mc,3,1784569735202
1784569759402,12,601.335,336.173,mc,5,1784569735202
1784569759402,13,439.12,470.448,mc,2,1784569735202
1784569759402,14,692.612,526.192,mc,3,1784569735202
1784569759402,15,393.251,469.255,mc,2,1784569735202
1784569759502,1,490.845,286.831,mc,5,1784569735202
1784569759502,2,258.315,232.49,mc,5,1784569735202
1784569759502,3,472.536,367.185,mc,3,1784569735202
1784569759502,4,310.315,308.448,mc,5,1784569735202
1784569759502,5,779.956,376.205,mc,3,1784569735202
1784569759502,6,118.96,374.491,mc,5,1784569735202
1784569759502,7,455.119,635.265,mc,4,1784569735202
1784569759502,8,337.366,528.116,mc,4,1784569735202
1784569759502,9,601.98,704.426,mc,2,1784569735202
1784569759502,10,259.653,471.314,mc,4,1784569735202
1784569759502,11,625.967,407.884,mc,3,1784569735202
1784569759502,12,601.528,336.419,mc,5,1784569735202
1784569759502,13,439.336,470.713,mc,2,1784569735202
1784569759502,14,692.467,526.467,mc,3,1784569735202
1784569759502,15,393.796,469.549,mc,2,1784569735202
1784569759602,1,490.612,287.074,mc,5,1784569735202
1784569759602,2,258.008,232.775,mc,5,1784569735202
1784569759602,3,472.58,366.682,mc,3,1784569735202
1784569759602,4,310.836,308.236,mc,5,1784569735202
1784569759602,5,779.968,376.563,mc,3,1784569735202
1784569759602,6,118.467,374.759,mc,5,1784569735202
1784569759602,7,454.974,634.905,mc,4,1784569735202
1784569759602,8,337.843,528.132,mc,4,1784569735202
1784569759602,9,602.094,705.096,mc,2,1784569735202
1784569759602,10,259.135,471.477,mc,4,1784569735202
1784569759602,11,626.169,407.351,mc,3,1784569735202
1784569759602,12,601.722,336.665,mc,5,1784569735202
1784569759602,13,439.552,470.977,mc,2,1784569735202
1784569759602,14,692.322,526.741,mc,3,1784569735202
1784569759602,15,394.342,469.843,mc,2,1784569735202
1784569759702,1,490.379,287.317,mc,5,1784569735202
1784569759702,2,257.701,233.061,mc,5,1784569735202
1784569759702,3,472.624,366.18,mc,3,1784569735202
1784569759702,4,311.357,308.024,mc,5,1784569735202
1784569759702,5,779.979,376.922,mc,3,1784569735202
1784569759702,6,117.975,375.028,mc,5,1784569735202
1784569759702,7,454.829,634.544,mc,4,1784569735202
1784569759702,8,338.321,528.149,mc,4,1784569735202
1784569759702,9,602.208,705.766,mc,2,1784569735202
1784569759702,10,258.616,471.64,mc,4,1784569735202
1784569759702,11,626.372,406.818,mc,3,1784569735202
1784569759702,12,601.916,336.911,mc,5,1784569735202
1784569759702,13,439.768,471.242,mc,2,1784569735202
1784569759702,14,692.177,527.016,mc,3,1784569735202
1784569759702,15,394.887,470.137,mc,2,1784569735202
1784569759802,1,490.145,287.56,mc,5,1784569735202
1784569759802,2,257.395,233.346,mc,5,1784569735202
1784569759802,3,472.668,365.677,mc,3,1784569735202
1784569759802,4,311.878,307.812,mc,5,1784569735202
1784569759802,5,779.99,377.281,mc,3,1784569735202
1784569759802,6,117.482,375.296,mc,5,1784569735202
1784569759802,7,454.561,634.351,mc,4,1784569735202
1784569759802,8,338.799,528.166,mc,4,1784569735202
1784569759802,9,602.322,706.435,mc,2,1784569735202
1784569759802,10,258.098,471.802,mc,4,1784569735202
1784569759802,11,626.574,406.284,mc,3,1784569735202
1784569759802,12,602.11,337.158,mc,5,1784569735202
1784569759802,13,439.984,471.506,mc,2,1784569735202
1784569759802,14,692.032,527.29,mc,3,1784569735202
1784569759802,15,395.432,470.431,mc,2,1784569735202
1784569759902,1,489.912,287.802,mc,5,1784569735202
1784569759902,2,257.088,233.632,mc,5,1784569735202
1784569759902,3,472.712,365.174,mc,3,1784569735202
1784569759902,4,312.399,307.6,mc,5,1784569735202
1784569759902,5,780.002,377.64,mc,3,1784569735202
1784569759902,6,116.989,375.564,mc,5,1784569735202
1784569759902,7,454.164,634.332,mc,4,1784569735202
1784569759902,8,339.276,528.182,mc,4,1784569735202
1784569759902,9,602.436,707.105,mc,2,1784569735202
1784569759902,10,257.58,471.965,mc,4,1784569735202
1784569759902,11,626.776,405.751,mc,3,1784569735202
1784569759902,12,602.304,337.404,mc,5,1784569735202
1784569759902,13,440.2,471.771,mc,2,1784569735202
1784569759902,14,691.887,527.565,mc,3,1784569735202
1784569759902,15,395.978,470.725,mc,2,1784569735202
1784569760002,1,489.679,288.045,mc,5,1784569735202
1784569760002,2,256.781,233.917,mc,5,1784569735202
1784569760002,3,472.756,364.672,mc,3,1784569735202
1784569760002,4,312.92,307.388,mc,5,1784569735202
1784569760002,5,780.013,377.998,mc,3,1784569735202
1784569760002,6,116.496,375.832,mc,5,1784569735202
1784569760002,7,453.766,634.313,mc,4,1784569735202
1784569760002,8,339.754,528.199,mc,4,1784569735202
1784569760002,9,602.549,707.775,mc,2,1784569735202
1784569760002,10,257.062,472.128,mc,4,1784569735202
1784569760002,11,626.979,405.218,mc,3,1784569735202
1784569760002,12,602.497,337.65,mc,5,1784569735202
1784569760002,13,440.416,472.035,mc,2,1784569735202
1784569760002,14,691.742,527.839,mc,3,1784569735202
1784569760002,15,396.523,471.019,mc,2,1784569735202
1784569760102,1,489.445,288.288,mc,5,1784569735202
1784569760102,2,256.475,234.203,mc,5,1784569735202
1784569760102,3,472.8,364.169,mc,3,1784569735202
1784569760102,4,313.29,307.191,mc,5,1784569735202
1784569760102,5,780.024,378.357,mc,3,1784569735202
1784569760102,6,116.004,376.1,mc,5,1784569735202
1784569760102,7,453.368,634.295,mc,4,1784569735202
1784569760102,8,340.232,528.216,mc,4,1784569735202
1784569760102,9,602.663,708.445,mc,2,1784569735202
1784569760102,10,256.544,472.29,mc,4,1784569735202
1784569760102,11,627.181,404.684,mc,3,1784569735202
1784569760102,12,602.691,337.896,mc,5,1784569735202
1784569760102,13,440.632,472.3,mc,2,1784569735202
1784569760102,14,691.597,528.114,mc,3,1784569735202
1784569760102,15,397.068,471.313,mc,2,1784569735202
1784569760202,1,489.212,288.531,mc,5,1784569735202
1784569760202,2,256.168,234.488,mc,5,1784569735202
1784569760202,3,472.844,363.666,mc,3,1784569735202
1784569760202,4,313.644,306.996,mc,5,1784569735202
1784569760202,5,780.036,378.716,mc,3,1784569735202
1784569760202,6,115.511,376.369,mc,5,1784569735202
1784569760202,7,452.971,634.276,mc,4,1784569735202
1784569760202,8,340.709,528.232,mc,4,1784569735202
1784569760202,9,602.777,709.115,mc,2,1784569735202
1784569760202,10,256.026,472.453,mc,4,1784569735202
1784569760202,11,627.384,404.151,mc,3,1784569735202
1784569760202,12,602.885,338.143,mc,5,1784569735202
1784569760202,13,440.848,472.564,mc,2,1784569735202
1784569760202,14,691.452,528.388,mc,3,1784569735202
1784569760202,15,397.614,471.607,mc,2,1784569735202
1784569760302,1,488.979,288.773,mc,5,1784569735202
1784569760302,2,255.861,234.774,mc,5,1784569735202
1784569760302,3,472.888,363.164,mc,3,1784569735202
1784569760302,4,313.999,306.801,mc,5,1784569735202
1784569760302,5,780.047,379.075,mc,3,1784569735202
1784569760302,6,115.018,376.637,mc,5,1784569735202
1784569760302,7,452.573,634.257,mc,4,1784569735202
1784569760302,8,341.187,528.249,mc,4,1784569735202
1784569760302,9,602.891,709.785,mc,2,1784569735202
1784569760302,10,255.507,472.615,mc,4,1784569735202
1784569760302,11,627.586,403.617,mc,3,1784569735202
1784569760302,12,603.079,338.389,mc,5,1784569735202
1784569760302,13,441.064,472.829,mc,2,1784569735202
1784569760302,14,691.307,528.662,mc,3,1784569735202
1784569760302,15,398.159,471.901,mc,2,1784569735202
1784569760402,1,488.746,289.016,mc,5,1784569735202
1784569760402,2,255.555,235.059,mc,5,1784569735202
1784569760402,3,472.932,362.661,mc,3,1784569735202
1784569760402,4,314.353,306.606,mc,5,1784569735202
1784569760402,5,780.058,379.433,mc,3,1784569735202
1784569760402,6,114.525,376.905,mc,5,1784569735202
1784569760402,7,452.176,634.239,mc,4,1784569735202
1784569760402,8,341.664,528.266,mc,4,1784569735202
1784569760402,9,603.004,710.454,mc,2,1784569735202
1784569760402,10,254.989,472.778,mc,4,1784569735202
1784569760402,11,627.789,403.084,mc,3,1784569735202
1784569760402,12,603.272,338.635,mc,5,1784569735202
1784569760402,13,441.28,473.093,mc,2,1784569735202
1784569760402,14,691.161,528.937,mc,3,1784569735202
1784569760402,15,398.704,472.195,mc,2,1784569735202
1784569760502,1,488.512,289.259,mc,5,1784569735202
1784569760502,2,255.248,235.345,mc,5,1784569735202
1784569760502,3,472.976,362.159,mc,3,1784569735202
1784569760502,4,314.707,306.411,mc,5,1784569735202
1784569760502,5,780.07,379.792,mc,3,1784569735202
1784569760502,6,114.033,377.173,mc,5,1784569735202
1784569760502,7,451.778,634.22,mc,4,1784569735202
1784569760502,8,342.142,528.282,mc,4,1784569735202
1784569760502,9,603.118,711.124,mc,2,1784569735202
1784569760502,10,254.471,472.941,mc,4,1784569735202
1784569760502,11,627.991,402.551,mc,3,1784569735202
1784569760502,12,603.466,338.881,mc,5,1784569735202
1784569760502,13,441.496,473.358,mc,2,1784569735202
1784569760502,14,691.016,529.211,mc,3,1784569735202
1784569760502,15,399.249,472.489,mc,2,1784569735202
1784569760602,1,488.279,289.501,mc,5,1784569735202
1784569760602,2,254.941,235.63,mc,5,1784569735202
1784569760602,3,473.02,361.656,mc,3,1784569735202
1784569760602,4,315.062,306.215,mc,5,1784569735202
1784569760602,5,780.081,380.151,mc,3,1784569735202
1784569760602,6,113.54,377.441,mc,5,1784569735202
1784569760602,7,451.381,634.201,mc,4,1784569735202
1784569760602,8,342.62,528.299,mc,4,1784569735202
1784569760602,9,603.232,711.794,mc,2,1784569735202
1784569760602,10,253.953,473.103,mc,4,1784569735202
1784569760602,11,628.194,402.017,mc,3,1784569735202
1784569760602,12,603.66,339.127,mc,5,1784569735202
1784569760602,13,441.713,473.623,mc,2,1784569735202
1784569760602,14,690.871,529.486,mc,3,1784569735202
1784569760602,15,399.795,472.783,mc,2,1784569735202
1784569760702,1,488.046,289.744,mc,5,1784569735202
1784569760702,2,254.635,235.916,mc,5,1784569735202
1784569760702,3,473.064,361.153,mc,3,1784569735202
1784569760702,4,315.416,306.02,mc,5,1784569735202
1784569760702,5,780.092,380.51,mc,3,1784569735202
1784569760702,6,113.047,377.71,mc,5,1784569735202
1784569760702,7,450.983,634.182,mc,4,1784569735202
1784569760702,8,343.097,528.316,mc,4,1784569735202
1784569760702,9,603.346,712.464,mc,2,1784569735202
1784569760702,10,253.435,473.266,mc,4,1784569735202
1784569760702,11,628.396,401.484,mc,3,1784569735202
1784569760702,12,603.854,339.374,mc,5,1784569735202
1784569760702,13,441.929,473.887,mc,2,1784569735202
1784569760702,14,690.726,529.76,mc,3,1784569735202
1784569760702,15,400.34,473.077,mc,2,1784569735202
1784569760802,1,487.812,289.987,mc,5,1784569735202
1784569760802,2,254.328,236.201,mc,5,1784569735202
1784569760802,3,473.108,360.651,mc,3,1784569735202
1784569760802,4,315.771,305.825,mc,5,1784569735202
1784569760802,5,780.104,380.868,mc,3,1784569735202
1784569760802,6,112.554,377.978,mc,5,1784569735202
1784569760802,7,450.586,634.164,mc,4,1784569735202
1784569760802,8,343.575,528.332,mc,4,1784569735202
1784569760802,9,603.46,713.134,mc,2,1784569735202
1784569760802,10,252.917,473.429,mc,4,1784569735202
1784569760802,11,628.598,400.951,mc,3,1784569735202
1784569760802,12,604.047,339.62,mc,5,1784569735202
1784569760802,13,442.145,474.152,mc,2,1784569735202
1784569760802,14,690.581,530.035,mc,3,1784569735202
1784569760802,15,400.885,473.371,mc,2,1784569735202
1784569760902,1,487.579,290.23,mc,5,1784569735202
1784569760902,2,254.021,236.486,mc,5,1784569735202
1784569760902,3,473.152,360.148,mc,3,1784569735202
1784569760902,4,316.125,305.63,mc,5,1784569735202
1784569760902,5,780.115,381.227,mc,3,1784569735202
1784569760902,6,112.062,378.246,mc,5,1784569735202
1784569760902,7,450.188,634.145,mc,4,1784569735202
1784569760902,8,344.052,528.349,mc,4,1784569735202
1784569760902,9,603.573,713.803,mc,2,1784569735202
1784569760902,10,252.399,473.591,mc,4,1784569735202
1784569760902,11,628.801,400.417,mc,3,1784569735202
1784569760902,12,604.241,339.866,mc,5,1784569735202
1784569760902,13,442.361,474.416,mc,2,1784569735202
1784569760902,14,690.436,530.309,mc,3,1784569735202
1784569760902,15,401.431,473.665,mc,2,1784569735202
1784569761002,1,487.346,290.472,mc,5,1784569735202
1784569761002,2,253.715,236.772,mc,5,1784569735202
1784569761002,3,473.196,359.645,mc,3,1784569735202
1784569761002,4,316.479,305.435,mc,5,1784569735202
1784569761002,5,780.126,381.586,mc,3,1784569735202
1784569761002,6,111.569,378.514,mc,5,1784569735202
1784569761002,7,449.791,634.126,mc,4,1784569735202
1784569761002,8,344.53,528.366,mc,4,1784569735202
1784569761002,9,603.687,714.473,mc,2,1784569735202
1784569761002,10,251.88,473.754,mc,4,1784569735202
1784569761002,11,629.003,399.884,mc,3,1784569735202
1784569761002,12,604.435,340.112,mc,5,1784569735202
1784569761002,13,442.577,474.681,mc,2,1784569735202
1784569761002,14,690.291,530.584,mc,3,1784569735202
1784569761002,15,401.976,473.959,mc,2,1784569735202
1784569761102,1,487.112,290.715,mc,5,1784569735202
1784569761102,2,253.408,237.057,mc,5,1784569735202
1784569761102,3,473.24,359.143,mc,3,1784569735202
1784569761102,4,316.834,305.24,mc,5,1784569735202
1784569761102,5,780.138,381.944,mc,3,1784569735202
1784569761102,6,111.076,378.782,mc,5,1784569735202
1784569761102,7,449.393,634.107,mc,4,1784569735202
1784569761102,8,345.008,528.382,mc,4,1784569735202
1784569761102,9,603.801,715.143,mc,2,1784569735202
1784569761102,10,251.362,473.916,mc,4,1784569735202
1784569761102,11,629.206,399.351,mc,3,1784569735202
1784569761102,12,604.629,340.359,mc,5,1784569735202
1784569761102,13,442.793,474.945,mc,2,1784569735202
1784569761102,14,690.146,530.858,mc,3,1784569735202
1784569761102,15,402.521,474.253,mc,2,1784569735202
1784569761202,1,486.879,290.958,mc,5,1784569735202
1784569761202,2,253.101,237.343,mc,5,1784569735202
1784569761202,3,473.284,358.64,mc,3,1784569735202
1784569761202,4,317.188,305.045,mc,5,1784569735202
1784569761202,5,780.149,382.303,mc,3,1784569735202
1784569761202,6,110.583,379.051,mc,5,1784569735202
1784569761202,7,448.995,634.089,mc,4,1784569735202
1784569761202,8,345.485,528.399,mc,4,1784569735202
1784569761202,9,603.915,715.813,mc,2,1784569735202
1784569761202,10,250.844,474.079,mc,4,1784569735202
1784569761202,11,629.408,398.817,mc,3,1784569735202
1784569761202,12,604.822,340.605,mc,5,1784569735202
1784569761202,13,443.009,475.21,mc,2,1784569735202
1784569761202,14,690.001,531.133,mc,3,1784569735202
1784569761202,15,403.067,474.548,mc,2,1784569735202
1784569761302,1,486.646,291.201,mc,5,1784569735202
1784569761302,2,252.795,237.628,mc,5,1784569735202
1784569761302,3,473.328,358.137,mc,3,1784569735202
1784569761302,4,317.543,304.85,mc,5,1784569735202
1784569761302,5,780.16,382.662,mc,3,1784569735202
1784569761302,6,110.091,379.319,mc,5,1784569735202
1784569761302,7,448.598,634.07,mc,4,1784569735202
1784569761302,8,345.963,528.416,mc,4,1784569735202
1784569761302,9,604.029,716.483,mc,2,1784569735202
1784569761302,10,250.326,474.242,mc,4,1784569735202
1784569761302,11,629.611,398.284,mc,3,1784569735202
1784569761302,12,605.016,340.851,mc,5,1784569735202
1784569761302,13,443.225,475.474,mc,2,1784569735202
1784569761302,14,689.856,531.407,mc,3,1784569735202
1784569761302,15,403.612,474.842,mc,2,1784569735202
1784569761402,1,486.412,291.443,mc,5,1784569735202
1784569761402,2,252.488,237.914,mc,5,1784569735202
1784569761402,3,473.184,358.231,mc,3,1784569735202
1784569761402,4,317.897,304.655,mc,5,1784569735202
1784569761402,5,780.171,383.021,mc,3,1784569735202
1784569761402,6,109.598,379.587,mc,5,1784569735202
1784569761402,7,448.2,634.051,mc,4,1784569735202
1784569761402,8,346.441,528.432,mc,4,1784569735202
1784569761402,9,604.142,717.153,mc,2,1784569735202
1784569761402,10,249.808,474.404,mc,4,1784569735202
1784569761402,11,629.813,397.751,mc,3,1784569735202
1784569761402,12,605.21,341.097,mc,5,1784569735202
1784569761402,13,443.441,475.739,mc,2,1784569735202
1784569761402,14,689.71,531.682,mc,3,1784569735202
1784569761402,15,404.157,475.136,mc,2,1784569735202
1784569761502,1,486.179,291.686,mc,5,1784569735202
1784569761502,2,252.181,238.199,mc,5,1784569735202
1784569761502,3,472.971,358.542,mc,3,1784569735202
1784569761502,4,318.251,304.46,mc,5,1784569735202
1784569761502,5,780.221,383.465,mc,3,1784569735202
1784569761502,6,109.105,379.855,mc,5,1784569735202
1784569761502,7,447.803,634.032,mc,4,1784569735202
1784569761502,8,346.918,528.449,mc,4,1784569735202
1784569761502,9,604.256,717.822,mc,2,1784569735202
1784569761502,10,249.29,474.567,mc,4,1784569735202
1784569761502,11,630.016,397.217,mc,3,1784569735202
1784569761502,12,605.404,341.344,mc,5,1784569735202
1784569761502,13,443.657,476.003,mc,2,1784569735202
1784569761502,14,689.565,531.956,mc,3,1784569735202
1784569761502,15,404.702,475.43,mc,2,1784569735202
1784569761602,1,485.946,291.929,mc,5,1784569735202
1784569761602,2,251.875,238.485,mc,5,1784569735202
1784569761602,3,472.758,358.853,mc,3,1784569735202
1784569761602,4,318.606,304.265,mc,5,1784569735202
1784569761602,5,780.286,383.945,mc,3,1784569735202
1784569761602,6,108.612,380.123,mc,5,1784569735202
1784569761602,7,447.405,634.014,mc,4,1784569735202
1784569761602,8,347.396,528.466,mc,4,1784569735202
1784569761602,9,604.37,718.492,mc,2,1784569735202
1784569761602,10,248.771,474.73,mc,4,1784569735202
1784569761602,11,630.218,396.684,mc,3,1784569735202
1784569761602,12,605.598,341.59,mc,5,1784569735202
1784569761602,13,443.873,476.268,mc,2,1784569735202
1784569761602,14,689.42,532.231,mc,3,1784569735202
1784569761602,15,405.248,475.724,mc,2,1784569735202
1784569761702,1,485.712,292.172,mc,5,1784569735202
1784569761702,2,251.568,238.77,mc,5,1784569735202
1784569761702,3,472.545,359.164,mc,3,1784569735202
1784569761702,4,318.96,304.07,mc,5,1784569735202
1784569761702,5,780.351,384.425,mc,3,1784569735202
1784569761702,6,108.12,380.392,mc,5,1784569735202
1784569761702,7,447.008,633.995,mc,4,1784569735202
1784569761702,8,347.873,528.482,mc,4,1784569735202
1784569761702,9,604.484,719.162,mc,2,1784569735202
1784569761702,10,248.253,474.892,mc,4,1784569735202
1784569761702,11,630.42,396.15,mc,3,1784569735202
1784569761702,12,605.791,341.836,mc,5,1784569735202
1784569761702,13,444.089,476.532,mc,2,1784569735202
1784569761702,14,689.275,532.505,mc,3,1784569735202
1784569761702,15,405.793,476.018,mc,2,1784569735202
1784569761802,1,485.479,292.414,mc,5,1784569735202
1784569761802,2,251.261,239.056,mc,5,1784569735202
1784569761802,3,472.333,359.475,mc,3,1784569735202
1784569761802,4,319.314,303.875,mc,5,1784569735202
1784569761802,5,780.416,384.904,mc,3,1784569735202
1784569761802,6,107.627,380.66,mc,5,1784569735202
1784569761802,7,446.61,633.976,mc,4,1784569735202
1784569761802,8,348.351,528.499,mc,4,1784569735202
1784569761802,9,604.598,719.832,mc,2,1784569735202
1784569761802,10,247.735,475.055,mc,4,1784569735202
1784569761802,11,630.623,395.617,mc,3,1784569735202
1784569761802,12,605.985,342.082,mc,5,1784569735202
1784569761802,13,444.305,476.797,mc,2,1784569735202
1784569761802,14,689.13,532.779,mc,3,1784569735202
1784569761802,15,406.338,476.312,mc,2,1784569735202
1784569761902,1,485.246,292.657,mc,5,1784569735202
1784569761902,2,250.955,239.341,mc,5,1784569735202
1784569761902,3,472.12,359.786,mc,3,1784569735202
1784569761902,4,319.669,303.68,mc,5,1784569735202
1784569761902,5,780.482,385.384,mc,3,1784569735202
1784569761902,6,107.134,380.928,mc,5,1784569735202
1784569761902,7,446.213,633.957,mc,4,1784569735202
1784569761902,8,348.829,528.515,mc,4,1784569735202
1784569761902,9,604.711,720.502,mc,2,1784569735202
1784569761902,10,247.217,475.217,mc,4,1784569735202
1784569761902,11,630.825,395.084,mc,3,1784569735202
1784569761902,12,606.179,342.329,mc,5,1784569735202
1784569761902,13,444.521,477.062,mc,2,1784569735202
1784569761902,14,688.985,533.054,mc,3,1784569735202
1784569761902,15,406.884,476.606,mc,2,1784569735202
1784569762002,1,485.013,292.9,mc,5,1784569735202
1784569762002,2,250.648,239.627,mc,5,1784569735202
1784569762002,3,471.907,360.097,mc,3,1784569735202
1784569762002,4,320.023,303.484,mc,5,1784569735202
1784569762002,5,780.547,385.864,mc,3,1784569735202
1784569762002,6,106.641,381.196,mc,5,1784569735202
1784569762002,7,445.815,633.939,mc,4,1784569735202
1784569762002,8,349.306,528.532,mc,4,1784569735202
1784569762002,9,604.825,721.171,mc,2,1784569735202
1784569762002,10,246.699,475.38,mc,4,1784569735202
1784569762002,11,631.028,394.55,mc,3,1784569735202
1784569762002,12,606.373,342.575,mc,5,1784569735202
1784569762002,13,444.737,477.326,mc,2,1784569735202
1784569762002,14,688.84,533.328,mc,3,1784569735202
1784569762002,15,407.429,476.9,mc,2,1784569735202
1784569762102,1,484.779,293.143,mc,5,1784569735202
1784569762102,2,250.341,239.912,mc,5,1784569735202
1784569762102,3,471.694,360.408,mc,3,1784569735202
1784569762102,4,320.378,303.289,mc,5,1784569735202
1784569762102,5,780.612,386.343,mc,3,1784569735202
1784569762102,6,106.149,381.464,mc,5,1784569735202
1784569762102,7,445.418,633.92,mc,4,1784569735202
1784569762102,8,349.784,528.549,mc,4,1784569735202
1784569762102,9,604.939,721.841,mc,2,1784569735202
1784569762102,10,246.181,475.543,mc,4,1784569735202
1784569762102,11,631.23,394.017,mc,3,1784569735202
1784569762102,12,606.566,342.821,mc,5,1784569735202
1784569762102,13,444.953,477.591,mc,2,1784569735202
1784569762102,14,688.695,533.603,mc,3,1784569735202
1784569762102,15,407.974,477.194,mc,2,1784569735202
1784569762202,1,484.546,293.385,mc,5,1784569735202
1784569762202,2,250.035,240.198,mc,5,1784569735202
1784569762202,3,471.481,360.719,mc,3,1784569735202
1784569762202,4,320.732,303.094,mc,5,1784569735202
1784569762202,5,780.677,386.823,mc,3,1784569735202
1784569762202,6,105.656,381.733,mc,5,1784569735202
1784569762202,7,445.02,633.901,mc,4,1784569735202
1784569762202,8,349.261,528.366,mc,4,1784569735202
1784569762202,9,605.053,722.511,mc,2,1784569735202
1784569762202,10,245.662,475.705,mc,4,1784569735202
1784569762202,11,631.433,393.484,mc,3,1784569735202
1784569762202,12,606.76,343.067,mc,5,1784569735202
1784569762202,13,445.169,477.855,mc,2,1784569735202
1784569762202,14,688.55,533.877,mc,3,1784569735202
1784569762202,15,408.52,477.488,mc,2,1784569735202
1784569762302,1,484.313,293.628,mc,5,1784569735202
1784569762302,2,249.728,240.483,mc,5,1784569735202
1784569762302,3,471.269,361.03,mc,3,1784569735202
1784569762302,4,321.086,302.899,mc,5,1784569735202
1784569762302,5,780.742,387.303,mc,3,1784569735202
1784569762302,6,105.163,382.001,mc,5,1784569735202
1784569762302,7,444.622,633.882,mc,4,1784569735202
1784569762302,8,348.668,528.17,mc,4,1784569735202
1784569762302,9,605.167,723.181,mc,2,1784569735202
1784569762302,10,245.144,475.868,mc,4,1784569735202
1784569762302,11,631.635,392.95,mc,3,1784569735202
1784569762302,12,606.954,343.314,mc,5,1784569735202
1784569762302,13,445.385,478.12,mc,2,1784569735202
1784569762302,14,688.405,534.152,mc,3,1784569735202
1784569762302,15,408.79,477.739,mc,2,1784569735202
1784569762402,1,484.079,293.871,mc,5,1784569735202
1784569762402,2,249.421,240.769,mc,5,1784569735202
1784569762402,3,471.056,361.341,mc,3,1784569735202
1784569762402,4,321.441,302.704,mc,5,1784569735202
1784569762402,5,780.807,387.782,mc,3,1784569735202
1784569762402,6,104.67,382.269,mc,5,1784569735202
1784569762402,7,444.225,633.864,mc,4,1784569735202
1784569762402,8,348.075,527.973,mc,4,1784569735202
1784569762402,9,605.28,723.851,mc,2,1784569735202
1784569762402,10,244.626,476.031,mc,4,1784569735202
1784569762402,11,631.838,392.417,mc,3,1784569735202
1784569762402,12,607.148,343.56,mc,5,1784569735202
1784569762402,13,445.601,478.384,mc,2,1784569735202
1784569762402,14,688.259,534.426,mc,3,1784569735202
1784569762402,15,408.123,477.845,mc,2,1784569735202
1784569762502,1,483.846,294.114,mc,5,1784569735202
1784569762502,2,249.115,241.054,mc,5,1784569735202
1784569762502,3,470.843,361.652,mc,3,1784569735202
1784569762502,4,321.795,302.509,mc,5,1784569735202
1784569762502,5,780.872,388.262,mc,3,1784569735202
1784569762502,6,104.178,382.537,mc,5,1784569735202
1784569762502,7,443.827,633.845,mc,4,1784569735202
1784569762502,8,347.482,527.776,mc,4,1784569735202
1784569762502,9,605.394,724.521,mc,2,1784569735202
1784569762502,10,244.108,476.193,mc,4,1784569735202
1784569762502,11,632.04,391.884,mc,3,1784569735202
1784569762502,12,607.341,343.806,mc,5,1784569735202
1784569762502,13,445.817,478.649,mc,2,1784569735202
1784569762502,14,688.114,534.701,mc,3,1784569735202
1784569762502,15,407.455,477.951,mc,2,1784569735202
1784569762602,1,483.613,294.356,mc,5,1784569735202
1784569762602,2,248.808,241.34,mc,5,1784569735202
1784569762602,3,470.63,361.963,mc,3,1784569735202
1784569762602,4,322.15,302.314,mc,5,1784569735202
1784569762602,5,780.937,388.742,mc,3,1784569735202
1784569762602,6,103.685,382.805,mc,5,1784569735202
1784569762602,7,443.43,633.826,mc,4,1784569735202
1784569762602,8,346.889,527.58,mc,4,1784569735202
1784569762602,9,605.508,725.19,mc,2,1784569735202
1784569762602,10,243.59,476.356,mc,4,1784569735202
1784569762602,11,632.242,391.35,mc,3,1784569735202
1784569762602,12,607.535,344.052,mc,5,1784569735202
1784569762602,13,446.033,478.913,mc,2,1784569735202
1784569762602,14,687.969,534.975,mc,3,1784569735202
1784569762602,15,406.787,478.056,mc,2,1784569735202
1784569762702,1,483.379,294.599,mc,5,1784569735202
1784569762702,2,248.501,241.625,mc,5,1784569735202
1784569762702,3,470.417,362.275,mc,3,1784569735202
1784569762702,4,322.504,302.119,mc,5,1784569735202
1784569762702,5,781.003,389.221,mc,3,1784569735202
1784569762702,6,103.192,383.073,mc,5,1784569735202
1784569762702,7,443.032,633.807,mc,4,1784569735202
1784569762702,8,346.296,527.383,mc,4,1784569735202
1784569762702,9,605.622,725.86,mc,2,1784569735202
1784569762702,10,243.072,476.519,mc,4,1784569735202
1784569762702,11,632.445,390.817,mc,3,1784569735202
1784569762702,12,607.729,344.299,mc,5,1784569735202
1784569762702,13,446.249,479.178,mc,2,1784569735202
1784569762702,14,687.824,535.25,mc,3,1784569735202
1784569762702,15,406.119,478.162,mc,2,1784569735202
1784569762802,1,483.146,294.842,mc,5,1784569735202
1784569762802,2,248.195,241.911,mc,5,1784569735202
1784569762802,3,470.205,362.586,mc,3,1784569735202
1784569762802,4,322.858,301.924,mc,5,1784569735202
1784569762802,5,781.068,389.701,mc,3,1784569735202
1784569762802,6,102.699,383.342,mc,5,1784569735202
1784569762802,7,442.635,633.789,mc,4,1784569735202
1784569762802,8,345.703,527.187,mc,4,1784569735202
1784569762802,9,605.688,726.491,mc,2,1784569735202
1784569762802,10,242.553,476.681,mc,4,1784569735202
1784569762802,11,632.647,390.284,mc,3,1784569735202
1784569762802,12,607.923,344.545,mc,5,1784569735202
1784569762802,13,446.465,479.442,mc,2,1784569735202
1784569762802,14,687.679,535.524,mc,3,1784569735202
1784569762802,15,405.452,478.267,mc,2,1784569735202
1784569762902,1,482.913,295.085,mc,5,1784569735202
1784569762902,2,247.888,242.196,mc,5,1784569735202
1784569762902,3,469.992,362.897,mc,3,1784569735202
1784569762902,4,323.213,301.729,mc,5,1784569735202
1784569762902,5,781.133,390.181,mc,3,1784569735202
1784569762902,6,102.207,383.61,mc,5,1784569735202
1784569762902,7,442.237,633.77,mc,4,1784569735202
1784569762902,8,345.111,526.99,mc,4,1784569735202
1784569762902,9,605.247,726.711,mc,2,1784569735202
1784569762902,10,242.035,476.844,mc,4,1784569735202
1784569762902,11,632.85,389.75,mc,3,1784569735202
1784569762902,12,608.117,344.791,mc,5,1784569735202
1784569762902,13,446.681,479.707,mc,2,1784569735202
1784569762902,14,687.534,535.799,mc,3,1784569735202
1784569762902,15,404.784,478.373,mc,2,1784569735202
1784569763002,1,482.679,295.327,mc,5,1784569735202
1784569763002,2,247.581,242.482,mc,5,1784569735202
1784569763002,3,469.779,363.208,mc,3,1784569735202
1784569763002,4,323.567,301.534,mc,5,1784569735202
1784569763002,5,781.198,390.66,mc,3,1784569735202
1784569763002,6,101.714,383.878,mc,5,1784569735202
1784569763002,7,441.84,633.751,mc,4,1784569735202
1784569763002,8,344.518,526.794,mc,4,1784569735202
1784569763002,9,604.806,726.93,mc,2,1784569735202
1784569763002,10,241.517,477.006,mc,4,1784569735202
1784569763002,11,633.052,389.217,mc,3,1784569735202
1784569763002,12,608.31,345.037,mc,5,1784569735202
1784569763002,13,446.897,479.971,mc,2,1784569735202
1784569763002,14,687.389,536.073,mc,3,1784569735202
1784569763002,15,404.116,478.479,mc,2,1784569735202
1784569763102,1,482.446,295.57,mc,5,1784569735202
1784569763102,2,247.275,242.767,mc,5,1784569735202
1784569763102,3,469.566,363.519,mc,3,1784569735202
1784569763102,4,323.922,301.339,mc,5,1784569735202
1784569763102,5,781.263,391.14,mc,3,1784569735202
1784569763102,6,101.221,384.146,mc,5,1784569735202
1784569763102,7,441.442,633.733,mc,4,1784569735202
1784569763102,8,343.925,526.597,mc,4,1784569735202
1784569763102,9,604.365,727.149,mc,2,1784569735202
1784569763102,10,240.999,477.169,mc,4,1784569735202
1784569763102,11,633.255,388.683,mc,3,1784569735202
1784569763102,12,608.504,345.284,mc,5,1784569735202
1784569763102,13,447.113,480.236,mc,2,1784569735202
1784569763102,14,687.244,536.348,mc,3,1784569735202
1784569763102,15,403.448,478.584,mc,2,1784569735202
1784569763202,1,482.213,295.813,mc,5,1784569735202
1784569763202,2,246.968,243.053,mc,5,1784569735202
1784569763202,3,469.353,363.83,mc,3,1784569735202
1784569763202,4,324.276,301.144,mc,5,1784569735202
1784569763202,5,781.328,391.62,mc,3,1784569735202
1784569763202,6,100.728,384.414,mc,5,1784569735202
1784569763202,7,441.045,633.714,mc,4,1784569735202
1784569763202,8,343.332,526.4,mc,4,1784569735202
1784569763202,9,603.923,727.368,mc,2,1784569735202
1784569763202,10,240.481,477.332,mc,4,1784569735202
1784569763202,11,633.457,388.15,mc,3,1784569735202
1784569763202,12,608.698,345.53,mc,5,1784569735202
1784569763202,13,447.329,480.501,mc,2,1784569735202
1784569763202,14,687.099,536.622,mc,3,1784569735202
1784569763202,15,402.78,478.69,mc,2,1784569735202
1784569763302,1,481.98,296.056,mc,5,1784569735202
1784569763302,2,246.661,243.338,mc,5,1784569735202
1784569763302,3,469.141,364.141,mc,3,1784569735202
1784569763302,4,324.63,300.949,mc,5,1784569735202
1784569763302,5,781.393,392.099,mc,3,1784569735202
1784569763302,6,100.236,384.683,mc,5,1784569735202
1784569763302,7,440.647,633.695,mc,4,1784569735202
1784569763302,8,342.739,526.204,mc,4,1784569735202
1784569763302,9,603.482,727.587,mc,2,1784569735202
1784569763302,10,239.963,477.494,mc,4,1784569735202
1784569763302,11,633.66,387.617,mc,3,1784569735202
1784569763302,12,608.892,345.776,mc,5,1784569735202
1784569763302,13,447.545,480.765,mc,2,1784569735202
1784569763302,14,686.953,536.897,mc,3,1784569735202
1784569763302,15,402.113,478.795,mc,2,1784569735202
1784569763402,1,481.746,296.298,mc,5,1784569735202
1784569763402,2,246.355,243.624,mc,5,1784569735202
1784569763402,3,468.928,364.452,mc,3,1784569735202
1784569763402,4,324.985,300.753,mc,5,1784569735202
1784569763402,5,781.458,392.579,mc,3,1784569735202
1784569763402,6,99.7428,384.951,mc,5,1784569735202
1784569763402,7,440.25,633.676,mc,4,1784569735202
1784569763402,8,342.146,526.007,mc,4,1784569735202
1784569763402,9,603.041,727.806,mc,2,1784569735202
1784569763402,10,239.444,477.657,mc,4,1784569735202
1784569763402,11,633.862,387.083,mc,3,1784569735202
1784569763402,12,609.085,346.022,mc,5,1784569735202
1784569763402,13,447.761,481.03,mc,2,1784569735202
1784569763402,14,686.808,537.171,mc,3,1784569735202
1784569763402,15,401.445,478.901,mc,2,1784569735202
1784569763502,1,481.513,296.541,mc,5,1784569735202
1784569763502,2,246.048,243.909,mc,5,1784569735202
1784569763502,3,468.715,364.763,mc,3,1784569735202
1784569763502,4,325.339,300.558,mc,5,1784569735202
1784569763502,5,781.524,393.059,mc,3,1784569735202
1784569763502,6,99.2501,385.219,mc,5,1784569735202
1784569763502,7,439.852,633.658,mc,4,1784569735202
1784569763502,8,341.553,525.811,mc,4,1784569735202
1784569763502,9,602.6,728.026,mc,2,1784569735202
1784569763502,10,238.926,477.82,mc,4,1784569735202
1784569763502,11,634.064,386.55,mc,3,1784569735202
1784569763502,12,609.279,346.268,mc,5,1784569735202
1784569763502,13,447.977,481.294,mc,2,1784569735202
1784569763502,14,686.663,537.445,mc,3,1784569735202
1784569763502,15,400.777,479.006,mc,2,1784569735202
1784569763602,1,481.28,296.784,mc,5,1784569735202
1784569763602,2,245.741,244.195,mc,5,1784569735202
1784569763602,3,468.502,365.074,mc,3,1784569735202
1784569763602,4,325.693,300.363,mc,5,1784569735202
1784569763602,5,781.589,393.538,mc,3,1784569735202
1784569763602,6,98.7573,385.487,mc,5,1784569735202
1784569763602,7,439.454,633.639,mc,4,1784569735202
1784569763602,8,340.96,525.614,mc,4,1784569735202
1784569763602,9,602.159,728.245,mc,2,1784569735202
1784569763602,10,238.408,477.982,mc,4,1784569735202
1784569763602,11,634.267,386.017,mc,3,1784569735202
1784569763602,12,609.473,346.515,mc,5,1784569735202
1784569763602,13,448.193,481.559,mc,2,1784569735202
1784569763602,14,686.518,537.72,mc,3,1784569735202
1784569763602,15,400.109,479.112,mc,2,1784569735202
1784569763702,1,481.046,297.027,mc,5,1784569735202
1784569763702,2,245.435,244.48,mc,5,1784569735202
1784569763702,3,468.289,365.385,mc,3,1784569735202
1784569763702,4,326.048,300.168,mc,5,1784569735202
1784569763702,5,781.654,394.018,mc,3,1784569735202
1784569763702,6,98.2646,385.755,mc,5,1784569735202
1784569763702,7,439.057,633.62,mc,4,1784569735202
1784569763702,8,340.367,525.418,mc,4,1784569735202
1784569763702,9,601.718,728.464,mc,2,1784569735202
1784569763702,10,237.89,478.145,mc,4,1784569735202
1784569763702,11,634.469,385.483,mc,3,1784569735202
1784569763702,12,609.667,346.761,mc,5,1784569735202
1784569763702,13,448.409,481.823,mc,2,1784569735202
1784569763702,14,686.373,537.994,mc,3,1784569735202
1784569763702,15,399.442,479.218,mc,2,1784569735202
1784569763802,1,480.813,297.269,mc,5,1784569735202
1784569763802,2,245.128,244.765,mc,5,1784569735202
1784569763802,3,468.077,365.696,mc,3,1784569735202
1784569763802,4,326.402,299.973,mc,5,1784569735202
1784569763802,5,781.719,394.498,mc,3,1784569735202
1784569763802,6,97.7718,386.024,mc,5,1784569735202
1784569763802,7,438.659,633.601,mc,4,1784569735202
1784569763802,8,339.774,525.221,mc,4,1784569735202
1784569763802,9,601.277,728.683,mc,2,1784569735202
1784569763802,10,237.372,478.307,mc,4,1784569735202
1784569763802,11,634.768,385.087,mc,3,1784569735202
1784569763802,12,609.86,347.007,mc,5,1784569735202
1784569763802,13,448.625,482.088,mc,2,1784569735202
1784569763802,14,686.228,538.269,mc,3,1784569735202
1784569763802,15,398.774,479.323,mc,2,1784569735202
1784569763902,1,480.58,297.512,mc,5,1784569735202
1784569763902,2,244.821,245.051,mc,5,1784569735202
1784569763902,3,467.864,366.007,mc,3,1784569735202
1784569763902,4,326.757,299.778,mc,5,1784569735202
1784569763902,5,781.784,394.977,mc,3,1784569735202
1784569763902,6,97.2791,386.292,mc,5,1784569735202
1784569763902,7,438.262,633.583,mc,4,1784569735202
1784569763902,8,339.181,525.024,mc,4,1784569735202
1784569763902,9,600.835,728.902,mc,2,1784569735202
1784569763902,10,236.854,478.47,mc,4,1784569735202
1784569763902,11,635.091,384.724,mc,3,1784569735202
1784569763902,12,610.054,347.253,mc,5,1784569735202
1784569763902,13,448.841,482.352,mc,2,1784569735202
1784569763902,14,686.083,538.543,mc,3,1784569735202
1784569763902,15,398.106,479.429,mc,2,1784569735202
1784569764002,1,480.346,297.755,mc,5,1784569735202
1784569764002,2,244.515,245.336,mc,5,1784569735202
1784569764002,3,467.651,366.318,mc,3,1784569735202
1784569764002,4,327.111,299.583,mc,5,1784569735202
1784569764002,5,781.849,395.457,mc,3,1784569735202
1784569764002,6,96.7863,386.56,mc,5,1784569735202
1784569764002,7,437.864,633.564,mc,4,1784569735202
1784569764002,8,338.588,524.828,mc,4,1784569735202
1784569764002,9,600.394,729.121,mc,2,1784569735202
1784569764002,10,236.336,478.633,mc,4,1784569735202
1784569764002,11,635.413,384.362,mc,3,1784569735202
1784569764002,12,610.248,347.5,mc,5,1784569735202
1784569764002,13,449.057,482.617,mc,2,1784569735202
1784569764002,14,685.938,538.818,mc,3,1784569735202
1784569764002,15,397.438,479.534,mc,2,1784569735202
1784569764102,1,480.113,297.997,mc,5,1784569735202
1784569764102,2,244.208,245.622,mc,5,1784569735202
1784569764102,3,467.438,366.63,mc,3,1784569735202
1784569764102,4,327.465,299.388,mc,5,1784569735202
1784569764102,5,781.914,395.937,mc,3,1784569735202
1784569764102,6,96.2936,386.828,mc,5,1784569735202
1784569764102,7,437.467,633.545,mc,4,1784569735202
1784569764102,8,337.996,524.631,mc,4,1784569735202
1784569764102,9,599.953,729.341,mc,2,1784569735202
1784569764102,10,235.817,478.795,mc,4,1784569735202
1784569764102,11,635.735,383.999,mc,3,1784569735202
1784569764102,12,610.442,347.746,mc,5,1784569735202
1784569764102,13,449.273,482.881,mc,2,1784569735202
1784569764102,14,685.793,539.092,mc,3,1784569735202
1784569764102,15,396.771,479.64,mc,2,1784569735202
1784569764202,1,479.88,298.24,mc,5,1784569735202
1784569764202,2,243.901,245.907,mc,5,1784569735202
1784569764202,3,467.225,366.941,mc,3,1784569735202
1784569764202,4,327.82,299.193,mc,5,1784569735202
1784569764202,5,781.979,396.416,mc,3,1784569735202
1784569764202,6,95.8008,387.096,mc,5,1784569735202
1784569764202,7,437.069,633.526,mc,4,1784569735202
1784569764202,8,337.403,524.435,mc,4,1784569735202
1784569764202,9,599.512,729.56,mc,2,1784569735202
1784569764202,10,235.299,478.958,mc,4,1784569735202
1784569764202,11,636.058,383.636,mc,3,1784569735202
1784569764202,12,610.635,347.992,mc,5,1784569735202
1784569764202,13,449.489,483.146,mc,2,1784569735202
1784569764202,14,685.648,539.367,mc,3,1784569735202
1784569764202,15,396.103,479.746,mc,2,1784569735202
1784569764302,1,479.646,298.483,mc,5,1784569735202
1784569764302,2,243.595,246.193,mc,5,1784569735202
1784569764302,3,467.013,367.252,mc,3,1784569735202
1784569764302,4,328.174,298.998,mc,5,1784569735202
1784569764302,5,782.045,396.896,mc,3,1784569735202
1784569764302,6,95.3081,387.365,mc,5,1784569735202
1784569764302,7,436.672,633.508,mc,4,1784569735202
1784569764302,8,336.81,524.238,mc,4,1784569735202
1784569764302,9,599.071,729.779,mc,2,1784569735202
1784569764302,10,234.781,479.121,mc,4,1784569735202
1784569764302,11,636.38,383.273,mc,3,1784569735202
1784569764302,12,610.971,348.213,mc,5,1784569735202
1784569764302,13,449.705,483.411,mc,2,1784569735202
1784569764302,14,685.502,539.641,mc,3,1784569735202
1784569764302,15,395.435,479.851,mc,2,1784569735202
1784569764402,1,479.413,298.726,mc,5,1784569735202
1784569764402,2,243.288,246.478,mc,5,1784569735202
1784569764402,3,466.8,367.563,mc,3,1784569735202
1784569764402,4,328.529,298.803,mc,5,1784569735202
1784569764402,5,782.11,397.376,mc,3,1784569735202
1784569764402,6,94.884,387.304,mc,5,1784569735202
1784569764402,7,436.274,633.489,mc,4,1784569735202
1784569764402,8,336.217,524.042,mc,4,1784569735202
1784569764402,9,598.63,729.998,mc,2,1784569735202
1784569764402,10,234.291,479.188,mc,4,1784569735202
1784569764402,11,636.702,382.911,mc,3,1784569735202
1784569764402,12,611.401,348.416,mc,5,1784569735202
1784569764402,13,449.921,483.675,mc,2,1784569735202
1784569764402,14,685.357,539.916,mc,3,1784569735202
1784569764402,15,394.767,479.957,mc,2,1784569735202
1784569764502,1,479.18,298.968,mc,5,1784569735202
1784569764502,2,242.981,246.764,mc,5,1784569735202
1784569764502,3,466.587,367.874,mc,3,1784569735202
1784569764502,4,328.883,298.608,mc,5,1784569735202
1784569764502,5,782.175,397.855,mc,3,1784569735202
1784569764502,6,94.5039,387.032,mc,5,1784569735202
1784569764502,7,435.877,633.47,mc,4,1784569735202
1784569764502,8,335.624,523.845,mc,4,1784569735202
1784569764502,9,598.188,730.217,mc,2,1784569735202
1784569764502,10,233.918,478.859,mc,4,1784569735202
1784569764502,11,637.025,382.548,mc,3,1784569735202
1784569764502,12,611.83,348.62,mc,5,1784569735202
1784569764502,13,450.137,483.94,mc,2,1784569735202
1784569764502,14,685.212,540.19,mc,3,1784569735202
1784569764502,15,394.099,480.062,mc,2,1784569735202
1784569764602,1,478.947,299.211,mc,5,1784569735202
1784569764602,2,242.675,247.049,mc,5,1784569735202
1784569764602,3,466.374,368.185,mc,3,1784569735202
1784569764602,4,329.237,298.413,mc,5,1784569735202
1784569764602,5,782.24,398.335,mc,3,1784569735202
1784569764602,6,94.1239,386.76,mc,5,1784569735202
1784569764602,7,435.479,633.451,mc,4,1784569735202
1784569764602,8,335.031,523.648,mc,4,1784569735202
1784569764602,9,597.747,730.436,mc,2,1784569735202
1784569764602,10,233.545,478.53,mc,4,1784569735202
1784569764602,11,637.347,382.185,mc,3,1784569735202
1784569764602,12,612.26,348.824,mc,5,1784569735202
1784569764602,13,450.353,484.204,mc,2,1784569735202
1784569764602,14,685.067,540.465,mc,3,1784569735202
1784569764602,15,393.432,480.168,mc,2,1784569735202
1784569764702,1,478.713,299.454,mc,5,1784569735202
1784569764702,2,242.368,247.335,mc,5,1784569735202
1784569764702,3,466.161,368.496,mc,3,1784569735202
1784569764702,4,329.592,298.218,mc,5,1784569735202
1784569764702,5,782.305,398.815,mc,3,1784569735202
1784569764702,6,93.7438,386.489,mc,5,1784569735202
1784569764702,7,435.081,633.433,mc,4,1784569735202
1784569764702,8,334.438,523.452,mc,4,1784569735202
1784569764702,9,597.306,730.656,mc,2,1784569735202
1784569764702,10,233.172,478.202,mc,4,1784569735202
1784569764702,11,637.669,381.822,mc,3,1784569735202
1784569764702,12,612.69,349.027,mc,5,1784569735202
1784569764702,13,450.569,484.469,mc,2,1784569735202
1784569764702,14,684.922,540.739,mc,3,1784569735202
1784569764702,15,392.764,480.273,mc,2,1784569735202
1784569764802,1,478.48,299.697,mc,5,1784569735202
1784569764802,2,242.062,247.62,mc,5,1784569735202
1784569764802,3,465.949,368.807,mc,3,1784569735202
1784569764802,4,329.946,298.022,mc,5,1784569735202
1784569764802,5,782.37,399.294,mc,3,1784569735202
1784569764802,6,93.3638,386.217,mc,5,1784569735202
1784569764802,7,434.684,633.414,mc,4,1784569735202
1784569764802,8,333.845,523.255,mc,4,1784569735202
1784569764802,9,596.865,730.875,mc,2,1784569735202
1784569764802,10,232.799,477.873,mc,4,1784569735202
1784569764802,11,637.992,381.46,mc,3,1784569735202
1784569764802,12,613.119,349.231,mc,5,1784569735202
1784569764802,13,450.785,484.733,mc,2,1784569735202
1784569764802,14,684.777,541.014,mc,3,1784569735202
1784569764802,15,392.096,480.379,mc,2,1784569735202
1784569764902,1,478.247,299.939,mc,5,1784569735202
1784569764902,2,241.755,247.906,mc,5,1784569735202
1784569764902,3,465.736,369.118,mc,3,1784569735202
1784569764902,4,330.301,297.827,mc,5,1784569735202
1784569764902,5,782.435,399.774,mc,3,1784569735202
1784569764902,6,92.9837,385.945,mc,5,1784569735202
1784569764902,7,434.286,633.395,mc,4,1784569735202
1784569764902,8,333.252,523.059,mc,4,1784569735202
1784569764902,9,596.424,731.094,mc,2,1784569735202
1784569764902,10,232.426,477.545,mc,4,1784569735202
1784569764902,11,638.314,381.097,mc,3,1784569735202
1784569764902,12,613.549,349.435,mc,5,1784569735202
1784569764902,13,451.001,484.998,mc,2,1784569735202
1784569764902,14,684.632,541.288,mc,3,1784569735202
1784569764902,15,391.428,480.485,mc,2,1784569735202
1784569765002,1,478.013,300.182,mc,5,1784569735202
1784569765002,2,241.448,248.191,mc,5,1784569735202
1784569765002,3,465.523,369.429,mc,3,1784569735202
1784569765002,4,330.655,297.632,mc,5,1784569735202
1784569765002,5,782.5,400.254,mc,3,1784569735202
1784569765002,6,92.6037,385.673,mc,5,1784569735202
1784569765002,7,433.889,633.376,mc,4,1784569735202
1784569765002,8,332.659,522.862,mc,4,1784569735202
1784569765002,9,595.983,731.313,mc,2,1784569735202
1784569765002,10,232.052,477.216,mc,4,1784569735202
1784569765002,11,638.637,380.734,mc,3,1784569735202
1784569765002,12,613.979,349.638,mc,5,1784569735202
1784569765002,13,451.217,485.262,mc,2,1784569735202
1784569765002,14,684.487,541.562,mc,3,1784569735202
1784569765002,15,390.761,480.59,mc,2,1784569735202
1784569765102,1,477.78,300.425,mc,5,1784569735202
1784569765102,2,241.142,248.477,mc,5,1784569735202
1784569765102,3,465.31,369.74,mc,3,1784569735202
1784569765102,4,331.009,297.437,mc,5,1784569735202
1784569765102,5,782.566,400.733,mc,3,1784569735202
1784569765102,6,92.2236,385.402,mc,5,1784569735202
1784569765102,7,433.491,633.358,mc,4,1784569735202
1784569765102,8,332.066,522.666,mc,4,1784569735202
1784569765102,9,595.541,731.532,mc,2,1784569735202
1784569765102,10,231.679,476.888,mc,4,1784569735202
1784569765102,11,638.959,380.371,mc,3,1784569735202
1784569765102,12,614.409,349.842,mc,5,1784569735202
1784569765102,13,451.433,485.527,mc,2,1784569735202
1784569765102,14,684.342,541.837,mc,3,1784569735202
1784569765102,15,390.093,480.696,mc,2,1784569735202
1784569765202,1,477.547,300.668,mc,5,1784569735202
1784569765202,2,240.835,248.762,mc,5,1784569735202
1784569765202,3,465.097,370.051,mc,3,1784569735202
1784569765202,4,331.364,297.242,mc,5,1784569735202
1784569765202,5,782.631,401.213,mc,3,1784569735202
1784569765202,6,91.8436,385.13,mc,5,1784569735202
1784569765202,7,433.094,633.339,mc,4,1784569735202
1784569765202,8,331.473,522.469,mc,4,1784569735202
1784569765202,9,595.1,731.751,mc,2,1784569735202
1784569765202,10,231.306,476.559,mc,4,1784569735202
1784569765202,11,639.281,380.009,mc,3,1784569735202
1784569765202,12,614.838,350.046,mc,5,1784569735202
1784569765202,13,451.649,485.791,mc,2,1784569735202
1784569765202,14,684.197,542.111,mc,3,1784569735202
1784569765202,15,389.425,480.801,mc,2,1784569735202
1784569765302,1,477.313,300.91,mc,5,1784569735202
1784569765302,2,240.528,249.048,mc,5,1784569735202
1784569765302,3,464.885,370.362,mc,3,1784569735202
1784569765302,4,331.718,297.047,mc,5,1784569735202
1784569765302,5,782.696,401.693,mc,3,1784569735202
1784569765302,6,91.4635,384.858,mc,5,1784569735202
1784569765302,7,432.696,633.32,mc,4,1784569735202
1784569765302,8,330.881,522.272,mc,4,1784569735202
1784569765302,9,594.659,731.971,mc,2,1784569735202
1784569765302,10,230.933,476.231,mc,4,1784569735202
1784569765302,11,639.604,379.646,mc,3,1784569735202
1784569765302,12,615.268,350.249,mc,5,1784569735202
1784569765302,13,451.865,486.056,mc,2,1784569735202
1784569765302,14,684.021,542.383,mc,3,1784569735202
1784569765302,15,388.757,480.907,mc,2,1784569735202
1784569765402,1,477.08,301.153,mc,5,1784569735202
1784569765402,2,240.222,249.333,mc,5,1784569735202
1784569765402,3,464.672,370.674,mc,3,1784569735202
1784569765402,4,332.072,296.852,mc,5,1784569735202
1784569765402,5,782.761,402.172,mc,3,1784569735202
1784569765402,6,91.0835,384.587,mc,5,1784569735202
1784569765402,7,432.299,633.302,mc,4,1784569735202
1784569765402,8,330.288,522.076,mc,4,1784569735202
1784569765402,9,594.218,732.19,mc,2,1784569735202
1784569765402,10,230.56,475.902,mc,4,1784569735202
1784569765402,11,639.926,379.283,mc,3,1784569735202
1784569765402,12,615.698,350.453,mc,5,1784569735202
1784569765402,13,452.081,486.32,mc,2,1784569735202
1784569765402,14,683.845,542.654,mc,3,1784569735202
1784569765402,15,388.089,481.013,mc,2,1784569735202
1784569765502,1,476.847,301.396,mc,5,1784569735202
1784569765502,2,240.075,249.077,mc,5,1784569735202
1784569765502,3,464.459,370.985,mc,3,1784569735202
1784569765502,4,332.427,296.657,mc,5,1784569735202
1784569765502,5,782.826,402.652,mc,3,1784569735202
1784569765502,6,90.7034,384.315,mc,5,1784569735202
1784569765502,7,431.901,633.283,mc,4,1784569735202
1784569765502,8,329.695,521.879,mc,4,1784569735202
1784569765502,9,593.777,732.409,mc,2,1784569735202
1784569765502,10,230.187,475.573,mc,4,1784569735202
1784569765502,11,640.248,378.92,mc,3,1784569735202
1784569765502,12,616.127,350.657,mc,5,1784569735202
1784569765502,13,452.297,486.585,mc,2,1784569735202
1784569765502,14,683.669,542.926,mc,3,1784569735202
1784569765502,15,387.422,481.118,mc,2,1784569735202
1784569765602,1,476.613,301.639,mc,5,1784569735202
1784569765602,2,239.958,248.723,mc,5,1784569735202
1784569765602,3,464.246,371.296,mc,3,1784569735202
1784569765602,4,332.781,296.462,mc,5,1784569735202
1784569765602,5,782.891,403.132,mc,3,1784569735202
1784569765602,6,90.3234,384.043,mc,5,1784569735202
1784569765602,7,431.504,633.264,mc,4,1784569735202
1784569765602,8,329.102,521.683,mc,4,1784569735202
1784569765602,9,593.336,732.628,mc,2,1784569735202
1784569765602,10,229.814,475.245,mc,4,1784569735202
1784569765602,11,640.571,378.558,mc,3,1784569735202
1784569765602,12,616.557,350.86,mc,5,1784569735202
1784569765602,13,452.513,486.85,mc,2,1784569735202
1784569765602,14,683.492,543.197,mc,3,1784569735202
1784569765602,15,386.754,481.224,mc,2,1784569735202
1784569765702,1,476.38,301.881,mc,5,1784569735202
1784569765702,2,239.841,248.369,mc,5,1784569735202
1784569765702,3,464.033,371.607,mc,3,1784569735202
1784569765702,4,333.136,296.267,mc,5,1784569735202
1784569765702,5,782.956,403.611,mc,3,1784569735202
1784569765702,6,89.9433,383.771,mc,5,1784569735202
1784569765702,7,431.106,633.245,mc,4,1784569735202
1784569765702,8,328.509,521.486,mc,4,1784569735202
1784569765702,9,592.895,732.847,mc,2,1784569735202
1784569765702,10,229.441,474.916,mc,4,1784569735202
1784569765702,11,640.893,378.195,mc,3,1784569735202
1784569765702,12,616.987,351.064,mc,5,1784569735202
1784569765702,13,452.729,487.114,mc,2,1784569735202
1784569765702,14,683.316,543.469,mc,3,1784569735202
1784569765702,15,386.086,481.329,mc,2,1784569735202
1784569765802,1,476.147,302.124,mc,5,1784569735202
1784569765802,2,239.724,248.016,mc,5,1784569735202
1784569765802,3,463.821,371.918,mc,3,1784569735202
1784569765802,4,333.49,296.072,mc,5,1784569735202
1784569765802,5,783.021,404.091,mc,3,1784569735202
1784569765802,6,89.5633,383.5,mc,5,1784569735202
1784569765802,7,430.708,633.227,mc,4,1784569735202
1784569765802,8,327.916,521.29,mc,4,1784569735202
1784569765802,9,592.453,733.066,mc,2,1784569735202
1784569765802,10,229.067,474.588,mc,4,1784569735202
1784569765802,11,641.215,377.832,mc,3,1784569735202
1784569765802,12,617.416,351.267,mc,5,1784569735202
1784569765802,13,452.945,487.379,mc,2,1784569735202
1784569765802,14,683.14,543.74,mc,3,1784569735202
1784569765802,15,385.418,481.435,mc,2,1784569735202
1784569765902,1,475.914,302.367,mc,5,1784569735202
1784569765902,2,239.607,247.662,mc,5,1784569735202
1784569765902,3,463.608,372.229,mc,3,1784569735202
1784569765902,4,333.844,295.877,mc,5,1784569735202
1784569765902,5,783.087,404.571,mc,3,1784569735202
1784569765902,6,89.1832,383.228,mc,5,1784569735202
1784569765902,7,430.311,633.208,mc,4,1784569735202
1784569765902,8,327.323,521.093,mc,4,1784569735202
1784569765902,9,592.012,733.286,mc,2,1784569735202
1784569765902,10,228.694,474.259,mc,4,1784569735202
1784569765902,11,641.538,377.469,mc,3,1784569735202
1784569765902,12,617.846,351.471,mc,5,1784569735202
1784569765902,13,453.161,487.643,mc,2,1784569735202
1784569765902,14,682.964,544.012,mc,3,1784569735202
1784569765902,15,384.751,481.54,mc,2,1784569735202
1784569766002,1,475.68,302.61,mc,5,1784569735202
1784569766002,2,239.49,247.308,mc,5,1784569735202
1784569766002,3,463.395,372.54,mc,3,1784569735202
1784569766002,4,334.199,295.682,mc,5,1784569735202
1784569766002,5,783.152,405.05,mc,3,1784569735202
1784569766002,6,88.8032,382.956,mc,5,1784569735202
1784569766002,7,429.913,633.189,mc,4,1784569735202
1784569766002,8,326.73,520.896,mc,4,1784569735202
1784569766002,9,591.571,733.505,mc,2,1784569735202
1784569766002,10,228.321,473.931,mc,4,1784569735202
1784569766002,11,641.86,377.106,mc,3,1784569735202
1784569766002,12,618.276,351.675,mc,5,1784569735202
1784569766002,13,453.377,487.908,mc,2,1784569735202
1784569766002,14,682.788,544.283,mc,3,1784569735202
1784569766002,15,384.083,481.646,mc,2,1784569735202
1784569766102,1,475.447,302.852,mc,5,1784569735202
1784569766102,2,239.373,246.954,mc,5,1784569735202
1784569766102,3,463.182,372.851,mc,3,1784569735202
1784569766102,4,334.553,295.487,mc,5,1784569735202
1784569766102,5,783.217,405.53,mc,3,1784569735202
1784569766102,6,88.4231,382.685,mc,5,1784569735202
1784569766102,7,429.516,633.17,mc,4,1784569735202
1784569766102,8,326.137,520.7,mc,4,1784569735202
1784569766102,9,591.13,733.724,mc,2,1784569735202
1784569766102,10,227.948,473.602,mc,4,1784569735202
1784569766102,11,642.182,376.744,mc,3,1784569735202
1784569766102,12,618.706,351.878,mc,5,1784569735202
1784569766102,13,453.593,488.172,mc,2,1784569735202
1784569766102,14,682.611,544.555,mc,3,1784569735202
1784569766102,15,383.415,481.752,mc,2,1784569735202
1784569766202,1,475.214,303.095,mc,5,1784569735202
1784569766202,2,239.256,246.6,mc,5,1784569735202
1784569766202,3,462.969,373.162,mc,3,1784569735202
1784569766202,4,334.908,295.291,mc,5,1784569735202
1784569766202,5,783.282,406.01,mc,3,1784569735202
1784569766202,6,88.0431,382.413,mc,5,1784569735202
1784569766202,7,429.118,633.152,mc,4,1784569735202
1784569766202,8,325.544,520.503,mc,4,1784569735202
1784569766202,9,590.689,733.943,mc,2,1784569735202
1784569766202,10,227.575,473.274,mc,4,1784569735202
1784569766202,11,642.505,376.381,mc,3,1784569735202
1784569766202,12,619.135,352.082,mc,5,1784569735202
1784569766202,13,453.809,488.437,mc,2,1784569735202
1784569766202,14,682.435,544.826,mc,3,1784569735202
1784569766202,15,382.747,481.857,mc,2,1784569735202
1784569766302,1,474.98,303.338,mc,5,1784569735202
1784569766302,2,239.138,246.246,mc,5,1784569735202
1784569766302,3,462.757,373.473,mc,3,1784569735202
1784569766302,4,335.262,295.096,mc,5,1784569735202
1784569766302,5,783.347,406.489,mc,3,1784569735202
1784569766302,6,87.663,382.141,mc,5,1784569735202
1784569766302,7,428.721,633.133,mc,4,1784569735202
1784569766302,8,324.951,520.307,mc,4,1784569735202
1784569766302,9,590.248,734.162,mc,2,1784569735202
1784569766302,10,227.202,472.945,mc,4,1784569735202
1784569766302,11,642.827,376.018,mc,3,1784569735202
1784569766302,12,619.565,352.286,mc,5,1784569735202
1784569766302,13,454.025,488.701,mc,2,1784569735202
1784569766302,14,682.259,545.098,mc,3,1784569735202
1784569766302,15,382.079,481.963,mc,2,1784569735202
1784569766402,1,474.747,303.581,mc,5,1784569735202
1784569766402,2,239.021,245.893,mc,5,1784569735202
1784569766402,3,462.544,373.784,mc,3,1784569735202
1784569766402,4,335.616,294.901,mc,5,1784569735202
1784569766402,5,783.412,406.969,mc,3,1784569735202
1784569766402,6,87.283,381.869,mc,5,1784569735202
1784569766402,7,428.323,633.114,mc,4,1784569735202
1784569766402,8,324.358,520.11,mc,4,1784569735202
1784569766402,9,589.806,734.381,mc,2,1784569735202
1784569766402,10,226.829,472.616,mc,4,1784569735202
1784569766402,11,643.15,375.655,mc,3,1784569735202
1784569766402,12,619.995,352.489,mc,5,1784569735202
1784569766402,13,454.241,488.966,mc,2,1784569735202
1784569766402,14,682.083,545.369,mc,3,1784569735202
1784569766402,15,381.412,482.068,mc,2,1784569735202
1784569766502,1,474.514,303.823,mc,5,1784569735202
1784569766502,2,238.904,245.539,mc,5,1784569735202
1784569766502,3,462.331,374.095,mc,3,1784569735202
1784569766502,4,335.971,294.706,mc,5,1784569735202
1784569766502,5,783.477,407.449,mc,3,1784569735202
1784569766502,6,86.9029,381.598,mc,5,1784569735202
1784569766502,7,427.926,633.095,mc,4,1784569735202
1784569766502,8,323.766,519.914,mc,4,1784569735202
1784569766502,9,589.365,734.601,mc,2,1784569735202
1784569766502,10,226.456,472.288,mc,4,1784569735202
1784569766502,11,643.472,375.293,mc,3,1784569735202
1784569766502,12,620.424,352.693,mc,5,1784569735202
1784569766502,13,454.457,489.23,mc,2,1784569735202
1784569766502,14,681.906,545.64,mc,3,1784569735202
1784569766502,15,380.744,482.174,mc,2,1784569735202
1784569766602,1,474.28,304.066,mc,5,1784569735202
1784569766602,2,238.787,245.185,mc,5,1784569735202
1784569766602,3,462.118,374.406,mc,3,1784569735202
1784569766602,4,336.325,294.511,mc,5,1784569735202
1784569766602,5,783.542,407.928,mc,3,1784569735202
1784569766602,6,86.5229,381.326,mc,5,1784569735202
1784569766602,7,427.528,633.077,mc,4,1784569735202
1784569766602,8,323.173,519.717,mc,4,1784569735202
1784569766602,9,588.924,734.82,mc,2,1784569735202
1784569766602,10,226.082,471.959,mc,4,1784569735202
1784569766602,11,643.794,374.93,mc,3,1784569735202
1784569766602,12,620.854,352.897,mc,5,1784569735202
1784569766602,13,454.673,489.495,mc,2,1784569735202
1784569766602,14,681.73,545.912,mc,3,1784569735202
1784569766602,15,380.076,482.28,mc,2,1784569735202
1784569766702,1,474.047,304.309,mc,5,1784569735202
1784569766702,2,238.67,244.831,mc,5,1784569735202
1784569766702,3,461.905,374.717,mc,3,1784569735202
1784569766702,4,336.679,294.316,mc,5,1784569735202
1784569766702,5,783.608,408.408,mc,3,1784569735202
1784569766702,6,86.1428,381.054,mc,5,1784569735202
1784569766702,7,427.131,633.058,mc,4,1784569735202
1784569766702,8,322.58,519.52,mc,4,1784569735202
1784569766702,9,588.483,735.039,mc,2,1784569735202
1784569766702,10,225.709,471.631,mc,4,1784569735202
1784569766702,11,644.117,374.567,mc,3,1784569735202
1784569766702,12,621.284,353.1,mc,5,1784569735202
1784569766702,13,454.889,489.759,mc,2,1784569735202
1784569766702,14,681.554,546.183,mc,3,1784569735202
1784569766702,15,379.408,482.385,mc,2,1784569735202
1784569766802,1,473.814,304.552,mc,5,1784569735202
1784569766802,2,238.553,244.477,mc,5,1784569735202
1784569766802,3,461.693,375.029,mc,3,1784569735202
1784569766802,4,337.034,294.121,mc,5,1784569735202
1784569766802,5,783.673,408.888,mc,3,1784569735202
1784569766802,6,85.7628,380.782,mc,5,1784569735202
1784569766802,7,426.733,633.039,mc,4,1784569735202
1784569766802,8,321.987,519.324,mc,4,1784569735202
1784569766802,9,588.042,735.258,mc,2,1784569735202
1784569766802,10,225.336,471.302,mc,4,1784569735202
1784569766802,11,644.439,374.204,mc,3,1784569735202
1784569766802,12,621.713,353.304,mc,5,1784569735202
1784569766802,13,455.105,490.024,mc,2,1784569735202
1784569766802,14,681.378,546.455,mc,3,1784569735202
1784569766802,15,379.77,482.507,mc,2,1784569735202
1784569766902,1,473.58,304.794,mc,5,1784569735202
1784569766902,2,238.436,244.123,mc,5,1784569735202
1784569766902,3,461.48,375.34,mc,3,1784569735202
1784569766902,4,337.388,293.926,mc,5,1784569735202
1784569766902,5,783.738,409.367,mc,3,1784569735202
1784569766902,6,85.3827,380.511,mc,5,1784569735202
1784569766902,7,426.336,633.02,mc,4,1784569735202
1784569766902,8,321.394,519.127,mc,4,1784569735202
1784569766902,9,587.601,735.477,mc,2,1784569735202
1784569766902,10,224.963,470.974,mc,4,1784569735202
1784569766902,11,644.761,373.842,mc,3,1784569735202
1784569766902,12,622.143,353.507,mc,5,1784569735202
1784569766902,13,455.322,490.289,mc,2,1784569735202
1784569766902,14,681.201,546.726,mc,3,1784569735202
1784569766902,15,380.31,482.631,mc,2,1784569735202
1784569767002,1,473.347,305.037,mc,5,1784569735202
1784569767002,2,238.319,243.769,mc,5,1784569735202
1784569767002,3,461.267,375.651,mc,3,1784569735202
1784569767002,4,337.743,293.731,mc,5,1784569735202
1784569767002,5,783.803,409.847,mc,3,1784569735202
1784569767002,6,85.0027,380.239,mc,5,1784569735202
1784569767002,7,425.938,633.002,mc,4,1784569735202
1784569767002,8,321.467,519.48,mc,4,1784569735202
1784569767002,9,587.16,735.696,mc,2,1784569735202
1784569767002,10,224.59,470.645,mc,4,1784569735202
1784569767002,11,645.084,373.479,mc,3,1784569735202
1784569767002,12,622.573,353.711,mc,5,1784569735202
1784569767002,13,455.538,490.553,mc,2,1784569735202
1784569767002,14,681.025,546.998,mc,3,1784569735202
1784569767002,15,380.85,482.755,mc,2,1784569735202
1784569767102,1,473.114,305.28,mc,5,1784569735202
1784569767102,2,238.202,243.416,mc,5,1784569735202
1784569767102,3,461.054,375.962,mc,3,1784569735202
1784569767102,4,338.097,293.536,mc,5,1784569735202
1784569767102,5,783.868,410.327,mc,3,1784569735202
1784569767102,6,84.6226,379.967,mc,5,1784569735202
1784569767102,7,425.54,632.983,mc,4,1784569735202
1784569767102,8,321.607,519.888,mc,4,1784569735202
1784569767102,9,586.718,735.916,mc,2,1784569735202
1784569767102,10,224.217,470.317,mc,4,1784569735202
1784569767102,11,645.406,373.116,mc,3,1784569735202
1784569767102,12,623.003,353.915,mc,5,1784569735202
1784569767102,13,455.754,490.818,mc,2,1784569735202
1784569767102,14,680.849,547.269,mc,3,1784569735202
1784569767102,15,381.39,482.879,mc,2,1784569735202
1784569767202,1,472.88,305.522,mc,5,1784569735202
1784569767202,2,238.084,243.062,mc,5,1784569735202
1784569767202,3,460.841,376.273,mc,3,1784569735202
1784569767202,4,338.451,293.341,mc,5,1784569735202
1784569767202,5,783.933,410.806,mc,3,1784569735202
1784569767202,6,84.2426,379.696,mc,5,1784569735202
1784569767202,7,425.143,632.964,mc,4,1784569735202
1784569767202,8,321.747,520.296,mc,4,1784569735202
1784569767202,9,586.277,736.135,mc,2,1784569735202
1784569767202,10,223.844,469.988,mc,4,1784569735202
1784569767202,11,645.728,372.753,mc,3,1784569735202
1784569767202,12,623.432,354.118,mc,5,1784569735202
1784569767202,13,455.97,491.082,mc,2,1784569735202
1784569767202,14,680.673,547.541,mc,3,1784569735202
1784569767202,15,381.93,483.003,mc,2,1784569735202
1784569767302,1,472.647,305.765,mc,5,1784569735202
1784569767302,2,237.967,242.708,mc,5,1784569735202
1784569767302,3,460.628,376.584,mc,3,1784569735202
1784569767302,4,338.806,293.146,mc,5,1784569735202
1784569767302,5,783.998,411.286,mc,3,1784569735202
1784569767302,6,83.8625,379.424,mc,5,1784569735202
1784569767302,7,424.811,632.921,mc,4,1784569735202
1784569767302,8,321.888,520.705,mc,4,1784569735202
1784569767302,9,585.836,736.354,mc,2,1784569735202
1784569767302,10,223.471,469.66,mc,4,1784569735202
1784569767302,11,646.051,372.391,mc,3,1784569735202
1784569767302,12,623.862,354.322,mc,5,1784569735202
1784569767302,13,456.186,491.347,mc,2,1784569735202
1784569767302,14,680.497,547.812,mc,3,1784569735202
1784569767302,15,382.47,483.127,mc,2,1784569735202
1784569767402,1,472.414,306.008,mc,5,1784569735202
1784569767402,2,237.85,242.354,mc,5,1784569735202
1784569767402,3,460.416,376.895,mc,3,1784569735202
1784569767402,4,339.16,292.951,mc,5,1784569735202
1784569767402,5,784.063,411.766,mc,3,1784569735202
1784569767402,6,83.4824,379.152,mc,5,1784569735202
1784569767402,7,425.015,632.676,mc,4,1784569735202
1784569767402,8,322.028,521.113,mc,4,1784569735202
1784569767402,9,585.395,736.573,mc,2,1784569735202
1784569767402,10,223.098,469.331,mc,4,1784569735202
1784569767402,11,646.373,372.028,mc,3,1784569735202
1784569767402,12,624.292,354.526,mc,5,1784569735202
1784569767402,13,456.402,491.611,mc,2,1784569735202
1784569767402,14,680.32,548.084,mc,3,1784569735202
1784569767402,15,383.01,483.251,mc,2,1784569735202
1784569767502,1,472.181,306.251,mc,5,1784569735202
1784569767502,2,237.733,242,mc,5,1784569735202
1784569767502,3,460.203,377.206,mc,3,1784569735202
1784569767502,4,338.936,293.035,mc,5,1784569735202
1784569767502,5,784.128,412.245,mc,3,1784569735202
1784569767502,6,83.1024,378.88,mc,5,1784569735202
1784569767502,7,425.218,632.432,mc,4,1784569735202
1784569767502,8,322.168,521.521,mc,4,1784569735202
1784569767502,9,584.954,736.792,mc,2,1784569735202
1784569767502,10,222.724,469.002,mc,4,1784569735202
1784569767502,11,646.695,371.665,mc,3,1784569735202
1784569767502,12,624.721,354.729,mc,5,1784569735202
1784569767502,13,456.618,491.876,mc,2,1784569735202
1784569767502,14,680.144,548.355,mc,3,1784569735202
1784569767502,15,383.55,483.376,mc,2,1784569735202
1784569767602,1,471.947,306.493,mc,5,1784569735202
1784569767602,2,237.616,241.646,mc,5,1784569735202
1784569767602,3,459.99,377.517,mc,3,1784569735202
1784569767602,4,338.513,293.216,mc,5,1784569735202
1784569767602,5,784.194,412.725,mc,3,1784569735202
1784569767602,6,82.7223,378.609,mc,5,1784569735202
1784569767602,7,425.422,632.187,mc,4,1784569735202
1784569767602,8,322.309,521.929,mc,4,1784569735202
1784569767602,9,584.513,737.011,mc,2,1784569735202
1784569767602,10,222.351,468.674,mc,4,1784569735202
1784569767602,11,647.018,371.302,mc,3,1784569735202
1784569767602,12,625.151,354.933,mc,5,1784569735202
1784569767602,13,456.834,492.14,mc,2,1784569735202
1784569767602,14,679.968,548.627,mc,3,1784569735202
1784569767602,15,384.09,483.5,mc,2,1784569735202
1784569767702,1,471.714,306.736,mc,5,1784569735202
1784569767702,2,237.499,241.292,mc,5,1784569735202
1784569767702,3,459.777,377.828,mc,3,1784569735202
1784569767702,4,338.09,293.397,mc,5,1784569735202
1784569767702,5,784.297,413.085,mc,3,1784569735202
1784569767702,6,82.3423,378.337,mc,5,1784569735202
1784569767702,7,425.625,631.943,mc,4,1784569735202
1784569767702,8,322.449,522.338,mc,4,1784569735202
1784569767702,9,584.071,737.231,mc,2,1784569735202
1784569767702,10,221.978,468.345,mc,4,1784569735202
1784569767702,11,647.34,370.94,mc,3,1784569735202
1784569767702,12,625.581,355.137,mc,5,1784569735202
1784569767702,13,457.05,492.405,mc,2,1784569735202
1784569767702,14,679.792,548.898,mc,3,1784569735202
1784569767702,15,384.63,483.624,mc,2,1784569735202
1784569767802,1,471.481,306.979,mc,5,1784569735202
1784569767802,2,237.382,240.939,mc,5,1784569735202
1784569767802,3,459.564,378.139,mc,3,1784569735202
1784569767802,4,337.666,293.578,mc,5,1784569735202
1784569767802,5,784.415,413.402,mc,3,1784569735202
1784569767802,6,81.9622,378.065,mc,5,1784569735202
1784569767802,7,425.829,631.698,mc,4,1784569735202
1784569767802,8,322.589,522.746,mc,4,1784569735202
1784569767802,9,583.63,737.45,mc,2,1784569735202
1784569767802,10,221.605,468.017,mc,4,1784569735202
1784569767802,11,647.663,370.577,mc,3,1784569735202
1784569767802,12,626.01,355.34,mc,5,1784569735202
1784569767802,13,457.266,492.669,mc,2,1784569735202
1784569767802,14,679.615,549.169,mc,3,1784569735202
1784569767802,15,385.17,483.748,mc,2,1784569735202
1784569767902,1,471.247,307.222,mc,5,1784569735202
1784569767902,2,237.265,240.585,mc,5,1784569735202
1784569767902,3,459.352,378.45,mc,3,1784569735202
1784569767902,4,337.243,293.759,mc,5,1784569735202
1784569767902,5,784.532,413.718,mc,3,1784569735202
1784569767902,6,81.5822,377.794,mc,5,1784569735202
1784569767902,7,426.032,631.454,mc,4,1784569735202
1784569767902,8,322.73,523.154,mc,4,1784569735202
1784569767902,9,583.189,737.669,mc,2,1784569735202
1784569767902,10,221.232,467.688,mc,4,1784569735202
1784569767902,11,647.985,370.214,mc,3,1784569735202
1784569767902,12,626.44,355.544,mc,5,1784569735202
1784569767902,13,457.482,492.934,mc,2,1784569735202
1784569767902,14,679.439,549.441,mc,3,1784569735202
1784569767902,15,385.71,483.872,mc,2,1784569735202
1784569768002,1,471.014,307.464,mc,5,1784569735202
1784569768002,2,237.147,240.231,mc,5,1784569735202
1784569768002,3,459.139,378.761,mc,3,1784569735202
1784569768002,4,336.82,293.94,mc,5,1784569735202
1784569768002,5,784.649,414.035,mc,3,1784569735202
1784569768002,6,81.2021,377.522,mc,5,1784569735202
1784569768002,7,426.236,631.209,mc,4,1784569735202
1784569768002,8,322.87,523.563,mc,4,1784569735202
1784569768002,9,582.748,737.888,mc,2,1784569735202
1784569768002,10,220.859,467.36,mc,4,1784569735202
1784569768002,11,648.307,369.851,mc,3,1784569735202
1784569768002,12,626.87,355.748,mc,5,1784569735202
1784569768002,13,457.698,493.199,mc,2,1784569735202
1784569768002,14,679.263,549.712,mc,3,1784569735202
1784569768002,15,386.25,483.996,mc,2,1784569735202
1784569768102,1,470.875,307.816,mc,5,1784569735202
1784569768102,2,237.03,239.877,mc,5,1784569735202
1784569768102,3,458.926,379.073,mc,3,1784569735202
1784569768102,4,336.397,294.121,mc,5,1784569735202
1784569768102,5,784.767,414.352,mc,3,1784569735202
1784569768102,6,80.8221,377.25,mc,5,1784569735202
1784569768102,7,426.439,630.965,mc,4,1784569735202
1784569768102,8,323.01,523.971,mc,4,1784569735202
1784569768102,9,582.307,738.107,mc,2,1784569735202
1784569768102,10,220.486,467.031,mc,4,1784569735202
1784569768102,11,648.63,369.488,mc,3,1784569735202
1784569768102,12,627.3,355.951,mc,5,1784569735202
1784569768102,13,457.914,493.463,mc,2,1784569735202
1784569768102,14,679.087,549.984,mc,3,1784569735202
1784569768102,15,386.79,484.12,mc,2,1784569735202
1784569768202,1,470.91,308.367,mc,5,1784569735202
1784569768202,2,236.913,239.523,mc,5,1784569735202
1784569768202,3,458.713,379.384,mc,3,1784569735202
1784569768202,4,335.973,294.302,mc,5,1784569735202
1784569768202,5,784.884,414.668,mc,3,1784569735202
1784569768202,6,80.442,376.978,mc,5,1784569735202
1784569768202,7,426.643,630.72,mc,4,1784569735202
1784569768202,8,323.151,524.379,mc,4,1784569735202
1784569768202,9,581.866,738.326,mc,2,1784569735202
1784569768202,10,220.113,466.703,mc,4,1784569735202
1784569768202,11,648.952,369.126,mc,3,1784569735202
1784569768202,12,627.729,356.155,mc,5,1784569735202
1784569768202,13,458.155,493.711,mc,2,1784569735202
1784569768202,14,678.911,550.255,mc,3,1784569735202
1784569768202,15,387.329,484.245,mc,2,1784569735202
1784569768302,1,470.945,308.919,mc,5,1784569735202
1784569768302,2,236.796,239.169,mc,5,1784569735202
1784569768302,3,458.5,379.695,mc,3,1784569735202
1784569768302,4,335.55,294.483,mc,5,1784569735202
1784569768302,5,785.002,414.985,mc,3,1784569735202
1784569768302,6,80.062,376.707,mc,5,1784569735202
1784569768302,7,426.847,630.475,mc,4,1784569735202
1784569768302,8,323.291,524.787,mc,4,1784569735202
1784569768302,9,581.425,738.546,mc,2,1784569735202
1784569768302,10,219.739,466.374,mc,4,1784569735202
1784569768302,11,649.274,368.763,mc,3,1784569735202
1784569768302,12,628.159,356.358,mc,5,1784569735202
1784569768302,13,458.53,493.872,mc,2,1784569735202
1784569768302,14,678.734,550.527,mc,3,1784569735202
1784569768302,15,387.869,484.369,mc,2,1784569735202
1784569768402,1,470.98,309.471,mc,5,1784569735202
1784569768402,2,236.679,238.816,mc,5,1784569735202
1784569768402,3,458.288,380.006,mc,3,1784569735202
1784569768402,4,335.127,294.664,mc,5,1784569735202
1784569768402,5,785.119,415.302,mc,3,1784569735202
1784569768402,6,79.6819,376.435,mc,5,1784569735202
1784569768402,7,427.05,630.231,mc,4,1784569735202
1784569768402,8,323.431,525.196,mc,4,1784569735202
1784569768402,9,580.983,738.765,mc,2,1784569735202
1784569768402,10,219.366,466.045,mc,4,1784569735202
1784569768402,11,649.597,368.4,mc,3,1784569735202
1784569768402,12,628.589,356.562,mc,5,1784569735202
1784569768402,13,458.904,494.033,mc,2,1784569735202
1784569768402,14,678.558,550.798,mc,3,1784569735202
1784569768402,15,388.409,484.493,mc,2,1784569735202
1784569768502,1,471.014,310.022,mc,5,1784569735202
1784569768502,2,236.562,238.462,mc,5,1784569735202
1784569768502,3,458.075,380.317,mc,3,1784569735202
1784569768502,4,334.704,294.845,mc,5,1784569735202
1784569768502,5,785.236,415.618,mc,3,1784569735202
1784569768502,6,79.3019,376.163,mc,5,1784569735202
1784569768502,7,427.254,629.986,mc,4,1784569735202
1784569768502,8,323.572,525.604,mc,4,1784569735202
1784569768502,9,580.542,738.984,mc,2,1784569735202
1784569768502,10,218.993,465.717,mc,4,1784569735202
1784569768502,11,649.919,368.037,mc,3,1784569735202
1784569768502,12,629.018,356.766,mc,5,1784569735202
1784569768502,13,459.279,494.194,mc,2,1784569735202
1784569768502,14,678.382,551.07,mc,3,1784569735202
1784569768502,15,388.949,484.617,mc,2,1784569735202
1784569768602,1,471.049,310.574,mc,5,1784569735202
1784569768602,2,236.445,238.108,mc,5,1784569735202
1784569768602,3,457.862,380.628,mc,3,1784569735202
1784569768602,4,334.281,295.026,mc,5,1784569735202
1784569768602,5,785.354,415.935,mc,3,1784569735202
1784569768602,6,78.9218,375.892,mc,5,1784569735202
1784569768602,7,427.457,629.742,mc,4,1784569735202
1784569768602,8,323.712,526.012,mc,4,1784569735202
1784569768602,9,580.101,739.203,mc,2,1784569735202
1784569768602,10,218.62,465.388,mc,4,1784569735202
1784569768602,11,650.241,367.675,mc,3,1784569735202
1784569768602,12,629.448,356.969,mc,5,1784569735202
1784569768602,13,459.653,494.355,mc,2,1784569735202
1784569768602,14,678.206,551.341,mc,3,1784569735202
1784569768602,15,389.489,484.741,mc,2,1784569735202
1784569768702,1,471.084,311.125,mc,5,1784569735202
1784569768702,2,236.328,237.754,mc,5,1784569735202
1784569768702,3,457.649,380.939,mc,3,1784569735202
1784569768702,4,333.857,295.207,mc,5,1784569735202
1784569768702,5,785.471,416.252,mc,3,1784569735202
1784569768702,6,78.5418,375.62,mc,5,1784569735202
1784569768702,7,427.661,629.497,mc,4,1784569735202
1784569768702,8,323.852,526.42,mc,4,1784569735202
1784569768702,9,579.66,739.422,mc,2,1784569735202
1784569768702,10,218.247,465.06,mc,4,1784569735202
1784569768702,11,650.564,367.312,mc,3,1784569735202
1784569768702,12,629.878,357.173,mc,5,1784569735202
1784569768702,13,460.028,494.516,mc,2,1784569735202
1784569768702,14,678.029,551.613,mc,3,1784569735202
1784569768702,15,390.029,484.865,mc,2,1784569735202
1784569768802,1,471.119,311.677,mc,5,1784569735202
1784569768802,2,236.211,237.4,mc,5,1784569735202
1784569768802,3,457.436,381.25,mc,3,1784569735202
1784569768802,4,333.434,295.388,mc,5,1784569735202
1784569768802,5,785.588,416.568,mc,3,1784569735202
1784569768802,6,78.1617,375.348,mc,5,1784569735202
1784569768802,7,427.864,629.253,mc,4,1784569735202
1784569768802,8,323.993,526.829,mc,4,1784569735202
1784569768802,9,579.219,739.641,mc,2,1784569735202
1784569768802,10,217.874,464.731,mc,4,1784569735202
1784569768802,11,650.886,366.949,mc,3,1784569735202
1784569768802,12,630.307,357.377,mc,5,1784569735202
1784569768802,13,460.402,494.677,mc,2,1784569735202
1784569768802,14,677.853,551.884,mc,3,1784569735202
1784569768802,15,390.569,484.989,mc,2,1784569735202
1784569768902,1,471.154,312.229,mc,5,1784569735202
1784569768902,2,236.093,237.046,mc,5,1784569735202
1784569768902,3,457.224,381.561,mc,3,1784569735202
1784569768902,4,333.011,295.569,mc,5,1784569735202
1784569768902,5,785.706,416.885,mc,3,1784569735202
1784569768902,6,77.7817,375.076,mc,5,1784569735202
1784569768902,7,428.068,629.008,mc,4,1784569735202
1784569768902,8,324.133,527.237,mc,4,1784569735202
1784569768902,9,578.95,739.793,mc,2,1784569735202
1784569768902,10,217.501,464.403,mc,4,1784569735202
1784569768902,11,651.208,366.586,mc,3,1784569735202
1784569768902,12,630.737,357.58,mc,5,1784569735202
1784569768902,13,460.777,494.837,mc,2,1784569735202
1784569768902,14,677.677,552.156,mc,3,1784569735202
1784569768902,15,391.109,485.113,mc,2,1784569735202
1784569769002,1,471.189,312.78,mc,5,1784569735202
1784569769002,2,235.976,236.692,mc,5,1784569735202
1784569769002,3,457.011,381.872,mc,3,1784569735202
1784569769002,4,332.588,295.75,mc,5,1784569735202
1784569769002,5,785.823,417.202,mc,3,1784569735202
1784569769002,6,77.4016,374.805,mc,5,1784569735202
1784569769002,7,428.271,628.764,mc,4,1784569735202
1784569769002,8,324.273,527.645,mc,4,1784569735202
1784569769002,9,579.448,739.644,mc,2,1784569735202
1784569769002,10,217.128,464.074,mc,4,1784569735202
1784569769002,11,651.531,366.224,mc,3,1784569735202
1784569769002,12,631.167,357.784,mc,5,1784569735202
1784569769002,13,461.152,494.998,mc,2,1784569735202
1784569769002,14,677.501,552.427,mc,3,1784569735202
1784569769002,15,391.649,485.238,mc,2,1784569735202
1784569769102,1,471.223,313.332,mc,5,1784569735202
1784569769102,2,235.859,236.339,mc,5,1784569735202
1784569769102,3,456.798,382.183,mc,3,1784569735202
1784569769102,4,332.164,295.931,mc,5,1784569735202
1784569769102,5,785.941,417.519,mc,3,1784569735202
1784569769102,6,77.0216,374.533,mc,5,1784569735202
1784569769102,7,428.475,628.519,mc,4,1784569735202
1784569769102,8,324.414,528.053,mc,4,1784569735202
1784569769102,9,579.946,739.495,mc,2,1784569735202
1784569769102,10,216.754,463.746,mc,4,1784569735202
1784569769102,11,651.853,365.861,mc,3,1784569735202
1784569769102,12,631.597,357.988,mc,5,1784569735202
1784569769102,13,461.526,495.159,mc,2,1784569735202
1784569769102,14,677.325,552.698,mc,3,1784569735202
1784569769102,15,392.189,485.362,mc,2,1784569735202
1784569769202,1,471.258,313.883,mc,5,1784569735202
1784569769202,2,235.742,235.985,mc,5,1784569735202
1784569769202,3,456.585,382.494,mc,3,1784569735202
1784569769202,4,331.741,296.112,mc,5,1784569735202
1784569769202,5,786.058,417.835,mc,3,1784569735202
1784569769202,6,76.6415,374.261,mc,5,1784569735202
1784569769202,7,428.679,628.275,mc,4,1784569735202
1784569769202,8,324.554,528.462,mc,4,1784569735202
1784569769202,9,580.444,739.346,mc,2,1784569735202
1784569769202,10,216.381,463.417,mc,4,1784569735202
1784569769202,11,652.176,365.498,mc,3,1784569735202
1784569769202,12,632.026,358.191,mc,5,1784569735202
1784569769202,13,461.901,495.32,mc,2,1784569735202
1784569769202,14,677.148,552.97,mc,3,1784569735202
1784569769202,15,392.729,485.486,mc,2,1784569735202
1784569769302,1,471.293,314.435,mc,5,1784569735202
1784569769302,2,235.625,235.631,mc,5,1784569735202
1784569769302,3,456.351,382.815,mc,3,1784569735202
1784569769302,4,331.318,296.293,mc,5,1784569735202
1784569769302,5,786.175,418.152,mc,3,1784569735202
1784569769302,6,76.2615,373.989,mc,5,1784569735202
1784569769302,7,428.882,628.03,mc,4,1784569735202
1784569769302,8,324.694,528.87,mc,4,1784569735202
1784569769302,9,580.942,739.197,mc,2,1784569735202
1784569769302,10,216.008,463.088,mc,4,1784569735202
1784569769302,11,652.498,365.135,mc,3,1784569735202
1784569769302,12,632.456,358.395,mc,5,1784569735202
1784569769302,13,462.275,495.481,mc,2,1784569735202
1784569769302,14,676.972,553.241,mc,3,1784569735202
1784569769302,15,393.269,485.61,mc,2,1784569735202
1784569769402,1,471.328,314.987,mc,5,1784569735202
1784569769402,2,235.508,235.277,mc,5,1784569735202
1784569769402,3,455.982,383.2,mc,3,1784569735202
1784569769402,4,330.895,296.474,mc,5,1784569735202
1784569769402,5,786.293,418.469,mc,3,1784569735202
1784569769402,6,75.8814,373.718,mc,5,1784569735202
1784569769402,7,429.086,627.786,mc,4,1784569735202
1784569769402,8,324.834,529.278,mc,4,1784569735202
1784569769402,9,581.44,739.048,mc,2,1784569735202
1784569769402,10,215.635,462.76,mc,4,1784569735202
1784569769402,11,652.82,364.773,mc,3,1784569735202
1784569769402,12,632.886,358.598,mc,5,1784569735202
1784569769402,13,462.65,495.642,mc,2,1784569735202
1784569769402,14,676.796,553.513,mc,3,1784569735202
1784569769402,15,393.809,485.734,mc,2,1784569735202
1784569769502,1,471.363,315.538,mc,5,1784569735202
1784569769502,2,235.391,234.923,mc,5,1784569735202
1784569769502,3,455.612,383.585,mc,3,1784569735202
1784569769502,4,330.472,296.655,mc,5,1784569735202
1784569769502,5,786.41,418.785,mc,3,1784569735202
1784569769502,6,75.5014,373.446,mc,5,1784569735202
1784569769502,7,429.289,627.541,mc,4,1784569735202
1784569769502,8,324.975,529.686,mc,4,1784569735202
1784569769502,9,581.938,738.899,mc,2,1784569735202
1784569769502,10,215.262,462.431,mc,4,1784569735202
1784569769502,11,653.143,364.41,mc,3,1784569735202
1784569769502,12,633.315,358.802,mc,5,1784569735202
1784569769502,13,463.024,495.803,mc,2,1784569735202
1784569769502,14,676.62,553.784,mc,3,1784569735202
1784569769502,15,394.349,485.858,mc,2,1784569735202
1784569769602,1,471.397,316.09,mc,5,1784569735202
1784569769602,2,235.274,234.569,mc,5,1784569735202
1784569769602,3,455.243,383.97,mc,3,1784569735202
1784569769602,4,330.048,296.836,mc,5,1784569735202
1784569769602,5,786.528,419.102,mc,3,1784569735202
1784569769602,6,75.1213,373.174,mc,5,1784569735202
1784569769602,7,429.493,627.296,mc,4,1784569735202
1784569769602,8,325.115,530.095,mc,4,1784569735202
1784569769602,9,582.436,738.75,mc,2,1784569735202
1784569769602,10,214.889,462.103,mc,4,1784569735202
1784569769602,11,653.465,364.047,mc,3,1784569735202
1784569769602,12,633.745,359.006,mc,5,1784569735202
1784569769602,13,463.399,495.964,mc,2,1784569735202
1784569769602,14,676.443,554.056,mc,3,1784569735202
1784569769602,15,394.889,485.982,mc,2,1784569735202
1784569769702,1,471.432,316.641,mc,5,1784569735202
1784569769702,2,235.156,234.216,mc,5,1784569735202
1784569769702,3,454.874,384.355,mc,3,1784569735202
1784569769702,4,329.625,297.017,mc,5,1784569735202
1784569769702,5,786.645,419.419,mc,3,1784569735202
1784569769702,6,74.7413,372.903,mc,5,1784569735202
1784569769702,7,429.696,627.052,mc,4,1784569735202
1784569769702,8,325.255,530.503,mc,4,1784569735202
1784569769702,9,582.934,738.601,mc,2,1784569735202
1784569769702,10,214.516,461.774,mc,4,1784569735202
1784569769702,11,653.787,363.684,mc,3,1784569735202
1784569769702,12,634.175,359.209,mc,5,1784569735202
1784569769702,13,463.773,496.125,mc,2,1784569735202
1784569769702,14,676.267,554.327,mc,3,1784569735202
1784569769702,15,395.429,486.107,mc,2,1784569735202
1784569769802,1,471.467,317.193,mc,5,1784569735202
1784569769802,2,235.039,233.862,mc,5,1784569735202
1784569769802,3,454.504,384.74,mc,3,1784569735202
1784569769802,4,329.202,297.197,mc,5,1784569735202
1784569769802,5,786.762,419.735,mc,3,1784569735202
1784569769802,6,74.3612,372.631,mc,5,1784569735202
1784569769802,7,429.9,626.807,mc,4,1784569735202
1784569769802,8,325.396,530.911,mc,4,1784569735202
1784569769802,9,583.432,738.452,mc,2,1784569735202
1784569769802,10,214.143,461.446,mc,4,1784569735202
1784569769802,11,654.11,363.322,mc,3,1784569735202
1784569769802,12,634.604,359.413,mc,5,1784569735202
1784569769802,13,464.148,496.286,mc,2,1784569735202
1784569769802,14,676.091,554.599,mc,3,1784569735202
1784569769802,15,395.969,486.231,mc,2,1784569735202
1784569769902,1,471.502,317.745,mc,5,1784569735202
1784569769902,2,234.922,233.508,mc,5,1784569735202
1784569769902,3,454.135,385.125,mc,3,1784569735202
1784569769902,4,328.779,297.378,mc,5,1784569735202
1784569769902,5,786.88,420.052,mc,3,1784569735202
1784569769902,6,73.9812,372.359,mc,5,1784569735202
1784569769902,7,430.104,626.563,mc,4,1784569735202
1784569769902,8,325.536,531.32,mc,4,1784569735202
1784569769902,9,583.93,738.303,mc,2,1784569735202
1784569769902,10,213.77,461.117,mc,4,1784569735202
1784569769902,11,654.432,362.959,mc,3,1784569735202
1784569769902,12,635.034,359.617,mc,5,1784569735202
1784569769902,13,464.522,496.447,mc,2,1784569735202
1784569769902,14,675.915,554.87,mc,3,1784569735202
1784569769902,15,396.509,486.355,mc,2,1784569735202
1784569770002,1,471.537,318.296,mc,5,1784569735202
1784569770002,2,234.805,233.154,mc,5,1784569735202
1784569770002,3,453.765,385.51,mc,3,1784569735202
1784569770002,4,328.355,297.559,mc,5,1784569735202
1784569770002,5,786.997,420.369,mc,3,1784569735202
1784569770002,6,73.6011,372.087,mc,5,1784569735202
1784569770002,7,430.307,626.318,mc,4,1784569735202
1784569770002,8,325.676,531.728,mc,4,1784569735202
1784569770002,9,584.428,738.154,mc,2,1784569735202
1784569770002,10,213.396,460.789,mc,4,1784569735202
1784569770002,11,654.231,362.631,mc,3,1784569735202
1784569770002,12,635.464,359.82,mc,5,1784569735202
1784569770002,13,464.897,496.608,mc,2,1784569735202
1784569770002,14,675.738,555.142,mc,3,1784569735202
1784569770002,15,397.049,486.479,mc,2,1784569735202
1784569770102,1,471.572,318.848,mc,5,1784569735202
1784569770102,2,234.688,232.8,mc,5,1784569735202
1784569770102,3,453.396,385.895,mc,3,1784569735202
1784569770102,4,327.932,297.74,mc,5,1784569735202
1784569770102,5,787.114,420.686,mc,3,1784569735202
1784569770102,6,73.2211,371.816,mc,5,1784569735202
1784569770102,7,430.511,626.074,mc,4,1784569735202
1784569770102,8,325.817,532.136,mc,4,1784569735202
1784569770102,9,584.926,738.005,mc,2,1784569735202
1784569770102,10,213.023,460.46,mc,4,1784569735202
1784569770102,11,654.022,362.303,mc,3,1784569735202
1784569770102,12,635.894,360.024,mc,5,1784569735202
1784569770102,13,465.272,496.769,mc,2,1784569735202
1784569770102,14,675.562,555.413,mc,3,1784569735202
1784569770102,15,397.589,486.603,mc,2,1784569735202
1784569770202,1,471.606,319.399,mc,5,1784569735202
1784569770202,2,234.571,232.446,mc,5,1784569735202
1784569770202,3,453.026,386.28,mc,3,1784569735202
1784569770202,4,327.509,297.921,mc,5,1784569735202
1784569770202,5,787.232,421.002,mc,3,1784569735202
1784569770202,6,72.841,371.544,mc,5,1784569735202
1784569770202,7,430.714,625.829,mc,4,1784569735202
1784569770202,8,325.957,532.544,mc,4,1784569735202
1784569770202,9,585.424,737.856,mc,2,1784569735202
1784569770202,10,212.65,460.132,mc,4,1784569735202
1784569770202,11,653.814,361.976,mc,3,1784569735202
1784569770202,12,636.323,360.228,mc,5,1784569735202
1784569770202,13,465.646,496.93,mc,2,1784569735202
1784569770202,14,675.386,555.685,mc,3,1784569735202
1784569770202,15,398.129,486.727,mc,2,1784569735202
1784569770302,1,471.641,319.951,mc,5,1784569735202
1784569770302,2,234.454,232.092,mc,5,1784569735202
1784569770302,3,452.657,386.665,mc,3,1784569735202
1784569770302,4,327.086,298.102,mc,5,1784569735202
1784569770302,5,787.349,421.319,mc,3,1784569735202
1784569770302,6,72.461,371.272,mc,5,1784569735202
1784569770302,7,430.918,625.585,mc,4,1784569735202
1784569770302,8,326.097,532.953,mc,4,1784569735202
1784569770302,9,585.922,737.707,mc,2,1784569735202
1784569770302,10,212.277,459.803,mc,4,1784569735202
1784569770302,11,653.606,361.648,mc,3,1784569735202
1784569770302,12,636.753,360.431,mc,5,1784569735202
1784569770302,13,466.021,497.09,mc,2,1784569735202
1784569770302,14,675.21,555.956,mc,3,1784569735202
1784569770302,15,398.669,486.851,mc,2,1784569735202
1784569770402,1,471.676,320.503,mc,5,1784569735202
1784569770402,2,234.337,231.739,mc,5,1784569735202
1784569770402,3,452.288,387.05,mc,3,1784569735202
1784569770402,4,326.662,298.283,mc,5,1784569735202
1784569770402,5,787.467,421.636,mc,3,1784569735202
1784569770402,6,72.0809,371.001,mc,5,1784569735202
1784569770402,7,431.121,625.34,mc,4,1784569735202
1784569770402,8,326.238,533.361,mc,4,1784569735202
1784569770402,9,586.419,737.558,mc,2,1784569735202
1784569770402,10,211.904,459.474,mc,4,1784569735202
1784569770402,11,653.397,361.321,mc,3,1784569735202
1784569770402,12,637.183,360.635,mc,5,1784569735202
1784569770402,13,466.395,497.251,mc,2,1784569735202
1784569770402,14,675.034,556.227,mc,3,1784569735202
1784569770402,15,399.209,486.976,mc,2,1784569735202
1784569770502,1,471.711,321.054,mc,5,1784569735202
1784569770502,2,234.219,231.385,mc,5,1784569735202
1784569770502,3,451.918,387.435,mc,3,1784569735202
1784569770502,4,326.239,298.464,mc,5,1784569735202
1784569770502,5,787.584,421.952,mc,3,1784569735202
1784569770502,6,71.7009,370.729,mc,5,1784569735202
1784569770502,7,431.325,625.096,mc,4,1784569735202
1784569770502,8,326.378,533.769,mc,4,1784569735202
1784569770502,9,586.917,737.409,mc,2,1784569735202
1784569770502,10,212.056,459.107,mc,4,1784569735202
1784569770502,11,653.189,360.993,mc,3,1784569735202
1784569770502,12,637.612,360.839,mc,5,1784569735202
1784569770502,13,466.77,497.412,mc,2,1784569735202
1784569770502,14,674.857,556.499,mc,3,1784569735202
1784569770502,15,399.749,487.1,mc,2,1784569735202
1784569770602,1,471.746,321.606,mc,5,1784569735202
1784569770602,2,234.102,231.031,mc,5,1784569735202
1784569770602,3,451.549,387.82,mc,3,1784569735202
1784569770602,4,325.816,298.645,mc,5,1784569735202
1784569770602,5,787.701,422.269,mc,3,1784569735202
1784569770602,6,71.3208,370.457,mc,5,1784569735202
1784569770602,7,431.528,624.851,mc,4,1784569735202
1784569770602,8,326.518,534.177,mc,4,1784569735202
1784569770602,9,587.415,737.26,mc,2,1784569735202
1784569770602,10,212.3,458.733,mc,4,1784569735202
1784569770602,11,652.981,360.666,mc,3,1784569735202
1784569770602,12,638.031,361.048,mc,5,1784569735202
1784569770602,13,467.144,497.573,mc,2,1784569735202
1784569770602,14,674.681,556.77,mc,3,1784569735202
1784569770602,15,400.289,487.224,mc,2,1784569735202
1784569770702,1,471.781,322.157,mc,5,1784569735202
1784569770702,2,233.985,230.677,mc,5,1784569735202
1784569770702,3,451.179,388.205,mc,3,1784569735202
1784569770702,4,325.393,298.826,mc,5,1784569735202
1784569770702,5,787.819,422.586,mc,3,1784569735202
1784569770702,6,70.9408,370.185,mc,5,1784569735202
1784569770702,7,431.732,624.607,mc,4,1784569735202
1784569770702,8,326.659,534.586,mc,4,1784569735202
1784569770702,9,587.913,737.111,mc,2,1784569735202
1784569770702,10,212.544,458.359,mc,4,1784569735202
1784569770702,11,652.772,360.338,mc,3,1784569735202
1784569770702,12,638.439,361.264,mc,5,1784569735202
1784569770702,13,467.519,497.734,mc,2,1784569735202
1784569770702,14,674.505,557.042,mc,3,1784569735202
1784569770702,15,400.829,487.348,mc,2,1784569735202
1784569770802,1,471.815,322.709,mc,5,1784569735202
1784569770802,2,233.868,230.323,mc,5,1784569735202
1784569770802,3,450.81,388.59,mc,3,1784569735202
1784569770802,4,324.97,299.007,mc,5,1784569735202
1784569770802,5,787.936,422.902,mc,3,1784569735202
1784569770802,6,70.7997,370.233,mc,5,1784569735202
1784569770802,7,431.936,624.362,mc,4,1784569735202
1784569770802,8,326.799,534.994,mc,4,1784569735202
1784569770802,9,588.411,736.962,mc,2,1784569735202
1784569770802,10,212.789,457.985,mc,4,1784569735202
1784569770802,11,652.564,360.011,mc,3,1784569735202
1784569770802,12,638.848,361.48,mc,5,1784569735202
1784569770802,13,467.893,497.895,mc,2,1784569735202
1784569770802,14,674.329,557.313,mc,3,1784569735202
1784569770802,15,401.369,487.472,mc,2,1784569735202
1784569770902,1,471.85,323.261,mc,5,1784569735202
1784569770902,2,233.751,229.969,mc,5,1784569735202
1784569770902,3,450.441,388.975,mc,3,1784569735202
1784569770902,4,324.546,299.188,mc,5,1784569735202
1784569770902,5,788.054,423.219,mc,3,1784569735202
1784569770902,6,71.0226,370.766,mc,5,1784569735202
1784569770902,7,432.139,624.117,mc,4,1784569735202
1784569770902,8,326.939,535.402,mc,4,1784569735202
1784569770902,9,588.909,736.813,mc,2,1784569735202
1784569770902,10,213.033,457.611,mc,4,1784569735202
1784569770902,11,652.355,359.684,mc,3,1784569735202
1784569770902,12,639.256,361.696,mc,5,1784569735202
1784569770902,13,468.268,498.056,mc,2,1784569735202
1784569770902,14,674.152,557.585,mc,3,1784569735202
1784569770902,15,401.909,487.596,mc,2,1784569735202
1784569771002,1,471.885,323.812,mc,5,1784569735202
1784569771002,2,233.634,229.616,mc,5,1784569735202
1784569771002,3,450.071,389.36,mc,3,1784569735202
1784569771002,4,324.123,299.369,mc,5,1784569735202
1784569771002,5,788.171,423.536,mc,3,1784569735202
1784569771002,6,71.2455,371.299,mc,5,1784569735202
1784569771002,7,432.343,623.873,mc,4,1784569735202
1784569771002,8,327.08,535.81,mc,4,1784569735202
1784569771002,9,589.407,736.664,mc,2,1784569735202
1784569771002,10,213.277,457.237,mc,4,1784569735202
1784569771002,11,652.147,359.356,mc,3,1784569735202
1784569771002,12,639.664,361.911,mc,5,1784569735202
1784569771002,13,468.643,498.217,mc,2,1784569735202
1784569771002,14,673.976,557.856,mc,3,1784569735202
1784569771002,15,402.449,487.72,mc,2,1784569735202
1784569771102,1,471.92,324.364,mc,5,1784569735202
1784569771102,2,233.517,229.262,mc,5,1784569735202
1784569771102,3,449.702,389.745,mc,3,1784569735202
1784569771102,4,323.7,299.55,mc,5,1784569735202
1784569771102,5,788.288,423.852,mc,3,1784569735202
1784569771102,6,71.4685,371.832,mc,5,1784569735202
1784569771102,7,432.546,623.628,mc,4,1784569735202
1784569771102,8,327.22,536.219,mc,4,1784569735202
1784569771102,9,589.905,736.515,mc,2,1784569735202
1784569771102,10,213.521,456.863,mc,4,1784569735202
1784569771102,11,651.939,359.029,mc,3,1784569735202
1784569771102,12,640.072,362.127,mc,5,1784569735202
1784569771102,13,469.017,498.378,mc,2,1784569735202
1784569771102,14,673.8,558.128,mc,3,1784569735202
1784569771102,15,402.989,487.845,mc,2,1784569735202
1784569771202,1,471.955,324.916,mc,5,1784569735202
1784569771202,2,233.4,228.908,mc,5,1784569735202
1784569771202,3,449.332,390.13,mc,3,1784569735202
1784569771202,4,323.277,299.731,mc,5,1784569735202
1784569771202,5,788.406,424.169,mc,3,1784569735202
1784569771202,6,71.6914,372.365,mc,5,1784569735202
1784569771202,7,432.75,623.384,mc,4,1784569735202
1784569771202,8,327.36,536.627,mc,4,1784569735202
1784569771202,9,590.403,736.366,mc,2,1784569735202
1784569771202,10,213.765,456.489,mc,4,1784569735202
1784569771202,11,651.73,358.701,mc,3,1784569735202
1784569771202,12,640.48,362.343,mc,5,1784569735202
1784569771202,13,469.392,498.539,mc,2,1784569735202
1784569771202,14,673.624,558.399,mc,3,1784569735202
1784569771202,15,403.529,487.969,mc,2,1784569735202
1784569771302,1,471.99,325.467,mc,5,1784569735202
1784569771302,2,233.283,228.554,mc,5,1784569735202
1784569771302,3,448.963,390.515,mc,3,1784569735202
1784569771302,4,322.853,299.912,mc,5,1784569735202
1784569771302,5,788.523,424.486,mc,3,1784569735202
1784569771302,6,71.9143,372.898,mc,5,1784569735202
1784569771302,7,432.953,623.139,mc,4,1784569735202
1784569771302,8,327.501,537.035,mc,4,1784569735202
1784569771302,9,590.901,736.217,mc,2,1784569735202
1784569771302,10,214.009,456.115,mc,4,1784569735202
1784569771302,11,651.522,358.374,mc,3,1784569735202
1784569771302,12,640.889,362.559,mc,5,1784569735202
1784569771302,13,469.766,498.7,mc,2,1784569735202
1784569771302,14,673.448,558.671,mc,3,1784569735202
1784569771302,15,404.069,488.093,mc,2,1784569735202
1784569771402,1,472.024,326.019,mc,5,1784569735202
1784569771402,2,233.165,228.2,mc,5,1784569735202
1784569771402,3,448.593,390.9,mc,3,1784569735202
1784569771402,4,322.43,300.093,mc,5,1784569735202
1784569771402,5,788.64,424.803,mc,3,1784569735202
1784569771402,6,72.1372,373.431,mc,5,1784569735202
1784569771402,7,433.157,622.895,mc,4,1784569735202
1784569771402,8,327.641,537.443,mc,4,1784569735202
1784569771402,9,591.399,736.068,mc,2,1784569735202
1784569771402,10,214.253,455.741,mc,4,1784569735202
1784569771402,11,651.314,358.046,mc,3,1784569735202
1784569771402,12,641.297,362.775,mc,5,1784569735202
1784569771402,13,470.141,498.861,mc,2,1784569735202
1784569771402,14,673.271,558.942,mc,3,1784569735202
1784569771402,15,404.609,488.217,mc,2,1784569735202
1784569771502,1,472.059,326.57,mc,5,1784569735202
1784569771502,2,233.048,227.846,mc,5,1784569735202
1784569771502,3,448.224,391.285,mc,3,1784569735202
1784569771502,4,322.007,300.274,mc,5,1784569735202
1784569771502,5,788.758,425.119,mc,3,1784569735202
1784569771502,6,72.3602,373.964,mc,5,1784569735202
1784569771502,7,433.36,622.65,mc,4,1784569735202
1784569771502,8,327.781,537.852,mc,4,1784569735202
1784569771502,9,591.897,735.919,mc,2,1784569735202
1784569771502,10,214.497,455.367,mc,4,1784569735202
1784569771502,11,651.105,357.719,mc,3,1784569735202
1784569771502,12,641.705,362.99,mc,5,1784569735202
1784569771502,13,470.515,499.022,mc,2,1784569735202
1784569771502,14,673.095,559.214,mc,3,1784569735202
1784569771502,15,405.149,488.341,mc,2,1784569735202
1784569771602,1,472.094,327.122,mc,5,1784569735202
1784569771602,2,232.931,227.492,mc,5,1784569735202
1784569771602,3,447.855,391.67,mc,3,1784569735202
1784569771602,4,321.584,300.455,mc,5,1784569735202
1784569771602,5,788.875,425.436,mc,3,1784569735202
1784569771602,6,72.5831,374.497,mc,5,1784569735202
1784569771602,7,433.564,622.406,mc,4,1784569735202
1784569771602,8,327.922,538.26,mc,4,1784569735202
1784569771602,9,592.395,735.77,mc,2,1784569735202
1784569771602,10,214.741,454.993,mc,4,1784569735202
1784569771602,11,650.897,357.391,mc,3,1784569735202
1784569771602,12,642.113,363.206,mc,5,1784569735202
1784569771602,13,470.89,499.183,mc,2,1784569735202
1784569771602,14,672.919,559.485,mc,3,1784569735202
1784569771602,15,405.689,488.465,mc,2,1784569735202
1784569771702,1,472.129,327.674,mc,5,1784569735202
1784569771702,2,232.814,227.139,mc,5,1784569735202
1784569771702,3,447.485,392.055,mc,3,1784569735202
1784569771702,4,321.161,300.636,mc,5,1784569735202
1784569771702,5,788.993,425.753,mc,3,1784569735202
1784569771702,6,72.806,375.03,mc,5,1784569735202
1784569771702,7,433.768,622.161,mc,4,1784569735202
1784569771702,8,328.062,538.668,mc,4,1784569735202
1784569771702,9,592.893,735.621,mc,2,1784569735202
1784569771702,10,214.985,454.619,mc,4,1784569735202
1784569771702,11,650.689,357.064,mc,3,1784569735202
1784569771702,12,642.521,363.422,mc,5,1784569735202
1784569771702,13,471.264,499.343,mc,2,1784569735202
1784569771702,14,672.743,559.756,mc,3,1784569735202
1784569771702,15,406.229,488.589,mc,2,1784569735202
1784569771802,1,472.164,328.225,mc,5,1784569735202
1784569771802,2,232.697,226.785,mc,5,1784569735202
1784569771802,3,447.116,392.44,mc,3,1784569735202
1784569771802,4,320.737,300.817,mc,5,1784569735202
1784569771802,5,789.11,426.069,mc,3,1784569735202
1784569771802,6,73.0289,375.563,mc,5,1784569735202
1784569771802,7,433.971,621.917,mc,4,1784569735202
1784569771802,8,328.202,539.077,mc,4,1784569735202
1784569771802,9,593.391,735.472,mc,2,1784569735202
1784569771802,10,215.229,454.245,mc,4,1784569735202
1784569771802,11,650.48,356.736,mc,3,1784569735202
1784569771802,12,642.93,363.638,mc,5,1784569735202
1784569771802,13,471.639,499.504,mc,2,1784569735202
1784569771802,14,672.566,560.028,mc,3,1784569735202
1784569771802,15,406.769,488.714,mc,2,1784569735202
1784569771902,1,472.199,328.777,mc,5,1784569735202
1784569771902,2,232.58,226.431,mc,5,1784569735202
1784569771902,3,446.746,392.825,mc,3,1784569735202
1784569771902,4,320.314,300.998,mc,5,1784569735202
1784569771902,5,789.227,426.386,mc,3,1784569735202
1784569771902,6,73.2519,376.096,mc,5,1784569735202
1784569771902,7,434.175,621.672,mc,4,1784569735202
1784569771902,8,328.343,539.485,mc,4,1784569735202
1784569771902,9,593.889,735.323,mc,2,1784569735202
1784569771902,10,215.473,453.871,mc,4,1784569735202
1784569771902,11,650.272,356.409,mc,3,1784569735202
1784569771902,12,643.338,363.853,mc,5,1784569735202
1784569771902,13,472.013,499.665,mc,2,1784569735202
1784569771902,14,672.39,560.299,mc,3,1784569735202
1784569771902,15,407.309,488.838,mc,2,1784569735202
1784569772002,1,472.233,329.328,mc,5,1784569735202
1784569772002,2,232.463,226.077,mc,5,1784569735202
1784569772002,3,446.377,393.21,mc,3,1784569735202
1784569772002,4,319.891,301.179,mc,5,1784569735202
1784569772002,5,789.345,426.703,mc,3,1784569735202
1784569772002,6,73.4748,376.629,mc,5,1784569735202
1784569772002,7,434.378,621.428,mc,4,1784569735202
1784569772002,8,328.483,539.893,mc,4,1784569735202
1784569772002,9,594.387,735.174,mc,2,1784569735202
1784569772002,10,215.717,453.497,mc,4,1784569735202
1784569772002,11,650.063,356.081,mc,3,1784569735202
1784569772002,12,643.746,364.069,mc,5,1784569735202
1784569772002,13,472.388,499.826,mc,2,1784569735202
1784569772002,14,672.214,560.571,mc,3,1784569735202
1784569772002,15,407.849,488.962,mc,2,1784569735202
1784569772102,1,472.268,329.88,mc,5,1784569735202
1784569772102,2,232.346,225.723,mc,5,1784569735202
1784569772102,3,446.008,393.595,mc,3,1784569735202
1784569772102,4,319.468,301.36,mc,5,1784569735202
1784569772102,5,789.462,427.019,mc,3,1784569735202
1784569772102,6,73.6977,377.162,mc,5,1784569735202
1784569772102,7,434.582,621.183,mc,4,1784569735202
1784569772102,8,328.623,540.301,mc,4,1784569735202
1784569772102,9,594.885,735.025,mc,2,1784569735202
1784569772102,10,215.961,453.123,mc,4,1784569735202
1784569772102,11,649.855,355.754,mc,3,1784569735202
1784569772102,12,644.154,364.285,mc,5,1784569735202
1784569772102,13,472.763,499.987,mc,2,1784569735202
1784569772102,14,672.038,560.842,mc,3,1784569735202
1784569772102,15,408.389,489.086,mc,2,1784569735202
1784569772202,1,472.303,330.432,mc,5,1784569735202
1784569772202,2,232.228,225.369,mc,5,1784569735202
1784569772202,3,445.638,393.98,mc,3,1784569735202
1784569772202,4,319.044,301.541,mc,5,1784569735202
1784569772202,5,789.58,427.336,mc,3,1784569735202
1784569772202,6,73.9206,377.695,mc,5,1784569735202
1784569772202,7,434.785,620.938,mc,4,1784569735202
1784569772202,8,328.764,540.71,mc,4,1784569735202
1784569772202,9,595.383,734.876,mc,2,1784569735202
1784569772202,10,216.205,452.749,mc,4,1784569735202
1784569772202,11,649.647,355.426,mc,3,1784569735202
1784569772202,12,644.563,364.501,mc,5,1784569735202
1784569772202,13,473.137,500.148,mc,2,1784569735202
1784569772202,14,671.862,561.114,mc,3,1784569735202
1784569772202,15,408.336,488.77,mc,2,1784569735202
1784569772302,1,472.338,330.983,mc,5,1784569735202
1784569772302,2,232.111,225.016,mc,5,1784569735202
1784569772302,3,445.269,394.365,mc,3,1784569735202
1784569772302,4,318.621,301.722,mc,5,1784569735202
1784569772302,5,789.697,427.653,mc,3,1784569735202
1784569772302,6,74.1436,378.228,mc,5,1784569735202
1784569772302,7,434.989,620.694,mc,4,1784569735202
1784569772302,8,328.904,541.118,mc,4,1784569735202
1784569772302,9,595.88,734.727,mc,2,1784569735202
1784569772302,10,216.449,452.375,mc,4,1784569735202
1784569772302,11,649.438,355.099,mc,3,1784569735202
1784569772302,12,644.971,364.717,mc,5,1784569735202
1784569772302,13,473.512,500.309,mc,2,1784569735202
1784569772302,14,671.685,561.385,mc,3,1784569735202
1784569772302,15,408.037,488.272,mc,2,1784569735202
1784569772402,1,472.373,331.535,mc,5,1784569735202
1784569772402,2,231.994,224.662,mc,5,1784569735202
1784569772402,3,444.899,394.75,mc,3,1784569735202
1784569772402,4,318.198,301.903,mc,5,1784569735202
1784569772402,5,789.814,427.969,mc,3,1784569735202
1784569772402,6,74.3665,378.761,mc,5,1784569735202
1784569772402,7,435.193,620.449,mc,4,1784569735202
1784569772402,8,329.044,541.526,mc,4,1784569735202
1784569772402,9,596.378,734.578,mc,2,1784569735202
1784569772402,10,216.693,452.001,mc,4,1784569735202
1784569772402,11,649.23,354.771,mc,3,1784569735202
1784569772402,12,645.379,364.932,mc,5,1784569735202
1784569772402,13,473.886,500.47,mc,2,1784569735202
1784569772402,14,671.509,561.657,mc,3,1784569735202
1784569772402,15,407.738,487.774,mc,2,1784569735202
1784569772502,1,472.407,332.086,mc,5,1784569735202
1784569772502,2,231.877,224.308,mc,5,1784569735202
1784569772502,3,444.53,395.135,mc,3,1784569735202
1784569772502,4,317.775,302.084,mc,5,1784569735202
1784569772502,5,789.932,428.286,mc,3,1784569735202
1784569772502,6,74.5894,379.294,mc,5,1784569735202
1784569772502,7,435.396,620.205,mc,4,1784569735202
1784569772502,8,329.185,541.934,mc,4,1784569735202
1784569772502,9,596.876,734.429,mc,2,1784569735202
1784569772502,10,216.937,451.627,mc,4,1784569735202
1784569772502,11,649.022,354.444,mc,3,1784569735202
1784569772502,12,645.787,365.148,mc,5,1784569735202
1784569772502,13,474.261,500.631,mc,2,1784569735202
1784569772502,14,671.333,561.928,mc,3,1784569735202
1784569772502,15,407.439,487.276,mc,2,1784569735202
1784569772602,1,472.442,332.638,mc,5,1784569735202
1784569772602,2,231.76,223.954,mc,5,1784569735202
1784569772602,3,444.16,395.52,mc,3,1784569735202
1784569772602,4,317.352,302.264,mc,5,1784569735202
1784569772602,5,790.049,428.603,mc,3,1784569735202
1784569772602,6,74.8123,379.827,mc,5,1784569735202
1784569772602,7,435.6,619.96,mc,4,1784569735202
1784569772602,8,329.325,542.343,mc,4,1784569735202
1784569772602,9,597.374,734.28,mc,2,1784569735202
1784569772602,10,217.181,451.253,mc,4,1784569735202
1784569772602,11,648.813,354.116,mc,3,1784569735202
1784569772602,12,646.195,365.364,mc,5,1784569735202
1784569772602,13,474.635,500.792,mc,2,1784569735202
1784569772602,14,671.157,562.2,mc,3,1784569735202
1784569772602,15,407.14,486.777,mc,2,1784569735202
1784569772702,1,472.477,333.19,mc,5,1784569735202
1784569772702,2,231.643,223.6,mc,5,1784569735202
1784569772702,3,443.791,395.905,mc,3,1784569735202
1784569772702,4,316.928,302.445,mc,5,1784569735202
1784569772702,5,790.166,428.92,mc,3,1784569735202
1784569772702,6,75.0353,380.361,mc,5,1784569735202
1784569772702,7,435.803,619.716,mc,4,1784569735202
1784569772702,8,329.465,542.751,mc,4,1784569735202
1784569772702,9,597.872,734.131,mc,2,1784569735202
1784569772702,10,217.425,450.879,mc,4,1784569735202
1784569772702,11,648.605,353.789,mc,3,1784569735202
1784569772702,12,646.604,365.58,mc,5,1784569735202
1784569772702,13,475.01,500.953,mc,2,1784569735202
1784569772702,14,670.98,562.471,mc,3,1784569735202
1784569772702,15,406.842,486.279,mc,2,1784569735202
1784569772802,1,472.512,333.741,mc,5,1784569735202
1784569772802,2,231.526,223.246,mc,5,1784569735202
1784569772802,3,443.422,396.29,mc,3,1784569735202
1784569772802,4,316.505,302.626,mc,5,1784569735202
1784569772802,5,790.284,429.236,mc,3,1784569735202
1784569772802,6,75.2582,380.894,mc,5,1784569735202
1784569772802,7,436.007,619.471,mc,4,1784569735202
1784569772802,8,329.606,543.159,mc,4,1784569735202
1784569772802,9,598.37,733.982,mc,2,1784569735202
1784569772802,10,217.669,450.505,mc,4,1784569735202
1784569772802,11,648.396,353.461,mc,3,1784569735202
1784569772802,12,647.012,365.796,mc,5,1784569735202
1784569772802,13,475.384,501.114,mc,2,1784569735202
1784569772802,14,670.804,562.743,mc,3,1784569735202
1784569772802,15,406.543,485.781,mc,2,1784569735202
1784569772902,1,472.547,334.293,mc,5,1784569735202
1784569772902,2,231.409,222.892,mc,5,1784569735202
1784569772902,3,443.052,396.675,mc,3,1784569735202
1784569772902,4,316.082,302.807,mc,5,1784569735202
1784569772902,5,790.401,429.553,mc,3,1784569735202
1784569772902,6,75.4811,381.427,mc,5,1784569735202
1784569772902,7,436.21,619.227,mc,4,1784569735202
1784569772902,8,329.746,543.567,mc,4,1784569735202
1784569772902,9,598.868,733.833,mc,2,1784569735202
1784569772902,10,217.913,450.131,mc,4,1784569735202
1784569772902,11,648.188,353.134,mc,3,1784569735202
1784569772902,12,647.42,366.011,mc,5,1784569735202
1784569772902,13,475.759,501.275,mc,2,1784569735202
1784569772902,14,670.628,563.014,mc,3,1784569735202
1784569772902,15,406.244,485.283,mc,2,1784569735202
1784569773002,1,472.582,334.844,mc,5,1784569735202
1784569773002,2,231.292,222.539,mc,5,1784569735202
1784569773002,3,442.683,397.06,mc,3,1784569735202
1784569773002,4,315.659,302.988,mc,5,1784569735202
1784569773002,5,790.519,429.87,mc,3,1784569735202
1784569773002,6,75.704,381.96,mc,5,1784569735202
1784569773002,7,436.414,618.982,mc,4,1784569735202
1784569773002,8,329.886,543.976,mc,4,1784569735202
1784569773002,9,599.366,733.684,mc,2,1784569735202
1784569773002,10,218.157,449.757,mc,4,1784569735202
1784569773002,11,647.98,352.807,mc,3,1784569735202
1784569773002,12,647.828,366.227,mc,5,1784569735202
1784569773002,13,476.133,501.436,mc,2,1784569735202
1784569773002,14,670.452,563.285,mc,3,1784569735202
1784569773002,15,405.945,484.785,mc,2,1784569735202
1784569773102,1,472.616,335.396,mc,5,1784569735202
1784569773102,2,231.174,222.185,mc,5,1784569735202
1784569773102,3,442.313,397.445,mc,3,1784569735202
1784569773102,4,315.235,303.169,mc,5,1784569735202
1784569773102,5,790.636,430.186,mc,3,1784569735202
1784569773102,6,75.927,382.493,mc,5,1784569735202
1784569773102,7,436.617,618.738,mc,4,1784569735202
1784569773102,8,330.027,544.384,mc,4,1784569735202
1784569773102,9,599.864,733.535,mc,2,1784569735202
1784569773102,10,218.402,449.383,mc,4,1784569735202
1784569773102,11,647.771,352.479,mc,3,1784569735202
1784569773102,12,648.237,366.443,mc,5,1784569735202
1784569773102,13,476.508,501.597,mc,2,1784569735202
1784569773102,14,670.275,563.557,mc,3,1784569735202
1784569773102,15,405.646,484.287,mc,2,1784569735202
1784569773202,1,472.651,335.948,mc,5,1784569735202
1784569773202,2,231.057,221.831,mc,5,1784569735202
1784569773202,3,441.944,397.83,mc,3,1784569735202
1784569773202,4,314.812,303.35,mc,5,1784569735202
1784569773202,5,790.753,430.503,mc,3,1784569735202
1784569773202,6,76.1499,383.026,mc,5,1784569735202
1784569773202,7,436.821,618.493,mc,4,1784569735202
1784569773202,8,330.167,544.792,mc,4,1784569735202
1784569773202,9,600.362,733.386,mc,2,1784569735202
1784569773202,10,218.646,449.009,mc,4,1784569735202
1784569773202,11,647.563,352.152,mc,3,1784569735202
1784569773202,12,648.645,366.659,mc,5,1784569735202
1784569773202,13,476.883,501.757,mc,2,1784569735202
1784569773202,14,670.099,563.828,mc,3,1784569735202
1784569773202,15,405.348,483.789,mc,2,1784569735202
1784569773302,1,472.686,336.499,mc,5,1784569735202
1784569773302,2,230.94,221.477,mc,5,1784569735202
1784569773302,3,441.574,398.215,mc,3,1784569735202
1784569773302,4,314.389,303.531,mc,5,1784569735202
1784569773302,5,790.871,430.82,mc,3,1784569735202
1784569773302,6,76.3728,383.559,mc,5,1784569735202
1784569773302,7,437.025,618.249,mc,4,1784569735202
1784569773302,8,330.307,545.2,mc,4,1784569735202
1784569773302,9,600.86,733.237,mc,2,1784569735202
1784569773302,10,218.89,448.635,mc,4,1784569735202
1784569773302,11,647.355,351.824,mc,3,1784569735202
1784569773302,12,649.053,366.874,mc,5,1784569735202
1784569773302,13,477.257,501.918,mc,2,1784569735202
1784569773302,14,669.923,564.1,mc,3,1784569735202
1784569773302,15,405.049,483.29,mc,2,1784569735202
1784569773402,1,472.721,337.051,mc,5,1784569735202
1784569773402,2,230.823,221.123,mc,5,1784569735202
1784569773402,3,441.205,398.6,mc,3,1784569735202
1784569773402,4,313.966,303.712,mc,5,1784569735202
1784569773402,5,790.988,431.136,mc,3,1784569735202
1784569773402,6,76.5957,384.092,mc,5,1784569735202
1784569773402,7,437.228,618.004,mc,4,1784569735202
1784569773402,8,330.448,545.609,mc,4,1784569735202
1784569773402,9,601.358,733.088,mc,2,1784569735202
1784569773402,10,219.134,448.261,mc,4,1784569735202
1784569773402,11,647.146,351.497,mc,3,1784569735202
1784569773402,12,649.461,367.09,mc,5,1784569735202
1784569773402,13,477.632,502.079,mc,2,1784569735202
1784569773402,14,669.747,564.371,mc,3,1784569735202
1784569773402,15,404.75,482.792,mc,2,1784569735202
1784569773502,1,472.797,337.538,mc,5,1784569735202
1784569773502,2,230.639,220.929,mc,5,1784569735202
1784569773502,3,440.836,398.984,mc,3,1784569735202
1784569773502,4,313.543,303.893,mc,5,1784569735202
1784569773502,5,791.106,431.453,mc,3,1784569735202
1784569773502,6,76.8187,384.625,mc,5,1784569735202
1784569773502,7,437.432,617.759,mc,4,1784569735202
1784569773502,8,330.588,546.017,mc,4,1784569735202
1784569773502,9,601.856,732.939,mc,2,1784569735202
1784569773502,10,219.378,447.887,mc,4,1784569735202
1784569773502,11,646.938,351.169,mc,3,1784569735202
1784569773502,12,649.869,367.306,mc,5,1784569735202
1784569773502,13,478.006,502.24,mc,2,1784569735202
1784569773502,14,669.571,564.643,mc,3,1784569735202
1784569773502,15,404.451,482.294,mc,2,1784569735202
1784569773602,1,473.391,337.204,mc,5,1784569735202
1784569773602,2,230.335,221.021,mc,5,1784569735202
1784569773602,3,440.466,399.369,mc,3,1784569735202
1784569773602,4,313.119,304.074,mc,5,1784569735202
1784569773602,5,791.223,431.77,mc,3,1784569735202
1784569773602,6,77.0416,385.158,mc,5,1784569735202
1784569773602,7,437.635,617.515,mc,4,1784569735202
1784569773602,8,330.728,546.425,mc,4,1784569735202
1784569773602,9,602.354,732.79,mc,2,1784569735202
1784569773602,10,219.622,447.512,mc,4,1784569735202
1784569773602,11,646.73,350.842,mc,3,1784569735202
1784569773602,12,650.278,367.522,mc,5,1784569735202
1784569773602,13,478.381,502.401,mc,2,1784569735202
1784569773602,14,669.394,564.914,mc,3,1784569735202
1784569773602,15,404.152,481.796,mc,2,1784569735202
1784569773702,1,473.986,336.871,mc,5,1784569735202
1784569773702,2,230.031,221.113,mc,5,1784569735202
1784569773702,3,440.097,399.754,mc,3,1784569735202
1784569773702,4,312.696,304.255,mc,5,1784569735202
1784569773702,5,791.34,432.086,mc,3,1784569735202
1784569773702,6,77.2645,385.691,mc,5,1784569735202
1784569773702,7,437.839,617.27,mc,4,1784569735202
1784569773702,8,330.869,546.834,mc,4,1784569735202
1784569773702,9,602.852,732.641,mc,2,1784569735202
1784569773702,10,219.866,447.138,mc,4,1784569735202
1784569773702,11,646.521,350.514,mc,3,1784569735202
1784569773702,12,650.686,367.738,mc,5,1784569735202
1784569773702,13,478.755,502.562,mc,2,1784569735202
1784569773702,14,669.218,565.186,mc,3,1784569735202
1784569773702,15,403.854,481.298,mc,2,1784569735202
1784569773802,1,474.581,336.537,mc,5,1784569735202
1784569773802,2,229.727,221.205,mc,5,1784569735202
1784569773802,3,439.727,400.139,mc,3,1784569735202
1784569773802,4,312.273,304.436,mc,5,1784569735202
1784569773802,5,791.458,432.403,mc,3,1784569735202
1784569773802,6,77.4874,386.224,mc,5,1784569735202
1784569773802,7,438.042,617.026,mc,4,1784569735202
1784569773802,8,331.009,547.242,mc,4,1784569735202
1784569773802,9,603.35,732.492,mc,2,1784569735202
1784569773802,10,220.11,446.764,mc,4,1784569735202
1784569773802,11,646.313,350.187,mc,3,1784569735202
1784569773802,12,651.094,367.953,mc,5,1784569735202
1784569773802,13,479.13,502.723,mc,2,1784569735202
1784569773802,14,669.042,565.457,mc,3,1784569735202
1784569773802,15,403.555,480.8,mc,2,1784569735202
1784569773902,1,475.176,336.204,mc,5,1784569735202
1784569773902,2,229.424,221.296,mc,5,1784569735202
1784569773902,3,439.358,400.524,mc,3,1784569735202
1784569773902,4,311.85,304.617,mc,5,1784569735202
1784569773902,5,791.575,432.72,mc,3,1784569735202
1784569773902,6,77.7104,386.757,mc,5,1784569735202
1784569773902,7,438.246,616.781,mc,4,1784569735202
1784569773902,8,330.961,547.494,mc,4,1784569735202
1784569773902,9,603.848,732.343,mc,2,1784569735202
1784569773902,10,220.354,446.39,mc,4,1784569735202
1784569773902,11,646.104,349.859,mc,3,1784569735202
1784569773902,12,651.502,368.169,mc,5,1784569735202
1784569773902,13,479.504,502.884,mc,2,1784569735202
1784569773902,14,668.866,565.729,mc,3,1784569735202
1784569773902,15,403.256,480.302,mc,2,1784569735202
1784569774002,1,475.771,335.87,mc,5,1784569735202
1784569774002,2,229.12,221.388,mc,5,1784569735202
1784569774002,3,438.989,400.909,mc,3,1784569735202
1784569774002,4,311.864,304.906,mc,5,1784569735202
1784569774002,5,791.693,433.037,mc,3,1784569735202
1784569774002,6,77.9333,387.29,mc,5,1784569735202
1784569774002,7,438.45,616.537,mc,4,1784569735202
1784569774002,8,330.65,547.528,mc,4,1784569735202
1784569774002,9,604.346,732.194,mc,2,1784569735202
1784569774002,10,220.598,446.016,mc,4,1784569735202
1784569774002,11,645.896,349.532,mc,3,1784569735202
1784569774002,12,651.91,368.385,mc,5,1784569735202
1784569774002,13,479.879,503.045,mc,2,1784569735202
1784569774002,14,668.689,566,mc,3,1784569735202
1784569774002,15,402.957,479.804,mc,2,1784569735202
1784569774102,1,476.366,335.537,mc,5,1784569735202
1784569774102,2,228.816,221.48,mc,5,1784569735202
1784569774102,3,438.619,401.294,mc,3,1784569735202
1784569774102,4,312.211,305.277,mc,5,1784569735202
1784569774102,5,791.81,433.353,mc,3,1784569735202
1784569774102,6,78.1562,387.823,mc,5,1784569735202
1784569774102,7,438.653,616.292,mc,4,1784569735202
1784569774102,8,330.34,547.562,mc,4,1784569735202
1784569774102,9,604.844,732.045,mc,2,1784569735202
1784569774102,10,220.842,445.642,mc,4,1784569735202
1784569774102,11,645.688,349.204,mc,3,1784569735202
1784569774102,12,652.319,368.601,mc,5,1784569735202
1784569774102,13,480.253,503.206,mc,2,1784569735202
1784569774102,14,668.513,566.272,mc,3,1784569735202
1784569774102,15,402.658,479.305,mc,2,1784569735202
1784569774202,1,476.961,335.203,mc,5,1784569735202
1784569774202,2,228.512,221.571,mc,5,1784569735202
1784569774202,3,438.25,401.679,mc,3,1784569735202
1784569774202,4,312.558,305.649,mc,5,1784569735202
1784569774202,5,791.927,433.67,mc,3,1784569735202
1784569774202,6,78.3791,388.356,mc,5,1784569735202
1784569774202,7,438.857,616.048,mc,4,1784569735202
1784569774202,8,330.029,547.596,mc,4,1784569735202
1784569774202,9,605.341,731.896,mc,2,1784569735202
1784569774202,10,221.086,445.268,mc,4,1784569735202
1784569774202,11,645.479,348.877,mc,3,1784569735202
1784569774202,12,652.727,368.816,mc,5,1784569735202
1784569774202,13,480.628,503.367,mc,2,1784569735202
1784569774202,14,668.337,566.543,mc,3,1784569735202
1784569774202,15,402.36,478.807,mc,2,1784569735202
1784569774302,1,477.556,334.87,mc,5,1784569735202
1784569774302,2,228.208,221.663,mc,5,1784569735202
1784569774302,3,437.88,402.064,mc,3,1784569735202
1784569774302,4,312.905,306.02,mc,5,1784569735202
1784569774302,5,792.045,433.987,mc,3,1784569735202
1784569774302,6,78.6021,388.889,mc,5,1784569735202
1784569774302,7,439.06,615.803,mc,4,1784569735202
1784569774302,8,329.718,547.63,mc,4,1784569735202
1784569774302,9,605.839,731.747,mc,2,1784569735202
1784569774302,10,221.33,444.894,mc,4,1784569735202
1784569774302,11,645.271,348.549,mc,3,1784569735202
1784569774302,12,653.135,369.032,mc,5,1784569735202
1784569774302,13,481.003,503.528,mc,2,1784569735202
1784569774302,14,668.161,566.814,mc,3,1784569735202
1784569774302,15,402.061,478.309,mc,2,1784569735202
1784569774402,1,478.151,334.536,mc,5,1784569735202
1784569774402,2,227.904,221.755,mc,5,1784569735202
1784569774402,3,437.511,402.449,mc,3,1784569735202
1784569774402,4,313.252,306.391,mc,5,1784569735202
1784569774402,5,792.162,434.303,mc,3,1784569735202
1784569774402,6,78.825,389.422,mc,5,1784569735202
1784569774402,7,439.264,615.559,mc,4,1784569735202
1784569774402,8,329.407,547.664,mc,4,1784569735202
1784569774402,9,606.337,731.598,mc,2,1784569735202
1784569774402,10,221.574,444.52,mc,4,1784569735202
1784569774402,11,645.063,348.222,mc,3,1784569735202
1784569774402,12,653.543,369.248,mc,5,1784569735202
1784569774402,13,481.377,503.689,mc,2,1784569735202
1784569774402,14,667.985,567.086,mc,3,1784569735202
1784569774402,15,401.762,477.811,mc,2,1784569735202
1784569774502,1,478.745,334.203,mc,5,1784569735202
1784569774502,2,227.601,221.847,mc,5,1784569735202
1784569774502,3,437.141,402.834,mc,3,1784569735202
1784569774502,4,313.599,306.763,mc,5,1784569735202
1784569774502,5,792.279,434.62,mc,3,1784569735202
1784569774502,6,79.0479,389.955,mc,5,1784569735202
1784569774502,7,439.467,615.314,mc,4,1784569735202
1784569774502,8,329.096,547.698,mc,4,1784569735202
1784569774502,9,606.835,731.449,mc,2,1784569735202
1784569774502,10,221.818,444.146,mc,4,1784569735202
1784569774502,11,644.854,347.894,mc,3,1784569735202
1784569774502,12,653.952,369.464,mc,5,1784569735202
1784569774502,13,481.752,503.85,mc,2,1784569735202
1784569774502,14,667.867,567.463,mc,3,1784569735202
1784569774502,15,401.463,477.313,mc,2,1784569735202
1784569774602,1,479.34,333.869,mc,5,1784569735202
1784569774602,2,227.297,221.938,mc,5,1784569735202
1784569774602,3,436.772,403.219,mc,3,1784569735202
1784569774602,4,313.946,307.134,mc,5,1784569735202
1784569774602,5,792.397,434.937,mc,3,1784569735202
1784569774602,6,79.2708,390.488,mc,5,1784569735202
1784569774602,7,439.671,615.07,mc,4,1784569735202
1784569774602,8,328.785,547.732,mc,4,1784569735202
1784569774602,9,607.333,731.3,mc,2,1784569735202
1784569774602,10,222.062,443.772,mc,4,1784569735202
1784569774602,11,644.646,347.567,mc,3,1784569735202
1784569774602,12,654.36,369.68,mc,5,1784569735202
1784569774602,13,482.126,504.01,mc,2,1784569735202
1784569774602,14,667.899,568.109,mc,3,1784569735202
1784569774602,15,401.164,476.815,mc,2,1784569735202
1784569774702,1,479.935,333.536,mc,5,1784569735202
1784569774702,2,226.993,222.03,mc,5,1784569735202
1784569774702,3,436.403,403.604,mc,3,1784569735202
1784569774702,4,314.293,307.506,mc,5,1784569735202
1784569774702,5,792.514,435.253,mc,3,1784569735202
1784569774702,6,79.4938,391.021,mc,5,1784569735202
1784569774702,7,439.874,614.825,mc,4,1784569735202
1784569774702,8,328.474,547.766,mc,4,1784569735202
1784569774702,9,607.828,731.093,mc,2,1784569735202
1784569774702,10,222.306,443.398,mc,4,1784569735202
1784569774702,11,644.437,347.239,mc,3,1784569735202
1784569774702,12,654.768,369.895,mc,5,1784569735202
1784569774702,13,482.501,504.171,mc,2,1784569735202
1784569774702,14,667.931,568.755,mc,3,1784569735202
1784569774702,15,400.866,476.317,mc,2,1784569735202
1784569774802,1,480.53,333.202,mc,5,1784569735202
1784569774802,2,226.689,222.122,mc,5,1784569735202
1784569774802,3,436.033,403.989,mc,3,1784569735202
1784569774802,4,314.64,307.877,mc,5,1784569735202
1784569774802,5,792.632,435.57,mc,3,1784569735202
1784569774802,6,79.7167,391.554,mc,5,1784569735202
1784569774802,7,440.078,614.58,mc,4,1784569735202
1784569774802,8,328.163,547.8,mc,4,1784569735202
1784569774802,9,608.318,730.819,mc,2,1784569735202
1784569774802,10,222.55,443.024,mc,4,1784569735202
1784569774802,11,644.229,346.912,mc,3,1784569735202
1784569774802,12,655.176,370.111,mc,5,1784569735202
1784569774802,13,482.875,504.332,mc,2,1784569735202
1784569774802,14,667.964,569.402,mc,3,1784569735202
1784569774802,15,400.567,475.818,mc,2,1784569735202
1784569774902,1,481.125,332.869,mc,5,1784569735202
1784569774902,2,226.385,222.214,mc,5,1784569735202
1784569774902,3,435.664,404.374,mc,3,1784569735202
1784569774902,4,314.987,308.248,mc,5,1784569735202
1784569774902,5,792.749,435.887,mc,3,1784569735202
1784569774902,6,79.9396,392.088,mc,5,1784569735202
1784569774902,7,440.282,614.336,mc,4,1784569735202
1784569774902,8,327.852,547.834,mc,4,1784569735202
1784569774902,9,608.808,730.545,mc,2,1784569735202
1784569774902,10,222.794,442.65,mc,4,1784569735202
1784569774902,11,644.021,346.584,mc,3,1784569735202
1784569774902,12,655.584,370.327,mc,5,1784569735202
1784569774902,13,483.25,504.493,mc,2,1784569735202
1784569774902,14,667.996,570.048,mc,3,1784569735202
1784569774902,15,400.268,475.32,mc,2,1784569735202
1784569775002,1,481.72,332.535,mc,5,1784569735202
1784569775002,2,226.081,222.305,mc,5,1784569735202
1784569775002,3,435.677,403.954,mc,3,1784569735202
1784569775002,4,315.334,308.62,mc,5,1784569735202
1784569775002,5,792.866,436.204,mc,3,1784569735202
1784569775002,6,80.1625,392.621,mc,5,1784569735202
1784569775002,7,440.485,614.091,mc,4,1784569735202
1784569775002,8,327.541,547.868,mc,4,1784569735202
1784569775002,9,609.298,730.272,mc,2,1784569735202
1784569775002,10,223.038,442.276,mc,4,1784569735202
1784569775002,11,643.812,346.257,mc,3,1784569735202
1784569775002,12,655.993,370.543,mc,5,1784569735202
1784569775002,13,483.624,504.654,mc,2,1784569735202
1784569775002,14,668.028,570.694,mc,3,1784569735202
1784569775002,15,399.969,474.822,mc,2,1784569735202
1784569775102,1,482.315,332.202,mc,5,1784569735202
1784569775102,2,225.778,222.397,mc,5,1784569735202
1784569775102,3,435.729,403.453,mc,3,1784569735202
1784569775102,4,315.681,308.991,mc,5,1784569735202
1784569775102,5,792.984,436.52,mc,3,1784569735202
1784569775102,6,80.3855,393.154,mc,5,1784569735202
1784569775102,7,440.689,613.847,mc,4,1784569735202
1784569775102,8,327.23,547.902,mc,4,1784569735202
1784569775102,9,609.788,729.998,mc,2,1784569735202
1784569775102,10,223.282,441.902,mc,4,1784569735202
1784569775102,11,643.604,345.93,mc,3,1784569735202
1784569775102,12,656.401,370.758,mc,5,1784569735202
1784569775102,13,483.999,504.815,mc,2,1784569735202
1784569775102,14,668.06,571.341,mc,3,1784569735202
1784569775102,15,399.671,474.324,mc,2,1784569735202
1784569775202,1,482.91,331.868,mc,5,1784569735202
1784569775202,2,225.474,222.489,mc,5,1784569735202
1784569775202,3,435.782,402.952,mc,3,1784569735202
1784569775202,4,316.028,309.362,mc,5,1784569735202
1784569775202,5,793.101,436.837,mc,3,1784569735202
1784569775202,6,80.6084,393.687,mc,5,1784569735202
1784569775202,7,440.892,613.602,mc,4,1784569735202
1784569775202,8,326.92,547.936,mc,4,1784569735202
1784569775202,9,610.279,729.724,mc,2,1784569735202
1784569775202,10,223.526,441.528,mc,4,1784569735202
1784569775202,11,643.396,345.602,mc,3,1784569735202
1784569775202,12,656.809,370.974,mc,5,1784569735202
1784569775202,13,484.373,504.976,mc,2,1784569735202
1784569775202,14,668.092,571.987,mc,3,1784569735202
1784569775202,15,399.372,473.826,mc,2,1784569735202
1784569775302,1,483.504,331.535,mc,5,1784569735202
1784569775302,2,225.17,222.581,mc,5,1784569735202
1784569775302,3,435.834,402.451,mc,3,1784569735202
1784569775302,4,316.375,309.734,mc,5,1784569735202
1784569775302,5,793.219,437.154,mc,3,1784569735202
1784569775302,6,80.8313,394.22,mc,5,1784569735202
1784569775302,7,441.096,613.358,mc,4,1784569735202
1784569775302,8,326.609,547.97,mc,4,1784569735202
1784569775302,9,610.769,729.45,mc,2,1784569735202
1784569775302,10,223.77,441.154,mc,4,1784569735202
1784569775302,11,643.187,345.275,mc,3,1784569735202
1784569775302,12,657.217,371.19,mc,5,1784569735202
1784569775302,13,484.748,505.137,mc,2,1784569735202
1784569775302,14,668.125,572.633,mc,3,1784569735202
1784569775302,15,399.073,473.328,mc,2,1784569735202
1784569775402,1,484.099,331.201,mc,5,1784569735202
1784569775402,2,224.866,222.672,mc,5,1784569735202
1784569775402,3,435.886,401.95,mc,3,1784569735202
1784569775402,4,316.722,310.105,mc,5,1784569735202
1784569775402,5,793.336,437.47,mc,3,1784569735202
1784569775402,6,81.0542,394.753,mc,5,1784569735202
1784569775402,7,441.299,613.113,mc,4,1784569735202
1784569775402,8,326.298,548.004,mc,4,1784569735202
1784569775402,9,611.259,729.177,mc,2,1784569735202
1784569775402,10,224.015,440.78,mc,4,1784569735202
1784569775402,11,642.979,344.947,mc,3,1784569735202
1784569775402,12,657.626,371.406,mc,5,1784569735202
1784569775402,13,485.123,505.298,mc,2,1784569735202
1784569775402,14,668.157,573.28,mc,3,1784569735202
1784569775402,15,398.774,472.83,mc,2,1784569735202
1784569775502,1,484.694,330.868,mc,5,1784569735202
1784569775502,2,224.562,222.764,mc,5,1784569735202
1784569775502,3,435.938,401.449,mc,3,1784569735202
1784569775502,4,317.069,310.476,mc,5,1784569735202
1784569775502,5,793.453,437.787,mc,3,1784569735202
1784569775502,6,81.2772,395.286,mc,5,1784569735202
1784569775502,7,441.503,612.869,mc,4,1784569735202
1784569775502,8,325.987,548.038,mc,4,1784569735202
1784569775502,9,611.749,728.903,mc,2,1784569735202
1784569775502,10,224.259,440.406,mc,4,1784569735202
1784569775502,11,642.771,344.62,mc,3,1784569735202
1784569775502,12,658.034,371.622,mc,5,1784569735202
1784569775502,13,485.497,505.459,mc,2,1784569735202
1784569775502,14,668.189,573.926,mc,3,1784569735202
1784569775502,15,398.475,472.332,mc,2,1784569735202
1784569775602,1,485.289,330.534,mc,5,1784569735202
1784569775602,2,224.258,222.856,mc,5,1784569735202
1784569775602,3,435.99,400.948,mc,3,1784569735202
1784569775602,4,317.416,310.848,mc,5,1784569735202
1784569775602,5,793.571,438.104,mc,3,1784569735202
1784569775602,6,81.5001,395.819,mc,5,1784569735202
1784569775602,7,441.706,612.624,mc,4,1784569735202
1784569775602,8,325.676,548.072,mc,4,1784569735202
1784569775602,9,612.239,728.629,mc,2,1784569735202
1784569775602,10,224.503,440.032,mc,4,1784569735202
1784569775602,11,642.562,344.292,mc,3,1784569735202
1784569775602,12,658.442,371.837,mc,5,1784569735202
1784569775602,13,485.491,505.353,mc,2,1784569735202
1784569775602,14,668.221,574.572,mc,3,1784569735202
1784569775602,15,398.177,471.833,mc,2,1784569735202
1784569775702,1,485.884,330.201,mc,5,1784569735202
1784569775702,2,223.955,222.947,mc,5,1784569735202
1784569775702,3,436.043,400.447,mc,3,1784569735202
1784569775702,4,317.764,311.219,mc,5,1784569735202
1784569775702,5,793.688,438.42,mc,3,1784569735202
1784569775702,6,81.723,396.352,mc,5,1784569735202
1784569775702,7,441.91,612.38,mc,4,1784569735202
1784569775702,8,325.365,548.106,mc,4,1784569735202
1784569775702,9,612.73,728.355,mc,2,1784569735202
1784569775702,10,224.747,439.658,mc,4,1784569735202
1784569775702,11,642.354,343.965,mc,3,1784569735202
1784569775702,12,658.85,372.053,mc,5,1784569735202
1784569775702,13,485.196,505.045,mc,2,1784569735202
1784569775702,14,668.253,575.219,mc,3,1784569735202
1784569775702,15,397.878,471.335,mc,2,1784569735202
1784569775802,1,486.479,329.868,mc,5,1784569735202
1784569775802,2,223.651,223.039,mc,5,1784569735202
1784569775802,3,436.095,399.946,mc,3,1784569735202
1784569775802,4,318.111,311.591,mc,5,1784569735202
1784569775802,5,793.805,438.737,mc,3,1784569735202
1784569775802,6,81.9459,396.885,mc,5,1784569735202
1784569775802,7,442.114,612.135,mc,4,1784569735202
1784569775802,8,325.054,548.14,mc,4,1784569735202
1784569775802,9,613.22,728.082,mc,2,1784569735202
1784569775802,10,224.991,439.284,mc,4,1784569735202
1784569775802,11,642.145,343.637,mc,3,1784569735202
1784569775802,12,659.258,372.269,mc,5,1784569735202
1784569775802,13,484.901,504.738,mc,2,1784569735202
1784569775802,14,668.286,575.865,mc,3,1784569735202
1784569775802,15,397.579,470.837,mc,2,1784569735202
1784569775902,1,487.074,329.534,mc,5,1784569735202
1784569775902,2,223.347,223.131,mc,5,1784569735202
1784569775902,3,436.147,399.445,mc,3,1784569735202
1784569775902,4,318.458,311.962,mc,5,1784569735202
1784569775902,5,793.923,439.054,mc,3,1784569735202
1784569775902,6,82.1689,397.418,mc,5,1784569735202
1784569775902,7,442.317,611.891,mc,4,1784569735202
1784569775902,8,324.743,548.174,mc,4,1784569735202
1784569775902,9,613.71,727.808,mc,2,1784569735202
1784569775902,10,225.235,438.91,mc,4,1784569735202
1784569775902,11,641.937,343.31,mc,3,1784569735202
1784569775902,12,659.667,372.485,mc,5,1784569735202
1784569775902,13,484.606,504.43,mc,2,1784569735202
1784569775902,14,668.318,576.511,mc,3,1784569735202
1784569775902,15,397.28,470.339,mc,2,1784569735202
1784569776002,1,487.669,329.201,mc,5,1784569735202
1784569776002,2,223.043,223.223,mc,5,1784569735202
1784569776002,3,436.199,398.944,mc,3,1784569735202
1784569776002,4,318.805,312.333,mc,5,1784569735202
1784569776002,5,794.04,439.37,mc,3,1784569735202
1784569776002,6,81.9956,397.546,mc,5,1784569735202
1784569776002,7,442.521,611.646,mc,4,1784569735202
1784569776002,8,324.432,548.208,mc,4,1784569735202
1784569776002,9,614.2,727.534,mc,2,1784569735202
1784569776002,10,225.479,438.536,mc,4,1784569735202
1784569776002,11,641.729,342.982,mc,3,1784569735202
1784569776002,12,660.075,372.7,mc,5,1784569735202
1784569776002,13,484.311,504.123,mc,2,1784569735202
1784569776002,14,668.35,577.158,mc,3,1784569735202
1784569776002,15,396.981,469.841,mc,2,1784569735202
1784569776102,1,488.264,328.867,mc,5,1784569735202
1784569776102,2,222.739,223.314,mc,5,1784569735202
1784569776102,3,436.251,398.443,mc,3,1784569735202
1784569776102,4,319.152,312.705,mc,5,1784569735202
1784569776102,5,794.158,439.687,mc,3,1784569735202
1784569776102,6,81.3821,397.223,mc,5,1784569735202
1784569776102,7,442.724,611.401,mc,4,1784569735202
1784569776102,8,324.121,548.242,mc,4,1784569735202
1784569776102,9,614.69,727.261,mc,2,1784569735202
1784569776102,10,225.723,438.162,mc,4,1784569735202
1784569776102,11,641.52,342.655,mc,3,1784569735202
1784569776102,12,660.483,372.916,mc,5,1784569735202
1784569776102,13,484.016,503.815,mc,2,1784569735202
1784569776102,14,668.382,577.804,mc,3,1784569735202
1784569776102,15,396.683,469.343,mc,2,1784569735202
1784569776202,1,488.858,328.534,mc,5,1784569735202
1784569776202,2,222.435,223.406,mc,5,1784569735202
1784569776202,3,436.303,397.942,mc,3,1784569735202
1784569776202,4,319.499,313.076,mc,5,1784569735202
1784569776202,5,794.275,440.004,mc,3,1784569735202
1784569776202,6,80.7686,396.9,mc,5,1784569735202
1784569776202,7,442.928,611.157,mc,4,1784569735202
1784569776202,8,323.81,548.276,mc,4,1784569735202
1784569776202,9,615.18,726.987,mc,2,1784569735202
1784569776202,10,225.967,437.788,mc,4,1784569735202
1784569776202,11,641.312,342.327,mc,3,1784569735202
1784569776202,12,660.891,373.132,mc,5,1784569735202
1784569776202,13,483.721,503.508,mc,2,1784569735202
1784569776202,14,668.414,578.45,mc,3,1784569735202
1784569776202,15,396.384,468.845,mc,2,1784569735202
1784569776302,1,489.453,328.2,mc,5,1784569735202
1784569776302,2,222.132,223.498,mc,5,1784569735202
1784569776302,3,436.356,397.441,mc,3,1784569735202
1784569776302,4,319.846,313.447,mc,5,1784569735202
1784569776302,5,794.392,440.321,mc,3,1784569735202
1784569776302,6,80.1551,396.577,mc,5,1784569735202
1784569776302,7,443.131,610.912,mc,4,1784569735202
1784569776302,8,323.5,548.31,mc,4,1784569735202
1784569776302,9,615.671,726.713,mc,2,1784569735202
1784569776302,10,226.211,437.414,mc,4,1784569735202
1784569776302,11,641.104,342,mc,3,1784569735202
1784569776302,12,661.3,373.348,mc,5,1784569735202
1784569776302,13,483.426,503.2,mc,2,1784569735202
1784569776302,14,668.447,579.097,mc,3,1784569735202
1784569776302,15,396.085,468.346,mc,2,1784569735202
1784569776402,1,490.048,327.867,mc,5,1784569735202
1784569776402,2,221.828,223.59,mc,5,1784569735202
1784569776402,3,436.408,396.94,mc,3,1784569735202
1784569776402,4,320.193,313.819,mc,5,1784569735202
1784569776402,5,794.51,440.637,mc,3,1784569735202
1784569776402,6,79.5416,396.255,mc,5,1784569735202
1784569776402,7,443.335,610.668,mc,4,1784569735202
1784569776402,8,323.189,548.344,mc,4,1784569735202
1784569776402,9,616.161,726.439,mc,2,1784569735202
1784569776402,10,226.455,437.04,mc,4,1784569735202
1784569776402,11,640.895,341.672,mc,3,1784569735202
1784569776402,12,661.708,373.564,mc,5,1784569735202
1784569776402,13,483.131,502.893,mc,2,1784569735202
1784569776402,14,668.479,579.743,mc,3,1784569735202
1784569776402,15,395.786,467.848,mc,2,1784569735202
1784569776502,1,490.643,327.533,mc,5,1784569735202
1784569776502,2,221.524,223.681,mc,5,1784569735202
1784569776502,3,436.46,396.439,mc,3,1784569735202
1784569776502,4,320.54,314.19,mc,5,1784569735202
1784569776502,5,794.627,440.954,mc,3,1784569735202
1784569776502,6,78.9281,395.932,mc,5,1784569735202
1784569776502,7,443.539,610.423,mc,4,1784569735202
1784569776502,8,322.878,548.378,mc,4,1784569735202
1784569776502,9,616.651,726.166,mc,2,1784569735202
1784569776502,10,226.699,436.666,mc,4,1784569735202
1784569776502,11,640.687,341.345,mc,3,1784569735202
1784569776502,12,662.116,373.779,mc,5,1784569735202
1784569776502,13,482.836,502.585,mc,2,1784569735202
1784569776502,14,668.511,580.389,mc,3,1784569735202
1784569776502,15,395.487,467.35,mc,2,1784569735202
1784569776602,1,491.238,327.2,mc,5,1784569735202
1784569776602,2,221.22,223.773,mc,5,1784569735202
1784569776602,3,436.512,395.938,mc,3,1784569735202
1784569776602,4,320.887,314.561,mc,5,1784569735202
1784569776602,5,794.868,441.226,mc,3,1784569735202
1784569776602,6,78.3146,395.609,mc,5,1784569735202
1784569776602,7,443.742,610.179,mc,4,1784569735202
1784569776602,8,322.567,548.412,mc,4,1784569735202
1784569776602,9,617.141,725.892,mc,2,1784569735202
1784569776602,10,226.943,436.292,mc,4,1784569735202
1784569776602,11,640.478,341.017,mc,3,1784569735202
1784569776602,12,662.524,373.995,mc,5,1784569735202
1784569776602,13,482.541,502.277,mc,2,1784569735202
1784569776602,14,668.543,581.036,mc,3,1784569735202
1784569776602,15,395.189,466.852,mc,2,1784569735202
1784569776702,1,491.833,326.866,mc,5,1784569735202
1784569776702,2,220.916,223.865,mc,5,1784569735202
1784569776702,3,436.564,395.437,mc,3,1784569735202
1784569776702,4,321.234,314.933,mc,5,1784569735202
1784569776702,5,795.12,441.494,mc,3,1784569735202
1784569776702,6,77.7012,395.286,mc,5,1784569735202
1784569776702,7,443.946,609.934,mc,4,1784569735202
1784569776702,8,322.256,548.446,mc,4,1784569735202
1784569776702,9,617.631,725.618,mc,2,1784569735202
1784569776702,10,227.187,435.918,mc,4,1784569735202
1784569776702,11,640.27,340.69,mc,3,1784569735202
1784569776702,12,662.932,374.211,mc,5,1784569735202
1784569776702,13,482.247,501.97,mc,2,1784569735202
1784569776702,14,668.575,581.682,mc,3,1784569735202
1784569776702,15,394.89,466.354,mc,2,1784569735202
1784569776802,1,492.428,326.533,mc,5,1784569735202
1784569776802,2,220.612,223.957,mc,5,1784569735202
1784569776802,3,436.617,394.936,mc,3,1784569735202
1784569776802,4,321.581,315.304,mc,5,1784569735202
1784569776802,5,795.373,441.762,mc,3,1784569735202
1784569776802,6,77.0877,394.964,mc,5,1784569735202
1784569776802,7,444.08,609.471,mc,4,1784569735202
1784569776802,8,321.945,548.479,mc,4,1784569735202
1784569776802,9,618.122,725.345,mc,2,1784569735202
1784569776802,10,227.431,435.544,mc,4,1784569735202
1784569776802,11,640.062,340.362,mc,3,1784569735202
1784569776802,12,663.341,374.427,mc,5,1784569735202
1784569776802,13,481.952,501.662,mc,2,1784569735202
1784569776802,14,668.608,582.329,mc,3,1784569735202
1784569776802,15,394.591,465.856,mc,2,1784569735202
1784569776902,1,493.023,326.199,mc,5,1784569735202
1784569776902,2,220.309,224.048,mc,5,1784569735202
1784569776902,3,436.669,394.435,mc,3,1784569735202
1784569776902,4,321.928,315.675,mc,5,1784569735202
1784569776902,5,795.625,442.03,mc,3,1784569735202
1784569776902,6,76.4742,394.641,mc,5,1784569735202
1784569776902,7,444.2,608.96,mc,4,1784569735202
1784569776902,8,321.634,548.513,mc,4,1784569735202
1784569776902,9,618.612,725.071,mc,2,1784569735202
1784569776902,10,227.675,435.17,mc,4,1784569735202
1784569776902,11,639.853,340.035,mc,3,1784569735202
1784569776902,12,663.749,374.643,mc,5,1784569735202
1784569776902,13,481.657,501.355,mc,2,1784569735202
1784569776902,14,668.64,582.975,mc,3,1784569735202
1784569776902,15,394.292,465.358,mc,2,1784569735202
1784569777002,1,493.617,325.866,mc,5,1784569735202
1784569777002,2,220.005,224.14,mc,5,1784569735202
1784569777002,3,436.721,393.934,mc,3,1784569735202
1784569777002,4,322.275,316.047,mc,5,1784569735202
1784569777002,5,795.878,442.298,mc,3,1784569735202
1784569777002,6,75.8607,394.318,mc,5,1784569735202
1784569777002,7,444.319,608.45,mc,4,1784569735202
1784569777002,8,321.323,548.547,mc,4,1784569735202
1784569777002,9,619.102,724.797,mc,2,1784569735202
1784569777002,10,227.919,434.796,mc,4,1784569735202
1784569777002,11,639.645,339.708,mc,3,1784569735202
1784569777002,12,664.157,374.858,mc,5,1784569735202
1784569777002,13,481.362,501.047,mc,2,1784569735202
1784569777002,14,668.672,583.621,mc,3,1784569735202
1784569777002,15,393.993,464.86,mc,2,1784569735202
1784569777102,1,494.212,325.532,mc,5,1784569735202
1784569777102,2,219.701,224.232,mc,5,1784569735202
1784569777102,3,436.773,393.433,mc,3,1784569735202
1784569777102,4,322.622,316.418,mc,5,1784569735202
1784569777102,5,796.13,442.566,mc,3,1784569735202
1784569777102,6,75.2472,393.996,mc,5,1784569735202
1784569777102,7,444.439,607.939,mc,4,1784569735202
1784569777102,8,321.012,548.581,mc,4,1784569735202
1784569777102,9,619.592,724.523,mc,2,1784569735202
1784569777102,10,228.163,434.422,mc,4,1784569735202
1784569777102,11,639.437,339.38,mc,3,1784569735202
1784569777102,12,664.03,375.024,mc,5,1784569735202
1784569777102,13,481.067,500.74,mc,2,1784569735202
1784569777102,14,668.704,584.268,mc,3,1784569735202
1784569777102,15,393.695,464.361,mc,2,1784569735202
1784569777202,1,494.807,325.199,mc,5,1784569735202
1784569777202,2,219.397,224.323,mc,5,1784569735202
1784569777202,3,436.825,392.932,mc,3,1784569735202
1784569777202,4,322.969,316.79,mc,5,1784569735202
1784569777202,5,796.382,442.834,mc,3,1784569735202
1784569777202,6,74.6337,393.673,mc,5,1784569735202
1784569777202,7,444.559,607.428,mc,4,1784569735202
1784569777202,8,320.701,548.615,mc,4,1784569735202
1784569777202,9,620.082,724.25,mc,2,1784569735202
1784569777202,10,228.14,434.601,mc,4,1784569735202
1784569777202,11,639.228,339.053,mc,3,1784569735202
1784569777202,12,663.446,375.147,mc,5,1784569735202
1784569777202,13,480.772,500.432,mc,2,1784569735202
1784569777202,14,668.736,584.914,mc,3,1784569735202
1784569777202,15,393.396,463.863,mc,2,1784569735202
1784569777302,1,495.402,324.865,mc,5,1784569735202
1784569777302,2,219.093,224.415,mc,5,1784569735202
1784569777302,3,436.877,392.431,mc,3,1784569735202
1784569777302,4,323.316,317.161,mc,5,1784569735202
1784569777302,5,796.635,443.101,mc,3,1784569735202
1784569777302,6,74.0202,393.35,mc,5,1784569735202
1784569777302,7,444.678,606.918,mc,4,1784569735202
1784569777302,8,320.39,548.649,mc,4,1784569735202
1784569777302,9,620.573,723.976,mc,2,1784569735202
1784569777302,10,227.988,435.045,mc,4,1784569735202
1784569777302,11,639.02,338.725,mc,3,1784569735202
1784569777302,12,662.861,375.27,mc,5,1784569735202
1784569777302,13,480.477,500.125,mc,2,1784569735202
1784569777302,14,668.769,585.56,mc,3,1784569735202
1784569777302,15,393.086,463.39,mc,2,1784569735202
1784569777402,1,495.997,324.532,mc,5,1784569735202
1784569777402,2,218.789,224.507,mc,5,1784569735202
1784569777402,3,436.93,391.93,mc,3,1784569735202
1784569777402,4,323.663,317.532,mc,5,1784569735202
1784569777402,5,796.887,443.369,mc,3,1784569735202
1784569777402,6,73.4068,393.027,mc,5,1784569735202
1784569777402,7,444.798,606.407,mc,4,1784569735202
1784569777402,8,320.08,548.683,mc,4,1784569735202
1784569777402,9,621.063,723.702,mc,2,1784569735202
1784569777402,10,227.836,435.488,mc,4,1784569735202
1784569777402,11,638.811,338.398,mc,3,1784569735202
1784569777402,12,662.276,375.394,mc,5,1784569735202
1784569777402,13,480.182,499.817,mc,2,1784569735202
1784569777402,14,668.801,586.207,mc,3,1784569735202
1784569777402,15,392.605,463.307,mc,2,1784569735202
1784569777502,1,496.592,324.198,mc,5,1784569735202
1784569777502,2,218.486,224.599,mc,5,1784569735202
1784569777502,3,436.982,391.429,mc,3,1784569735202
1784569777502,4,324.01,317.904,mc,5,1784569735202
1784569777502,5,797.14,443.637,mc,3,1784569735202
1784569777502,6,72.7933,392.705,mc,5,1784569735202
1784569777502,7,444.918,605.896,mc,4,1784569735202
1784569777502,8,319.769,548.717,mc,4,1784569735202
1784569777502,9,621.553,723.428,mc,2,1784569735202
1784569777502,10,227.685,435.932,mc,4,1784569735202
1784569777502,11,638.603,338.07,mc,3,1784569735202
1784569777502,12,661.692,375.517,mc,5,1784569735202
1784569777502,13,479.887,499.51,mc,2,1784569735202
1784569777502,14,668.833,586.853,mc,3,1784569735202
1784569777502,15,392.124,463.223,mc,2,1784569735202
1784569777602,1,497.187,323.865,mc,5,1784569735202
1784569777602,2,218.182,224.69,mc,5,1784569735202
1784569777602,3,437.034,390.928,mc,3,1784569735202
1784569777602,4,324.357,318.275,mc,5,1784569735202
1784569777602,5,797.392,443.905,mc,3,1784569735202
1784569777602,6,72.1798,392.382,mc,5,1784569735202
1784569777602,7,445.037,605.386,mc,4,1784569735202
1784569777602,8,319.458,548.751,mc,4,1784569735202
1784569777602,9,622.043,723.155,mc,2,1784569735202
1784569777602,10,227.533,436.375,mc,4,1784569735202
1784569777602,11,638.395,337.743,mc,3,1784569735202
1784569777602,12,661.107,375.64,mc,5,1784569735202
1784569777602,13,479.592,499.202,mc,2,1784569735202
1784569777602,14,668.865,587.499,mc,3,1784569735202
1784569777602,15,391.643,463.139,mc,2,1784569735202
1784569777702,1,497.782,323.531,mc,5,1784569735202
1784569777702,2,217.878,224.782,mc,5,1784569735202
1784569777702,3,437.086,390.427,mc,3,1784569735202
1784569777702,4,324.705,318.646,mc,5,1784569735202
1784569777702,5,797.645,444.173,mc,3,1784569735202
1784569777702,6,71.5663,392.059,mc,5,1784569735202
1784569777702,7,445.157,604.875,mc,4,1784569735202
1784569777702,8,319.147,548.785,mc,4,1784569735202
1784569777702,9,622.533,722.881,mc,2,1784569735202
1784569777702,10,227.382,436.819,mc,4,1784569735202
1784569777702,11,638.028,337.983,mc,3,1784569735202
1784569777702,12,660.522,375.763,mc,5,1784569735202
1784569777702,13,479.297,498.894,mc,2,1784569735202
1784569777702,14,668.897,588.146,mc,3,1784569735202
1784569777702,15,391.162,463.056,mc,2,1784569735202
1784569777802,1,498.377,323.198,mc,5,1784569735202
1784569777802,2,217.574,224.874,mc,5,1784569735202
1784569777802,3,437.138,389.926,mc,3,1784569735202
1784569777802,4,325.052,319.018,mc,5,1784569735202
1784569777802,5,797.897,444.441,mc,3,1784569735202
1784569777802,6,70.9528,391.736,mc,5,1784569735202
1784569777802,7,445.276,604.364,mc,4,1784569735202
1784569777802,8,318.836,548.819,mc,4,1784569735202
1784569777802,9,623.024,722.607,mc,2,1784569735202
1784569777802,10,227.23,437.262,mc,4,1784569735202
1784569777802,11,637.591,338.471,mc,3,1784569735202
1784569777802,12,659.937,375.886,mc,5,1784569735202
1784569777802,13,479.003,498.587,mc,2,1784569735202
1784569777802,14,668.93,588.792,mc,3,1784569735202
1784569777802,15,390.681,462.972,mc,2,1784569735202
1784569777902,1,498.967,322.926,mc,5,1784569735202
1784569777902,2,217.27,224.966,mc,5,1784569735202
1784569777902,3,437.19,389.425,mc,3,1784569735202
1784569777902,4,325.399,319.389,mc,5,1784569735202
1784569777902,5,798.15,444.709,mc,3,1784569735202
1784569777902,6,70.3393,391.414,mc,5,1784569735202
1784569777902,7,445.396,603.854,mc,4,1784569735202
1784569777902,8,318.525,548.853,mc,4,1784569735202
1784569777902,9,623.514,722.334,mc,2,1784569735202
1784569777902,10,227.079,437.706,mc,4,1784569735202
1784569777902,11,637.155,338.958,mc,3,1784569735202
1784569777902,12,659.353,376.009,mc,5,1784569735202
1784569777902,13,478.708,498.279,mc,2,1784569735202
1784569777902,14,668.962,589.438,mc,3,1784569735202
1784569777902,15,390.201,462.888,mc,2,1784569735202
1784569778002,1,499.514,323.334,mc,5,1784569735202
1784569778002,2,216.966,225.057,mc,5,1784569735202
1784569778002,3,437.243,388.924,mc,3,1784569735202
1784569778002,4,325.746,319.76,mc,5,1784569735202
1784569778002,5,798.402,444.977,mc,3,1784569735202
1784569778002,6,69.7259,391.091,mc,5,1784569735202
1784569778002,7,445.516,603.343,mc,4,1784569735202
1784569778002,8,318.214,548.887,mc,4,1784569735202
1784569778002,9,624.004,722.06,mc,2,1784569735202
1784569778002,10,226.927,438.149,mc,4,1784569735202
1784569778002,11,636.718,339.446,mc,3,1784569735202
1784569778002,12,658.768,376.133,mc,5,1784569735202
1784569778002,13,478.413,497.972,mc,2,1784569735202
1784569778002,14,668.994,590.085,mc,3,1784569735202
1784569778002,15,389.72,462.805,mc,2,1784569735202
1784569778102,1,500.061,323.741,mc,5,1784569735202
1784569778102,2,216.663,225.149,mc,5,1784569735202
1784569778102,3,437.295,388.423,mc,3,1784569735202
1784569778102,4,326.093,320.132,mc,5,1784569735202
1784569778102,5,798.654,445.245,mc,3,1784569735202
1784569778102,6,69.1124,390.768,mc,5,1784569735202
1784569778102,7,445.635,602.832,mc,4,1784569735202
1784569778102,8,317.903,548.921,mc,4,1784569735202
1784569778102,9,624.494,721.786,mc,2,1784569735202
1784569778102,10,226.775,438.593,mc,4,1784569735202
1784569778102,11,636.282,339.934,mc,3,1784569735202
1784569778102,12,658.183,376.256,mc,5,1784569735202
1784569778102,13,478.118,497.664,mc,2,1784569735202
1784569778102,14,669.026,590.731,mc,3,1784569735202
1784569778102,15,389.239,462.721,mc,2,1784569735202
1784569778202,1,500.607,324.148,mc,5,1784569735202
1784569778202,2,216.359,225.241,mc,5,1784569735202
1784569778202,3,437.347,387.922,mc,3,1784569735202
1784569778202,4,326.44,320.503,mc,5,1784569735202
1784569778202,5,798.907,445.513,mc,3,1784569735202
1784569778202,6,68.4989,390.445,mc,5,1784569735202
1784569778202,7,445.755,602.322,mc,4,1784569735202
1784569778202,8,317.592,548.955,mc,4,1784569735202
1784569778202,9,624.984,721.512,mc,2,1784569735202
1784569778202,10,226.624,439.036,mc,4,1784569735202
1784569778202,11,635.845,340.422,mc,3,1784569735202
1784569778202,12,657.599,376.379,mc,5,1784569735202
1784569778202,13,477.823,497.357,mc,2,1784569735202
1784569778202,14,669.058,591.377,mc,3,1784569735202
1784569778202,15,388.758,462.637,mc,2,1784569735202
1784569778302,1,501.154,324.556,mc,5,1784569735202
1784569778302,2,216.055,225.333,mc,5,1784569735202
1784569778302,3,437.399,387.421,mc,3,1784569735202
1784569778302,4,326.787,320.874,mc,5,1784569735202
1784569778302,5,799.159,445.781,mc,3,1784569735202
1784569778302,6,67.8854,390.123,mc,5,1784569735202
1784569778302,7,445.875,601.811,mc,4,1784569735202
1784569778302,8,317.281,548.989,mc,4,1784569735202
1784569778302,9,625.475,721.239,mc,2,1784569735202
1784569778302,10,226.472,439.48,mc,4,1784569735202
1784569778302,11,635.409,340.909,mc,3,1784569735202
1784569778302,12,657.014,376.502,mc,5,1784569735202
1784569778302,13,477.528,497.049,mc,2,1784569735202
1784569778302,14,669.091,592.024,mc,3,1784569735202
1784569778302,15,388.277,462.554,mc,2,1784569735202
1784569778402,1,501.701,324.963,mc,5,1784569735202
1784569778402,2,215.751,225.424,mc,5,1784569735202
1784569778402,3,437.451,386.92,mc,3,1784569735202
1784569778402,4,327.134,321.246,mc,5,1784569735202
1784569778402,5,799.412,446.048,mc,3,1784569735202
1784569778402,6,67.2719,389.8,mc,5,1784569735202
1784569778402,7,445.994,601.3,mc,4,1784569735202
1784569778402,8,316.971,549.023,mc,4,1784569735202
1784569778402,9,625.965,720.965,mc,2,1784569735202
1784569778402,10,226.321,439.924,mc,4,1784569735202
1784569778402,11,634.972,341.397,mc,3,1784569735202
1784569778402,12,656.429,376.625,mc,5,1784569735202
1784569778402,13,477.233,496.742,mc,2,1784569735202
1784569778402,14,669.123,592.67,mc,3,1784569735202
1784569778402,15,387.796,462.47,mc,2,1784569735202
1784569778502,1,502.247,325.371,mc,5,1784569735202
1784569778502,2,215.447,225.516,mc,5,1784569735202
1784569778502,3,437.504,386.419,mc,3,1784569735202
1784569778502,4,327.481,321.617,mc,5,1784569735202
1784569778502,5,799.664,446.316,mc,3,1784569735202
1784569778502,6,66.6584,389.477,mc,5,1784569735202
1784569778502,7,446.114,600.79,mc,4,1784569735202
1784569778502,8,316.66,549.057,mc,4,1784569735202
1784569778502,9,626.455,720.691,mc,2,1784569735202
1784569778502,10,226.169,440.367,mc,4,1784569735202
1784569778502,11,634.536,341.885,mc,3,1784569735202
1784569778502,12,655.845,376.748,mc,5,1784569735202
1784569778502,13,476.938,496.434,mc,2,1784569735202
1784569778502,14,669.155,593.316,mc,3,1784569735202
1784569778502,15,387.315,462.386,mc,2,1784569735202
1784569778602,1,502.794,325.778,mc,5,1784569735202
1784569778602,2,215.143,225.608,mc,5,1784569735202
1784569778602,3,437.556,385.918,mc,3,1784569735202
1784569778602,4,327.828,321.989,mc,5,1784569735202
1784569778602,5,799.917,446.584,mc,3,1784569735202
1784569778602,6,66.0449,389.155,mc,5,1784569735202
1784569778602,7,446.233,600.279,mc,4,1784569735202
1784569778602,8,316.349,549.091,mc,4,1784569735202
1784569778602,9,626.945,720.417,mc,2,1784569735202
1784569778602,10,226.018,440.811,mc,4,1784569735202
1784569778602,11,634.099,342.373,mc,3,1784569735202
1784569778602,12,655.26,376.871,mc,5,1784569735202
1784569778602,13,476.643,496.126,mc,2,1784569735202
1784569778602,14,669.187,593.963,mc,3,1784569735202
1784569778602,15,386.834,462.303,mc,2,1784569735202
1784569778702,1,503.341,326.186,mc,5,1784569735202
1784569778702,2,214.84,225.699,mc,5,1784569735202
1784569778702,3,437.608,385.417,mc,3,1784569735202
1784569778702,4,328.175,322.36,mc,5,1784569735202
1784569778702,5,800.169,446.852,mc,3,1784569735202
1784569778702,6,65.4315,388.832,mc,5,1784569735202
1784569778702,7,446.353,599.768,mc,4,1784569735202
1784569778702,8,316.038,549.125,mc,4,1784569735202
1784569778702,9,627.435,720.144,mc,2,1784569735202
1784569778702,10,225.866,441.254,mc,4,1784569735202
1784569778702,11,633.663,342.86,mc,3,1784569735202
1784569778702,12,654.675,376.995,mc,5,1784569735202
1784569778702,13,476.348,495.819,mc,2,1784569735202
1784569778702,14,669.219,594.609,mc,3,1784569735202
1784569778702,15,386.353,462.219,mc,2,1784569735202
1784569778802,1,503.887,326.593,mc,5,1784569735202
1784569778802,2,214.536,225.791,mc,5,1784569735202
1784569778802,3,437.66,384.916,mc,3,1784569735202
1784569778802,4,328.522,322.731,mc,5,1784569735202
1784569778802,5,800.422,447.12,mc,3,1784569735202
1784569778802,6,64.818,388.509,mc,5,1784569735202
1784569778802,7,446.473,599.258,mc,4,1784569735202
1784569778802,8,315.727,549.159,mc,4,1784569735202
1784569778802,9,627.926,719.87,mc,2,1784569735202
1784569778802,10,225.715,441.698,mc,4,1784569735202
1784569778802,11,633.227,343.348,mc,3,1784569735202
1784569778802,12,654.091,377.118,mc,5,1784569735202
1784569778802,13,476.054,495.511,mc,2,1784569735202
1784569778802,14,669.252,595.255,mc,3,1784569735202
1784569778802,15,385.873,462.135,mc,2,1784569735202
1784569778902,1,504.434,327.001,mc,5,1784569735202
1784569778902,2,214.232,225.883,mc,5,1784569735202
1784569778902,3,437.712,384.415,mc,3,1784569735202
1784569778902,4,328.869,323.103,mc,5,1784569735202
1784569778902,5,800.674,447.388,mc,3,1784569735202
1784569778902,6,64.2045,388.186,mc,5,1784569735202
1784569778902,7,446.592,598.747,mc,4,1784569735202
1784569778902,8,315.416,549.193,mc,4,1784569735202
1784569778902,9,628.416,719.596,mc,2,1784569735202
1784569778902,10,225.563,442.141,mc,4,1784569735202
1784569778902,11,632.79,343.836,mc,3,1784569735202
1784569778902,12,653.506,377.241,mc,5,1784569735202
1784569778902,13,475.759,495.204,mc,2,1784569735202
1784569778902,14,669.284,595.902,mc,3,1784569735202
1784569778902,15,385.392,462.052,mc,2,1784569735202
1784569779002,1,504.981,327.408,mc,5,1784569735202
1784569779002,2,213.928,225.975,mc,5,1784569735202
1784569779002,3,437.764,383.914,mc,3,1784569735202
1784569779002,4,329.216,323.474,mc,5,1784569735202
1784569779002,5,800.926,447.656,mc,3,1784569735202
1784569779002,6,63.591,387.864,mc,5,1784569735202
1784569779002,7,446.712,598.236,mc,4,1784569735202
1784569779002,8,315.105,549.227,mc,4,1784569735202
1784569779002,9,628.906,719.323,mc,2,1784569735202
1784569779002,10,225.411,442.585,mc,4,1784569735202
1784569779002,11,632.354,344.323,mc,3,1784569735202
1784569779002,12,652.921,377.364,mc,5,1784569735202
1784569779002,13,475.464,494.896,mc,2,1784569735202
1784569779002,14,669.316,596.548,mc,3,1784569735202
1784569779002,15,384.911,461.968,mc,2,1784569735202
1784569779102,1,505.527,327.815,mc,5,1784569735202
1784569779102,2,213.624,226.066,mc,5,1784569735202
1784569779102,3,437.817,383.413,mc,3,1784569735202
1784569779102,4,329.563,323.845,mc,5,1784569735202
1784569779102,5,801.179,447.924,mc,3,1784569735202
1784569779102,6,62.9775,387.541,mc,5,1784569735202
1784569779102,7,446.831,597.726,mc,4,1784569735202
1784569779102,8,314.794,549.261,mc,4,1784569735202
1784569779102,9,629.396,719.049,mc,2,1784569735202
1784569779102,10,225.26,443.028,mc,4,1784569735202
1784569779102,11,631.917,344.811,mc,3,1784569735202
1784569779102,12,652.337,377.487,mc,5,1784569735202
1784569779102,13,475.169,494.589,mc,2,1784569735202
1784569779102,14,669.348,597.194,mc,3,1784569735202
1784569779102,15,384.43,461.884,mc,2,1784569735202
1784569779202,1,506.074,328.223,mc,5,1784569735202
1784569779202,2,213.32,226.158,mc,5,1784569735202
1784569779202,3,437.869,382.912,mc,3,1784569735202
1784569779202,4,329.91,324.217,mc,5,1784569735202
1784569779202,5,801.431,448.192,mc,3,1784569735202
1784569779202,6,62.364,387.218,mc,5,1784569735202
1784569779202,7,446.951,597.215,mc,4,1784569735202
1784569779202,8,314.483,549.295,mc,4,1784569735202
1784569779202,9,629.886,718.775,mc,2,1784569735202
1784569779202,10,225.108,443.472,mc,4,1784569735202
1784569779202,11,631.481,345.299,mc,3,1784569735202
1784569779202,12,651.752,377.61,mc,5,1784569735202
1784569779202,13,474.874,494.281,mc,2,1784569735202
1784569779202,14,669.762,596.913,mc,3,1784569735202
1784569779202,15,383.949,461.801,mc,2,1784569735202
1784569779302,1,506.621,328.63,mc,5,1784569735202
1784569779302,2,213.017,226.25,mc,5,1784569735202
1784569779302,3,437.921,382.411,mc,3,1784569735202
1784569779302,4,330.257,324.588,mc,5,1784569735202
1784569779302,5,801.684,448.46,mc,3,1784569735202
1784569779302,6,61.7505,386.895,mc,5,1784569735202
1784569779302,7,447.071,596.704,mc,4,1784569735202
1784569779302,8,314.172,549.329,mc,4,1784569735202
1784569779302,9,630.376,718.501,mc,2,1784569735202
1784569779302,10,224.957,443.915,mc,4,1784569735202
1784569779302,11,631.044,345.787,mc,3,1784569735202
1784569779302,12,651.167,377.733,mc,5,1784569735202
1784569779302,13,474.579,493.974,mc,2,1784569735202
1784569779302,14,670.207,596.554,mc,3,1784569735202
1784569779302,15,383.468,461.717,mc,2,1784569735202
1784569779402,1,507.167,329.038,mc,5,1784569735202
1784569779402,2,212.713,226.342,mc,5,1784569735202
1784569779402,3,437.973,381.91,mc,3,1784569735202
1784569779402,4,330.604,324.959,mc,5,1784569735202
1784569779402,5,801.936,448.728,mc,3,1784569735202
1784569779402,6,61.1371,386.573,mc,5,1784569735202
1784569779402,7,447.19,596.194,mc,4,1784569735202
1784569779402,8,313.861,549.363,mc,4,1784569735202
1784569779402,9,630.867,718.228,mc,2,1784569735202
1784569779402,10,224.805,444.359,mc,4,1784569735202
1784569779402,11,630.608,346.274,mc,3,1784569735202
1784569779402,12,650.583,377.857,mc,5,1784569735202
1784569779402,13,474.284,493.666,mc,2,1784569735202
1784569779402,14,670.653,596.196,mc,3,1784569735202
1784569779402,15,382.987,461.633,mc,2,1784569735202
1784569779502,1,507.714,329.445,mc,5,1784569735202
1784569779502,2,212.409,226.433,mc,5,1784569735202
1784569779502,3,438.025,381.409,mc,3,1784569735202
1784569779502,4,330.951,325.331,mc,5,1784569735202
1784569779502,5,802.189,448.995,mc,3,1784569735202
1784569779502,6,60.5236,386.25,mc,5,1784569735202
1784569779502,7,447.31,595.683,mc,4,1784569735202
1784569779502,8,313.551,549.397,mc,4,1784569735202
1784569779502,9,631.357,717.954,mc,2,1784569735202
1784569779502,10,224.654,444.802,mc,4,1784569735202
1784569779502,11,630.171,346.762,mc,3,1784569735202
1784569779502,12,649.998,377.98,mc,5,1784569735202
1784569779502,13,473.989,493.358,mc,2,1784569735202
1784569779502,14,671.098,595.837,mc,3,1784569735202
1784569779502,15,382.506,461.55,mc,2,1784569735202
1784569779602,1,508.261,329.853,mc,5,1784569735202
1784569779602,2,212.105,226.525,mc,5,1784569735202
1784569779602,3,438.078,380.908,mc,3,1784569735202
1784569779602,4,331.298,325.702,mc,5,1784569735202
1784569779602,5,802.441,449.263,mc,3,1784569735202
1784569779602,6,59.9101,385.927,mc,5,1784569735202
1784569779602,7,447.43,595.172,mc,4,1784569735202
1784569779602,8,313.24,549.431,mc,4,1784569735202
1784569779602,9,631.847,717.68,mc,2,1784569735202
1784569779602,10,224.502,445.246,mc,4,1784569735202
1784569779602,11,629.735,347.25,mc,3,1784569735202
1784569779602,12,649.413,378.103,mc,5,1784569735202
1784569779602,13,473.694,493.051,mc,2,1784569735202
1784569779602,14,671.544,595.479,mc,3,1784569735202
1784569779602,15,382.025,461.466,mc,2,1784569735202
1784569779702,1,508.807,330.26,mc,5,1784569735202
1784569779702,2,211.801,226.617,mc,5,1784569735202
1784569779702,3,438.13,380.407,mc,3,1784569735202
1784569779702,4,331.646,326.073,mc,5,1784569735202
1784569779702,5,802.694,449.531,mc,3,1784569735202
1784569779702,6,59.2966,385.604,mc,5,1784569735202
1784569779702,7,447.549,594.662,mc,4,1784569735202
1784569779702,8,312.929,549.465,mc,4,1784569735202
1784569779702,9,632.337,717.406,mc,2,1784569735202
1784569779702,10,224.351,445.689,mc,4,1784569735202
1784569779702,11,629.298,347.738,mc,3,1784569735202
1784569779702,12,648.829,378.226,mc,5,1784569735202
1784569779702,13,473.399,492.743,mc,2,1784569735202
1784569779702,14,671.989,595.12,mc,3,1784569735202
1784569779702,15,381.544,461.382,mc,2,1784569735202
1784569779802,1,509.354,330.668,mc,5,1784569735202
1784569779802,2,211.497,226.709,mc,5,1784569735202
1784569779802,3,438.182,379.906,mc,3,1784569735202
1784569779802,4,331.993,326.445,mc,5,1784569735202
1784569779802,5,802.946,449.799,mc,3,1784569735202
1784569779802,6,58.6831,385.282,mc,5,1784569735202
1784569779802,7,447.669,594.151,mc,4,1784569735202
1784569779802,8,312.618,549.499,mc,4,1784569735202
1784569779802,9,632.827,717.133,mc,2,1784569735202
1784569779802,10,224.199,446.133,mc,4,1784569735202
1784569779802,11,628.862,348.225,mc,3,1784569735202
1784569779802,12,648.244,378.349,mc,5,1784569735202
1784569779802,13,473.104,492.436,mc,2,1784569735202
1784569779802,14,672.434,594.762,mc,3,1784569735202
1784569779802,15,381.064,461.299,mc,2,1784569735202
1784569779902,1,509.901,331.075,mc,5,1784569735202
1784569779902,2,211.194,226.8,mc,5,1784569735202
1784569779902,3,438.234,379.405,mc,3,1784569735202
1784569779902,4,332.464,326.432,mc,5,1784569735202
1784569779902,5,803.198,450.067,mc,3,1784569735202
1784569779902,6,58.0696,384.959,mc,5,1784569735202
1784569779902,7,447.788,593.64,mc,4,1784569735202
1784569779902,8,312.307,549.533,mc,4,1784569735202
1784569779902,9,633.318,716.859,mc,2,1784569735202
1784569779902,10,224.047,446.576,mc,4,1784569735202
1784569779902,11,628.425,348.713,mc,3,1784569735202
1784569779902,12,647.659,378.472,mc,5,1784569735202
1784569779902,13,472.81,492.128,mc,2,1784569735202
1784569779902,14,672.88,594.403,mc,3,1784569735202
1784569779902,15,380.583,461.215,mc,2,1784569735202
1784569780002,1,510.447,331.482,mc,5,1784569735202
1784569780002,2,210.89,226.892,mc,5,1784569735202
1784569780002,3,438.286,378.904,mc,3,1784569735202
1784569780002,4,333.038,326.098,mc,5,1784569735202
1784569780002,5,803.451,450.335,mc,3,1784569735202
1784569780002,6,57.4561,384.636,mc,5,1784569735202
1784569780002,7,447.908,593.13,mc,4,1784569735202
1784569780002,8,311.996,549.567,mc,4,1784569735202
1784569780002,9,633.784,716.59,mc,2,1784569735202
1784569780002,10,223.896,447.02,mc,4,1784569735202
1784569780002,11,627.989,349.201,mc,3,1784569735202
1784569780002,12,647.074,378.596,mc,5,1784569735202
1784569780002,13,472.515,491.821,mc,2,1784569735202
1784569780002,14,673.325,594.045,mc,3,1784569735202
1784569780002,15,380.102,461.131,mc,2,1784569735202
1784569780102,1,510.994,331.89,mc,5,1784569735202
1784569780102,2,210.586,226.984,mc,5,1784569735202
1784569780102,3,438.338,378.403,mc,3,1784569735202
1784569780102,4,333.612,325.764,mc,5,1784569735202
1784569780102,5,803.703,450.603,mc,3,1784569735202
1784569780102,6,56.8427,384.313,mc,5,1784569735202
1784569780102,7,448.028,592.619,mc,4,1784569735202
1784569780102,8,311.685,549.601,mc,4,1784569735202
1784569780102,9,633.497,716.466,mc,2,1784569735202
1784569780102,10,223.744,447.463,mc,4,1784569735202
1784569780102,11,627.553,349.689,mc,3,1784569735202
1784569780102,12,646.49,378.719,mc,5,1784569735202
1784569780102,13,472.22,491.513,mc,2,1784569735202
1784569780102,14,673.771,593.686,mc,3,1784569735202
1784569780102,15,379.621,461.048,mc,2,1784569735202
1784569780202,1,511.541,332.297,mc,5,1784569735202
1784569780202,2,210.282,227.075,mc,5,1784569735202
1784569780202,3,438.391,377.902,mc,3,1784569735202
1784569780202,4,334.186,325.431,mc,5,1784569735202
1784569780202,5,803.956,450.871,mc,3,1784569735202
1784569780202,6,56.2292,383.991,mc,5,1784569735202
1784569780202,7,448.147,592.108,mc,4,1784569735202
1784569780202,8,311.374,549.635,mc,4,1784569735202
1784569780202,9,633.21,716.343,mc,2,1784569735202
1784569780202,10,223.593,447.907,mc,4,1784569735202
1784569780202,11,627.116,350.176,mc,3,1784569735202
1784569780202,12,645.905,378.842,mc,5,1784569735202
1784569780202,13,471.925,491.206,mc,2,1784569735202
1784569780202,14,674.216,593.328,mc,3,1784569735202
1784569780202,15,379.14,460.964,mc,2,1784569735202
1784569780302,1,512.087,332.705,mc,5,1784569735202
1784569780302,2,209.978,227.167,mc,5,1784569735202
1784569780302,3,438.443,377.401,mc,3,1784569735202
1784569780302,4,334.761,325.097,mc,5,1784569735202
1784569780302,5,804.208,451.139,mc,3,1784569735202
1784569780302,6,55.8379,383.654,mc,5,1784569735202
1784569780302,7,448.267,591.598,mc,4,1784569735202
1784569780302,8,311.063,549.669,mc,4,1784569735202
1784569780302,9,632.923,716.219,mc,2,1784569735202
1784569780302,10,223.441,448.351,mc,4,1784569735202
1784569780302,11,626.68,350.664,mc,3,1784569735202
1784569780302,12,645.32,378.965,mc,5,1784569735202
1784569780302,13,471.63,490.898,mc,2,1784569735202
1784569780302,14,674.662,592.969,mc,3,1784569735202
1784569780302,15,378.659,460.88,mc,2,1784569735202
1784569780402,1,512.634,333.112,mc,5,1784569735202
1784569780402,2,209.674,227.259,mc,5,1784569735202
1784569780402,3,438.495,376.9,mc,3,1784569735202
1784569780402,4,335.335,324.763,mc,5,1784569735202
1784569780402,5,804.461,451.407,mc,3,1784569735202
1784569780402,6,56.358,383.26,mc,5,1784569735202
1784569780402,7,448.386,591.087,mc,4,1784569735202
1784569780402,8,310.752,549.702,mc,4,1784569735202
1784569780402,9,632.636,716.096,mc,2,1784569735202
1784569780402,10,223.29,448.794,mc,4,1784569735202
1784569780402,11,626.243,351.152,mc,3,1784569735202
1784569780402,12,644.736,379.088,mc,5,1784569735202
1784569780402,13,471.335,490.59,mc,2,1784569735202
1784569780402,14,675.107,592.611,mc,3,1784569735202
1784569780402,15,378.178,460.796,mc,2,1784569735202
1784569780502,1,513.181,333.52,mc,5,1784569735202
1784569780502,2,209.371,227.351,mc,5,1784569735202
1784569780502,3,438.547,376.399,mc,3,1784569735202
1784569780502,4,335.909,324.43,mc,5,1784569735202
1784569780502,5,804.713,451.675,mc,3,1784569735202
1784569780502,6,56.8782,382.867,mc,5,1784569735202
1784569780502,7,448.506,590.576,mc,4,1784569735202
1784569780502,8,310.441,549.736,mc,4,1784569735202
1784569780502,9,632.349,715.972,mc,2,1784569735202
1784569780502,10,223.138,449.238,mc,4,1784569735202
1784569780502,11,625.807,351.64,mc,3,1784569735202
1784569780502,12,644.151,379.211,mc,5,1784569735202
1784569780502,13,471.04,490.283,mc,2,1784569735202
1784569780502,14,675.552,592.252,mc,3,1784569735202
1784569780502,15,377.697,460.713,mc,2,1784569735202
1784569780602,1,513.727,333.927,mc,5,1784569735202
1784569780602,2,209.067,227.442,mc,5,1784569735202
1784569780602,3,438.599,375.898,mc,3,1784569735202
1784569780602,4,336.484,324.096,mc,5,1784569735202
1784569780602,5,804.966,451.942,mc,3,1784569735202
1784569780602,6,57.3984,382.473,mc,5,1784569735202
1784569780602,7,448.626,590.066,mc,4,1784569735202
1784569780602,8,310.131,549.77,mc,4,1784569735202
1784569780602,9,632.062,715.849,mc,2,1784569735202
1784569780602,10,222.986,449.681,mc,4,1784569735202
1784569780602,11,625.37,352.127,mc,3,1784569735202
1784569780602,12,643.566,379.334,mc,5,1784569735202
1784569780602,13,470.745,489.975,mc,2,1784569735202
1784569780602,14,675.998,591.894,mc,3,1784569735202
1784569780602,15,377.216,460.629,mc,2,1784569735202
1784569780702,1,514.274,334.335,mc,5,1784569735202
1784569780702,2,208.763,227.534,mc,5,1784569735202
1784569780702,3,438.651,375.397,mc,3,1784569735202
1784569780702,4,337.058,323.762,mc,5,1784569735202
1784569780702,5,805.218,452.21,mc,3,1784569735202
1784569780702,6,57.9186,382.079,mc,5,1784569735202
1784569780702,7,448.745,589.555,mc,4,1784569735202
1784569780702,8,309.82,549.804,mc,4,1784569735202
1784569780702,9,631.775,715.725,mc,2,1784569735202
1784569780702,10,222.835,450.125,mc,4,1784569735202
1784569780702,11,624.934,352.615,mc,3,1784569735202
1784569780702,12,642.982,379.458,mc,5,1784569735202
1784569780702,13,470.45,489.668,mc,2,1784569735202
1784569780702,14,676.443,591.535,mc,3,1784569735202
1784569780702,15,376.736,460.545,mc,2,1784569735202
1784569780802,1,514.821,334.742,mc,5,1784569735202
1784569780802,2,208.459,227.626,mc,5,1784569735202
1784569780802,3,438.704,374.896,mc,3,1784569735202
1784569780802,4,337.632,323.428,mc,5,1784569735202
1784569780802,5,805.47,452.478,mc,3,1784569735202
1784569780802,6,58.4387,381.685,mc,5,1784569735202
1784569780802,7,448.865,589.044,mc,4,1784569735202
1784569780802,8,309.509,549.838,mc,4,1784569735202
1784569780802,9,631.488,715.602,mc,2,1784569735202
1784569780802,10,222.683,450.568,mc,4,1784569735202
1784569780802,11,624.497,353.103,mc,3,1784569735202
1784569780802,12,642.397,379.581,mc,5,1784569735202
1784569780802,13,470.155,489.36,mc,2,1784569735202
1784569780802,14,676.889,591.176,mc,3,1784569735202
1784569780802,15,376.255,460.462,mc,2,1784569735202
1784569780902,1,515.367,335.149,mc,5,1784569735202
1784569780902,2,208.155,227.718,mc,5,1784569735202
1784569780902,3,438.895,374.642,mc,3,1784569735202
1784569780902,4,338.206,323.095,mc,5,1784569735202
1784569780902,5,805.723,452.746,mc,3,1784569735202
1784569780902,6,58.9589,381.292,mc,5,1784569735202
1784569780902,7,448.985,588.534,mc,4,1784569735202
1784569780902,8,309.198,549.872,mc,4,1784569735202
1784569780902,9,631.201,715.478,mc,2,1784569735202
1784569780902,10,222.532,451.012,mc,4,1784569735202
1784569780902,11,624.061,353.591,mc,3,1784569735202
1784569780902,12,641.812,379.704,mc,5,1784569735202
1784569780902,13,469.86,489.053,mc,2,1784569735202
1784569780902,14,677.334,590.818,mc,3,1784569735202
1784569780902,15,375.774,460.378,mc,2,1784569735202
1784569781002,1,515.914,335.557,mc,5,1784569735202
1784569781002,2,207.851,227.809,mc,5,1784569735202
1784569781002,3,439.345,374.845,mc,3,1784569735202
1784569781002,4,338.781,322.761,mc,5,1784569735202
1784569781002,5,805.975,453.014,mc,3,1784569735202
1784569781002,6,59.4791,380.898,mc,5,1784569735202
1784569781002,7,449.104,588.023,mc,4,1784569735202
1784569781002,8,308.887,549.906,mc,4,1784569735202
1784569781002,9,630.914,715.354,mc,2,1784569735202
1784569781002,10,222.38,451.455,mc,4,1784569735202
1784569781002,11,623.624,354.078,mc,3,1784569735202
1784569781002,12,641.228,379.827,mc,5,1784569735202
1784569781002,13,469.566,488.745,mc,2,1784569735202
1784569781002,14,677.78,590.459,mc,3,1784569735202
1784569781002,15,375.293,460.294,mc,2,1784569735202
1784569781102,1,516.461,335.964,mc,5,1784569735202
1784569781102,2,207.548,227.901,mc,5,1784569735202
1784569781102,3,439.795,375.049,mc,3,1784569735202
1784569781102,4,339.355,322.427,mc,5,1784569735202
1784569781102,5,806.228,453.282,mc,3,1784569735202
1784569781102,6,59.9992,380.504,mc,5,1784569735202
1784569781102,7,449.224,587.512,mc,4,1784569735202
1784569781102,8,308.576,549.94,mc,4,1784569735202
1784569781102,9,630.627,715.231,mc,2,1784569735202
1784569781102,10,222.229,451.899,mc,4,1784569735202
1784569781102,11,623.188,354.566,mc,3,1784569735202
1784569781102,12,640.643,379.95,mc,5,1784569735202
1784569781102,13,469.271,488.438,mc,2,1784569735202
1784569781102,14,678.225,590.101,mc,3,1784569735202
1784569781102,15,374.812,460.211,mc,2,1784569735202
1784569781202,1,517.007,336.372,mc,5,1784569735202
1784569781202,2,207.244,227.993,mc,5,1784569735202
1784569781202,3,440.245,375.252,mc,3,1784569735202
1784569781202,4,339.929,322.094,mc,5,1784569735202
1784569781202,5,806.48,453.55,mc,3,1784569735202
1784569781202,6,60.5194,380.11,mc,5,1784569735202
1784569781202,7,449.343,587.002,mc,4,1784569735202
1784569781202,8,308.265,549.974,mc,4,1784569735202
1784569781202,9,630.34,715.107,mc,2,1784569735202
1784569781202,10,222.077,452.342,mc,4,1784569735202
1784569781202,11,622.751,355.054,mc,3,1784569735202
1784569781202,12,640.058,380.073,mc,5,1784569735202
1784569781202,13,468.976,488.13,mc,2,1784569735202
1784569781202,14,678.67,589.742,mc,3,1784569735202
1784569781202,15,374.331,460.127,mc,2,1784569735202
1784569781302,1,517.554,336.779,mc,5,1784569735202
1784569781302,2,206.94,228.085,mc,5,1784569735202
1784569781302,3,440.695,375.455,mc,3,1784569735202
1784569781302,4,340.504,321.76,mc,5,1784569735202
1784569781302,5,806.733,453.818,mc,3,1784569735202
1784569781302,6,61.0396,379.716,mc,5,1784569735202
1784569781302,7,449.463,586.491,mc,4,1784569735202
1784569781302,8,307.954,550.008,mc,4,1784569735202
1784569781302,9,630.053,714.984,mc,2,1784569735202
1784569781302,10,221.926,452.786,mc,4,1784569735202
1784569781302,11,622.315,355.542,mc,3,1784569735202
1784569781302,12,639.474,380.197,mc,5,1784569735202
1784569781302,13,468.681,487.822,mc,2,1784569735202
1784569781302,14,679.116,589.384,mc,3,1784569735202
1784569781302,15,373.85,460.043,mc,2,1784569735202
1784569781402,1,518.101,337.187,mc,5,1784569735202
1784569781402,2,206.636,228.176,mc,5,1784569735202
1784569781402,3,441.145,375.659,mc,3,1784569735202
1784569781402,4,341.078,321.426,mc,5,1784569735202
1784569781402,5,806.985,454.086,mc,3,1784569735202
1784569781402,6,61.5597,379.323,mc,5,1784569735202
1784569781402,7,449.583,585.98,mc,4,1784569735202
1784569781402,8,307.643,550.042,mc,4,1784569735202
1784569781402,9,629.766,714.86,mc,2,1784569735202
1784569781402,10,221.774,453.229,mc,4,1784569735202
1784569781402,11,621.879,356.029,mc,3,1784569735202
1784569781402,12,638.889,380.32,mc,5,1784569735202
1784569781402,13,468.386,487.515,mc,2,1784569735202
1784569781402,14,679.561,589.025,mc,3,1784569735202
1784569781402,15,373.369,459.96,mc,2,1784569735202
1784569781502,1,518.647,337.594,mc,5,1784569735202
1784569781502,2,206.332,228.268,mc,5,1784569735202
1784569781502,3,441.595,375.862,mc,3,1784569735202
1784569781502,4,341.652,321.093,mc,5,1784569735202
1784569781502,5,807.238,454.354,mc,3,1784569735202
1784569781502,6,62.0799,378.929,mc,5,1784569735202
1784569781502,7,449.702,585.47,mc,4,1784569735202
1784569781502,8,307.332,550.076,mc,4,1784569735202
1784569781502,9,629.479,714.737,mc,2,1784569735202
1784569781502,10,221.622,453.673,mc,4,1784569735202
1784569781502,11,621.442,356.517,mc,3,1784569735202
1784569781502,12,638.304,380.443,mc,5,1784569735202
1784569781502,13,468.091,487.207,mc,2,1784569735202
1784569781502,14,680.007,588.667,mc,3,1784569735202
1784569781502,15,372.888,459.876,mc,2,1784569735202
1784569781602,1,519.194,338.002,mc,5,1784569735202
1784569781602,2,206.028,228.36,mc,5,1784569735202
1784569781602,3,442.044,376.065,mc,3,1784569735202
1784569781602,4,342.226,320.759,mc,5,1784569735202
1784569781602,5,807.49,454.622,mc,3,1784569735202
1784569781602,6,62.6001,378.535,mc,5,1784569735202
1784569781602,7,449.822,584.959,mc,4,1784569735202
1784569781602,8,307.021,550.11,mc,4,1784569735202
1784569781602,9,629.192,714.613,mc,2,1784569735202
1784569781602,10,221.471,454.116,mc,4,1784569735202
1784569781602,11,621.006,357.005,mc,3,1784569735202
1784569781602,12,637.72,380.566,mc,5,1784569735202
1784569781602,13,467.796,486.9,mc,2,1784569735202
1784569781602,14,680.452,588.308,mc,3,1784569735202
1784569781602,15,372.407,459.792,mc,2,1784569735202
1784569781702,1,519.741,338.409,mc,5,1784569735202
1784569781702,2,205.725,228.451,mc,5,1784569735202
1784569781702,3,442.494,376.268,mc,3,1784569735202
1784569781702,4,342.801,320.425,mc,5,1784569735202
1784569781702,5,807.742,454.889,mc,3,1784569735202
1784569781702,6,63.1203,378.141,mc,5,1784569735202
1784569781702,7,449.941,584.448,mc,4,1784569735202
1784569781702,8,306.711,550.144,mc,4,1784569735202
1784569781702,9,628.905,714.49,mc,2,1784569735202
1784569781702,10,221.319,454.56,mc,4,1784569735202
1784569781702,11,620.569,357.493,mc,3,1784569735202
1784569781702,12,637.135,380.689,mc,5,1784569735202
1784569781702,13,467.501,486.592,mc,2,1784569735202
1784569781702,14,680.897,587.95,mc,3,1784569735202
1784569781702,15,371.927,459.709,mc,2,1784569735202
1784569781802,1,520.287,338.817,mc,5,1784569735202
1784569781802,2,205.421,228.543,mc,5,1784569735202
1784569781802,3,442.944,376.472,mc,3,1784569735202
1784569781802,4,343.375,320.091,mc,5,1784569735202
1784569781802,5,807.995,455.157,mc,3,1784569735202
1784569781802,6,63.6404,377.748,mc,5,1784569735202
1784569781802,7,450.061,583.938,mc,4,1784569735202
1784569781802,8,306.4,550.178,mc,4,1784569735202
1784569781802,9,628.618,714.366,mc,2,1784569735202
1784569781802,10,221.168,455.003,mc,4,1784569735202
1784569781802,11,620.133,357.98,mc,3,1784569735202
1784569781802,12,636.55,380.812,mc,5,1784569735202
1784569781802,13,467.206,486.285,mc,2,1784569735202
1784569781802,14,681.343,587.591,mc,3,1784569735202
1784569781802,15,371.446,459.625,mc,2,1784569735202
1784569781902,1,520.834,339.224,mc,5,1784569735202
1784569781902,2,205.117,228.635,mc,5,1784569735202
1784569781902,3,443.394,376.675,mc,3,1784569735202
1784569781902,4,343.949,319.758,mc,5,1784569735202
1784569781902,5,808.247,455.425,mc,3,1784569735202
1784569781902,6,64.1606,377.354,mc,5,1784569735202
1784569781902,7,450.181,583.427,mc,4,1784569735202
1784569781902,8,306.089,550.212,mc,4,1784569735202
1784569781902,9,628.331,714.243,mc,2,1784569735202
1784569781902,10,221.016,455.447,mc,4,1784569735202
1784569781902,11,619.696,358.468,mc,3,1784569735202
1784569781902,12,635.966,380.935,mc,5,1784569735202
1784569781902,13,466.911,485.977,mc,2,1784569735202
1784569781902,14,681.788,587.233,mc,3,1784569735202
1784569781902,15,370.965,459.541,mc,2,1784569735202
1784569782002,1,521.381,339.631,mc,5,1784569735202
1784569782002,2,204.813,228.727,mc,5,1784569735202
1784569782002,3,443.844,376.878,mc,3,1784569735202
1784569782002,4,344.524,319.424,mc,5,1784569735202
1784569782002,5,808.5,455.693,mc,3,1784569735202
1784569782002,6,64.6808,376.96,mc,5,1784569735202
1784569782002,7,450.3,582.916,mc,4,1784569735202
1784569782002,8,305.778,550.246,mc,4,1784569735202
1784569782002,9,628.044,714.119,mc,2,1784569735202
1784569782002,10,220.865,455.89,mc,4,1784569735202
1784569782002,11,619.26,358.956,mc,3,1784569735202
1784569782002,12,635.381,381.059,mc,5,1784569735202
1784569782002,13,466.617,485.67,mc,2,1784569735202
1784569782002,14,682.234,586.874,mc,3,1784569735202
1784569782002,15,370.484,459.458,mc,2,1784569735202
1784569782102,1,521.927,340.039,mc,5,1784569735202
1784569782102,2,204.509,228.818,mc,5,1784569735202
1784569782102,3,444.294,377.081,mc,3,1784569735202
1784569782102,4,345.098,319.09,mc,5,1784569735202
1784569782102,5,808.752,455.961,mc,3,1784569735202
1784569782102,6,65.2009,376.566,mc,5,1784569735202
1784569782102,7,450.42,582.405,mc,4,1784569735202
1784569782102,8,305.467,550.28,mc,4,1784569735202
1784569782102,9,627.757,713.995,mc,2,1784569735202
1784569782102,10,220.713,456.334,mc,4,1784569735202
1784569782102,11,618.823,359.444,mc,3,1784569735202
1784569782102,12,635.192,381.135,mc,5,1784569735202
1784569782102,13,466.322,485.362,mc,2,1784569735202
1784569782102,14,682.679,586.516,mc,3,1784569735202
1784569782102,15,370.003,459.374,mc,2,1784569735202
1784569782202,1,522.474,340.446,mc,5,1784569735202
1784569782202,2,204.205,228.91,mc,5,1784569735202
1784569782202,3,444.744,377.285,mc,3,1784569735202
1784569782202,4,345.672,318.757,mc,5,1784569735202
1784569782202,5,809.005,456.229,mc,3,1784569735202
1784569782202,6,65.7211,376.173,mc,5,1784569735202
1784569782202,7,450.54,581.895,mc,4,1784569735202
1784569782202,8,305.156,550.314,mc,4,1784569735202
1784569782202,9,627.47,713.872,mc,2,1784569735202
1784569782202,10,220.561,456.777,mc,4,1784569735202
1784569782202,11,618.387,359.931,mc,3,1784569735202
1784569782202,12,635.805,381.118,mc,5,1784569735202
1784569782202,13,466.027,485.054,mc,2,1784569735202
1784569782202,14,683.125,586.157,mc,3,1784569735202
1784569782202,15,369.522,459.29,mc,2,1784569735202
1784569782302,1,523.015,340.825,mc,5,1784569735202
1784569782302,2,203.902,229.002,mc,5,1784569735202
1784569782302,3,445.193,377.488,mc,3,1784569735202
1784569782302,4,346.246,318.423,mc,5,1784569735202
1784569782302,5,809.257,456.497,mc,3,1784569735202
1784569782302,6,66.2413,375.779,mc,5,1784569735202
1784569782302,7,450.659,581.384,mc,4,1784569735202
1784569782302,8,304.845,550.348,mc,4,1784569735202
1784569782302,9,627.183,713.748,mc,2,1784569735202
1784569782302,10,220.41,457.221,mc,4,1784569735202
1784569782302,11,617.951,359.804,mc,3,1784569735202
1784569782302,12,636.418,381.101,mc,5,1784569735202
1784569782302,13,465.732,484.747,mc,2,1784569735202
1784569782302,14,683.57,585.799,mc,3,1784569735202
1784569782302,15,369.041,459.207,mc,2,1784569735202
1784569782402,1,523.496,340.88,mc,5,1784569735202
1784569782402,2,203.598,229.094,mc,5,1784569735202
1784569782402,3,445.643,377.691,mc,3,1784569735202
1784569782402,4,346.821,318.089,mc,5,1784569735202
1784569782402,5,809.51,456.765,mc,3,1784569735202
1784569782402,6,66.7615,375.385,mc,5,1784569735202
1784569782402,7,450.779,580.873,mc,4,1784569735202
1784569782402,8,304.534,550.382,mc,4,1784569735202
1784569782402,9,626.896,713.625,mc,2,1784569735202
1784569782402,10,220.258,457.665,mc,4,1784569735202
1784569782402,11,617.515,359.576,mc,3,1784569735202
1784569782402,12,637.031,381.084,mc,5,1784569735202
1784569782402,13,465.437,484.439,mc,2,1784569735202
1784569782402,14,684.015,585.44,mc,3,1784569735202
1784569782402,15,368.56,459.123,mc,2,1784569735202
1784569782502,1,523.977,340.935,mc,5,1784569735202
1784569782502,2,203.294,229.185,mc,5,1784569735202
1784569782502,3,446.093,377.894,mc,3,1784569735202
1784569782502,4,347.395,317.756,mc,5,1784569735202
1784569782502,5,809.762,457.033,mc,3,1784569735202
1784569782502,6,67.2816,374.991,mc,5,1784569735202
1784569782502,7,450.909,580.295,mc,4,1784569735202
1784569782502,8,304.223,550.416,mc,4,1784569735202
1784569782502,9,626.609,713.501,mc,2,1784569735202
1784569782502,10,220.107,458.108,mc,4,1784569735202
1784569782502,11,617.079,359.349,mc,3,1784569735202
1784569782502,12,637.644,381.068,mc,5,1784569735202
1784569782502,13,465.142,484.132,mc,2,1784569735202
1784569782502,14,684.461,585.081,mc,3,1784569735202
1784569782502,15,368.079,459.039,mc,2,1784569735202
1784569782602,1,524.457,340.991,mc,5,1784569735202
1784569782602,2,202.99,229.277,mc,5,1784569735202
1784569782602,3,446.543,378.098,mc,3,1784569735202
1784569782602,4,347.969,317.422,mc,5,1784569735202
1784569782602,5,810.014,457.301,mc,3,1784569735202
1784569782602,6,67.8018,374.598,mc,5,1784569735202
1784569782602,7,451.045,579.675,mc,4,1784569735202
1784569782602,8,303.912,550.45,mc,4,1784569735202
1784569782602,9,626.322,713.378,mc,2,1784569735202
1784569782602,10,219.955,458.552,mc,4,1784569735202
1784569782602,11,616.643,359.122,mc,3,1784569735202
1784569782602,12,638.257,381.051,mc,5,1784569735202
1784569782602,13,464.866,483.915,mc,2,1784569735202
1784569782602,14,684.906,584.723,mc,3,1784569735202
1784569782602,15,367.599,458.956,mc,2,1784569735202
1784569782702,1,524.938,341.046,mc,5,1784569735202
1784569782702,2,202.686,229.369,mc,5,1784569735202
1784569782702,3,446.993,378.301,mc,3,1784569735202
1784569782702,4,348.544,317.088,mc,5,1784569735202
1784569782702,5,810.267,457.569,mc,3,1784569735202
1784569782702,6,68.322,374.204,mc,5,1784569735202
1784569782702,7,451.181,579.055,mc,4,1784569735202
1784569782702,8,303.601,550.484,mc,4,1784569735202
1784569782702,9,626.035,713.254,mc,2,1784569735202
1784569782702,10,219.804,458.995,mc,4,1784569735202
1784569782702,11,616.207,358.895,mc,3,1784569735202
1784569782702,12,638.87,381.034,mc,5,1784569735202
1784569782702,13,464.687,484.168,mc,2,1784569735202
1784569782702,14,685.352,584.364,mc,3,1784569735202
1784569782702,15,367.118,458.872,mc,2,1784569735202
1784569782802,1,525.419,341.101,mc,5,1784569735202
1784569782802,2,202.382,229.461,mc,5,1784569735202
1784569782802,3,447.443,378.504,mc,3,1784569735202
1784569782802,4,349.118,316.754,mc,5,1784569735202
1784569782802,5,810.519,457.836,mc,3,1784569735202
1784569782802,6,68.8421,373.81,mc,5,1784569735202
1784569782802,7,451.317,578.435,mc,4,1784569735202
1784569782802,8,303.291,550.518,mc,4,1784569735202
1784569782802,9,625.748,713.131,mc,2,1784569735202
1784569782802,10,219.652,459.439,mc,4,1784569735202
1784569782802,11,615.771,358.668,mc,3,1784569735202
1784569782802,12,639.482,381.017,mc,5,1784569735202
1784569782802,13,464.509,484.42,mc,2,1784569735202
1784569782802,14,685.797,584.006,mc,3,1784569735202
1784569782802,15,366.637,458.788,mc,2,1784569735202
1784569782902,1,525.899,341.157,mc,5,1784569735202
1784569782902,2,202.079,229.552,mc,5,1784569735202
1784569782902,3,447.893,378.708,mc,3,1784569735202
1784569782902,4,349.692,316.421,mc,5,1784569735202
1784569782902,5,810.772,458.104,mc,3,1784569735202
1784569782902,6,69.3623,373.416,mc,5,1784569735202
1784569782902,7,451.453,577.815,mc,4,1784569735202
1784569782902,8,302.98,550.552,mc,4,1784569735202
1784569782902,9,625.461,713.007,mc,2,1784569735202
1784569782902,10,219.501,459.882,mc,4,1784569735202
1784569782902,11,615.334,358.441,mc,3,1784569735202
1784569782902,12,640.095,381,mc,5,1784569735202
1784569782902,13,464.33,484.672,mc,2,1784569735202
1784569782902,14,686.243,583.647,mc,3,1784569735202
1784569782902,15,366.156,458.705,mc,2,1784569735202
1784569783002,1,526.38,341.212,mc,5,1784569735202
1784569783002,2,202.341,229.628,mc,5,1784569735202
1784569783002,3,448.342,378.911,mc,3,1784569735202
1784569783002,4,350.266,316.087,mc,5,1784569735202
1784569783002,5,811.024,458.372,mc,3,1784569735202
1784569783002,6,69.8825,373.023,mc,5,1784569735202
1784569783002,7,451.589,577.196,mc,4,1784569735202
1784569783002,8,302.669,550.586,mc,4,1784569735202
1784569783002,9,625.174,712.884,mc,2,1784569735202
1784569783002,10,219.349,460.326,mc,4,1784569735202
1784569783002,11,614.898,358.214,mc,3,1784569735202
1784569783002,12,640.708,380.983,mc,5,1784569735202
1784569783002,13,464.151,484.924,mc,2,1784569735202
1784569783002,14,686.688,583.289,mc,3,1784569735202
1784569783002,15,365.675,458.621,mc,2,1784569735202
1784569783102,1,526.861,341.268,mc,5,1784569735202
1784569783102,2,202.714,229.7,mc,5,1784569735202
1784569783102,3,448.792,379.114,mc,3,1784569735202
1784569783102,4,350.841,315.753,mc,5,1784569735202
1784569783102,5,811.277,458.64,mc,3,1784569735202
1784569783102,6,70.4026,372.629,mc,5,1784569735202
1784569783102,7,451.725,576.576,mc,4,1784569735202
1784569783102,8,302.358,550.62,mc,4,1784569735202
1784569783102,9,624.887,712.76,mc,2,1784569735202
1784569783102,10,219.197,460.769,mc,4,1784569735202
1784569783102,11,614.462,357.987,mc,3,1784569735202
1784569783102,12,641.321,380.966,mc,5,1784569735202
1784569783102,13,463.973,485.176,mc,2,1784569735202
1784569783102,14,687.133,582.93,mc,3,1784569735202
1784569783102,15,365.194,458.537,mc,2,1784569735202
1784569783202,1,527.341,341.323,mc,5,1784569735202
1784569783202,2,203.088,229.773,mc,5,1784569735202
1784569783202,3,449.242,379.317,mc,3,1784569735202
1784569783202,4,351.415,315.42,mc,5,1784569735202
1784569783202,5,811.529,458.908,mc,3,1784569735202
1784569783202,6,70.9228,372.235,mc,5,1784569735202
1784569783202,7,451.861,575.956,mc,4,1784569735202
1784569783202,8,302.047,550.654,mc,4,1784569735202
1784569783202,9,624.6,712.636,mc,2,1784569735202
1784569783202,10,219.046,461.213,mc,4,1784569735202
1784569783202,11,614.026,357.76,mc,3,1784569735202
1784569783202,12,641.934,380.949,mc,5,1784569735202
1784569783202,13,463.794,485.428,mc,2,1784569735202
1784569783202,14,687.579,582.572,mc,3,1784569735202
1784569783202,15,364.713,458.454,mc,2,1784569735202
1784569783302,1,527.822,341.378,mc,5,1784569735202
1784569783302,2,203.462,229.845,mc,5,1784569735202
1784569783302,3,449.692,379.521,mc,3,1784569735202
1784569783302,4,351.989,315.086,mc,5,1784569735202
1784569783302,5,811.782,459.176,mc,3,1784569735202
1784569783302,6,71.443,371.841,mc,5,1784569735202
1784569783302,7,451.997,575.336,mc,4,1784569735202
1784569783302,8,301.736,550.688,mc,4,1784569735202
1784569783302,9,624.313,712.513,mc,2,1784569735202
1784569783302,10,218.894,461.656,mc,4,1784569735202
1784569783302,11,613.59,357.532,mc,3,1784569735202
1784569783302,12,642.547,380.932,mc,5,1784569735202
1784569783302,13,463.615,485.681,mc,2,1784569735202
1784569783302,14,688.024,582.213,mc,3,1784569735202
1784569783302,15,364.232,458.37,mc,2,1784569735202
1784569783402,1,528.303,341.434,mc,5,1784569735202
1784569783402,2,203.836,229.918,mc,5,1784569735202
1784569783402,3,450.142,379.724,mc,3,1784569735202
1784569783402,4,352.564,314.752,mc,5,1784569735202
1784569783402,5,812.034,459.444,mc,3,1784569735202
1784569783402,6,71.9632,371.448,mc,5,1784569735202
1784569783402,7,452.133,574.716,mc,4,1784569735202
1784569783402,8,301.425,550.722,mc,4,1784569735202
1784569783402,9,624.026,712.389,mc,2,1784569735202
1784569783402,10,218.743,462.1,mc,4,1784569735202
1784569783402,11,613.154,357.305,mc,3,1784569735202
1784569783402,12,643.16,380.915,mc,5,1784569735202
1784569783402,13,463.436,485.933,mc,2,1784569735202
1784569783402,14,688.47,581.855,mc,3,1784569735202
1784569783402,15,363.751,458.286,mc,2,1784569735202
1784569783502,1,528.783,341.489,mc,5,1784569735202
1784569783502,2,204.21,229.99,mc,5,1784569735202
1784569783502,3,450.592,379.927,mc,3,1784569735202
1784569783502,4,353.138,314.419,mc,5,1784569735202
1784569783502,5,812.286,459.712,mc,3,1784569735202
1784569783502,6,72.4833,371.054,mc,5,1784569735202
1784569783502,7,452.27,574.096,mc,4,1784569735202
1784569783502,8,301.042,550.902,mc,4,1784569735202
1784569783502,9,623.739,712.266,mc,2,1784569735202
1784569783502,10,218.591,462.543,mc,4,1784569735202
1784569783502,11,612.718,357.078,mc,3,1784569735202
1784569783502,12,643.773,380.898,mc,5,1784569735202
1784569783502,13,463.258,486.185,mc,2,1784569735202
1784569783502,14,688.915,581.496,mc,3,1784569735202
1784569783502,15,363.632,458.454,mc,2,1784569735202
1784569783602,1,529.264,341.544,mc,5,1784569735202
1784569783602,2,204.584,230.063,mc,5,1784569735202
1784569783602,3,451.042,380.13,mc,3,1784569735202
1784569783602,4,353.712,314.085,mc,5,1784569735202
1784569783602,5,812.539,459.98,mc,3,1784569735202
1784569783602,6,73.0035,370.66,mc,5,1784569735202
1784569783602,7,452.406,573.477,mc,4,1784569735202
1784569783602,8,300.585,551.232,mc,4,1784569735202
1784569783602,9,623.452,712.142,mc,2,1784569735202
1784569783602,10,218.34,462.542,mc,4,1784569735202
1784569783602,11,612.282,356.851,mc,3,1784569735202
1784569783602,12,644.386,380.881,mc,5,1784569735202
1784569783602,13,463.079,486.437,mc,2,1784569735202
1784569783602,14,689.36,581.138,mc,3,1784569735202
1784569783602,15,363.753,458.788,mc,2,1784569735202
1784569783702,1,529.745,341.6,mc,5,1784569735202
1784569783702,2,204.957,230.135,mc,5,1784569735202
1784569783702,3,451.492,380.334,mc,3,1784569735202
1784569783702,4,354.286,313.751,mc,5,1784569735202
1784569783702,5,812.791,460.248,mc,3,1784569735202
1784569783702,6,73.5237,370.266,mc,5,1784569735202
1784569783702,7,452.542,572.857,mc,4,1784569735202
1784569783702,8,300.129,551.562,mc,4,1784569735202
1784569783702,9,623.165,712.019,mc,2,1784569735202
1784569783702,10,218.041,462.323,mc,4,1784569735202
1784569783702,11,611.846,356.624,mc,3,1784569735202
1784569783702,12,644.999,380.864,mc,5,1784569735202
1784569783702,13,462.9,486.689,mc,2,1784569735202
1784569783702,14,689.806,580.779,mc,3,1784569735202
1784569783702,15,363.874,459.122,mc,2,1784569735202
1784569783802,1,530.225,341.655,mc,5,1784569735202
1784569783802,2,205.331,230.207,mc,5,1784569735202
1784569783802,3,451.941,380.537,mc,3,1784569735202
1784569783802,4,354.861,313.418,mc,5,1784569735202
1784569783802,5,813.044,460.516,mc,3,1784569735202
1784569783802,6,74.0438,369.872,mc,5,1784569735202
1784569783802,7,452.678,572.237,mc,4,1784569735202
1784569783802,8,299.672,551.892,mc,4,1784569735202
1784569783802,9,622.878,711.895,mc,2,1784569735202
1784569783802,10,217.741,462.104,mc,4,1784569735202
1784569783802,11,611.41,356.397,mc,3,1784569735202
1784569783802,12,645.612,380.847,mc,5,1784569735202
1784569783802,13,462.722,486.941,mc,2,1784569735202
1784569783802,14,690.251,580.421,mc,3,1784569735202
1784569783802,15,363.995,459.456,mc,2,1784569735202
1784569783902,1,530.706,341.711,mc,5,1784569735202
1784569783902,2,205.705,230.28,mc,5,1784569735202
1784569783902,3,452.391,380.74,mc,3,1784569735202
1784569783902,4,355.435,313.084,mc,5,1784569735202
1784569783902,5,813.296,460.783,mc,3,1784569735202
1784569783902,6,74.564,369.479,mc,5,1784569735202
1784569783902,7,452.814,571.617,mc,4,1784569735202
1784569783902,8,299.215,552.222,mc,4,1784569735202
1784569783902,9,622.591,711.772,mc,2,1784569735202
1784569783902,10,217.442,461.885,mc,4,1784569735202
1784569783902,11,610.974,356.17,mc,3,1784569735202
1784569783902,12,646.225,380.83,mc,5,1784569735202
1784569783902,13,462.543,487.194,mc,2,1784569735202
1784569783902,14,690.697,580.062,mc,3,1784569735202
1784569783902,15,364.116,459.791,mc,2,1784569735202
1784569784002,1,531.187,341.766,mc,5,1784569735202
1784569784002,2,206.079,230.352,mc,5,1784569735202
1784569784002,3,452.841,380.943,mc,3,1784569735202
1784569784002,4,356.009,312.75,mc,5,1784569735202
1784569784002,5,813.549,461.051,mc,3,1784569735202
1784569784002,6,75.0842,369.085,mc,5,1784569735202
1784569784002,7,452.95,570.997,mc,4,1784569735202
1784569784002,8,298.759,552.552,mc,4,1784569735202
1784569784002,9,622.304,711.648,mc,2,1784569735202
1784569784002,10,217.142,461.666,mc,4,1784569735202
1784569784002,11,610.538,355.943,mc,3,1784569735202
1784569784002,12,646.838,380.813,mc,5,1784569735202
1784569784002,13,462.364,487.446,mc,2,1784569735202
1784569784002,14,691.142,579.704,mc,3,1784569735202
1784569784002,15,364.236,460.125,mc,2,1784569735202
1784569784102,1,531.667,341.821,mc,5,1784569735202
1784569784102,2,206.453,230.425,mc,5,1784569735202
1784569784102,3,453.291,381.147,mc,3,1784569735202
1784569784102,4,356.584,312.416,mc,5,1784569735202
1784569784102,5,813.801,461.319,mc,3,1784569735202
1784569784102,6,75.6043,368.691,mc,5,1784569735202
1784569784102,7,453.086,570.377,mc,4,1784569735202
1784569784102,8,298.302,552.882,mc,4,1784569735202
1784569784102,9,622.017,711.524,mc,2,1784569735202
1784569784102,10,216.842,461.446,mc,4,1784569735202
1784569784102,11,610.102,355.715,mc,3,1784569735202
1784569784102,12,647.451,380.796,mc,5,1784569735202
1784569784102,13,462.186,487.698,mc,2,1784569735202
1784569784102,14,691.588,579.345,mc,3,1784569735202
1784569784102,15,364.357,460.459,mc,2,1784569735202
1784569784202,1,532.148,341.877,mc,5,1784569735202
1784569784202,2,206.827,230.497,mc,5,1784569735202
1784569784202,3,453.741,381.35,mc,3,1784569735202
1784569784202,4,357.158,312.083,mc,5,1784569735202
1784569784202,5,814.054,461.587,mc,3,1784569735202
1784569784202,6,76.1245,368.297,mc,5,1784569735202
1784569784202,7,453.222,569.758,mc,4,1784569735202
1784569784202,8,297.845,553.212,mc,4,1784569735202
1784569784202,9,621.73,711.401,mc,2,1784569735202
1784569784202,10,216.543,461.227,mc,4,1784569735202
1784569784202,11,609.666,355.488,mc,3,1784569735202
1784569784202,12,648.063,380.779,mc,5,1784569735202
1784569784202,13,462.007,487.95,mc,2,1784569735202
1784569784202,14,692.033,578.987,mc,3,1784569735202
1784569784202,15,364.478,460.794,mc,2,1784569735202
1784569784302,1,532.629,341.932,mc,5,1784569735202
1784569784302,2,207.201,230.57,mc,5,1784569735202
1784569784302,3,454.191,381.553,mc,3,1784569735202
1784569784302,4,357.732,311.749,mc,5,1784569735202
1784569784302,5,814.306,461.855,mc,3,1784569735202
1784569784302,6,76.6447,367.904,mc,5,1784569735202
1784569784302,7,453.358,569.138,mc,4,1784569735202
1784569784302,8,297.388,553.542,mc,4,1784569735202
1784569784302,9,621.443,711.277,mc,2,1784569735202
1784569784302,10,216.243,461.008,mc,4,1784569735202
1784569784302,11,609.23,355.261,mc,3,1784569735202
1784569784302,12,648.676,380.762,mc,5,1784569735202
1784569784302,13,461.828,488.202,mc,2,1784569735202
1784569784302,14,692.478,578.628,mc,3,1784569735202
1784569784302,15,364.599,461.128,mc,2,1784569735202
1784569784402,1,533.109,341.987,mc,5,1784569735202
1784569784402,2,207.574,230.642,mc,5,1784569735202
1784569784402,3,454.641,381.757,mc,3,1784569735202
1784569784402,4,358.282,311.492,mc,5,1784569735202
1784569784402,5,814.558,462.123,mc,3,1784569735202
1784569784402,6,77.1649,367.51,mc,5,1784569735202
1784569784402,7,453.494,568.518,mc,4,1784569735202
1784569784402,8,296.932,553.872,mc,4,1784569735202
1784569784402,9,621.156,711.154,mc,2,1784569735202
1784569784402,10,215.944,460.789,mc,4,1784569735202
1784569784402,11,608.794,355.034,mc,3,1784569735202
1784569784402,12,649.289,380.745,mc,5,1784569735202
1784569784402,13,461.649,488.454,mc,2,1784569735202
1784569784402,14,692.529,578.379,mc,3,1784569735202
1784569784402,15,364.72,461.462,mc,2,1784569735202
1784569784502,1,533.59,342.043,mc,5,1784569735202
1784569784502,2,207.948,230.715,mc,5,1784569735202
1784569784502,3,455.09,381.96,mc,3,1784569735202
1784569784502,4,358.79,311.362,mc,5,1784569735202
1784569784502,5,814.811,462.391,mc,3,1784569735202
1784569784502,6,77.685,367.116,mc,5,1784569735202
1784569784502,7,453.63,567.898,mc,4,1784569735202
1784569784502,8,296.475,554.202,mc,4,1784569735202
1784569784502,9,620.869,711.03,mc,2,1784569735202
1784569784502,10,215.644,460.57,mc,4,1784569735202
1784569784502,11,608.358,354.807,mc,3,1784569735202
1784569784502,12,649.902,380.728,mc,5,1784569735202
1784569784502,13,461.471,488.707,mc,2,1784569735202
1784569784502,14,692.11,578.26,mc,3,1784569735202
1784569784502,15,364.841,461.796,mc,2,1784569735202
1784569784602,1,534.071,342.098,mc,5,1784569735202
1784569784602,2,208.322,230.787,mc,5,1784569735202
1784569784602,3,455.54,382.163,mc,3,1784569735202
1784569784602,4,359.299,311.232,mc,5,1784569735202
1784569784602,5,815.063,462.659,mc,3,1784569735202
1784569784602,6,78.2052,366.722,mc,5,1784569735202
1784569784602,7,453.766,567.278,mc,4,1784569735202
1784569784602,8,296.018,554.532,mc,4,1784569735202
1784569784602,9,620.582,710.907,mc,2,1784569735202
1784569784602,10,215.344,460.351,mc,4,1784569735202
1784569784602,11,607.922,354.58,mc,3,1784569735202
1784569784602,12,650.515,380.711,mc,5,1784569735202
1784569784602,13,461.292,488.959,mc,2,1784569735202
1784569784602,14,691.691,578.142,mc,3,1784569735202
1784569784602,15,364.962,462.131,mc,2,1784569735202
1784569784702,1,534.551,342.154,mc,5,1784569735202
1784569784702,2,208.696,230.859,mc,5,1784569735202
1784569784702,3,455.99,382.366,mc,3,1784569735202
1784569784702,4,359.808,311.102,mc,5,1784569735202
1784569784702,5,815.313,463.037,mc,3,1784569735202
1784569784702,6,78.7254,366.329,mc,5,1784569735202
1784569784702,7,453.902,566.658,mc,4,1784569735202
1784569784702,8,295.562,554.862,mc,4,1784569735202
1784569784702,9,620.295,710.783,mc,2,1784569735202
1784569784702,10,215.045,460.132,mc,4,1784569735202
1784569784702,11,607.486,354.353,mc,3,1784569735202
1784569784702,12,651.128,380.694,mc,5,1784569735202
1784569784702,13,461.113,489.211,mc,2,1784569735202
1784569784702,14,691.272,578.023,mc,3,1784569735202
1784569784702,15,365.082,462.465,mc,2,1784569735202
1784569784802,1,535.032,342.209,mc,5,1784569735202
1784569784802,2,209.07,230.932,mc,5,1784569735202
1784569784802,3,456.44,382.57,mc,3,1784569735202
1784569784802,4,360.316,310.972,mc,5,1784569735202
1784569784802,5,815.559,463.57,mc,3,1784569735202
1784569784802,6,79.2455,365.935,mc,5,1784569735202
1784569784802,7,454.039,566.039,mc,4,1784569735202
1784569784802,8,295.105,555.192,mc,4,1784569735202
1784569784802,9,620.008,710.66,mc,2,1784569735202
1784569784802,10,214.745,459.912,mc,4,1784569735202
1784569784802,11,607.05,354.126,mc,3,1784569735202
1784569784802,12,651.741,380.677,mc,5,1784569735202
1784569784802,13,460.935,489.463,mc,2,1784569735202
1784569784802,14,690.853,577.904,mc,3,1784569735202
1784569784802,15,365.203,462.799,mc,2,1784569735202
1784569784902,1,535.513,342.264,mc,5,1784569735202
1784569784902,2,209.444,231.004,mc,5,1784569735202
1784569784902,3,456.89,382.773,mc,3,1784569735202
1784569784902,4,360.825,310.842,mc,5,1784569735202
1784569784902,5,815.805,464.103,mc,3,1784569735202
1784569784902,6,79.5923,365.616,mc,5,1784569735202
1784569784902,7,454.175,565.419,mc,4,1784569735202
1784569784902,8,294.648,555.522,mc,4,1784569735202
1784569784902,9,619.721,710.536,mc,2,1784569735202
1784569784902,10,214.446,459.693,mc,4,1784569735202
1784569784902,11,606.614,353.899,mc,3,1784569735202
1784569784902,12,652.354,380.66,mc,5,1784569735202
1784569784902,13,460.756,489.715,mc,2,1784569735202
1784569784902,14,690.434,577.785,mc,3,1784569735202
1784569784902,15,365.324,463.134,mc,2,1784569735202
1784569785002,1,535.993,342.32,mc,5,1784569735202
1784569785002,2,209.818,231.077,mc,5,1784569735202
1784569785002,3,457.34,382.976,mc,3,1784569735202
1784569785002,4,361.333,310.712,mc,5,1784569735202
1784569785002,5,816.05,464.636,mc,3,1784569735202
1784569785002,6,79.2937,365.577,mc,5,1784569735202
1784569785002,7,454.311,564.799,mc,4,1784569735202
1784569785002,8,294.192,555.852,mc,4,1784569735202
1784569785002,9,619.434,710.413,mc,2,1784569735202
1784569785002,10,214.146,459.474,mc,4,1784569735202
1784569785002,11,606.178,353.671,mc,3,1784569735202
1784569785002,12,652.967,380.643,mc,5,1784569735202
1784569785002,13,460.577,489.967,mc,2,1784569735202
1784569785002,14,690.015,577.667,mc,3,1784569735202
1784569785002,15,365.445,463.468,mc,2,1784569735202
1784569785102,1,536.474,342.375,mc,5,1784569735202
1784569785102,2,210.191,231.149,mc,5,1784569735202
1784569785102,3,457.79,383.179,mc,3,1784569735202
1784569785102,4,361.842,310.582,mc,5,1784569735202
1784569785102,5,816.296,465.17,mc,3,1784569735202
1784569785102,6,78.9952,365.537,mc,5,1784569735202
1784569785102,7,454.447,564.179,mc,4,1784569735202
1784569785102,8,293.735,556.182,mc,4,1784569735202
1784569785102,9,619.147,710.289,mc,2,1784569735202
1784569785102,10,213.846,459.255,mc,4,1784569735202
1784569785102,11,605.741,353.444,mc,3,1784569735202
1784569785102,12,653.58,380.626,mc,5,1784569735202
1784569785102,13,460.399,490.219,mc,2,1784569735202
1784569785102,14,689.596,577.548,mc,3,1784569735202
1784569785102,15,365.566,463.802,mc,2,1784569735202
1784569785202,1,536.955,342.43,mc,5,1784569735202
1784569785202,2,210.565,231.222,mc,5,1784569735202
1784569785202,3,458.239,383.383,mc,3,1784569735202
1784569785202,4,362.351,310.452,mc,5,1784569735202
1784569785202,5,816.542,465.703,mc,3,1784569735202
1784569785202,6,78.6966,365.498,mc,5,1784569735202
1784569785202,7,454.583,563.559,mc,4,1784569735202
1784569785202,8,293.278,556.512,mc,4,1784569735202
1784569785202,9,618.86,710.165,mc,2,1784569735202
1784569785202,10,213.547,459.036,mc,4,1784569735202
1784569785202,11,605.305,353.217,mc,3,1784569735202
1784569785202,12,654.193,380.609,mc,5,1784569735202
1784569785202,13,460.22,490.472,mc,2,1784569735202
1784569785202,14,689.177,577.429,mc,3,1784569735202
1784569785202,15,365.687,464.136,mc,2,1784569735202
1784569785302,1,537.435,342.486,mc,5,1784569735202
1784569785302,2,210.939,231.294,mc,5,1784569735202
1784569785302,3,458.689,383.586,mc,3,1784569735202
1784569785302,4,362.859,310.322,mc,5,1784569735202
1784569785302,5,816.788,466.236,mc,3,1784569735202
1784569785302,6,78.3981,365.458,mc,5,1784569735202
1784569785302,7,454.719,562.939,mc,4,1784569735202
1784569785302,8,292.822,556.842,mc,4,1784569735202
1784569785302,9,618.573,710.042,mc,2,1784569735202
1784569785302,10,213.247,458.817,mc,4,1784569735202
1784569785302,11,604.869,352.99,mc,3,1784569735202
1784569785302,12,654.806,380.592,mc,5,1784569735202
1784569785302,13,460.041,490.724,mc,2,1784569735202
1784569785302,14,688.758,577.311,mc,3,1784569735202
1784569785302,15,365.808,464.471,mc,2,1784569735202
1784569785402,1,537.916,342.541,mc,5,1784569735202
1784569785402,2,211.313,231.367,mc,5,1784569735202
1784569785402,3,459.139,383.789,mc,3,1784569735202
1784569785402,4,363.368,310.192,mc,5,1784569735202
1784569785402,5,817.034,466.769,mc,3,1784569735202
1784569785402,6,78.0995,365.419,mc,5,1784569735202
1784569785402,7,454.855,562.32,mc,4,1784569735202
1784569785402,8,292.365,557.172,mc,4,1784569735202
1784569785402,9,618.286,709.918,mc,2,1784569735202
1784569785402,10,212.948,458.597,mc,4,1784569735202
1784569785402,11,604.433,352.763,mc,3,1784569735202
1784569785402,12,655.419,380.575,mc,5,1784569735202
1784569785402,13,459.862,490.976,mc,2,1784569735202
1784569785402,14,688.339,577.192,mc,3,1784569735202
1784569785402,15,365.929,464.805,mc,2,1784569735202
1784569785502,1,538.397,342.597,mc,5,1784569735202
1784569785502,2,211.687,231.439,mc,5,1784569735202
1784569785502,3,459.589,383.992,mc,3,1784569735202
1784569785502,4,363.877,310.062,mc,5,1784569735202
1784569785502,5,817.279,467.303,mc,3,1784569735202
1784569785502,6,77.801,365.38,mc,5,1784569735202
1784569785502,7,454.991,561.7,mc,4,1784569735202
1784569785502,8,291.908,557.502,mc,4,1784569735202
1784569785502,9,617.999,709.795,mc,2,1784569735202
1784569785502,10,212.648,458.378,mc,4,1784569735202
1784569785502,11,603.997,352.536,mc,3,1784569735202
1784569785502,12,656.031,380.558,mc,5,1784569735202
1784569785502,13,459.684,491.228,mc,2,1784569735202
1784569785502,14,687.92,577.073,mc,3,1784569735202
1784569785502,15,366.049,465.139,mc,2,1784569735202
1784569785602,1,538.877,342.652,mc,5,1784569735202
1784569785602,2,212.061,231.511,mc,5,1784569735202
1784569785602,3,460.039,384.196,mc,3,1784569735202
1784569785602,4,364.385,309.932,mc,5,1784569735202
1784569785602,5,817.525,467.836,mc,3,1784569735202
1784569785602,6,77.5024,365.34,mc,5,1784569735202
1784569785602,7,455.127,561.08,mc,4,1784569735202
1784569785602,8,291.452,557.832,mc,4,1784569735202
1784569785602,9,617.712,709.671,mc,2,1784569735202
1784569785602,10,212.349,458.159,mc,4,1784569735202
1784569785602,11,603.561,352.309,mc,3,1784569735202
1784569785602,12,656.644,380.541,mc,5,1784569735202
1784569785602,13,459.505,491.48,mc,2,1784569735202
1784569785602,14,687.501,576.955,mc,3,1784569735202
1784569785602,15,366.17,465.474,mc,2,1784569735202
1784569785702,1,539.358,342.707,mc,5,1784569735202
1784569785702,2,212.435,231.584,mc,5,1784569735202
1784569785702,3,460.489,384.399,mc,3,1784569735202
1784569785702,4,364.894,309.802,mc,5,1784569735202
1784569785702,5,817.771,468.369,mc,3,1784569735202
1784569785702,6,77.2039,365.301,mc,5,1784569735202
1784569785702,7,455.263,560.46,mc,4,1784569735202
1784569785702,8,290.995,558.162,mc,4,1784569735202
1784569785702,9,617.425,709.548,mc,2,1784569735202
1784569785702,10,212.049,457.94,mc,4,1784569735202
1784569785702,11,603.125,352.082,mc,3,1784569735202
1784569785702,12,657.257,380.524,mc,5,1784569735202
1784569785702,13,459.326,491.732,mc,2,1784569735202
1784569785702,14,687.082,576.836,mc,3,1784569735202
1784569785702,15,366.291,465.808,mc,2,1784569735202
1784569785802,1,539.839,342.763,mc,5,1784569735202
1784569785802,2,212.808,231.656,mc,5,1784569735202
1784569785802,3,460.939,384.602,mc,3,1784569735202
1784569785802,4,365.403,309.672,mc,5,1784569735202
1784569785802,5,818.017,468.902,mc,3,1784569735202
1784569785802,6,76.9054,365.261,mc,5,1784569735202
1784569785802,7,455.399,559.84,mc,4,1784569735202
1784569785802,8,290.538,558.492,mc,4,1784569735202
1784569785802,9,617.138,709.424,mc,2,1784569735202
1784569785802,10,211.749,457.721,mc,4,1784569735202
1784569785802,11,602.689,351.855,mc,3,1784569735202
1784569785802,12,657.87,380.507,mc,5,1784569735202
1784569785802,13,459.148,491.985,mc,2,1784569735202
1784569785802,14,686.663,576.717,mc,3,1784569735202
1784569785802,15,366.412,466.142,mc,2,1784569735202
1784569785902,1,540.319,342.818,mc,5,1784569735202
1784569785902,2,213.182,231.729,mc,5,1784569735202
1784569785902,3,461.388,384.806,mc,3,1784569735202
1784569785902,4,365.911,309.542,mc,5,1784569735202
1784569785902,5,818.263,469.436,mc,3,1784569735202
1784569785902,6,76.6068,365.222,mc,5,1784569735202
1784569785902,7,455.535,559.22,mc,4,1784569735202
1784569785902,8,290.081,558.822,mc,4,1784569735202
1784569785902,9,616.851,709.301,mc,2,1784569735202
1784569785902,10,211.45,457.502,mc,4,1784569735202
1784569785902,11,602.253,351.627,mc,3,1784569735202
1784569785902,12,658.483,380.49,mc,5,1784569735202
1784569785902,13,458.969,492.237,mc,2,1784569735202
1784569785902,14,686.244,576.599,mc,3,1784569735202
1784569785902,15,366.533,466.476,mc,2,1784569735202
1784569786002,1,540.8,342.873,mc,5,1784569735202
1784569786002,2,213.556,231.801,mc,5,1784569735202
1784569786002,3,461.838,385.009,mc,3,1784569735202
1784569786002,4,366.42,309.412,mc,5,1784569735202
1784569786002,5,818.508,469.969,mc,3,1784569735202
1784569786002,6,76.3083,365.182,mc,5,1784569735202
1784569786002,7,455.672,558.601,mc,4,1784569735202
1784569786002,8,289.625,559.152,mc,4,1784569735202
1784569786002,9,616.564,709.177,mc,2,1784569735202
1784569786002,10,211.15,457.283,mc,4,1784569735202
1784569786002,11,601.817,351.4,mc,3,1784569735202
1784569786002,12,659.096,380.473,mc,5,1784569735202
1784569786002,13,458.79,492.489,mc,2,1784569735202
1784569786002,14,685.825,576.48,mc,3,1784569735202
1784569786002,15,366.654,466.811,mc,2,1784569735202
1784569786102,1,541.281,342.929,mc,5,1784569735202
1784569786102,2,213.93,231.874,mc,5,1784569735202
1784569786102,3,462.288,385.212,mc,3,1784569735202
1784569786102,4,366.929,309.282,mc,5,1784569735202
1784569786102,5,818.754,470.502,mc,3,1784569735202
1784569786102,6,76.0097,365.143,mc,5,1784569735202
1784569786102,7,455.808,557.981,mc,4,1784569735202
1784569786102,8,289.168,559.482,mc,4,1784569735202
1784569786102,9,616.277,709.054,mc,2,1784569735202
1784569786102,10,210.851,457.063,mc,4,1784569735202
1784569786102,11,601.381,351.173,mc,3,1784569735202
1784569786102,12,659.709,380.456,mc,5,1784569735202
1784569786102,13,458.612,492.741,mc,2,1784569735202
1784569786102,14,685.406,576.361,mc,3,1784569735202
1784569786102,15,366.775,467.145,mc,2,1784569735202
1784569786202,1,541.761,342.984,mc,5,1784569735202
1784569786202,2,214.304,231.946,mc,5,1784569735202
1784569786202,3,462.738,385.415,mc,3,1784569735202
1784569786202,4,367.437,309.151,mc,5,1784569735202
1784569786202,5,819,471.035,mc,3,1784569735202
1784569786202,6,75.7112,365.103,mc,5,1784569735202
1784569786202,7,455.944,557.361,mc,4,1784569735202
1784569786202,8,288.711,559.812,mc,4,1784569735202
1784569786202,9,615.99,708.93,mc,2,1784569735202
1784569786202,10,210.551,456.844,mc,4,1784569735202
1784569786202,11,600.945,350.946,mc,3,1784569735202
1784569786202,12,660.322,380.439,mc,5,1784569735202
1784569786202,13,458.433,492.993,mc,2,1784569735202
1784569786202,14,684.987,576.243,mc,3,1784569735202
1784569786202,15,366.895,467.479,mc,2,1784569735202
1784569786302,1,542.242,343.04,mc,5,1784569735202
1784569786302,2,214.678,232.019,mc,5,1784569735202
1784569786302,3,463.188,385.619,mc,3,1784569735202
1784569786302,4,367.946,309.021,mc,5,1784569735202
1784569786302,5,819.246,471.569,mc,3,1784569735202
1784569786302,6,75.4126,365.064,mc,5,1784569735202
1784569786302,7,456.08,556.741,mc,4,1784569735202
1784569786302,8,288.255,560.142,mc,4,1784569735202
1784569786302,9,615.703,708.806,mc,2,1784569735202
1784569786302,10,210.251,456.625,mc,4,1784569735202
1784569786302,11,600.509,350.719,mc,3,1784569735202
1784569786302,12,660.935,380.422,mc,5,1784569735202
1784569786302,13,458.254,493.245,mc,2,1784569735202
1784569786302,14,684.568,576.124,mc,3,1784569735202
1784569786302,15,367.016,467.814,mc,2,1784569735202
1784569786402,1,542.723,343.095,mc,5,1784569735202
1784569786402,2,215.052,232.091,mc,5,1784569735202
1784569786402,3,463.638,385.822,mc,3,1784569735202
1784569786402,4,368.455,308.891,mc,5,1784569735202
1784569786402,5,819.492,472.102,mc,3,1784569735202
1784569786402,6,75.1141,365.025,mc,5,1784569735202
1784569786402,7,456.216,556.121,mc,4,1784569735202
1784569786402,8,287.798,560.472,mc,4,1784569735202
1784569786402,9,615.416,708.683,mc,2,1784569735202
1784569786402,10,209.952,456.406,mc,4,1784569735202
1784569786402,11,600.073,350.492,mc,3,1784569735202
1784569786402,12,661.548,380.406,mc,5,1784569735202
1784569786402,13,458.075,493.498,mc,2,1784569735202
1784569786402,14,684.149,576.005,mc,3,1784569735202
1784569786402,15,367.137,468.148,mc,2,1784569735202
1784569786502,1,543.203,343.15,mc,5,1784569735202
1784569786502,2,215.425,232.164,mc,5,1784569735202
1784569786502,3,464.088,386.025,mc,3,1784569735202
1784569786502,4,368.963,308.761,mc,5,1784569735202
1784569786502,5,819.737,472.635,mc,3,1784569735202
1784569786502,6,74.8156,364.985,mc,5,1784569735202
1784569786502,7,456.352,555.502,mc,4,1784569735202
1784569786502,8,287.341,560.802,mc,4,1784569735202
1784569786502,9,615.129,708.559,mc,2,1784569735202
1784569786502,10,209.652,456.187,mc,4,1784569735202
1784569786502,11,599.637,350.265,mc,3,1784569735202
1784569786502,12,662.161,380.389,mc,5,1784569735202
1784569786502,13,457.897,493.75,mc,2,1784569735202
1784569786502,14,683.73,575.886,mc,3,1784569735202
1784569786502,15,367.258,468.482,mc,2,1784569735202
1784569786602,1,543.684,343.206,mc,5,1784569735202
1784569786602,2,215.799,232.236,mc,5,1784569735202
1784569786602,3,464.537,386.228,mc,3,1784569735202
1784569786602,4,369.472,308.631,mc,5,1784569735202
1784569786602,5,819.983,473.168,mc,3,1784569735202
1784569786602,6,74.517,364.946,mc,5,1784569735202
1784569786602,7,456.488,554.882,mc,4,1784569735202
1784569786602,8,286.885,561.132,mc,4,1784569735202
1784569786602,9,614.842,708.436,mc,2,1784569735202
1784569786602,10,209.353,455.968,mc,4,1784569735202
1784569786602,11,599.201,350.038,mc,3,1784569735202
1784569786602,12,662.774,380.372,mc,5,1784569735202
1784569786602,13,457.718,494.002,mc,2,1784569735202
1784569786602,14,683.311,575.768,mc,3,1784569735202
1784569786602,15,367.379,468.816,mc,2,1784569735202
1784569786702,1,544.165,343.261,mc,5,1784569735202
1784569786702,2,216.173,232.308,mc,5,1784569735202
1784569786702,3,464.987,386.432,mc,3,1784569735202
1784569786702,4,369.981,308.501,mc,5,1784569735202
1784569786702,5,820.229,473.702,mc,3,1784569735202
1784569786702,6,74.2185,364.906,mc,5,1784569735202
1784569786702,7,456.624,554.262,mc,4,1784569735202
1784569786702,8,286.428,561.462,mc,4,1784569735202
1784569786702,9,614.555,708.312,mc,2,1784569735202
1784569786702,10,209.053,455.749,mc,4,1784569735202
1784569786702,11,598.765,349.81,mc,3,1784569735202
1784569786702,12,663.387,380.355,mc,5,1784569735202
1784569786702,13,457.539,494.254,mc,2,1784569735202
1784569786702,14,682.892,575.649,mc,3,1784569735202
1784569786702,15,367.5,469.151,mc,2,1784569735202
1784569786802,1,544.645,343.316,mc,5,1784569735202
1784569786802,2,216.547,232.381,mc,5,1784569735202
1784569786802,3,465.437,386.635,mc,3,1784569735202
1784569786802,4,370.489,308.371,mc,5,1784569735202
1784569786802,5,820.475,474.235,mc,3,1784569735202
1784569786802,6,73.9199,364.867,mc,5,1784569735202
1784569786802,7,456.76,553.642,mc,4,1784569735202
1784569786802,8,285.971,561.792,mc,4,1784569735202
1784569786802,9,614.268,708.189,mc,2,1784569735202
1784569786802,10,208.753,455.529,mc,4,1784569735202
1784569786802,11,598.329,349.583,mc,3,1784569735202
1784569786802,12,664,380.338,mc,5,1784569735202
1784569786802,13,457.361,494.506,mc,2,1784569735202
1784569786802,14,682.473,575.53,mc,3,1784569735202
1784569786802,15,367.621,469.485,mc,2,1784569735202
1784569786902,1,545.126,343.372,mc,5,1784569735202
1784569786902,2,216.921,232.453,mc,5,1784569735202
1784569786902,3,465.887,386.838,mc,3,1784569735202
1784569786902,4,370.998,308.241,mc,5,1784569735202
1784569786902,5,820.721,474.768,mc,3,1784569735202
1784569786902,6,73.6214,364.827,mc,5,1784569735202
1784569786902,7,456.896,553.022,mc,4,1784569735202
1784569786902,8,285.515,562.122,mc,4,1784569735202
1784569786902,9,613.981,708.065,mc,2,1784569735202
1784569786902,10,208.454,455.31,mc,4,1784569735202
1784569786902,11,597.893,349.356,mc,3,1784569735202
1784569786902,12,664.612,380.321,mc,5,1784569735202
1784569786902,13,457.182,494.758,mc,2,1784569735202
1784569786902,14,682.054,575.412,mc,3,1784569735202
1784569786902,15,367.742,469.819,mc,2,1784569735202
1784569787002,1,545.607,343.427,mc,5,1784569735202
1784569787002,2,217.295,232.526,mc,5,1784569735202
1784569787002,3,465.873,386.883,mc,3,1784569735202
1784569787002,4,371.507,308.111,mc,5,1784569735202
1784569787002,5,820.966,475.301,mc,3,1784569735202
1784569787002,6,73.3228,364.788,mc,5,1784569735202
1784569787002,7,457.032,552.402,mc,4,1784569735202
1784569787002,8,285.058,562.452,mc,4,1784569735202
1784569787002,9,613.694,707.942,mc,2,1784569735202
1784569787002,10,208.154,455.091,mc,4,1784569735202
1784569787002,11,597.457,349.129,mc,3,1784569735202
1784569787002,12,665.066,380.448,mc,5,1784569735202
1784569787002,13,457.003,495.011,mc,2,1784569735202
1784569787002,14,681.635,575.293,mc,3,1784569735202
1784569787002,15,367.862,470.154,mc,2,1784569735202
1784569787102,1,546.087,343.482,mc,5,1784569735202
1784569787102,2,217.668,232.598,mc,5,1784569735202
1784569787102,3,465.521,386.813,mc,3,1784569735202
1784569787102,4,372.015,307.981,mc,5,1784569735202
1784569787102,5,821.212,475.835,mc,3,1784569735202
1784569787102,6,73.0243,364.749,mc,5,1784569735202
1784569787102,7,457.168,551.783,mc,4,1784569735202
1784569787102,8,284.601,562.782,mc,4,1784569735202
1784569787102,9,613.407,707.818,mc,2,1784569735202
1784569787102,10,207.855,454.872,mc,4,1784569735202
1784569787102,11,597.021,348.902,mc,3,1784569735202
1784569787102,12,665.283,380.788,mc,5,1784569735202
1784569787102,13,456.825,495.263,mc,2,1784569735202
1784569787102,14,681.216,575.174,mc,3,1784569735202
1784569787102,15,367.983,470.488,mc,2,1784569735202
1784569787202,1,546.568,343.538,mc,5,1784569735202
1784569787202,2,218.042,232.671,mc,5,1784569735202
1784569787202,3,465.169,386.742,mc,3,1784569735202
1784569787202,4,372.524,307.851,mc,5,1784569735202
1784569787202,5,821.458,476.368,mc,3,1784569735202
1784569787202,6,72.7258,364.709,mc,5,1784569735202
1784569787202,7,457.431,551.346,mc,4,1784569735202
1784569787202,8,284.144,563.112,mc,4,1784569735202
1784569787202,9,613.12,707.695,mc,2,1784569735202
1784569787202,10,207.555,454.653,mc,4,1784569735202
1784569787202,11,596.585,348.675,mc,3,1784569735202
1784569787202,12,665.501,381.128,mc,5,1784569735202
1784569787202,13,456.646,495.515,mc,2,1784569735202
1784569787202,14,680.797,575.056,mc,3,1784569735202
1784569787202,15,368.104,470.822,mc,2,1784569735202
1784569787302,1,547.049,343.593,mc,5,1784569735202
1784569787302,2,218.416,232.743,mc,5,1784569735202
1784569787302,3,464.818,386.672,mc,3,1784569735202
1784569787302,4,373.032,307.721,mc,5,1784569735202
1784569787302,5,821.704,476.901,mc,3,1784569735202
1784569787302,6,72.4272,364.67,mc,5,1784569735202
1784569787302,7,457.928,551.25,mc,4,1784569735202
1784569787302,8,283.688,563.442,mc,4,1784569735202
1784569787302,9,612.833,707.571,mc,2,1784569735202
1784569787302,10,207.256,454.434,mc,4,1784569735202
1784569787302,11,596.148,348.448,mc,3,1784569735202
1784569787302,12,665.718,381.468,mc,5,1784569735202
1784569787302,13,456.467,495.767,mc,2,1784569735202
1784569787302,14,680.378,574.937,mc,3,1784569735202
1784569787302,15,368.225,471.156,mc,2,1784569735202
1784569787402,1,547.529,343.649,mc,5,1784569735202
1784569787402,2,218.79,232.816,mc,5,1784569735202
1784569787402,3,464.466,386.601,mc,3,1784569735202
1784569787402,4,373.541,307.591,mc,5,1784569735202
1784569787402,5,821.95,477.434,mc,3,1784569735202
1784569787402,6,72.1287,364.63,mc,5,1784569735202
1784569787402,7,458.424,551.155,mc,4,1784569735202
1784569787402,8,283.231,563.772,mc,4,1784569735202
1784569787402,9,612.546,707.447,mc,2,1784569735202
1784569787402,10,206.956,454.215,mc,4,1784569735202
1784569787402,11,595.712,348.221,mc,3,1784569735202
1784569787402,12,665.936,381.808,mc,5,1784569735202
1784569787402,13,456.288,496.019,mc,2,1784569735202
1784569787402,14,679.959,574.818,mc,3,1784569735202
1784569787402,15,368.346,471.491,mc,2,1784569735202
1784569787502,1,548.01,343.704,mc,5,1784569735202
1784569787502,2,219.164,232.888,mc,5,1784569735202
1784569787502,3,464.114,386.531,mc,3,1784569735202
1784569787502,4,374.05,307.461,mc,5,1784569735202
1784569787502,5,822.195,477.968,mc,3,1784569735202
1784569787502,6,71.8301,364.591,mc,5,1784569735202
1784569787502,7,458.921,551.06,mc,4,1784569735202
1784569787502,8,282.774,564.102,mc,4,1784569735202
1784569787502,9,612.259,707.324,mc,2,1784569735202
1784569787502,10,206.656,453.995,mc,4,1784569735202
1784569787502,11,595.276,347.994,mc,3,1784569735202
1784569787502,12,666.153,382.148,mc,5,1784569735202
1784569787502,13,456.11,496.271,mc,2,1784569735202
1784569787502,14,679.54,574.7,mc,3,1784569735202
1784569787502,15,368.467,471.825,mc,2,1784569735202
1784569787602,1,548.491,343.759,mc,5,1784569735202
1784569787602,2,219.538,232.96,mc,5,1784569735202
1784569787602,3,463.763,386.461,mc,3,1784569735202
1784569787602,4,374.558,307.331,mc,5,1784569735202
1784569787602,5,822.441,478.501,mc,3,1784569735202
1784569787602,6,71.5316,364.551,mc,5,1784569735202
1784569787602,7,459.418,550.964,mc,4,1784569735202
1784569787602,8,282.318,564.432,mc,4,1784569735202
1784569787602,9,611.972,707.2,mc,2,1784569735202
1784569787602,10,206.357,453.776,mc,4,1784569735202
1784569787602,11,594.84,347.766,mc,3,1784569735202
1784569787602,12,666.371,382.488,mc,5,1784569735202
1784569787602,13,455.931,496.524,mc,2,1784569735202
1784569787602,14,679.121,574.581,mc,3,1784569735202
1784569787602,15,368.588,472.159,mc,2,1784569735202
1784569787702,1,548.972,343.815,mc,5,1784569735202
1784569787702,2,219.912,233.033,mc,5,1784569735202
1784569787702,3,463.411,386.39,mc,3,1784569735202
1784569787702,4,375.067,307.201,mc,5,1784569735202
1784569787702,5,822.687,479.034,mc,3,1784569735202
1784569787702,6,71.233,364.512,mc,5,1784569735202
1784569787702,7,459.915,550.869,mc,4,1784569735202
1784569787702,8,281.861,564.762,mc,4,1784569735202
1784569787702,9,611.685,707.077,mc,2,1784569735202
1784569787702,10,206.057,453.557,mc,4,1784569735202
1784569787702,11,594.404,347.539,mc,3,1784569735202
1784569787702,12,666.589,382.828,mc,5,1784569735202
1784569787702,13,455.752,496.776,mc,2,1784569735202
1784569787702,14,678.702,574.462,mc,3,1784569735202
1784569787702,15,368.708,472.494,mc,2,1784569735202
1784569787802,1,549.452,343.87,mc,5,1784569735202
1784569787802,2,220.285,233.105,mc,5,1784569735202
1784569787802,3,463.059,386.32,mc,3,1784569735202
1784569787802,4,375.576,307.071,mc,5,1784569735202
1784569787802,5,822.933,479.567,mc,3,1784569735202
1784569787802,6,70.9345,364.472,mc,5,1784569735202
1784569787802,7,460.412,550.774,mc,4,1784569735202
1784569787802,8,281.404,565.092,mc,4,1784569735202
1784569787802,9,611.398,706.953,mc,2,1784569735202
1784569787802,10,205.758,453.338,mc,4,1784569735202
1784569787802,11,593.968,347.312,mc,3,1784569735202
1784569787802,12,666.806,383.168,mc,5,1784569735202
1784569787802,13,455.574,497.028,mc,2,1784569735202
1784569787802,14,678.283,574.344,mc,3,1784569735202
1784569787802,15,368.829,472.828,mc,2,1784569735202
1784569787902,1,549.933,343.925,mc,5,1784569735202
1784569787902,2,220.659,233.178,mc,5,1784569735202
1784569787902,3,462.708,386.249,mc,3,1784569735202
1784569787902,4,376.084,306.941,mc,5,1784569735202
1784569787902,5,823.179,480.101,mc,3,1784569735202
1784569787902,6,70.636,364.433,mc,5,1784569735202
1784569787902,7,460.909,550.678,mc,4,1784569735202
1784569787902,8,280.948,565.421,mc,4,1784569735202
1784569787902,9,611.111,706.83,mc,2,1784569735202
1784569787902,10,205.458,453.119,mc,4,1784569735202
1784569787902,11,593.532,347.085,mc,3,1784569735202
1784569787902,12,667.024,383.508,mc,5,1784569735202
1784569787902,13,455.395,497.28,mc,2,1784569735202
1784569787902,14,677.864,574.225,mc,3,1784569735202
1784569787902,15,368.95,473.162,mc,2,1784569735202
1784569788002,1,550.414,343.981,mc,5,1784569735202
1784569788002,2,221.033,233.25,mc,5,1784569735202
1784569788002,3,462.356,386.179,mc,3,1784569735202
1784569788002,4,376.593,306.811,mc,5,1784569735202
1784569788002,5,823.425,480.634,mc,3,1784569735202
1784569788002,6,70.3374,364.394,mc,5,1784569735202
1784569788002,7,461.406,550.583,mc,4,1784569735202
1784569788002,8,280.491,565.751,mc,4,1784569735202
1784569788002,9,610.824,706.706,mc,2,1784569735202
1784569788002,10,205.158,452.9,mc,4,1784569735202
1784569788002,11,593.096,346.858,mc,3,1784569735202
1784569788002,12,667.241,383.848,mc,5,1784569735202
1784569788002,13,455.216,497.532,mc,2,1784569735202
1784569788002,14,677.445,574.106,mc,3,1784569735202
1784569788002,15,369.071,473.496,mc,2,1784569735202
1784569788102,1,550.894,344.036,mc,5,1784569735202
1784569788102,2,221.407,233.323,mc,5,1784569735202
1784569788102,3,462.004,386.109,mc,3,1784569735202
1784569788102,4,377.102,306.681,mc,5,1784569735202
1784569788102,5,823.67,481.167,mc,3,1784569735202
1784569788102,6,70.0389,364.354,mc,5,1784569735202
1784569788102,7,461.903,550.488,mc,4,1784569735202
1784569788102,8,280.034,566.081,mc,4,1784569735202
1784569788102,9,610.537,706.583,mc,2,1784569735202
1784569788102,10,204.859,452.68,mc,4,1784569735202
1784569788102,11,592.66,346.631,mc,3,1784569735202
1784569788102,12,667.459,384.188,mc,5,1784569735202
1784569788102,13,455.038,497.784,mc,2,1784569735202
1784569788102,14,677.026,573.987,mc,3,1784569735202
1784569788102,15,369.192,473.831,mc,2,1784569735202
1784569788202,1,551.375,344.092,mc,5,1784569735202
1784569788202,2,221.781,233.395,mc,5,1784569735202
1784569788202,3,461.653,386.038,mc,3,1784569735202
1784569788202,4,377.61,306.551,mc,5,1784569735202
1784569788202,5,823.916,481.7,mc,3,1784569735202
1784569788202,6,69.7403,364.315,mc,5,1784569735202
1784569788202,7,462.4,550.392,mc,4,1784569735202
1784569788202,8,279.578,566.411,mc,4,1784569735202
1784569788202,9,610.25,706.459,mc,2,1784569735202
1784569788202,10,204.559,452.461,mc,4,1784569735202
1784569788202,11,592.224,346.404,mc,3,1784569735202
1784569788202,12,667.676,384.528,mc,5,1784569735202
1784569788202,13,454.859,498.036,mc,2,1784569735202
1784569788202,14,676.607,573.869,mc,3,1784569735202
1784569788202,15,369.313,474.165,mc,2,1784569735202
1784569788302,1,551.856,344.147,mc,5,1784569735202
1784569788302,2,222.155,233.468,mc,5,1784569735202
1784569788302,3,461.301,385.968,mc,3,1784569735202
1784569788302,4,378.119,306.421,mc,5,1784569735202
1784569788302,5,824.162,482.233,mc,3,1784569735202
1784569788302,6,69.4418,364.275,mc,5,1784569735202
1784569788302,7,462.897,550.297,mc,4,1784569735202
1784569788302,8,279.121,566.741,mc,4,1784569735202
1784569788302,9,609.963,706.335,mc,2,1784569735202
1784569788302,10,204.26,452.242,mc,4,1784569735202
1784569788302,11,591.788,346.177,mc,3,1784569735202
1784569788302,12,667.894,384.868,mc,5,1784569735202
1784569788302,13,454.68,498.289,mc,2,1784569735202
1784569788302,14,676.188,573.75,mc,3,1784569735202
1784569788302,15,369.434,474.499,mc,2,1784569735202
1784569788402,1,552.336,344.202,mc,5,1784569735202
1784569788402,2,222.529,233.54,mc,5,1784569735202
1784569788402,3,460.949,385.897,mc,3,1784569735202
1784569788402,4,378.628,306.291,mc,5,1784569735202
1784569788402,5,824.408,482.767,mc,3,1784569735202
1784569788402,6,69.1432,364.236,mc,5,1784569735202
1784569788402,7,463.394,550.202,mc,4,1784569735202
1784569788402,8,278.664,567.071,mc,4,1784569735202
1784569788402,9,609.676,706.212,mc,2,1784569735202
1784569788402,10,203.96,452.023,mc,4,1784569735202
1784569788402,11,592.004,345.847,mc,3,1784569735202
1784569788402,12,668.111,385.208,mc,5,1784569735202
1784569788402,13,454.501,498.541,mc,2,1784569735202
1784569788402,14,675.769,573.631,mc,3,1784569735202
1784569788402,15,369.555,474.834,mc,2,1784569735202
1784569788502,1,552.787,344.299,mc,5,1784569735202
1784569788502,2,222.902,233.612,mc,5,1784569735202
1784569788502,3,460.598,385.827,mc,3,1784569735202
1784569788502,4,379.136,306.16,mc,5,1784569735202
1784569788502,5,824.654,483.3,mc,3,1784569735202
1784569788502,6,68.8447,364.196,mc,5,1784569735202
1784569788502,7,463.891,550.106,mc,4,1784569735202
1784569788502,8,278.208,567.401,mc,4,1784569735202
1784569788502,9,609.389,706.088,mc,2,1784569735202
1784569788502,10,203.66,451.804,mc,4,1784569735202
1784569788502,11,592.342,345.499,mc,3,1784569735202
1784569788502,12,668.329,385.548,mc,5,1784569735202
1784569788502,13,454.323,498.793,mc,2,1784569735202
1784569788502,14,675.35,573.513,mc,3,1784569735202
1784569788502,15,369.675,475.168,mc,2,1784569735202
1784569788602,1,552.893,344.873,mc,5,1784569735202
1784569788602,2,223.276,233.685,mc,5,1784569735202
1784569788602,3,460.246,385.757,mc,3,1784569735202
1784569788602,4,379.645,306.03,mc,5,1784569735202
1784569788602,5,824.899,483.833,mc,3,1784569735202
1784569788602,6,68.5462,364.157,mc,5,1784569735202
1784569788602,7,464.388,550.011,mc,4,1784569735202
1784569788602,8,277.751,567.731,mc,4,1784569735202
1784569788602,9,609.103,705.965,mc,2,1784569735202
1784569788602,10,203.361,451.585,mc,4,1784569735202
1784569788602,11,592.68,345.15,mc,3,1784569735202
1784569788602,12,668.546,385.888,mc,5,1784569735202
1784569788602,13,454.144,499.045,mc,2,1784569735202
1784569788602,14,674.931,573.394,mc,3,1784569735202
1784569788602,15,369.796,475.502,mc,2,1784569735202
1784569788702,1,553,345.447,mc,5,1784569735202
1784569788702,2,223.65,233.757,mc,5,1784569735202
1784569788702,3,459.895,385.686,mc,3,1784569735202
1784569788702,4,380.154,305.9,mc,5,1784569735202
1784569788702,5,825.145,484.366,mc,3,1784569735202
1784569788702,6,68.2476,364.118,mc,5,1784569735202
1784569788702,7,464.885,549.916,mc,4,1784569735202
1784569788702,8,277.294,568.061,mc,4,1784569735202
1784569788702,9,608.816,705.841,mc,2,1784569735202
1784569788702,10,203.061,451.366,mc,4,1784569735202
1784569788702,11,593.019,344.802,mc,3,1784569735202
1784569788702,12,668.764,386.228,mc,5,1784569735202
1784569788702,13,453.965,499.297,mc,2,1784569735202
1784569788702,14,674.512,573.275,mc,3,1784569735202
1784569788702,15,369.917,475.836,mc,2,1784569735202
1784569788802,1,553.106,346.021,mc,5,1784569735202
1784569788802,2,224.024,233.83,mc,5,1784569735202
1784569788802,3,459.543,385.616,mc,3,1784569735202
1784569788802,4,380.662,305.77,mc,5,1784569735202
1784569788802,5,825.391,484.9,mc,3,1784569735202
1784569788802,6,67.9491,364.078,mc,5,1784569735202
1784569788802,7,465.382,549.82,mc,4,1784569735202
1784569788802,8,277.028,568.317,mc,4,1784569735202
1784569788802,9,608.529,705.718,mc,2,1784569735202
1784569788802,10,202.762,451.146,mc,4,1784569735202
1784569788802,11,593.357,344.453,mc,3,1784569735202
1784569788802,12,668.982,386.568,mc,5,1784569735202
1784569788802,13,453.787,499.549,mc,2,1784569735202
1784569788802,14,674.093,573.157,mc,3,1784569735202
1784569788802,15,370.038,476.171,mc,2,1784569735202
1784569788902,1,553.213,346.595,mc,5,1784569735202
1784569788902,2,224.398,233.902,mc,5,1784569735202
1784569788902,3,459.191,385.545,mc,3,1784569735202
1784569788902,4,381.171,305.64,mc,5,1784569735202
1784569788902,5,825.637,485.433,mc,3,1784569735202
1784569788902,6,67.6505,364.039,mc,5,1784569735202
1784569788902,7,465.879,549.725,mc,4,1784569735202
1784569788902,8,277.333,568.35,mc,4,1784569735202
1784569788902,9,608.242,705.594,mc,2,1784569735202
1784569788902,10,202.462,450.927,mc,4,1784569735202
1784569788902,11,593.695,344.104,mc,3,1784569735202
1784569788902,12,669.199,386.908,mc,5,1784569735202
1784569788902,13,453.608,499.802,mc,2,1784569735202
1784569788902,14,673.674,573.038,mc,3,1784569735202
1784569788902,15,370.159,476.505,mc,2,1784569735202
1784569789002,1,553.319,347.169,mc,5,1784569735202
1784569789002,2,224.772,233.975,mc,5,1784569735202
1784569789002,3,458.84,385.475,mc,3,1784569735202
1784569789002,4,381.68,305.51,mc,5,1784569735202
1784569789002,5,825.883,485.966,mc,3,1784569735202
1784569789002,6,67.352,363.999,mc,5,1784569735202
1784569789002,7,466.376,549.63,mc,4,1784569735202
1784569789002,8,277.638,568.383,mc,4,1784569735202
1784569789002,9,607.955,705.471,mc,2,1784569735202
1784569789002,10,202.163,450.708,mc,4,1784569735202
1784569789002,11,594.034,343.756,mc,3,1784569735202
1784569789002,12,669.417,387.248,mc,5,1784569735202
1784569789002,13,453.429,500.054,mc,2,1784569735202
1784569789002,14,673.255,572.919,mc,3,1784569735202
1784569789002,15,370.28,476.839,mc,2,1784569735202
1784569789102,1,553.426,347.743,mc,5,1784569735202
1784569789102,2,225.146,234.047,mc,5,1784569735202
1784569789102,3,458.488,385.405,mc,3,1784569735202
1784569789102,4,382.188,305.38,mc,5,1784569735202
1784569789102,5,826.128,486.499,mc,3,1784569735202
1784569789102,6,67.0534,363.96,mc,5,1784569735202
1784569789102,7,466.873,549.534,mc,4,1784569735202
1784569789102,8,277.943,568.416,mc,4,1784569735202
1784569789102,9,607.668,705.347,mc,2,1784569735202
1784569789102,10,201.863,450.489,mc,4,1784569735202
1784569789102,11,594.372,343.407,mc,3,1784569735202
1784569789102,12,669.634,387.588,mc,5,1784569735202
1784569789102,13,453.251,500.306,mc,2,1784569735202
1784569789102,14,672.836,572.801,mc,3,1784569735202
1784569789102,15,370.401,477.174,mc,2,1784569735202
1784569789202,1,553.532,348.316,mc,5,1784569735202
1784569789202,2,225.519,234.12,mc,5,1784569735202
1784569789202,3,458.136,385.334,mc,3,1784569735202
1784569789202,4,382.697,305.25,mc,5,1784569735202
1784569789202,5,826.374,487.033,mc,3,1784569735202
1784569789202,6,66.7549,363.92,mc,5,1784569735202
1784569789202,7,467.37,549.439,mc,4,1784569735202
1784569789202,8,278.248,568.45,mc,4,1784569735202
1784569789202,9,607.381,705.224,mc,2,1784569735202
1784569789202,10,201.563,450.27,mc,4,1784569735202
1784569789202,11,594.71,343.059,mc,3,1784569735202
1784569789202,12,669.852,387.928,mc,5,1784569735202
1784569789202,13,453.072,500.558,mc,2,1784569735202
1784569789202,14,672.417,572.682,mc,3,1784569735202
1784569789202,15,370.521,477.508,mc,2,1784569735202
1784569789302,1,553.639,348.89,mc,5,1784569735202
1784569789302,2,225.893,234.192,mc,5,1784569735202
1784569789302,3,457.785,385.264,mc,3,1784569735202
1784569789302,4,383.205,305.12,mc,5,1784569735202
1784569789302,5,826.62,487.566,mc,3,1784569735202
1784569789302,6,66.4564,363.881,mc,5,1784569735202
1784569789302,7,467.867,549.344,mc,4,1784569735202
1784569789302,8,278.553,568.483,mc,4,1784569735202
1784569789302,9,607.094,705.1,mc,2,1784569735202
1784569789302,10,201.264,450.051,mc,4,1784569735202
1784569789302,11,595.048,342.71,mc,3,1784569735202
1784569789302,12,670.069,388.268,mc,5,1784569735202
1784569789302,13,452.893,500.81,mc,2,1784569735202
1784569789302,14,671.998,572.563,mc,3,1784569735202
1784569789302,15,370.642,477.842,mc,2,1784569735202
1784569789402,1,553.745,349.464,mc,5,1784569735202
1784569789402,2,226.267,234.264,mc,5,1784569735202
1784569789402,3,457.433,385.194,mc,3,1784569735202
1784569789402,4,383.714,304.99,mc,5,1784569735202
1784569789402,5,826.866,488.099,mc,3,1784569735202
1784569789402,6,66.1578,363.841,mc,5,1784569735202
1784569789402,7,468.364,549.248,mc,4,1784569735202
1784569789402,8,278.857,568.516,mc,4,1784569735202
1784569789402,9,606.807,704.976,mc,2,1784569735202
1784569789402,10,200.964,449.832,mc,4,1784569735202
1784569789402,11,595.387,342.362,mc,3,1784569735202
1784569789402,12,670.287,388.608,mc,5,1784569735202
1784569789402,13,452.715,501.062,mc,2,1784569735202
1784569789402,14,671.579,572.445,mc,3,1784569735202
1784569789402,15,370.763,478.176,mc,2,1784569735202
1784569789502,1,553.852,350.038,mc,5,1784569735202
1784569789502,2,226.641,234.337,mc,5,1784569735202
1784569789502,3,457.081,385.123,mc,3,1784569735202
1784569789502,4,384.223,304.86,mc,5,1784569735202
1784569789502,5,827.112,488.632,mc,3,1784569735202
1784569789502,6,65.8593,363.802,mc,5,1784569735202
1784569789502,7,468.861,549.153,mc,4,1784569735202
1784569789502,8,279.162,568.549,mc,4,1784569735202
1784569789502,9,606.52,704.853,mc,2,1784569735202
1784569789502,10,200.665,449.612,mc,4,1784569735202
1784569789502,11,595.725,342.013,mc,3,1784569735202
1784569789502,12,670.504,388.948,mc,5,1784569735202
1784569789502,13,452.536,501.315,mc,2,1784569735202
1784569789502,14,671.16,572.326,mc,3,1784569735202
1784569789502,15,370.884,478.511,mc,2,1784569735202
1784569789602,1,553.958,350.612,mc,5,1784569735202
1784569789602,2,227.015,234.409,mc,5,1784569735202
1784569789602,3,456.73,385.053,mc,3,1784569735202
1784569789602,4,384.731,304.73,mc,5,1784569735202
1784569789602,5,827.357,489.166,mc,3,1784569735202
1784569789602,6,65.5607,363.763,mc,5,1784569735202
1784569789602,7,469.357,549.058,mc,4,1784569735202
1784569789602,8,279.467,568.582,mc,4,1784569735202
1784569789602,9,606.232,704.731,mc,2,1784569735202
1784569789602,10,200.365,449.393,mc,4,1784569735202
1784569789602,11,596.063,341.664,mc,3,1784569735202
1784569789602,12,670.722,389.288,mc,5,1784569735202
1784569789602,13,452.357,501.567,mc,2,1784569735202
1784569789602,14,670.741,572.207,mc,3,1784569735202
1784569789602,15,371.005,478.845,mc,2,1784569735202
1784569789702,1,554.065,351.186,mc,5,1784569735202
1784569789702,2,227.389,234.482,mc,5,1784569735202
1784569789702,3,456.378,384.982,mc,3,1784569735202
1784569789702,4,385.24,304.6,mc,5,1784569735202
1784569789702,5,827.603,489.699,mc,3,1784569735202
1784569789702,6,65.2622,363.723,mc,5,1784569735202
1784569789702,7,469.854,548.962,mc,4,1784569735202
1784569789702,8,279.772,568.615,mc,4,1784569735202
1784569789702,9,605.906,704.709,mc,2,1784569735202
1784569789702,10,200.065,449.174,mc,4,1784569735202
1784569789702,11,596.401,341.316,mc,3,1784569735202
1784569789702,12,670.94,389.628,mc,5,1784569735202
1784569789702,13,452.178,501.819,mc,2,1784569735202
1784569789702,14,670.322,572.088,mc,3,1784569735202
1784569789702,15,371.126,479.179,mc,2,1784569735202
1784569789802,1,554.171,351.76,mc,5,1784569735202
1784569789802,2,227.763,234.554,mc,5,1784569735202
1784569789802,3,456.026,384.912,mc,3,1784569735202
1784569789802,4,385.749,304.47,mc,5,1784569735202
1784569789802,5,827.614,490.099,mc,3,1784569735202
1784569789802,6,64.9636,363.684,mc,5,1784569735202
1784569789802,7,470.351,548.867,mc,4,1784569735202
1784569789802,8,280.077,568.648,mc,4,1784569735202
1784569789802,9,605.579,704.686,mc,2,1784569735202
1784569789802,10,199.766,448.955,mc,4,1784569735202
1784569789802,11,596.74,340.967,mc,3,1784569735202
1784569789802,12,671.157,389.968,mc,5,1784569735202
1784569789802,13,452,502.071,mc,2,1784569735202
1784569789802,14,669.903,571.97,mc,3,1784569735202
1784569789802,15,371.247,479.514,mc,2,1784569735202
1784569789902,1,554.277,352.334,mc,5,1784569735202
1784569789902,2,228.136,234.627,mc,5,1784569735202
1784569789902,3,455.675,384.842,mc,3,1784569735202
1784569789902,4,386.257,304.34,mc,5,1784569735202
1784569789902,5,827.128,490.218,mc,3,1784569735202
1784569789902,6,64.6651,363.644,mc,5,1784569735202
1784569789902,7,470.848,548.771,mc,4,1784569735202
1784569789902,8,280.382,568.681,mc,4,1784569735202
1784569789902,9,605.253,704.664,mc,2,1784569735202
1784569789902,10,199.466,448.736,mc,4,1784569735202
1784569789902,11,597.078,340.619,mc,3,1784569735202
1784569789902,12,671.375,390.308,mc,5,1784569735202
1784569789902,13,451.821,502.323,mc,2,1784569735202
1784569789902,14,669.484,571.851,mc,3,1784569735202
1784569789902,15,371.368,479.848,mc,2,1784569735202
1784569790002,1,554.384,352.908,mc,5,1784569735202
1784569790002,2,228.51,234.699,mc,5,1784569735202
1784569790002,3,455.323,384.771,mc,3,1784569735202
1784569790002,4,386.766,304.21,mc,5,1784569735202
1784569790002,5,826.643,490.338,mc,3,1784569735202
1784569790002,6,64.3665,363.605,mc,5,1784569735202
1784569790002,7,471.345,548.676,mc,4,1784569735202
1784569790002,8,280.687,568.715,mc,4,1784569735202
1784569790002,9,604.927,704.642,mc,2,1784569735202
1784569790002,10,199.167,448.517,mc,4,1784569735202
1784569790002,11,597.416,340.27,mc,3,1784569735202
1784569790002,12,671.592,390.648,mc,5,1784569735202
1784569790002,13,451.642,502.575,mc,2,1784569735202
1784569790002,14,669.065,571.732,mc,3,1784569735202
1784569790002,15,371.488,480.182,mc,2,1784569735202
1784569790102,1,554.49,353.482,mc,5,1784569735202
1784569790102,2,228.884,234.772,mc,5,1784569735202
1784569790102,3,454.971,384.701,mc,3,1784569735202
1784569790102,4,387.17,304.193,mc,5,1784569735202
1784569790102,5,826.158,490.457,mc,3,1784569735202
1784569790102,6,64.068,363.565,mc,5,1784569735202
1784569790102,7,471.842,548.581,mc,4,1784569735202
1784569790102,8,280.992,568.748,mc,4,1784569735202
1784569790102,9,604.6,704.619,mc,2,1784569735202
1784569790102,10,198.867,448.298,mc,4,1784569735202
1784569790102,11,597.755,339.922,mc,3,1784569735202
1784569790102,12,671.81,390.988,mc,5,1784569735202
1784569790102,13,451.464,502.828,mc,2,1784569735202
1784569790102,14,668.646,571.614,mc,3,1784569735202
1784569790102,15,371.609,480.516,mc,2,1784569735202
1784569790202,1,554.597,354.055,mc,5,1784569735202
1784569790202,2,229.258,234.844,mc,5,1784569735202
1784569790202,3,454.62,384.63,mc,3,1784569735202
1784569790202,4,387.234,304.543,mc,5,1784569735202
1784569790202,5,825.673,490.577,mc,3,1784569735202
1784569790202,6,63.7695,363.526,mc,5,1784569735202
1784569790202,7,472.339,548.485,mc,4,1784569735202
1784569790202,8,281.297,568.781,mc,4,1784569735202
1784569790202,9,604.274,704.597,mc,2,1784569735202
1784569790202,10,198.567,448.078,mc,4,1784569735202
1784569790202,11,598.093,339.573,mc,3,1784569735202
1784569790202,12,672.027,391.328,mc,5,1784569735202
1784569790202,13,451.285,503.08,mc,2,1784569735202
1784569790202,14,668.227,571.495,mc,3,1784569735202
1784569790202,15,371.73,480.851,mc,2,1784569735202
1784569790302,1,554.703,354.629,mc,5,1784569735202
1784569790302,2,229.632,234.916,mc,5,1784569735202
1784569790302,3,454.268,384.56,mc,3,1784569735202
1784569790302,4,387.299,304.893,mc,5,1784569735202
1784569790302,5,825.188,490.696,mc,3,1784569735202
1784569790302,6,63.4709,363.487,mc,5,1784569735202
1784569790302,7,472.836,548.39,mc,4,1784569735202
1784569790302,8,281.602,568.814,mc,4,1784569735202
1784569790302,9,603.948,704.574,mc,2,1784569735202
1784569790302,10,198.268,447.859,mc,4,1784569735202
1784569790302,11,598.431,339.225,mc,3,1784569735202
1784569790302,12,672.245,391.668,mc,5,1784569735202
1784569790302,13,451.106,503.332,mc,2,1784569735202
1784569790302,14,667.808,571.376,mc,3,1784569735202
1784569790302,15,371.851,481.185,mc,2,1784569735202
1784569790402,1,554.81,355.203,mc,5,1784569735202
1784569790402,2,230.006,234.989,mc,5,1784569735202
1784569790402,3,453.917,384.49,mc,3,1784569735202
1784569790402,4,387.363,305.243,mc,5,1784569735202
1784569790402,5,824.703,490.816,mc,3,1784569735202
1784569790402,6,63.1724,363.447,mc,5,1784569735202
1784569790402,7,473.333,548.295,mc,4,1784569735202
1784569790402,8,281.907,568.847,mc,4,1784569735202
1784569790402,9,603.621,704.552,mc,2,1784569735202
1784569790402,10,197.968,447.64,mc,4,1784569735202
1784569790402,11,598.769,338.876,mc,3,1784569735202
1784569790402,12,672.462,392.008,mc,5,1784569735202
1784569790402,13,450.928,503.584,mc,2,1784569735202
1784569790402,14,667.389,571.258,mc,3,1784569735202
1784569790402,15,371.972,481.519,mc,2,1784569735202
1784569790502,1,554.916,355.777,mc,5,1784569735202
1784569790502,2,230.379,235.061,mc,5,1784569735202
1784569790502,3,453.565,384.419,mc,3,1784569735202
1784569790502,4,387.427,305.592,mc,5,1784569735202
1784569790502,5,824.218,490.935,mc,3,1784569735202
1784569790502,6,62.8738,363.408,mc,5,1784569735202
1784569790502,7,473.83,548.199,mc,4,1784569735202
1784569790502,8,282.212,568.88,mc,4,1784569735202
1784569790502,9,603.295,704.53,mc,2,1784569735202
1784569790502,10,197.669,447.421,mc,4,1784569735202
1784569790502,11,599.108,338.527,mc,3,1784569735202
1784569790502,12,672.68,392.348,mc,5,1784569735202
1784569790502,13,450.749,503.836,mc,2,1784569735202
1784569790502,14,666.97,571.139,mc,3,1784569735202
1784569790502,15,372.093,481.854,mc,2,1784569735202
1784569790602,1,555.023,356.351,mc,5,1784569735202
1784569790602,2,230.753,235.134,mc,5,1784569735202
1784569790602,3,453.213,384.349,mc,3,1784569735202
1784569790602,4,387.492,305.942,mc,5,1784569735202
1784569790602,5,823.733,491.054,mc,3,1784569735202
1784569790602,6,62.5753,363.368,mc,5,1784569735202
1784569790602,7,474.327,548.104,mc,4,1784569735202
1784569790602,8,282.517,568.913,mc,4,1784569735202
1784569790602,9,602.968,704.507,mc,2,1784569735202
1784569790602,10,197.369,447.202,mc,4,1784569735202
1784569790602,11,599.446,338.179,mc,3,1784569735202
1784569790602,12,672.897,392.688,mc,5,1784569735202
1784569790602,13,450.57,504.088,mc,2,1784569735202
1784569790602,14,666.551,571.02,mc,3,1784569735202
1784569790602,15,372.214,482.188,mc,2,1784569735202
1784569790702,1,555.129,356.925,mc,5,1784569735202
1784569790702,2,231.127,235.206,mc,5,1784569735202
1784569790702,3,452.862,384.278,mc,3,1784569735202
1784569790702,4,387.556,306.292,mc,5,1784569735202
1784569790702,5,823.248,491.174,mc,3,1784569735202
1784569790702,6,62.2767,363.329,mc,5,1784569735202
1784569790702,7,474.824,548.009,mc,4,1784569735202
1784569790702,8,282.821,568.946,mc,4,1784569735202
1784569790702,9,602.642,704.485,mc,2,1784569735202
1784569790702,10,197.07,446.983,mc,4,1784569735202
1784569790702,11,599.784,337.83,mc,3,1784569735202
1784569790702,12,673.115,393.028,mc,5,1784569735202
1784569790702,13,450.391,504.341,mc,2,1784569735202
1784569790702,14,666.132,570.902,mc,3,1784569735202
1784569790702,15,372.334,482.522,mc,2,1784569735202
1784569790802,1,555.236,357.499,mc,5,1784569735202
1784569790802,2,231.487,235.301,mc,5,1784569735202
1784569790802,3,452.51,384.208,mc,3,1784569735202
1784569790802,4,387.621,306.642,mc,5,1784569735202
1784569790802,5,822.763,491.293,mc,3,1784569735202
1784569790802,6,61.9782,363.289,mc,5,1784569735202
1784569790802,7,475.321,547.913,mc,4,1784569735202
1784569790802,8,283.126,568.98,mc,4,1784569735202
1784569790802,9,602.316,704.463,mc,2,1784569735202
1784569790802,10,196.77,446.763,mc,4,1784569735202
1784569790802,11,600.123,337.482,mc,3,1784569735202
1784569790802,12,673.333,393.368,mc,5,1784569735202
1784569790802,13,450.213,504.593,mc,2,1784569735202
1784569790802,14,665.713,570.783,mc,3,1784569735202
1784569790802,15,372.455,482.856,mc,2,1784569735202
1784569790902,1,555.342,358.073,mc,5,1784569735202
1784569790902,2,231.603,235.788,mc,5,1784569735202
1784569790902,3,452.158,384.138,mc,3,1784569735202
1784569790902,4,387.685,306.992,mc,5,1784569735202
1784569790902,5,822.278,491.413,mc,3,1784569735202
1784569790902,6,61.6797,363.25,mc,5,1784569735202
1784569790902,7,475.818,547.818,mc,4,1784569735202
1784569790902,8,283.431,569.013,mc,4,1784569735202
1784569790902,9,601.989,704.44,mc,2,1784569735202
1784569790902,10,196.47,446.544,mc,4,1784569735202
1784569790902,11,600.461,337.133,mc,3,1784569735202
1784569790902,12,673.55,393.708,mc,5,1784569735202
1784569790902,13,450.034,504.845,mc,2,1784569735202
1784569790902,14,665.294,570.664,mc,3,1784569735202
1784569790902,15,372.576,483.191,mc,2,1784569735202
1784569791002,1,555.449,358.647,mc,5,1784569735202
1784569791002,2,231.72,236.274,mc,5,1784569735202
1784569791002,3,451.807,384.067,mc,3,1784569735202
1784569791002,4,387.75,307.341,mc,5,1784569735202
1784569791002,5,821.792,491.532,mc,3,1784569735202
1784569791002,6,61.3811,363.21,mc,5,1784569735202
1784569791002,7,476.315,547.723,mc,4,1784569735202
1784569791002,8,283.736,569.046,mc,4,1784569735202
1784569791002,9,601.663,704.418,mc,2,1784569735202
1784569791002,10,196.171,446.325,mc,4,1784569735202
1784569791002,11,600.799,336.785,mc,3,1784569735202
1784569791002,12,673.768,394.048,mc,5,1784569735202
1784569791002,13,449.855,505.097,mc,2,1784569735202
1784569791002,14,664.875,570.546,mc,3,1784569735202
1784569791002,15,372.697,483.525,mc,2,1784569735202
1784569791102,1,555.555,359.221,mc,5,1784569735202
1784569791102,2,231.837,236.761,mc,5,1784569735202
1784569791102,3,451.455,383.997,mc,3,1784569735202
1784569791102,4,387.814,307.691,mc,5,1784569735202
1784569791102,5,821.307,491.652,mc,3,1784569735202
1784569791102,6,61.0826,363.171,mc,5,1784569735202
1784569791102,7,476.812,547.627,mc,4,1784569735202
1784569791102,8,284.041,569.079,mc,4,1784569735202
1784569791102,9,601.337,704.396,mc,2,1784569735202
1784569791102,10,195.871,446.106,mc,4,1784569735202
1784569791102,11,601.137,336.436,mc,3,1784569735202
1784569791102,12,673.985,394.388,mc,5,1784569735202
1784569791102,13,449.677,505.349,mc,2,1784569735202
1784569791102,14,664.456,570.427,mc,3,1784569735202
1784569791102,15,372.818,483.859,mc,2,1784569735202
1784569791202,1,555.662,359.794,mc,5,1784569735202
1784569791202,2,231.953,237.247,mc,5,1784569735202
1784569791202,3,451.103,383.926,mc,3,1784569735202
1784569791202,4,387.878,308.041,mc,5,1784569735202
1784569791202,5,820.822,491.771,mc,3,1784569735202
1784569791202,6,60.784,363.132,mc,5,1784569735202
1784569791202,7,477.309,547.532,mc,4,1784569735202
1784569791202,8,284.346,569.112,mc,4,1784569735202
1784569791202,9,601.01,704.373,mc,2,1784569735202
1784569791202,10,195.572,445.887,mc,4,1784569735202
1784569791202,11,601.476,336.088,mc,3,1784569735202
1784569791202,12,674.203,394.728,mc,5,1784569735202
1784569791202,13,449.498,505.601,mc,2,1784569735202
1784569791202,14,664.037,570.308,mc,3,1784569735202
1784569791202,15,372.939,484.194,mc,2,1784569735202
1784569791302,1,555.768,360.368,mc,5,1784569735202
1784569791302,2,232.07,237.734,mc,5,1784569735202
1784569791302,3,450.752,383.856,mc,3,1784569735202
1784569791302,4,387.943,308.391,mc,5,1784569735202
1784569791302,5,820.337,491.891,mc,3,1784569735202
1784569791302,6,60.4855,363.092,mc,5,1784569735202
1784569791302,7,477.806,547.437,mc,4,1784569735202
1784569791302,8,284.651,569.145,mc,4,1784569735202
1784569791302,9,600.684,704.351,mc,2,1784569735202
1784569791302,10,195.272,445.668,mc,4,1784569735202
1784569791302,11,601.814,335.739,mc,3,1784569735202
1784569791302,12,674.42,395.068,mc,5,1784569735202
1784569791302,13,449.319,505.854,mc,2,1784569735202
1784569791302,14,664.041,570.297,mc,3,1784569735202
1784569791302,15,373.06,484.528,mc,2,1784569735202
1784569791402,1,555.874,360.942,mc,5,1784569735202
1784569791402,2,232.186,238.22,mc,5,1784569735202
1784569791402,3,450.4,383.786,mc,3,1784569735202
1784569791402,4,388.007,308.741,mc,5,1784569735202
1784569791402,5,819.852,492.01,mc,3,1784569735202
1784569791402,6,60.1869,363.053,mc,5,1784569735202
1784569791402,7,478.303,547.341,mc,4,1784569735202
1784569791402,8,284.956,569.178,mc,4,1784569735202
1784569791402,9,600.358,704.328,mc,2,1784569735202
1784569791402,10,194.972,445.449,mc,4,1784569735202
1784569791402,11,602.152,335.39,mc,3,1784569735202
1784569791402,12,674.638,395.408,mc,5,1784569735202
1784569791402,13,449.141,506.106,mc,2,1784569735202
1784569791402,14,664.365,570.367,mc,3,1784569735202
1784569791402,15,373.181,484.862,mc,2,1784569735202
1784569791502,1,555.981,361.516,mc,5,1784569735202
1784569791502,2,232.303,238.707,mc,5,1784569735202
1784569791502,3,450.048,383.715,mc,3,1784569735202
1784569791502,4,388.072,309.09,mc,5,1784569735202
1784569791502,5,819.367,492.13,mc,3,1784569735202
1784569791502,6,59.8884,363.013,mc,5,1784569735202
1784569791502,7,478.8,547.246,mc,4,1784569735202
1784569791502,8,285.261,569.212,mc,4,1784569735202
1784569791502,9,600.031,704.306,mc,2,1784569735202
1784569791502,10,194.673,445.229,mc,4,1784569735202
1784569791502,11,602.49,335.042,mc,3,1784569735202
1784569791502,12,674.855,395.748,mc,5,1784569735202
1784569791502,13,448.962,506.358,mc,2,1784569735202
1784569791502,14,664.689,570.437,mc,3,1784569735202
1784569791502,15,373.301,485.196,mc,2,1784569735202
1784569791602,1,556.087,362.09,mc,5,1784569735202
1784569791602,2,232.419,239.193,mc,5,1784569735202
1784569791602,3,449.697,383.645,mc,3,1784569735202
1784569791602,4,388.136,309.44,mc,5,1784569735202
1784569791602,5,818.882,492.249,mc,3,1784569735202
1784569791602,6,59.5899,362.974,mc,5,1784569735202
1784569791602,7,479.297,547.151,mc,4,1784569735202
1784569791602,8,285.566,569.245,mc,4,1784569735202
1784569791602,9,599.705,704.284,mc,2,1784569735202
1784569791602,10,194.373,445.01,mc,4,1784569735202
1784569791602,11,602.829,334.693,mc,3,1784569735202
1784569791602,12,675.073,396.088,mc,5,1784569735202
1784569791602,13,448.783,506.61,mc,2,1784569735202
1784569791602,14,665.013,570.507,mc,3,1784569735202
1784569791602,15,373.422,485.531,mc,2,1784569735202
1784569791702,1,556.194,362.664,mc,5,1784569735202
1784569791702,2,232.536,239.68,mc,5,1784569735202
1784569791702,3,449.345,383.574,mc,3,1784569735202
1784569791702,4,388.2,309.79,mc,5,1784569735202
1784569791702,5,818.397,492.368,mc,3,1784569735202
1784569791702,6,59.2913,362.934,mc,5,1784569735202
1784569791702,7,479.794,547.055,mc,4,1784569735202
1784569791702,8,285.871,569.278,mc,4,1784569735202
1784569791702,9,599.379,704.261,mc,2,1784569735202
1784569791702,10,194.213,445.293,mc,4,1784569735202
1784569791702,11,603.167,334.345,mc,3,1784569735202
1784569791702,12,675.29,396.428,mc,5,1784569735202
1784569791702,13,448.604,506.862,mc,2,1784569735202
1784569791702,14,665.337,570.577,mc,3,1784569735202
1784569791702,15,373.543,485.865,mc,2,1784569735202
1784569791802,1,556.3,363.238,mc,5,1784569735202
1784569791802,2,232.653,240.166,mc,5,1784569735202
1784569791802,3,448.993,383.504,mc,3,1784569735202
1784569791802,4,388.265,310.14,mc,5,1784569735202
1784569791802,5,817.912,492.488,mc,3,1784569735202
1784569791802,6,58.9928,362.895,mc,5,1784569735202
1784569791802,7,480.29,546.96,mc,4,1784569735202
1784569791802,8,286.176,569.311,mc,4,1784569735202
1784569791802,9,599.052,704.239,mc,2,1784569735202
1784569791802,10,194.077,445.666,mc,4,1784569735202
1784569791802,11,603.505,333.996,mc,3,1784569735202
1784569791802,12,675.508,396.768,mc,5,1784569735202
1784569791802,13,448.426,507.114,mc,2,1784569735202
1784569791802,14,665.661,570.647,mc,3,1784569735202
1784569791802,15,373.664,486.199,mc,2,1784569735202
1784569791902,1,556.407,363.812,mc,5,1784569735202
1784569791902,2,232.769,240.652,mc,5,1784569735202
1784569791902,3,448.642,383.434,mc,3,1784569735202
1784569791902,4,388.329,310.49,mc,5,1784569735202
1784569791902,5,817.427,492.607,mc,3,1784569735202
1784569791902,6,58.6942,362.856,mc,5,1784569735202
1784569791902,7,480.787,546.865,mc,4,1784569735202
1784569791902,8,286.481,569.344,mc,4,1784569735202
1784569791902,9,598.726,704.217,mc,2,1784569735202
1784569791902,10,193.942,446.038,mc,4,1784569735202
1784569791902,11,603.844,333.648,mc,3,1784569735202
1784569791902,12,675.726,397.108,mc,5,1784569735202
1784569791902,13,448.247,507.366,mc,2,1784569735202
1784569791902,14,665.986,570.717,mc,3,1784569735202
1784569791902,15,373.829,486.439,mc,2,1784569735202
1784569792002,1,556.513,364.386,mc,5,1784569735202
1784569792002,2,232.886,241.139,mc,5,1784569735202
1784569792002,3,448.29,383.363,mc,3,1784569735202
1784569792002,4,388.394,310.839,mc,5,1784569735202
1784569792002,5,816.942,492.727,mc,3,1784569735202
1784569792002,6,58.3957,362.816,mc,5,1784569735202
1784569792002,7,481.284,546.769,mc,4,1784569735202
1784569792002,8,286.785,569.377,mc,4,1784569735202
1784569792002,9,598.4,704.194,mc,2,1784569735202
1784569792002,10,193.806,446.411,mc,4,1784569735202
1784569792002,11,604.182,333.299,mc,3,1784569735202
1784569792002,12,675.943,397.448,mc,5,1784569735202
1784569792002,13,448.068,507.619,mc,2,1784569735202
1784569792002,14,666.31,570.787,mc,3,1784569735202
1784569792002,15,374.167,486.309,mc,2,1784569735202
1784569792102,1,556.62,364.96,mc,5,1784569735202
1784569792102,2,233.002,241.625,mc,5,1784569735202
1784569792102,3,447.938,383.293,mc,3,1784569735202
1784569792102,4,388.458,311.189,mc,5,1784569735202
1784569792102,5,816.456,492.846,mc,3,1784569735202
1784569792102,6,58.0971,362.777,mc,5,1784569735202
1784569792102,7,481.781,546.674,mc,4,1784569735202
1784569792102,8,287.09,569.41,mc,4,1784569735202
1784569792102,9,598.073,704.172,mc,2,1784569735202
1784569792102,10,193.671,446.783,mc,4,1784569735202
1784569792102,11,604.52,332.95,mc,3,1784569735202
1784569792102,12,676.161,397.788,mc,5,1784569735202
1784569792102,13,447.89,507.871,mc,2,1784569735202
1784569792102,14,666.634,570.857,mc,3,1784569735202
1784569792102,15,374.505,486.179,mc,2,1784569735202
1784569792202,1,556.726,365.533,mc,5,1784569735202
1784569792202,2,233.119,242.112,mc,5,1784569735202
1784569792202,3,447.587,383.223,mc,3,1784569735202
1784569792202,4,388.523,311.539,mc,5,1784569735202
1784569792202,5,815.971,492.966,mc,3,1784569735202
1784569792202,6,57.7986,362.737,mc,5,1784569735202
1784569792202,7,482.278,546.578,mc,4,1784569735202
1784569792202,8,287.395,569.443,mc,4,1784569735202
1784569792202,9,597.747,704.15,mc,2,1784569735202
1784569792202,10,193.535,447.155,mc,4,1784569735202
1784569792202,11,604.858,332.602,mc,3,1784569735202
1784569792202,12,676.378,398.128,mc,5,1784569735202
1784569792202,13,447.711,508.123,mc,2,1784569735202
1784569792202,14,666.958,570.927,mc,3,1784569735202
1784569792202,15,374.843,486.05,mc,2,1784569735202
1784569792302,1,556.833,366.107,mc,5,1784569735202
1784569792302,2,233.235,242.598,mc,5,1784569735202
1784569792302,3,447.235,383.152,mc,3,1784569735202
1784569792302,4,388.587,311.889,mc,5,1784569735202
1784569792302,5,815.486,493.085,mc,3,1784569735202
1784569792302,6,57.5001,362.698,mc,5,1784569735202
1784569792302,7,482.775,546.483,mc,4,1784569735202
1784569792302,8,287.7,569.477,mc,4,1784569735202
1784569792302,9,597.421,704.127,mc,2,1784569735202
1784569792302,10,193.399,447.528,mc,4,1784569735202
1784569792302,11,605.197,332.253,mc,3,1784569735202
1784569792302,12,676.596,398.468,mc,5,1784569735202
1784569792302,13,447.517,508.317,mc,2,1784569735202
1784569792302,14,667.282,570.997,mc,3,1784569735202
1784569792302,15,375.18,485.92,mc,2,1784569735202
1784569792402,1,556.939,366.681,mc,5,1784569735202
1784569792402,2,233.352,243.085,mc,5,1784569735202
1784569792402,3,446.884,383.082,mc,3,1784569735202
1784569792402,4,388.651,312.238,mc,5,1784569735202
1784569792402,5,815.001,493.205,mc,3,1784569735202
1784569792402,6,57.2015,362.658,mc,5,1784569735202
1784569792402,7,483.272,546.388,mc,4,1784569735202
1784569792402,8,288.005,569.51,mc,4,1784569735202
1784569792402,9,597.094,704.105,mc,2,1784569735202
1784569792402,10,193.264,447.9,mc,4,1784569735202
1784569792402,11,605.535,331.905,mc,3,1784569735202
1784569792402,12,676.813,398.808,mc,5,1784569735202
1784569792402,13,447.173,507.955,mc,2,1784569735202
1784569792402,14,667.606,571.067,mc,3,1784569735202
1784569792402,15,375.518,485.79,mc,2,1784569735202
1784569792502,1,557.046,367.255,mc,5,1784569735202
1784569792502,2,233.468,243.571,mc,5,1784569735202
1784569792502,3,446.532,383.011,mc,3,1784569735202
1784569792502,4,388.716,312.588,mc,5,1784569735202
1784569792502,5,814.516,493.324,mc,3,1784569735202
1784569792502,6,56.903,362.619,mc,5,1784569735202
1784569792502,7,483.769,546.292,mc,4,1784569735202
1784569792502,8,288.31,569.543,mc,4,1784569735202
1784569792502,9,596.768,704.082,mc,2,1784569735202
1784569792502,10,193.128,448.273,mc,4,1784569735202
1784569792502,11,605.873,331.556,mc,3,1784569735202
1784569792502,12,677.031,399.148,mc,5,1784569735202
1784569792502,13,446.829,507.592,mc,2,1784569735202
1784569792502,14,667.931,571.137,mc,3,1784569735202
1784569792502,15,375.856,485.661,mc,2,1784569735202
1784569792602,1,557.152,367.829,mc,5,1784569735202
1784569792602,2,233.585,244.058,mc,5,1784569735202
1784569792602,3,446.18,382.941,mc,3,1784569735202
1784569792602,4,388.78,312.938,mc,5,1784569735202
1784569792602,5,814.031,493.443,mc,3,1784569735202
1784569792602,6,56.6044,362.579,mc,5,1784569735202
1784569792602,7,484.266,546.197,mc,4,1784569735202
1784569792602,8,288.615,569.576,mc,4,1784569735202
1784569792602,9,596.442,704.06,mc,2,1784569735202
1784569792602,10,192.993,448.645,mc,4,1784569735202
1784569792602,11,606.212,331.208,mc,3,1784569735202
1784569792602,12,677.248,399.488,mc,5,1784569735202
1784569792602,13,446.485,507.23,mc,2,1784569735202
1784569792602,14,668.255,571.207,mc,3,1784569735202
1784569792602,15,376.194,485.531,mc,2,1784569735202
1784569792702,1,557.258,368.403,mc,5,1784569735202
1784569792702,2,233.702,244.544,mc,5,1784569735202
1784569792702,3,445.829,382.871,mc,3,1784569735202
1784569792702,4,388.845,313.288,mc,5,1784569735202
1784569792702,5,813.546,493.563,mc,3,1784569735202
1784569792702,6,56.3059,362.54,mc,5,1784569735202
1784569792702,7,484.763,546.102,mc,4,1784569735202
1784569792702,8,288.92,569.609,mc,4,1784569735202
1784569792702,9,596.115,704.038,mc,2,1784569735202
1784569792702,10,192.857,449.017,mc,4,1784569735202
1784569792702,11,606.55,330.859,mc,3,1784569735202
1784569792702,12,677.466,399.828,mc,5,1784569735202
1784569792702,13,446.141,506.868,mc,2,1784569735202
1784569792702,14,668.579,571.277,mc,3,1784569735202
1784569792702,15,376.532,485.401,mc,2,1784569735202
1784569792802,1,557.365,368.977,mc,5,1784569735202
1784569792802,2,233.818,245.031,mc,5,1784569735202
1784569792802,3,445.477,382.8,mc,3,1784569735202
1784569792802,4,388.909,313.638,mc,5,1784569735202
1784569792802,5,813.061,493.682,mc,3,1784569735202
1784569792802,6,56.0073,362.501,mc,5,1784569735202
1784569792802,7,485.26,546.006,mc,4,1784569735202
1784569792802,8,289.225,569.642,mc,4,1784569735202
1784569792802,9,595.789,704.015,mc,2,1784569735202
1784569792802,10,192.721,449.39,mc,4,1784569735202
1784569792802,11,606.888,330.511,mc,3,1784569735202
1784569792802,12,677.683,400.168,mc,5,1784569735202
1784569792802,13,445.797,506.505,mc,2,1784569735202
1784569792802,14,668.903,571.347,mc,3,1784569735202
1784569792802,15,376.869,485.272,mc,2,1784569735202
1784569792902,1,557.471,369.551,mc,5,1784569735202
1784569792902,2,233.935,245.517,mc,5,1784569735202
1784569792902,3,445.125,382.73,mc,3,1784569735202
1784569792902,4,388.974,313.987,mc,5,1784569735202
1784569792902,5,812.576,493.802,mc,3,1784569735202
1784569792902,6,55.7088,362.461,mc,5,1784569735202
1784569792902,7,485.757,545.911,mc,4,1784569735202
1784569792902,8,289.53,569.675,mc,4,1784569735202
1784569792902,9,595.462,703.993,mc,2,1784569735202
1784569792902,10,192.586,449.762,mc,4,1784569735202
1784569792902,11,607.226,330.162,mc,3,1784569735202
1784569792902,12,677.901,400.508,mc,5,1784569735202
1784569792902,13,445.453,506.143,mc,2,1784569735202
1784569792902,14,669.227,571.417,mc,3,1784569735202
1784569792902,15,377.207,485.142,mc,2,1784569735202
1784569793002,1,557.578,370.125,mc,5,1784569735202
1784569793002,2,234.051,246.004,mc,5,1784569735202
1784569793002,3,444.774,382.659,mc,3,1784569735202
1784569793002,4,389.038,314.337,mc,5,1784569735202
1784569793002,5,812.091,493.921,mc,3,1784569735202
1784569793002,6,55.4103,362.422,mc,5,1784569735202
1784569793002,7,486.254,545.816,mc,4,1784569735202
1784569793002,8,289.835,569.708,mc,4,1784569735202
1784569793002,9,595.136,703.971,mc,2,1784569735202
1784569793002,10,192.45,450.135,mc,4,1784569735202
1784569793002,11,607.565,329.813,mc,3,1784569735202
1784569793002,12,678.119,400.848,mc,5,1784569735202
1784569793002,13,445.109,505.78,mc,2,1784569735202
1784569793002,14,669.551,571.487,mc,3,1784569735202
1784569793002,15,377.545,485.013,mc,2,1784569735202
1784569793102,1,557.684,370.699,mc,5,1784569735202
1784569793102,2,234.168,246.49,mc,5,1784569735202
1784569793102,3,444.422,382.589,mc,3,1784569735202
1784569793102,4,389.102,314.687,mc,5,1784569735202
1784569793102,5,811.606,494.041,mc,3,1784569735202
1784569793102,6,55.1117,362.382,mc,5,1784569735202
1784569793102,7,486.752,545.726,mc,4,1784569735202
1784569793102,8,290.14,569.742,mc,4,1784569735202
1784569793102,9,594.81,703.948,mc,2,1784569735202
1784569793102,10,192.315,450.507,mc,4,1784569735202
1784569793102,11,607.903,329.465,mc,3,1784569735202
1784569793102,12,678.336,401.188,mc,5,1784569735202
1784569793102,13,444.765,505.418,mc,2,1784569735202
1784569793102,14,669.876,571.557,mc,3,1784569735202
1784569793102,15,377.883,484.883,mc,2,1784569735202
1784569793202,1,557.791,371.272,mc,5,1784569735202
1784569793202,2,234.284,246.976,mc,5,1784569735202
1784569793202,3,444.07,382.519,mc,3,1784569735202
1784569793202,4,389.167,315.037,mc,5,1784569735202
1784569793202,5,811.12,494.16,mc,3,1784569735202
1784569793202,6,54.8132,362.343,mc,5,1784569735202
1784569793202,7,487.271,545.727,mc,4,1784569735202
1784569793202,8,290.445,569.775,mc,4,1784569735202
1784569793202,9,594.483,703.926,mc,2,1784569735202
1784569793202,10,192.179,450.879,mc,4,1784569735202
1784569793202,11,608.241,329.116,mc,3,1784569735202
1784569793202,12,678.554,401.528,mc,5,1784569735202
1784569793202,13,444.421,505.056,mc,2,1784569735202
1784569793202,14,670.2,571.627,mc,3,1784569735202
1784569793202,15,378.221,484.753,mc,2,1784569735202
1784569793302,1,557.897,371.846,mc,5,1784569735202
1784569793302,2,234.401,247.463,mc,5,1784569735202
1784569793302,3,443.719,382.448,mc,3,1784569735202
1784569793302,4,389.231,315.387,mc,5,1784569735202
1784569793302,5,810.635,494.28,mc,3,1784569735202
1784569793302,6,54.5146,362.303,mc,5,1784569735202
1784569793302,7,487.79,545.727,mc,4,1784569735202
1784569793302,8,290.75,569.808,mc,4,1784569735202
1784569793302,9,594.157,703.903,mc,2,1784569735202
1784569793302,10,192.044,451.252,mc,4,1784569735202
1784569793302,11,608.58,328.768,mc,3,1784569735202
1784569793302,12,678.771,401.868,mc,5,1784569735202
1784569793302,13,444.077,504.693,mc,2,1784569735202
1784569793302,14,670.524,571.697,mc,3,1784569735202
1784569793302,15,378.558,484.624,mc,2,1784569735202
1784569793402,1,558.004,372.42,mc,5,1784569735202
1784569793402,2,234.518,247.949,mc,5,1784569735202
1784569793402,3,443.367,382.378,mc,3,1784569735202
1784569793402,4,389.296,315.736,mc,5,1784569735202
1784569793402,5,810.15,494.399,mc,3,1784569735202
1784569793402,6,54.2161,362.264,mc,5,1784569735202
1784569793402,7,488.309,545.727,mc,4,1784569735202
1784569793402,8,291.054,569.841,mc,4,1784569735202
1784569793402,9,593.831,703.881,mc,2,1784569735202
1784569793402,10,191.908,451.624,mc,4,1784569735202
1784569793402,11,608.918,328.419,mc,3,1784569735202
1784569793402,12,678.989,402.208,mc,5,1784569735202
1784569793402,13,443.733,504.331,mc,2,1784569735202
1784569793402,14,670.848,571.767,mc,3,1784569735202
1784569793402,15,378.896,484.494,mc,2,1784569735202
1784569793502,1,558.11,372.994,mc,5,1784569735202
1784569793502,2,234.634,248.436,mc,5,1784569735202
1784569793502,3,443.015,382.307,mc,3,1784569735202
1784569793502,4,389.36,316.086,mc,5,1784569735202
1784569793502,5,809.665,494.519,mc,3,1784569735202
1784569793502,6,53.9175,362.225,mc,5,1784569735202
1784569793502,7,488.827,545.728,mc,4,1784569735202
1784569793502,8,291.359,569.874,mc,4,1784569735202
1784569793502,9,593.504,703.859,mc,2,1784569735202
1784569793502,10,191.772,451.997,mc,4,1784569735202
1784569793502,11,609.256,328.071,mc,3,1784569735202
1784569793502,12,679.206,402.548,mc,5,1784569735202
1784569793502,13,443.389,503.969,mc,2,1784569735202
1784569793502,14,671.172,571.837,mc,3,1784569735202
1784569793502,15,379.234,484.364,mc,2,1784569735202
1784569793602,1,558.217,373.568,mc,5,1784569735202
1784569793602,2,234.751,248.922,mc,5,1784569735202
1784569793602,3,442.664,382.237,mc,3,1784569735202
1784569793602,4,389.425,316.436,mc,5,1784569735202
1784569793602,5,809.18,494.638,mc,3,1784569735202
1784569793602,6,53.619,362.185,mc,5,1784569735202
1784569793602,7,489.346,545.728,mc,4,1784569735202
1784569793602,8,291.664,569.907,mc,4,1784569735202
1784569793602,9,593.178,703.836,mc,2,1784569735202
1784569793602,10,191.637,452.369,mc,4,1784569735202
1784569793602,11,609.594,327.722,mc,3,1784569735202
1784569793602,12,679.424,402.888,mc,5,1784569735202
1784569793602,13,443.045,503.606,mc,2,1784569735202
1784569793602,14,671.496,571.907,mc,3,1784569735202
1784569793602,15,379.572,484.235,mc,2,1784569735202
1784569793702,1,557.989,373.365,mc,5,1784569735202
1784569793702,2,234.867,249.409,mc,5,1784569735202
1784569793702,3,442.312,382.167,mc,3,1784569735202
1784569793702,4,389.489,316.786,mc,5,1784569735202
1784569793702,5,808.695,494.757,mc,3,1784569735202
1784569793702,6,53.3204,362.146,mc,5,1784569735202
1784569793702,7,489.865,545.729,mc,4,1784569735202
1784569793702,8,291.969,569.94,mc,4,1784569735202
1784569793702,9,592.852,703.814,mc,2,1784569735202
1784569793702,10,191.501,452.741,mc,4,1784569735202
1784569793702,11,609.933,327.373,mc,3,1784569735202
1784569793702,12,679.641,403.228,mc,5,1784569735202
1784569793702,13,442.701,503.244,mc,2,1784569735202
1784569793702,14,671.821,571.977,mc,3,1784569735202
1784569793702,15,379.91,484.105,mc,2,1784569735202
1784569793802,1,557.606,372.802,mc,5,1784569735202
1784569793802,2,234.984,249.895,mc,5,1784569735202
1784569793802,3,441.96,382.096,mc,3,1784569735202
1784569793802,4,389.553,317.136,mc,5,1784569735202
1784569793802,5,808.21,494.877,mc,3,1784569735202
1784569793802,6,53.0219,362.106,mc,5,1784569735202
1784569793802,7,490.384,545.729,mc,4,1784569735202
1784569793802,8,292.274,569.973,mc,4,1784569735202
1784569793802,9,592.525,703.792,mc,2,1784569735202
1784569793802,10,191.366,453.114,mc,4,1784569735202
1784569793802,11,610.271,327.025,mc,3,1784569735202
1784569793802,12,679.859,403.568,mc,5,1784569735202
1784569793802,13,442.357,502.882,mc,2,1784569735202
1784569793802,14,672.145,572.047,mc,3,1784569735202
1784569793802,15,380.248,483.975,mc,2,1784569735202
1784569793902,1,557.223,372.239,mc,5,1784569735202
1784569793902,2,235.1,250.382,mc,5,1784569735202
1784569793902,3,441.609,382.026,mc,3,1784569735202
1784569793902,4,389.618,317.485,mc,5,1784569735202
1784569793902,5,807.725,494.996,mc,3,1784569735202
1784569793902,6,52.7234,362.067,mc,5,1784569735202
1784569793902,7,490.902,545.729,mc,4,1784569735202
1784569793902,8,292.579,570.007,mc,4,1784569735202
1784569793902,9,592.199,703.769,mc,2,1784569735202
1784569793902,10,191.23,453.486,mc,4,1784569735202
1784569793902,11,610.609,326.676,mc,3,1784569735202
1784569793902,12,680.077,403.908,mc,5,1784569735202
1784569793902,13,442.013,502.519,mc,2,1784569735202
1784569793902,14,672.469,572.117,mc,3,1784569735202
1784569793902,15,380.585,483.846,mc,2,1784569735202
1784569794002,1,556.84,371.676,mc,5,1784569735202
1784569794002,2,235.217,250.868,mc,5,1784569735202
1784569794002,3,441.257,381.955,mc,3,1784569735202
1784569794002,4,389.682,317.835,mc,5,1784569735202
1784569794002,5,807.24,495.116,mc,3,1784569735202
1784569794002,6,52.4248,362.027,mc,5,1784569735202
1784569794002,7,491.421,545.73,mc,4,1784569735202
1784569794002,8,292.884,570.04,mc,4,1784569735202
1784569794002,9,591.873,703.747,mc,2,1784569735202
1784569794002,10,191.094,453.859,mc,4,1784569735202
1784569794002,11,610.947,326.328,mc,3,1784569735202
1784569794002,12,680.294,404.248,mc,5,1784569735202
1784569794002,13,441.669,502.157,mc,2,1784569735202
1784569794002,14,672.793,572.187,mc,3,1784569735202
1784569794002,15,380.923,483.716,mc,2,1784569735202
1784569794102,1,556.457,371.113,mc,5,1784569735202
1784569794102,2,235.333,251.355,mc,5,1784569735202
1784569794102,3,440.906,381.885,mc,3,1784569735202
1784569794102,4,389.747,318.185,mc,5,1784569735202
1784569794102,5,806.755,495.235,mc,3,1784569735202
1784569794102,6,52.1263,361.988,mc,5,1784569735202
1784569794102,7,491.94,545.73,mc,4,1784569735202
1784569794102,8,293.189,570.073,mc,4,1784569735202
1784569794102,9,591.546,703.725,mc,2,1784569735202
1784569794102,10,190.959,454.231,mc,4,1784569735202
1784569794102,11,611.286,325.979,mc,3,1784569735202
1784569794102,12,680.512,404.588,mc,5,1784569735202
1784569794102,13,441.325,501.795,mc,2,1784569735202
1784569794102,14,673.117,572.257,mc,3,1784569735202
1784569794102,15,381.261,483.586,mc,2,1784569735202
1784569794202,1,556.074,370.55,mc,5,1784569735202
1784569794202,2,235.45,251.841,mc,5,1784569735202
1784569794202,3,440.554,381.815,mc,3,1784569735202
1784569794202,4,389.811,318.535,mc,5,1784569735202
1784569794202,5,806.27,495.355,mc,3,1784569735202
1784569794202,6,51.8277,361.948,mc,5,1784569735202
1784569794202,7,492.459,545.73,mc,4,1784569735202
1784569794202,8,293.494,570.106,mc,4,1784569735202
1784569794202,9,591.22,703.702,mc,2,1784569735202
1784569794202,10,190.823,454.603,mc,4,1784569735202
1784569794202,11,611.624,325.631,mc,3,1784569735202
1784569794202,12,680.729,404.928,mc,5,1784569735202
1784569794202,13,440.981,501.432,mc,2,1784569735202
1784569794202,14,673.441,572.327,mc,3,1784569735202
1784569794202,15,381.599,483.457,mc,2,1784569735202
1784569794302,1,555.691,369.986,mc,5,1784569735202
1784569794302,2,235.567,252.328,mc,5,1784569735202
1784569794302,3,440.202,381.744,mc,3,1784569735202
1784569794302,4,389.876,318.885,mc,5,1784569735202
1784569794302,5,805.785,495.474,mc,3,1784569735202
1784569794302,6,51.5292,361.909,mc,5,1784569735202
1784569794302,7,492.977,545.731,mc,4,1784569735202
1784569794302,8,293.799,570.139,mc,4,1784569735202
1784569794302,9,590.894,703.68,mc,2,1784569735202
1784569794302,10,190.688,454.976,mc,4,1784569735202
1784569794302,11,611.962,325.282,mc,3,1784569735202
1784569794302,12,680.947,405.268,mc,5,1784569735202
1784569794302,13,440.637,501.07,mc,2,1784569735202
1784569794302,14,673.766,572.397,mc,3,1784569735202
1784569794302,15,381.937,483.327,mc,2,1784569735202
1784569794402,1,555.307,369.423,mc,5,1784569735202
1784569794402,2,235.683,252.814,mc,5,1784569735202
1784569794402,3,439.851,381.674,mc,3,1784569735202
1784569794402,4,389.94,319.234,mc,5,1784569735202
1784569794402,5,805.299,495.594,mc,3,1784569735202
1784569794402,6,51.2306,361.87,mc,5,1784569735202
1784569794402,7,493.496,545.731,mc,4,1784569735202
1784569794402,8,294.104,570.172,mc,4,1784569735202
1784569794402,9,590.567,703.657,mc,2,1784569735202
1784569794402,10,190.552,455.348,mc,4,1784569735202
1784569794402,11,612.301,324.934,mc,3,1784569735202
1784569794402,12,681.121,405.585,mc,5,1784569735202
1784569794402,13,440.293,500.708,mc,2,1784569735202
1784569794402,14,674.09,572.467,mc,3,1784569735202
1784569794402,15,382.274,483.197,mc,2,1784569735202
1784569794502,1,554.924,368.86,mc,5,1784569735202
1784569794502,2,235.8,253.3,mc,5,1784569735202
1784569794502,3,439.499,381.603,mc,3,1784569735202
1784569794502,4,390.004,319.584,mc,5,1784569735202
1784569794502,5,804.814,495.713,mc,3,1784569735202
1784569794502,6,50.9321,361.83,mc,5,1784569735202
1784569794502,7,494.015,545.732,mc,4,1784569735202
1784569794502,8,294.409,570.205,mc,4,1784569735202
1784569794502,9,590.241,703.635,mc,2,1784569735202
1784569794502,10,190.417,455.721,mc,4,1784569735202
1784569794502,11,612.638,324.603,mc,3,1784569735202
1784569794502,12,680.806,405.644,mc,5,1784569735202
1784569794502,13,439.949,500.345,mc,2,1784569735202
1784569794502,14,674.414,572.537,mc,3,1784569735202
1784569794502,15,382.612,483.068,mc,2,1784569735202
1784569794602,1,554.541,368.297,mc,5,1784569735202
1784569794602,2,235.916,253.787,mc,5,1784569735202
1784569794602,3,439.147,381.533,mc,3,1784569735202
1784569794602,4,390.069,319.934,mc,5,1784569735202
1784569794602,5,804.329,495.832,mc,3,1784569735202
1784569794602,6,50.6336,361.791,mc,5,1784569735202
1784569794602,7,494.534,545.732,mc,4,1784569735202
1784569794602,8,294.714,570.238,mc,4,1784569735202
1784569794602,9,589.915,703.613,mc,2,1784569735202
1784569794602,10,190.281,456.093,mc,4,1784569735202
1784569794602,11,612.961,324.489,mc,3,1784569735202
1784569794602,12,680.49,405.702,mc,5,1784569735202
1784569794602,13,439.605,499.983,mc,2,1784569735202
1784569794602,14,674.738,572.607,mc,3,1784569735202
1784569794602,15,382.95,482.938,mc,2,1784569735202
1784569794702,1,554.158,367.734,mc,5,1784569735202
1784569794702,2,236.033,254.273,mc,5,1784569735202
1784569794702,3,438.796,381.463,mc,3,1784569735202
1784569794702,4,390.133,320.284,mc,5,1784569735202
1784569794702,5,803.844,495.952,mc,3,1784569735202
1784569794702,6,50.335,361.751,mc,5,1784569735202
1784569794702,7,495.052,545.732,mc,4,1784569735202
1784569794702,8,295.018,570.272,mc,4,1784569735202
1784569794702,9,589.588,703.59,mc,2,1784569735202
1784569794702,10,190.145,456.465,mc,4,1784569735202
1784569794702,11,613.284,324.374,mc,3,1784569735202
1784569794702,12,680.175,405.76,mc,5,1784569735202
1784569794702,13,439.261,499.621,mc,2,1784569735202
1784569794702,14,675.062,572.677,mc,3,1784569735202
1784569794702,15,383.288,482.808,mc,2,1784569735202
1784569794802,1,553.775,367.17,mc,5,1784569735202
1784569794802,2,236.149,254.76,mc,5,1784569735202
1784569794802,3,438.444,381.392,mc,3,1784569735202
1784569794802,4,390.198,320.634,mc,5,1784569735202
1784569794802,5,803.359,496.071,mc,3,1784569735202
1784569794802,6,50.0365,361.712,mc,5,1784569735202
1784569794802,7,495.571,545.733,mc,4,1784569735202
1784569794802,8,295.323,570.305,mc,4,1784569735202
1784569794802,9,589.262,703.568,mc,2,1784569735202
1784569794802,10,190.01,456.838,mc,4,1784569735202
1784569794802,11,613.608,324.26,mc,3,1784569735202
1784569794802,12,679.86,405.819,mc,5,1784569735202
1784569794802,13,438.917,499.258,mc,2,1784569735202
1784569794802,14,675.386,572.747,mc,3,1784569735202
1784569794802,15,383.626,482.679,mc,2,1784569735202
1784569794902,1,553.392,366.607,mc,5,1784569735202
1784569794902,2,236.266,255.246,mc,5,1784569735202
1784569794902,3,438.092,381.322,mc,3,1784569735202
1784569794902,4,390.262,320.983,mc,5,1784569735202
1784569794902,5,802.874,496.191,mc,3,1784569735202
1784569794902,6,49.7379,361.674,mc,5,1784569735202
1784569794902,7,496.09,545.733,mc,4,1784569735202
1784569794902,8,295.628,570.338,mc,4,1784569735202
1784569794902,9,588.936,703.546,mc,2,1784569735202
1784569794902,10,189.874,457.21,mc,4,1784569735202
1784569794902,11,613.931,324.145,mc,3,1784569735202
1784569794902,12,679.544,405.877,mc,5,1784569735202
1784569794902,13,438.574,498.896,mc,2,1784569735202
1784569794902,14,675.711,572.817,mc,3,1784569735202
1784569794902,15,383.963,482.549,mc,2,1784569735202
1784569795002,1,553.009,366.044,mc,5,1784569735202
1784569795002,2,236.383,255.733,mc,5,1784569735202
1784569795002,3,437.741,381.252,mc,3,1784569735202
1784569795002,4,390.327,321.333,mc,5,1784569735202
1784569795002,5,802.389,496.31,mc,3,1784569735202
1784569795002,6,49.4393,361.638,mc,5,1784569735202
1784569795002,7,496.609,545.733,mc,4,1784569735202
1784569795002,8,295.933,570.371,mc,4,1784569735202
1784569795002,9,588.609,703.523,mc,2,1784569735202
1784569795002,10,189.739,457.583,mc,4,1784569735202
1784569795002,11,614.255,324.031,mc,3,1784569735202
1784569795002,12,679.229,405.936,mc,5,1784569735202
1784569795002,13,438.23,498.534,mc,2,1784569735202
1784569795002,14,676.035,572.887,mc,3,1784569735202
1784569795002,15,384.301,482.419,mc,2,1784569735202
1784569795102,1,552.626,365.481,mc,5,1784569735202
1784569795102,2,236.499,256.219,mc,5,1784569735202
1784569795102,3,437.389,381.181,mc,3,1784569735202
1784569795102,4,390.391,321.683,mc,5,1784569735202
1784569795102,5,801.904,496.43,mc,3,1784569735202
1784569795102,6,49.1407,361.602,mc,5,1784569735202
1784569795102,7,497.127,545.734,mc,4,1784569735202
1784569795102,8,296.238,570.404,mc,4,1784569735202
1784569795102,9,588.283,703.501,mc,2,1784569735202
1784569795102,10,189.603,457.955,mc,4,1784569735202
1784569795102,11,614.578,323.916,mc,3,1784569735202
1784569795102,12,678.914,405.994,mc,5,1784569735202
1784569795102,13,437.886,498.171,mc,2,1784569735202
1784569795102,14,676.359,572.957,mc,3,1784569735202
1784569795102,15,384.639,482.29,mc,2,1784569735202
