timestamp,id,x,y,type,cell,simid
1760555221223,2,537.09,260.954,mc,0,1760555221223
1760555221223,3,269.897,219.587,mc,0,1760555221223
1760555221223,4,469.762,371.584,mc,0,1760555221223
1760555221223,5,316.581,270.483,mc,0,1760555221223
1760555221223,6,754.82,319.729,mc,0,1760555221223
1760555221223,7,72.3764,371.115,mc,0,1760555221223
1760555221223,8,479.296,709.06,mc,0,1760555221223
1760555221223,9,293.03,500.422,mc,0,1760555221223
1760555221223,10,577.241,716.13,mc,0,1760555221223
1760555221223,11,300.979,491.77,mc,0,1760555221223
1760555221223,12,643.727,371.956,mc,0,1760555221223
1760555221223,13,560.413,333.952,mc,0,1760555221223
1760555221223,14,536.509,457.101,mc,0,1760555221223
1760555221223,15,666.467,563.315,mc,0,1760555221223
1760555221223,16,360.08,476.528,mc,0,1760555221223
1760555221323,2,536.727,260.518,mc,5,1760555221223
1760555221323,3,270.292,219.462,mc,3,1760555221223
1760555221323,4,469.434,371.31,mc,4,1760555221223
1760555221323,5,316.052,270.282,mc,3,1760555221223
1760555221323,6,755.012,320.191,mc,4,1760555221223
1760555221323,7,72.6814,370.861,mc,3,1760555221223
1760555221323,8,479.055,708.869,mc,4,1760555221223
1760555221323,9,293.309,500.654,mc,4,1760555221223
1760555221323,10,577.847,716.1,mc,4,1760555221223
1760555221323,11,301.263,492.187,mc,3,1760555221223
1760555221323,12,643.631,372.484,mc,5,1760555221223
1760555221323,13,560.712,333.778,mc,2,1760555221223
1760555221323,14,536.217,456.976,mc,4,1760555221223
1760555221323,15,666.219,562.778,mc,5,1760555221223
1760555221323,16,360.663,476.301,mc,0,1760555221223
1760555221423,2,536.365,260.083,mc,5,1760555221223
1760555221423,3,270.686,219.336,mc,3,1760555221223
1760555221423,4,469.107,371.037,mc,4,1760555221223
1760555221423,5,315.522,270.08,mc,3,1760555221223
1760555221423,6,755.205,320.654,mc,4,1760555221223
1760555221423,7,72.9864,370.608,mc,3,1760555221223
1760555221423,8,478.814,708.678,mc,4,1760555221223
1760555221423,9,293.588,500.886,mc,4,1760555221223
1760555221423,10,578.452,716.07,mc,4,1760555221223
1760555221423,11,301.547,492.605,mc,3,1760555221223
1760555221423,12,643.535,373.011,mc,5,1760555221223
1760555221423,13,561.011,333.603,mc,2,1760555221223
1760555221423,14,535.924,456.851,mc,4,1760555221223
1760555221423,15,665.971,562.242,mc,5,1760555221223
1760555221423,16,361.247,476.074,mc,0,1760555221223
1760555221523,2,536.003,259.647,mc,5,1760555221223
1760555221523,3,271.081,219.211,mc,3,1760555221223
1760555221523,4,468.779,370.763,mc,4,1760555221223
1760555221523,5,314.993,269.879,mc,3,1760555221223
1760555221523,6,755.397,321.116,mc,4,1760555221223
1760555221523,7,73.2913,370.355,mc,3,1760555221223
1760555221523,8,478.573,708.487,mc,4,1760555221223
1760555221523,9,293.867,501.118,mc,4,1760555221223
1760555221523,10,579.058,716.04,mc,4,1760555221223
1760555221523,11,301.831,493.023,mc,3,1760555221223
1760555221523,12,643.439,373.538,mc,5,1760555221223
1760555221523,13,561.31,333.429,mc,2,1760555221223
1760555221523,14,535.631,456.726,mc,4,1760555221223
1760555221523,15,665.722,561.706,mc,5,1760555221223
1760555221523,16,361.831,475.848,mc,0,1760555221223
1760555221623,2,535.641,259.212,mc,5,1760555221223
1760555221623,3,271.475,219.085,mc,3,1760555221223
1760555221623,4,468.451,370.489,mc,4,1760555221223
1760555221623,5,314.463,269.677,mc,3,1760555221223
1760555221623,6,755.589,321.578,mc,4,1760555221223
1760555221623,7,73.5963,370.102,mc,3,1760555221223
1760555221623,8,478.332,708.296,mc,4,1760555221223
1760555221623,9,294.147,501.35,mc,4,1760555221223
1760555221623,10,579.663,716.011,mc,4,1760555221223
1760555221623,11,302.115,493.44,mc,3,1760555221223
1760555221623,12,643.344,374.065,mc,5,1760555221223
1760555221623,13,561.61,333.254,mc,2,1760555221223
1760555221623,14,535.338,456.601,mc,4,1760555221223
1760555221623,15,665.474,561.169,mc,5,1760555221223
1760555221623,16,362.414,475.621,mc,0,1760555221223
1760555221723,2,535.279,258.776,mc,5,1760555221223
1760555221723,3,271.869,218.96,mc,3,1760555221223
1760555221723,4,468.123,370.216,mc,4,1760555221223
1760555221723,5,313.934,269.475,mc,3,1760555221223
1760555221723,6,755.782,322.041,mc,4,1760555221223
1760555221723,7,73.9013,369.849,mc,3,1760555221223
1760555221723,8,478.091,708.105,mc,4,1760555221223
1760555221723,9,294.426,501.582,mc,4,1760555221223
1760555221723,10,580.269,715.981,mc,4,1760555221223
1760555221723,11,302.399,493.858,mc,3,1760555221223
1760555221723,12,643.248,374.592,mc,5,1760555221223
1760555221723,13,561.909,333.08,mc,2,1760555221223
1760555221723,14,535.045,456.476,mc,4,1760555221223
1760555221723,15,665.226,560.633,mc,5,1760555221223
1760555221723,16,362.998,475.395,mc,0,1760555221223
1760555221823,2,534.917,258.34,mc,5,1760555221223
1760555221823,3,272.264,218.834,mc,3,1760555221223
1760555221823,4,467.796,369.942,mc,4,1760555221223
1760555221823,5,313.404,269.274,mc,3,1760555221223
1760555221823,6,755.974,322.503,mc,4,1760555221223
1760555221823,7,74.2063,369.596,mc,3,1760555221223
1760555221823,8,477.85,707.914,mc,4,1760555221223
1760555221823,9,294.705,501.814,mc,4,1760555221223
1760555221823,10,580.874,715.951,mc,4,1760555221223
1760555221823,11,302.683,494.275,mc,3,1760555221223
1760555221823,12,643.152,375.12,mc,5,1760555221223
1760555221823,13,562.208,332.905,mc,2,1760555221223
1760555221823,14,534.752,456.351,mc,4,1760555221223
1760555221823,15,664.978,560.097,mc,5,1760555221223
1760555221823,16,363.582,475.168,mc,0,1760555221223
1760555221923,2,534.555,257.905,mc,5,1760555221223
1760555221923,3,272.658,218.709,mc,3,1760555221223
1760555221923,4,467.468,369.668,mc,4,1760555221223
1760555221923,5,312.875,269.072,mc,3,1760555221223
1760555221923,6,756.166,322.965,mc,4,1760555221223
1760555221923,7,74.5113,369.343,mc,3,1760555221223
1760555221923,8,477.609,707.723,mc,4,1760555221223
1760555221923,9,294.984,502.045,mc,4,1760555221223
1760555221923,10,581.48,715.921,mc,4,1760555221223
1760555221923,11,302.967,494.693,mc,3,1760555221223
1760555221923,12,643.056,375.647,mc,5,1760555221223
1760555221923,13,562.507,332.731,mc,2,1760555221223
1760555221923,14,534.459,456.226,mc,4,1760555221223
1760555221923,15,664.729,559.561,mc,5,1760555221223
1760555221923,16,364.166,474.942,mc,0,1760555221223
1760555222023,2,534.193,257.469,mc,5,1760555221223
1760555222023,3,273.052,218.584,mc,3,1760555221223
1760555222023,4,467.14,369.395,mc,4,1760555221223
1760555222023,5,312.345,268.871,mc,3,1760555221223
1760555222023,6,756.359,323.428,mc,4,1760555221223
1760555222023,7,74.8163,369.089,mc,3,1760555221223
1760555222023,8,477.368,707.532,mc,4,1760555221223
1760555222023,9,295.263,502.277,mc,4,1760555221223
1760555222023,10,582.085,715.891,mc,4,1760555221223
1760555222023,11,303.25,495.111,mc,3,1760555221223
1760555222023,12,642.96,376.174,mc,5,1760555221223
1760555222023,13,562.806,332.556,mc,2,1760555221223
1760555222023,14,534.166,456.101,mc,4,1760555221223
1760555222023,15,664.481,559.024,mc,5,1760555221223
1760555222023,16,364.749,474.715,mc,0,1760555221223
1760555222123,2,533.831,257.033,mc,5,1760555221223
1760555222123,3,273.447,218.458,mc,3,1760555221223
1760555222123,4,466.812,369.121,mc,4,1760555221223
1760555222123,5,311.815,268.669,mc,3,1760555221223
1760555222123,6,756.551,323.89,mc,4,1760555221223
1760555222123,7,75.1213,368.836,mc,3,1760555221223
1760555222123,8,477.127,707.341,mc,4,1760555221223
1760555222123,9,295.543,502.509,mc,4,1760555221223
1760555222123,10,582.691,715.861,mc,4,1760555221223
1760555222123,11,303.534,495.528,mc,3,1760555221223
1760555222123,12,642.864,376.701,mc,5,1760555221223
1760555222123,13,563.105,332.382,mc,2,1760555221223
1760555222123,14,533.873,455.976,mc,4,1760555221223
1760555222123,15,664.233,558.488,mc,5,1760555221223
1760555222123,16,365.333,474.488,mc,0,1760555221223
1760555222223,2,533.469,256.598,mc,5,1760555221223
1760555222223,3,273.841,218.333,mc,3,1760555221223
1760555222223,4,466.485,368.847,mc,4,1760555221223
1760555222223,5,311.286,268.468,mc,3,1760555221223
1760555222223,6,756.743,324.352,mc,4,1760555221223
1760555222223,7,75.4263,368.583,mc,3,1760555221223
1760555222223,8,476.886,707.15,mc,4,1760555221223
1760555222223,9,295.822,502.741,mc,4,1760555221223
1760555222223,10,583.296,715.831,mc,4,1760555221223
1760555222223,11,303.818,495.946,mc,3,1760555221223
1760555222223,12,642.768,377.228,mc,5,1760555221223
1760555222223,13,563.404,332.207,mc,2,1760555221223
1760555222223,14,533.58,455.851,mc,4,1760555221223
1760555222223,15,663.984,557.952,mc,5,1760555221223
1760555222223,16,365.917,474.262,mc,0,1760555221223
1760555222323,2,533.107,256.162,mc,5,1760555221223
1760555222323,3,274.236,218.207,mc,3,1760555221223
1760555222323,4,466.157,368.574,mc,4,1760555221223
1760555222323,5,310.756,268.266,mc,3,1760555221223
1760555222323,6,756.936,324.815,mc,4,1760555221223
1760555222323,7,75.7313,368.33,mc,3,1760555221223
1760555222323,8,476.645,706.959,mc,4,1760555221223
1760555222323,9,296.101,502.973,mc,4,1760555221223
1760555222323,10,583.902,715.801,mc,4,1760555221223
1760555222323,11,304.102,496.363,mc,3,1760555221223
1760555222323,12,642.672,377.755,mc,5,1760555221223
1760555222323,13,563.703,332.033,mc,2,1760555221223
1760555222323,14,533.287,455.726,mc,4,1760555221223
1760555222323,15,663.736,557.416,mc,5,1760555221223
1760555222323,16,366.5,474.035,mc,0,1760555221223
1760555222423,2,532.745,255.727,mc,5,1760555221223
1760555222423,3,274.63,218.082,mc,3,1760555221223
1760555222423,4,465.829,368.3,mc,4,1760555221223
1760555222423,5,310.227,268.065,mc,3,1760555221223
1760555222423,6,757.128,325.277,mc,4,1760555221223
1760555222423,7,76.0363,368.077,mc,3,1760555221223
1760555222423,8,476.404,706.768,mc,4,1760555221223
1760555222423,9,296.38,503.205,mc,4,1760555221223
1760555222423,10,584.507,715.772,mc,4,1760555221223
1760555222423,11,304.386,496.781,mc,3,1760555221223
1760555222423,12,642.577,378.283,mc,5,1760555221223
1760555222423,13,564.002,331.858,mc,2,1760555221223
1760555222423,14,532.994,455.601,mc,4,1760555221223
1760555222423,15,663.488,556.879,mc,5,1760555221223
1760555222423,16,367.084,473.809,mc,0,1760555221223
1760555222523,2,532.383,255.291,mc,5,1760555221223
1760555222523,3,275.024,217.956,mc,3,1760555221223
1760555222523,4,465.501,368.026,mc,4,1760555221223
1760555222523,5,309.697,267.863,mc,3,1760555221223
1760555222523,6,757.32,325.739,mc,4,1760555221223
1760555222523,7,76.3412,367.824,mc,3,1760555221223
1760555222523,8,476.163,706.577,mc,4,1760555221223
1760555222523,9,296.66,503.437,mc,4,1760555221223
1760555222523,10,585.113,715.742,mc,4,1760555221223
1760555222523,11,304.67,497.199,mc,3,1760555221223
1760555222523,12,642.481,378.81,mc,5,1760555221223
1760555222523,13,564.301,331.684,mc,2,1760555221223
1760555222523,14,532.702,455.476,mc,4,1760555221223
1760555222523,15,663.24,556.343,mc,5,1760555221223
1760555222523,16,367.668,473.582,mc,0,1760555221223
1760555222623,2,532.021,254.855,mc,5,1760555221223
1760555222623,3,275.419,217.831,mc,3,1760555221223
1760555222623,4,465.174,367.753,mc,4,1760555221223
1760555222623,5,309.168,267.662,mc,3,1760555221223
1760555222623,6,757.513,326.202,mc,4,1760555221223
1760555222623,7,76.6462,367.571,mc,3,1760555221223
1760555222623,8,475.922,706.386,mc,4,1760555221223
1760555222623,9,296.939,503.669,mc,4,1760555221223
1760555222623,10,585.718,715.712,mc,4,1760555221223
1760555222623,11,304.954,497.616,mc,3,1760555221223
1760555222623,12,642.385,379.337,mc,5,1760555221223
1760555222623,13,564.6,331.509,mc,2,1760555221223
1760555222623,14,532.409,455.351,mc,4,1760555221223
1760555222623,15,662.991,555.807,mc,5,1760555221223
1760555222623,16,368.251,473.355,mc,0,1760555221223
1760555222723,2,531.659,254.42,mc,5,1760555221223
1760555222723,3,275.813,217.705,mc,3,1760555221223
1760555222723,4,464.846,367.479,mc,4,1760555221223
1760555222723,5,308.638,267.46,mc,3,1760555221223
1760555222723,6,757.705,326.664,mc,4,1760555221223
1760555222723,7,76.9512,367.318,mc,3,1760555221223
1760555222723,8,475.681,706.195,mc,4,1760555221223
1760555222723,9,297.218,503.901,mc,4,1760555221223
1760555222723,10,586.324,715.682,mc,4,1760555221223
1760555222723,11,305.238,498.034,mc,3,1760555221223
1760555222723,12,642.289,379.864,mc,5,1760555221223
1760555222723,13,564.899,331.335,mc,2,1760555221223
1760555222723,14,532.116,455.226,mc,4,1760555221223
1760555222723,15,662.743,555.271,mc,5,1760555221223
1760555222723,16,368.835,473.129,mc,0,1760555221223
1760555222823,2,531.297,253.984,mc,5,1760555221223
1760555222823,3,276.208,217.58,mc,3,1760555221223
1760555222823,4,464.518,367.205,mc,4,1760555221223
1760555222823,5,308.109,267.258,mc,3,1760555221223
1760555222823,6,757.898,327.126,mc,4,1760555221223
1760555222823,7,77.2562,367.064,mc,3,1760555221223
1760555222823,8,475.44,706.004,mc,4,1760555221223
1760555222823,9,297.497,504.133,mc,4,1760555221223
1760555222823,10,586.929,715.652,mc,4,1760555221223
1760555222823,11,305.522,498.451,mc,3,1760555221223
1760555222823,12,642.193,380.391,mc,5,1760555221223
1760555222823,13,565.198,331.16,mc,2,1760555221223
1760555222823,14,531.823,455.101,mc,4,1760555221223
1760555222823,15,662.495,554.734,mc,5,1760555221223
1760555222823,16,369.419,472.902,mc,0,1760555221223
1760555222923,2,530.935,253.549,mc,5,1760555221223
1760555222923,3,276.602,217.454,mc,3,1760555221223
1760555222923,4,464.19,366.932,mc,4,1760555221223
1760555222923,5,307.579,267.057,mc,3,1760555221223
1760555222923,6,758.09,327.589,mc,4,1760555221223
1760555222923,7,77.5612,366.811,mc,3,1760555221223
1760555222923,8,475.199,705.813,mc,4,1760555221223
1760555222923,9,297.777,504.365,mc,4,1760555221223
1760555222923,10,587.535,715.622,mc,4,1760555221223
1760555222923,11,305.806,498.869,mc,3,1760555221223
1760555222923,12,642.097,380.919,mc,5,1760555221223
1760555222923,13,565.497,330.986,mc,2,1760555221223
1760555222923,14,531.53,454.976,mc,4,1760555221223
1760555222923,15,662.246,554.198,mc,5,1760555221223
1760555222923,16,370.002,472.676,mc,0,1760555221223
1760555223023,2,530.573,253.113,mc,5,1760555221223
1760555223023,3,276.996,217.329,mc,3,1760555221223
1760555223023,4,463.863,366.658,mc,4,1760555221223
1760555223023,5,307.05,266.855,mc,3,1760555221223
1760555223023,6,758.282,328.051,mc,4,1760555221223
1760555223023,7,77.8662,366.558,mc,3,1760555221223
1760555223023,8,474.958,705.622,mc,4,1760555221223
1760555223023,9,298.056,504.597,mc,4,1760555221223
1760555223023,10,588.14,715.592,mc,4,1760555221223
1760555223023,11,306.09,499.287,mc,3,1760555221223
1760555223023,12,642.001,381.446,mc,5,1760555221223
1760555223023,13,565.797,330.811,mc,2,1760555221223
1760555223023,14,531.237,454.851,mc,4,1760555221223
1760555223023,15,661.998,553.662,mc,5,1760555221223
1760555223023,16,370.586,472.449,mc,0,1760555221223
1760555223123,2,530.211,252.677,mc,5,1760555221223
1760555223123,3,277.391,217.203,mc,3,1760555221223
1760555223123,4,463.535,366.384,mc,4,1760555221223
1760555223123,5,306.52,266.654,mc,3,1760555221223
1760555223123,6,758.475,328.513,mc,4,1760555221223
1760555223123,7,78.1712,366.305,mc,3,1760555221223
1760555223123,8,474.717,705.431,mc,4,1760555221223
1760555223123,9,298.335,504.829,mc,4,1760555221223
1760555223123,10,588.745,715.562,mc,4,1760555221223
1760555223123,11,306.374,499.704,mc,3,1760555221223
1760555223123,12,641.905,381.973,mc,5,1760555221223
1760555223123,13,566.096,330.637,mc,2,1760555221223
1760555223123,14,530.944,454.726,mc,4,1760555221223
1760555223123,15,661.75,553.126,mc,5,1760555221223
1760555223123,16,371.17,472.223,mc,0,1760555221223
1760555223223,2,529.849,252.242,mc,5,1760555221223
1760555223223,3,277.785,217.078,mc,3,1760555221223
1760555223223,4,463.207,366.111,mc,4,1760555221223
1760555223223,5,305.991,266.452,mc,3,1760555221223
1760555223223,6,758.667,328.976,mc,4,1760555221223
1760555223223,7,78.4762,366.052,mc,3,1760555221223
1760555223223,8,474.476,705.24,mc,4,1760555221223
1760555223223,9,298.614,505.061,mc,4,1760555221223
1760555223223,10,589.351,715.533,mc,4,1760555221223
1760555223223,11,306.657,500.122,mc,3,1760555221223
1760555223223,12,641.81,382.5,mc,5,1760555221223
1760555223223,13,566.395,330.462,mc,2,1760555221223
1760555223223,14,530.651,454.601,mc,4,1760555221223
1760555223223,15,661.501,552.589,mc,5,1760555221223
1760555223223,16,371.754,471.996,mc,0,1760555221223
1760555223323,2,529.487,251.806,mc,5,1760555221223
1760555223323,3,278.18,216.953,mc,3,1760555221223
1760555223323,4,462.879,365.837,mc,4,1760555221223
1760555223323,5,305.461,266.251,mc,3,1760555221223
1760555223323,6,758.859,329.438,mc,4,1760555221223
1760555223323,7,78.7812,365.799,mc,3,1760555221223
1760555223323,8,474.235,705.049,mc,4,1760555221223
1760555223323,9,298.893,505.293,mc,4,1760555221223
1760555223323,10,589.956,715.503,mc,4,1760555221223
1760555223323,11,306.941,500.54,mc,3,1760555221223
1760555223323,12,641.714,383.027,mc,5,1760555221223
1760555223323,13,566.694,330.288,mc,2,1760555221223
1760555223323,14,530.358,454.476,mc,4,1760555221223
1760555223323,15,661.253,552.053,mc,5,1760555221223
1760555223323,16,372.337,471.769,mc,0,1760555221223
1760555223423,2,529.125,251.371,mc,5,1760555221223
1760555223423,3,278.574,216.827,mc,3,1760555221223
1760555223423,4,462.552,365.563,mc,4,1760555221223
1760555223423,5,304.932,266.049,mc,3,1760555221223
1760555223423,6,759.052,329.9,mc,4,1760555221223
1760555223423,7,79.0862,365.546,mc,3,1760555221223
1760555223423,8,473.994,704.858,mc,4,1760555221223
1760555223423,9,299.173,505.525,mc,4,1760555221223
1760555223423,10,590.562,715.473,mc,4,1760555221223
1760555223423,11,307.225,500.957,mc,3,1760555221223
1760555223423,12,641.618,383.554,mc,5,1760555221223
1760555223423,13,566.993,330.113,mc,2,1760555221223
1760555223423,14,530.065,454.351,mc,4,1760555221223
1760555223423,15,661.005,551.517,mc,5,1760555221223
1760555223423,16,372.921,471.543,mc,0,1760555221223
1760555223523,2,528.763,250.935,mc,5,1760555221223
1760555223523,3,278.968,216.702,mc,3,1760555221223
1760555223523,4,462.224,365.29,mc,4,1760555221223
1760555223523,5,304.402,265.848,mc,3,1760555221223
1760555223523,6,759.244,330.363,mc,4,1760555221223
1760555223523,7,79.3911,365.293,mc,3,1760555221223
1760555223523,8,473.753,704.667,mc,4,1760555221223
1760555223523,9,299.452,505.757,mc,4,1760555221223
1760555223523,10,591.167,715.443,mc,4,1760555221223
1760555223523,11,307.509,501.375,mc,3,1760555221223
1760555223523,12,641.522,384.082,mc,5,1760555221223
1760555223523,13,567.292,329.939,mc,2,1760555221223
1760555223523,14,529.772,454.226,mc,4,1760555221223
1760555223523,15,660.757,550.981,mc,5,1760555221223
1760555223523,16,373.505,471.316,mc,0,1760555221223
1760555223623,2,528.401,250.499,mc,5,1760555221223
1760555223623,3,279.363,216.576,mc,3,1760555221223
1760555223623,4,461.896,365.016,mc,4,1760555221223
1760555223623,5,303.873,265.646,mc,3,1760555221223
1760555223623,6,759.436,330.825,mc,4,1760555221223
1760555223623,7,79.6961,365.039,mc,3,1760555221223
1760555223623,8,473.512,704.476,mc,4,1760555221223
1760555223623,9,299.731,505.989,mc,4,1760555221223
1760555223623,10,591.773,715.413,mc,4,1760555221223
1760555223623,11,307.793,501.792,mc,3,1760555221223
1760555223623,12,641.426,384.609,mc,5,1760555221223
1760555223623,13,567.591,329.764,mc,2,1760555221223
1760555223623,14,529.479,454.101,mc,4,1760555221223
1760555223623,15,660.508,550.444,mc,5,1760555221223
1760555223623,16,374.088,471.09,mc,0,1760555221223
1760555223723,2,528.039,250.064,mc,5,1760555221223
1760555223723,3,279.757,216.451,mc,3,1760555221223
1760555223723,4,461.569,364.742,mc,4,1760555221223
1760555223723,5,303.343,265.445,mc,3,1760555221223
1760555223723,6,759.629,331.287,mc,4,1760555221223
1760555223723,7,80.0011,364.786,mc,3,1760555221223
1760555223723,8,473.272,704.285,mc,4,1760555221223
1760555223723,9,300.01,506.221,mc,4,1760555221223
1760555223723,10,592.378,715.383,mc,4,1760555221223
1760555223723,11,308.077,502.21,mc,3,1760555221223
1760555223723,12,641.33,385.136,mc,5,1760555221223
1760555223723,13,567.89,329.59,mc,2,1760555221223
1760555223723,14,529.186,453.976,mc,4,1760555221223
1760555223723,15,660.26,549.908,mc,5,1760555221223
1760555223723,16,374.672,470.863,mc,0,1760555221223
1760555223823,2,527.677,249.628,mc,5,1760555221223
1760555223823,3,280.152,216.325,mc,3,1760555221223
1760555223823,4,461.241,364.469,mc,4,1760555221223
1760555223823,5,302.814,265.243,mc,3,1760555221223
1760555223823,6,759.821,331.75,mc,4,1760555221223
1760555223823,7,80.3061,364.533,mc,3,1760555221223
1760555223823,8,473.031,704.094,mc,4,1760555221223
1760555223823,9,300.29,506.453,mc,4,1760555221223
1760555223823,10,592.984,715.353,mc,4,1760555221223
1760555223823,11,308.361,502.628,mc,3,1760555221223
1760555223823,12,641.234,385.663,mc,5,1760555221223
1760555223823,13,568.189,329.415,mc,2,1760555221223
1760555223823,14,528.894,453.851,mc,4,1760555221223
1760555223823,15,660.012,549.372,mc,5,1760555221223
1760555223823,16,375.256,470.636,mc,0,1760555221223
1760555223923,2,527.315,249.193,mc,5,1760555221223
1760555223923,3,280.546,216.2,mc,3,1760555221223
1760555223923,4,460.913,364.195,mc,4,1760555221223
1760555223923,5,302.284,265.041,mc,3,1760555221223
1760555223923,6,760.013,332.212,mc,4,1760555221223
1760555223923,7,80.6111,364.28,mc,3,1760555221223
1760555223923,8,472.79,703.903,mc,4,1760555221223
1760555223923,9,300.569,506.685,mc,4,1760555221223
1760555223923,10,593.589,715.323,mc,4,1760555221223
1760555223923,11,308.645,503.045,mc,3,1760555221223
1760555223923,12,641.138,386.19,mc,5,1760555221223
1760555223923,13,568.488,329.241,mc,2,1760555221223
1760555223923,14,528.601,453.726,mc,4,1760555221223
1760555223923,15,659.763,548.835,mc,5,1760555221223
1760555223923,16,375.839,470.41,mc,0,1760555221223
1760555224023,2,526.953,248.757,mc,5,1760555221223
1760555224023,3,280.94,216.074,mc,3,1760555221223
1760555224023,4,460.585,363.921,mc,4,1760555221223
1760555224023,5,301.755,264.84,mc,3,1760555221223
1760555224023,6,760.206,332.674,mc,4,1760555221223
1760555224023,7,80.9161,364.027,mc,3,1760555221223
1760555224023,8,472.549,703.712,mc,4,1760555221223
1760555224023,9,300.848,506.917,mc,4,1760555221223
1760555224023,10,594.195,715.294,mc,4,1760555221223
1760555224023,11,308.929,503.463,mc,3,1760555221223
1760555224023,12,641.043,386.718,mc,5,1760555221223
1760555224023,13,568.787,329.066,mc,2,1760555221223
1760555224023,14,528.308,453.601,mc,4,1760555221223
1760555224023,15,659.515,548.299,mc,5,1760555221223
1760555224023,16,376.423,470.183,mc,0,1760555221223
1760555224123,2,526.591,248.321,mc,5,1760555221223
1760555224123,3,281.335,215.949,mc,3,1760555221223
1760555224123,4,460.258,363.648,mc,4,1760555221223
1760555224123,5,301.225,264.638,mc,3,1760555221223
1760555224123,6,760.398,333.137,mc,4,1760555221223
1760555224123,7,81.2211,363.774,mc,3,1760555221223
1760555224123,8,472.308,703.521,mc,4,1760555221223
1760555224123,9,301.127,507.149,mc,4,1760555221223
1760555224123,10,594.8,715.264,mc,4,1760555221223
1760555224123,11,309.213,503.88,mc,3,1760555221223
1760555224123,12,640.947,387.245,mc,5,1760555221223
1760555224123,13,569.086,328.892,mc,2,1760555221223
1760555224123,14,528.015,453.476,mc,4,1760555221223
1760555224123,15,659.267,547.763,mc,5,1760555221223
1760555224123,16,377.007,469.957,mc,0,1760555221223
1760555224223,2,526.229,247.886,mc,5,1760555221223
1760555224223,3,281.729,215.823,mc,3,1760555221223
1760555224223,4,459.93,363.374,mc,4,1760555221223
1760555224223,5,300.696,264.437,mc,3,1760555221223
1760555224223,6,760.591,333.599,mc,4,1760555221223
1760555224223,7,81.5261,363.521,mc,3,1760555221223
1760555224223,8,472.067,703.33,mc,4,1760555221223
1760555224223,9,301.407,507.381,mc,4,1760555221223
1760555224223,10,595.406,715.234,mc,4,1760555221223
1760555224223,11,309.497,504.298,mc,3,1760555221223
1760555224223,12,640.851,387.772,mc,5,1760555221223
1760555224223,13,569.385,328.717,mc,2,1760555221223
1760555224223,14,527.722,453.351,mc,4,1760555221223
1760555224223,15,659.019,547.227,mc,5,1760555221223
1760555224223,16,377.591,469.73,mc,0,1760555221223
1760555224323,2,525.867,247.45,mc,5,1760555221223
1760555224323,3,282.124,215.698,mc,3,1760555221223
1760555224323,4,459.602,363.1,mc,4,1760555221223
1760555224323,5,300.166,264.235,mc,3,1760555221223
1760555224323,6,760.783,334.061,mc,4,1760555221223
1760555224323,7,81.8311,363.267,mc,3,1760555221223
1760555224323,8,471.826,703.139,mc,4,1760555221223
1760555224323,9,301.686,507.613,mc,4,1760555221223
1760555224323,10,596.011,715.204,mc,4,1760555221223
1760555224323,11,309.781,504.716,mc,3,1760555221223
1760555224323,12,640.755,388.299,mc,5,1760555221223
1760555224323,13,569.684,328.543,mc,2,1760555221223
1760555224323,14,527.429,453.226,mc,4,1760555221223
1760555224323,15,658.77,546.69,mc,5,1760555221223
1760555224323,16,378.174,469.504,mc,0,1760555221223
1760555224423,2,525.505,247.015,mc,5,1760555221223
1760555224423,3,282.518,215.572,mc,3,1760555221223
1760555224423,4,459.274,362.827,mc,4,1760555221223
1760555224423,5,299.637,264.034,mc,3,1760555221223
1760555224423,6,760.975,334.523,mc,4,1760555221223
1760555224423,7,82.1361,363.014,mc,3,1760555221223
1760555224423,8,471.585,702.948,mc,4,1760555221223
1760555224423,9,301.965,507.845,mc,4,1760555221223
1760555224423,10,596.617,715.174,mc,4,1760555221223
1760555224423,11,310.064,505.133,mc,3,1760555221223
1760555224423,12,640.659,388.826,mc,5,1760555221223
1760555224423,13,569.984,328.368,mc,2,1760555221223
1760555224423,14,527.136,453.101,mc,4,1760555221223
1760555224423,15,658.522,546.154,mc,5,1760555221223
1760555224423,16,378.758,469.277,mc,0,1760555221223
1760555224523,2,525.142,246.579,mc,5,1760555221223
1760555224523,3,282.912,215.447,mc,3,1760555221223
1760555224523,4,458.947,362.553,mc,4,1760555221223
1760555224523,5,299.107,263.832,mc,3,1760555221223
1760555224523,6,761.168,334.986,mc,4,1760555221223
1760555224523,7,82.441,362.761,mc,3,1760555221223
1760555224523,8,471.344,702.757,mc,4,1760555221223
1760555224523,9,302.244,508.077,mc,4,1760555221223
1760555224523,10,597.222,715.144,mc,4,1760555221223
1760555224523,11,310.348,505.551,mc,3,1760555221223
1760555224523,12,640.563,389.353,mc,5,1760555221223
1760555224523,13,570.283,328.194,mc,2,1760555221223
1760555224523,14,526.843,452.976,mc,4,1760555221223
1760555224523,15,658.274,545.618,mc,5,1760555221223
1760555224523,16,379.342,469.05,mc,0,1760555221223
1760555224623,2,524.78,246.143,mc,5,1760555221223
1760555224623,3,283.307,215.322,mc,3,1760555221223
1760555224623,4,458.619,362.279,mc,4,1760555221223
1760555224623,5,298.578,263.631,mc,3,1760555221223
1760555224623,6,761.36,335.448,mc,4,1760555221223
1760555224623,7,82.746,362.508,mc,3,1760555221223
1760555224623,8,471.103,702.566,mc,4,1760555221223
1760555224623,9,302.523,508.309,mc,4,1760555221223
1760555224623,10,597.828,715.114,mc,4,1760555221223
1760555224623,11,310.632,505.968,mc,3,1760555221223
1760555224623,12,640.467,389.881,mc,5,1760555221223
1760555224623,13,570.582,328.019,mc,2,1760555221223
1760555224623,14,526.55,452.851,mc,4,1760555221223
1760555224623,15,658.025,545.082,mc,5,1760555221223
1760555224623,16,379.925,468.824,mc,0,1760555221223
1760555224723,2,524.418,245.708,mc,5,1760555221223
1760555224723,3,283.701,215.196,mc,3,1760555221223
1760555224723,4,458.291,362.006,mc,4,1760555221223
1760555224723,5,298.048,263.429,mc,3,1760555221223
1760555224723,6,761.552,335.91,mc,4,1760555221223
1760555224723,7,83.051,362.255,mc,3,1760555221223
1760555224723,8,470.862,702.375,mc,4,1760555221223
1760555224723,9,302.803,508.541,mc,4,1760555221223
1760555224723,10,598.433,715.084,mc,4,1760555221223
1760555224723,11,310.916,506.386,mc,3,1760555221223
1760555224723,12,640.371,390.408,mc,5,1760555221223
1760555224723,13,570.881,327.845,mc,2,1760555221223
1760555224723,14,526.257,452.726,mc,4,1760555221223
1760555224723,15,657.777,544.545,mc,5,1760555221223
1760555224723,16,380.509,468.597,mc,0,1760555221223
1760555224823,2,524.056,245.272,mc,5,1760555221223
1760555224823,3,284.095,215.071,mc,3,1760555221223
1760555224823,4,457.963,361.732,mc,4,1760555221223
1760555224823,5,297.519,263.228,mc,3,1760555221223
1760555224823,6,761.745,336.373,mc,4,1760555221223
1760555224823,7,83.356,362.002,mc,3,1760555221223
1760555224823,8,470.621,702.184,mc,4,1760555221223
1760555224823,9,303.082,508.773,mc,4,1760555221223
1760555224823,10,599.039,715.055,mc,4,1760555221223
1760555224823,11,311.2,506.804,mc,3,1760555221223
1760555224823,12,640.276,390.935,mc,5,1760555221223
1760555224823,13,571.18,327.67,mc,2,1760555221223
1760555224823,14,525.964,452.601,mc,4,1760555221223
1760555224823,15,657.529,544.009,mc,5,1760555221223
1760555224823,16,381.093,468.371,mc,0,1760555221223
1760555224923,2,523.694,244.837,mc,5,1760555221223
1760555224923,3,284.49,214.945,mc,3,1760555221223
1760555224923,4,457.636,361.458,mc,4,1760555221223
1760555224923,5,296.989,263.026,mc,3,1760555221223
1760555224923,6,761.937,336.835,mc,4,1760555221223
1760555224923,7,83.661,361.749,mc,3,1760555221223
1760555224923,8,470.38,701.993,mc,4,1760555221223
1760555224923,9,303.361,509.005,mc,4,1760555221223
1760555224923,10,599.644,715.025,mc,4,1760555221223
1760555224923,11,311.484,507.221,mc,3,1760555221223
1760555224923,12,640.18,391.462,mc,5,1760555221223
1760555224923,13,571.479,327.496,mc,2,1760555221223
1760555224923,14,525.671,452.476,mc,4,1760555221223
1760555224923,15,657.281,543.473,mc,5,1760555221223
1760555224923,16,381.676,468.144,mc,0,1760555221223
1760555225023,2,523.332,244.401,mc,5,1760555221223
1760555225023,3,284.884,214.82,mc,3,1760555221223
1760555225023,4,457.308,361.185,mc,4,1760555221223
1760555225023,5,296.46,262.824,mc,3,1760555221223
1760555225023,6,762.129,337.297,mc,4,1760555221223
1760555225023,7,83.966,361.496,mc,3,1760555221223
1760555225023,8,470.139,701.802,mc,4,1760555221223
1760555225023,9,303.64,509.237,mc,4,1760555221223
1760555225023,10,600.25,714.995,mc,4,1760555221223
1760555225023,11,311.768,507.639,mc,3,1760555221223
1760555225023,12,640.084,391.989,mc,5,1760555221223
1760555225023,13,571.778,327.321,mc,2,1760555221223
1760555225023,14,525.378,452.351,mc,4,1760555221223
1760555225023,15,657.032,542.937,mc,5,1760555221223
1760555225023,16,382.26,467.918,mc,0,1760555221223
1760555225123,2,522.97,243.965,mc,5,1760555221223
1760555225123,3,285.279,214.694,mc,3,1760555221223
1760555225123,4,456.98,360.911,mc,4,1760555221223
1760555225123,5,295.93,262.623,mc,3,1760555221223
1760555225123,6,762.322,337.76,mc,4,1760555221223
1760555225123,7,84.271,361.242,mc,3,1760555221223
1760555225123,8,469.898,701.611,mc,4,1760555221223
1760555225123,9,303.92,509.469,mc,4,1760555221223
1760555225123,10,600.855,714.965,mc,4,1760555221223
1760555225123,11,312.052,508.057,mc,3,1760555221223
1760555225123,12,639.988,392.517,mc,5,1760555221223
1760555225123,13,572.077,327.147,mc,2,1760555221223
1760555225123,14,525.086,452.226,mc,4,1760555221223
1760555225123,15,656.784,542.4,mc,5,1760555221223
1760555225123,16,382.844,467.691,mc,0,1760555221223
1760555225223,2,522.608,243.53,mc,5,1760555221223
1760555225223,3,285.673,214.569,mc,3,1760555221223
1760555225223,4,456.652,360.637,mc,4,1760555221223
1760555225223,5,295.401,262.421,mc,3,1760555221223
1760555225223,6,762.514,338.222,mc,4,1760555221223
1760555225223,7,84.576,360.989,mc,3,1760555221223
1760555225223,8,469.657,701.42,mc,4,1760555221223
1760555225223,9,304.199,509.701,mc,4,1760555221223
1760555225223,10,601.461,714.935,mc,4,1760555221223
1760555225223,11,312.336,508.474,mc,3,1760555221223
1760555225223,12,639.892,393.044,mc,5,1760555221223
1760555225223,13,572.376,326.972,mc,2,1760555221223
1760555225223,14,524.793,452.101,mc,4,1760555221223
1760555225223,15,656.536,541.864,mc,5,1760555221223
1760555225223,16,383.427,467.464,mc,0,1760555221223
1760555225323,2,522.246,243.094,mc,5,1760555221223
1760555225323,3,286.067,214.443,mc,3,1760555221223
1760555225323,4,456.325,360.364,mc,4,1760555221223
1760555225323,5,294.871,262.22,mc,3,1760555221223
1760555225323,6,762.706,338.684,mc,4,1760555221223
1760555225323,7,84.881,360.736,mc,3,1760555221223
1760555225323,8,469.416,701.229,mc,4,1760555221223
1760555225323,9,304.478,509.933,mc,4,1760555221223
1760555225323,10,602.066,714.905,mc,4,1760555221223
1760555225323,11,312.62,508.892,mc,3,1760555221223
1760555225323,12,639.796,393.571,mc,5,1760555221223
1760555225323,13,572.675,326.798,mc,2,1760555221223
1760555225323,14,524.5,451.976,mc,4,1760555221223
1760555225323,15,656.287,541.328,mc,5,1760555221223
1760555225323,16,384.011,467.238,mc,0,1760555221223
1760555225423,2,521.884,242.659,mc,5,1760555221223
1760555225423,3,286.462,214.318,mc,3,1760555221223
1760555225423,4,455.997,360.09,mc,4,1760555221223
1760555225423,5,294.342,262.018,mc,3,1760555221223
1760555225423,6,762.899,339.147,mc,4,1760555221223
1760555225423,7,85.186,360.483,mc,3,1760555221223
1760555225423,8,469.175,701.038,mc,4,1760555221223
1760555225423,9,304.757,510.165,mc,4,1760555221223
1760555225423,10,602.672,714.875,mc,4,1760555221223
1760555225423,11,312.904,509.309,mc,3,1760555221223
1760555225423,12,639.7,394.098,mc,5,1760555221223
1760555225423,13,572.974,326.623,mc,2,1760555221223
1760555225423,14,524.207,451.851,mc,4,1760555221223
1760555225423,15,656.039,540.792,mc,5,1760555221223
1760555225423,16,384.595,467.011,mc,0,1760555221223
1760555225523,2,521.522,242.223,mc,5,1760555221223
1760555225523,3,286.856,214.192,mc,3,1760555221223
1760555225523,4,455.669,359.816,mc,4,1760555221223
1760555225523,5,293.812,261.817,mc,3,1760555221223
1760555225523,6,763.091,339.609,mc,4,1760555221223
1760555225523,7,85.4909,360.23,mc,3,1760555221223
1760555225523,8,468.934,700.847,mc,4,1760555221223
1760555225523,9,305.037,510.397,mc,4,1760555221223
1760555225523,10,603.277,714.845,mc,4,1760555221223
1760555225523,11,313.188,509.727,mc,3,1760555221223
1760555225523,12,639.604,394.625,mc,5,1760555221223
1760555225523,13,573.273,326.449,mc,2,1760555221223
1760555225523,14,523.914,451.726,mc,4,1760555221223
1760555225523,15,655.791,540.255,mc,5,1760555221223
1760555225523,16,385.179,466.785,mc,0,1760555221223
1760555225623,2,521.16,241.787,mc,5,1760555221223
1760555225623,3,287.251,214.067,mc,3,1760555221223
1760555225623,4,455.341,359.543,mc,4,1760555221223
1760555225623,5,293.283,261.615,mc,3,1760555221223
1760555225623,6,763.283,340.071,mc,4,1760555221223
1760555225623,7,85.7959,359.977,mc,3,1760555221223
1760555225623,8,468.693,700.656,mc,4,1760555221223
1760555225623,9,305.316,510.629,mc,4,1760555221223
1760555225623,10,603.883,714.816,mc,4,1760555221223
1760555225623,11,313.471,510.145,mc,3,1760555221223
1760555225623,12,639.509,395.152,mc,5,1760555221223
1760555225623,13,573.572,326.274,mc,2,1760555221223
1760555225623,14,523.621,451.601,mc,4,1760555221223
1760555225623,15,655.543,539.719,mc,5,1760555221223
1760555225623,16,385.762,466.558,mc,0,1760555221223
1760555225723,2,520.798,241.352,mc,5,1760555221223
1760555225723,3,287.645,213.941,mc,3,1760555221223
1760555225723,4,455.014,359.269,mc,4,1760555221223
1760555225723,5,292.753,261.414,mc,3,1760555221223
1760555225723,6,763.476,340.534,mc,4,1760555221223
1760555225723,7,86.1009,359.724,mc,3,1760555221223
1760555225723,8,468.452,700.465,mc,4,1760555221223
1760555225723,9,305.595,510.861,mc,4,1760555221223
1760555225723,10,604.488,714.786,mc,4,1760555221223
1760555225723,11,313.755,510.562,mc,3,1760555221223
1760555225723,12,639.413,395.68,mc,5,1760555221223
1760555225723,13,573.871,326.1,mc,2,1760555221223
1760555225723,14,523.328,451.476,mc,4,1760555221223
1760555225723,15,655.294,539.183,mc,5,1760555221223
1760555225723,16,386.346,466.331,mc,0,1760555221223
1760555225823,2,520.436,240.916,mc,5,1760555221223
1760555225823,3,288.039,213.816,mc,3,1760555221223
1760555225823,4,454.686,358.995,mc,4,1760555221223
1760555225823,5,292.224,261.212,mc,3,1760555221223
1760555225823,6,763.668,340.996,mc,4,1760555221223
1760555225823,7,86.4059,359.47,mc,3,1760555221223
1760555225823,8,468.211,700.274,mc,4,1760555221223
1760555225823,9,305.874,511.093,mc,4,1760555221223
1760555225823,10,605.094,714.756,mc,4,1760555221223
1760555225823,11,314.039,510.98,mc,3,1760555221223
1760555225823,12,639.317,396.207,mc,5,1760555221223
1760555225823,13,574.17,325.925,mc,2,1760555221223
1760555225823,14,523.035,451.351,mc,4,1760555221223
1760555225823,15,655.046,538.647,mc,5,1760555221223
1760555225823,16,386.93,466.105,mc,0,1760555221223
1760555225923,2,520.074,240.481,mc,5,1760555221223
1760555225923,3,288.434,213.691,mc,3,1760555221223
1760555225923,4,454.358,358.722,mc,4,1760555221223
1760555225923,5,291.694,261.011,mc,3,1760555221223
1760555225923,6,763.861,341.458,mc,4,1760555221223
1760555225923,7,86.7109,359.217,mc,3,1760555221223
1760555225923,8,467.97,700.083,mc,4,1760555221223
1760555225923,9,306.153,511.325,mc,4,1760555221223
1760555225923,10,605.699,714.726,mc,4,1760555221223
1760555225923,11,314.323,511.397,mc,3,1760555221223
1760555225923,12,639.221,396.734,mc,5,1760555221223
1760555225923,13,574.47,325.751,mc,2,1760555221223
1760555225923,14,522.742,451.226,mc,4,1760555221223
1760555225923,15,654.798,538.11,mc,5,1760555221223
1760555225923,16,387.513,465.878,mc,0,1760555221223
1760555226023,2,519.712,240.045,mc,5,1760555221223
1760555226023,3,288.828,213.565,mc,3,1760555221223
1760555226023,4,454.03,358.448,mc,4,1760555221223
1760555226023,5,291.165,260.809,mc,3,1760555221223
1760555226023,6,764.053,341.921,mc,4,1760555221223
1760555226023,7,87.0159,358.964,mc,3,1760555221223
1760555226023,8,467.729,699.892,mc,4,1760555221223
1760555226023,9,306.433,511.557,mc,4,1760555221223
1760555226023,10,606.305,714.696,mc,4,1760555221223
1760555226023,11,314.607,511.815,mc,3,1760555221223
1760555226023,12,639.125,397.261,mc,5,1760555221223
1760555226023,13,574.769,325.576,mc,2,1760555221223
1760555226023,14,522.449,451.101,mc,4,1760555221223
1760555226023,15,654.549,537.574,mc,5,1760555221223
1760555226023,16,388.059,465.638,mc,0,1760555221223
1760555226123,2,519.35,239.609,mc,5,1760555221223
1760555226123,3,289.223,213.44,mc,3,1760555221223
1760555226123,4,453.703,358.174,mc,4,1760555221223
1760555226123,5,290.635,260.607,mc,3,1760555221223
1760555226123,6,764.245,342.383,mc,4,1760555221223
1760555226123,7,87.3209,358.711,mc,3,1760555221223
1760555226123,8,467.488,699.701,mc,4,1760555221223
1760555226123,9,306.712,511.789,mc,4,1760555221223
1760555226123,10,606.91,714.666,mc,4,1760555221223
1760555226123,11,314.891,512.233,mc,3,1760555221223
1760555226123,12,639.029,397.788,mc,5,1760555221223
1760555226123,13,575.068,325.402,mc,2,1760555221223
1760555226123,14,522.156,450.976,mc,4,1760555221223
1760555226123,15,654.301,537.038,mc,5,1760555221223
1760555226123,16,388.207,465.256,mc,0,1760555221223
1760555226223,2,518.988,239.174,mc,5,1760555221223
1760555226223,3,289.617,213.314,mc,3,1760555221223
1760555226223,4,453.375,357.901,mc,4,1760555221223
1760555226223,5,290.106,260.406,mc,3,1760555221223
1760555226223,6,764.438,342.845,mc,4,1760555221223
1760555226223,7,87.6259,358.458,mc,3,1760555221223
1760555226223,8,467.247,699.51,mc,4,1760555221223
1760555226223,9,306.991,512.021,mc,4,1760555221223
1760555226223,10,607.087,714.845,mc,4,1760555221223
1760555226223,11,315.175,512.65,mc,3,1760555221223
1760555226223,12,638.933,398.316,mc,5,1760555221223
1760555226223,13,575.367,325.227,mc,2,1760555221223
1760555226223,14,521.863,450.851,mc,4,1760555221223
1760555226223,15,654.053,536.501,mc,5,1760555221223
1760555226223,16,388.355,464.873,mc,0,1760555221223
1760555226323,2,518.626,238.738,mc,5,1760555221223
1760555226323,3,290.011,213.189,mc,3,1760555221223
1760555226323,4,453.047,357.627,mc,4,1760555221223
1760555226323,5,289.576,260.204,mc,3,1760555221223
1760555226323,6,764.63,343.308,mc,4,1760555221223
1760555226323,7,87.9309,358.205,mc,3,1760555221223
1760555226323,8,467.006,699.319,mc,4,1760555221223
1760555226323,9,307.27,512.253,mc,4,1760555221223
1760555226323,10,606.858,715.221,mc,4,1760555221223
1760555226323,11,315.459,513.068,mc,3,1760555221223
1760555226323,12,638.837,398.843,mc,5,1760555221223
1760555226323,13,575.666,325.053,mc,2,1760555221223
1760555226323,14,521.57,450.725,mc,4,1760555221223
1760555226323,15,653.904,536.212,mc,5,1760555221223
1760555226323,16,388.503,464.49,mc,0,1760555221223
1760555226423,2,518.264,238.303,mc,5,1760555221223
1760555226423,3,290.406,213.063,mc,3,1760555221223
1760555226423,4,452.719,357.353,mc,4,1760555221223
1760555226423,5,289.047,260.003,mc,3,1760555221223
1760555226423,6,764.822,343.77,mc,4,1760555221223
1760555226423,7,88.2359,357.952,mc,3,1760555221223
1760555226423,8,466.765,699.128,mc,4,1760555221223
1760555226423,9,307.55,512.485,mc,4,1760555221223
1760555226423,10,606.629,715.597,mc,4,1760555221223
1760555226423,11,315.743,513.485,mc,3,1760555221223
1760555226423,12,638.742,399.37,mc,5,1760555221223
1760555226423,13,575.965,324.878,mc,2,1760555221223
1760555226423,14,521.278,450.6,mc,4,1760555221223
1760555226423,15,654.079,536.73,mc,5,1760555221223
1760555226423,16,388.651,464.107,mc,0,1760555221223
1760555226523,2,517.918,237.894,mc,5,1760555221223
1760555226523,3,290.8,212.938,mc,3,1760555221223
1760555226523,4,452.392,357.08,mc,4,1760555221223
1760555226523,5,288.545,259.827,mc,3,1760555221223
1760555226523,6,765.015,344.232,mc,4,1760555221223
1760555226523,7,88.5408,357.699,mc,3,1760555221223
1760555226523,8,466.524,698.937,mc,4,1760555221223
1760555226523,9,307.829,512.717,mc,4,1760555221223
1760555226523,10,606.4,715.973,mc,4,1760555221223
1760555226523,11,316.027,513.903,mc,3,1760555221223
1760555226523,12,638.646,399.897,mc,5,1760555221223
1760555226523,13,576.264,324.704,mc,2,1760555221223
1760555226523,14,520.985,450.475,mc,4,1760555221223
1760555226523,15,654.254,537.248,mc,5,1760555221223
1760555226523,16,388.799,463.725,mc,0,1760555221223
1760555226623,2,518.012,238.239,mc,5,1760555221223
1760555226623,3,291.195,212.812,mc,3,1760555221223
1760555226623,4,452.064,356.806,mc,4,1760555221223
1760555226623,5,288.586,260.137,mc,3,1760555221223
1760555226623,6,765.207,344.695,mc,4,1760555221223
1760555226623,7,88.8458,357.445,mc,3,1760555221223
1760555226623,8,466.284,698.746,mc,4,1760555221223
1760555226623,9,308.108,512.949,mc,4,1760555221223
1760555226623,10,606.171,716.349,mc,4,1760555221223
1760555226623,11,316.311,514.321,mc,3,1760555221223
1760555226623,12,638.55,400.424,mc,5,1760555221223
1760555226623,13,576.563,324.529,mc,2,1760555221223
1760555226623,14,520.692,450.35,mc,4,1760555221223
1760555226623,15,654.429,537.766,mc,5,1760555221223
1760555226623,16,388.947,463.342,mc,0,1760555221223
1760555226723,2,518.105,238.584,mc,5,1760555221223
1760555226723,3,291.589,212.687,mc,3,1760555221223
1760555226723,4,451.736,356.532,mc,4,1760555221223
1760555226723,5,288.626,260.447,mc,3,1760555221223
1760555226723,6,765.399,345.157,mc,4,1760555221223
1760555226723,7,89.1508,357.192,mc,3,1760555221223
1760555226723,8,466.043,698.555,mc,4,1760555221223
1760555226723,9,308.387,513.181,mc,4,1760555221223
1760555226723,10,605.942,716.725,mc,4,1760555221223
1760555226723,11,316.595,514.738,mc,3,1760555221223
1760555226723,12,638.454,400.951,mc,5,1760555221223
1760555226723,13,576.862,324.355,mc,2,1760555221223
1760555226723,14,520.399,450.225,mc,4,1760555221223
1760555226723,15,654.604,538.284,mc,5,1760555221223
1760555226723,16,389.095,462.959,mc,0,1760555221223
1760555226823,2,518.199,238.929,mc,5,1760555221223
1760555226823,3,291.983,212.561,mc,3,1760555221223
1760555226823,4,451.409,356.259,mc,4,1760555221223
1760555226823,5,288.666,260.757,mc,3,1760555221223
1760555226823,6,765.592,345.619,mc,4,1760555221223
1760555226823,7,89.4558,356.939,mc,3,1760555221223
1760555226823,8,465.802,698.364,mc,4,1760555221223
1760555226823,9,308.667,513.413,mc,4,1760555221223
1760555226823,10,605.713,717.101,mc,4,1760555221223
1760555226823,11,316.878,515.156,mc,3,1760555221223
1760555226823,12,638.358,401.466,mc,5,1760555221223
1760555226823,13,577.161,324.18,mc,2,1760555221223
1760555226823,14,520.106,450.1,mc,4,1760555221223
1760555226823,15,654.78,538.802,mc,5,1760555221223
1760555226823,16,389.243,462.576,mc,0,1760555221223
1760555226923,2,518.293,239.274,mc,5,1760555221223
1760555226923,3,292.378,212.436,mc,3,1760555221223
1760555226923,4,451.081,355.985,mc,4,1760555221223
1760555226923,5,288.707,261.067,mc,3,1760555221223
1760555226923,6,765.784,346.082,mc,4,1760555221223
1760555226923,7,89.7608,356.686,mc,3,1760555221223
1760555226923,8,465.561,698.173,mc,4,1760555221223
1760555226923,9,308.946,513.645,mc,4,1760555221223
1760555226923,10,605.484,717.477,mc,4,1760555221223
1760555226923,11,317.162,515.574,mc,3,1760555221223
1760555226923,12,638.29,400.93,mc,5,1760555221223
1760555226923,13,577.46,324.005,mc,2,1760555221223
1760555226923,14,519.813,449.975,mc,4,1760555221223
1760555226923,15,654.955,539.32,mc,5,1760555221223
1760555226923,16,389.392,462.194,mc,0,1760555221223
1760555227023,2,518.387,239.619,mc,5,1760555221223
1760555227023,3,292.772,212.31,mc,3,1760555221223
1760555227023,4,450.753,355.712,mc,4,1760555221223
1760555227023,5,288.747,261.377,mc,3,1760555221223
1760555227023,6,765.976,346.544,mc,4,1760555221223
1760555227023,7,90.0658,356.433,mc,3,1760555221223
1760555227023,8,465.32,697.982,mc,4,1760555221223
1760555227023,9,309.225,513.877,mc,4,1760555221223
1760555227023,10,605.255,717.853,mc,4,1760555221223
1760555227023,11,317.446,515.991,mc,3,1760555221223
1760555227023,12,638.222,400.394,mc,5,1760555221223
1760555227023,13,577.759,323.831,mc,2,1760555221223
1760555227023,14,519.52,449.85,mc,4,1760555221223
1760555227023,15,655.13,539.838,mc,5,1760555221223
1760555227023,16,389.54,461.811,mc,0,1760555221223
1760555227123,2,518.481,239.963,mc,5,1760555221223
1760555227123,3,293.167,212.185,mc,3,1760555221223
1760555227123,4,450.425,355.438,mc,4,1760555221223
1760555227123,5,288.787,261.687,mc,3,1760555221223
1760555227123,6,766.169,347.006,mc,4,1760555221223
1760555227123,7,90.3708,356.18,mc,3,1760555221223
1760555227123,8,465.079,697.791,mc,4,1760555221223
1760555227123,9,309.504,514.109,mc,4,1760555221223
1760555227123,10,605.026,718.229,mc,4,1760555221223
1760555227123,11,317.73,516.409,mc,3,1760555221223
1760555227123,12,638.154,399.858,mc,5,1760555221223
1760555227123,13,578.058,323.656,mc,2,1760555221223
1760555227123,14,519.227,449.725,mc,4,1760555221223
1760555227123,15,655.305,540.356,mc,5,1760555221223
1760555227123,16,389.688,461.428,mc,0,1760555221223
1760555227223,2,518.575,240.308,mc,5,1760555221223
1760555227223,3,293.561,212.06,mc,3,1760555221223
1760555227223,4,450.098,355.164,mc,4,1760555221223
1760555227223,5,288.827,261.997,mc,3,1760555221223
1760555227223,6,766.338,347.463,mc,4,1760555221223
1760555227223,7,90.6758,355.927,mc,3,1760555221223
1760555227223,8,464.838,697.6,mc,4,1760555221223
1760555227223,9,309.783,514.341,mc,4,1760555221223
1760555227223,10,604.797,718.605,mc,4,1760555221223
1760555227223,11,317.71,516.266,mc,3,1760555221223
1760555227223,12,638.085,399.322,mc,5,1760555221223
1760555227223,13,578.357,323.482,mc,2,1760555221223
1760555227223,14,518.934,449.6,mc,4,1760555221223
1760555227223,15,655.48,540.874,mc,5,1760555221223
1760555227223,16,389.836,461.046,mc,0,1760555221223
1760555227323,2,518.669,240.653,mc,5,1760555221223
1760555227323,3,293.955,211.934,mc,3,1760555221223
1760555227323,4,449.77,354.891,mc,4,1760555221223
1760555227323,5,288.868,262.307,mc,3,1760555221223
1760555227323,6,766.265,347.86,mc,4,1760555221223
1760555227323,7,90.9808,355.674,mc,3,1760555221223
1760555227323,8,464.597,697.409,mc,4,1760555221223
1760555227323,9,310.063,514.573,mc,4,1760555221223
1760555227323,10,604.569,718.981,mc,4,1760555221223
1760555227323,11,317.481,515.738,mc,3,1760555221223
1760555227323,12,638.017,398.786,mc,5,1760555221223
1760555227323,13,578.657,323.307,mc,2,1760555221223
1760555227323,14,518.641,449.475,mc,4,1760555221223
1760555227323,15,655.655,541.392,mc,5,1760555221223
1760555227323,16,389.984,460.663,mc,0,1760555221223
1760555227423,2,518.763,240.998,mc,5,1760555221223
1760555227423,3,294.35,211.809,mc,3,1760555221223
1760555227423,4,449.442,354.617,mc,4,1760555221223
1760555227423,5,288.908,262.617,mc,3,1760555221223
1760555227423,6,766.193,348.257,mc,4,1760555221223
1760555227423,7,91.2858,355.42,mc,3,1760555221223
1760555227423,8,464.356,697.218,mc,4,1760555221223
1760555227423,9,310.342,514.805,mc,4,1760555221223
1760555227423,10,604.34,719.357,mc,4,1760555221223
1760555227423,11,317.251,515.21,mc,3,1760555221223
1760555227423,12,637.949,398.25,mc,5,1760555221223
1760555227423,13,578.956,323.133,mc,2,1760555221223
1760555227423,14,518.348,449.35,mc,4,1760555221223
1760555227423,15,655.831,541.909,mc,5,1760555221223
1760555227423,16,390.132,460.28,mc,0,1760555221223
1760555227523,2,518.856,241.343,mc,5,1760555221223
1760555227523,3,294.744,211.683,mc,3,1760555221223
1760555227523,4,449.114,354.343,mc,4,1760555221223
1760555227523,5,288.948,262.927,mc,3,1760555221223
1760555227523,6,766.121,348.654,mc,4,1760555221223
1760555227523,7,91.5907,355.167,mc,3,1760555221223
1760555227523,8,464.115,697.027,mc,4,1760555221223
1760555227523,9,310.621,515.037,mc,4,1760555221223
1760555227523,10,604.111,719.733,mc,4,1760555221223
1760555227523,11,317.021,514.682,mc,3,1760555221223
1760555227523,12,637.881,397.714,mc,5,1760555221223
1760555227523,13,579.255,322.958,mc,2,1760555221223
1760555227523,14,518.055,449.225,mc,4,1760555221223
1760555227523,15,656.006,542.427,mc,5,1760555221223
1760555227523,16,390.28,459.897,mc,0,1760555221223
1760555227623,2,518.95,241.688,mc,5,1760555221223
1760555227623,3,295.138,211.558,mc,3,1760555221223
1760555227623,4,448.787,354.07,mc,4,1760555221223
1760555227623,5,288.989,263.237,mc,3,1760555221223
1760555227623,6,766.048,349.051,mc,4,1760555221223
1760555227623,7,91.8957,354.914,mc,3,1760555221223
1760555227623,8,463.874,696.836,mc,4,1760555221223
1760555227623,9,310.9,515.269,mc,4,1760555221223
1760555227623,10,603.882,720.109,mc,4,1760555221223
1760555227623,11,316.792,514.154,mc,3,1760555221223
1760555227623,12,637.812,397.178,mc,5,1760555221223
1760555227623,13,579.554,322.784,mc,2,1760555221223
1760555227623,14,517.763,449.1,mc,4,1760555221223
1760555227623,15,656.181,542.945,mc,5,1760555221223
1760555227623,16,390.428,459.515,mc,0,1760555221223
1760555227723,2,519.044,242.033,mc,5,1760555221223
1760555227723,3,295.533,211.432,mc,3,1760555221223
1760555227723,4,448.459,353.796,mc,4,1760555221223
1760555227723,5,289.029,263.547,mc,3,1760555221223
1760555227723,6,765.976,349.448,mc,4,1760555221223
1760555227723,7,92.2007,354.661,mc,3,1760555221223
1760555227723,8,463.633,696.645,mc,4,1760555221223
1760555227723,9,311.18,515.501,mc,4,1760555221223
1760555227723,10,603.653,720.485,mc,4,1760555221223
1760555227723,11,316.562,513.626,mc,3,1760555221223
1760555227723,12,637.744,396.643,mc,5,1760555221223
1760555227723,13,579.853,322.609,mc,2,1760555221223
1760555227723,14,517.47,448.975,mc,4,1760555221223
1760555227723,15,656.356,543.463,mc,5,1760555221223
1760555227723,16,390.576,459.132,mc,0,1760555221223
1760555227823,2,519.138,242.378,mc,5,1760555221223
1760555227823,3,295.927,211.307,mc,3,1760555221223
1760555227823,4,448.131,353.522,mc,4,1760555221223
1760555227823,5,289.069,263.857,mc,3,1760555221223
1760555227823,6,765.904,349.845,mc,4,1760555221223
1760555227823,7,92.5057,354.408,mc,3,1760555221223
1760555227823,8,463.392,696.454,mc,4,1760555221223
1760555227823,9,311.459,515.733,mc,4,1760555221223
1760555227823,10,603.424,720.861,mc,4,1760555221223
1760555227823,11,316.333,513.098,mc,3,1760555221223
1760555227823,12,637.676,396.107,mc,5,1760555221223
1760555227823,13,580.152,322.435,mc,2,1760555221223
1760555227823,14,517.177,448.85,mc,4,1760555221223
1760555227823,15,656.531,543.981,mc,5,1760555221223
1760555227823,16,390.724,458.749,mc,0,1760555221223
1760555227923,2,519.232,242.723,mc,5,1760555221223
1760555227923,3,296.322,211.181,mc,3,1760555221223
1760555227923,4,447.803,353.249,mc,4,1760555221223
1760555227923,5,289.11,264.168,mc,3,1760555221223
1760555227923,6,765.831,350.241,mc,4,1760555221223
1760555227923,7,92.8107,354.155,mc,3,1760555221223
1760555227923,8,463.151,696.263,mc,4,1760555221223
1760555227923,9,311.738,515.965,mc,4,1760555221223
1760555227923,10,603.195,721.237,mc,4,1760555221223
1760555227923,11,316.103,512.569,mc,3,1760555221223
1760555227923,12,637.608,395.571,mc,5,1760555221223
1760555227923,13,580.451,322.26,mc,2,1760555221223
1760555227923,14,516.884,448.725,mc,4,1760555221223
1760555227923,15,656.706,544.499,mc,5,1760555221223
1760555227923,16,390.872,458.367,mc,0,1760555221223
1760555228023,2,519.326,243.068,mc,5,1760555221223
1760555228023,3,296.716,211.056,mc,3,1760555221223
1760555228023,4,447.476,352.975,mc,4,1760555221223
1760555228023,5,289.15,264.478,mc,3,1760555221223
1760555228023,6,765.759,350.638,mc,4,1760555221223
1760555228023,7,93.1157,353.902,mc,3,1760555221223
1760555228023,8,462.91,696.072,mc,4,1760555221223
1760555228023,9,312.017,516.197,mc,4,1760555221223
1760555228023,10,602.966,721.613,mc,4,1760555221223
1760555228023,11,315.873,512.041,mc,3,1760555221223
1760555228023,12,637.539,395.035,mc,5,1760555221223
1760555228023,13,580.75,322.086,mc,2,1760555221223
1760555228023,14,516.591,448.6,mc,4,1760555221223
1760555228023,15,656.881,545.017,mc,5,1760555221223
1760555228023,16,391.02,457.984,mc,0,1760555221223
1760555228123,2,519.42,243.413,mc,5,1760555221223
1760555228123,3,297.11,210.93,mc,3,1760555221223
1760555228123,4,447.148,352.701,mc,4,1760555221223
1760555228123,5,289.19,264.788,mc,3,1760555221223
1760555228123,6,765.687,351.035,mc,4,1760555221223
1760555228123,7,93.4207,353.648,mc,3,1760555221223
1760555228123,8,462.669,695.881,mc,4,1760555221223
1760555228123,9,312.297,516.429,mc,4,1760555221223
1760555228123,10,602.737,721.989,mc,4,1760555221223
1760555228123,11,315.644,511.513,mc,3,1760555221223
1760555228123,12,637.471,394.499,mc,5,1760555221223
1760555228123,13,581.049,321.911,mc,2,1760555221223
1760555228123,14,516.298,448.475,mc,4,1760555221223
1760555228123,15,657.057,545.535,mc,5,1760555221223
1760555228123,16,391.168,457.601,mc,0,1760555221223
1760555228223,2,519.514,243.758,mc,5,1760555221223
1760555228223,3,297.505,210.805,mc,3,1760555221223
1760555228223,4,446.82,352.428,mc,4,1760555221223
1760555228223,5,289.23,265.098,mc,3,1760555221223
1760555228223,6,765.614,351.432,mc,4,1760555221223
1760555228223,7,93.7257,353.395,mc,3,1760555221223
1760555228223,8,462.428,695.69,mc,4,1760555221223
1760555228223,9,312.576,516.661,mc,4,1760555221223
1760555228223,10,602.508,722.365,mc,4,1760555221223
1760555228223,11,315.414,510.985,mc,3,1760555221223
1760555228223,12,637.403,393.963,mc,5,1760555221223
1760555228223,13,581.348,321.737,mc,2,1760555221223
1760555228223,14,516.005,448.35,mc,4,1760555221223
1760555228223,15,657.232,546.053,mc,5,1760555221223
1760555228223,16,391.316,457.218,mc,0,1760555221223
1760555228323,2,519.608,244.103,mc,5,1760555221223
1760555228323,3,297.899,210.679,mc,3,1760555221223
1760555228323,4,447.033,352.417,mc,4,1760555221223
1760555228323,5,289.271,265.408,mc,3,1760555221223
1760555228323,6,765.542,351.829,mc,4,1760555221223
1760555228323,7,94.0307,353.142,mc,3,1760555221223
1760555228323,8,462.187,695.499,mc,4,1760555221223
1760555228323,9,312.855,516.893,mc,4,1760555221223
1760555228323,10,602.279,722.741,mc,4,1760555221223
1760555228323,11,315.185,510.457,mc,3,1760555221223
1760555228323,12,637.335,393.427,mc,5,1760555221223
1760555228323,13,581.647,321.562,mc,2,1760555221223
1760555228323,14,515.712,448.225,mc,4,1760555221223
1760555228323,15,657.407,546.571,mc,5,1760555221223
1760555228323,16,391.464,456.836,mc,0,1760555221223
1760555228423,2,519.701,244.447,mc,5,1760555221223
1760555228423,3,298.294,210.554,mc,3,1760555221223
1760555228423,4,447.438,352.5,mc,4,1760555221223
1760555228423,5,289.311,265.718,mc,3,1760555221223
1760555228423,6,765.47,352.226,mc,4,1760555221223
1760555228423,7,94.3357,352.889,mc,3,1760555221223
1760555228423,8,461.946,695.308,mc,4,1760555221223
1760555228423,9,313.134,517.125,mc,4,1760555221223
1760555228423,10,602.05,723.117,mc,4,1760555221223
1760555228423,11,314.955,509.929,mc,3,1760555221223
1760555228423,12,637.266,392.891,mc,5,1760555221223
1760555228423,13,581.946,321.388,mc,2,1760555221223
1760555228423,14,515.419,448.1,mc,4,1760555221223
1760555228423,15,657.582,547.089,mc,5,1760555221223
1760555228423,16,391.612,456.453,mc,0,1760555221223
1760555228523,2,519.795,244.792,mc,5,1760555221223
1760555228523,3,298.25,210.69,mc,3,1760555221223
1760555228523,4,447.842,352.583,mc,4,1760555221223
1760555228523,5,289.351,266.028,mc,3,1760555221223
1760555228523,6,765.397,352.623,mc,4,1760555221223
1760555228523,7,94.6406,352.636,mc,3,1760555221223
1760555228523,8,461.705,695.117,mc,4,1760555221223
1760555228523,9,313.413,517.357,mc,4,1760555221223
1760555228523,10,601.821,723.494,mc,4,1760555221223
1760555228523,11,314.726,509.4,mc,3,1760555221223
1760555228523,12,637.198,392.355,mc,5,1760555221223
1760555228523,13,582.245,321.213,mc,2,1760555221223
1760555228523,14,515.126,447.975,mc,4,1760555221223
1760555228523,15,657.757,547.607,mc,5,1760555221223
1760555228523,16,391.76,456.07,mc,0,1760555221223
1760555228623,2,519.889,245.137,mc,5,1760555221223
1760555228623,3,297.79,211.075,mc,3,1760555221223
1760555228623,4,448.247,352.666,mc,4,1760555221223
1760555228623,5,289.392,266.338,mc,3,1760555221223
1760555228623,6,765.325,353.02,mc,4,1760555221223
1760555228623,7,94.9456,352.383,mc,3,1760555221223
1760555228623,8,461.464,694.926,mc,4,1760555221223
1760555228623,9,313.693,517.589,mc,4,1760555221223
1760555228623,10,601.592,723.87,mc,4,1760555221223
1760555228623,11,314.496,508.872,mc,3,1760555221223
1760555228623,12,637.13,391.819,mc,5,1760555221223
1760555228623,13,582.544,321.039,mc,2,1760555221223
1760555228623,14,514.833,447.85,mc,4,1760555221223
1760555228623,15,657.932,548.125,mc,5,1760555221223
1760555228623,16,391.908,455.688,mc,0,1760555221223
1760555228723,2,519.983,245.482,mc,5,1760555221223
1760555228723,3,297.33,211.459,mc,3,1760555221223
1760555228723,4,448.652,352.749,mc,4,1760555221223
1760555228723,5,289.432,266.648,mc,3,1760555221223
1760555228723,6,765.253,353.417,mc,4,1760555221223
1760555228723,7,95.2506,352.13,mc,3,1760555221223
1760555228723,8,461.223,694.735,mc,4,1760555221223
1760555228723,9,313.972,517.821,mc,4,1760555221223
1760555228723,10,601.363,724.246,mc,4,1760555221223
1760555228723,11,314.266,508.344,mc,3,1760555221223
1760555228723,12,637.061,391.283,mc,5,1760555221223
1760555228723,13,582.844,320.864,mc,2,1760555221223
1760555228723,14,514.54,447.725,mc,4,1760555221223
1760555228723,15,658.108,548.642,mc,5,1760555221223
1760555228723,16,392.056,455.305,mc,0,1760555221223
1760555228823,2,520.077,245.827,mc,5,1760555221223
1760555228823,3,296.87,211.844,mc,3,1760555221223
1760555228823,4,449.057,352.832,mc,4,1760555221223
1760555228823,5,289.472,266.958,mc,3,1760555221223
1760555228823,6,765.18,353.814,mc,4,1760555221223
1760555228823,7,95.6299,352.051,mc,3,1760555221223
1760555228823,8,460.982,694.544,mc,4,1760555221223
1760555228823,9,314.251,518.053,mc,4,1760555221223
1760555228823,10,601.134,724.622,mc,4,1760555221223
1760555228823,11,314.037,507.816,mc,3,1760555221223
1760555228823,12,636.993,390.747,mc,5,1760555221223
1760555228823,13,583.143,320.69,mc,2,1760555221223
1760555228823,14,514.247,447.6,mc,4,1760555221223
1760555228823,15,658.283,549.16,mc,5,1760555221223
1760555228823,16,392.204,454.922,mc,0,1760555221223
1760555228923,2,520.171,246.172,mc,5,1760555221223
1760555228923,3,296.41,212.229,mc,3,1760555221223
1760555228923,4,449.461,352.915,mc,4,1760555221223
1760555228923,5,289.513,267.268,mc,3,1760555221223
1760555228923,6,765.108,354.211,mc,4,1760555221223
1760555228923,7,96.1747,352.36,mc,3,1760555221223
1760555228923,8,460.741,694.353,mc,4,1760555221223
1760555228923,9,314.53,518.285,mc,4,1760555221223
1760555228923,10,600.905,724.998,mc,4,1760555221223
1760555228923,11,313.807,507.288,mc,3,1760555221223
1760555228923,12,636.925,390.211,mc,5,1760555221223
1760555228923,13,583.442,320.515,mc,2,1760555221223
1760555228923,14,513.955,447.475,mc,4,1760555221223
1760555228923,15,658.458,549.678,mc,5,1760555221223
1760555228923,16,392.352,454.539,mc,0,1760555221223
1760555229023,2,520.265,246.517,mc,5,1760555221223
1760555229023,3,295.95,212.613,mc,3,1760555221223
1760555229023,4,449.866,352.998,mc,4,1760555221223
1760555229023,5,289.553,267.578,mc,3,1760555221223
1760555229023,6,765.036,354.608,mc,4,1760555221223
1760555229023,7,96.7196,352.669,mc,3,1760555221223
1760555229023,8,460.5,694.162,mc,4,1760555221223
1760555229023,9,314.81,518.517,mc,4,1760555221223
1760555229023,10,600.676,725.374,mc,4,1760555221223
1760555229023,11,313.578,506.76,mc,3,1760555221223
1760555229023,12,636.857,389.675,mc,5,1760555221223
1760555229023,13,583.741,320.341,mc,2,1760555221223
1760555229023,14,513.662,447.35,mc,4,1760555221223
1760555229023,15,658.633,550.196,mc,5,1760555221223
1760555229023,16,392.5,454.157,mc,0,1760555221223
1760555229123,2,520.359,246.862,mc,5,1760555221223
1760555229123,3,295.49,212.998,mc,3,1760555221223
1760555229123,4,450.271,353.081,mc,4,1760555221223
1760555229123,5,289.593,267.888,mc,3,1760555221223
1760555229123,6,764.963,355.005,mc,4,1760555221223
1760555229123,7,97.2645,352.978,mc,3,1760555221223
1760555229123,8,460.259,693.971,mc,4,1760555221223
1760555229123,9,315.089,518.748,mc,4,1760555221223
1760555229123,10,600.447,725.75,mc,4,1760555221223
1760555229123,11,313.348,506.232,mc,3,1760555221223
1760555229123,12,636.788,389.139,mc,5,1760555221223
1760555229123,13,584.04,320.166,mc,2,1760555221223
1760555229123,14,513.369,447.225,mc,4,1760555221223
1760555229123,15,658.808,550.714,mc,5,1760555221223
1760555229123,16,392.648,453.774,mc,0,1760555221223
1760555229223,2,520.453,247.207,mc,5,1760555221223
1760555229223,3,295.03,213.382,mc,3,1760555221223
1760555229223,4,450.676,353.164,mc,4,1760555221223
1760555229223,5,289.633,268.198,mc,3,1760555221223
1760555229223,6,764.891,355.402,mc,4,1760555221223
1760555229223,7,97.8093,353.288,mc,3,1760555221223
1760555229223,8,460.018,693.78,mc,4,1760555221223
1760555229223,9,315.368,518.98,mc,4,1760555221223
1760555229223,10,600.218,726.126,mc,4,1760555221223
1760555229223,11,313.118,505.703,mc,3,1760555221223
1760555229223,12,636.72,388.604,mc,5,1760555221223
1760555229223,13,584.339,319.992,mc,2,1760555221223
1760555229223,14,513.076,447.1,mc,4,1760555221223
1760555229223,15,658.983,551.232,mc,5,1760555221223
1760555229223,16,392.796,453.391,mc,0,1760555221223
1760555229323,2,520.546,247.552,mc,5,1760555221223
1760555229323,3,294.57,213.767,mc,3,1760555221223
1760555229323,4,451.08,353.246,mc,4,1760555221223
1760555229323,5,289.674,268.508,mc,3,1760555221223
1760555229323,6,764.819,355.799,mc,4,1760555221223
1760555229323,7,98.3542,353.597,mc,3,1760555221223
1760555229323,8,459.777,693.589,mc,4,1760555221223
1760555229323,9,315.647,519.212,mc,4,1760555221223
1760555229323,10,599.989,726.502,mc,4,1760555221223
1760555229323,11,312.889,505.175,mc,3,1760555221223
1760555229323,12,636.652,388.068,mc,5,1760555221223
1760555229323,13,584.638,319.817,mc,2,1760555221223
1760555229323,14,512.783,446.975,mc,4,1760555221223
1760555229323,15,659.158,551.75,mc,5,1760555221223
1760555229323,16,392.944,453.009,mc,0,1760555221223
1760555229423,2,520.64,247.897,mc,5,1760555221223
1760555229423,3,294.11,214.152,mc,3,1760555221223
1760555229423,4,451.485,353.329,mc,4,1760555221223
1760555229423,5,289.714,268.819,mc,3,1760555221223
1760555229423,6,764.746,356.196,mc,4,1760555221223
1760555229423,7,98.899,353.906,mc,3,1760555221223
1760555229423,8,459.537,693.398,mc,4,1760555221223
1760555229423,9,315.926,519.444,mc,4,1760555221223
1760555229423,10,599.76,726.878,mc,4,1760555221223
1760555229423,11,312.659,504.647,mc,3,1760555221223
1760555229423,12,636.584,387.532,mc,5,1760555221223
1760555229423,13,584.937,319.643,mc,2,1760555221223
1760555229423,14,512.49,446.85,mc,4,1760555221223
1760555229423,15,659.334,552.268,mc,5,1760555221223
1760555229423,16,393.092,452.626,mc,0,1760555221223
1760555229523,2,520.734,248.242,mc,5,1760555221223
1760555229523,3,293.65,214.536,mc,3,1760555221223
1760555229523,4,451.89,353.412,mc,4,1760555221223
1760555229523,5,289.754,269.129,mc,3,1760555221223
1760555229523,6,764.674,356.593,mc,4,1760555221223
1760555229523,7,99.4439,354.215,mc,3,1760555221223
1760555229523,8,459.296,693.207,mc,4,1760555221223
1760555229523,9,316.246,519.55,mc,4,1760555221223
1760555229523,10,599.531,727.254,mc,4,1760555221223
1760555229523,11,312.43,504.119,mc,3,1760555221223
1760555229523,12,636.515,386.996,mc,5,1760555221223
1760555229523,13,585.236,319.468,mc,2,1760555221223
1760555229523,14,512.197,446.725,mc,4,1760555221223
1760555229523,15,659.509,552.786,mc,5,1760555221223
1760555229523,16,393.24,452.243,mc,0,1760555221223
1760555229623,2,520.828,248.587,mc,5,1760555221223
1760555229623,3,293.19,214.921,mc,3,1760555221223
1760555229623,4,452.295,353.495,mc,4,1760555221223
1760555229623,5,289.795,269.439,mc,3,1760555221223
1760555229623,6,764.602,356.99,mc,4,1760555221223
1760555229623,7,99.9888,354.525,mc,3,1760555221223
1760555229623,8,459.055,693.016,mc,4,1760555221223
1760555229623,9,316.638,519.431,mc,4,1760555221223
1760555229623,10,599.302,727.63,mc,4,1760555221223
1760555229623,11,312.2,503.591,mc,3,1760555221223
1760555229623,12,636.447,386.46,mc,5,1760555221223
1760555229623,13,585.535,319.294,mc,2,1760555221223
1760555229623,14,511.904,446.6,mc,4,1760555221223
1760555229623,15,659.684,553.304,mc,5,1760555221223
1760555229623,16,393.388,451.86,mc,0,1760555221223
1760555229723,2,520.922,248.931,mc,5,1760555221223
1760555229723,3,292.73,215.305,mc,3,1760555221223
1760555229723,4,452.699,353.578,mc,4,1760555221223
1760555229723,5,289.835,269.749,mc,3,1760555221223
1760555229723,6,764.53,357.387,mc,4,1760555221223
1760555229723,7,100.534,354.834,mc,3,1760555221223
1760555229723,8,458.814,692.825,mc,4,1760555221223
1760555229723,9,317.03,519.313,mc,4,1760555221223
1760555229723,10,599.073,728.006,mc,4,1760555221223
1760555229723,11,311.97,503.063,mc,3,1760555221223
1760555229723,12,636.379,385.924,mc,5,1760555221223
1760555229723,13,585.834,319.119,mc,2,1760555221223
1760555229723,14,511.611,446.475,mc,4,1760555221223
1760555229723,15,659.859,553.822,mc,5,1760555221223
1760555229723,16,393.536,451.478,mc,0,1760555221223
1760555229823,2,521.016,249.276,mc,5,1760555221223
1760555229823,3,292.27,215.69,mc,3,1760555221223
1760555229823,4,453.104,353.661,mc,4,1760555221223
1760555229823,5,289.875,270.059,mc,3,1760555221223
1760555229823,6,764.457,357.784,mc,4,1760555221223
1760555229823,7,101.078,355.143,mc,3,1760555221223
1760555229823,8,458.573,692.634,mc,4,1760555221223
1760555229823,9,317.422,519.194,mc,4,1760555221223
1760555229823,10,598.844,728.382,mc,4,1760555221223
1760555229823,11,311.741,502.535,mc,3,1760555221223
1760555229823,12,636.311,385.388,mc,5,1760555221223
1760555229823,13,586.133,318.945,mc,2,1760555221223
1760555229823,14,511.318,446.35,mc,4,1760555221223
1760555229823,15,660.034,554.34,mc,5,1760555221223
1760555229823,16,393.684,451.095,mc,0,1760555221223
1760555229923,2,521.11,249.621,mc,5,1760555221223
1760555229923,3,291.81,216.075,mc,3,1760555221223
1760555229923,4,453.509,353.744,mc,4,1760555221223
1760555229923,5,289.916,270.369,mc,3,1760555221223
1760555229923,6,764.385,358.181,mc,4,1760555221223
1760555229923,7,101.623,355.452,mc,3,1760555221223
1760555229923,8,458.332,692.443,mc,4,1760555221223
1760555229923,9,317.813,519.075,mc,4,1760555221223
1760555229923,10,598.615,728.758,mc,4,1760555221223
1760555229923,11,311.511,502.006,mc,3,1760555221223
1760555229923,12,636.242,384.852,mc,5,1760555221223
1760555229923,13,586.507,318.691,mc,2,1760555221223
1760555229923,14,511.025,446.225,mc,4,1760555221223
1760555229923,15,660.209,554.858,mc,5,1760555221223
1760555229923,16,393.832,450.712,mc,0,1760555221223
1760555230023,2,521.204,249.966,mc,5,1760555221223
1760555230023,3,291.351,216.459,mc,3,1760555221223
1760555230023,4,453.914,353.827,mc,4,1760555221223
1760555230023,5,289.956,270.679,mc,3,1760555221223
1760555230023,6,764.313,358.578,mc,4,1760555221223
1760555230023,7,102.168,355.762,mc,3,1760555221223
1760555230023,8,458.091,692.252,mc,4,1760555221223
1760555230023,9,318.205,518.957,mc,4,1760555221223
1760555230023,10,598.386,729.134,mc,4,1760555221223
1760555230023,11,311.282,501.478,mc,3,1760555221223
1760555230023,12,636.174,384.316,mc,5,1760555221223
1760555230023,13,587.013,318.296,mc,2,1760555221223
1760555230023,14,510.732,446.1,mc,4,1760555221223
1760555230023,15,660.385,555.375,mc,5,1760555221223
1760555230023,16,393.98,450.33,mc,0,1760555221223
1760555230123,2,521.297,250.311,mc,5,1760555221223
1760555230123,3,290.891,216.844,mc,3,1760555221223
1760555230123,4,454.318,353.91,mc,4,1760555221223
1760555230123,5,289.996,270.989,mc,3,1760555221223
1760555230123,6,764.24,358.974,mc,4,1760555221223
1760555230123,7,102.713,356.071,mc,3,1760555221223
1760555230123,8,457.85,692.061,mc,4,1760555221223
1760555230123,9,318.597,518.838,mc,4,1760555221223
1760555230123,10,598.157,729.51,mc,4,1760555221223
1760555230123,11,311.052,500.95,mc,3,1760555221223
1760555230123,12,636.106,383.78,mc,5,1760555221223
1760555230123,13,587.519,317.901,mc,2,1760555221223
1760555230123,14,510.439,445.975,mc,4,1760555221223
1760555230123,15,660.56,555.893,mc,5,1760555221223
1760555230123,16,394.128,449.947,mc,0,1760555221223
1760555230223,2,521.391,250.656,mc,5,1760555221223
1760555230223,3,290.431,217.228,mc,3,1760555221223
1760555230223,4,454.723,353.993,mc,4,1760555221223
1760555230223,5,290.036,271.299,mc,3,1760555221223
1760555230223,6,764.168,359.371,mc,4,1760555221223
1760555230223,7,103.258,356.38,mc,3,1760555221223
1760555230223,8,457.609,691.87,mc,4,1760555221223
1760555230223,9,318.988,518.719,mc,4,1760555221223
1760555230223,10,597.928,729.886,mc,4,1760555221223
1760555230223,11,310.823,500.422,mc,3,1760555221223
1760555230223,12,636.038,383.244,mc,5,1760555221223
1760555230223,13,588.025,317.507,mc,2,1760555221223
1760555230223,14,510.147,445.85,mc,4,1760555221223
1760555230223,15,660.735,556.411,mc,5,1760555221223
1760555230223,16,394.276,449.564,mc,0,1760555221223
1760555230323,2,521.485,251.001,mc,5,1760555221223
1760555230323,3,289.971,217.613,mc,3,1760555221223
1760555230323,4,455.128,354.076,mc,4,1760555221223
1760555230323,5,290.077,271.609,mc,3,1760555221223
1760555230323,6,764.096,359.768,mc,4,1760555221223
1760555230323,7,103.803,356.689,mc,3,1760555221223
1760555230323,8,457.368,691.679,mc,4,1760555221223
1760555230323,9,319.38,518.601,mc,4,1760555221223
1760555230323,10,597.7,730.262,mc,4,1760555221223
1760555230323,11,310.593,499.894,mc,3,1760555221223
1760555230323,12,635.969,382.708,mc,5,1760555221223
1760555230323,13,588.531,317.112,mc,2,1760555221223
1760555230323,14,509.854,445.725,mc,4,1760555221223
1760555230323,15,660.91,556.929,mc,5,1760555221223
1760555230323,16,394.424,449.181,mc,0,1760555221223
1760555230423,2,521.579,251.346,mc,5,1760555221223
1760555230423,3,289.511,217.997,mc,3,1760555221223
1760555230423,4,455.533,354.159,mc,4,1760555221223
1760555230423,5,290.117,271.919,mc,3,1760555221223
1760555230423,6,764.023,360.165,mc,4,1760555221223
1760555230423,7,104.348,356.999,mc,3,1760555221223
1760555230423,8,457.127,691.488,mc,4,1760555221223
1760555230423,9,319.772,518.482,mc,4,1760555221223
1760555230423,10,597.471,730.638,mc,4,1760555221223
1760555230423,11,310.363,499.366,mc,3,1760555221223
1760555230423,12,635.901,382.172,mc,5,1760555221223
1760555230423,13,589.036,316.717,mc,2,1760555221223
1760555230423,14,509.561,445.6,mc,4,1760555221223
1760555230423,15,661.085,557.447,mc,5,1760555221223
1760555230423,16,394.572,448.799,mc,0,1760555221223
1760555230523,2,521.673,251.691,mc,5,1760555221223
1760555230523,3,289.051,218.382,mc,3,1760555221223
1760555230523,4,455.937,354.242,mc,4,1760555221223
1760555230523,5,290.157,272.229,mc,3,1760555221223
1760555230523,6,763.951,360.562,mc,4,1760555221223
1760555230523,7,104.893,357.308,mc,3,1760555221223
1760555230523,8,456.886,691.297,mc,4,1760555221223
1760555230523,9,320.164,518.363,mc,4,1760555221223
1760555230523,10,597.242,731.014,mc,4,1760555221223
1760555230523,11,310.134,498.838,mc,3,1760555221223
1760555230523,12,635.833,381.636,mc,5,1760555221223
1760555230523,13,589.542,316.322,mc,2,1760555221223
1760555230523,14,509.268,445.475,mc,4,1760555221223
1760555230523,15,661.26,557.965,mc,5,1760555221223
1760555230523,16,394.72,448.416,mc,0,1760555221223
1760555230623,2,521.767,252.036,mc,5,1760555221223
1760555230623,3,288.591,218.767,mc,3,1760555221223
1760555230623,4,456.342,354.325,mc,4,1760555221223
1760555230623,5,290.198,272.539,mc,3,1760555221223
1760555230623,6,763.879,360.959,mc,4,1760555221223
1760555230623,7,105.437,357.617,mc,3,1760555221223
1760555230623,8,456.645,691.106,mc,4,1760555221223
1760555230623,9,320.555,518.245,mc,4,1760555221223
1760555230623,10,597.013,731.39,mc,4,1760555221223
1760555230623,11,309.904,498.309,mc,3,1760555221223
1760555230623,12,635.765,381.1,mc,5,1760555221223
1760555230623,13,590.048,315.927,mc,2,1760555221223
1760555230623,14,508.975,445.35,mc,4,1760555221223
1760555230623,15,661.436,558.483,mc,5,1760555221223
1760555230623,16,394.868,448.033,mc,0,1760555221223
1760555230723,2,521.861,252.381,mc,5,1760555221223
1760555230723,3,288.131,219.151,mc,3,1760555221223
1760555230723,4,456.747,354.408,mc,4,1760555221223
1760555230723,5,290.238,272.849,mc,3,1760555221223
1760555230723,6,763.806,361.356,mc,4,1760555221223
1760555230723,7,105.982,357.926,mc,3,1760555221223
1760555230723,8,456.404,690.915,mc,4,1760555221223
1760555230723,9,320.947,518.126,mc,4,1760555221223
1760555230723,10,596.784,731.766,mc,4,1760555221223
1760555230723,11,309.675,497.781,mc,3,1760555221223
1760555230723,12,635.696,380.564,mc,5,1760555221223
1760555230723,13,590.554,315.532,mc,2,1760555221223
1760555230723,14,508.557,445.165,mc,4,1760555221223
1760555230723,15,661.611,559.001,mc,5,1760555221223
1760555230723,16,395.016,447.651,mc,0,1760555221223
1760555230823,2,521.955,252.726,mc,5,1760555221223
1760555230823,3,287.671,219.536,mc,3,1760555221223
1760555230823,4,457.152,354.491,mc,4,1760555221223
1760555230823,5,290.278,273.16,mc,3,1760555221223
1760555230823,6,763.734,361.753,mc,4,1760555221223
1760555230823,7,106.527,358.236,mc,3,1760555221223
1760555230823,8,456.163,690.724,mc,4,1760555221223
1760555230823,9,321.339,518.007,mc,4,1760555221223
1760555230823,10,596.555,732.142,mc,4,1760555221223
1760555230823,11,309.445,497.253,mc,3,1760555221223
1760555230823,12,635.628,380.029,mc,5,1760555221223
1760555230823,13,591.06,315.138,mc,2,1760555221223
1760555230823,14,508.109,444.966,mc,4,1760555221223
1760555230823,15,661.786,559.519,mc,5,1760555221223
1760555230823,16,395.164,447.268,mc,0,1760555221223
1760555230923,2,522.049,253.071,mc,5,1760555221223
1760555230923,3,287.211,219.92,mc,3,1760555221223
1760555230923,4,457.556,354.574,mc,4,1760555221223
1760555230923,5,290.319,273.47,mc,3,1760555221223
1760555230923,6,763.662,362.15,mc,4,1760555221223
1760555230923,7,107.072,358.545,mc,3,1760555221223
1760555230923,8,455.922,690.533,mc,4,1760555221223
1760555230923,9,321.731,517.889,mc,4,1760555221223
1760555230923,10,596.326,732.518,mc,4,1760555221223
1760555230923,11,309.215,496.725,mc,3,1760555221223
1760555230923,12,635.56,379.493,mc,5,1760555221223
1760555230923,13,591.566,314.743,mc,2,1760555221223
1760555230923,14,507.662,444.767,mc,4,1760555221223
1760555230923,15,661.961,560.037,mc,5,1760555221223
1760555230923,16,395.312,446.885,mc,0,1760555221223
1760555231023,2,522.142,253.416,mc,5,1760555221223
1760555231023,3,286.751,220.305,mc,3,1760555221223
1760555231023,4,457.961,354.657,mc,4,1760555221223
1760555231023,5,290.359,273.78,mc,3,1760555221223
1760555231023,6,763.589,362.547,mc,4,1760555221223
1760555231023,7,107.617,358.854,mc,3,1760555221223
1760555231023,8,455.848,690.252,mc,4,1760555221223
1760555231023,9,322.122,517.77,mc,4,1760555221223
1760555231023,10,596.097,732.894,mc,4,1760555221223
1760555231023,11,308.986,496.197,mc,3,1760555221223
1760555231023,12,635.492,378.957,mc,5,1760555221223
1760555231023,13,592.072,314.348,mc,2,1760555221223
1760555231023,14,507.214,444.568,mc,4,1760555221223
1760555231023,15,662.136,560.555,mc,5,1760555221223
1760555231023,16,395.46,446.502,mc,0,1760555221223
1760555231123,2,522.236,253.76,mc,5,1760555221223
1760555231123,3,286.291,220.69,mc,3,1760555221223
1760555231123,4,458.366,354.74,mc,4,1760555221223
1760555231123,5,290.399,274.09,mc,3,1760555221223
1760555231123,6,763.517,362.944,mc,4,1760555221223
1760555231123,7,108.162,359.163,mc,3,1760555221223
1760555231123,8,455.991,689.853,mc,4,1760555221223
1760555231123,9,322.514,517.651,mc,4,1760555221223
1760555231123,10,595.868,733.27,mc,4,1760555221223
1760555231123,11,308.756,495.669,mc,3,1760555221223
1760555231123,12,635.423,378.421,mc,5,1760555221223
1760555231123,13,592.578,313.953,mc,2,1760555221223
1760555231123,14,506.766,444.369,mc,4,1760555221223
1760555231123,15,662.311,561.073,mc,5,1760555221223
1760555231123,16,395.608,446.12,mc,0,1760555221223
1760555231223,2,522.33,254.105,mc,5,1760555221223
1760555231223,3,285.831,221.074,mc,3,1760555221223
1760555231223,4,458.771,354.822,mc,4,1760555221223
1760555231223,5,290.439,274.4,mc,3,1760555221223
1760555231223,6,763.445,363.341,mc,4,1760555221223
1760555231223,7,108.707,359.473,mc,3,1760555221223
1760555231223,8,456.135,689.454,mc,4,1760555221223
1760555231223,9,322.906,517.533,mc,4,1760555221223
1760555231223,10,595.639,733.646,mc,4,1760555221223
1760555231223,11,308.527,495.14,mc,3,1760555221223
1760555231223,12,635.355,377.885,mc,5,1760555221223
1760555231223,13,593.084,313.558,mc,2,1760555221223
1760555231223,14,506.318,444.17,mc,4,1760555221223
1760555231223,15,662.486,561.59,mc,5,1760555221223
1760555231223,16,395.756,445.737,mc,0,1760555221223
1760555231323,2,522.424,254.45,mc,5,1760555221223
1760555231323,3,285.371,221.459,mc,3,1760555221223
1760555231323,4,459.175,354.905,mc,4,1760555221223
1760555231323,5,290.48,274.71,mc,3,1760555221223
1760555231323,6,763.372,363.738,mc,4,1760555221223
1760555231323,7,109.251,359.782,mc,3,1760555221223
1760555231323,8,456.278,689.055,mc,4,1760555221223
1760555231323,9,323.297,517.414,mc,4,1760555221223
1760555231323,10,595.41,734.022,mc,4,1760555221223
1760555231323,11,308.297,494.612,mc,3,1760555221223
1760555231323,12,635.287,377.349,mc,5,1760555221223
1760555231323,13,593.59,313.164,mc,2,1760555221223
1760555231323,14,505.87,443.97,mc,4,1760555221223
1760555231323,15,662.662,562.108,mc,5,1760555221223
1760555231323,16,395.905,445.354,mc,0,1760555221223
1760555231423,2,522.518,254.795,mc,5,1760555221223
1760555231423,3,284.911,221.843,mc,3,1760555221223
1760555231423,4,459.58,354.988,mc,4,1760555221223
1760555231423,5,290.52,275.02,mc,3,1760555221223
1760555231423,6,763.3,364.135,mc,4,1760555221223
1760555231423,7,109.796,360.091,mc,3,1760555221223
1760555231423,8,456.422,688.656,mc,4,1760555221223
1760555231423,9,323.689,517.295,mc,4,1760555221223
1760555231423,10,595.181,734.398,mc,4,1760555221223
1760555231423,11,308.067,494.084,mc,3,1760555221223
1760555231423,12,635.218,376.813,mc,5,1760555221223
1760555231423,13,594.096,312.769,mc,2,1760555221223
1760555231423,14,505.422,443.771,mc,4,1760555221223
1760555231423,15,662.837,562.626,mc,5,1760555221223
1760555231423,16,396.053,444.971,mc,0,1760555221223
1760555231523,2,522.612,255.14,mc,5,1760555221223
1760555231523,3,284.451,222.228,mc,3,1760555221223
1760555231523,4,459.985,355.071,mc,4,1760555221223
1760555231523,5,290.56,275.33,mc,3,1760555221223
1760555231523,6,763.228,364.532,mc,4,1760555221223
1760555231523,7,110.341,360.4,mc,3,1760555221223
1760555231523,8,456.566,688.256,mc,4,1760555221223
1760555231523,9,324.081,517.177,mc,4,1760555221223
1760555231523,10,594.952,734.775,mc,4,1760555221223
1760555231523,11,307.838,493.556,mc,3,1760555221223
1760555231523,12,635.15,376.277,mc,5,1760555221223
1760555231523,13,594.602,312.374,mc,2,1760555221223
1760555231523,14,504.974,443.572,mc,4,1760555221223
1760555231523,15,663.012,563.144,mc,5,1760555221223
1760555231523,16,396.201,444.589,mc,0,1760555221223
1760555231623,2,522.706,255.485,mc,5,1760555221223
1760555231623,3,283.991,222.613,mc,3,1760555221223
1760555231623,4,460.39,355.154,mc,4,1760555221223
1760555231623,5,290.601,275.64,mc,3,1760555221223
1760555231623,6,763.155,364.929,mc,4,1760555221223
1760555231623,7,110.886,360.71,mc,3,1760555221223
1760555231623,8,456.709,687.857,mc,4,1760555221223
1760555231623,9,324.473,517.058,mc,4,1760555221223
1760555231623,10,594.723,735.151,mc,4,1760555221223
1760555231623,11,307.608,493.028,mc,3,1760555221223
1760555231623,12,635.082,375.741,mc,5,1760555221223
1760555231623,13,595.108,311.979,mc,2,1760555221223
1760555231623,14,504.527,443.373,mc,4,1760555221223
1760555231623,15,663.187,563.662,mc,5,1760555221223
1760555231623,16,396.349,444.206,mc,0,1760555221223
1760555231723,2,522.8,255.83,mc,5,1760555221223
1760555231723,3,283.531,222.997,mc,3,1760555221223
1760555231723,4,460.794,355.237,mc,4,1760555221223
1760555231723,5,290.641,275.95,mc,3,1760555221223
1760555231723,6,763.083,365.326,mc,4,1760555221223
1760555231723,7,111.431,361.019,mc,3,1760555221223
1760555231723,8,456.853,687.458,mc,4,1760555221223
1760555231723,9,324.864,516.939,mc,4,1760555221223
1760555231723,10,594.494,735.527,mc,4,1760555221223
1760555231723,11,307.379,492.5,mc,3,1760555221223
1760555231723,12,635.014,375.205,mc,5,1760555221223
1760555231723,13,595.614,311.584,mc,2,1760555221223
1760555231723,14,504.079,443.174,mc,4,1760555221223
1760555231723,15,663.362,564.18,mc,5,1760555221223
1760555231723,16,396.497,443.823,mc,0,1760555221223
1760555231823,2,522.893,256.175,mc,5,1760555221223
1760555231823,3,283.072,223.382,mc,3,1760555221223
1760555231823,4,461.199,355.32,mc,4,1760555221223
1760555231823,5,290.681,276.26,mc,3,1760555221223
1760555231823,6,763.011,365.723,mc,4,1760555221223
1760555231823,7,111.976,361.328,mc,3,1760555221223
1760555231823,8,456.996,687.059,mc,4,1760555221223
1760555231823,9,325.256,516.821,mc,4,1760555221223
1760555231823,10,594.265,735.903,mc,4,1760555221223
1760555231823,11,307.149,491.972,mc,3,1760555221223
1760555231823,12,634.945,374.669,mc,5,1760555221223
1760555231823,13,596.12,311.189,mc,2,1760555221223
1760555231823,14,503.631,442.975,mc,4,1760555221223
1760555231823,15,663.61,564.323,mc,5,1760555221223
1760555231823,16,396.645,443.441,mc,0,1760555221223
1760555231923,2,522.987,256.52,mc,5,1760555221223
1760555231923,3,282.612,223.766,mc,3,1760555221223
1760555231923,4,461.604,355.403,mc,4,1760555221223
1760555231923,5,290.722,276.57,mc,3,1760555221223
1760555231923,6,762.939,366.12,mc,4,1760555221223
1760555231923,7,112.521,361.637,mc,3,1760555221223
1760555231923,8,457.14,686.66,mc,4,1760555221223
1760555231923,9,325.648,516.702,mc,4,1760555221223
1760555231923,10,594.036,736.279,mc,4,1760555221223
1760555231923,11,306.92,491.443,mc,3,1760555221223
1760555231923,12,634.877,374.133,mc,5,1760555221223
1760555231923,13,596.625,310.795,mc,2,1760555221223
1760555231923,14,503.183,442.776,mc,4,1760555221223
1760555231923,15,663.985,563.809,mc,5,1760555221223
1760555231923,16,396.793,443.058,mc,0,1760555221223
1760555232023,2,523.081,256.865,mc,5,1760555221223
1760555232023,3,282.152,224.151,mc,3,1760555221223
1760555232023,4,462.009,355.486,mc,4,1760555221223
1760555232023,5,290.762,276.88,mc,3,1760555221223
1760555232023,6,762.866,366.517,mc,4,1760555221223
1760555232023,7,113.065,361.947,mc,3,1760555221223
1760555232023,8,457.284,686.261,mc,4,1760555221223
1760555232023,9,326.039,516.583,mc,4,1760555221223
1760555232023,10,593.807,736.655,mc,4,1760555221223
1760555232023,11,306.69,490.915,mc,3,1760555221223
1760555232023,12,634.809,373.597,mc,5,1760555221223
1760555232023,13,597.131,310.4,mc,2,1760555221223
1760555232023,14,502.735,442.577,mc,4,1760555221223
1760555232023,15,664.36,563.295,mc,5,1760555221223
1760555232023,16,396.941,442.675,mc,0,1760555221223
1760555232123,2,523.175,257.21,mc,5,1760555221223
1760555232123,3,281.692,224.536,mc,3,1760555221223
1760555232123,4,462.413,355.569,mc,4,1760555221223
1760555232123,5,290.802,277.19,mc,3,1760555221223
1760555232123,6,762.794,366.914,mc,4,1760555221223
1760555232123,7,113.61,362.256,mc,3,1760555221223
1760555232123,8,457.427,685.862,mc,4,1760555221223
1760555232123,9,326.431,516.465,mc,4,1760555221223
1760555232123,10,593.578,737.031,mc,4,1760555221223
1760555232123,11,306.46,490.387,mc,3,1760555221223
1760555232123,12,634.741,373.061,mc,5,1760555221223
1760555232123,13,597.637,310.005,mc,2,1760555221223
1760555232123,14,502.287,442.378,mc,4,1760555221223
1760555232123,15,664.736,562.781,mc,5,1760555221223
1760555232123,16,397.089,442.292,mc,0,1760555221223
1760555232223,2,523.269,257.555,mc,5,1760555221223
1760555232223,3,281.232,224.92,mc,3,1760555221223
1760555232223,4,462.818,355.652,mc,4,1760555221223
1760555232223,5,290.842,277.501,mc,3,1760555221223
1760555232223,6,762.722,367.31,mc,4,1760555221223
1760555232223,7,114.155,362.565,mc,3,1760555221223
1760555232223,8,457.571,685.462,mc,4,1760555221223
1760555232223,9,326.823,516.346,mc,4,1760555221223
1760555232223,10,593.349,737.407,mc,4,1760555221223
1760555232223,11,306.231,489.859,mc,3,1760555221223
1760555232223,12,634.672,372.525,mc,5,1760555221223
1760555232223,13,598.143,309.61,mc,2,1760555221223
1760555232223,14,501.839,442.178,mc,4,1760555221223
1760555232223,15,665.111,562.267,mc,5,1760555221223
1760555232223,16,397.237,441.91,mc,0,1760555221223
1760555232323,2,523.363,257.9,mc,5,1760555221223
1760555232323,3,280.772,225.305,mc,3,1760555221223
1760555232323,4,463.223,355.735,mc,4,1760555221223
1760555232323,5,290.883,277.811,mc,3,1760555221223
1760555232323,6,762.649,367.707,mc,4,1760555221223
1760555232323,7,114.7,362.874,mc,3,1760555221223
1760555232323,8,457.715,685.063,mc,4,1760555221223
1760555232323,9,327.215,516.227,mc,4,1760555221223
1760555232323,10,593.12,737.783,mc,4,1760555221223
1760555232323,11,306.001,489.331,mc,3,1760555221223
1760555232323,12,634.604,371.99,mc,5,1760555221223
1760555232323,13,598.649,309.215,mc,2,1760555221223
1760555232323,14,501.392,441.979,mc,4,1760555221223
1760555232323,15,665.486,561.753,mc,5,1760555221223
1760555232323,16,397.385,441.527,mc,0,1760555221223
1760555232423,2,523.457,258.244,mc,5,1760555221223
1760555232423,3,280.312,225.689,mc,3,1760555221223
1760555232423,4,463.628,355.818,mc,4,1760555221223
1760555232423,5,290.923,278.121,mc,3,1760555221223
1760555232423,6,762.577,368.104,mc,4,1760555221223
1760555232423,7,115.245,363.184,mc,3,1760555221223
1760555232423,8,457.858,684.664,mc,4,1760555221223
1760555232423,9,327.606,516.109,mc,4,1760555221223
1760555232423,10,592.891,738.159,mc,4,1760555221223
1760555232423,11,305.626,489.136,mc,3,1760555221223
1760555232423,12,634.374,371.832,mc,5,1760555221223
1760555232423,13,599.155,308.821,mc,2,1760555221223
1760555232423,14,500.944,441.78,mc,4,1760555221223
1760555232423,15,665.861,561.239,mc,5,1760555221223
1760555232423,16,397.533,441.144,mc,0,1760555221223
1760555232523,2,523.551,258.589,mc,5,1760555221223
1760555232523,3,279.852,226.074,mc,3,1760555221223
1760555232523,4,464.032,355.901,mc,4,1760555221223
1760555232523,5,290.963,278.431,mc,3,1760555221223
1760555232523,6,762.505,368.501,mc,4,1760555221223
1760555232523,7,115.79,363.493,mc,3,1760555221223
1760555232523,8,458.002,684.265,mc,4,1760555221223
1760555232523,9,327.998,515.99,mc,4,1760555221223
1760555232523,10,592.662,738.535,mc,4,1760555221223
1760555232523,11,305.104,489.276,mc,3,1760555221223
1760555232523,12,633.97,372.08,mc,5,1760555221223
1760555232523,13,599.661,308.426,mc,2,1760555221223
1760555232523,14,500.496,441.581,mc,4,1760555221223
1760555232523,15,666.236,560.725,mc,5,1760555221223
1760555232523,16,397.681,440.762,mc,0,1760555221223
1760555232623,2,523.645,258.934,mc,5,1760555221223
1760555232623,3,279.392,226.458,mc,3,1760555221223
1760555232623,4,464.437,355.984,mc,4,1760555221223
1760555232623,5,291.004,278.741,mc,3,1760555221223
1760555232623,6,762.432,368.898,mc,4,1760555221223
1760555232623,7,116.335,363.802,mc,3,1760555221223
1760555232623,8,458.145,683.866,mc,4,1760555221223
1760555232623,9,328.39,515.871,mc,4,1760555221223
1760555232623,10,592.433,738.911,mc,4,1760555221223
1760555232623,11,304.581,489.416,mc,3,1760555221223
1760555232623,12,633.566,372.327,mc,5,1760555221223
1760555232623,13,600.167,308.031,mc,2,1760555221223
1760555232623,14,500.048,441.382,mc,4,1760555221223
1760555232623,15,666.611,560.211,mc,5,1760555221223
1760555232623,16,397.829,440.379,mc,0,1760555221223
1760555232723,2,523.738,259.279,mc,5,1760555221223
1760555232723,3,278.932,226.843,mc,3,1760555221223
1760555232723,4,464.842,356.067,mc,4,1760555221223
1760555232723,5,291.044,279.051,mc,3,1760555221223
1760555232723,6,762.36,369.295,mc,4,1760555221223
1760555232723,7,116.88,364.111,mc,3,1760555221223
1760555232723,8,458.289,683.467,mc,4,1760555221223
1760555232723,9,328.782,515.753,mc,4,1760555221223
1760555232723,10,592.204,739.287,mc,4,1760555221223
1760555232723,11,304.059,489.556,mc,3,1760555221223
1760555232723,12,633.162,372.574,mc,5,1760555221223
1760555232723,13,600.673,307.636,mc,2,1760555221223
1760555232723,14,499.6,441.183,mc,4,1760555221223
1760555232723,15,666.986,559.697,mc,5,1760555221223
1760555232723,16,397.977,439.996,mc,0,1760555221223
1760555232823,2,523.832,259.624,mc,5,1760555221223
1760555232823,3,278.472,227.228,mc,3,1760555221223
1760555232823,4,465.247,356.15,mc,4,1760555221223
1760555232823,5,291.084,279.361,mc,3,1760555221223
1760555232823,6,762.288,369.692,mc,4,1760555221223
1760555232823,7,117.424,364.421,mc,3,1760555221223
1760555232823,8,458.433,683.068,mc,4,1760555221223
1760555232823,9,329.173,515.634,mc,4,1760555221223
1760555232823,10,591.975,739.663,mc,4,1760555221223
1760555232823,11,303.537,489.696,mc,3,1760555221223
1760555232823,12,632.758,372.821,mc,5,1760555221223
1760555232823,13,601.179,307.241,mc,2,1760555221223
1760555232823,14,499.152,440.984,mc,4,1760555221223
1760555232823,15,667.362,559.183,mc,5,1760555221223
1760555232823,16,398.125,439.613,mc,0,1760555221223
1760555232923,2,523.926,259.969,mc,5,1760555221223
1760555232923,3,278.012,227.612,mc,3,1760555221223
1760555232923,4,465.651,356.233,mc,4,1760555221223
1760555232923,5,291.124,279.671,mc,3,1760555221223
1760555232923,6,762.215,370.089,mc,4,1760555221223
1760555232923,7,117.969,364.73,mc,3,1760555221223
1760555232923,8,458.576,682.668,mc,4,1760555221223
1760555232923,9,329.565,515.515,mc,4,1760555221223
1760555232923,10,591.746,740.039,mc,4,1760555221223
1760555232923,11,303.015,489.837,mc,3,1760555221223
1760555232923,12,632.354,373.069,mc,5,1760555221223
1760555232923,13,601.685,306.846,mc,2,1760555221223
1760555232923,14,498.704,440.785,mc,4,1760555221223
1760555232923,15,667.737,558.669,mc,5,1760555221223
1760555232923,16,398.273,439.231,mc,0,1760555221223
1760555233023,2,524.02,260.314,mc,5,1760555221223
1760555233023,3,277.552,227.997,mc,3,1760555221223
1760555233023,4,466.056,356.315,mc,4,1760555221223
1760555233023,5,291.165,279.981,mc,3,1760555221223
1760555233023,6,762.143,370.486,mc,4,1760555221223
1760555233023,7,118.514,365.039,mc,3,1760555221223
1760555233023,8,458.72,682.269,mc,4,1760555221223
1760555233023,9,329.957,515.397,mc,4,1760555221223
1760555233023,10,591.522,740.138,mc,4,1760555221223
1760555233023,11,302.493,489.977,mc,3,1760555221223
1760555233023,12,631.95,373.316,mc,5,1760555221223
1760555233023,13,602.191,306.452,mc,2,1760555221223
1760555233023,14,498.257,440.586,mc,4,1760555221223
1760555233023,15,668.112,558.155,mc,5,1760555221223
1760555233023,16,398.421,438.848,mc,0,1760555221223
1760555233123,2,524.114,260.659,mc,5,1760555221223
1760555233123,3,277.092,228.381,mc,3,1760555221223
1760555233123,4,466.461,356.398,mc,4,1760555221223
1760555233123,5,291.205,280.291,mc,3,1760555221223
1760555233123,6,762.071,370.883,mc,4,1760555221223
1760555233123,7,119.059,365.348,mc,3,1760555221223
1760555233123,8,458.863,681.87,mc,4,1760555221223
1760555233123,9,330.348,515.278,mc,4,1760555221223
1760555233123,10,591.305,739.77,mc,4,1760555221223
1760555233123,11,301.971,490.117,mc,3,1760555221223
1760555233123,12,631.546,373.563,mc,5,1760555221223
1760555233123,13,602.697,306.057,mc,2,1760555221223
1760555233123,14,497.809,440.386,mc,4,1760555221223
1760555233123,15,668.487,557.641,mc,5,1760555221223
1760555233123,16,398.569,438.465,mc,0,1760555221223
1760555233223,2,524.208,261.004,mc,5,1760555221223
1760555233223,3,276.632,228.766,mc,3,1760555221223
1760555233223,4,466.866,356.481,mc,4,1760555221223
1760555233223,5,291.245,280.601,mc,3,1760555221223
1760555233223,6,761.998,371.28,mc,4,1760555221223
1760555233223,7,119.604,365.658,mc,3,1760555221223
1760555233223,8,459.007,681.471,mc,4,1760555221223
1760555233223,9,330.74,515.159,mc,4,1760555221223
1760555233223,10,591.087,739.402,mc,4,1760555221223
1760555233223,11,301.449,490.257,mc,3,1760555221223
1760555233223,12,631.142,373.811,mc,5,1760555221223
1760555233223,13,603.203,305.662,mc,2,1760555221223
1760555233223,14,497.361,440.187,mc,4,1760555221223
1760555233223,15,668.862,557.127,mc,5,1760555221223
1760555233223,16,398.717,438.083,mc,0,1760555221223
1760555233323,2,524.302,261.349,mc,5,1760555221223
1760555233323,3,276.172,229.151,mc,3,1760555221223
1760555233323,4,467.27,356.564,mc,4,1760555221223
1760555233323,5,291.286,280.911,mc,3,1760555221223
1760555233323,6,761.926,371.677,mc,4,1760555221223
1760555233323,7,120.149,365.967,mc,3,1760555221223
1760555233323,8,459.151,681.072,mc,4,1760555221223
1760555233323,9,331.132,515.041,mc,4,1760555221223
1760555233323,10,590.87,739.033,mc,4,1760555221223
1760555233323,11,300.927,490.397,mc,3,1760555221223
1760555233323,12,630.738,374.058,mc,5,1760555221223
1760555233323,13,603.709,305.267,mc,2,1760555221223
1760555233323,14,496.913,439.988,mc,4,1760555221223
1760555233323,15,669.237,556.613,mc,5,1760555221223
1760555233323,16,398.865,437.7,mc,0,1760555221223
1760555233423,2,524.396,261.694,mc,5,1760555221223
1760555233423,3,275.712,229.535,mc,3,1760555221223
1760555233423,4,467.675,356.647,mc,4,1760555221223
1760555233423,5,291.326,281.221,mc,3,1760555221223
1760555233423,6,761.854,372.074,mc,4,1760555221223
1760555233423,7,120.694,366.276,mc,3,1760555221223
1760555233423,8,459.294,680.673,mc,4,1760555221223
1760555233423,9,331.524,514.922,mc,4,1760555221223
1760555233423,10,590.653,738.665,mc,4,1760555221223
1760555233423,11,300.405,490.537,mc,3,1760555221223
1760555233423,12,630.335,374.305,mc,5,1760555221223
1760555233423,13,604.214,304.872,mc,2,1760555221223
1760555233423,14,496.465,439.789,mc,4,1760555221223
1760555233423,15,669.613,556.099,mc,5,1760555221223
1760555233423,16,399.109,438.162,mc,0,1760555221223
1760555233523,2,524.49,262.039,mc,5,1760555221223
1760555233523,3,275.425,229.459,mc,3,1760555221223
1760555233523,4,468.08,356.73,mc,4,1760555221223
1760555233523,5,291.366,281.531,mc,3,1760555221223
1760555233523,6,761.781,372.471,mc,4,1760555221223
1760555233523,7,121.238,366.585,mc,3,1760555221223
1760555233523,8,459.438,680.274,mc,4,1760555221223
1760555233523,9,331.915,514.804,mc,4,1760555221223
1760555233523,10,590.435,738.296,mc,4,1760555221223
1760555233523,11,299.883,490.677,mc,3,1760555221223
1760555233523,12,629.931,374.552,mc,5,1760555221223
1760555233523,13,604.72,304.478,mc,2,1760555221223
1760555233523,14,496.017,439.59,mc,4,1760555221223
1760555233523,15,669.988,555.585,mc,5,1760555221223
1760555233523,16,399.355,438.644,mc,0,1760555221223
1760555233623,2,524.583,262.384,mc,5,1760555221223
1760555233623,3,275.328,228.874,mc,3,1760555221223
1760555233623,4,468.485,356.813,mc,4,1760555221223
1760555233623,5,291.407,281.842,mc,3,1760555221223
1760555233623,6,761.709,372.868,mc,4,1760555221223
1760555233623,7,121.751,366.787,mc,3,1760555221223
1760555233623,8,459.581,679.874,mc,4,1760555221223
1760555233623,9,332.307,514.685,mc,4,1760555221223
1760555233623,10,590.218,737.928,mc,4,1760555221223
1760555233623,11,299.361,490.817,mc,3,1760555221223
1760555233623,12,629.527,374.8,mc,5,1760555221223
1760555233623,13,605.226,304.083,mc,2,1760555221223
1760555233623,14,495.569,439.391,mc,4,1760555221223
1760555233623,15,670.363,555.071,mc,5,1760555221223
1760555233623,16,399.601,439.125,mc,0,1760555221223
1760555233723,2,524.677,262.728,mc,5,1760555221223
1760555233723,3,275.231,228.289,mc,3,1760555221223
1760555233723,4,468.889,356.896,mc,4,1760555221223
1760555233723,5,291.447,282.152,mc,3,1760555221223
1760555233723,6,761.637,373.265,mc,4,1760555221223
1760555233723,7,122.221,366.844,mc,3,1760555221223
1760555233723,8,459.725,679.475,mc,4,1760555221223
1760555233723,9,332.699,514.566,mc,4,1760555221223
1760555233723,10,590.001,737.56,mc,4,1760555221223
1760555233723,11,298.839,490.957,mc,3,1760555221223
1760555233723,12,629.123,375.047,mc,5,1760555221223
1760555233723,13,605.732,303.688,mc,2,1760555221223
1760555233723,14,495.121,439.192,mc,4,1760555221223
1760555233723,15,670.738,554.557,mc,5,1760555221223
1760555233723,16,399.847,439.607,mc,0,1760555221223
1760555233823,2,524.771,263.073,mc,5,1760555221223
1760555233823,3,275.134,227.704,mc,3,1760555221223
1760555233823,4,469.294,356.979,mc,4,1760555221223
1760555233823,5,291.487,282.462,mc,3,1760555221223
1760555233823,6,761.564,373.662,mc,4,1760555221223
1760555233823,7,122.691,366.9,mc,3,1760555221223
1760555233823,8,459.869,679.076,mc,4,1760555221223
1760555233823,9,333.091,514.448,mc,4,1760555221223
1760555233823,10,589.784,737.191,mc,4,1760555221223
1760555233823,11,298.317,491.097,mc,3,1760555221223
1760555233823,12,628.719,375.294,mc,5,1760555221223
1760555233823,13,606.238,303.293,mc,2,1760555221223
1760555233823,14,494.674,438.993,mc,4,1760555221223
1760555233823,15,671.113,554.043,mc,5,1760555221223
1760555233823,16,400.094,440.088,mc,0,1760555221223
1760555233923,2,524.865,263.418,mc,5,1760555221223
1760555233923,3,275.036,227.119,mc,3,1760555221223
1760555233923,4,469.699,357.062,mc,4,1760555221223
1760555233923,5,291.527,282.772,mc,3,1760555221223
1760555233923,6,761.492,374.059,mc,4,1760555221223
1760555233923,7,123.16,366.957,mc,3,1760555221223
1760555233923,8,460.012,678.677,mc,4,1760555221223
1760555233923,9,333.482,514.329,mc,4,1760555221223
1760555233923,10,589.566,736.823,mc,4,1760555221223
1760555233923,11,297.795,491.237,mc,3,1760555221223
1760555233923,12,628.315,375.542,mc,5,1760555221223
1760555233923,13,606.744,302.898,mc,2,1760555221223
1760555233923,14,494.226,438.794,mc,4,1760555221223
1760555233923,15,671.488,553.529,mc,5,1760555221223
1760555233923,16,400.34,440.57,mc,0,1760555221223
1760555234023,2,524.959,263.763,mc,5,1760555221223
1760555234023,3,274.939,226.535,mc,3,1760555221223
1760555234023,4,470.104,357.145,mc,4,1760555221223
1760555234023,5,291.568,283.082,mc,3,1760555221223
1760555234023,6,761.42,374.456,mc,4,1760555221223
1760555234023,7,123.63,367.013,mc,3,1760555221223
1760555234023,8,460.156,678.278,mc,4,1760555221223
1760555234023,9,333.874,514.21,mc,4,1760555221223
1760555234023,10,589.349,736.455,mc,4,1760555221223
1760555234023,11,297.272,491.377,mc,3,1760555221223
1760555234023,12,627.911,375.789,mc,5,1760555221223
1760555234023,13,607.25,302.503,mc,2,1760555221223
1760555234023,14,493.778,438.594,mc,4,1760555221223
1760555234023,15,671.863,553.015,mc,5,1760555221223
1760555234023,16,400.586,441.052,mc,0,1760555221223
1760555234123,2,525.053,264.108,mc,5,1760555221223
1760555234123,3,274.842,225.95,mc,3,1760555221223
1760555234123,4,470.508,357.228,mc,4,1760555221223
1760555234123,5,291.608,283.392,mc,3,1760555221223
1760555234123,6,761.347,374.853,mc,4,1760555221223
1760555234123,7,124.1,367.07,mc,3,1760555221223
1760555234123,8,460.299,677.879,mc,4,1760555221223
1760555234123,9,334.266,514.092,mc,4,1760555221223
1760555234123,10,589.132,736.086,mc,4,1760555221223
1760555234123,11,296.75,491.518,mc,3,1760555221223
1760555234123,12,627.507,376.036,mc,5,1760555221223
1760555234123,13,607.756,302.109,mc,2,1760555221223
1760555234123,14,493.33,438.395,mc,4,1760555221223
1760555234123,15,672.239,552.501,mc,5,1760555221223
1760555234123,16,400.832,441.533,mc,0,1760555221223
1760555234223,2,525.147,264.453,mc,5,1760555221223
1760555234223,3,274.745,225.365,mc,3,1760555221223
1760555234223,4,470.913,357.311,mc,4,1760555221223
1760555234223,5,291.648,283.702,mc,3,1760555221223
1760555234223,6,761.275,375.25,mc,4,1760555221223
1760555234223,7,124.57,367.127,mc,3,1760555221223
1760555234223,8,460.443,677.48,mc,4,1760555221223
1760555234223,9,334.657,513.973,mc,4,1760555221223
1760555234223,10,588.915,735.718,mc,4,1760555221223
1760555234223,11,296.228,491.658,mc,3,1760555221223
1760555234223,12,627.103,376.283,mc,5,1760555221223
1760555234223,13,608.262,301.714,mc,2,1760555221223
1760555234223,14,492.882,438.196,mc,4,1760555221223
1760555234223,15,672.614,551.987,mc,5,1760555221223
1760555234223,16,401.078,442.015,mc,0,1760555221223
1760555234323,2,525.241,264.798,mc,5,1760555221223
1760555234323,3,274.648,224.78,mc,3,1760555221223
1760555234323,4,471.318,357.394,mc,4,1760555221223
1760555234323,5,291.689,284.012,mc,3,1760555221223
1760555234323,6,761.203,375.647,mc,4,1760555221223
1760555234323,7,125.039,367.183,mc,3,1760555221223
1760555234323,8,460.587,677.08,mc,4,1760555221223
1760555234323,9,335.049,513.854,mc,4,1760555221223
1760555234323,10,588.697,735.349,mc,4,1760555221223
1760555234323,11,295.706,491.798,mc,3,1760555221223
1760555234323,12,626.699,376.531,mc,5,1760555221223
1760555234323,13,608.768,301.319,mc,2,1760555221223
1760555234323,14,492.434,437.997,mc,4,1760555221223
1760555234323,15,672.989,551.473,mc,5,1760555221223
1760555234323,16,401.324,442.496,mc,0,1760555221223
1760555234423,2,525.334,265.143,mc,5,1760555221223
1760555234423,3,274.551,224.195,mc,3,1760555221223
1760555234423,4,471.723,357.477,mc,4,1760555221223
1760555234423,5,291.729,284.322,mc,3,1760555221223
1760555234423,6,761.131,376.043,mc,4,1760555221223
1760555234423,7,125.509,367.24,mc,3,1760555221223
1760555234423,8,460.73,676.681,mc,4,1760555221223
1760555234423,9,335.441,513.736,mc,4,1760555221223
1760555234423,10,588.48,734.981,mc,4,1760555221223
1760555234423,11,295.184,491.938,mc,3,1760555221223
1760555234423,12,626.295,376.778,mc,5,1760555221223
1760555234423,13,609.274,300.924,mc,2,1760555221223
1760555234423,14,491.986,437.798,mc,4,1760555221223
1760555234423,15,673.364,550.959,mc,5,1760555221223
1760555234423,16,401.57,442.978,mc,0,1760555221223
1760555234523,2,525.428,265.488,mc,5,1760555221223
1760555234523,3,274.454,223.61,mc,3,1760555221223
1760555234523,4,472.127,357.56,mc,4,1760555221223
1760555234523,5,291.769,284.632,mc,3,1760555221223
1760555234523,6,761.058,376.44,mc,4,1760555221223
1760555234523,7,125.979,367.296,mc,3,1760555221223
1760555234523,8,460.874,676.282,mc,4,1760555221223
1760555234523,9,335.833,513.617,mc,4,1760555221223
1760555234523,10,588.263,734.613,mc,4,1760555221223
1760555234523,11,294.662,492.078,mc,3,1760555221223
1760555234523,12,625.892,377.025,mc,5,1760555221223
1760555234523,13,609.78,300.529,mc,2,1760555221223
1760555234523,14,491.539,437.599,mc,4,1760555221223
1760555234523,15,673.739,550.445,mc,5,1760555221223
1760555234523,16,401.817,443.46,mc,0,1760555221223
1760555234623,2,525.522,265.833,mc,5,1760555221223
1760555234623,3,274.357,223.026,mc,3,1760555221223
1760555234623,4,472.532,357.643,mc,4,1760555221223
1760555234623,5,291.81,284.942,mc,3,1760555221223
1760555234623,6,760.986,376.837,mc,4,1760555221223
1760555234623,7,126.449,367.353,mc,3,1760555221223
1760555234623,8,461.018,675.883,mc,4,1760555221223
1760555234623,9,336.224,513.498,mc,4,1760555221223
1760555234623,10,588.045,734.244,mc,4,1760555221223
1760555234623,11,294.14,492.218,mc,3,1760555221223
1760555234623,12,625.488,377.272,mc,5,1760555221223
1760555234623,13,609.797,300.618,mc,2,1760555221223
1760555234623,14,491.091,437.4,mc,4,1760555221223
1760555234623,15,674.114,549.931,mc,5,1760555221223
1760555234623,16,402.063,443.941,mc,0,1760555221223
1760555234723,2,525.616,266.178,mc,5,1760555221223
1760555234723,3,274.259,222.441,mc,3,1760555221223
1760555234723,4,472.937,357.726,mc,4,1760555221223
1760555234723,5,291.85,285.252,mc,3,1760555221223
1760555234723,6,761.27,376.546,mc,4,1760555221223
1760555234723,7,126.918,367.409,mc,3,1760555221223
1760555234723,8,461.161,675.484,mc,4,1760555221223
1760555234723,9,336.616,513.38,mc,4,1760555221223
1760555234723,10,587.828,733.876,mc,4,1760555221223
1760555234723,11,293.618,492.358,mc,3,1760555221223
1760555234723,12,625.084,377.52,mc,5,1760555221223
1760555234723,13,609.507,301.012,mc,2,1760555221223
1760555234723,14,490.643,437.201,mc,4,1760555221223
1760555234723,15,674.489,549.417,mc,5,1760555221223
1760555234723,16,402.309,444.423,mc,0,1760555221223
1760555234823,2,525.71,266.523,mc,5,1760555221223
1760555234823,3,274.162,221.856,mc,3,1760555221223
1760555234823,4,473.342,357.808,mc,4,1760555221223
1760555234823,5,291.89,285.562,mc,3,1760555221223
1760555234823,6,761.681,376.011,mc,4,1760555221223
1760555234823,7,127.388,367.466,mc,3,1760555221223
1760555234823,8,461.305,675.085,mc,4,1760555221223
1760555234823,9,337.008,513.261,mc,4,1760555221223
1760555234823,10,587.611,733.508,mc,4,1760555221223
1760555234823,11,293.096,492.498,mc,3,1760555221223
1760555234823,12,624.68,377.767,mc,5,1760555221223
1760555234823,13,609.216,301.406,mc,2,1760555221223
1760555234823,14,490.195,437.002,mc,4,1760555221223
1760555234823,15,674.865,548.903,mc,5,1760555221223
1760555234823,16,402.555,444.904,mc,0,1760555221223
1760555234923,2,525.782,266.885,mc,5,1760555221223
1760555234923,3,274.065,221.271,mc,3,1760555221223
1760555234923,4,473.746,357.891,mc,4,1760555221223
1760555234923,5,291.93,285.872,mc,3,1760555221223
1760555234923,6,762.092,375.475,mc,4,1760555221223
1760555234923,7,127.858,367.522,mc,3,1760555221223
1760555234923,8,461.448,674.686,mc,4,1760555221223
1760555234923,9,337.4,513.142,mc,4,1760555221223
1760555234923,10,587.394,733.139,mc,4,1760555221223
1760555234923,11,292.574,492.638,mc,3,1760555221223
1760555234923,12,624.276,378.014,mc,5,1760555221223
1760555234923,13,608.925,301.8,mc,2,1760555221223
1760555234923,14,489.747,436.802,mc,4,1760555221223
1760555234923,15,675.24,548.389,mc,5,1760555221223
1760555234923,16,402.801,445.386,mc,0,1760555221223
1760555235023,2,525.68,267.389,mc,5,1760555221223
1760555235023,3,273.968,220.686,mc,3,1760555221223
1760555235023,4,474.151,357.974,mc,4,1760555221223
1760555235023,5,291.971,286.182,mc,3,1760555221223
1760555235023,6,762.503,374.94,mc,4,1760555221223
1760555235023,7,128.327,367.579,mc,3,1760555221223
1760555235023,8,461.592,674.286,mc,4,1760555221223
1760555235023,9,337.791,513.024,mc,4,1760555221223
1760555235023,10,587.176,732.771,mc,4,1760555221223
1760555235023,11,292.052,492.778,mc,3,1760555221223
1760555235023,12,623.872,378.262,mc,5,1760555221223
1760555235023,13,608.634,302.194,mc,2,1760555221223
1760555235023,14,489.299,436.603,mc,4,1760555221223
1760555235023,15,675.615,547.875,mc,5,1760555221223
1760555235023,16,403.047,445.868,mc,0,1760555221223
1760555235123,2,525.578,267.893,mc,5,1760555221223
1760555235123,3,273.871,220.101,mc,3,1760555221223
1760555235123,4,474.556,358.057,mc,4,1760555221223
1760555235123,5,292.011,286.493,mc,3,1760555221223
1760555235123,6,762.914,374.404,mc,4,1760555221223
1760555235123,7,128.797,367.636,mc,3,1760555221223
1760555235123,8,461.736,673.887,mc,4,1760555221223
1760555235123,9,338.183,512.905,mc,4,1760555221223
1760555235123,10,586.959,732.402,mc,4,1760555221223
1760555235123,11,291.53,492.918,mc,3,1760555221223
1760555235123,12,623.468,378.509,mc,5,1760555221223
1760555235123,13,608.344,302.588,mc,2,1760555221223
1760555235123,14,488.851,436.404,mc,4,1760555221223
1760555235123,15,675.99,547.361,mc,5,1760555221223
1760555235123,16,403.294,446.349,mc,0,1760555221223
1760555235223,2,525.476,268.396,mc,5,1760555221223
1760555235223,3,273.774,219.516,mc,3,1760555221223
1760555235223,4,474.961,358.14,mc,4,1760555221223
1760555235223,5,292.051,286.803,mc,3,1760555221223
1760555235223,6,763.324,373.869,mc,4,1760555221223
1760555235223,7,129.267,367.692,mc,3,1760555221223
1760555235223,8,461.879,673.488,mc,4,1760555221223
1760555235223,9,338.575,512.786,mc,4,1760555221223
1760555235223,10,586.742,732.034,mc,4,1760555221223
1760555235223,11,291.008,493.058,mc,3,1760555221223
1760555235223,12,623.064,378.756,mc,5,1760555221223
1760555235223,13,608.053,302.982,mc,2,1760555221223
1760555235223,14,488.404,436.205,mc,4,1760555221223
1760555235223,15,676.365,546.847,mc,5,1760555221223
1760555235223,16,403.54,446.831,mc,0,1760555221223
1760555235323,2,525.375,268.9,mc,5,1760555221223
1760555235323,3,273.677,218.932,mc,3,1760555221223
1760555235323,4,475.365,358.223,mc,4,1760555221223
1760555235323,5,292.092,287.113,mc,3,1760555221223
1760555235323,6,763.735,373.333,mc,4,1760555221223
1760555235323,7,129.737,367.749,mc,3,1760555221223
1760555235323,8,462.023,673.089,mc,4,1760555221223
1760555235323,9,338.966,512.668,mc,4,1760555221223
1760555235323,10,586.525,731.666,mc,4,1760555221223
1760555235323,11,290.486,493.199,mc,3,1760555221223
1760555235323,12,622.66,379.003,mc,5,1760555221223
1760555235323,13,607.762,303.376,mc,2,1760555221223
1760555235323,14,487.956,436.006,mc,4,1760555221223
1760555235323,15,676.74,546.333,mc,5,1760555221223
1760555235323,16,403.786,447.312,mc,0,1760555221223
1760555235423,2,525.273,269.404,mc,5,1760555221223
1760555235423,3,273.58,218.347,mc,3,1760555221223
1760555235423,4,475.77,358.306,mc,4,1760555221223
1760555235423,5,292.132,287.423,mc,3,1760555221223
1760555235423,6,764.146,372.798,mc,4,1760555221223
1760555235423,7,130.206,367.805,mc,3,1760555221223
1760555235423,8,462.166,672.69,mc,4,1760555221223
1760555235423,9,339.358,512.549,mc,4,1760555221223
1760555235423,10,586.307,731.297,mc,4,1760555221223
1760555235423,11,289.963,493.339,mc,3,1760555221223
1760555235423,12,622.256,379.251,mc,5,1760555221223
1760555235423,13,607.471,303.77,mc,2,1760555221223
1760555235423,14,487.508,435.807,mc,4,1760555221223
1760555235423,15,677.115,545.819,mc,5,1760555221223
1760555235423,16,404.032,447.794,mc,0,1760555221223
1760555235523,2,525.171,269.907,mc,5,1760555221223
1760555235523,3,273.482,217.762,mc,3,1760555221223
1760555235523,4,476.112,358.442,mc,4,1760555221223
1760555235523,5,292.172,287.733,mc,3,1760555221223
1760555235523,6,764.557,372.262,mc,4,1760555221223
1760555235523,7,130.676,367.862,mc,3,1760555221223
1760555235523,8,462.31,672.291,mc,4,1760555221223
1760555235523,9,339.75,512.43,mc,4,1760555221223
1760555235523,10,586.09,730.929,mc,4,1760555221223
1760555235523,11,289.441,493.479,mc,3,1760555221223
1760555235523,12,621.852,379.498,mc,5,1760555221223
1760555235523,13,607.18,304.164,mc,2,1760555221223
1760555235523,14,487.06,435.608,mc,4,1760555221223
1760555235523,15,677.491,545.305,mc,5,1760555221223
1760555235523,16,404.278,448.276,mc,0,1760555221223
1760555235623,2,525.069,270.411,mc,5,1760555221223
1760555235623,3,273.385,217.177,mc,3,1760555221223
1760555235623,4,476.02,358.943,mc,4,1760555221223
1760555235623,5,292.213,288.043,mc,3,1760555221223
1760555235623,6,764.968,371.726,mc,4,1760555221223
1760555235623,7,131.146,367.918,mc,3,1760555221223
1760555235623,8,462.454,671.892,mc,4,1760555221223
1760555235623,9,340.142,512.312,mc,4,1760555221223
1760555235623,10,585.873,730.561,mc,4,1760555221223
1760555235623,11,288.919,493.619,mc,3,1760555221223
1760555235623,12,621.449,379.745,mc,5,1760555221223
1760555235623,13,606.89,304.558,mc,2,1760555221223
1760555235623,14,486.612,435.409,mc,4,1760555221223
1760555235623,15,677.866,544.791,mc,5,1760555221223
1760555235623,16,404.524,448.757,mc,0,1760555221223
1760555235723,2,524.967,270.914,mc,5,1760555221223
1760555235723,3,273.288,216.592,mc,3,1760555221223
1760555235723,4,475.929,359.444,mc,4,1760555221223
1760555235723,5,292.253,288.353,mc,3,1760555221223
1760555235723,6,765.379,371.191,mc,4,1760555221223
1760555235723,7,131.615,367.975,mc,3,1760555221223
1760555235723,8,462.597,671.492,mc,4,1760555221223
1760555235723,9,340.533,512.193,mc,4,1760555221223
1760555235723,10,585.656,730.192,mc,4,1760555221223
1760555235723,11,288.397,493.759,mc,3,1760555221223
1760555235723,12,621.045,379.993,mc,5,1760555221223
1760555235723,13,606.599,304.952,mc,2,1760555221223
1760555235723,14,486.164,435.21,mc,4,1760555221223
1760555235723,15,678.241,544.277,mc,5,1760555221223
1760555235723,16,404.77,449.239,mc,0,1760555221223
1760555235823,2,524.866,271.418,mc,5,1760555221223
1760555235823,3,273.191,216.007,mc,3,1760555221223
1760555235823,4,475.837,359.944,mc,4,1760555221223
1760555235823,5,292.293,288.663,mc,3,1760555221223
1760555235823,6,765.79,370.655,mc,4,1760555221223
1760555235823,7,132.085,368.031,mc,3,1760555221223
1760555235823,8,462.741,671.093,mc,4,1760555221223
1760555235823,9,340.925,512.074,mc,4,1760555221223
1760555235823,10,585.438,729.824,mc,4,1760555221223
1760555235823,11,287.875,493.899,mc,3,1760555221223
1760555235823,12,620.641,380.24,mc,5,1760555221223
1760555235823,13,606.308,305.346,mc,2,1760555221223
1760555235823,14,485.716,435.01,mc,4,1760555221223
1760555235823,15,678.616,543.763,mc,5,1760555221223
1760555235823,16,405.017,449.72,mc,0,1760555221223
1760555235923,2,524.764,271.922,mc,5,1760555221223
1760555235923,3,273.094,215.423,mc,3,1760555221223
1760555235923,4,475.745,360.445,mc,4,1760555221223
1760555235923,5,292.333,288.973,mc,3,1760555221223
1760555235923,6,766.201,370.12,mc,4,1760555221223
1760555235923,7,132.555,368.088,mc,3,1760555221223
1760555235923,8,462.884,670.694,mc,4,1760555221223
1760555235923,9,341.317,511.956,mc,4,1760555221223
1760555235923,10,585.221,729.455,mc,4,1760555221223
1760555235923,11,287.353,494.039,mc,3,1760555221223
1760555235923,12,620.237,380.487,mc,5,1760555221223
1760555235923,13,606.017,305.74,mc,2,1760555221223
1760555235923,14,485.268,434.811,mc,4,1760555221223
1760555235923,15,678.991,543.249,mc,5,1760555221223
1760555235923,16,405.263,450.202,mc,0,1760555221223
1760555236023,2,524.662,272.425,mc,5,1760555221223
1760555236023,3,272.997,214.838,mc,3,1760555221223
1760555236023,4,475.654,360.946,mc,4,1760555221223
1760555236023,5,292.374,289.283,mc,3,1760555221223
1760555236023,6,766.611,369.584,mc,4,1760555221223
1760555236023,7,133.025,368.145,mc,3,1760555221223
1760555236023,8,463.028,670.295,mc,4,1760555221223
1760555236023,9,341.709,511.837,mc,4,1760555221223
1760555236023,10,585.004,729.087,mc,4,1760555221223
1760555236023,11,286.831,494.179,mc,3,1760555221223
1760555236023,12,619.833,380.734,mc,5,1760555221223
1760555236023,13,605.727,306.134,mc,2,1760555221223
1760555236023,14,484.821,434.612,mc,4,1760555221223
1760555236023,15,679.366,542.735,mc,5,1760555221223
1760555236023,16,405.509,450.684,mc,0,1760555221223
1760555236123,2,524.56,272.929,mc,5,1760555221223
1760555236123,3,272.9,214.253,mc,3,1760555221223
1760555236123,4,475.562,361.446,mc,4,1760555221223
1760555236123,5,292.393,289.627,mc,3,1760555221223
1760555236123,6,767.022,369.049,mc,4,1760555221223
1760555236123,7,133.494,368.201,mc,3,1760555221223
1760555236123,8,463.172,669.896,mc,4,1760555221223
1760555236123,9,342.1,511.718,mc,4,1760555221223
1760555236123,10,584.786,728.719,mc,4,1760555221223
1760555236123,11,286.309,494.319,mc,3,1760555221223
1760555236123,12,619.429,380.982,mc,5,1760555221223
1760555236123,13,605.436,306.528,mc,2,1760555221223
1760555236123,14,484.373,434.413,mc,4,1760555221223
1760555236123,15,679.742,542.221,mc,5,1760555221223
1760555236123,16,405.755,451.165,mc,0,1760555221223
1760555236223,2,524.458,273.433,mc,5,1760555221223
1760555236223,3,272.802,213.668,mc,3,1760555221223
1760555236223,4,475.47,361.947,mc,4,1760555221223
1760555236223,5,292.236,290.262,mc,3,1760555221223
1760555236223,6,767.433,368.513,mc,4,1760555221223
1760555236223,7,133.964,368.258,mc,3,1760555221223
1760555236223,8,463.315,669.497,mc,4,1760555221223
1760555236223,9,342.492,511.6,mc,4,1760555221223
1760555236223,10,584.569,728.35,mc,4,1760555221223
1760555236223,11,285.787,494.459,mc,3,1760555221223
1760555236223,12,619.025,381.229,mc,5,1760555221223
1760555236223,13,605.145,306.922,mc,2,1760555221223
1760555236223,14,483.925,434.214,mc,4,1760555221223
1760555236223,15,680.117,541.707,mc,5,1760555221223
1760555236223,16,406.001,451.647,mc,0,1760555221223
1760555236323,2,524.357,273.936,mc,5,1760555221223
1760555236323,3,272.705,213.083,mc,3,1760555221223
1760555236323,4,475.379,362.448,mc,4,1760555221223
1760555236323,5,292.078,290.897,mc,3,1760555221223
1760555236323,6,767.844,367.978,mc,4,1760555221223
1760555236323,7,134.434,368.314,mc,3,1760555221223
1760555236323,8,463.459,669.098,mc,4,1760555221223
1760555236323,9,342.884,511.481,mc,4,1760555221223
1760555236323,10,584.352,727.982,mc,4,1760555221223
1760555236323,11,285.265,494.599,mc,3,1760555221223
1760555236323,12,618.621,381.476,mc,5,1760555221223
1760555236323,13,604.854,307.316,mc,2,1760555221223
1760555236323,14,483.477,434.015,mc,4,1760555221223
1760555236323,15,680.492,541.193,mc,5,1760555221223
1760555236323,16,406.247,452.128,mc,0,1760555221223
1760555236423,2,524.255,274.44,mc,5,1760555221223
1760555236423,3,272.608,212.498,mc,3,1760555221223
1760555236423,4,475.287,362.948,mc,4,1760555221223
1760555236423,5,291.921,291.532,mc,3,1760555221223
1760555236423,6,768.255,367.442,mc,4,1760555221223
1760555236423,7,134.903,368.371,mc,3,1760555221223
1760555236423,8,463.602,668.698,mc,4,1760555221223
1760555236423,9,343.275,511.362,mc,4,1760555221223
1760555236423,10,584.135,727.614,mc,4,1760555221223
1760555236423,11,284.743,494.739,mc,3,1760555221223
1760555236423,12,618.217,381.724,mc,5,1760555221223
1760555236423,13,604.564,307.709,mc,2,1760555221223
1760555236423,14,483.029,433.816,mc,4,1760555221223
1760555236423,15,680.867,540.679,mc,5,1760555221223
1760555236423,16,406.494,452.61,mc,0,1760555221223
1760555236523,2,524.153,274.944,mc,5,1760555221223
1760555236523,3,272.511,211.913,mc,3,1760555221223
1760555236523,4,475.196,363.449,mc,4,1760555221223
1760555236523,5,291.763,292.167,mc,3,1760555221223
1760555236523,6,768.666,366.906,mc,4,1760555221223
1760555236523,7,135.373,368.427,mc,3,1760555221223
1760555236523,8,463.746,668.299,mc,4,1760555221223
1760555236523,9,343.667,511.244,mc,4,1760555221223
1760555236523,10,583.917,727.245,mc,4,1760555221223
1760555236523,11,284.221,494.88,mc,3,1760555221223
1760555236523,12,617.813,381.971,mc,5,1760555221223
1760555236523,13,604.273,308.103,mc,2,1760555221223
1760555236523,14,482.581,433.617,mc,4,1760555221223
1760555236523,15,681.234,540.171,mc,5,1760555221223
1760555236523,16,406.74,453.092,mc,0,1760555221223
1760555236623,2,524.051,275.447,mc,5,1760555221223
1760555236623,3,272.414,211.329,mc,3,1760555221223
1760555236623,4,475.104,363.95,mc,4,1760555221223
1760555236623,5,291.606,292.802,mc,3,1760555221223
1760555236623,6,769.077,366.371,mc,4,1760555221223
1760555236623,7,135.843,368.484,mc,3,1760555221223
1760555236623,8,463.89,667.9,mc,4,1760555221223
1760555236623,9,344.059,511.125,mc,4,1760555221223
1760555236623,10,583.7,726.877,mc,4,1760555221223
1760555236623,11,283.699,495.02,mc,3,1760555221223
1760555236623,12,617.409,382.218,mc,5,1760555221223
1760555236623,13,603.982,308.497,mc,2,1760555221223
1760555236623,14,482.133,433.418,mc,4,1760555221223
1760555236623,15,681.571,539.684,mc,5,1760555221223
1760555236623,16,406.986,453.573,mc,0,1760555221223
1760555236723,2,523.949,275.951,mc,5,1760555221223
1760555236723,3,272.317,210.744,mc,3,1760555221223
1760555236723,4,475.012,364.451,mc,4,1760555221223
1760555236723,5,291.448,293.436,mc,3,1760555221223
1760555236723,6,769.488,365.835,mc,4,1760555221223
1760555236723,7,136.313,368.541,mc,3,1760555221223
1760555236723,8,464.033,667.501,mc,4,1760555221223
1760555236723,9,344.451,511.006,mc,4,1760555221223
1760555236723,10,583.483,726.508,mc,4,1760555221223
1760555236723,11,283.177,495.16,mc,3,1760555221223
1760555236723,12,617.006,382.465,mc,5,1760555221223
1760555236723,13,603.691,308.891,mc,2,1760555221223
1760555236723,14,481.686,433.218,mc,4,1760555221223
1760555236723,15,681.908,539.196,mc,5,1760555221223
1760555236723,16,407.232,454.055,mc,0,1760555221223
1760555236823,2,523.848,276.454,mc,5,1760555221223
1760555236823,3,272.22,210.159,mc,3,1760555221223
1760555236823,4,474.921,364.951,mc,4,1760555221223
1760555236823,5,291.29,294.071,mc,3,1760555221223
1760555236823,6,769.898,365.3,mc,4,1760555221223
1760555236823,7,136.782,368.597,mc,3,1760555221223
1760555236823,8,464.177,667.102,mc,4,1760555221223
1760555236823,9,344.784,510.917,mc,4,1760555221223
1760555236823,10,583.266,726.14,mc,4,1760555221223
1760555236823,11,282.654,495.3,mc,3,1760555221223
1760555236823,12,616.602,382.713,mc,5,1760555221223
1760555236823,13,603.401,309.285,mc,2,1760555221223
1760555236823,14,481.305,433.5,mc,4,1760555221223
1760555236823,15,682.245,538.708,mc,5,1760555221223
1760555236823,16,407.478,454.536,mc,0,1760555221223
1760555236923,2,523.746,276.958,mc,5,1760555221223
1760555236923,3,272.123,209.574,mc,3,1760555221223
1760555236923,4,474.829,365.452,mc,4,1760555221223
1760555236923,5,291.133,294.706,mc,3,1760555221223
1760555236923,6,770.309,364.764,mc,4,1760555221223
1760555236923,7,137.252,368.654,mc,3,1760555221223
1760555236923,8,464.32,666.703,mc,4,1760555221223
1760555236923,9,344.288,511.247,mc,4,1760555221223
1760555236923,10,583.048,725.772,mc,4,1760555221223
1760555236923,11,282.132,495.44,mc,3,1760555221223
1760555236923,12,616.198,382.96,mc,5,1760555221223
1760555236923,13,603.11,309.679,mc,2,1760555221223
1760555236923,14,480.97,434.107,mc,4,1760555221223
1760555236923,15,682.582,538.221,mc,5,1760555221223
1760555236923,16,407.724,455.018,mc,0,1760555221223
1760555237023,2,523.644,277.462,mc,5,1760555221223
1760555237023,3,272.025,208.989,mc,3,1760555221223
1760555237023,4,474.737,365.953,mc,4,1760555221223
1760555237023,5,290.975,295.341,mc,3,1760555221223
1760555237023,6,770.72,364.229,mc,4,1760555221223
1760555237023,7,137.722,368.71,mc,3,1760555221223
1760555237023,8,464.464,666.304,mc,4,1760555221223
1760555237023,9,343.792,511.577,mc,4,1760555221223
1760555237023,10,582.831,725.403,mc,4,1760555221223
1760555237023,11,281.61,495.58,mc,3,1760555221223
1760555237023,12,615.794,383.207,mc,5,1760555221223
1760555237023,13,602.819,310.073,mc,2,1760555221223
1760555237023,14,480.635,434.713,mc,4,1760555221223
1760555237023,15,682.918,537.733,mc,5,1760555221223
1760555237023,16,407.97,455.5,mc,0,1760555221223
1760555237123,2,523.542,277.965,mc,5,1760555221223
1760555237123,3,271.928,208.404,mc,3,1760555221223
1760555237123,4,474.646,366.453,mc,4,1760555221223
1760555237123,5,290.818,295.976,mc,3,1760555221223
1760555237123,6,771.131,363.693,mc,4,1760555221223
1760555237123,7,138.191,368.767,mc,3,1760555221223
1760555237123,8,464.608,665.904,mc,4,1760555221223
1760555237123,9,343.296,511.907,mc,4,1760555221223
1760555237123,10,582.614,725.035,mc,4,1760555221223
1760555237123,11,281.088,495.72,mc,3,1760555221223
1760555237123,12,615.39,383.455,mc,5,1760555221223
1760555237123,13,602.528,310.467,mc,2,1760555221223
1760555237123,14,480.301,435.32,mc,4,1760555221223
1760555237123,15,683.255,537.245,mc,5,1760555221223
1760555237123,16,408.217,455.981,mc,0,1760555221223
1760555237223,2,523.44,278.469,mc,5,1760555221223
1760555237223,3,271.831,207.82,mc,3,1760555221223
1760555237223,4,474.554,366.954,mc,4,1760555221223
1760555237223,5,290.66,296.611,mc,3,1760555221223
1760555237223,6,771.542,363.158,mc,4,1760555221223
1760555237223,7,138.661,368.823,mc,3,1760555221223
1760555237223,8,464.751,665.505,mc,4,1760555221223
1760555237223,9,342.8,512.237,mc,4,1760555221223
1760555237223,10,582.396,724.667,mc,4,1760555221223
1760555237223,11,280.566,495.86,mc,3,1760555221223
1760555237223,12,614.986,383.702,mc,5,1760555221223
1760555237223,13,602.238,310.861,mc,2,1760555221223
1760555237223,14,479.966,435.927,mc,4,1760555221223
1760555237223,15,683.592,536.758,mc,5,1760555221223
1760555237223,16,408.463,456.463,mc,0,1760555221223
1760555237323,2,523.339,278.973,mc,5,1760555221223
1760555237323,3,271.734,207.235,mc,3,1760555221223
1760555237323,4,474.462,367.455,mc,4,1760555221223
1760555237323,5,290.502,297.246,mc,3,1760555221223
1760555237323,6,771.953,362.622,mc,4,1760555221223
1760555237323,7,139.131,368.88,mc,3,1760555221223
1760555237323,8,464.895,665.106,mc,4,1760555221223
1760555237323,9,342.303,512.566,mc,4,1760555221223
1760555237323,10,582.179,724.298,mc,4,1760555221223
1760555237323,11,280.044,496,mc,3,1760555221223
1760555237323,12,614.582,383.949,mc,5,1760555221223
1760555237323,13,601.947,311.255,mc,2,1760555221223
1760555237323,14,479.631,436.534,mc,4,1760555221223
1760555237323,15,683.929,536.27,mc,5,1760555221223
1760555237323,16,408.709,456.944,mc,0,1760555221223
1760555237423,2,523.237,279.476,mc,5,1760555221223
1760555237423,3,271.637,206.65,mc,3,1760555221223
1760555237423,4,474.371,367.955,mc,4,1760555221223
1760555237423,5,290.345,297.881,mc,3,1760555221223
1760555237423,6,772.364,362.086,mc,4,1760555221223
1760555237423,7,139.601,368.936,mc,3,1760555221223
1760555237423,8,465.039,664.707,mc,4,1760555221223
1760555237423,9,341.807,512.896,mc,4,1760555221223
1760555237423,10,581.962,723.93,mc,4,1760555221223
1760555237423,11,279.522,496.14,mc,3,1760555221223
1760555237423,12,614.178,384.196,mc,5,1760555221223
1760555237423,13,601.656,311.649,mc,2,1760555221223
1760555237423,14,479.296,437.141,mc,4,1760555221223
1760555237423,15,684.266,535.782,mc,5,1760555221223
1760555237423,16,408.955,457.426,mc,0,1760555221223
1760555237523,2,523.135,279.98,mc,5,1760555221223
1760555237523,3,271.54,206.065,mc,3,1760555221223
1760555237523,4,474.279,368.456,mc,4,1760555221223
1760555237523,5,290.187,298.516,mc,3,1760555221223
1760555237523,6,772.775,361.551,mc,4,1760555221223
1760555237523,7,140.07,368.993,mc,3,1760555221223
1760555237523,8,465.182,664.308,mc,4,1760555221223
1760555237523,9,341.311,513.226,mc,4,1760555221223
1760555237523,10,581.745,723.561,mc,4,1760555221223
1760555237523,11,279,496.28,mc,3,1760555221223
1760555237523,12,613.774,384.444,mc,5,1760555221223
1760555237523,13,601.365,312.043,mc,2,1760555221223
1760555237523,14,478.961,437.748,mc,4,1760555221223
1760555237523,15,684.603,535.295,mc,5,1760555221223
1760555237523,16,409.201,457.908,mc,0,1760555221223
1760555237623,2,523.033,280.484,mc,5,1760555221223
1760555237623,3,271.443,205.48,mc,3,1760555221223
1760555237623,4,474.188,368.957,mc,4,1760555221223
1760555237623,5,290.03,299.151,mc,3,1760555221223
1760555237623,6,773.185,361.015,mc,4,1760555221223
1760555237623,7,140.54,369.05,mc,3,1760555221223
1760555237623,8,465.326,663.909,mc,4,1760555221223
1760555237623,9,340.815,513.556,mc,4,1760555221223
1760555237623,10,581.527,723.193,mc,4,1760555221223
1760555237623,11,278.478,496.42,mc,3,1760555221223
1760555237623,12,613.37,384.691,mc,5,1760555221223
1760555237623,13,601.075,312.437,mc,2,1760555221223
1760555237623,14,478.626,438.355,mc,4,1760555221223
1760555237623,15,684.94,534.807,mc,5,1760555221223
1760555237623,16,409.447,458.389,mc,0,1760555221223
1760555237723,2,522.931,280.987,mc,5,1760555221223
1760555237723,3,271.345,204.895,mc,3,1760555221223
1760555237723,4,474.096,369.458,mc,4,1760555221223
1760555237723,5,289.872,299.786,mc,3,1760555221223
1760555237723,6,773.596,360.48,mc,4,1760555221223
1760555237723,7,141.01,369.106,mc,3,1760555221223
1760555237723,8,465.469,663.51,mc,4,1760555221223
1760555237723,9,340.319,513.886,mc,4,1760555221223
1760555237723,10,581.31,722.825,mc,4,1760555221223
1760555237723,11,277.956,496.561,mc,3,1760555221223
1760555237723,12,612.967,384.938,mc,5,1760555221223
1760555237723,13,600.784,312.831,mc,2,1760555221223
1760555237723,14,478.292,438.962,mc,4,1760555221223
1760555237723,15,685.277,534.319,mc,5,1760555221223
1760555237723,16,409.694,458.871,mc,0,1760555221223
1760555237823,2,522.83,281.491,mc,5,1760555221223
1760555237823,3,271.248,204.31,mc,3,1760555221223
1760555237823,4,474.004,369.958,mc,4,1760555221223
1760555237823,5,289.715,300.42,mc,3,1760555221223
1760555237823,6,774.007,359.944,mc,4,1760555221223
1760555237823,7,141.48,369.163,mc,3,1760555221223
1760555237823,8,465.613,663.11,mc,4,1760555221223
1760555237823,9,339.823,514.215,mc,4,1760555221223
1760555237823,10,581.093,722.456,mc,4,1760555221223
1760555237823,11,277.434,496.701,mc,3,1760555221223
1760555237823,12,612.563,385.185,mc,5,1760555221223
1760555237823,13,600.493,313.225,mc,2,1760555221223
1760555237823,14,477.957,439.569,mc,4,1760555221223
1760555237823,15,685.614,533.832,mc,5,1760555221223
1760555237823,16,409.94,459.352,mc,0,1760555221223
1760555237923,2,522.728,281.994,mc,5,1760555221223
1760555237923,3,271.151,203.726,mc,3,1760555221223
1760555237923,4,473.913,370.459,mc,4,1760555221223
1760555237923,5,289.557,301.055,mc,3,1760555221223
1760555237923,6,774.418,359.409,mc,4,1760555221223
1760555237923,7,141.949,369.219,mc,3,1760555221223
1760555237923,8,465.757,662.711,mc,4,1760555221223
1760555237923,9,339.327,514.545,mc,4,1760555221223
1760555237923,10,580.876,722.088,mc,4,1760555221223
1760555237923,11,276.912,496.841,mc,3,1760555221223
1760555237923,12,612.159,385.433,mc,5,1760555221223
1760555237923,13,600.202,313.619,mc,2,1760555221223
1760555237923,14,477.622,440.176,mc,4,1760555221223
1760555237923,15,685.951,533.344,mc,5,1760555221223
1760555237923,16,410.186,459.834,mc,0,1760555221223
1760555238023,2,522.626,282.498,mc,5,1760555221223
1760555238023,3,271.054,203.141,mc,3,1760555221223
1760555238023,4,473.821,370.96,mc,4,1760555221223
1760555238023,5,289.399,301.69,mc,3,1760555221223
1760555238023,6,774.829,358.873,mc,4,1760555221223
1760555238023,7,142.419,369.276,mc,3,1760555221223
1760555238023,8,465.9,662.312,mc,4,1760555221223
1760555238023,9,338.831,514.875,mc,4,1760555221223
1760555238023,10,580.658,721.72,mc,4,1760555221223
1760555238023,11,276.711,496.459,mc,3,1760555221223
1760555238023,12,611.755,385.68,mc,5,1760555221223
1760555238023,13,599.911,314.013,mc,2,1760555221223
1760555238023,14,477.287,440.783,mc,4,1760555221223
1760555238023,15,686.288,532.857,mc,5,1760555221223
1760555238023,16,410.432,460.316,mc,0,1760555221223
1760555238123,2,522.524,283.002,mc,5,1760555221223
1760555238123,3,270.957,202.556,mc,3,1760555221223
1760555238123,4,473.729,371.46,mc,4,1760555221223
1760555238123,5,289.242,302.325,mc,3,1760555221223
1760555238123,6,775.24,358.337,mc,4,1760555221223
1760555238123,7,142.889,369.332,mc,3,1760555221223
1760555238123,8,465.839,661.94,mc,4,1760555221223
1760555238123,9,338.334,515.205,mc,4,1760555221223
1760555238123,10,580.441,721.351,mc,4,1760555221223
1760555238123,11,276.511,496.077,mc,3,1760555221223
1760555238123,12,611.351,385.927,mc,5,1760555221223
1760555238123,13,599.621,314.407,mc,2,1760555221223
1760555238123,14,476.952,441.39,mc,4,1760555221223
1760555238123,15,686.625,532.369,mc,5,1760555221223
1760555238123,16,410.678,460.797,mc,0,1760555221223
1760555238223,2,522.422,283.505,mc,5,1760555221223
1760555238223,3,270.86,201.971,mc,3,1760555221223
1760555238223,4,473.638,371.961,mc,4,1760555221223
1760555238223,5,289.084,302.96,mc,3,1760555221223
1760555238223,6,775.651,357.802,mc,4,1760555221223
1760555238223,7,143.358,369.389,mc,3,1760555221223
1760555238223,8,465.694,661.58,mc,4,1760555221223
1760555238223,9,337.838,515.535,mc,4,1760555221223
1760555238223,10,580.224,720.983,mc,4,1760555221223
1760555238223,11,276.311,495.695,mc,3,1760555221223
1760555238223,12,610.947,386.175,mc,5,1760555221223
1760555238223,13,599.33,314.801,mc,2,1760555221223
1760555238223,14,476.618,441.997,mc,4,1760555221223
1760555238223,15,686.962,531.881,mc,5,1760555221223
1760555238223,16,410.924,461.279,mc,0,1760555221223
1760555238323,2,522.32,284.009,mc,5,1760555221223
1760555238323,3,270.763,201.386,mc,3,1760555221223
1760555238323,4,473.546,372.462,mc,4,1760555221223
1760555238323,5,288.927,303.595,mc,3,1760555221223
1760555238323,6,776.062,357.266,mc,4,1760555221223
1760555238323,7,143.828,369.445,mc,3,1760555221223
1760555238323,8,465.549,661.22,mc,4,1760555221223
1760555238323,9,337.342,515.864,mc,4,1760555221223
1760555238323,10,580.007,720.614,mc,4,1760555221223
1760555238323,11,276.111,495.313,mc,3,1760555221223
1760555238323,12,610.543,386.422,mc,5,1760555221223
1760555238323,13,599.039,315.195,mc,2,1760555221223
1760555238323,14,476.283,442.604,mc,4,1760555221223
1760555238323,15,687.299,531.394,mc,5,1760555221223
1760555238323,16,411.17,461.76,mc,0,1760555221223
1760555238423,2,522.219,284.513,mc,5,1760555221223
1760555238423,3,270.666,200.801,mc,3,1760555221223
1760555238423,4,473.455,372.962,mc,4,1760555221223
1760555238423,5,288.769,304.23,mc,3,1760555221223
1760555238423,6,776.473,356.731,mc,4,1760555221223
1760555238423,7,144.298,369.502,mc,3,1760555221223
1760555238423,8,465.404,660.859,mc,4,1760555221223
1760555238423,9,336.846,516.194,mc,4,1760555221223
1760555238423,10,579.789,720.246,mc,4,1760555221223
1760555238423,11,275.91,494.931,mc,3,1760555221223
1760555238423,12,610.139,386.669,mc,5,1760555221223
1760555238423,13,598.748,315.589,mc,2,1760555221223
1760555238423,14,475.948,443.211,mc,4,1760555221223
1760555238423,15,687.636,530.906,mc,5,1760555221223
1760555238423,16,411.417,462.242,mc,0,1760555221223
1760555238523,2,522.117,285.016,mc,5,1760555221223
1760555238523,3,270.568,200.217,mc,3,1760555221223
1760555238523,4,473.363,373.463,mc,4,1760555221223
1760555238523,5,288.611,304.865,mc,3,1760555221223
1760555238523,6,776.883,356.195,mc,4,1760555221223
1760555238523,7,144.768,369.559,mc,3,1760555221223
1760555238523,8,465.259,660.499,mc,4,1760555221223
1760555238523,9,336.35,516.524,mc,4,1760555221223
1760555238523,10,579.572,719.878,mc,4,1760555221223
1760555238523,11,275.71,494.549,mc,3,1760555221223
1760555238523,12,609.735,386.916,mc,5,1760555221223
1760555238523,13,598.458,315.983,mc,2,1760555221223
1760555238523,14,475.613,443.818,mc,4,1760555221223
1760555238523,15,687.973,530.418,mc,5,1760555221223
1760555238523,16,411.663,462.724,mc,0,1760555221223
1760555238623,2,522.015,285.52,mc,5,1760555221223
1760555238623,3,270.428,200.58,mc,3,1760555221223
1760555238623,4,473.271,373.964,mc,4,1760555221223
1760555238623,5,288.454,305.5,mc,3,1760555221223
1760555238623,6,777.294,355.66,mc,4,1760555221223
1760555238623,7,145.237,369.615,mc,3,1760555221223
1760555238623,8,465.115,660.138,mc,4,1760555221223
1760555238623,9,335.854,516.854,mc,4,1760555221223
1760555238623,10,579.355,719.509,mc,4,1760555221223
1760555238623,11,275.51,494.167,mc,3,1760555221223
1760555238623,12,609.331,387.164,mc,5,1760555221223
1760555238623,13,598.167,316.377,mc,2,1760555221223
1760555238623,14,475.278,444.425,mc,4,1760555221223
1760555238623,15,688.31,529.931,mc,5,1760555221223
1760555238623,16,411.909,463.205,mc,0,1760555221223
1760555238723,2,521.913,286.024,mc,5,1760555221223
1760555238723,3,270.281,201.082,mc,3,1760555221223
1760555238723,4,473.18,374.464,mc,4,1760555221223
1760555238723,5,288.296,306.135,mc,3,1760555221223
1760555238723,6,777.705,355.124,mc,4,1760555221223
1760555238723,7,145.707,369.672,mc,3,1760555221223
1760555238723,8,464.97,659.778,mc,4,1760555221223
1760555238723,9,335.358,517.184,mc,4,1760555221223
1760555238723,10,579.137,719.141,mc,4,1760555221223
1760555238723,11,275.31,493.785,mc,3,1760555221223
1760555238723,12,609.019,387.439,mc,5,1760555221223
1760555238723,13,597.876,316.771,mc,2,1760555221223
1760555238723,14,474.943,445.032,mc,4,1760555221223
1760555238723,15,688.647,529.443,mc,5,1760555221223
1760555238723,16,412.155,463.687,mc,0,1760555221223
1760555238823,2,521.811,286.527,mc,5,1760555221223
1760555238823,3,270.135,201.583,mc,3,1760555221223
1760555238823,4,473.088,374.965,mc,4,1760555221223
1760555238823,5,288.139,306.77,mc,3,1760555221223
1760555238823,6,778.116,354.589,mc,4,1760555221223
1760555238823,7,146.177,369.728,mc,3,1760555221223
1760555238823,8,464.825,659.417,mc,4,1760555221223
1760555238823,9,334.862,517.513,mc,4,1760555221223
1760555238823,10,578.92,718.772,mc,4,1760555221223
1760555238823,11,275.11,493.403,mc,3,1760555221223
1760555238823,12,609.276,387.89,mc,5,1760555221223
1760555238823,13,597.585,317.165,mc,2,1760555221223
1760555238823,14,474.609,445.639,mc,4,1760555221223
1760555238823,15,688.983,528.955,mc,5,1760555221223
1760555238823,16,412.401,464.168,mc,0,1760555221223
1760555238923,2,521.71,287.031,mc,5,1760555221223
1760555238923,3,269.988,202.084,mc,3,1760555221223
1760555238923,4,472.996,375.466,mc,4,1760555221223
1760555238923,5,287.981,307.404,mc,3,1760555221223
1760555238923,6,778.527,354.053,mc,4,1760555221223
1760555238923,7,146.646,369.785,mc,3,1760555221223
1760555238923,8,464.68,659.057,mc,4,1760555221223
1760555238923,9,334.366,517.843,mc,4,1760555221223
1760555238923,10,578.703,718.404,mc,4,1760555221223
1760555238923,11,274.91,493.021,mc,3,1760555221223
1760555238923,12,609.534,388.341,mc,5,1760555221223
1760555238923,13,597.295,317.559,mc,2,1760555221223
1760555238923,14,474.274,446.246,mc,4,1760555221223
1760555238923,15,689.32,528.468,mc,5,1760555221223
1760555238923,16,412.188,464.394,mc,0,1760555221223
1760555239023,2,521.608,287.534,mc,5,1760555221223
1760555239023,3,269.841,202.586,mc,3,1760555221223
1760555239023,4,472.905,375.967,mc,4,1760555221223
1760555239023,5,287.824,308.039,mc,3,1760555221223
1760555239023,6,778.938,353.517,mc,4,1760555221223
1760555239023,7,147.116,369.841,mc,3,1760555221223
1760555239023,8,464.535,658.696,mc,4,1760555221223
1760555239023,9,333.869,518.173,mc,4,1760555221223
1760555239023,10,578.486,718.036,mc,4,1760555221223
1760555239023,11,274.71,492.639,mc,3,1760555221223
1760555239023,12,609.792,388.792,mc,5,1760555221223
1760555239023,13,597.004,317.953,mc,2,1760555221223
1760555239023,14,473.939,446.853,mc,4,1760555221223
1760555239023,15,689.657,527.98,mc,5,1760555221223
1760555239023,16,411.534,464.374,mc,0,1760555221223
1760555239123,2,521.506,288.038,mc,5,1760555221223
1760555239123,3,269.695,203.087,mc,3,1760555221223
1760555239123,4,472.813,376.467,mc,4,1760555221223
1760555239123,5,287.666,308.674,mc,3,1760555221223
1760555239123,6,779.231,353.245,mc,4,1760555221223
1760555239123,7,147.586,369.898,mc,3,1760555221223
1760555239123,8,464.39,658.336,mc,4,1760555221223
1760555239123,9,333.373,518.503,mc,4,1760555221223
1760555239123,10,578.268,717.667,mc,4,1760555221223
1760555239123,11,274.509,492.257,mc,3,1760555221223
1760555239123,12,610.049,389.244,mc,5,1760555221223
1760555239123,13,596.713,318.347,mc,2,1760555221223
1760555239123,14,473.604,447.46,mc,4,1760555221223
1760555239123,15,689.994,527.493,mc,5,1760555221223
1760555239123,16,410.88,464.353,mc,0,1760555221223
1760555239223,2,521.404,288.542,mc,5,1760555221223
1760555239223,3,269.548,203.589,mc,3,1760555221223
1760555239223,4,472.722,376.968,mc,4,1760555221223
1760555239223,5,287.508,309.309,mc,3,1760555221223
1760555239223,6,779.242,353.604,mc,4,1760555221223
1760555239223,7,148.056,369.954,mc,3,1760555221223
1760555239223,8,464.245,657.975,mc,4,1760555221223
1760555239223,9,332.877,518.833,mc,4,1760555221223
1760555239223,10,578.051,717.299,mc,4,1760555221223
1760555239223,11,274.309,491.875,mc,3,1760555221223
1760555239223,12,610.307,389.695,mc,5,1760555221223
1760555239223,13,596.422,318.741,mc,2,1760555221223
1760555239223,14,473.269,448.067,mc,4,1760555221223
1760555239223,15,690.331,527.005,mc,5,1760555221223
1760555239223,16,410.226,464.333,mc,0,1760555221223
1760555239323,2,521.302,289.045,mc,5,1760555221223
1760555239323,3,269.401,204.09,mc,3,1760555221223
1760555239323,4,472.63,377.469,mc,4,1760555221223
1760555239323,5,287.351,309.944,mc,3,1760555221223
1760555239323,6,779.254,353.962,mc,4,1760555221223
1760555239323,7,148.525,370.011,mc,3,1760555221223
1760555239323,8,464.101,657.615,mc,4,1760555221223
1760555239323,9,332.381,519.162,mc,4,1760555221223
1760555239323,10,577.834,716.931,mc,4,1760555221223
1760555239323,11,274.109,491.493,mc,3,1760555221223
1760555239323,12,610.565,390.146,mc,5,1760555221223
1760555239323,13,596.132,319.135,mc,2,1760555221223
1760555239323,14,472.935,448.674,mc,4,1760555221223
1760555239323,15,690.668,526.517,mc,5,1760555221223
1760555239323,16,409.573,464.313,mc,0,1760555221223
1760555239423,2,521.201,289.549,mc,5,1760555221223
1760555239423,3,269.254,204.591,mc,3,1760555221223
1760555239423,4,472.538,377.969,mc,4,1760555221223
1760555239423,5,287.193,310.579,mc,3,1760555221223
1760555239423,6,779.265,354.321,mc,4,1760555221223
1760555239423,7,148.995,370.068,mc,3,1760555221223
1760555239423,8,463.956,657.254,mc,4,1760555221223
1760555239423,9,331.885,519.492,mc,4,1760555221223
1760555239423,10,577.617,716.562,mc,4,1760555221223
1760555239423,11,273.909,491.111,mc,3,1760555221223
1760555239423,12,610.822,390.597,mc,5,1760555221223
1760555239423,13,595.841,319.529,mc,2,1760555221223
1760555239423,14,472.6,449.281,mc,4,1760555221223
1760555239423,15,691.005,526.03,mc,5,1760555221223
1760555239423,16,408.919,464.293,mc,0,1760555221223
1760555239523,2,521.099,290.053,mc,5,1760555221223
1760555239523,3,269.108,205.093,mc,3,1760555221223
1760555239523,4,472.447,378.47,mc,4,1760555221223
1760555239523,5,287.036,311.214,mc,3,1760555221223
1760555239523,6,779.276,354.68,mc,4,1760555221223
1760555239523,7,149.465,370.124,mc,3,1760555221223
1760555239523,8,463.811,656.894,mc,4,1760555221223
1760555239523,9,331.389,519.822,mc,4,1760555221223
1760555239523,10,577.399,716.194,mc,4,1760555221223
1760555239523,11,273.709,490.729,mc,3,1760555221223
1760555239523,12,611.08,391.048,mc,5,1760555221223
1760555239523,13,595.55,319.922,mc,2,1760555221223
1760555239523,14,472.265,449.888,mc,4,1760555221223
1760555239523,15,691.342,525.542,mc,5,1760555221223
1760555239523,16,408.265,464.273,mc,0,1760555221223
1760555239623,2,520.997,290.556,mc,5,1760555221223
1760555239623,3,268.961,205.594,mc,3,1760555221223
1760555239623,4,472.355,378.971,mc,4,1760555221223
1760555239623,5,286.878,311.849,mc,3,1760555221223
1760555239623,6,779.288,355.039,mc,4,1760555221223
1760555239623,7,149.934,370.181,mc,3,1760555221223
1760555239623,8,463.666,656.533,mc,4,1760555221223
1760555239623,9,330.893,520.152,mc,4,1760555221223
1760555239623,10,577.182,715.825,mc,4,1760555221223
1760555239623,11,273.509,490.347,mc,3,1760555221223
1760555239623,12,611.338,391.499,mc,5,1760555221223
1760555239623,13,595.259,320.316,mc,2,1760555221223
1760555239623,14,471.93,450.495,mc,4,1760555221223
1760555239623,15,691.679,525.054,mc,5,1760555221223
1760555239623,16,407.611,464.252,mc,0,1760555221223
1760555239723,2,520.895,291.06,mc,5,1760555221223
1760555239723,3,268.814,206.096,mc,3,1760555221223
1760555239723,4,472.263,379.471,mc,4,1760555221223
1760555239723,5,286.72,312.484,mc,3,1760555221223
1760555239723,6,779.299,355.397,mc,4,1760555221223
1760555239723,7,150.404,370.237,mc,3,1760555221223
1760555239723,8,463.521,656.173,mc,4,1760555221223
1760555239723,9,330.397,520.482,mc,4,1760555221223
1760555239723,10,576.965,715.457,mc,4,1760555221223
1760555239723,11,273.308,489.965,mc,3,1760555221223
1760555239723,12,611.595,391.95,mc,5,1760555221223
1760555239723,13,594.969,320.71,mc,2,1760555221223
1760555239723,14,471.595,451.102,mc,4,1760555221223
1760555239723,15,692.016,524.567,mc,5,1760555221223
1760555239723,16,406.957,464.232,mc,0,1760555221223
1760555239823,2,520.793,291.564,mc,5,1760555221223
1760555239823,3,268.668,206.597,mc,3,1760555221223
1760555239823,4,472.172,379.972,mc,4,1760555221223
1760555239823,5,286.563,313.119,mc,3,1760555221223
1760555239823,6,779.31,355.756,mc,4,1760555221223
1760555239823,7,150.874,370.294,mc,3,1760555221223
1760555239823,8,463.376,655.812,mc,4,1760555221223
1760555239823,9,329.9,520.812,mc,4,1760555221223
1760555239823,10,576.747,715.089,mc,4,1760555221223
1760555239823,11,273.108,489.583,mc,3,1760555221223
1760555239823,12,611.853,392.401,mc,5,1760555221223
1760555239823,13,594.678,321.104,mc,2,1760555221223
1760555239823,14,471.26,451.709,mc,4,1760555221223
1760555239823,15,692.353,524.079,mc,5,1760555221223
1760555239823,16,406.303,464.212,mc,0,1760555221223
1760555239923,2,520.692,292.067,mc,5,1760555221223
1760555239923,3,268.521,207.099,mc,3,1760555221223
1760555239923,4,472.08,380.473,mc,4,1760555221223
1760555239923,5,286.405,313.754,mc,3,1760555221223
1760555239923,6,779.322,356.115,mc,4,1760555221223
1760555239923,7,151.328,370.35,mc,3,1760555221223
1760555239923,8,463.231,655.452,mc,4,1760555221223
1760555239923,9,329.404,521.141,mc,4,1760555221223
1760555239923,10,576.53,714.72,mc,4,1760555221223
1760555239923,11,272.908,489.201,mc,3,1760555221223
1760555239923,12,612.111,392.852,mc,5,1760555221223
1760555239923,13,594.387,321.498,mc,2,1760555221223
1760555239923,14,470.926,452.316,mc,4,1760555221223
1760555239923,15,692.69,523.591,mc,5,1760555221223
1760555239923,16,405.649,464.192,mc,0,1760555221223
1760555240023,2,520.59,292.571,mc,5,1760555221223
1760555240023,3,268.374,207.6,mc,3,1760555221223
1760555240023,4,471.988,380.974,mc,4,1760555221223
1760555240023,5,286.248,314.388,mc,3,1760555221223
1760555240023,6,779.333,356.474,mc,4,1760555221223
1760555240023,7,150.741,370.405,mc,3,1760555221223
1760555240023,8,463.087,655.091,mc,4,1760555221223
1760555240023,9,328.908,521.471,mc,4,1760555221223
1760555240023,10,576.487,714.345,mc,4,1760555221223
1760555240023,11,272.708,488.819,mc,3,1760555221223
1760555240023,12,612.368,393.304,mc,5,1760555221223
1760555240023,13,594.096,321.892,mc,2,1760555221223
1760555240023,14,470.591,452.923,mc,4,1760555221223
1760555240023,15,693.027,523.104,mc,5,1760555221223
1760555240023,16,404.996,464.171,mc,0,1760555221223
1760555240123,2,520.488,293.074,mc,5,1760555221223
1760555240123,3,268.228,208.101,mc,3,1760555221223
1760555240123,4,471.897,381.474,mc,4,1760555221223
1760555240123,5,286.09,315.023,mc,3,1760555221223
1760555240123,6,779.344,356.832,mc,4,1760555221223
1760555240123,7,150.155,370.459,mc,3,1760555221223
1760555240123,8,462.942,654.731,mc,4,1760555221223
1760555240123,9,328.412,521.801,mc,4,1760555221223
1760555240123,10,577.04,713.946,mc,4,1760555221223
1760555240123,11,272.508,488.437,mc,3,1760555221223
1760555240123,12,612.626,393.755,mc,5,1760555221223
1760555240123,13,593.806,322.286,mc,2,1760555221223
1760555240123,14,470.256,453.53,mc,4,1760555221223
1760555240123,15,693.364,522.616,mc,5,1760555221223
1760555240123,16,404.342,464.151,mc,0,1760555221223
1760555240223,2,520.386,293.578,mc,5,1760555221223
1760555240223,3,268.081,208.603,mc,3,1760555221223
1760555240223,4,471.805,381.975,mc,4,1760555221223
1760555240223,5,285.933,315.658,mc,3,1760555221223
1760555240223,6,779.356,357.191,mc,4,1760555221223
1760555240223,7,149.568,370.514,mc,3,1760555221223
1760555240223,8,462.797,654.37,mc,4,1760555221223
1760555240223,9,327.916,522.131,mc,4,1760555221223
1760555240223,10,577.593,713.548,mc,4,1760555221223
1760555240223,11,272.308,488.055,mc,3,1760555221223
1760555240223,12,612.884,394.206,mc,5,1760555221223
1760555240223,13,593.515,322.68,mc,2,1760555221223
1760555240223,14,469.921,454.137,mc,4,1760555221223
1760555240223,15,693.701,522.129,mc,5,1760555221223
1760555240223,16,403.688,464.131,mc,0,1760555221223
1760555240323,2,520.284,294.082,mc,5,1760555221223
1760555240323,3,267.934,209.104,mc,3,1760555221223
1760555240323,4,471.714,382.476,mc,4,1760555221223
1760555240323,5,285.775,316.293,mc,3,1760555221223
1760555240323,6,779.367,357.55,mc,4,1760555221223
1760555240323,7,148.982,370.569,mc,3,1760555221223
1760555240323,8,462.652,654.01,mc,4,1760555221223
1760555240323,9,327.42,522.461,mc,4,1760555221223
1760555240323,10,578.147,713.149,mc,4,1760555221223
1760555240323,11,272.107,487.673,mc,3,1760555221223
1760555240323,12,613.141,394.657,mc,5,1760555221223
1760555240323,13,593.224,323.074,mc,2,1760555221223
1760555240323,14,469.586,454.744,mc,4,1760555221223
1760555240323,15,694.038,521.641,mc,5,1760555221223
1760555240323,16,403.034,464.111,mc,0,1760555221223
1760555240423,2,520.183,294.585,mc,5,1760555221223
1760555240423,3,267.788,209.606,mc,3,1760555221223
1760555240423,4,471.622,382.976,mc,4,1760555221223
1760555240423,5,285.617,316.928,mc,3,1760555221223
1760555240423,6,779.378,357.909,mc,4,1760555221223
1760555240423,7,148.395,370.623,mc,3,1760555221223
1760555240423,8,462.507,653.65,mc,4,1760555221223
1760555240423,9,326.924,522.79,mc,4,1760555221223
1760555240423,10,578.7,712.75,mc,4,1760555221223
1760555240423,11,271.907,487.291,mc,3,1760555221223
1760555240423,12,613.399,395.108,mc,5,1760555221223
1760555240423,13,592.933,323.468,mc,2,1760555221223
1760555240423,14,469.252,455.351,mc,4,1760555221223
1760555240423,15,694.375,521.153,mc,5,1760555221223
1760555240423,16,402.38,464.09,mc,0,1760555221223
1760555240523,2,520.081,295.089,mc,5,1760555221223
1760555240523,3,267.641,210.107,mc,3,1760555221223
1760555240523,4,471.53,383.477,mc,4,1760555221223
1760555240523,5,285.46,317.563,mc,3,1760555221223
1760555240523,6,779.39,358.267,mc,4,1760555221223
1760555240523,7,147.809,370.678,mc,3,1760555221223
1760555240523,8,462.362,653.289,mc,4,1760555221223
1760555240523,9,326.428,523.12,mc,4,1760555221223
1760555240523,10,579.253,712.351,mc,4,1760555221223
1760555240523,11,271.707,486.909,mc,3,1760555221223
1760555240523,12,613.657,395.559,mc,5,1760555221223
1760555240523,13,592.643,323.862,mc,2,1760555221223
1760555240523,14,468.917,455.958,mc,4,1760555221223
1760555240523,15,694.711,520.666,mc,5,1760555221223
1760555240523,16,401.726,464.07,mc,0,1760555221223
1760555240623,2,519.979,295.593,mc,5,1760555221223
1760555240623,3,267.494,210.609,mc,3,1760555221223
1760555240623,4,471.439,383.978,mc,4,1760555221223
1760555240623,5,285.302,318.198,mc,3,1760555221223
1760555240623,6,779.401,358.626,mc,4,1760555221223
1760555240623,7,147.222,370.732,mc,3,1760555221223
1760555240623,8,462.217,652.929,mc,4,1760555221223
1760555240623,9,325.932,523.45,mc,4,1760555221223
1760555240623,10,579.807,711.953,mc,4,1760555221223
1760555240623,11,271.507,486.527,mc,3,1760555221223
1760555240623,12,613.914,396.01,mc,5,1760555221223
1760555240623,13,592.352,324.256,mc,2,1760555221223
1760555240623,14,468.582,456.565,mc,4,1760555221223
1760555240623,15,695.048,520.178,mc,5,1760555221223
1760555240623,16,401.073,464.05,mc,0,1760555221223
1760555240723,2,519.877,296.096,mc,5,1760555221223
1760555240723,3,267.347,211.11,mc,3,1760555221223
1760555240723,4,471.347,384.478,mc,4,1760555221223
1760555240723,5,285.31,318.626,mc,3,1760555221223
1760555240723,6,779.412,358.985,mc,4,1760555221223
1760555240723,7,146.636,370.787,mc,3,1760555221223
1760555240723,8,462.072,652.568,mc,4,1760555221223
1760555240723,9,325.435,523.78,mc,4,1760555221223
1760555240723,10,580.36,711.554,mc,4,1760555221223
1760555240723,11,271.307,486.145,mc,3,1760555221223
1760555240723,12,614.172,396.461,mc,5,1760555221223
1760555240723,13,592.228,324.599,mc,2,1760555221223
1760555240723,14,468.247,457.172,mc,4,1760555221223
1760555240723,15,695.385,519.69,mc,5,1760555221223
1760555240723,16,400.419,464.03,mc,0,1760555221223
1760555240823,2,519.387,296.066,mc,5,1760555221223
1760555240823,3,267.201,211.611,mc,3,1760555221223
1760555240823,4,471.255,384.979,mc,4,1760555221223
1760555240823,5,285.831,318.414,mc,3,1760555221223
1760555240823,6,779.424,359.344,mc,4,1760555221223
1760555240823,7,146.049,370.841,mc,3,1760555221223
1760555240823,8,461.928,652.208,mc,4,1760555221223
1760555240823,9,324.939,524.11,mc,4,1760555221223
1760555240823,10,580.913,711.155,mc,4,1760555221223
1760555240823,11,271.107,485.763,mc,3,1760555221223
1760555240823,12,614.43,396.912,mc,5,1760555221223
1760555240823,13,592.421,324.846,mc,2,1760555221223
1760555240823,14,467.912,457.779,mc,4,1760555221223
1760555240823,15,695.722,519.203,mc,5,1760555221223
1760555240823,16,399.765,464.01,mc,0,1760555221223
1760555240923,2,518.75,295.835,mc,5,1760555221223
1760555240923,3,267.054,212.113,mc,3,1760555221223
1760555240923,4,471.164,385.48,mc,4,1760555221223
1760555240923,5,286.352,318.202,mc,3,1760555221223
1760555240923,6,779.435,359.702,mc,4,1760555221223
1760555240923,7,145.463,370.896,mc,3,1760555221223
1760555240923,8,461.783,651.847,mc,4,1760555221223
1760555240923,9,324.443,524.439,mc,4,1760555221223
1760555240923,10,581.467,710.756,mc,4,1760555221223
1760555240923,11,270.906,485.381,mc,3,1760555221223
1760555240923,12,614.688,397.363,mc,5,1760555221223
1760555240923,13,592.615,325.092,mc,2,1760555221223
1760555240923,14,467.577,458.386,mc,4,1760555221223
1760555240923,15,696.059,518.715,mc,5,1760555221223
1760555240923,16,399.111,463.989,mc,0,1760555221223
1760555241023,2,518.113,295.603,mc,5,1760555221223
1760555241023,3,266.907,212.614,mc,3,1760555221223
1760555241023,4,471.072,385.98,mc,4,1760555221223
1760555241023,5,286.873,317.99,mc,3,1760555221223
1760555241023,6,779.446,360.061,mc,4,1760555221223
1760555241023,7,144.876,370.95,mc,3,1760555221223
1760555241023,8,461.638,651.487,mc,4,1760555221223
1760555241023,9,323.947,524.769,mc,4,1760555221223
1760555241023,10,582.02,710.358,mc,4,1760555221223
1760555241023,11,270.706,485,mc,3,1760555221223
1760555241023,12,614.945,397.815,mc,5,1760555221223
1760555241023,13,592.809,325.338,mc,2,1760555221223
1760555241023,14,467.243,458.993,mc,4,1760555221223
1760555241023,15,696.396,518.227,mc,5,1760555221223
1760555241023,16,398.457,463.969,mc,0,1760555221223
1760555241123,2,517.476,295.372,mc,5,1760555221223
1760555241123,3,266.761,213.116,mc,3,1760555221223
1760555241123,4,470.981,386.481,mc,4,1760555221223
1760555241123,5,287.394,317.778,mc,3,1760555221223
1760555241123,6,779.458,360.42,mc,4,1760555221223
1760555241123,7,144.29,371.005,mc,3,1760555221223
1760555241123,8,461.493,651.126,mc,4,1760555221223
1760555241123,9,323.451,525.099,mc,4,1760555221223
1760555241123,10,582.574,709.959,mc,4,1760555221223
1760555241123,11,270.506,484.618,mc,3,1760555221223
1760555241123,12,615.203,398.266,mc,5,1760555221223
1760555241123,13,593.003,325.584,mc,2,1760555221223
1760555241123,14,466.809,459.488,mc,4,1760555221223
1760555241123,15,696.733,517.74,mc,5,1760555221223
1760555241123,16,397.803,463.949,mc,0,1760555221223
1760555241223,2,516.839,295.141,mc,5,1760555221223
1760555241223,3,266.614,213.617,mc,3,1760555221223
1760555241223,4,470.889,386.982,mc,4,1760555221223
1760555241223,5,287.915,317.566,mc,3,1760555221223
1760555241223,6,779.469,360.779,mc,4,1760555221223
1760555241223,7,143.703,371.06,mc,3,1760555221223
1760555241223,8,461.348,650.766,mc,4,1760555221223
1760555241223,9,322.955,525.429,mc,4,1760555221223
1760555241223,10,583.127,709.56,mc,4,1760555221223
1760555241223,11,270.306,484.236,mc,3,1760555221223
1760555241223,12,615.461,398.717,mc,5,1760555221223
1760555241223,13,593.196,325.83,mc,2,1760555221223
1760555241223,14,466.165,459.743,mc,4,1760555221223
1760555241223,15,697.07,517.252,mc,5,1760555221223
1760555241223,16,397.149,463.929,mc,0,1760555221223
1760555241323,2,516.202,294.909,mc,5,1760555221223
1760555241323,3,266.467,214.118,mc,3,1760555221223
1760555241323,4,470.797,387.483,mc,4,1760555221223
1760555241323,5,288.436,317.353,mc,3,1760555221223
1760555241323,6,779.48,361.137,mc,4,1760555221223
1760555241323,7,143.117,371.114,mc,3,1760555221223
1760555241323,8,461.203,650.405,mc,4,1760555221223
1760555241323,9,322.459,525.759,mc,4,1760555221223
1760555241323,10,583.68,709.161,mc,4,1760555221223
1760555241323,11,270.106,483.854,mc,3,1760555221223
1760555241323,12,615.718,399.168,mc,5,1760555221223
1760555241323,13,593.39,326.077,mc,2,1760555221223
1760555241323,14,465.521,459.998,mc,4,1760555221223
1760555241323,15,697.407,516.765,mc,5,1760555221223
1760555241323,16,396.496,463.908,mc,0,1760555221223
1760555241423,2,515.565,294.678,mc,5,1760555221223
1760555241423,3,266.321,214.62,mc,3,1760555221223
1760555241423,4,470.731,387.793,mc,4,1760555221223
1760555241423,5,288.957,317.141,mc,3,1760555221223
1760555241423,6,779.492,361.496,mc,4,1760555221223
1760555241423,7,142.53,371.169,mc,3,1760555221223
1760555241423,8,461.058,650.045,mc,4,1760555221223
1760555241423,9,321.963,526.088,mc,4,1760555221223
1760555241423,10,584.234,708.763,mc,4,1760555221223
1760555241423,11,269.906,483.472,mc,3,1760555221223
1760555241423,12,615.976,399.619,mc,5,1760555221223
1760555241423,13,593.584,326.323,mc,2,1760555221223
1760555241423,14,464.877,460.252,mc,4,1760555221223
1760555241423,15,697.744,516.277,mc,5,1760555221223
1760555241423,16,395.842,463.888,mc,0,1760555221223
1760555241523,2,514.928,294.447,mc,5,1760555221223
1760555241523,3,266.174,215.121,mc,3,1760555221223
1760555241523,4,470.775,387.291,mc,4,1760555221223
1760555241523,5,289.478,316.929,mc,3,1760555221223
1760555241523,6,779.503,361.855,mc,4,1760555221223
1760555241523,7,141.944,371.223,mc,3,1760555221223
1760555241523,8,460.914,649.684,mc,4,1760555221223
1760555241523,9,321.466,526.418,mc,4,1760555221223
1760555241523,10,584.787,708.364,mc,4,1760555221223
1760555241523,11,269.706,483.09,mc,3,1760555221223
1760555241523,12,616.234,400.07,mc,5,1760555221223
1760555241523,13,593.778,326.569,mc,2,1760555221223
1760555241523,14,464.234,460.507,mc,4,1760555221223
1760555241523,15,698.081,515.789,mc,5,1760555221223
1760555241523,16,395.188,463.868,mc,0,1760555221223
1760555241623,2,514.291,294.215,mc,5,1760555221223
1760555241623,3,266.027,215.623,mc,3,1760555221223
1760555241623,4,470.819,386.788,mc,4,1760555221223
1760555241623,5,289.999,316.717,mc,3,1760555221223
1760555241623,6,779.514,362.214,mc,4,1760555221223
1760555241623,7,141.357,371.278,mc,3,1760555221223
1760555241623,8,460.769,649.324,mc,4,1760555221223
1760555241623,9,320.97,526.748,mc,4,1760555221223
1760555241623,10,585.34,707.965,mc,4,1760555221223
1760555241623,11,269.505,482.708,mc,3,1760555221223
1760555241623,12,616.491,400.521,mc,5,1760555221223
1760555241623,13,593.972,326.815,mc,2,1760555221223
1760555241623,14,463.59,460.762,mc,4,1760555221223
1760555241623,15,698.126,515.762,mc,5,1760555221223
1760555241623,16,394.534,463.848,mc,0,1760555221223
1760555241723,2,513.654,293.984,mc,5,1760555221223
1760555241723,3,265.881,216.124,mc,3,1760555221223
1760555241723,4,470.863,386.285,mc,4,1760555221223
1760555241723,5,290.52,316.505,mc,3,1760555221223
1760555241723,6,779.526,362.572,mc,4,1760555221223
1760555241723,7,140.771,371.332,mc,3,1760555221223
1760555241723,8,460.624,648.963,mc,4,1760555221223
1760555241723,9,320.474,527.078,mc,4,1760555221223
1760555241723,10,585.894,707.566,mc,4,1760555221223
1760555241723,11,269.305,482.326,mc,3,1760555221223
1760555241723,12,616.749,400.972,mc,5,1760555221223
1760555241723,13,594.165,327.062,mc,2,1760555221223
1760555241723,14,462.946,461.017,mc,4,1760555221223
1760555241723,15,697.981,516.037,mc,5,1760555221223
1760555241723,16,393.88,463.827,mc,0,1760555221223
1760555241823,2,513.017,293.753,mc,5,1760555221223
1760555241823,3,265.734,216.626,mc,3,1760555221223
1760555241823,4,470.907,385.783,mc,4,1760555221223
1760555241823,5,291.041,316.293,mc,3,1760555221223
1760555241823,6,779.537,362.931,mc,4,1760555221223
1760555241823,7,140.184,371.387,mc,3,1760555221223
1760555241823,8,460.479,648.603,mc,4,1760555221223
1760555241823,9,319.978,527.408,mc,4,1760555221223
1760555241823,10,586.447,707.168,mc,4,1760555221223
1760555241823,11,269.105,481.944,mc,3,1760555221223
1760555241823,12,617.007,401.423,mc,5,1760555221223
1760555241823,13,594.359,327.308,mc,2,1760555221223
1760555241823,14,462.302,461.272,mc,4,1760555221223
1760555241823,15,697.836,516.311,mc,5,1760555221223
1760555241823,16,393.226,463.807,mc,0,1760555221223
1760555241923,2,512.38,293.521,mc,5,1760555221223
1760555241923,3,265.587,217.127,mc,3,1760555221223
1760555241923,4,470.951,385.28,mc,4,1760555221223
1760555241923,5,291.562,316.081,mc,3,1760555221223
1760555241923,6,779.548,363.29,mc,4,1760555221223
1760555241923,7,139.598,371.441,mc,3,1760555221223
1760555241923,8,460.334,648.242,mc,4,1760555221223
1760555241923,9,320.172,527.516,mc,4,1760555221223
1760555241923,10,587,706.769,mc,4,1760555221223
1760555241923,11,268.905,481.562,mc,3,1760555221223
1760555241923,12,617.264,401.875,mc,5,1760555221223
1760555241923,13,594.553,327.554,mc,2,1760555221223
1760555241923,14,461.658,461.527,mc,4,1760555221223
1760555241923,15,697.691,516.586,mc,5,1760555221223
1760555241923,16,392.573,463.787,mc,0,1760555221223
1760555242023,2,511.743,293.29,mc,5,1760555221223
1760555242023,3,265.44,217.628,mc,3,1760555221223
1760555242023,4,470.995,384.777,mc,4,1760555221223
1760555242023,5,292.083,315.869,mc,3,1760555221223
1760555242023,6,779.56,363.649,mc,4,1760555221223
1760555242023,7,139.011,371.496,mc,3,1760555221223
1760555242023,8,460.189,647.882,mc,4,1760555221223
1760555242023,9,320.649,527.532,mc,4,1760555221223
1760555242023,10,587.554,706.37,mc,4,1760555221223
1760555242023,11,268.705,481.18,mc,3,1760555221223
1760555242023,12,617.522,402.326,mc,5,1760555221223
1760555242023,13,594.747,327.8,mc,2,1760555221223
1760555242023,14,461.014,461.782,mc,4,1760555221223
1760555242023,15,697.546,516.86,mc,5,1760555221223
1760555242023,16,391.919,463.767,mc,0,1760555221223
1760555242123,2,511.106,293.059,mc,5,1760555221223
1760555242123,3,265.294,218.13,mc,3,1760555221223
1760555242123,4,471.039,384.275,mc,4,1760555221223
1760555242123,5,292.603,315.657,mc,3,1760555221223
1760555242123,6,779.571,364.007,mc,4,1760555221223
1760555242123,7,138.425,371.55,mc,3,1760555221223
1760555242123,8,460.044,647.521,mc,4,1760555221223
1760555242123,9,321.127,527.549,mc,4,1760555221223
1760555242123,10,588.107,705.971,mc,4,1760555221223
1760555242123,11,268.505,480.798,mc,3,1760555221223
1760555242123,12,617.78,402.777,mc,5,1760555221223
1760555242123,13,594.94,328.047,mc,2,1760555221223
1760555242123,14,460.37,462.037,mc,4,1760555221223
1760555242123,15,697.401,517.135,mc,5,1760555221223
1760555242123,16,391.265,463.747,mc,0,1760555221223
1760555242223,2,510.469,292.827,mc,5,1760555221223
1760555242223,3,265.147,218.631,mc,3,1760555221223
1760555242223,4,471.083,383.772,mc,4,1760555221223
1760555242223,5,293.124,315.445,mc,3,1760555221223
1760555242223,6,779.582,364.366,mc,4,1760555221223
1760555242223,7,137.838,371.605,mc,3,1760555221223
1760555242223,8,459.9,647.161,mc,4,1760555221223
1760555242223,9,321.604,527.566,mc,4,1760555221223
1760555242223,10,588.661,705.573,mc,4,1760555221223
1760555242223,11,268.304,480.416,mc,3,1760555221223
1760555242223,12,618.037,403.228,mc,5,1760555221223
1760555242223,13,595.134,328.293,mc,2,1760555221223
1760555242223,14,459.726,462.292,mc,4,1760555221223
1760555242223,15,697.256,517.409,mc,5,1760555221223
1760555242223,16,390.611,463.726,mc,0,1760555221223
1760555242323,2,509.832,292.596,mc,5,1760555221223
1760555242323,3,265,219.133,mc,3,1760555221223
1760555242323,4,471.127,383.27,mc,4,1760555221223
1760555242323,5,293.645,315.233,mc,3,1760555221223
1760555242323,6,779.594,364.725,mc,4,1760555221223
1760555242323,7,137.252,371.66,mc,3,1760555221223
1760555242323,8,459.755,646.8,mc,4,1760555221223
1760555242323,9,322.082,527.582,mc,4,1760555221223
1760555242323,10,589.214,705.174,mc,4,1760555221223
1760555242323,11,268.104,480.034,mc,3,1760555221223
1760555242323,12,618.295,403.679,mc,5,1760555221223
1760555242323,13,595.328,328.539,mc,2,1760555221223
1760555242323,14,459.082,462.546,mc,4,1760555221223
1760555242323,15,697.111,517.684,mc,5,1760555221223
1760555242323,16,389.957,463.706,mc,0,1760555221223
1760555242423,2,509.196,292.365,mc,5,1760555221223
1760555242423,3,264.854,219.634,mc,3,1760555221223
1760555242423,4,471.171,382.767,mc,4,1760555221223
1760555242423,5,294.166,315.021,mc,3,1760555221223
1760555242423,6,779.605,365.084,mc,4,1760555221223
1760555242423,7,136.665,371.714,mc,3,1760555221223
1760555242423,8,459.61,646.44,mc,4,1760555221223
1760555242423,9,322.56,527.599,mc,4,1760555221223
1760555242423,10,589.767,704.775,mc,4,1760555221223
1760555242423,11,267.904,479.652,mc,3,1760555221223
1760555242423,12,618.553,404.13,mc,5,1760555221223
1760555242423,13,595.522,328.785,mc,2,1760555221223
1760555242423,14,458.438,462.801,mc,4,1760555221223
1760555242423,15,696.966,517.958,mc,5,1760555221223
1760555242423,16,389.303,463.686,mc,0,1760555221223
1760555242523,2,508.559,292.133,mc,5,1760555221223
1760555242523,3,264.707,220.136,mc,3,1760555221223
1760555242523,4,471.215,382.264,mc,4,1760555221223
1760555242523,5,294.687,314.809,mc,3,1760555221223
1760555242523,6,779.616,365.442,mc,4,1760555221223
1760555242523,7,136.079,371.769,mc,3,1760555221223
1760555242523,8,459.465,646.08,mc,4,1760555221223
1760555242523,9,323.037,527.616,mc,4,1760555221223
1760555242523,10,590.321,704.377,mc,4,1760555221223
1760555242523,11,267.704,479.27,mc,3,1760555221223
1760555242523,12,618.81,404.581,mc,5,1760555221223
1760555242523,13,595.715,329.032,mc,2,1760555221223
1760555242523,14,457.794,463.056,mc,4,1760555221223
1760555242523,15,696.82,518.233,mc,5,1760555221223
1760555242523,16,388.649,463.666,mc,0,1760555221223
1760555242623,2,507.922,291.902,mc,5,1760555221223
1760555242623,3,264.56,220.637,mc,3,1760555221223
1760555242623,4,471.259,381.762,mc,4,1760555221223
1760555242623,5,295.208,314.597,mc,3,1760555221223
1760555242623,6,779.628,365.801,mc,4,1760555221223
1760555242623,7,135.492,371.823,mc,3,1760555221223
1760555242623,8,459.32,645.719,mc,4,1760555221223
1760555242623,9,323.515,527.632,mc,4,1760555221223
1760555242623,10,590.874,703.978,mc,4,1760555221223
1760555242623,11,267.504,478.888,mc,3,1760555221223
1760555242623,12,619.068,405.032,mc,5,1760555221223
1760555242623,13,595.909,329.278,mc,2,1760555221223
1760555242623,14,457.15,463.311,mc,4,1760555221223
1760555242623,15,696.675,518.507,mc,5,1760555221223
1760555242623,16,387.996,463.645,mc,0,1760555221223
1760555242723,2,507.285,291.671,mc,5,1760555221223
1760555242723,3,264.414,221.138,mc,3,1760555221223
1760555242723,4,471.303,381.259,mc,4,1760555221223
1760555242723,5,295.729,314.385,mc,3,1760555221223
1760555242723,6,779.639,366.16,mc,4,1760555221223
1760555242723,7,134.906,371.878,mc,3,1760555221223
1760555242723,8,459.175,645.359,mc,4,1760555221223
1760555242723,9,323.993,527.649,mc,4,1760555221223
1760555242723,10,591.427,703.579,mc,4,1760555221223
1760555242723,11,267.304,478.506,mc,3,1760555221223
1760555242723,12,619.326,405.483,mc,5,1760555221223
1760555242723,13,596.103,329.524,mc,2,1760555221223
1760555242723,14,456.506,463.566,mc,4,1760555221223
1760555242723,15,696.53,518.782,mc,5,1760555221223
1760555242723,16,387.342,463.625,mc,0,1760555221223
1760555242823,2,506.648,291.439,mc,5,1760555221223
1760555242823,3,264.267,221.64,mc,3,1760555221223
1760555242823,4,471.347,380.756,mc,4,1760555221223
1760555242823,5,296.25,314.173,mc,3,1760555221223
1760555242823,6,779.65,366.518,mc,4,1760555221223
1760555242823,7,134.319,371.932,mc,3,1760555221223
1760555242823,8,459.03,644.998,mc,4,1760555221223
1760555242823,9,324.47,527.666,mc,4,1760555221223
1760555242823,10,591.981,703.18,mc,4,1760555221223
1760555242823,11,267.103,478.124,mc,3,1760555221223
1760555242823,12,619.583,405.935,mc,5,1760555221223
1760555242823,13,596.297,329.77,mc,2,1760555221223
1760555242823,14,455.862,463.821,mc,4,1760555221223
1760555242823,15,696.385,519.056,mc,5,1760555221223
1760555242823,16,386.688,463.605,mc,0,1760555221223
1760555242923,2,506.011,291.208,mc,5,1760555221223
1760555242923,3,264.12,222.141,mc,3,1760555221223
1760555242923,4,471.391,380.254,mc,4,1760555221223
1760555242923,5,296.771,313.961,mc,3,1760555221223
1760555242923,6,779.662,366.877,mc,4,1760555221223
1760555242923,7,133.733,371.987,mc,3,1760555221223
1760555242923,8,458.886,644.638,mc,4,1760555221223
1760555242923,9,324.948,527.682,mc,4,1760555221223
1760555242923,10,592.534,702.782,mc,4,1760555221223
1760555242923,11,266.903,477.742,mc,3,1760555221223
1760555242923,12,619.841,406.386,mc,5,1760555221223
1760555242923,13,596.491,330.017,mc,2,1760555221223
1760555242923,14,455.219,464.076,mc,4,1760555221223
1760555242923,15,696.24,519.331,mc,5,1760555221223
1760555242923,16,386.034,463.585,mc,0,1760555221223
1760555243023,2,505.374,290.976,mc,5,1760555221223
1760555243023,3,263.973,222.643,mc,3,1760555221223
1760555243023,4,471.436,379.751,mc,4,1760555221223
1760555243023,5,297.292,313.749,mc,3,1760555221223
1760555243023,6,779.673,367.236,mc,4,1760555221223
1760555243023,7,133.146,372.041,mc,3,1760555221223
1760555243023,8,458.741,644.277,mc,4,1760555221223
1760555243023,9,325.425,527.699,mc,4,1760555221223
1760555243023,10,593.087,702.383,mc,4,1760555221223
1760555243023,11,266.703,477.36,mc,3,1760555221223
1760555243023,12,620.099,406.837,mc,5,1760555221223
1760555243023,13,596.684,330.263,mc,2,1760555221223
1760555243023,14,454.575,464.331,mc,4,1760555221223
1760555243023,15,696.095,519.605,mc,5,1760555221223
1760555243023,16,385.38,463.564,mc,0,1760555221223
1760555243123,2,504.737,290.745,mc,5,1760555221223
1760555243123,3,263.827,223.144,mc,3,1760555221223
1760555243123,4,471.48,379.248,mc,4,1760555221223
1760555243123,5,297.813,313.537,mc,3,1760555221223
1760555243123,6,779.684,367.595,mc,4,1760555221223
1760555243123,7,132.56,372.096,mc,3,1760555221223
1760555243123,8,458.596,643.917,mc,4,1760555221223
1760555243123,9,325.903,527.716,mc,4,1760555221223
1760555243123,10,593.641,701.984,mc,4,1760555221223
1760555243123,11,266.503,476.978,mc,3,1760555221223
1760555243123,12,620.356,407.288,mc,5,1760555221223
1760555243123,13,596.878,330.509,mc,2,1760555221223
1760555243123,14,453.931,464.586,mc,4,1760555221223
1760555243123,15,695.95,519.879,mc,5,1760555221223
1760555243123,16,384.726,463.544,mc,0,1760555221223
1760555243223,2,504.1,290.514,mc,5,1760555221223
1760555243223,3,263.68,223.645,mc,3,1760555221223
1760555243223,4,471.524,378.746,mc,4,1760555221223
1760555243223,5,298.334,313.325,mc,3,1760555221223
1760555243223,6,779.696,367.953,mc,4,1760555221223
1760555243223,7,131.973,372.15,mc,3,1760555221223
1760555243223,8,458.451,643.556,mc,4,1760555221223
1760555243223,9,326.381,527.732,mc,4,1760555221223
1760555243223,10,594.194,701.585,mc,4,1760555221223
1760555243223,11,266.303,476.596,mc,3,1760555221223
1760555243223,12,620.614,407.739,mc,5,1760555221223
1760555243223,13,597.072,330.755,mc,2,1760555221223
1760555243223,14,453.287,464.84,mc,4,1760555221223
1760555243223,15,695.805,520.154,mc,5,1760555221223
1760555243223,16,384.073,463.524,mc,0,1760555221223
1760555243323,2,503.463,290.282,mc,5,1760555221223
1760555243323,3,263.533,224.147,mc,3,1760555221223
1760555243323,4,471.568,378.243,mc,4,1760555221223
1760555243323,5,298.855,313.113,mc,3,1760555221223
1760555243323,6,779.707,368.312,mc,4,1760555221223
1760555243323,7,131.387,372.205,mc,3,1760555221223
1760555243323,8,458.306,643.196,mc,4,1760555221223
1760555243323,9,326.858,527.749,mc,4,1760555221223
1760555243323,10,594.748,701.187,mc,4,1760555221223
1760555243323,11,266.103,476.214,mc,3,1760555221223
1760555243323,12,620.872,408.19,mc,5,1760555221223
1760555243323,13,597.266,331.002,mc,2,1760555221223
1760555243323,14,452.643,465.095,mc,4,1760555221223
1760555243323,15,695.66,520.428,mc,5,1760555221223
1760555243323,16,383.419,463.504,mc,0,1760555221223
1760555243423,2,502.826,290.051,mc,5,1760555221223
1760555243423,3,263.387,224.648,mc,3,1760555221223
1760555243423,4,471.612,377.74,mc,4,1760555221223
1760555243423,5,299.375,312.901,mc,3,1760555221223
1760555243423,6,779.718,368.671,mc,4,1760555221223
1760555243423,7,130.8,372.26,mc,3,1760555221223
1760555243423,8,458.161,642.835,mc,4,1760555221223
1760555243423,9,327.336,527.766,mc,4,1760555221223
1760555243423,10,595.301,700.788,mc,4,1760555221223
1760555243423,11,265.902,475.832,mc,3,1760555221223
1760555243423,12,621.129,408.641,mc,5,1760555221223
1760555243423,13,597.459,331.248,mc,2,1760555221223
1760555243423,14,451.999,465.35,mc,4,1760555221223
1760555243423,15,695.515,520.703,mc,5,1760555221223
1760555243423,16,382.765,463.484,mc,0,1760555221223
1760555243523,2,502.189,289.82,mc,5,1760555221223
1760555243523,3,263.24,225.15,mc,3,1760555221223
1760555243523,4,471.656,377.238,mc,4,1760555221223
1760555243523,5,299.896,312.689,mc,3,1760555221223
1760555243523,6,779.73,369.03,mc,4,1760555221223
1760555243523,7,130.214,372.314,mc,3,1760555221223
1760555243523,8,458.016,642.475,mc,4,1760555221223
1760555243523,9,327.813,527.782,mc,4,1760555221223
1760555243523,10,595.854,700.389,mc,4,1760555221223
1760555243523,11,265.702,475.45,mc,3,1760555221223
1760555243523,12,621.387,409.092,mc,5,1760555221223
1760555243523,13,597.653,331.494,mc,2,1760555221223
1760555243523,14,451.355,465.605,mc,4,1760555221223
1760555243523,15,695.369,520.977,mc,5,1760555221223
1760555243523,16,382.891,463.668,mc,0,1760555221223
1760555243623,2,501.552,289.588,mc,5,1760555221223
1760555243623,3,263.093,225.651,mc,3,1760555221223
1760555243623,4,471.7,376.735,mc,4,1760555221223
1760555243623,5,300.417,312.477,mc,3,1760555221223
1760555243623,6,779.741,369.388,mc,4,1760555221223
1760555243623,7,129.627,372.369,mc,3,1760555221223
1760555243623,8,457.872,642.114,mc,4,1760555221223
1760555243623,9,328.291,527.799,mc,4,1760555221223
1760555243623,10,596.408,699.99,mc,4,1760555221223
1760555243623,11,265.502,475.068,mc,3,1760555221223
1760555243623,12,621.645,409.543,mc,5,1760555221223
1760555243623,13,597.847,331.74,mc,2,1760555221223
1760555243623,14,450.711,465.86,mc,4,1760555221223
1760555243623,15,695.224,521.252,mc,5,1760555221223
1760555243623,16,383.436,463.962,mc,0,1760555221223
1760555243723,2,500.915,289.357,mc,5,1760555221223
1760555243723,3,262.947,226.153,mc,3,1760555221223
1760555243723,4,471.744,376.233,mc,4,1760555221223
1760555243723,5,300.938,312.264,mc,3,1760555221223
1760555243723,6,779.752,369.747,mc,4,1760555221223
1760555243723,7,129.041,372.423,mc,3,1760555221223
1760555243723,8,457.727,641.754,mc,4,1760555221223
1760555243723,9,328.769,527.816,mc,4,1760555221223
1760555243723,10,596.961,699.592,mc,4,1760555221223
1760555243723,11,265.302,474.686,mc,3,1760555221223
1760555243723,12,621.902,409.994,mc,5,1760555221223
1760555243723,13,598.041,331.986,mc,2,1760555221223
1760555243723,14,450.067,466.115,mc,4,1760555221223
1760555243723,15,695.079,521.526,mc,5,1760555221223
1760555243723,16,383.981,464.256,mc,0,1760555221223
1760555243823,2,500.278,289.126,mc,5,1760555221223
1760555243823,3,262.8,226.654,mc,3,1760555221223
1760555243823,4,471.788,375.73,mc,4,1760555221223
1760555243823,5,301.459,312.052,mc,3,1760555221223
1760555243823,6,779.764,370.106,mc,4,1760555221223
1760555243823,7,128.454,372.478,mc,3,1760555221223
1760555243823,8,457.582,641.393,mc,4,1760555221223
1760555243823,9,329.246,527.832,mc,4,1760555221223
1760555243823,10,597.514,699.193,mc,4,1760555221223
1760555243823,11,265.102,474.304,mc,3,1760555221223
1760555243823,12,622.16,410.446,mc,5,1760555221223
1760555243823,13,598.234,332.233,mc,2,1760555221223
1760555243823,14,449.423,466.37,mc,4,1760555221223
1760555243823,15,694.934,521.801,mc,5,1760555221223
1760555243823,16,384.526,464.55,mc,0,1760555221223
1760555243923,2,499.641,288.894,mc,5,1760555221223
1760555243923,3,262.653,227.155,mc,3,1760555221223
1760555243923,4,471.832,375.227,mc,4,1760555221223
1760555243923,5,301.98,311.84,mc,3,1760555221223
1760555243923,6,779.775,370.465,mc,4,1760555221223
1760555243923,7,127.868,372.532,mc,3,1760555221223
1760555243923,8,457.437,641.033,mc,4,1760555221223
1760555243923,9,329.724,527.849,mc,4,1760555221223
1760555243923,10,598.068,698.794,mc,4,1760555221223
1760555243923,11,264.902,473.922,mc,3,1760555221223
1760555243923,12,622.418,410.897,mc,5,1760555221223
1760555243923,13,598.428,332.479,mc,2,1760555221223
1760555243923,14,448.779,466.625,mc,4,1760555221223
1760555243923,15,694.789,522.075,mc,5,1760555221223
1760555243923,16,385.072,464.844,mc,0,1760555221223
1760555244023,2,499.004,288.663,mc,5,1760555221223
1760555244023,3,262.507,227.657,mc,3,1760555221223
1760555244023,4,471.876,374.725,mc,4,1760555221223
1760555244023,5,302.501,311.628,mc,3,1760555221223
1760555244023,6,779.786,370.823,mc,4,1760555221223
1760555244023,7,127.281,372.587,mc,3,1760555221223
1760555244023,8,457.292,640.672,mc,4,1760555221223
1760555244023,9,330.202,527.866,mc,4,1760555221223
1760555244023,10,598.621,698.395,mc,4,1760555221223
1760555244023,11,264.701,473.54,mc,3,1760555221223
1760555244023,12,622.675,411.348,mc,5,1760555221223
1760555244023,13,598.622,332.725,mc,2,1760555221223
1760555244023,14,448.135,466.88,mc,4,1760555221223
1760555244023,15,694.644,522.35,mc,5,1760555221223
1760555244023,16,385.617,465.138,mc,0,1760555221223
1760555244123,2,498.368,288.432,mc,5,1760555221223
1760555244123,3,262.36,228.158,mc,3,1760555221223
1760555244123,4,471.92,374.222,mc,4,1760555221223
1760555244123,5,303.022,311.416,mc,3,1760555221223
1760555244123,6,779.798,371.182,mc,4,1760555221223
1760555244123,7,126.695,372.641,mc,3,1760555221223
1760555244123,8,457.147,640.312,mc,4,1760555221223
1760555244123,9,330.679,527.882,mc,4,1760555221223
1760555244123,10,599.174,697.997,mc,4,1760555221223
1760555244123,11,264.501,473.158,mc,3,1760555221223
1760555244123,12,622.933,411.799,mc,5,1760555221223
1760555244123,13,598.816,332.971,mc,2,1760555221223
1760555244123,14,447.491,467.134,mc,4,1760555221223
1760555244123,15,694.499,522.624,mc,5,1760555221223
1760555244123,16,386.162,465.432,mc,0,1760555221223
1760555244223,2,497.731,288.2,mc,5,1760555221223
1760555244223,3,262.213,228.66,mc,3,1760555221223
1760555244223,4,471.964,373.719,mc,4,1760555221223
1760555244223,5,303.543,311.204,mc,3,1760555221223
1760555244223,6,779.809,371.541,mc,4,1760555221223
1760555244223,7,126.108,372.696,mc,3,1760555221223
1760555244223,8,457.002,639.951,mc,4,1760555221223
1760555244223,9,331.157,527.899,mc,4,1760555221223
1760555244223,10,599.728,697.598,mc,4,1760555221223
1760555244223,11,264.301,472.776,mc,3,1760555221223
1760555244223,12,623.191,412.25,mc,5,1760555221223
1760555244223,13,599.009,333.218,mc,2,1760555221223
1760555244223,14,446.847,467.389,mc,4,1760555221223
1760555244223,15,694.354,522.899,mc,5,1760555221223
1760555244223,16,386.708,465.726,mc,0,1760555221223
1760555244323,2,497.094,287.969,mc,5,1760555221223
1760555244323,3,261.994,229.064,mc,3,1760555221223
1760555244323,4,472.008,373.217,mc,4,1760555221223
1760555244323,5,304.064,310.992,mc,3,1760555221223
1760555244323,6,779.82,371.9,mc,4,1760555221223
1760555244323,7,125.522,372.75,mc,3,1760555221223
1760555244323,8,456.858,639.591,mc,4,1760555221223
1760555244323,9,331.634,527.916,mc,4,1760555221223
1760555244323,10,600.281,697.199,mc,4,1760555221223
1760555244323,11,264.101,472.394,mc,3,1760555221223
1760555244323,12,623.449,412.701,mc,5,1760555221223
1760555244323,13,599.203,333.464,mc,2,1760555221223
1760555244323,14,446.203,467.644,mc,4,1760555221223
1760555244323,15,694.209,523.173,mc,5,1760555221223
1760555244323,16,387.253,466.02,mc,0,1760555221223
1760555244423,2,496.457,287.738,mc,5,1760555221223
1760555244423,3,261.688,229.349,mc,3,1760555221223
1760555244423,4,472.052,372.714,mc,4,1760555221223
1760555244423,5,304.585,310.78,mc,3,1760555221223
1760555244423,6,779.832,372.258,mc,4,1760555221223
1760555244423,7,124.935,372.805,mc,3,1760555221223
1760555244423,8,456.713,639.23,mc,4,1760555221223
1760555244423,9,332.112,527.932,mc,4,1760555221223
1760555244423,10,600.729,697.058,mc,4,1760555221223
1760555244423,11,263.901,472.012,mc,3,1760555221223
1760555244423,12,623.706,413.152,mc,5,1760555221223
1760555244423,13,599.397,333.71,mc,2,1760555221223
1760555244423,14,445.56,467.899,mc,4,1760555221223
1760555244423,15,694.064,523.448,mc,5,1760555221223
1760555244423,16,387.798,466.314,mc,0,1760555221223
1760555244523,2,495.82,287.506,mc,5,1760555221223
1760555244523,3,261.381,229.635,mc,3,1760555221223
1760555244523,4,472.096,372.211,mc,4,1760555221223
1760555244523,5,305.106,310.568,mc,3,1760555221223
1760555244523,6,779.843,372.617,mc,4,1760555221223
1760555244523,7,124.349,372.86,mc,3,1760555221223
1760555244523,8,456.568,638.87,mc,4,1760555221223
1760555244523,9,332.59,527.949,mc,4,1760555221223
1760555244523,10,600.842,697.728,mc,4,1760555221223
1760555244523,11,263.701,471.63,mc,3,1760555221223
1760555244523,12,623.942,413.218,mc,5,1760555221223
1760555244523,13,599.591,333.956,mc,2,1760555221223
1760555244523,14,444.916,468.154,mc,4,1760555221223
1760555244523,15,693.918,523.722,mc,5,1760555221223
1760555244523,16,388.343,466.608,mc,0,1760555221223
1760555244623,2,495.183,287.275,mc,5,1760555221223
1760555244623,3,261.074,229.92,mc,3,1760555221223
1760555244623,4,472.14,371.709,mc,4,1760555221223
1760555244623,5,305.627,310.356,mc,3,1760555221223
1760555244623,6,779.854,372.976,mc,4,1760555221223
1760555244623,7,123.762,372.914,mc,3,1760555221223
1760555244623,8,456.423,638.51,mc,4,1760555221223
1760555244623,9,333.067,527.966,mc,4,1760555221223
1760555244623,10,600.956,698.398,mc,4,1760555221223
1760555244623,11,263.501,471.248,mc,3,1760555221223
1760555244623,12,624.145,412.685,mc,5,1760555221223
1760555244623,13,599.785,334.203,mc,2,1760555221223
1760555244623,14,444.272,468.409,mc,4,1760555221223
1760555244623,15,693.773,523.996,mc,5,1760555221223
1760555244623,16,388.889,466.902,mc,0,1760555221223
1760555244723,2,494.546,287.044,mc,5,1760555221223
1760555244723,3,260.768,230.206,mc,3,1760555221223
1760555244723,4,472.184,371.206,mc,4,1760555221223
1760555244723,5,306.148,310.144,mc,3,1760555221223
1760555244723,6,779.866,373.335,mc,4,1760555221223
1760555244723,7,123.176,372.969,mc,3,1760555221223
1760555244723,8,456.278,638.149,mc,4,1760555221223
1760555244723,9,333.545,527.982,mc,4,1760555221223
1760555244723,10,601.07,699.067,mc,4,1760555221223
1760555244723,11,263.3,470.866,mc,3,1760555221223
1760555244723,12,624.347,412.151,mc,5,1760555221223
1760555244723,13,599.978,334.449,mc,2,1760555221223
1760555244723,14,443.628,468.664,mc,4,1760555221223
1760555244723,15,693.628,524.271,mc,5,1760555221223
1760555244723,16,389.434,467.196,mc,0,1760555221223
1760555244823,2,493.909,286.812,mc,5,1760555221223
1760555244823,3,260.461,230.491,mc,3,1760555221223
1760555244823,4,472.228,370.703,mc,4,1760555221223
1760555244823,5,306.668,309.932,mc,3,1760555221223
1760555244823,6,779.877,373.693,mc,4,1760555221223
1760555244823,7,122.589,373.023,mc,3,1760555221223
1760555244823,8,456.133,637.789,mc,4,1760555221223
1760555244823,9,334.022,527.999,mc,4,1760555221223
1760555244823,10,601.184,699.737,mc,4,1760555221223
1760555244823,11,263.1,470.484,mc,3,1760555221223
1760555244823,12,624.55,411.618,mc,5,1760555221223
1760555244823,13,600.172,334.695,mc,2,1760555221223
1760555244823,14,442.984,468.919,mc,4,1760555221223
1760555244823,15,693.483,524.545,mc,5,1760555221223
1760555244823,16,389.979,467.49,mc,0,1760555221223
1760555244923,2,493.272,286.581,mc,5,1760555221223
1760555244923,3,260.154,230.777,mc,3,1760555221223
1760555244923,4,472.272,370.201,mc,4,1760555221223
1760555244923,5,307.189,309.72,mc,3,1760555221223
1760555244923,6,779.888,374.052,mc,4,1760555221223
1760555244923,7,122.003,373.078,mc,3,1760555221223
1760555244923,8,455.988,637.428,mc,4,1760555221223
1760555244923,9,334.5,528.016,mc,4,1760555221223
1760555244923,10,601.298,700.407,mc,4,1760555221223
1760555244923,11,262.762,470.339,mc,3,1760555221223
1760555244923,12,624.752,411.084,mc,5,1760555221223
1760555244923,13,600.366,334.941,mc,2,1760555221223
1760555244923,14,442.34,469.174,mc,4,1760555221223
1760555244923,15,693.338,524.82,mc,5,1760555221223
1760555244923,16,390.525,467.784,mc,0,1760555221223
1760555245023,2,492.635,286.35,mc,5,1760555221223
1760555245023,3,259.848,231.062,mc,3,1760555221223
1760555245023,4,472.316,369.698,mc,4,1760555221223
1760555245023,5,307.71,309.508,mc,3,1760555221223
1760555245023,6,779.9,374.411,mc,4,1760555221223
1760555245023,7,121.424,373.15,mc,3,1760555221223
1760555245023,8,455.843,637.068,mc,4,1760555221223
1760555245023,9,334.978,528.032,mc,4,1760555221223
1760555245023,10,601.411,701.077,mc,4,1760555221223
1760555245023,11,262.244,470.501,mc,3,1760555221223
1760555245023,12,624.954,410.551,mc,5,1760555221223
1760555245023,13,600.56,335.188,mc,2,1760555221223
1760555245023,14,441.696,469.428,mc,4,1760555221223
1760555245023,15,693.193,525.094,mc,5,1760555221223
1760555245023,16,391.07,468.078,mc,0,1760555221223
1760555245123,2,491.998,286.118,mc,5,1760555221223
1760555245123,3,259.541,231.348,mc,3,1760555221223
1760555245123,4,472.36,369.196,mc,4,1760555221223
1760555245123,5,308.231,309.296,mc,3,1760555221223
1760555245123,6,779.911,374.77,mc,4,1760555221223
1760555245123,7,120.931,373.419,mc,3,1760555221223
1760555245123,8,455.699,636.707,mc,4,1760555221223
1760555245123,9,335.455,528.049,mc,4,1760555221223
1760555245123,10,601.525,701.747,mc,4,1760555221223
1760555245123,11,261.725,470.664,mc,3,1760555221223
1760555245123,12,625.157,410.018,mc,5,1760555221223
1760555245123,13,600.753,335.434,mc,2,1760555221223
1760555245123,14,441.052,469.683,mc,4,1760555221223
1760555245123,15,693.048,525.369,mc,5,1760555221223
1760555245123,16,391.615,468.372,mc,0,1760555221223
1760555245223,2,491.545,286.103,mc,5,1760555221223
1760555245223,3,259.235,231.633,mc,3,1760555221223
1760555245223,4,472.404,368.693,mc,4,1760555221223
1760555245223,5,308.752,309.084,mc,3,1760555221223
1760555245223,6,779.922,375.128,mc,4,1760555221223
1760555245223,7,120.438,373.687,mc,3,1760555221223
1760555245223,8,455.554,636.347,mc,4,1760555221223
1760555245223,9,335.933,528.066,mc,4,1760555221223
1760555245223,10,601.639,702.417,mc,4,1760555221223
1760555245223,11,261.207,470.827,mc,3,1760555221223
1760555245223,12,625.359,409.484,mc,5,1760555221223
1760555245223,13,600.947,335.68,mc,2,1760555221223
1760555245223,14,440.408,469.938,mc,4,1760555221223
1760555245223,15,692.903,525.643,mc,5,1760555221223
1760555245223,16,392.161,468.667,mc,0,1760555221223
1760555245323,2,491.312,286.346,mc,5,1760555221223
1760555245323,3,258.928,231.919,mc,3,1760555221223
1760555245323,4,472.448,368.19,mc,4,1760555221223
1760555245323,5,309.273,308.872,mc,3,1760555221223
1760555245323,6,779.934,375.487,mc,4,1760555221223
1760555245323,7,119.946,373.955,mc,3,1760555221223
1760555245323,8,455.409,635.986,mc,4,1760555221223
1760555245323,9,336.411,528.082,mc,4,1760555221223
1760555245323,10,601.753,703.086,mc,4,1760555221223
1760555245323,11,260.689,470.989,mc,3,1760555221223
1760555245323,12,625.562,408.951,mc,5,1760555221223
1760555245323,13,601.141,335.926,mc,2,1760555221223
1760555245323,14,439.764,470.193,mc,4,1760555221223
1760555245323,15,692.758,525.918,mc,5,1760555221223
1760555245323,16,392.706,468.961,mc,0,1760555221223
1760555245423,2,491.079,286.589,mc,5,1760555221223
1760555245423,3,258.621,232.204,mc,3,1760555221223
1760555245423,4,472.492,367.688,mc,4,1760555221223
1760555245423,5,309.794,308.66,mc,3,1760555221223
1760555245423,6,779.945,375.846,mc,4,1760555221223
1760555245423,7,119.453,374.223,mc,3,1760555221223
1760555245423,8,455.264,635.626,mc,4,1760555221223
1760555245423,9,336.888,528.099,mc,4,1760555221223
1760555245423,10,601.867,703.756,mc,4,1760555221223
1760555245423,11,260.171,471.152,mc,3,1760555221223
1760555245423,12,625.764,408.418,mc,5,1760555221223
1760555245423,13,601.335,336.173,mc,2,1760555221223
1760555245423,14,439.12,470.448,mc,4,1760555221223
1760555245423,15,692.612,526.192,mc,5,1760555221223
1760555245423,16,393.251,469.255,mc,0,1760555221223
1760555245523,2,490.845,286.831,mc,5,1760555221223
1760555245523,3,258.315,232.49,mc,3,1760555221223
1760555245523,4,472.536,367.185,mc,4,1760555221223
1760555245523,5,310.315,308.448,mc,3,1760555221223
1760555245523,6,779.956,376.205,mc,4,1760555221223
1760555245523,7,118.96,374.491,mc,3,1760555221223
1760555245523,8,455.119,635.265,mc,4,1760555221223
1760555245523,9,337.366,528.116,mc,4,1760555221223
1760555245523,10,601.98,704.426,mc,4,1760555221223
1760555245523,11,259.653,471.314,mc,3,1760555221223
1760555245523,12,625.967,407.884,mc,5,1760555221223
1760555245523,13,601.528,336.419,mc,2,1760555221223
1760555245523,14,439.336,470.713,mc,4,1760555221223
1760555245523,15,692.467,526.467,mc,5,1760555221223
1760555245523,16,393.796,469.549,mc,0,1760555221223
1760555245623,2,490.612,287.074,mc,5,1760555221223
1760555245623,3,258.008,232.775,mc,3,1760555221223
1760555245623,4,472.58,366.682,mc,4,1760555221223
1760555245623,5,310.836,308.236,mc,3,1760555221223
1760555245623,6,779.968,376.563,mc,4,1760555221223
1760555245623,7,118.467,374.759,mc,3,1760555221223
1760555245623,8,454.974,634.905,mc,4,1760555221223
1760555245623,9,337.843,528.132,mc,4,1760555221223
1760555245623,10,602.094,705.096,mc,4,1760555221223
1760555245623,11,259.135,471.477,mc,3,1760555221223
1760555245623,12,626.169,407.351,mc,5,1760555221223
1760555245623,13,601.722,336.665,mc,2,1760555221223
1760555245623,14,439.552,470.977,mc,4,1760555221223
1760555245623,15,692.322,526.741,mc,5,1760555221223
1760555245623,16,394.342,469.843,mc,0,1760555221223
1760555245723,2,490.379,287.317,mc,5,1760555221223
1760555245723,3,257.701,233.061,mc,3,1760555221223
1760555245723,4,472.624,366.18,mc,4,1760555221223
1760555245723,5,311.357,308.024,mc,3,1760555221223
1760555245723,6,779.979,376.922,mc,4,1760555221223
1760555245723,7,117.975,375.028,mc,3,1760555221223
1760555245723,8,454.829,634.544,mc,4,1760555221223
1760555245723,9,338.321,528.149,mc,4,1760555221223
1760555245723,10,602.208,705.766,mc,4,1760555221223
1760555245723,11,258.616,471.64,mc,3,1760555221223
1760555245723,12,626.372,406.818,mc,5,1760555221223
1760555245723,13,601.916,336.911,mc,2,1760555221223
1760555245723,14,439.768,471.242,mc,4,1760555221223
1760555245723,15,692.177,527.016,mc,5,1760555221223
1760555245723,16,394.887,470.137,mc,0,1760555221223
1760555245823,2,490.145,287.56,mc,5,1760555221223
1760555245823,3,257.395,233.346,mc,3,1760555221223
1760555245823,4,472.668,365.677,mc,4,1760555221223
1760555245823,5,311.878,307.812,mc,3,1760555221223
1760555245823,6,779.99,377.281,mc,4,1760555221223
1760555245823,7,117.482,375.296,mc,3,1760555221223
1760555245823,8,454.561,634.351,mc,4,1760555221223
1760555245823,9,338.799,528.166,mc,4,1760555221223
1760555245823,10,602.322,706.435,mc,4,1760555221223
1760555245823,11,258.098,471.802,mc,3,1760555221223
1760555245823,12,626.574,406.284,mc,5,1760555221223
1760555245823,13,602.11,337.158,mc,2,1760555221223
1760555245823,14,439.984,471.506,mc,4,1760555221223
1760555245823,15,692.032,527.29,mc,5,1760555221223
1760555245823,16,395.432,470.431,mc,0,1760555221223
1760555245923,2,489.912,287.802,mc,5,1760555221223
1760555245923,3,257.088,233.632,mc,3,1760555221223
1760555245923,4,472.712,365.174,mc,4,1760555221223
1760555245923,5,312.399,307.6,mc,3,1760555221223
1760555245923,6,780.002,377.64,mc,4,1760555221223
1760555245923,7,116.989,375.564,mc,3,1760555221223
1760555245923,8,454.164,634.332,mc,4,1760555221223
1760555245923,9,339.276,528.182,mc,4,1760555221223
1760555245923,10,602.436,707.105,mc,4,1760555221223
1760555245923,11,257.58,471.965,mc,3,1760555221223
1760555245923,12,626.776,405.751,mc,5,1760555221223
1760555245923,13,602.304,337.404,mc,2,1760555221223
1760555245923,14,440.2,471.771,mc,4,1760555221223
1760555245923,15,691.887,527.565,mc,5,1760555221223
1760555245923,16,395.978,470.725,mc,0,1760555221223
1760555246023,2,489.679,288.045,mc,5,1760555221223
1760555246023,3,256.781,233.917,mc,3,1760555221223
1760555246023,4,472.756,364.672,mc,4,1760555221223
1760555246023,5,312.92,307.388,mc,3,1760555221223
1760555246023,6,780.013,377.998,mc,4,1760555221223
1760555246023,7,116.496,375.832,mc,3,1760555221223
1760555246023,8,453.766,634.313,mc,4,1760555221223
1760555246023,9,339.754,528.199,mc,4,1760555221223
1760555246023,10,602.549,707.775,mc,4,1760555221223
1760555246023,11,257.062,472.128,mc,3,1760555221223
1760555246023,12,626.979,405.218,mc,5,1760555221223
1760555246023,13,602.497,337.65,mc,2,1760555221223
1760555246023,14,440.416,472.035,mc,4,1760555221223
1760555246023,15,691.742,527.839,mc,5,1760555221223
1760555246023,16,396.523,471.019,mc,0,1760555221223
1760555246123,2,489.445,288.288,mc,5,1760555221223
1760555246123,3,256.475,234.203,mc,3,1760555221223
1760555246123,4,472.8,364.169,mc,4,1760555221223
1760555246123,5,313.29,307.191,mc,3,1760555221223
1760555246123,6,780.024,378.357,mc,4,1760555221223
1760555246123,7,116.004,376.1,mc,3,1760555221223
1760555246123,8,453.368,634.295,mc,4,1760555221223
1760555246123,9,340.232,528.216,mc,4,1760555221223
1760555246123,10,602.663,708.445,mc,4,1760555221223
1760555246123,11,256.544,472.29,mc,3,1760555221223
1760555246123,12,627.181,404.684,mc,5,1760555221223
1760555246123,13,602.691,337.896,mc,2,1760555221223
1760555246123,14,440.632,472.3,mc,4,1760555221223
1760555246123,15,691.597,528.114,mc,5,1760555221223
1760555246123,16,397.068,471.313,mc,0,1760555221223
1760555246223,2,489.212,288.531,mc,5,1760555221223
1760555246223,3,256.168,234.488,mc,3,1760555221223
1760555246223,4,472.844,363.666,mc,4,1760555221223
1760555246223,5,313.644,306.996,mc,3,1760555221223
1760555246223,6,780.036,378.716,mc,4,1760555221223
1760555246223,7,115.511,376.369,mc,3,1760555221223
1760555246223,8,452.971,634.276,mc,4,1760555221223
1760555246223,9,340.709,528.232,mc,4,1760555221223
1760555246223,10,602.777,709.115,mc,4,1760555221223
1760555246223,11,256.026,472.453,mc,3,1760555221223
1760555246223,12,627.384,404.151,mc,5,1760555221223
1760555246223,13,602.885,338.143,mc,2,1760555221223
1760555246223,14,440.848,472.564,mc,4,1760555221223
1760555246223,15,691.452,528.388,mc,5,1760555221223
1760555246223,16,397.614,471.607,mc,0,1760555221223
1760555246323,2,488.979,288.773,mc,5,1760555221223
1760555246323,3,255.861,234.774,mc,3,1760555221223
1760555246323,4,472.888,363.164,mc,4,1760555221223
1760555246323,5,313.999,306.801,mc,3,1760555221223
1760555246323,6,780.047,379.075,mc,4,1760555221223
1760555246323,7,115.018,376.637,mc,3,1760555221223
1760555246323,8,452.573,634.257,mc,4,1760555221223
1760555246323,9,341.187,528.249,mc,4,1760555221223
1760555246323,10,602.891,709.785,mc,4,1760555221223
1760555246323,11,255.507,472.615,mc,3,1760555221223
1760555246323,12,627.586,403.617,mc,5,1760555221223
1760555246323,13,603.079,338.389,mc,2,1760555221223
1760555246323,14,441.064,472.829,mc,4,1760555221223
1760555246323,15,691.307,528.662,mc,5,1760555221223
1760555246323,16,398.159,471.901,mc,0,1760555221223
1760555246423,2,488.746,289.016,mc,5,1760555221223
1760555246423,3,255.555,235.059,mc,3,1760555221223
1760555246423,4,472.932,362.661,mc,4,1760555221223
1760555246423,5,314.353,306.606,mc,3,1760555221223
1760555246423,6,780.058,379.433,mc,4,1760555221223
1760555246423,7,114.525,376.905,mc,3,1760555221223
1760555246423,8,452.176,634.239,mc,4,1760555221223
1760555246423,9,341.664,528.266,mc,4,1760555221223
1760555246423,10,603.004,710.454,mc,4,1760555221223
1760555246423,11,254.989,472.778,mc,3,1760555221223
1760555246423,12,627.789,403.084,mc,5,1760555221223
1760555246423,13,603.272,338.635,mc,2,1760555221223
1760555246423,14,441.28,473.093,mc,4,1760555221223
1760555246423,15,691.161,528.937,mc,5,1760555221223
1760555246423,16,398.704,472.195,mc,0,1760555221223
1760555246523,2,488.512,289.259,mc,5,1760555221223
1760555246523,3,255.248,235.345,mc,3,1760555221223
1760555246523,4,472.976,362.159,mc,4,1760555221223
1760555246523,5,314.707,306.411,mc,3,1760555221223
1760555246523,6,780.07,379.792,mc,4,1760555221223
1760555246523,7,114.033,377.173,mc,3,1760555221223
1760555246523,8,451.778,634.22,mc,4,1760555221223
1760555246523,9,342.142,528.282,mc,4,1760555221223
1760555246523,10,603.118,711.124,mc,4,1760555221223
1760555246523,11,254.471,472.941,mc,3,1760555221223
1760555246523,12,627.991,402.551,mc,5,1760555221223
1760555246523,13,603.466,338.881,mc,2,1760555221223
1760555246523,14,441.496,473.358,mc,4,1760555221223
1760555246523,15,691.016,529.211,mc,5,1760555221223
1760555246523,16,399.249,472.489,mc,0,1760555221223
1760555246623,2,488.279,289.501,mc,5,1760555221223
1760555246623,3,254.941,235.63,mc,3,1760555221223
1760555246623,4,473.02,361.656,mc,4,1760555221223
1760555246623,5,315.062,306.215,mc,3,1760555221223
1760555246623,6,780.081,380.151,mc,4,1760555221223
1760555246623,7,113.54,377.441,mc,3,1760555221223
1760555246623,8,451.381,634.201,mc,4,1760555221223
1760555246623,9,342.62,528.299,mc,4,1760555221223
1760555246623,10,603.232,711.794,mc,4,1760555221223
1760555246623,11,253.953,473.103,mc,3,1760555221223
1760555246623,12,628.194,402.017,mc,5,1760555221223
1760555246623,13,603.66,339.127,mc,2,1760555221223
1760555246623,14,441.713,473.623,mc,4,1760555221223
1760555246623,15,690.871,529.486,mc,5,1760555221223
1760555246623,16,399.795,472.783,mc,0,1760555221223
1760555246723,2,488.046,289.744,mc,5,1760555221223
1760555246723,3,254.635,235.916,mc,3,1760555221223
1760555246723,4,473.064,361.153,mc,4,1760555221223
1760555246723,5,315.416,306.02,mc,3,1760555221223
1760555246723,6,780.092,380.51,mc,4,1760555221223
1760555246723,7,113.047,377.71,mc,3,1760555221223
1760555246723,8,450.983,634.182,mc,4,1760555221223
1760555246723,9,343.097,528.316,mc,4,1760555221223
1760555246723,10,603.346,712.464,mc,4,1760555221223
1760555246723,11,253.435,473.266,mc,3,1760555221223
1760555246723,12,628.396,401.484,mc,5,1760555221223
1760555246723,13,603.854,339.374,mc,2,1760555221223
1760555246723,14,441.929,473.887,mc,4,1760555221223
1760555246723,15,690.726,529.76,mc,5,1760555221223
1760555246723,16,400.34,473.077,mc,0,1760555221223
1760555246823,2,487.812,289.987,mc,5,1760555221223
1760555246823,3,254.328,236.201,mc,3,1760555221223
1760555246823,4,473.108,360.651,mc,4,1760555221223
1760555246823,5,315.771,305.825,mc,3,1760555221223
1760555246823,6,780.104,380.868,mc,4,1760555221223
1760555246823,7,112.554,377.978,mc,3,1760555221223
1760555246823,8,450.586,634.164,mc,4,1760555221223
1760555246823,9,343.575,528.332,mc,4,1760555221223
1760555246823,10,603.46,713.134,mc,4,1760555221223
1760555246823,11,252.917,473.429,mc,3,1760555221223
1760555246823,12,628.598,400.951,mc,5,1760555221223
1760555246823,13,604.047,339.62,mc,2,1760555221223
1760555246823,14,442.145,474.152,mc,4,1760555221223
1760555246823,15,690.581,530.035,mc,5,1760555221223
1760555246823,16,400.885,473.371,mc,0,1760555221223
1760555246923,2,487.579,290.23,mc,5,1760555221223
1760555246923,3,254.021,236.486,mc,3,1760555221223
1760555246923,4,473.152,360.148,mc,4,1760555221223
1760555246923,5,316.125,305.63,mc,3,1760555221223
1760555246923,6,780.115,381.227,mc,4,1760555221223
1760555246923,7,112.062,378.246,mc,3,1760555221223
1760555246923,8,450.188,634.145,mc,4,1760555221223
1760555246923,9,344.052,528.349,mc,4,1760555221223
1760555246923,10,603.573,713.803,mc,4,1760555221223
1760555246923,11,252.399,473.591,mc,3,1760555221223
1760555246923,12,628.801,400.417,mc,5,1760555221223
1760555246923,13,604.241,339.866,mc,2,1760555221223
1760555246923,14,442.361,474.416,mc,4,1760555221223
1760555246923,15,690.436,530.309,mc,5,1760555221223
1760555246923,16,401.431,473.665,mc,0,1760555221223
1760555247023,2,487.346,290.472,mc,5,1760555221223
1760555247023,3,253.715,236.772,mc,3,1760555221223
1760555247023,4,473.196,359.645,mc,4,1760555221223
1760555247023,5,316.479,305.435,mc,3,1760555221223
1760555247023,6,780.126,381.586,mc,4,1760555221223
1760555247023,7,111.569,378.514,mc,3,1760555221223
1760555247023,8,449.791,634.126,mc,4,1760555221223
1760555247023,9,344.53,528.366,mc,4,1760555221223
1760555247023,10,603.687,714.473,mc,4,1760555221223
1760555247023,11,251.88,473.754,mc,3,1760555221223
1760555247023,12,629.003,399.884,mc,5,1760555221223
1760555247023,13,604.435,340.112,mc,2,1760555221223
1760555247023,14,442.577,474.681,mc,4,1760555221223
1760555247023,15,690.291,530.584,mc,5,1760555221223
1760555247023,16,401.976,473.959,mc,0,1760555221223
1760555247123,2,487.112,290.715,mc,5,1760555221223
1760555247123,3,253.408,237.057,mc,3,1760555221223
1760555247123,4,473.24,359.143,mc,4,1760555221223
1760555247123,5,316.834,305.24,mc,3,1760555221223
1760555247123,6,780.138,381.944,mc,4,1760555221223
1760555247123,7,111.076,378.782,mc,3,1760555221223
1760555247123,8,449.393,634.107,mc,4,1760555221223
1760555247123,9,345.008,528.382,mc,4,1760555221223
1760555247123,10,603.801,715.143,mc,4,1760555221223
1760555247123,11,251.362,473.916,mc,3,1760555221223
1760555247123,12,629.206,399.351,mc,5,1760555221223
1760555247123,13,604.629,340.359,mc,2,1760555221223
1760555247123,14,442.793,474.945,mc,4,1760555221223
1760555247123,15,690.146,530.858,mc,5,1760555221223
1760555247123,16,402.521,474.253,mc,0,1760555221223
1760555247223,2,486.879,290.958,mc,5,1760555221223
1760555247223,3,253.101,237.343,mc,3,1760555221223
1760555247223,4,473.284,358.64,mc,4,1760555221223
1760555247223,5,317.188,305.045,mc,3,1760555221223
1760555247223,6,780.149,382.303,mc,4,1760555221223
1760555247223,7,110.583,379.051,mc,3,1760555221223
1760555247223,8,448.995,634.089,mc,4,1760555221223
1760555247223,9,345.485,528.399,mc,4,1760555221223
1760555247223,10,603.915,715.813,mc,4,1760555221223
1760555247223,11,250.844,474.079,mc,3,1760555221223
1760555247223,12,629.408,398.817,mc,5,1760555221223
1760555247223,13,604.822,340.605,mc,2,1760555221223
1760555247223,14,443.009,475.21,mc,4,1760555221223
1760555247223,15,690.001,531.133,mc,5,1760555221223
1760555247223,16,403.067,474.548,mc,0,1760555221223
1760555247323,2,486.646,291.201,mc,5,1760555221223
1760555247323,3,252.795,237.628,mc,3,1760555221223
1760555247323,4,473.328,358.137,mc,4,1760555221223
1760555247323,5,317.543,304.85,mc,3,1760555221223
1760555247323,6,780.16,382.662,mc,4,1760555221223
1760555247323,7,110.091,379.319,mc,3,1760555221223
1760555247323,8,448.598,634.07,mc,4,1760555221223
1760555247323,9,345.963,528.416,mc,4,1760555221223
1760555247323,10,604.029,716.483,mc,4,1760555221223
1760555247323,11,250.326,474.242,mc,3,1760555221223
1760555247323,12,629.611,398.284,mc,5,1760555221223
1760555247323,13,605.016,340.851,mc,2,1760555221223
1760555247323,14,443.225,475.474,mc,4,1760555221223
1760555247323,15,689.856,531.407,mc,5,1760555221223
1760555247323,16,403.612,474.842,mc,0,1760555221223
1760555247423,2,486.412,291.443,mc,5,1760555221223
1760555247423,3,252.488,237.914,mc,3,1760555221223
1760555247423,4,473.184,358.231,mc,4,1760555221223
1760555247423,5,317.897,304.655,mc,3,1760555221223
1760555247423,6,780.171,383.021,mc,4,1760555221223
1760555247423,7,109.598,379.587,mc,3,1760555221223
1760555247423,8,448.2,634.051,mc,4,1760555221223
1760555247423,9,346.441,528.432,mc,4,1760555221223
1760555247423,10,604.142,717.153,mc,4,1760555221223
1760555247423,11,249.808,474.404,mc,3,1760555221223
1760555247423,12,629.813,397.751,mc,5,1760555221223
1760555247423,13,605.21,341.097,mc,2,1760555221223
1760555247423,14,443.441,475.739,mc,4,1760555221223
1760555247423,15,689.71,531.682,mc,5,1760555221223
1760555247423,16,404.157,475.136,mc,0,1760555221223
1760555247523,2,486.179,291.686,mc,5,1760555221223
1760555247523,3,252.181,238.199,mc,3,1760555221223
1760555247523,4,472.971,358.542,mc,4,1760555221223
1760555247523,5,318.251,304.46,mc,3,1760555221223
1760555247523,6,780.221,383.465,mc,4,1760555221223
1760555247523,7,109.105,379.855,mc,3,1760555221223
1760555247523,8,447.803,634.032,mc,4,1760555221223
1760555247523,9,346.918,528.449,mc,4,1760555221223
1760555247523,10,604.256,717.822,mc,4,1760555221223
1760555247523,11,249.29,474.567,mc,3,1760555221223
1760555247523,12,630.016,397.217,mc,5,1760555221223
1760555247523,13,605.404,341.344,mc,2,1760555221223
1760555247523,14,443.657,476.003,mc,4,1760555221223
1760555247523,15,689.565,531.956,mc,5,1760555221223
1760555247523,16,404.702,475.43,mc,0,1760555221223
1760555247623,2,485.946,291.929,mc,5,1760555221223
1760555247623,3,251.875,238.485,mc,3,1760555221223
1760555247623,4,472.758,358.853,mc,4,1760555221223
1760555247623,5,318.606,304.265,mc,3,1760555221223
1760555247623,6,780.286,383.945,mc,4,1760555221223
1760555247623,7,108.612,380.123,mc,3,1760555221223
1760555247623,8,447.405,634.014,mc,4,1760555221223
1760555247623,9,347.396,528.466,mc,4,1760555221223
1760555247623,10,604.37,718.492,mc,4,1760555221223
1760555247623,11,248.771,474.73,mc,3,1760555221223
1760555247623,12,630.218,396.684,mc,5,1760555221223
1760555247623,13,605.598,341.59,mc,2,1760555221223
1760555247623,14,443.873,476.268,mc,4,1760555221223
1760555247623,15,689.42,532.231,mc,5,1760555221223
1760555247623,16,405.248,475.724,mc,0,1760555221223
1760555247723,2,485.712,292.172,mc,5,1760555221223
1760555247723,3,251.568,238.77,mc,3,1760555221223
1760555247723,4,472.545,359.164,mc,4,1760555221223
1760555247723,5,318.96,304.07,mc,3,1760555221223
1760555247723,6,780.351,384.425,mc,4,1760555221223
1760555247723,7,108.12,380.392,mc,3,1760555221223
1760555247723,8,447.008,633.995,mc,4,1760555221223
1760555247723,9,347.873,528.482,mc,4,1760555221223
1760555247723,10,604.484,719.162,mc,4,1760555221223
1760555247723,11,248.253,474.892,mc,3,1760555221223
1760555247723,12,630.42,396.15,mc,5,1760555221223
1760555247723,13,605.791,341.836,mc,2,1760555221223
1760555247723,14,444.089,476.532,mc,4,1760555221223
1760555247723,15,689.275,532.505,mc,5,1760555221223
1760555247723,16,405.793,476.018,mc,0,1760555221223
1760555247823,2,485.479,292.414,mc,5,1760555221223
1760555247823,3,251.261,239.056,mc,3,1760555221223
1760555247823,4,472.333,359.475,mc,4,1760555221223
1760555247823,5,319.314,303.875,mc,3,1760555221223
1760555247823,6,780.416,384.904,mc,4,1760555221223
1760555247823,7,107.627,380.66,mc,3,1760555221223
1760555247823,8,446.61,633.976,mc,4,1760555221223
1760555247823,9,348.351,528.499,mc,4,1760555221223
1760555247823,10,604.598,719.832,mc,4,1760555221223
1760555247823,11,247.735,475.055,mc,3,1760555221223
1760555247823,12,630.623,395.617,mc,5,1760555221223
1760555247823,13,605.985,342.082,mc,2,1760555221223
1760555247823,14,444.305,476.797,mc,4,1760555221223
1760555247823,15,689.13,532.779,mc,5,1760555221223
1760555247823,16,406.338,476.312,mc,0,1760555221223
1760555247923,2,485.246,292.657,mc,5,1760555221223
1760555247923,3,250.955,239.341,mc,3,1760555221223
1760555247923,4,472.12,359.786,mc,4,1760555221223
1760555247923,5,319.669,303.68,mc,3,1760555221223
1760555247923,6,780.482,385.384,mc,4,1760555221223
1760555247923,7,107.134,380.928,mc,3,1760555221223
1760555247923,8,446.213,633.957,mc,4,1760555221223
1760555247923,9,348.829,528.515,mc,4,1760555221223
1760555247923,10,604.711,720.502,mc,4,1760555221223
1760555247923,11,247.217,475.217,mc,3,1760555221223
1760555247923,12,630.825,395.084,mc,5,1760555221223
1760555247923,13,606.179,342.329,mc,2,1760555221223
1760555247923,14,444.521,477.062,mc,4,1760555221223
1760555247923,15,688.985,533.054,mc,5,1760555221223
1760555247923,16,406.884,476.606,mc,0,1760555221223
1760555248023,2,485.013,292.9,mc,5,1760555221223
1760555248023,3,250.648,239.627,mc,3,1760555221223
1760555248023,4,471.907,360.097,mc,4,1760555221223
1760555248023,5,320.023,303.484,mc,3,1760555221223
1760555248023,6,780.547,385.864,mc,4,1760555221223
1760555248023,7,106.641,381.196,mc,3,1760555221223
1760555248023,8,445.815,633.939,mc,4,1760555221223
1760555248023,9,349.306,528.532,mc,4,1760555221223
1760555248023,10,604.825,721.171,mc,4,1760555221223
1760555248023,11,246.699,475.38,mc,3,1760555221223
1760555248023,12,631.028,394.55,mc,5,1760555221223
1760555248023,13,606.373,342.575,mc,2,1760555221223
1760555248023,14,444.737,477.326,mc,4,1760555221223
1760555248023,15,688.84,533.328,mc,5,1760555221223
1760555248023,16,407.429,476.9,mc,0,1760555221223
1760555248123,2,484.779,293.143,mc,5,1760555221223
1760555248123,3,250.341,239.912,mc,3,1760555221223
1760555248123,4,471.694,360.408,mc,4,1760555221223
1760555248123,5,320.378,303.289,mc,3,1760555221223
1760555248123,6,780.612,386.343,mc,4,1760555221223
1760555248123,7,106.149,381.464,mc,3,1760555221223
1760555248123,8,445.418,633.92,mc,4,1760555221223
1760555248123,9,349.784,528.549,mc,4,1760555221223
1760555248123,10,604.939,721.841,mc,4,1760555221223
1760555248123,11,246.181,475.543,mc,3,1760555221223
1760555248123,12,631.23,394.017,mc,5,1760555221223
1760555248123,13,606.566,342.821,mc,2,1760555221223
1760555248123,14,444.953,477.591,mc,4,1760555221223
1760555248123,15,688.695,533.603,mc,5,1760555221223
1760555248123,16,407.974,477.194,mc,0,1760555221223
1760555248223,2,484.546,293.385,mc,5,1760555221223
1760555248223,3,250.035,240.198,mc,3,1760555221223
1760555248223,4,471.481,360.719,mc,4,1760555221223
1760555248223,5,320.732,303.094,mc,3,1760555221223
1760555248223,6,780.677,386.823,mc,4,1760555221223
1760555248223,7,105.656,381.733,mc,3,1760555221223
1760555248223,8,445.02,633.901,mc,4,1760555221223
1760555248223,9,349.261,528.366,mc,4,1760555221223
1760555248223,10,605.053,722.511,mc,4,1760555221223
1760555248223,11,245.662,475.705,mc,3,1760555221223
1760555248223,12,631.433,393.484,mc,5,1760555221223
1760555248223,13,606.76,343.067,mc,2,1760555221223
1760555248223,14,445.169,477.855,mc,4,1760555221223
1760555248223,15,688.55,533.877,mc,5,1760555221223
1760555248223,16,408.52,477.488,mc,0,1760555221223
1760555248323,2,484.313,293.628,mc,5,1760555221223
1760555248323,3,249.728,240.483,mc,3,1760555221223
1760555248323,4,471.269,361.03,mc,4,1760555221223
1760555248323,5,321.086,302.899,mc,3,1760555221223
1760555248323,6,780.742,387.303,mc,4,1760555221223
1760555248323,7,105.163,382.001,mc,3,1760555221223
1760555248323,8,444.622,633.882,mc,4,1760555221223
1760555248323,9,348.668,528.17,mc,4,1760555221223
1760555248323,10,605.167,723.181,mc,4,1760555221223
1760555248323,11,245.144,475.868,mc,3,1760555221223
1760555248323,12,631.635,392.95,mc,5,1760555221223
1760555248323,13,606.954,343.314,mc,2,1760555221223
1760555248323,14,445.385,478.12,mc,4,1760555221223
1760555248323,15,688.405,534.152,mc,5,1760555221223
1760555248323,16,408.79,477.739,mc,0,1760555221223
1760555248423,2,484.079,293.871,mc,5,1760555221223
1760555248423,3,249.421,240.769,mc,3,1760555221223
1760555248423,4,471.056,361.341,mc,4,1760555221223
1760555248423,5,321.441,302.704,mc,3,1760555221223
1760555248423,6,780.807,387.782,mc,4,1760555221223
1760555248423,7,104.67,382.269,mc,3,1760555221223
1760555248423,8,444.225,633.864,mc,4,1760555221223
1760555248423,9,348.075,527.973,mc,4,1760555221223
1760555248423,10,605.28,723.851,mc,4,1760555221223
1760555248423,11,244.626,476.031,mc,3,1760555221223
1760555248423,12,631.838,392.417,mc,5,1760555221223
1760555248423,13,607.148,343.56,mc,2,1760555221223
1760555248423,14,445.601,478.384,mc,4,1760555221223
1760555248423,15,688.259,534.426,mc,5,1760555221223
1760555248423,16,408.123,477.845,mc,0,1760555221223
1760555248523,2,483.846,294.114,mc,5,1760555221223
1760555248523,3,249.115,241.054,mc,3,1760555221223
1760555248523,4,470.843,361.652,mc,4,1760555221223
1760555248523,5,321.795,302.509,mc,3,1760555221223
1760555248523,6,780.872,388.262,mc,4,1760555221223
1760555248523,7,104.178,382.537,mc,3,1760555221223
1760555248523,8,443.827,633.845,mc,4,1760555221223
1760555248523,9,347.482,527.776,mc,4,1760555221223
1760555248523,10,605.394,724.521,mc,4,1760555221223
1760555248523,11,244.108,476.193,mc,3,1760555221223
1760555248523,12,632.04,391.884,mc,5,1760555221223
1760555248523,13,607.341,343.806,mc,2,1760555221223
1760555248523,14,445.817,478.649,mc,4,1760555221223
1760555248523,15,688.114,534.701,mc,5,1760555221223
1760555248523,16,407.455,477.951,mc,0,1760555221223
1760555248623,2,483.613,294.356,mc,5,1760555221223
1760555248623,3,248.808,241.34,mc,3,1760555221223
1760555248623,4,470.63,361.963,mc,4,1760555221223
1760555248623,5,322.15,302.314,mc,3,1760555221223
1760555248623,6,780.937,388.742,mc,4,1760555221223
1760555248623,7,103.685,382.805,mc,3,1760555221223
1760555248623,8,443.43,633.826,mc,4,1760555221223
1760555248623,9,346.889,527.58,mc,4,1760555221223
1760555248623,10,605.508,725.19,mc,4,1760555221223
1760555248623,11,243.59,476.356,mc,3,1760555221223
1760555248623,12,632.242,391.35,mc,5,1760555221223
1760555248623,13,607.535,344.052,mc,2,1760555221223
1760555248623,14,446.033,478.913,mc,4,1760555221223
1760555248623,15,687.969,534.975,mc,5,1760555221223
1760555248623,16,406.787,478.056,mc,0,1760555221223
1760555248723,2,483.379,294.599,mc,5,1760555221223
1760555248723,3,248.501,241.625,mc,3,1760555221223
1760555248723,4,470.417,362.275,mc,4,1760555221223
1760555248723,5,322.504,302.119,mc,3,1760555221223
1760555248723,6,781.003,389.221,mc,4,1760555221223
1760555248723,7,103.192,383.073,mc,3,1760555221223
1760555248723,8,443.032,633.807,mc,4,1760555221223
1760555248723,9,346.296,527.383,mc,4,1760555221223
1760555248723,10,605.622,725.86,mc,4,1760555221223
1760555248723,11,243.072,476.519,mc,3,1760555221223
1760555248723,12,632.445,390.817,mc,5,1760555221223
1760555248723,13,607.729,344.299,mc,2,1760555221223
1760555248723,14,446.249,479.178,mc,4,1760555221223
1760555248723,15,687.824,535.25,mc,5,1760555221223
1760555248723,16,406.119,478.162,mc,0,1760555221223
1760555248823,2,483.146,294.842,mc,5,1760555221223
1760555248823,3,248.195,241.911,mc,3,1760555221223
1760555248823,4,470.205,362.586,mc,4,1760555221223
1760555248823,5,322.858,301.924,mc,3,1760555221223
1760555248823,6,781.068,389.701,mc,4,1760555221223
1760555248823,7,102.699,383.342,mc,3,1760555221223
1760555248823,8,442.635,633.789,mc,4,1760555221223
1760555248823,9,345.703,527.187,mc,4,1760555221223
1760555248823,10,605.688,726.491,mc,4,1760555221223
1760555248823,11,242.553,476.681,mc,3,1760555221223
1760555248823,12,632.647,390.284,mc,5,1760555221223
1760555248823,13,607.923,344.545,mc,2,1760555221223
1760555248823,14,446.465,479.442,mc,4,1760555221223
1760555248823,15,687.679,535.524,mc,5,1760555221223
1760555248823,16,405.452,478.267,mc,0,1760555221223
1760555248923,2,482.913,295.085,mc,5,1760555221223
1760555248923,3,247.888,242.196,mc,3,1760555221223
1760555248923,4,469.992,362.897,mc,4,1760555221223
1760555248923,5,323.213,301.729,mc,3,1760555221223
1760555248923,6,781.133,390.181,mc,4,1760555221223
1760555248923,7,102.207,383.61,mc,3,1760555221223
1760555248923,8,442.237,633.77,mc,4,1760555221223
1760555248923,9,345.111,526.99,mc,4,1760555221223
1760555248923,10,605.247,726.711,mc,4,1760555221223
1760555248923,11,242.035,476.844,mc,3,1760555221223
1760555248923,12,632.85,389.75,mc,5,1760555221223
1760555248923,13,608.117,344.791,mc,2,1760555221223
1760555248923,14,446.681,479.707,mc,4,1760555221223
1760555248923,15,687.534,535.799,mc,5,1760555221223
1760555248923,16,404.784,478.373,mc,0,1760555221223
1760555249023,2,482.679,295.327,mc,5,1760555221223
1760555249023,3,247.581,242.482,mc,3,1760555221223
1760555249023,4,469.779,363.208,mc,4,1760555221223
1760555249023,5,323.567,301.534,mc,3,1760555221223
1760555249023,6,781.198,390.66,mc,4,1760555221223
1760555249023,7,101.714,383.878,mc,3,1760555221223
1760555249023,8,441.84,633.751,mc,4,1760555221223
1760555249023,9,344.518,526.794,mc,4,1760555221223
1760555249023,10,604.806,726.93,mc,4,1760555221223
1760555249023,11,241.517,477.006,mc,3,1760555221223
1760555249023,12,633.052,389.217,mc,5,1760555221223
1760555249023,13,608.31,345.037,mc,2,1760555221223
1760555249023,14,446.897,479.971,mc,4,1760555221223
1760555249023,15,687.389,536.073,mc,5,1760555221223
1760555249023,16,404.116,478.479,mc,0,1760555221223
1760555249123,2,482.446,295.57,mc,5,1760555221223
1760555249123,3,247.275,242.767,mc,3,1760555221223
1760555249123,4,469.566,363.519,mc,4,1760555221223
1760555249123,5,323.922,301.339,mc,3,1760555221223
1760555249123,6,781.263,391.14,mc,4,1760555221223
1760555249123,7,101.221,384.146,mc,3,1760555221223
1760555249123,8,441.442,633.733,mc,4,1760555221223
1760555249123,9,343.925,526.597,mc,4,1760555221223
1760555249123,10,604.365,727.149,mc,4,1760555221223
1760555249123,11,240.999,477.169,mc,3,1760555221223
1760555249123,12,633.255,388.683,mc,5,1760555221223
1760555249123,13,608.504,345.284,mc,2,1760555221223
1760555249123,14,447.113,480.236,mc,4,1760555221223
1760555249123,15,687.244,536.348,mc,5,1760555221223
1760555249123,16,403.448,478.584,mc,0,1760555221223
1760555249223,2,482.213,295.813,mc,5,1760555221223
1760555249223,3,246.968,243.053,mc,3,1760555221223
1760555249223,4,469.353,363.83,mc,4,1760555221223
1760555249223,5,324.276,301.144,mc,3,1760555221223
1760555249223,6,781.328,391.62,mc,4,1760555221223
1760555249223,7,100.728,384.414,mc,3,1760555221223
1760555249223,8,441.045,633.714,mc,4,1760555221223
1760555249223,9,343.332,526.4,mc,4,1760555221223
1760555249223,10,603.923,727.368,mc,4,1760555221223
1760555249223,11,240.481,477.332,mc,3,1760555221223
1760555249223,12,633.457,388.15,mc,5,1760555221223
1760555249223,13,608.698,345.53,mc,2,1760555221223
1760555249223,14,447.329,480.501,mc,4,1760555221223
1760555249223,15,687.099,536.622,mc,5,1760555221223
1760555249223,16,402.78,478.69,mc,0,1760555221223
1760555249323,2,481.98,296.056,mc,5,1760555221223
1760555249323,3,246.661,243.338,mc,3,1760555221223
1760555249323,4,469.141,364.141,mc,4,1760555221223
1760555249323,5,324.63,300.949,mc,3,1760555221223
1760555249323,6,781.393,392.099,mc,4,1760555221223
1760555249323,7,100.236,384.683,mc,3,1760555221223
1760555249323,8,440.647,633.695,mc,4,1760555221223
1760555249323,9,342.739,526.204,mc,4,1760555221223
1760555249323,10,603.482,727.587,mc,4,1760555221223
1760555249323,11,239.963,477.494,mc,3,1760555221223
1760555249323,12,633.66,387.617,mc,5,1760555221223
1760555249323,13,608.892,345.776,mc,2,1760555221223
1760555249323,14,447.545,480.765,mc,4,1760555221223
1760555249323,15,686.953,536.897,mc,5,1760555221223
1760555249323,16,402.113,478.795,mc,0,1760555221223
1760555249423,2,481.746,296.298,mc,5,1760555221223
1760555249423,3,246.355,243.624,mc,3,1760555221223
1760555249423,4,468.928,364.452,mc,4,1760555221223
1760555249423,5,324.985,300.753,mc,3,1760555221223
1760555249423,6,781.458,392.579,mc,4,1760555221223
1760555249423,7,99.7428,384.951,mc,3,1760555221223
1760555249423,8,440.25,633.676,mc,4,1760555221223
1760555249423,9,342.146,526.007,mc,4,1760555221223
1760555249423,10,603.041,727.806,mc,4,1760555221223
1760555249423,11,239.444,477.657,mc,3,1760555221223
1760555249423,12,633.862,387.083,mc,5,1760555221223
1760555249423,13,609.085,346.022,mc,2,1760555221223
1760555249423,14,447.761,481.03,mc,4,1760555221223
1760555249423,15,686.808,537.171,mc,5,1760555221223
1760555249423,16,401.445,478.901,mc,0,1760555221223
1760555249523,2,481.513,296.541,mc,5,1760555221223
1760555249523,3,246.048,243.909,mc,3,1760555221223
1760555249523,4,468.715,364.763,mc,4,1760555221223
1760555249523,5,325.339,300.558,mc,3,1760555221223
1760555249523,6,781.524,393.059,mc,4,1760555221223
1760555249523,7,99.2501,385.219,mc,3,1760555221223
1760555249523,8,439.852,633.658,mc,4,1760555221223
1760555249523,9,341.553,525.811,mc,4,1760555221223
1760555249523,10,602.6,728.026,mc,4,1760555221223
1760555249523,11,238.926,477.82,mc,3,1760555221223
1760555249523,12,634.064,386.55,mc,5,1760555221223
1760555249523,13,609.279,346.268,mc,2,1760555221223
1760555249523,14,447.977,481.294,mc,4,1760555221223
1760555249523,15,686.663,537.445,mc,5,1760555221223
1760555249523,16,400.777,479.006,mc,0,1760555221223
1760555249623,2,481.28,296.784,mc,5,1760555221223
1760555249623,3,245.741,244.195,mc,3,1760555221223
1760555249623,4,468.502,365.074,mc,4,1760555221223
1760555249623,5,325.693,300.363,mc,3,1760555221223
1760555249623,6,781.589,393.538,mc,4,1760555221223
1760555249623,7,98.7573,385.487,mc,3,1760555221223
1760555249623,8,439.454,633.639,mc,4,1760555221223
1760555249623,9,340.96,525.614,mc,4,1760555221223
1760555249623,10,602.159,728.245,mc,4,1760555221223
1760555249623,11,238.408,477.982,mc,3,1760555221223
1760555249623,12,634.267,386.017,mc,5,1760555221223
1760555249623,13,609.473,346.515,mc,2,1760555221223
1760555249623,14,448.193,481.559,mc,4,1760555221223
1760555249623,15,686.518,537.72,mc,5,1760555221223
1760555249623,16,400.109,479.112,mc,0,1760555221223
1760555249723,2,481.046,297.027,mc,5,1760555221223
1760555249723,3,245.435,244.48,mc,3,1760555221223
1760555249723,4,468.289,365.385,mc,4,1760555221223
1760555249723,5,326.048,300.168,mc,3,1760555221223
1760555249723,6,781.654,394.018,mc,4,1760555221223
1760555249723,7,98.2646,385.755,mc,3,1760555221223
1760555249723,8,439.057,633.62,mc,4,1760555221223
1760555249723,9,340.367,525.418,mc,4,1760555221223
1760555249723,10,601.718,728.464,mc,4,1760555221223
1760555249723,11,237.89,478.145,mc,3,1760555221223
1760555249723,12,634.469,385.483,mc,5,1760555221223
1760555249723,13,609.667,346.761,mc,2,1760555221223
1760555249723,14,448.409,481.823,mc,4,1760555221223
1760555249723,15,686.373,537.994,mc,5,1760555221223
1760555249723,16,399.442,479.218,mc,0,1760555221223
1760555249823,2,480.813,297.269,mc,5,1760555221223
1760555249823,3,245.128,244.765,mc,3,1760555221223
1760555249823,4,468.077,365.696,mc,4,1760555221223
1760555249823,5,326.402,299.973,mc,3,1760555221223
1760555249823,6,781.719,394.498,mc,4,1760555221223
1760555249823,7,97.7718,386.024,mc,3,1760555221223
1760555249823,8,438.659,633.601,mc,4,1760555221223
1760555249823,9,339.774,525.221,mc,4,1760555221223
1760555249823,10,601.277,728.683,mc,4,1760555221223
1760555249823,11,237.372,478.307,mc,3,1760555221223
1760555249823,12,634.768,385.087,mc,5,1760555221223
1760555249823,13,609.86,347.007,mc,2,1760555221223
1760555249823,14,448.625,482.088,mc,4,1760555221223
1760555249823,15,686.228,538.269,mc,5,1760555221223
1760555249823,16,398.774,479.323,mc,0,1760555221223
1760555249923,2,480.58,297.512,mc,5,1760555221223
1760555249923,3,244.821,245.051,mc,3,1760555221223
1760555249923,4,467.864,366.007,mc,4,1760555221223
1760555249923,5,326.757,299.778,mc,3,1760555221223
1760555249923,6,781.784,394.977,mc,4,1760555221223
1760555249923,7,97.2791,386.292,mc,3,1760555221223
1760555249923,8,438.262,633.583,mc,4,1760555221223
1760555249923,9,339.181,525.024,mc,4,1760555221223
1760555249923,10,600.835,728.902,mc,4,1760555221223
1760555249923,11,236.854,478.47,mc,3,1760555221223
1760555249923,12,635.091,384.724,mc,5,1760555221223
1760555249923,13,610.054,347.253,mc,2,1760555221223
1760555249923,14,448.841,482.352,mc,4,1760555221223
1760555249923,15,686.083,538.543,mc,5,1760555221223
1760555249923,16,398.106,479.429,mc,0,1760555221223
1760555250023,2,480.346,297.755,mc,5,1760555221223
1760555250023,3,244.515,245.336,mc,3,1760555221223
1760555250023,4,467.651,366.318,mc,4,1760555221223
1760555250023,5,327.111,299.583,mc,3,1760555221223
1760555250023,6,781.849,395.457,mc,4,1760555221223
1760555250023,7,96.7863,386.56,mc,3,1760555221223
1760555250023,8,437.864,633.564,mc,4,1760555221223
1760555250023,9,338.588,524.828,mc,4,1760555221223
1760555250023,10,600.394,729.121,mc,4,1760555221223
1760555250023,11,236.336,478.633,mc,3,1760555221223
1760555250023,12,635.413,384.362,mc,5,1760555221223
1760555250023,13,610.248,347.5,mc,2,1760555221223
1760555250023,14,449.057,482.617,mc,4,1760555221223
1760555250023,15,685.938,538.818,mc,5,1760555221223
1760555250023,16,397.438,479.534,mc,0,1760555221223
1760555250123,2,480.113,297.997,mc,5,1760555221223
1760555250123,3,244.208,245.622,mc,3,1760555221223
1760555250123,4,467.438,366.63,mc,4,1760555221223
1760555250123,5,327.465,299.388,mc,3,1760555221223
1760555250123,6,781.914,395.937,mc,4,1760555221223
1760555250123,7,96.2936,386.828,mc,3,1760555221223
1760555250123,8,437.467,633.545,mc,4,1760555221223
1760555250123,9,337.996,524.631,mc,4,1760555221223
1760555250123,10,599.953,729.341,mc,4,1760555221223
1760555250123,11,235.817,478.795,mc,3,1760555221223
1760555250123,12,635.735,383.999,mc,5,1760555221223
1760555250123,13,610.442,347.746,mc,2,1760555221223
1760555250123,14,449.273,482.881,mc,4,1760555221223
1760555250123,15,685.793,539.092,mc,5,1760555221223
1760555250123,16,396.771,479.64,mc,0,1760555221223
1760555250223,2,479.88,298.24,mc,5,1760555221223
1760555250223,3,243.901,245.907,mc,3,1760555221223
1760555250223,4,467.225,366.941,mc,4,1760555221223
1760555250223,5,327.82,299.193,mc,3,1760555221223
1760555250223,6,781.979,396.416,mc,4,1760555221223
1760555250223,7,95.8008,387.096,mc,3,1760555221223
1760555250223,8,437.069,633.526,mc,4,1760555221223
1760555250223,9,337.403,524.435,mc,4,1760555221223
1760555250223,10,599.512,729.56,mc,4,1760555221223
1760555250223,11,235.299,478.958,mc,3,1760555221223
1760555250223,12,636.058,383.636,mc,5,1760555221223
1760555250223,13,610.635,347.992,mc,2,1760555221223
1760555250223,14,449.489,483.146,mc,4,1760555221223
1760555250223,15,685.648,539.367,mc,5,1760555221223
1760555250223,16,396.103,479.746,mc,0,1760555221223
1760555250323,2,479.646,298.483,mc,5,1760555221223
1760555250323,3,243.595,246.193,mc,3,1760555221223
1760555250323,4,467.013,367.252,mc,4,1760555221223
1760555250323,5,328.174,298.998,mc,3,1760555221223
1760555250323,6,782.045,396.896,mc,4,1760555221223
1760555250323,7,95.3081,387.365,mc,3,1760555221223
1760555250323,8,436.672,633.508,mc,4,1760555221223
1760555250323,9,336.81,524.238,mc,4,1760555221223
1760555250323,10,599.071,729.779,mc,4,1760555221223
1760555250323,11,234.781,479.121,mc,3,1760555221223
1760555250323,12,636.38,383.273,mc,5,1760555221223
1760555250323,13,610.971,348.213,mc,2,1760555221223
1760555250323,14,449.705,483.411,mc,4,1760555221223
1760555250323,15,685.502,539.641,mc,5,1760555221223
1760555250323,16,395.435,479.851,mc,0,1760555221223
1760555250423,2,479.413,298.726,mc,5,1760555221223
1760555250423,3,243.288,246.478,mc,3,1760555221223
1760555250423,4,466.8,367.563,mc,4,1760555221223
1760555250423,5,328.529,298.803,mc,3,1760555221223
1760555250423,6,782.11,397.376,mc,4,1760555221223
1760555250423,7,94.884,387.304,mc,3,1760555221223
1760555250423,8,436.274,633.489,mc,4,1760555221223
1760555250423,9,336.217,524.042,mc,4,1760555221223
1760555250423,10,598.63,729.998,mc,4,1760555221223
1760555250423,11,234.291,479.188,mc,3,1760555221223
1760555250423,12,636.702,382.911,mc,5,1760555221223
1760555250423,13,611.401,348.416,mc,2,1760555221223
1760555250423,14,449.921,483.675,mc,4,1760555221223
1760555250423,15,685.357,539.916,mc,5,1760555221223
1760555250423,16,394.767,479.957,mc,0,1760555221223
1760555250523,2,479.18,298.968,mc,5,1760555221223
1760555250523,3,242.981,246.764,mc,3,1760555221223
1760555250523,4,466.587,367.874,mc,4,1760555221223
1760555250523,5,328.883,298.608,mc,3,1760555221223
1760555250523,6,782.175,397.855,mc,4,1760555221223
1760555250523,7,94.5039,387.032,mc,3,1760555221223
1760555250523,8,435.877,633.47,mc,4,1760555221223
1760555250523,9,335.624,523.845,mc,4,1760555221223
1760555250523,10,598.188,730.217,mc,4,1760555221223
1760555250523,11,233.918,478.859,mc,3,1760555221223
1760555250523,12,637.025,382.548,mc,5,1760555221223
1760555250523,13,611.83,348.62,mc,2,1760555221223
1760555250523,14,450.137,483.94,mc,4,1760555221223
1760555250523,15,685.212,540.19,mc,5,1760555221223
1760555250523,16,394.099,480.062,mc,0,1760555221223
1760555250623,2,478.947,299.211,mc,5,1760555221223
1760555250623,3,242.675,247.049,mc,3,1760555221223
1760555250623,4,466.374,368.185,mc,4,1760555221223
1760555250623,5,329.237,298.413,mc,3,1760555221223
1760555250623,6,782.24,398.335,mc,4,1760555221223
1760555250623,7,94.1239,386.76,mc,3,1760555221223
1760555250623,8,435.479,633.451,mc,4,1760555221223
1760555250623,9,335.031,523.648,mc,4,1760555221223
1760555250623,10,597.747,730.436,mc,4,1760555221223
1760555250623,11,233.545,478.53,mc,3,1760555221223
1760555250623,12,637.347,382.185,mc,5,1760555221223
1760555250623,13,612.26,348.824,mc,2,1760555221223
1760555250623,14,450.353,484.204,mc,4,1760555221223
1760555250623,15,685.067,540.465,mc,5,1760555221223
1760555250623,16,393.432,480.168,mc,0,1760555221223
1760555250723,2,478.713,299.454,mc,5,1760555221223
1760555250723,3,242.368,247.335,mc,3,1760555221223
1760555250723,4,466.161,368.496,mc,4,1760555221223
1760555250723,5,329.592,298.218,mc,3,1760555221223
1760555250723,6,782.305,398.815,mc,4,1760555221223
1760555250723,7,93.7438,386.489,mc,3,1760555221223
1760555250723,8,435.081,633.433,mc,4,1760555221223
1760555250723,9,334.438,523.452,mc,4,1760555221223
1760555250723,10,597.306,730.656,mc,4,1760555221223
1760555250723,11,233.172,478.202,mc,3,1760555221223
1760555250723,12,637.669,381.822,mc,5,1760555221223
1760555250723,13,612.69,349.027,mc,2,1760555221223
1760555250723,14,450.569,484.469,mc,4,1760555221223
1760555250723,15,684.922,540.739,mc,5,1760555221223
1760555250723,16,392.764,480.273,mc,0,1760555221223
1760555250823,2,478.48,299.697,mc,5,1760555221223
1760555250823,3,242.062,247.62,mc,3,1760555221223
1760555250823,4,465.949,368.807,mc,4,1760555221223
1760555250823,5,329.946,298.022,mc,3,1760555221223
1760555250823,6,782.37,399.294,mc,4,1760555221223
1760555250823,7,93.3638,386.217,mc,3,1760555221223
1760555250823,8,434.684,633.414,mc,4,1760555221223
1760555250823,9,333.845,523.255,mc,4,1760555221223
1760555250823,10,596.865,730.875,mc,4,1760555221223
1760555250823,11,232.799,477.873,mc,3,1760555221223
1760555250823,12,637.992,381.46,mc,5,1760555221223
1760555250823,13,613.119,349.231,mc,2,1760555221223
1760555250823,14,450.785,484.733,mc,4,1760555221223
1760555250823,15,684.777,541.014,mc,5,1760555221223
1760555250823,16,392.096,480.379,mc,0,1760555221223
1760555250923,2,478.247,299.939,mc,5,1760555221223
1760555250923,3,241.755,247.906,mc,3,1760555221223
1760555250923,4,465.736,369.118,mc,4,1760555221223
1760555250923,5,330.301,297.827,mc,3,1760555221223
1760555250923,6,782.435,399.774,mc,4,1760555221223
1760555250923,7,92.9837,385.945,mc,3,1760555221223
1760555250923,8,434.286,633.395,mc,4,1760555221223
1760555250923,9,333.252,523.059,mc,4,1760555221223
1760555250923,10,596.424,731.094,mc,4,1760555221223
1760555250923,11,232.426,477.545,mc,3,1760555221223
1760555250923,12,638.314,381.097,mc,5,1760555221223
1760555250923,13,613.549,349.435,mc,2,1760555221223
1760555250923,14,451.001,484.998,mc,4,1760555221223
1760555250923,15,684.632,541.288,mc,5,1760555221223
1760555250923,16,391.428,480.485,mc,0,1760555221223
1760555251023,2,478.013,300.182,mc,5,1760555221223
1760555251023,3,241.448,248.191,mc,3,1760555221223
1760555251023,4,465.523,369.429,mc,4,1760555221223
1760555251023,5,330.655,297.632,mc,3,1760555221223
1760555251023,6,782.5,400.254,mc,4,1760555221223
1760555251023,7,92.6037,385.673,mc,3,1760555221223
1760555251023,8,433.889,633.376,mc,4,1760555221223
1760555251023,9,332.659,522.862,mc,4,1760555221223
1760555251023,10,595.983,731.313,mc,4,1760555221223
1760555251023,11,232.052,477.216,mc,3,1760555221223
1760555251023,12,638.637,380.734,mc,5,1760555221223
1760555251023,13,613.979,349.638,mc,2,1760555221223
1760555251023,14,451.217,485.262,mc,4,1760555221223
1760555251023,15,684.487,541.562,mc,5,1760555221223
1760555251023,16,390.761,480.59,mc,0,1760555221223
1760555251123,2,477.78,300.425,mc,5,1760555221223
1760555251123,3,241.142,248.477,mc,3,1760555221223
1760555251123,4,465.31,369.74,mc,4,1760555221223
1760555251123,5,331.009,297.437,mc,3,1760555221223
1760555251123,6,782.566,400.733,mc,4,1760555221223
1760555251123,7,92.2236,385.402,mc,3,1760555221223
1760555251123,8,433.491,633.358,mc,4,1760555221223
1760555251123,9,332.066,522.666,mc,4,1760555221223
1760555251123,10,595.541,731.532,mc,4,1760555221223
1760555251123,11,231.679,476.888,mc,3,1760555221223
1760555251123,12,638.959,380.371,mc,5,1760555221223
1760555251123,13,614.409,349.842,mc,2,1760555221223
1760555251123,14,451.433,485.527,mc,4,1760555221223
1760555251123,15,684.342,541.837,mc,5,1760555221223
1760555251123,16,390.093,480.696,mc,0,1760555221223
1760555251223,2,477.547,300.668,mc,5,1760555221223
1760555251223,3,240.835,248.762,mc,3,1760555221223
1760555251223,4,465.097,370.051,mc,4,1760555221223
1760555251223,5,331.364,297.242,mc,3,1760555221223
1760555251223,6,782.631,401.213,mc,4,1760555221223
1760555251223,7,91.8436,385.13,mc,3,1760555221223
1760555251223,8,433.094,633.339,mc,4,1760555221223
1760555251223,9,331.473,522.469,mc,4,1760555221223
1760555251223,10,595.1,731.751,mc,4,1760555221223
1760555251223,11,231.306,476.559,mc,3,1760555221223
1760555251223,12,639.281,380.009,mc,5,1760555221223
1760555251223,13,614.838,350.046,mc,2,1760555221223
1760555251223,14,451.649,485.791,mc,4,1760555221223
1760555251223,15,684.197,542.111,mc,5,1760555221223
1760555251223,16,389.425,480.801,mc,0,1760555221223
1760555251323,2,477.313,300.91,mc,5,1760555221223
1760555251323,3,240.528,249.048,mc,3,1760555221223
1760555251323,4,464.885,370.362,mc,4,1760555221223
1760555251323,5,331.718,297.047,mc,3,1760555221223
1760555251323,6,782.696,401.693,mc,4,1760555221223
1760555251323,7,91.4635,384.858,mc,3,1760555221223
1760555251323,8,432.696,633.32,mc,4,1760555221223
1760555251323,9,330.881,522.272,mc,4,1760555221223
1760555251323,10,594.659,731.971,mc,4,1760555221223
1760555251323,11,230.933,476.231,mc,3,1760555221223
1760555251323,12,639.604,379.646,mc,5,1760555221223
1760555251323,13,615.268,350.249,mc,2,1760555221223
1760555251323,14,451.865,486.056,mc,4,1760555221223
1760555251323,15,684.021,542.383,mc,5,1760555221223
1760555251323,16,388.757,480.907,mc,0,1760555221223
1760555251423,2,477.08,301.153,mc,5,1760555221223
1760555251423,3,240.222,249.333,mc,3,1760555221223
1760555251423,4,464.672,370.674,mc,4,1760555221223
1760555251423,5,332.072,296.852,mc,3,1760555221223
1760555251423,6,782.761,402.172,mc,4,1760555221223
1760555251423,7,91.0835,384.587,mc,3,1760555221223
1760555251423,8,432.299,633.302,mc,4,1760555221223
1760555251423,9,330.288,522.076,mc,4,1760555221223
1760555251423,10,594.218,732.19,mc,4,1760555221223
1760555251423,11,230.56,475.902,mc,3,1760555221223
1760555251423,12,639.926,379.283,mc,5,1760555221223
1760555251423,13,615.698,350.453,mc,2,1760555221223
1760555251423,14,452.081,486.32,mc,4,1760555221223
1760555251423,15,683.845,542.654,mc,5,1760555221223
1760555251423,16,388.089,481.013,mc,0,1760555221223
1760555251523,2,476.847,301.396,mc,5,1760555221223
1760555251523,3,240.075,249.077,mc,3,1760555221223
1760555251523,4,464.459,370.985,mc,4,1760555221223
1760555251523,5,332.427,296.657,mc,3,1760555221223
1760555251523,6,782.826,402.652,mc,4,1760555221223
1760555251523,7,90.7034,384.315,mc,3,1760555221223
1760555251523,8,431.901,633.283,mc,4,1760555221223
1760555251523,9,329.695,521.879,mc,4,1760555221223
1760555251523,10,593.777,732.409,mc,4,1760555221223
1760555251523,11,230.187,475.573,mc,3,1760555221223
1760555251523,12,640.248,378.92,mc,5,1760555221223
1760555251523,13,616.127,350.657,mc,2,1760555221223
1760555251523,14,452.297,486.585,mc,4,1760555221223
1760555251523,15,683.669,542.926,mc,5,1760555221223
1760555251523,16,387.422,481.118,mc,0,1760555221223
1760555251623,2,476.613,301.639,mc,5,1760555221223
1760555251623,3,239.958,248.723,mc,3,1760555221223
1760555251623,4,464.246,371.296,mc,4,1760555221223
1760555251623,5,332.781,296.462,mc,3,1760555221223
1760555251623,6,782.891,403.132,mc,4,1760555221223
1760555251623,7,90.3234,384.043,mc,3,1760555221223
1760555251623,8,431.504,633.264,mc,4,1760555221223
1760555251623,9,329.102,521.683,mc,4,1760555221223
1760555251623,10,593.336,732.628,mc,4,1760555221223
1760555251623,11,229.814,475.245,mc,3,1760555221223
1760555251623,12,640.571,378.558,mc,5,1760555221223
1760555251623,13,616.557,350.86,mc,2,1760555221223
1760555251623,14,452.513,486.85,mc,4,1760555221223
1760555251623,15,683.492,543.197,mc,5,1760555221223
1760555251623,16,386.754,481.224,mc,0,1760555221223
1760555251723,2,476.38,301.881,mc,5,1760555221223
1760555251723,3,239.841,248.369,mc,3,1760555221223
1760555251723,4,464.033,371.607,mc,4,1760555221223
1760555251723,5,333.136,296.267,mc,3,1760555221223
1760555251723,6,782.956,403.611,mc,4,1760555221223
1760555251723,7,89.9433,383.771,mc,3,1760555221223
1760555251723,8,431.106,633.245,mc,4,1760555221223
1760555251723,9,328.509,521.486,mc,4,1760555221223
1760555251723,10,592.895,732.847,mc,4,1760555221223
1760555251723,11,229.441,474.916,mc,3,1760555221223
1760555251723,12,640.893,378.195,mc,5,1760555221223
1760555251723,13,616.987,351.064,mc,2,1760555221223
1760555251723,14,452.729,487.114,mc,4,1760555221223
1760555251723,15,683.316,543.469,mc,5,1760555221223
1760555251723,16,386.086,481.329,mc,0,1760555221223
1760555251823,2,476.147,302.124,mc,5,1760555221223
1760555251823,3,239.724,248.016,mc,3,1760555221223
1760555251823,4,463.821,371.918,mc,4,1760555221223
1760555251823,5,333.49,296.072,mc,3,1760555221223
1760555251823,6,783.021,404.091,mc,4,1760555221223
1760555251823,7,89.5633,383.5,mc,3,1760555221223
1760555251823,8,430.708,633.227,mc,4,1760555221223
1760555251823,9,327.916,521.29,mc,4,1760555221223
1760555251823,10,592.453,733.066,mc,4,1760555221223
1760555251823,11,229.067,474.588,mc,3,1760555221223
1760555251823,12,641.215,377.832,mc,5,1760555221223
1760555251823,13,617.416,351.267,mc,2,1760555221223
1760555251823,14,452.945,487.379,mc,4,1760555221223
1760555251823,15,683.14,543.74,mc,5,1760555221223
1760555251823,16,385.418,481.435,mc,0,1760555221223
1760555251923,2,475.914,302.367,mc,5,1760555221223
1760555251923,3,239.607,247.662,mc,3,1760555221223
1760555251923,4,463.608,372.229,mc,4,1760555221223
1760555251923,5,333.844,295.877,mc,3,1760555221223
1760555251923,6,783.087,404.571,mc,4,1760555221223
1760555251923,7,89.1832,383.228,mc,3,1760555221223
1760555251923,8,430.311,633.208,mc,4,1760555221223
1760555251923,9,327.323,521.093,mc,4,1760555221223
1760555251923,10,592.012,733.286,mc,4,1760555221223
1760555251923,11,228.694,474.259,mc,3,1760555221223
1760555251923,12,641.538,377.469,mc,5,1760555221223
1760555251923,13,617.846,351.471,mc,2,1760555221223
1760555251923,14,453.161,487.643,mc,4,1760555221223
1760555251923,15,682.964,544.012,mc,5,1760555221223
1760555251923,16,384.751,481.54,mc,0,1760555221223
1760555252023,2,475.68,302.61,mc,5,1760555221223
1760555252023,3,239.49,247.308,mc,3,1760555221223
1760555252023,4,463.395,372.54,mc,4,1760555221223
1760555252023,5,334.199,295.682,mc,3,1760555221223
1760555252023,6,783.152,405.05,mc,4,1760555221223
1760555252023,7,88.8032,382.956,mc,3,1760555221223
1760555252023,8,429.913,633.189,mc,4,1760555221223
1760555252023,9,326.73,520.896,mc,4,1760555221223
1760555252023,10,591.571,733.505,mc,4,1760555221223
1760555252023,11,228.321,473.931,mc,3,1760555221223
1760555252023,12,641.86,377.106,mc,5,1760555221223
1760555252023,13,618.276,351.675,mc,2,1760555221223
1760555252023,14,453.377,487.908,mc,4,1760555221223
1760555252023,15,682.788,544.283,mc,5,1760555221223
1760555252023,16,384.083,481.646,mc,0,1760555221223
1760555252123,2,475.447,302.852,mc,5,1760555221223
1760555252123,3,239.373,246.954,mc,3,1760555221223
1760555252123,4,463.182,372.851,mc,4,1760555221223
1760555252123,5,334.553,295.487,mc,3,1760555221223
1760555252123,6,783.217,405.53,mc,4,1760555221223
1760555252123,7,88.4231,382.685,mc,3,1760555221223
1760555252123,8,429.516,633.17,mc,4,1760555221223
1760555252123,9,326.137,520.7,mc,4,1760555221223
1760555252123,10,591.13,733.724,mc,4,1760555221223
1760555252123,11,227.948,473.602,mc,3,1760555221223
1760555252123,12,642.182,376.744,mc,5,1760555221223
1760555252123,13,618.706,351.878,mc,2,1760555221223
1760555252123,14,453.593,488.172,mc,4,1760555221223
1760555252123,15,682.611,544.555,mc,5,1760555221223
1760555252123,16,383.415,481.752,mc,0,1760555221223
1760555252223,2,475.214,303.095,mc,5,1760555221223
1760555252223,3,239.256,246.6,mc,3,1760555221223
1760555252223,4,462.969,373.162,mc,4,1760555221223
1760555252223,5,334.908,295.291,mc,3,1760555221223
1760555252223,6,783.282,406.01,mc,4,1760555221223
1760555252223,7,88.0431,382.413,mc,3,1760555221223
1760555252223,8,429.118,633.152,mc,4,1760555221223
1760555252223,9,325.544,520.503,mc,4,1760555221223
1760555252223,10,590.689,733.943,mc,4,1760555221223
1760555252223,11,227.575,473.274,mc,3,1760555221223
1760555252223,12,642.505,376.381,mc,5,1760555221223
1760555252223,13,619.135,352.082,mc,2,1760555221223
1760555252223,14,453.809,488.437,mc,4,1760555221223
1760555252223,15,682.435,544.826,mc,5,1760555221223
1760555252223,16,382.747,481.857,mc,0,1760555221223
1760555252323,2,474.98,303.338,mc,5,1760555221223
1760555252323,3,239.138,246.246,mc,3,1760555221223
1760555252323,4,462.757,373.473,mc,4,1760555221223
1760555252323,5,335.262,295.096,mc,3,1760555221223
1760555252323,6,783.347,406.489,mc,4,1760555221223
1760555252323,7,87.663,382.141,mc,3,1760555221223
1760555252323,8,428.721,633.133,mc,4,1760555221223
1760555252323,9,324.951,520.307,mc,4,1760555221223
1760555252323,10,590.248,734.162,mc,4,1760555221223
1760555252323,11,227.202,472.945,mc,3,1760555221223
1760555252323,12,642.827,376.018,mc,5,1760555221223
1760555252323,13,619.565,352.286,mc,2,1760555221223
1760555252323,14,454.025,488.701,mc,4,1760555221223
1760555252323,15,682.259,545.098,mc,5,1760555221223
1760555252323,16,382.079,481.963,mc,0,1760555221223
1760555252423,2,474.747,303.581,mc,5,1760555221223
1760555252423,3,239.021,245.893,mc,3,1760555221223
1760555252423,4,462.544,373.784,mc,4,1760555221223
1760555252423,5,335.616,294.901,mc,3,1760555221223
1760555252423,6,783.412,406.969,mc,4,1760555221223
1760555252423,7,87.283,381.869,mc,3,1760555221223
1760555252423,8,428.323,633.114,mc,4,1760555221223
1760555252423,9,324.358,520.11,mc,4,1760555221223
1760555252423,10,589.806,734.381,mc,4,1760555221223
1760555252423,11,226.829,472.616,mc,3,1760555221223
1760555252423,12,643.15,375.655,mc,5,1760555221223
1760555252423,13,619.995,352.489,mc,2,1760555221223
1760555252423,14,454.241,488.966,mc,4,1760555221223
1760555252423,15,682.083,545.369,mc,5,1760555221223
1760555252423,16,381.412,482.068,mc,0,1760555221223
1760555252523,2,474.514,303.823,mc,5,1760555221223
1760555252523,3,238.904,245.539,mc,3,1760555221223
1760555252523,4,462.331,374.095,mc,4,1760555221223
1760555252523,5,335.971,294.706,mc,3,1760555221223
1760555252523,6,783.477,407.449,mc,4,1760555221223
1760555252523,7,86.9029,381.598,mc,3,1760555221223
1760555252523,8,427.926,633.095,mc,4,1760555221223
1760555252523,9,323.766,519.914,mc,4,1760555221223
1760555252523,10,589.365,734.601,mc,4,1760555221223
1760555252523,11,226.456,472.288,mc,3,1760555221223
1760555252523,12,643.472,375.293,mc,5,1760555221223
1760555252523,13,620.424,352.693,mc,2,1760555221223
1760555252523,14,454.457,489.23,mc,4,1760555221223
1760555252523,15,681.906,545.64,mc,5,1760555221223
1760555252523,16,380.744,482.174,mc,0,1760555221223
1760555252623,2,474.28,304.066,mc,5,1760555221223
1760555252623,3,238.787,245.185,mc,3,1760555221223
1760555252623,4,462.118,374.406,mc,4,1760555221223
1760555252623,5,336.325,294.511,mc,3,1760555221223
1760555252623,6,783.542,407.928,mc,4,1760555221223
1760555252623,7,86.5229,381.326,mc,3,1760555221223
1760555252623,8,427.528,633.077,mc,4,1760555221223
1760555252623,9,323.173,519.717,mc,4,1760555221223
1760555252623,10,588.924,734.82,mc,4,1760555221223
1760555252623,11,226.082,471.959,mc,3,1760555221223
1760555252623,12,643.794,374.93,mc,5,1760555221223
1760555252623,13,620.854,352.897,mc,2,1760555221223
1760555252623,14,454.673,489.495,mc,4,1760555221223
1760555252623,15,681.73,545.912,mc,5,1760555221223
1760555252623,16,380.076,482.28,mc,0,1760555221223
1760555252723,2,474.047,304.309,mc,5,1760555221223
1760555252723,3,238.67,244.831,mc,3,1760555221223
1760555252723,4,461.905,374.717,mc,4,1760555221223
1760555252723,5,336.679,294.316,mc,3,1760555221223
1760555252723,6,783.608,408.408,mc,4,1760555221223
1760555252723,7,86.1428,381.054,mc,3,1760555221223
1760555252723,8,427.131,633.058,mc,4,1760555221223
1760555252723,9,322.58,519.52,mc,4,1760555221223
1760555252723,10,588.483,735.039,mc,4,1760555221223
1760555252723,11,225.709,471.631,mc,3,1760555221223
1760555252723,12,644.117,374.567,mc,5,1760555221223
1760555252723,13,621.284,353.1,mc,2,1760555221223
1760555252723,14,454.889,489.759,mc,4,1760555221223
1760555252723,15,681.554,546.183,mc,5,1760555221223
1760555252723,16,379.408,482.385,mc,0,1760555221223
1760555252823,2,473.814,304.552,mc,5,1760555221223
1760555252823,3,238.553,244.477,mc,3,1760555221223
1760555252823,4,461.693,375.029,mc,4,1760555221223
1760555252823,5,337.034,294.121,mc,3,1760555221223
1760555252823,6,783.673,408.888,mc,4,1760555221223
1760555252823,7,85.7628,380.782,mc,3,1760555221223
1760555252823,8,426.733,633.039,mc,4,1760555221223
1760555252823,9,321.987,519.324,mc,4,1760555221223
1760555252823,10,588.042,735.258,mc,4,1760555221223
1760555252823,11,225.336,471.302,mc,3,1760555221223
1760555252823,12,644.439,374.204,mc,5,1760555221223
1760555252823,13,621.713,353.304,mc,2,1760555221223
1760555252823,14,455.105,490.024,mc,4,1760555221223
1760555252823,15,681.378,546.455,mc,5,1760555221223
1760555252823,16,379.77,482.507,mc,0,1760555221223
1760555252923,2,473.58,304.794,mc,5,1760555221223
1760555252923,3,238.436,244.123,mc,3,1760555221223
1760555252923,4,461.48,375.34,mc,4,1760555221223
1760555252923,5,337.388,293.926,mc,3,1760555221223
1760555252923,6,783.738,409.367,mc,4,1760555221223
1760555252923,7,85.3827,380.511,mc,3,1760555221223
1760555252923,8,426.336,633.02,mc,4,1760555221223
1760555252923,9,321.394,519.127,mc,4,1760555221223
1760555252923,10,587.601,735.477,mc,4,1760555221223
1760555252923,11,224.963,470.974,mc,3,1760555221223
1760555252923,12,644.761,373.842,mc,5,1760555221223
1760555252923,13,622.143,353.507,mc,2,1760555221223
1760555252923,14,455.322,490.289,mc,4,1760555221223
1760555252923,15,681.201,546.726,mc,5,1760555221223
1760555252923,16,380.31,482.631,mc,0,1760555221223
1760555253023,2,473.347,305.037,mc,5,1760555221223
1760555253023,3,238.319,243.769,mc,3,1760555221223
1760555253023,4,461.267,375.651,mc,4,1760555221223
1760555253023,5,337.743,293.731,mc,3,1760555221223
1760555253023,6,783.803,409.847,mc,4,1760555221223
1760555253023,7,85.0027,380.239,mc,3,1760555221223
1760555253023,8,425.938,633.002,mc,4,1760555221223
1760555253023,9,321.467,519.48,mc,4,1760555221223
1760555253023,10,587.16,735.696,mc,4,1760555221223
1760555253023,11,224.59,470.645,mc,3,1760555221223
1760555253023,12,645.084,373.479,mc,5,1760555221223
1760555253023,13,622.573,353.711,mc,2,1760555221223
1760555253023,14,455.538,490.553,mc,4,1760555221223
1760555253023,15,681.025,546.998,mc,5,1760555221223
1760555253023,16,380.85,482.755,mc,0,1760555221223
1760555253123,2,473.114,305.28,mc,5,1760555221223
1760555253123,3,238.202,243.416,mc,3,1760555221223
1760555253123,4,461.054,375.962,mc,4,1760555221223
1760555253123,5,338.097,293.536,mc,3,1760555221223
1760555253123,6,783.868,410.327,mc,4,1760555221223
1760555253123,7,84.6226,379.967,mc,3,1760555221223
1760555253123,8,425.54,632.983,mc,4,1760555221223
1760555253123,9,321.607,519.888,mc,4,1760555221223
1760555253123,10,586.718,735.916,mc,4,1760555221223
1760555253123,11,224.217,470.317,mc,3,1760555221223
1760555253123,12,645.406,373.116,mc,5,1760555221223
1760555253123,13,623.003,353.915,mc,2,1760555221223
1760555253123,14,455.754,490.818,mc,4,1760555221223
1760555253123,15,680.849,547.269,mc,5,1760555221223
1760555253123,16,381.39,482.879,mc,0,1760555221223
1760555253223,2,472.88,305.522,mc,5,1760555221223
1760555253223,3,238.084,243.062,mc,3,1760555221223
1760555253223,4,460.841,376.273,mc,4,1760555221223
1760555253223,5,338.451,293.341,mc,3,1760555221223
1760555253223,6,783.933,410.806,mc,4,1760555221223
1760555253223,7,84.2426,379.696,mc,3,1760555221223
1760555253223,8,425.143,632.964,mc,4,1760555221223
1760555253223,9,321.747,520.296,mc,4,1760555221223
1760555253223,10,586.277,736.135,mc,4,1760555221223
1760555253223,11,223.844,469.988,mc,3,1760555221223
1760555253223,12,645.728,372.753,mc,5,1760555221223
1760555253223,13,623.432,354.118,mc,2,1760555221223
1760555253223,14,455.97,491.082,mc,4,1760555221223
1760555253223,15,680.673,547.541,mc,5,1760555221223
1760555253223,16,381.93,483.003,mc,0,1760555221223
1760555253323,2,472.647,305.765,mc,5,1760555221223
1760555253323,3,237.967,242.708,mc,3,1760555221223
1760555253323,4,460.628,376.584,mc,4,1760555221223
1760555253323,5,338.806,293.146,mc,3,1760555221223
1760555253323,6,783.998,411.286,mc,4,1760555221223
1760555253323,7,83.8625,379.424,mc,3,1760555221223
1760555253323,8,424.811,632.921,mc,4,1760555221223
1760555253323,9,321.888,520.705,mc,4,1760555221223
1760555253323,10,585.836,736.354,mc,4,1760555221223
1760555253323,11,223.471,469.66,mc,3,1760555221223
1760555253323,12,646.051,372.391,mc,5,1760555221223
1760555253323,13,623.862,354.322,mc,2,1760555221223
1760555253323,14,456.186,491.347,mc,4,1760555221223
1760555253323,15,680.497,547.812,mc,5,1760555221223
1760555253323,16,382.47,483.127,mc,0,1760555221223
1760555253423,2,472.414,306.008,mc,5,1760555221223
1760555253423,3,237.85,242.354,mc,3,1760555221223
1760555253423,4,460.416,376.895,mc,4,1760555221223
1760555253423,5,339.16,292.951,mc,3,1760555221223
1760555253423,6,784.063,411.766,mc,4,1760555221223
1760555253423,7,83.4824,379.152,mc,3,1760555221223
1760555253423,8,425.015,632.676,mc,4,1760555221223
1760555253423,9,322.028,521.113,mc,4,1760555221223
1760555253423,10,585.395,736.573,mc,4,1760555221223
1760555253423,11,223.098,469.331,mc,3,1760555221223
1760555253423,12,646.373,372.028,mc,5,1760555221223
1760555253423,13,624.292,354.526,mc,2,1760555221223
1760555253423,14,456.402,491.611,mc,4,1760555221223
1760555253423,15,680.32,548.084,mc,5,1760555221223
1760555253423,16,383.01,483.251,mc,0,1760555221223
1760555253523,2,472.181,306.251,mc,5,1760555221223
1760555253523,3,237.733,242,mc,3,1760555221223
1760555253523,4,460.203,377.206,mc,4,1760555221223
1760555253523,5,338.936,293.035,mc,3,1760555221223
1760555253523,6,784.128,412.245,mc,4,1760555221223
1760555253523,7,83.1024,378.88,mc,3,1760555221223
1760555253523,8,425.218,632.432,mc,4,1760555221223
1760555253523,9,322.168,521.521,mc,4,1760555221223
1760555253523,10,584.954,736.792,mc,4,1760555221223
1760555253523,11,222.724,469.002,mc,3,1760555221223
1760555253523,12,646.695,371.665,mc,5,1760555221223
1760555253523,13,624.721,354.729,mc,2,1760555221223
1760555253523,14,456.618,491.876,mc,4,1760555221223
1760555253523,15,680.144,548.355,mc,5,1760555221223
1760555253523,16,383.55,483.376,mc,0,1760555221223
1760555253623,2,471.947,306.493,mc,5,1760555221223
1760555253623,3,237.616,241.646,mc,3,1760555221223
1760555253623,4,459.99,377.517,mc,4,1760555221223
1760555253623,5,338.513,293.216,mc,3,1760555221223
1760555253623,6,784.194,412.725,mc,4,1760555221223
1760555253623,7,82.7223,378.609,mc,3,1760555221223
1760555253623,8,425.422,632.187,mc,4,1760555221223
1760555253623,9,322.309,521.929,mc,4,1760555221223
1760555253623,10,584.513,737.011,mc,4,1760555221223
1760555253623,11,222.351,468.674,mc,3,1760555221223
1760555253623,12,647.018,371.302,mc,5,1760555221223
1760555253623,13,625.151,354.933,mc,2,1760555221223
1760555253623,14,456.834,492.14,mc,4,1760555221223
1760555253623,15,679.968,548.627,mc,5,1760555221223
1760555253623,16,384.09,483.5,mc,0,1760555221223
1760555253723,2,471.714,306.736,mc,5,1760555221223
1760555253723,3,237.499,241.292,mc,3,1760555221223
1760555253723,4,459.777,377.828,mc,4,1760555221223
1760555253723,5,338.09,293.397,mc,3,1760555221223
1760555253723,6,784.297,413.085,mc,4,1760555221223
1760555253723,7,82.3423,378.337,mc,3,1760555221223
1760555253723,8,425.625,631.943,mc,4,1760555221223
1760555253723,9,322.449,522.338,mc,4,1760555221223
1760555253723,10,584.071,737.231,mc,4,1760555221223
1760555253723,11,221.978,468.345,mc,3,1760555221223
1760555253723,12,647.34,370.94,mc,5,1760555221223
1760555253723,13,625.581,355.137,mc,2,1760555221223
1760555253723,14,457.05,492.405,mc,4,1760555221223
1760555253723,15,679.792,548.898,mc,5,1760555221223
1760555253723,16,384.63,483.624,mc,0,1760555221223
1760555253823,2,471.481,306.979,mc,5,1760555221223
1760555253823,3,237.382,240.939,mc,3,1760555221223
1760555253823,4,459.564,378.139,mc,4,1760555221223
1760555253823,5,337.666,293.578,mc,3,1760555221223
1760555253823,6,784.415,413.402,mc,4,1760555221223
1760555253823,7,81.9622,378.065,mc,3,1760555221223
1760555253823,8,425.829,631.698,mc,4,1760555221223
1760555253823,9,322.589,522.746,mc,4,1760555221223
1760555253823,10,583.63,737.45,mc,4,1760555221223
1760555253823,11,221.605,468.017,mc,3,1760555221223
1760555253823,12,647.663,370.577,mc,5,1760555221223
1760555253823,13,626.01,355.34,mc,2,1760555221223
1760555253823,14,457.266,492.669,mc,4,1760555221223
1760555253823,15,679.615,549.169,mc,5,1760555221223
1760555253823,16,385.17,483.748,mc,0,1760555221223
1760555253923,2,471.247,307.222,mc,5,1760555221223
1760555253923,3,237.265,240.585,mc,3,1760555221223
1760555253923,4,459.352,378.45,mc,4,1760555221223
1760555253923,5,337.243,293.759,mc,3,1760555221223
1760555253923,6,784.532,413.718,mc,4,1760555221223
1760555253923,7,81.5822,377.794,mc,3,1760555221223
1760555253923,8,426.032,631.454,mc,4,1760555221223
1760555253923,9,322.73,523.154,mc,4,1760555221223
1760555253923,10,583.189,737.669,mc,4,1760555221223
1760555253923,11,221.232,467.688,mc,3,1760555221223
1760555253923,12,647.985,370.214,mc,5,1760555221223
1760555253923,13,626.44,355.544,mc,2,1760555221223
1760555253923,14,457.482,492.934,mc,4,1760555221223
1760555253923,15,679.439,549.441,mc,5,1760555221223
1760555253923,16,385.71,483.872,mc,0,1760555221223
1760555254023,2,471.014,307.464,mc,5,1760555221223
1760555254023,3,237.147,240.231,mc,3,1760555221223
1760555254023,4,459.139,378.761,mc,4,1760555221223
1760555254023,5,336.82,293.94,mc,3,1760555221223
1760555254023,6,784.649,414.035,mc,4,1760555221223
1760555254023,7,81.2021,377.522,mc,3,1760555221223
1760555254023,8,426.236,631.209,mc,4,1760555221223
1760555254023,9,322.87,523.563,mc,4,1760555221223
1760555254023,10,582.748,737.888,mc,4,1760555221223
1760555254023,11,220.859,467.36,mc,3,1760555221223
1760555254023,12,648.307,369.851,mc,5,1760555221223
1760555254023,13,626.87,355.748,mc,2,1760555221223
1760555254023,14,457.698,493.199,mc,4,1760555221223
1760555254023,15,679.263,549.712,mc,5,1760555221223
1760555254023,16,386.25,483.996,mc,0,1760555221223
1760555254123,2,470.875,307.816,mc,5,1760555221223
1760555254123,3,237.03,239.877,mc,3,1760555221223
1760555254123,4,458.926,379.073,mc,4,1760555221223
1760555254123,5,336.397,294.121,mc,3,1760555221223
1760555254123,6,784.767,414.352,mc,4,1760555221223
1760555254123,7,80.8221,377.25,mc,3,1760555221223
1760555254123,8,426.439,630.965,mc,4,1760555221223
1760555254123,9,323.01,523.971,mc,4,1760555221223
1760555254123,10,582.307,738.107,mc,4,1760555221223
1760555254123,11,220.486,467.031,mc,3,1760555221223
1760555254123,12,648.63,369.488,mc,5,1760555221223
1760555254123,13,627.3,355.951,mc,2,1760555221223
1760555254123,14,457.914,493.463,mc,4,1760555221223
1760555254123,15,679.087,549.984,mc,5,1760555221223
1760555254123,16,386.79,484.12,mc,0,1760555221223
1760555254223,2,470.91,308.367,mc,5,1760555221223
1760555254223,3,236.913,239.523,mc,3,1760555221223
1760555254223,4,458.713,379.384,mc,4,1760555221223
1760555254223,5,335.973,294.302,mc,3,1760555221223
1760555254223,6,784.884,414.668,mc,4,1760555221223
1760555254223,7,80.442,376.978,mc,3,1760555221223
1760555254223,8,426.643,630.72,mc,4,1760555221223
1760555254223,9,323.151,524.379,mc,4,1760555221223
1760555254223,10,581.866,738.326,mc,4,1760555221223
1760555254223,11,220.113,466.703,mc,3,1760555221223
1760555254223,12,648.952,369.126,mc,5,1760555221223
1760555254223,13,627.729,356.155,mc,2,1760555221223
1760555254223,14,458.155,493.711,mc,4,1760555221223
1760555254223,15,678.911,550.255,mc,5,1760555221223
1760555254223,16,387.329,484.245,mc,0,1760555221223
1760555254323,2,470.945,308.919,mc,5,1760555221223
1760555254323,3,236.796,239.169,mc,3,1760555221223
1760555254323,4,458.5,379.695,mc,4,1760555221223
1760555254323,5,335.55,294.483,mc,3,1760555221223
1760555254323,6,785.002,414.985,mc,4,1760555221223
1760555254323,7,80.062,376.707,mc,3,1760555221223
1760555254323,8,426.847,630.475,mc,4,1760555221223
1760555254323,9,323.291,524.787,mc,4,1760555221223
1760555254323,10,581.425,738.546,mc,4,1760555221223
1760555254323,11,219.739,466.374,mc,3,1760555221223
1760555254323,12,649.274,368.763,mc,5,1760555221223
1760555254323,13,628.159,356.358,mc,2,1760555221223
1760555254323,14,458.53,493.872,mc,4,1760555221223
1760555254323,15,678.734,550.527,mc,5,1760555221223
1760555254323,16,387.869,484.369,mc,0,1760555221223
1760555254423,2,470.98,309.471,mc,5,1760555221223
1760555254423,3,236.679,238.816,mc,3,1760555221223
1760555254423,4,458.288,380.006,mc,4,1760555221223
1760555254423,5,335.127,294.664,mc,3,1760555221223
1760555254423,6,785.119,415.302,mc,4,1760555221223
1760555254423,7,79.6819,376.435,mc,3,1760555221223
1760555254423,8,427.05,630.231,mc,4,1760555221223
1760555254423,9,323.431,525.196,mc,4,1760555221223
1760555254423,10,580.983,738.765,mc,4,1760555221223
1760555254423,11,219.366,466.045,mc,3,1760555221223
1760555254423,12,649.597,368.4,mc,5,1760555221223
1760555254423,13,628.589,356.562,mc,2,1760555221223
1760555254423,14,458.904,494.033,mc,4,1760555221223
1760555254423,15,678.558,550.798,mc,5,1760555221223
1760555254423,16,388.409,484.493,mc,0,1760555221223
1760555254523,2,471.014,310.022,mc,5,1760555221223
1760555254523,3,236.562,238.462,mc,3,1760555221223
1760555254523,4,458.075,380.317,mc,4,1760555221223
1760555254523,5,334.704,294.845,mc,3,1760555221223
1760555254523,6,785.236,415.618,mc,4,1760555221223
1760555254523,7,79.3019,376.163,mc,3,1760555221223
1760555254523,8,427.254,629.986,mc,4,1760555221223
1760555254523,9,323.572,525.604,mc,4,1760555221223
1760555254523,10,580.542,738.984,mc,4,1760555221223
1760555254523,11,218.993,465.717,mc,3,1760555221223
1760555254523,12,649.919,368.037,mc,5,1760555221223
1760555254523,13,629.018,356.766,mc,2,1760555221223
1760555254523,14,459.279,494.194,mc,4,1760555221223
1760555254523,15,678.382,551.07,mc,5,1760555221223
1760555254523,16,388.949,484.617,mc,0,1760555221223
1760555254623,2,471.049,310.574,mc,5,1760555221223
1760555254623,3,236.445,238.108,mc,3,1760555221223
1760555254623,4,457.862,380.628,mc,4,1760555221223
1760555254623,5,334.281,295.026,mc,3,1760555221223
1760555254623,6,785.354,415.935,mc,4,1760555221223
1760555254623,7,78.9218,375.892,mc,3,1760555221223
1760555254623,8,427.457,629.742,mc,4,1760555221223
1760555254623,9,323.712,526.012,mc,4,1760555221223
1760555254623,10,580.101,739.203,mc,4,1760555221223
1760555254623,11,218.62,465.388,mc,3,1760555221223
1760555254623,12,650.241,367.675,mc,5,1760555221223
1760555254623,13,629.448,356.969,mc,2,1760555221223
1760555254623,14,459.653,494.355,mc,4,1760555221223
1760555254623,15,678.206,551.341,mc,5,1760555221223
1760555254623,16,389.489,484.741,mc,0,1760555221223
1760555254723,2,471.084,311.125,mc,5,1760555221223
1760555254723,3,236.328,237.754,mc,3,1760555221223
1760555254723,4,457.649,380.939,mc,4,1760555221223
1760555254723,5,333.857,295.207,mc,3,1760555221223
1760555254723,6,785.471,416.252,mc,4,1760555221223
1760555254723,7,78.5418,375.62,mc,3,1760555221223
1760555254723,8,427.661,629.497,mc,4,1760555221223
1760555254723,9,323.852,526.42,mc,4,1760555221223
1760555254723,10,579.66,739.422,mc,4,1760555221223
1760555254723,11,218.247,465.06,mc,3,1760555221223
1760555254723,12,650.564,367.312,mc,5,1760555221223
1760555254723,13,629.878,357.173,mc,2,1760555221223
1760555254723,14,460.028,494.516,mc,4,1760555221223
1760555254723,15,678.029,551.613,mc,5,1760555221223
1760555254723,16,390.029,484.865,mc,0,1760555221223
1760555254823,2,471.119,311.677,mc,5,1760555221223
1760555254823,3,236.211,237.4,mc,3,1760555221223
1760555254823,4,457.436,381.25,mc,4,1760555221223
1760555254823,5,333.434,295.388,mc,3,1760555221223
1760555254823,6,785.588,416.568,mc,4,1760555221223
1760555254823,7,78.1617,375.348,mc,3,1760555221223
1760555254823,8,427.864,629.253,mc,4,1760555221223
1760555254823,9,323.993,526.829,mc,4,1760555221223
1760555254823,10,579.219,739.641,mc,4,1760555221223
1760555254823,11,217.874,464.731,mc,3,1760555221223
1760555254823,12,650.886,366.949,mc,5,1760555221223
1760555254823,13,630.307,357.377,mc,2,1760555221223
1760555254823,14,460.402,494.677,mc,4,1760555221223
1760555254823,15,677.853,551.884,mc,5,1760555221223
1760555254823,16,390.569,484.989,mc,0,1760555221223
1760555254923,2,471.154,312.229,mc,5,1760555221223
1760555254923,3,236.093,237.046,mc,3,1760555221223
1760555254923,4,457.224,381.561,mc,4,1760555221223
1760555254923,5,333.011,295.569,mc,3,1760555221223
1760555254923,6,785.706,416.885,mc,4,1760555221223
1760555254923,7,77.7817,375.076,mc,3,1760555221223
1760555254923,8,428.068,629.008,mc,4,1760555221223
1760555254923,9,324.133,527.237,mc,4,1760555221223
1760555254923,10,578.95,739.793,mc,4,1760555221223
1760555254923,11,217.501,464.403,mc,3,1760555221223
1760555254923,12,651.208,366.586,mc,5,1760555221223
1760555254923,13,630.737,357.58,mc,2,1760555221223
1760555254923,14,460.777,494.837,mc,4,1760555221223
1760555254923,15,677.677,552.156,mc,5,1760555221223
1760555254923,16,391.109,485.113,mc,0,1760555221223
1760555255023,2,471.189,312.78,mc,5,1760555221223
1760555255023,3,235.976,236.692,mc,3,1760555221223
1760555255023,4,457.011,381.872,mc,4,1760555221223
1760555255023,5,332.588,295.75,mc,3,1760555221223
1760555255023,6,785.823,417.202,mc,4,1760555221223
1760555255023,7,77.4016,374.805,mc,3,1760555221223
1760555255023,8,428.271,628.764,mc,4,1760555221223
1760555255023,9,324.273,527.645,mc,4,1760555221223
1760555255023,10,579.448,739.644,mc,4,1760555221223
1760555255023,11,217.128,464.074,mc,3,1760555221223
1760555255023,12,651.531,366.224,mc,5,1760555221223
1760555255023,13,631.167,357.784,mc,2,1760555221223
1760555255023,14,461.152,494.998,mc,4,1760555221223
1760555255023,15,677.501,552.427,mc,5,1760555221223
1760555255023,16,391.649,485.238,mc,0,1760555221223
1760555255123,2,471.223,313.332,mc,5,1760555221223
1760555255123,3,235.859,236.339,mc,3,1760555221223
1760555255123,4,456.798,382.183,mc,4,1760555221223
1760555255123,5,332.164,295.931,mc,3,1760555221223
1760555255123,6,785.941,417.519,mc,4,1760555221223
1760555255123,7,77.0216,374.533,mc,3,1760555221223
1760555255123,8,428.475,628.519,mc,4,1760555221223
1760555255123,9,324.414,528.053,mc,4,1760555221223
1760555255123,10,579.946,739.495,mc,4,1760555221223
1760555255123,11,216.754,463.746,mc,3,1760555221223
1760555255123,12,651.853,365.861,mc,5,1760555221223
1760555255123,13,631.597,357.988,mc,2,1760555221223
1760555255123,14,461.526,495.159,mc,4,1760555221223
1760555255123,15,677.325,552.698,mc,5,1760555221223
1760555255123,16,392.189,485.362,mc,0,1760555221223
1760555255223,2,471.258,313.883,mc,5,1760555221223
1760555255223,3,235.742,235.985,mc,3,1760555221223
1760555255223,4,456.585,382.494,mc,4,1760555221223
1760555255223,5,331.741,296.112,mc,3,1760555221223
1760555255223,6,786.058,417.835,mc,4,1760555221223
1760555255223,7,76.6415,374.261,mc,3,1760555221223
1760555255223,8,428.679,628.275,mc,4,1760555221223
1760555255223,9,324.554,528.462,mc,4,1760555221223
1760555255223,10,580.444,739.346,mc,4,1760555221223
1760555255223,11,216.381,463.417,mc,3,1760555221223
1760555255223,12,652.176,365.498,mc,5,1760555221223
1760555255223,13,632.026,358.191,mc,2,1760555221223
1760555255223,14,461.901,495.32,mc,4,1760555221223
1760555255223,15,677.148,552.97,mc,5,1760555221223
1760555255223,16,392.729,485.486,mc,0,1760555221223
1760555255323,2,471.293,314.435,mc,5,1760555221223
1760555255323,3,235.625,235.631,mc,3,1760555221223
1760555255323,4,456.351,382.815,mc,4,1760555221223
1760555255323,5,331.318,296.293,mc,3,1760555221223
1760555255323,6,786.175,418.152,mc,4,1760555221223
1760555255323,7,76.2615,373.989,mc,3,1760555221223
1760555255323,8,428.882,628.03,mc,4,1760555221223
1760555255323,9,324.694,528.87,mc,4,1760555221223
1760555255323,10,580.942,739.197,mc,4,1760555221223
1760555255323,11,216.008,463.088,mc,3,1760555221223
1760555255323,12,652.498,365.135,mc,5,1760555221223
1760555255323,13,632.456,358.395,mc,2,1760555221223
1760555255323,14,462.275,495.481,mc,4,1760555221223
1760555255323,15,676.972,553.241,mc,5,1760555221223
1760555255323,16,393.269,485.61,mc,0,1760555221223
1760555255423,2,471.328,314.987,mc,5,1760555221223
1760555255423,3,235.508,235.277,mc,3,1760555221223
1760555255423,4,455.982,383.2,mc,4,1760555221223
1760555255423,5,330.895,296.474,mc,3,1760555221223
1760555255423,6,786.293,418.469,mc,4,1760555221223
1760555255423,7,75.8814,373.718,mc,3,1760555221223
1760555255423,8,429.086,627.786,mc,4,1760555221223
1760555255423,9,324.834,529.278,mc,4,1760555221223
1760555255423,10,581.44,739.048,mc,4,1760555221223
1760555255423,11,215.635,462.76,mc,3,1760555221223
1760555255423,12,652.82,364.773,mc,5,1760555221223
1760555255423,13,632.886,358.598,mc,2,1760555221223
1760555255423,14,462.65,495.642,mc,4,1760555221223
1760555255423,15,676.796,553.513,mc,5,1760555221223
1760555255423,16,393.809,485.734,mc,0,1760555221223
1760555255523,2,471.363,315.538,mc,5,1760555221223
1760555255523,3,235.391,234.923,mc,3,1760555221223
1760555255523,4,455.612,383.585,mc,4,1760555221223
1760555255523,5,330.472,296.655,mc,3,1760555221223
1760555255523,6,786.41,418.785,mc,4,1760555221223
1760555255523,7,75.5014,373.446,mc,3,1760555221223
1760555255523,8,429.289,627.541,mc,4,1760555221223
1760555255523,9,324.975,529.686,mc,4,1760555221223
1760555255523,10,581.938,738.899,mc,4,1760555221223
1760555255523,11,215.262,462.431,mc,3,1760555221223
1760555255523,12,653.143,364.41,mc,5,1760555221223
1760555255523,13,633.315,358.802,mc,2,1760555221223
1760555255523,14,463.024,495.803,mc,4,1760555221223
1760555255523,15,676.62,553.784,mc,5,1760555221223
1760555255523,16,394.349,485.858,mc,0,1760555221223
1760555255623,2,471.397,316.09,mc,5,1760555221223
1760555255623,3,235.274,234.569,mc,3,1760555221223
1760555255623,4,455.243,383.97,mc,4,1760555221223
1760555255623,5,330.048,296.836,mc,3,1760555221223
1760555255623,6,786.528,419.102,mc,4,1760555221223
1760555255623,7,75.1213,373.174,mc,3,1760555221223
1760555255623,8,429.493,627.296,mc,4,1760555221223
1760555255623,9,325.115,530.095,mc,4,1760555221223
1760555255623,10,582.436,738.75,mc,4,1760555221223
1760555255623,11,214.889,462.103,mc,3,1760555221223
1760555255623,12,653.465,364.047,mc,5,1760555221223
1760555255623,13,633.745,359.006,mc,2,1760555221223
1760555255623,14,463.399,495.964,mc,4,1760555221223
1760555255623,15,676.443,554.056,mc,5,1760555221223
1760555255623,16,394.889,485.982,mc,0,1760555221223
1760555255723,2,471.432,316.641,mc,5,1760555221223
1760555255723,3,235.156,234.216,mc,3,1760555221223
1760555255723,4,454.874,384.355,mc,4,1760555221223
1760555255723,5,329.625,297.017,mc,3,1760555221223
1760555255723,6,786.645,419.419,mc,4,1760555221223
1760555255723,7,74.7413,372.903,mc,3,1760555221223
1760555255723,8,429.696,627.052,mc,4,1760555221223
1760555255723,9,325.255,530.503,mc,4,1760555221223
1760555255723,10,582.934,738.601,mc,4,1760555221223
1760555255723,11,214.516,461.774,mc,3,1760555221223
1760555255723,12,653.787,363.684,mc,5,1760555221223
1760555255723,13,634.175,359.209,mc,2,1760555221223
1760555255723,14,463.773,496.125,mc,4,1760555221223
1760555255723,15,676.267,554.327,mc,5,1760555221223
1760555255723,16,395.429,486.107,mc,0,1760555221223
1760555255823,2,471.467,317.193,mc,5,1760555221223
1760555255823,3,235.039,233.862,mc,3,1760555221223
1760555255823,4,454.504,384.74,mc,4,1760555221223
1760555255823,5,329.202,297.197,mc,3,1760555221223
1760555255823,6,786.762,419.735,mc,4,1760555221223
1760555255823,7,74.3612,372.631,mc,3,1760555221223
1760555255823,8,429.9,626.807,mc,4,1760555221223
1760555255823,9,325.396,530.911,mc,4,1760555221223
1760555255823,10,583.432,738.452,mc,4,1760555221223
1760555255823,11,214.143,461.446,mc,3,1760555221223
1760555255823,12,654.11,363.322,mc,5,1760555221223
1760555255823,13,634.604,359.413,mc,2,1760555221223
1760555255823,14,464.148,496.286,mc,4,1760555221223
1760555255823,15,676.091,554.599,mc,5,1760555221223
1760555255823,16,395.969,486.231,mc,0,1760555221223
1760555255923,2,471.502,317.745,mc,5,1760555221223
1760555255923,3,234.922,233.508,mc,3,1760555221223
1760555255923,4,454.135,385.125,mc,4,1760555221223
1760555255923,5,328.779,297.378,mc,3,1760555221223
1760555255923,6,786.88,420.052,mc,4,1760555221223
1760555255923,7,73.9812,372.359,mc,3,1760555221223
1760555255923,8,430.104,626.563,mc,4,1760555221223
1760555255923,9,325.536,531.32,mc,4,1760555221223
1760555255923,10,583.93,738.303,mc,4,1760555221223
1760555255923,11,213.77,461.117,mc,3,1760555221223
1760555255923,12,654.432,362.959,mc,5,1760555221223
1760555255923,13,635.034,359.617,mc,2,1760555221223
1760555255923,14,464.522,496.447,mc,4,1760555221223
1760555255923,15,675.915,554.87,mc,5,1760555221223
1760555255923,16,396.509,486.355,mc,0,1760555221223
1760555256023,2,471.537,318.296,mc,5,1760555221223
1760555256023,3,234.805,233.154,mc,3,1760555221223
1760555256023,4,453.765,385.51,mc,4,1760555221223
1760555256023,5,328.355,297.559,mc,3,1760555221223
1760555256023,6,786.997,420.369,mc,4,1760555221223
1760555256023,7,73.6011,372.087,mc,3,1760555221223
1760555256023,8,430.307,626.318,mc,4,1760555221223
1760555256023,9,325.676,531.728,mc,4,1760555221223
1760555256023,10,584.428,738.154,mc,4,1760555221223
1760555256023,11,213.396,460.789,mc,3,1760555221223
1760555256023,12,654.231,362.631,mc,5,1760555221223
1760555256023,13,635.464,359.82,mc,2,1760555221223
1760555256023,14,464.897,496.608,mc,4,1760555221223
1760555256023,15,675.738,555.142,mc,5,1760555221223
1760555256023,16,397.049,486.479,mc,0,1760555221223
1760555256123,2,471.572,318.848,mc,5,1760555221223
1760555256123,3,234.688,232.8,mc,3,1760555221223
1760555256123,4,453.396,385.895,mc,4,1760555221223
1760555256123,5,327.932,297.74,mc,3,1760555221223
1760555256123,6,787.114,420.686,mc,4,1760555221223
1760555256123,7,73.2211,371.816,mc,3,1760555221223
1760555256123,8,430.511,626.074,mc,4,1760555221223
1760555256123,9,325.817,532.136,mc,4,1760555221223
1760555256123,10,584.926,738.005,mc,4,1760555221223
1760555256123,11,213.023,460.46,mc,3,1760555221223
1760555256123,12,654.022,362.303,mc,5,1760555221223
1760555256123,13,635.894,360.024,mc,2,1760555221223
1760555256123,14,465.272,496.769,mc,4,1760555221223
1760555256123,15,675.562,555.413,mc,5,1760555221223
1760555256123,16,397.589,486.603,mc,0,1760555221223
1760555256223,2,471.606,319.399,mc,5,1760555221223
1760555256223,3,234.571,232.446,mc,3,1760555221223
1760555256223,4,453.026,386.28,mc,4,1760555221223
1760555256223,5,327.509,297.921,mc,3,1760555221223
1760555256223,6,787.232,421.002,mc,4,1760555221223
1760555256223,7,72.841,371.544,mc,3,1760555221223
1760555256223,8,430.714,625.829,mc,4,1760555221223
1760555256223,9,325.957,532.544,mc,4,1760555221223
1760555256223,10,585.424,737.856,mc,4,1760555221223
1760555256223,11,212.65,460.132,mc,3,1760555221223
1760555256223,12,653.814,361.976,mc,5,1760555221223
1760555256223,13,636.323,360.228,mc,2,1760555221223
1760555256223,14,465.646,496.93,mc,4,1760555221223
1760555256223,15,675.386,555.685,mc,5,1760555221223
1760555256223,16,398.129,486.727,mc,0,1760555221223
1760555256323,2,471.641,319.951,mc,5,1760555221223
1760555256323,3,234.454,232.092,mc,3,1760555221223
1760555256323,4,452.657,386.665,mc,4,1760555221223
1760555256323,5,327.086,298.102,mc,3,1760555221223
1760555256323,6,787.349,421.319,mc,4,1760555221223
1760555256323,7,72.461,371.272,mc,3,1760555221223
1760555256323,8,430.918,625.585,mc,4,1760555221223
1760555256323,9,326.097,532.953,mc,4,1760555221223
1760555256323,10,585.922,737.707,mc,4,1760555221223
1760555256323,11,212.277,459.803,mc,3,1760555221223
1760555256323,12,653.606,361.648,mc,5,1760555221223
1760555256323,13,636.753,360.431,mc,2,1760555221223
1760555256323,14,466.021,497.09,mc,4,1760555221223
1760555256323,15,675.21,555.956,mc,5,1760555221223
1760555256323,16,398.669,486.851,mc,0,1760555221223
1760555256423,2,471.676,320.503,mc,5,1760555221223
1760555256423,3,234.337,231.739,mc,3,1760555221223
1760555256423,4,452.288,387.05,mc,4,1760555221223
1760555256423,5,326.662,298.283,mc,3,1760555221223
1760555256423,6,787.467,421.636,mc,4,1760555221223
1760555256423,7,72.0809,371.001,mc,3,1760555221223
1760555256423,8,431.121,625.34,mc,4,1760555221223
1760555256423,9,326.238,533.361,mc,4,1760555221223
1760555256423,10,586.419,737.558,mc,4,1760555221223
1760555256423,11,211.904,459.474,mc,3,1760555221223
1760555256423,12,653.397,361.321,mc,5,1760555221223
1760555256423,13,637.183,360.635,mc,2,1760555221223
1760555256423,14,466.395,497.251,mc,4,1760555221223
1760555256423,15,675.034,556.227,mc,5,1760555221223
1760555256423,16,399.209,486.976,mc,0,1760555221223
1760555256523,2,471.711,321.054,mc,5,1760555221223
1760555256523,3,234.219,231.385,mc,3,1760555221223
1760555256523,4,451.918,387.435,mc,4,1760555221223
1760555256523,5,326.239,298.464,mc,3,1760555221223
1760555256523,6,787.584,421.952,mc,4,1760555221223
1760555256523,7,71.7009,370.729,mc,3,1760555221223
1760555256523,8,431.325,625.096,mc,4,1760555221223
1760555256523,9,326.378,533.769,mc,4,1760555221223
1760555256523,10,586.917,737.409,mc,4,1760555221223
1760555256523,11,212.056,459.107,mc,3,1760555221223
1760555256523,12,653.189,360.993,mc,5,1760555221223
1760555256523,13,637.612,360.839,mc,2,1760555221223
1760555256523,14,466.77,497.412,mc,4,1760555221223
1760555256523,15,674.857,556.499,mc,5,1760555221223
1760555256523,16,399.749,487.1,mc,0,1760555221223
1760555256623,2,471.746,321.606,mc,5,1760555221223
1760555256623,3,234.102,231.031,mc,3,1760555221223
1760555256623,4,451.549,387.82,mc,4,1760555221223
1760555256623,5,325.816,298.645,mc,3,1760555221223
1760555256623,6,787.701,422.269,mc,4,1760555221223
1760555256623,7,71.3208,370.457,mc,3,1760555221223
1760555256623,8,431.528,624.851,mc,4,1760555221223
1760555256623,9,326.518,534.177,mc,4,1760555221223
1760555256623,10,587.415,737.26,mc,4,1760555221223
1760555256623,11,212.3,458.733,mc,3,1760555221223
1760555256623,12,652.981,360.666,mc,5,1760555221223
1760555256623,13,638.031,361.048,mc,2,1760555221223
1760555256623,14,467.144,497.573,mc,4,1760555221223
1760555256623,15,674.681,556.77,mc,5,1760555221223
1760555256623,16,400.289,487.224,mc,0,1760555221223
1760555256723,2,471.781,322.157,mc,5,1760555221223
1760555256723,3,233.985,230.677,mc,3,1760555221223
1760555256723,4,451.179,388.205,mc,4,1760555221223
1760555256723,5,325.393,298.826,mc,3,1760555221223
1760555256723,6,787.819,422.586,mc,4,1760555221223
1760555256723,7,70.9408,370.185,mc,3,1760555221223
1760555256723,8,431.732,624.607,mc,4,1760555221223
1760555256723,9,326.659,534.586,mc,4,1760555221223
1760555256723,10,587.913,737.111,mc,4,1760555221223
1760555256723,11,212.544,458.359,mc,3,1760555221223
1760555256723,12,652.772,360.338,mc,5,1760555221223
1760555256723,13,638.439,361.264,mc,2,1760555221223
1760555256723,14,467.519,497.734,mc,4,1760555221223
1760555256723,15,674.505,557.042,mc,5,1760555221223
1760555256723,16,400.829,487.348,mc,0,1760555221223
1760555256823,2,471.815,322.709,mc,5,1760555221223
1760555256823,3,233.868,230.323,mc,3,1760555221223
1760555256823,4,450.81,388.59,mc,4,1760555221223
1760555256823,5,324.97,299.007,mc,3,1760555221223
1760555256823,6,787.936,422.902,mc,4,1760555221223
1760555256823,7,70.7997,370.233,mc,3,1760555221223
1760555256823,8,431.936,624.362,mc,4,1760555221223
1760555256823,9,326.799,534.994,mc,4,1760555221223
1760555256823,10,588.411,736.962,mc,4,1760555221223
1760555256823,11,212.789,457.985,mc,3,1760555221223
1760555256823,12,652.564,360.011,mc,5,1760555221223
1760555256823,13,638.848,361.48,mc,2,1760555221223
1760555256823,14,467.893,497.895,mc,4,1760555221223
1760555256823,15,674.329,557.313,mc,5,1760555221223
1760555256823,16,401.369,487.472,mc,0,1760555221223
1760555256923,2,471.85,323.261,mc,5,1760555221223
1760555256923,3,233.751,229.969,mc,3,1760555221223
1760555256923,4,450.441,388.975,mc,4,1760555221223
1760555256923,5,324.546,299.188,mc,3,1760555221223
1760555256923,6,788.054,423.219,mc,4,1760555221223
1760555256923,7,71.0226,370.766,mc,3,1760555221223
1760555256923,8,432.139,624.117,mc,4,1760555221223
1760555256923,9,326.939,535.402,mc,4,1760555221223
1760555256923,10,588.909,736.813,mc,4,1760555221223
1760555256923,11,213.033,457.611,mc,3,1760555221223
1760555256923,12,652.355,359.684,mc,5,1760555221223
1760555256923,13,639.256,361.696,mc,2,1760555221223
1760555256923,14,468.268,498.056,mc,4,1760555221223
1760555256923,15,674.152,557.585,mc,5,1760555221223
1760555256923,16,401.909,487.596,mc,0,1760555221223
1760555257023,2,471.885,323.812,mc,5,1760555221223
1760555257023,3,233.634,229.616,mc,3,1760555221223
1760555257023,4,450.071,389.36,mc,4,1760555221223
1760555257023,5,324.123,299.369,mc,3,1760555221223
1760555257023,6,788.171,423.536,mc,4,1760555221223
1760555257023,7,71.2455,371.299,mc,3,1760555221223
1760555257023,8,432.343,623.873,mc,4,1760555221223
1760555257023,9,327.08,535.81,mc,4,1760555221223
1760555257023,10,589.407,736.664,mc,4,1760555221223
1760555257023,11,213.277,457.237,mc,3,1760555221223
1760555257023,12,652.147,359.356,mc,5,1760555221223
1760555257023,13,639.664,361.911,mc,2,1760555221223
1760555257023,14,468.643,498.217,mc,4,1760555221223
1760555257023,15,673.976,557.856,mc,5,1760555221223
1760555257023,16,402.449,487.72,mc,0,1760555221223
1760555257123,2,471.92,324.364,mc,5,1760555221223
1760555257123,3,233.517,229.262,mc,3,1760555221223
1760555257123,4,449.702,389.745,mc,4,1760555221223
1760555257123,5,323.7,299.55,mc,3,1760555221223
1760555257123,6,788.288,423.852,mc,4,1760555221223
1760555257123,7,71.4685,371.832,mc,3,1760555221223
1760555257123,8,432.546,623.628,mc,4,1760555221223
1760555257123,9,327.22,536.219,mc,4,1760555221223
1760555257123,10,589.905,736.515,mc,4,1760555221223
1760555257123,11,213.521,456.863,mc,3,1760555221223
1760555257123,12,651.939,359.029,mc,5,1760555221223
1760555257123,13,640.072,362.127,mc,2,1760555221223
1760555257123,14,469.017,498.378,mc,4,1760555221223
1760555257123,15,673.8,558.128,mc,5,1760555221223
1760555257123,16,402.989,487.845,mc,0,1760555221223
1760555257223,2,471.955,324.916,mc,5,1760555221223
1760555257223,3,233.4,228.908,mc,3,1760555221223
1760555257223,4,449.332,390.13,mc,4,1760555221223
1760555257223,5,323.277,299.731,mc,3,1760555221223
1760555257223,6,788.406,424.169,mc,4,1760555221223
1760555257223,7,71.6914,372.365,mc,3,1760555221223
1760555257223,8,432.75,623.384,mc,4,1760555221223
1760555257223,9,327.36,536.627,mc,4,1760555221223
1760555257223,10,590.403,736.366,mc,4,1760555221223
1760555257223,11,213.765,456.489,mc,3,1760555221223
1760555257223,12,651.73,358.701,mc,5,1760555221223
1760555257223,13,640.48,362.343,mc,2,1760555221223
1760555257223,14,469.392,498.539,mc,4,1760555221223
1760555257223,15,673.624,558.399,mc,5,1760555221223
1760555257223,16,403.529,487.969,mc,0,1760555221223
1760555257323,2,471.99,325.467,mc,5,1760555221223
1760555257323,3,233.283,228.554,mc,3,1760555221223
1760555257323,4,448.963,390.515,mc,4,1760555221223
1760555257323,5,322.853,299.912,mc,3,1760555221223
1760555257323,6,788.523,424.486,mc,4,1760555221223
1760555257323,7,71.9143,372.898,mc,3,1760555221223
1760555257323,8,432.953,623.139,mc,4,1760555221223
1760555257323,9,327.501,537.035,mc,4,1760555221223
1760555257323,10,590.901,736.217,mc,4,1760555221223
1760555257323,11,214.009,456.115,mc,3,1760555221223
1760555257323,12,651.522,358.374,mc,5,1760555221223
1760555257323,13,640.889,362.559,mc,2,1760555221223
1760555257323,14,469.766,498.7,mc,4,1760555221223
1760555257323,15,673.448,558.671,mc,5,1760555221223
1760555257323,16,404.069,488.093,mc,0,1760555221223
1760555257423,2,472.024,326.019,mc,5,1760555221223
1760555257423,3,233.165,228.2,mc,3,1760555221223
1760555257423,4,448.593,390.9,mc,4,1760555221223
1760555257423,5,322.43,300.093,mc,3,1760555221223
1760555257423,6,788.64,424.803,mc,4,1760555221223
1760555257423,7,72.1372,373.431,mc,3,1760555221223
1760555257423,8,433.157,622.895,mc,4,1760555221223
1760555257423,9,327.641,537.443,mc,4,1760555221223
1760555257423,10,591.399,736.068,mc,4,1760555221223
1760555257423,11,214.253,455.741,mc,3,1760555221223
1760555257423,12,651.314,358.046,mc,5,1760555221223
1760555257423,13,641.297,362.775,mc,2,1760555221223
1760555257423,14,470.141,498.861,mc,4,1760555221223
1760555257423,15,673.271,558.942,mc,5,1760555221223
1760555257423,16,404.609,488.217,mc,0,1760555221223
1760555257523,2,472.059,326.57,mc,5,1760555221223
1760555257523,3,233.048,227.846,mc,3,1760555221223
1760555257523,4,448.224,391.285,mc,4,1760555221223
1760555257523,5,322.007,300.274,mc,3,1760555221223
1760555257523,6,788.758,425.119,mc,4,1760555221223
1760555257523,7,72.3602,373.964,mc,3,1760555221223
1760555257523,8,433.36,622.65,mc,4,1760555221223
1760555257523,9,327.781,537.852,mc,4,1760555221223
1760555257523,10,591.897,735.919,mc,4,1760555221223
1760555257523,11,214.497,455.367,mc,3,1760555221223
1760555257523,12,651.105,357.719,mc,5,1760555221223
1760555257523,13,641.705,362.99,mc,2,1760555221223
1760555257523,14,470.515,499.022,mc,4,1760555221223
1760555257523,15,673.095,559.214,mc,5,1760555221223
1760555257523,16,405.149,488.341,mc,0,1760555221223
1760555257623,2,472.094,327.122,mc,5,1760555221223
1760555257623,3,232.931,227.492,mc,3,1760555221223
1760555257623,4,447.855,391.67,mc,4,1760555221223
1760555257623,5,321.584,300.455,mc,3,1760555221223
1760555257623,6,788.875,425.436,mc,4,1760555221223
1760555257623,7,72.5831,374.497,mc,3,1760555221223
1760555257623,8,433.564,622.406,mc,4,1760555221223
1760555257623,9,327.922,538.26,mc,4,1760555221223
1760555257623,10,592.395,735.77,mc,4,1760555221223
1760555257623,11,214.741,454.993,mc,3,1760555221223
1760555257623,12,650.897,357.391,mc,5,1760555221223
1760555257623,13,642.113,363.206,mc,2,1760555221223
1760555257623,14,470.89,499.183,mc,4,1760555221223
1760555257623,15,672.919,559.485,mc,5,1760555221223
1760555257623,16,405.689,488.465,mc,0,1760555221223
1760555257723,2,472.129,327.674,mc,5,1760555221223
1760555257723,3,232.814,227.139,mc,3,1760555221223
1760555257723,4,447.485,392.055,mc,4,1760555221223
1760555257723,5,321.161,300.636,mc,3,1760555221223
1760555257723,6,788.993,425.753,mc,4,1760555221223
1760555257723,7,72.806,375.03,mc,3,1760555221223
1760555257723,8,433.768,622.161,mc,4,1760555221223
1760555257723,9,328.062,538.668,mc,4,1760555221223
1760555257723,10,592.893,735.621,mc,4,1760555221223
1760555257723,11,214.985,454.619,mc,3,1760555221223
1760555257723,12,650.689,357.064,mc,5,1760555221223
1760555257723,13,642.521,363.422,mc,2,1760555221223
1760555257723,14,471.264,499.343,mc,4,1760555221223
1760555257723,15,672.743,559.756,mc,5,1760555221223
1760555257723,16,406.229,488.589,mc,0,1760555221223
1760555257823,2,472.164,328.225,mc,5,1760555221223
1760555257823,3,232.697,226.785,mc,3,1760555221223
1760555257823,4,447.116,392.44,mc,4,1760555221223
1760555257823,5,320.737,300.817,mc,3,1760555221223
1760555257823,6,789.11,426.069,mc,4,1760555221223
1760555257823,7,73.0289,375.563,mc,3,1760555221223
1760555257823,8,433.971,621.917,mc,4,1760555221223
1760555257823,9,328.202,539.077,mc,4,1760555221223
1760555257823,10,593.391,735.472,mc,4,1760555221223
1760555257823,11,215.229,454.245,mc,3,1760555221223
1760555257823,12,650.48,356.736,mc,5,1760555221223
1760555257823,13,642.93,363.638,mc,2,1760555221223
1760555257823,14,471.639,499.504,mc,4,1760555221223
1760555257823,15,672.566,560.028,mc,5,1760555221223
1760555257823,16,406.769,488.714,mc,0,1760555221223
1760555257923,2,472.199,328.777,mc,5,1760555221223
1760555257923,3,232.58,226.431,mc,3,1760555221223
1760555257923,4,446.746,392.825,mc,4,1760555221223
1760555257923,5,320.314,300.998,mc,3,1760555221223
1760555257923,6,789.227,426.386,mc,4,1760555221223
1760555257923,7,73.2519,376.096,mc,3,1760555221223
1760555257923,8,434.175,621.672,mc,4,1760555221223
1760555257923,9,328.343,539.485,mc,4,1760555221223
1760555257923,10,593.889,735.323,mc,4,1760555221223
1760555257923,11,215.473,453.871,mc,3,1760555221223
1760555257923,12,650.272,356.409,mc,5,1760555221223
1760555257923,13,643.338,363.853,mc,2,1760555221223
1760555257923,14,472.013,499.665,mc,4,1760555221223
1760555257923,15,672.39,560.299,mc,5,1760555221223
1760555257923,16,407.309,488.838,mc,0,1760555221223
1760555258023,2,472.233,329.328,mc,5,1760555221223
1760555258023,3,232.463,226.077,mc,3,1760555221223
1760555258023,4,446.377,393.21,mc,4,1760555221223
1760555258023,5,319.891,301.179,mc,3,1760555221223
1760555258023,6,789.345,426.703,mc,4,1760555221223
1760555258023,7,73.4748,376.629,mc,3,1760555221223
1760555258023,8,434.378,621.428,mc,4,1760555221223
1760555258023,9,328.483,539.893,mc,4,1760555221223
1760555258023,10,594.387,735.174,mc,4,1760555221223
1760555258023,11,215.717,453.497,mc,3,1760555221223
1760555258023,12,650.063,356.081,mc,5,1760555221223
1760555258023,13,643.746,364.069,mc,2,1760555221223
1760555258023,14,472.388,499.826,mc,4,1760555221223
1760555258023,15,672.214,560.571,mc,5,1760555221223
1760555258023,16,407.849,488.962,mc,0,1760555221223
1760555258123,2,472.268,329.88,mc,5,1760555221223
1760555258123,3,232.346,225.723,mc,3,1760555221223
1760555258123,4,446.008,393.595,mc,4,1760555221223
1760555258123,5,319.468,301.36,mc,3,1760555221223
1760555258123,6,789.462,427.019,mc,4,1760555221223
1760555258123,7,73.6977,377.162,mc,3,1760555221223
1760555258123,8,434.582,621.183,mc,4,1760555221223
1760555258123,9,328.623,540.301,mc,4,1760555221223
1760555258123,10,594.885,735.025,mc,4,1760555221223
1760555258123,11,215.961,453.123,mc,3,1760555221223
1760555258123,12,649.855,355.754,mc,5,1760555221223
1760555258123,13,644.154,364.285,mc,2,1760555221223
1760555258123,14,472.763,499.987,mc,4,1760555221223
1760555258123,15,672.038,560.842,mc,5,1760555221223
1760555258123,16,408.389,489.086,mc,0,1760555221223
1760555258223,2,472.303,330.432,mc,5,1760555221223
1760555258223,3,232.228,225.369,mc,3,1760555221223
1760555258223,4,445.638,393.98,mc,4,1760555221223
1760555258223,5,319.044,301.541,mc,3,1760555221223
1760555258223,6,789.58,427.336,mc,4,1760555221223
1760555258223,7,73.9206,377.695,mc,3,1760555221223
1760555258223,8,434.785,620.938,mc,4,1760555221223
1760555258223,9,328.764,540.71,mc,4,1760555221223
1760555258223,10,595.383,734.876,mc,4,1760555221223
1760555258223,11,216.205,452.749,mc,3,1760555221223
1760555258223,12,649.647,355.426,mc,5,1760555221223
1760555258223,13,644.563,364.501,mc,2,1760555221223
1760555258223,14,473.137,500.148,mc,4,1760555221223
1760555258223,15,671.862,561.114,mc,5,1760555221223
1760555258223,16,408.336,488.77,mc,0,1760555221223
1760555258323,2,472.338,330.983,mc,5,1760555221223
1760555258323,3,232.111,225.016,mc,3,1760555221223
1760555258323,4,445.269,394.365,mc,4,1760555221223
1760555258323,5,318.621,301.722,mc,3,1760555221223
1760555258323,6,789.697,427.653,mc,4,1760555221223
1760555258323,7,74.1436,378.228,mc,3,1760555221223
1760555258323,8,434.989,620.694,mc,4,1760555221223
1760555258323,9,328.904,541.118,mc,4,1760555221223
1760555258323,10,595.88,734.727,mc,4,1760555221223
1760555258323,11,216.449,452.375,mc,3,1760555221223
1760555258323,12,649.438,355.099,mc,5,1760555221223
1760555258323,13,644.971,364.717,mc,2,1760555221223
1760555258323,14,473.512,500.309,mc,4,1760555221223
1760555258323,15,671.685,561.385,mc,5,1760555221223
1760555258323,16,408.037,488.272,mc,0,1760555221223
1760555258423,2,472.373,331.535,mc,5,1760555221223
1760555258423,3,231.994,224.662,mc,3,1760555221223
1760555258423,4,444.899,394.75,mc,4,1760555221223
1760555258423,5,318.198,301.903,mc,3,1760555221223
1760555258423,6,789.814,427.969,mc,4,1760555221223
1760555258423,7,74.3665,378.761,mc,3,1760555221223
1760555258423,8,435.193,620.449,mc,4,1760555221223
1760555258423,9,329.044,541.526,mc,4,1760555221223
1760555258423,10,596.378,734.578,mc,4,1760555221223
1760555258423,11,216.693,452.001,mc,3,1760555221223
1760555258423,12,649.23,354.771,mc,5,1760555221223
1760555258423,13,645.379,364.932,mc,2,1760555221223
1760555258423,14,473.886,500.47,mc,4,1760555221223
1760555258423,15,671.509,561.657,mc,5,1760555221223
1760555258423,16,407.738,487.774,mc,0,1760555221223
1760555258523,2,472.407,332.086,mc,5,1760555221223
1760555258523,3,231.877,224.308,mc,3,1760555221223
1760555258523,4,444.53,395.135,mc,4,1760555221223
1760555258523,5,317.775,302.084,mc,3,1760555221223
1760555258523,6,789.932,428.286,mc,4,1760555221223
1760555258523,7,74.5894,379.294,mc,3,1760555221223
1760555258523,8,435.396,620.205,mc,4,1760555221223
1760555258523,9,329.185,541.934,mc,4,1760555221223
1760555258523,10,596.876,734.429,mc,4,1760555221223
1760555258523,11,216.937,451.627,mc,3,1760555221223
1760555258523,12,649.022,354.444,mc,5,1760555221223
1760555258523,13,645.787,365.148,mc,2,1760555221223
1760555258523,14,474.261,500.631,mc,4,1760555221223
1760555258523,15,671.333,561.928,mc,5,1760555221223
1760555258523,16,407.439,487.276,mc,0,1760555221223
1760555258623,2,472.442,332.638,mc,5,1760555221223
1760555258623,3,231.76,223.954,mc,3,1760555221223
1760555258623,4,444.16,395.52,mc,4,1760555221223
1760555258623,5,317.352,302.264,mc,3,1760555221223
1760555258623,6,790.049,428.603,mc,4,1760555221223
1760555258623,7,74.8123,379.827,mc,3,1760555221223
1760555258623,8,435.6,619.96,mc,4,1760555221223
1760555258623,9,329.325,542.343,mc,4,1760555221223
1760555258623,10,597.374,734.28,mc,4,1760555221223
1760555258623,11,217.181,451.253,mc,3,1760555221223
1760555258623,12,648.813,354.116,mc,5,1760555221223
1760555258623,13,646.195,365.364,mc,2,1760555221223
1760555258623,14,474.635,500.792,mc,4,1760555221223
1760555258623,15,671.157,562.2,mc,5,1760555221223
1760555258623,16,407.14,486.777,mc,0,1760555221223
1760555258723,2,472.477,333.19,mc,5,1760555221223
1760555258723,3,231.643,223.6,mc,3,1760555221223
1760555258723,4,443.791,395.905,mc,4,1760555221223
1760555258723,5,316.928,302.445,mc,3,1760555221223
1760555258723,6,790.166,428.92,mc,4,1760555221223
1760555258723,7,75.0353,380.361,mc,3,1760555221223
1760555258723,8,435.803,619.716,mc,4,1760555221223
1760555258723,9,329.465,542.751,mc,4,1760555221223
1760555258723,10,597.872,734.131,mc,4,1760555221223
1760555258723,11,217.425,450.879,mc,3,1760555221223
1760555258723,12,648.605,353.789,mc,5,1760555221223
1760555258723,13,646.604,365.58,mc,2,1760555221223
1760555258723,14,475.01,500.953,mc,4,1760555221223
1760555258723,15,670.98,562.471,mc,5,1760555221223
1760555258723,16,406.842,486.279,mc,0,1760555221223
1760555258823,2,472.512,333.741,mc,5,1760555221223
1760555258823,3,231.526,223.246,mc,3,1760555221223
1760555258823,4,443.422,396.29,mc,4,1760555221223
1760555258823,5,316.505,302.626,mc,3,1760555221223
1760555258823,6,790.284,429.236,mc,4,1760555221223
1760555258823,7,75.2582,380.894,mc,3,1760555221223
1760555258823,8,436.007,619.471,mc,4,1760555221223
1760555258823,9,329.606,543.159,mc,4,1760555221223
1760555258823,10,598.37,733.982,mc,4,1760555221223
1760555258823,11,217.669,450.505,mc,3,1760555221223
1760555258823,12,648.396,353.461,mc,5,1760555221223
1760555258823,13,647.012,365.796,mc,2,1760555221223
1760555258823,14,475.384,501.114,mc,4,1760555221223
1760555258823,15,670.804,562.743,mc,5,1760555221223
1760555258823,16,406.543,485.781,mc,0,1760555221223
1760555258923,2,472.547,334.293,mc,5,1760555221223
1760555258923,3,231.409,222.892,mc,3,1760555221223
1760555258923,4,443.052,396.675,mc,4,1760555221223
1760555258923,5,316.082,302.807,mc,3,1760555221223
1760555258923,6,790.401,429.553,mc,4,1760555221223
1760555258923,7,75.4811,381.427,mc,3,1760555221223
1760555258923,8,436.21,619.227,mc,4,1760555221223
1760555258923,9,329.746,543.567,mc,4,1760555221223
1760555258923,10,598.868,733.833,mc,4,1760555221223
1760555258923,11,217.913,450.131,mc,3,1760555221223
1760555258923,12,648.188,353.134,mc,5,1760555221223
1760555258923,13,647.42,366.011,mc,2,1760555221223
1760555258923,14,475.759,501.275,mc,4,1760555221223
1760555258923,15,670.628,563.014,mc,5,1760555221223
1760555258923,16,406.244,485.283,mc,0,1760555221223
1760555259023,2,472.582,334.844,mc,5,1760555221223
1760555259023,3,231.292,222.539,mc,3,1760555221223
1760555259023,4,442.683,397.06,mc,4,1760555221223
1760555259023,5,315.659,302.988,mc,3,1760555221223
1760555259023,6,790.519,429.87,mc,4,1760555221223
1760555259023,7,75.704,381.96,mc,3,1760555221223
1760555259023,8,436.414,618.982,mc,4,1760555221223
1760555259023,9,329.886,543.976,mc,4,1760555221223
1760555259023,10,599.366,733.684,mc,4,1760555221223
1760555259023,11,218.157,449.757,mc,3,1760555221223
1760555259023,12,647.98,352.807,mc,5,1760555221223
1760555259023,13,647.828,366.227,mc,2,1760555221223
1760555259023,14,476.133,501.436,mc,4,1760555221223
1760555259023,15,670.452,563.285,mc,5,1760555221223
1760555259023,16,405.945,484.785,mc,0,1760555221223
1760555259123,2,472.616,335.396,mc,5,1760555221223
1760555259123,3,231.174,222.185,mc,3,1760555221223
1760555259123,4,442.313,397.445,mc,4,1760555221223
1760555259123,5,315.235,303.169,mc,3,1760555221223
1760555259123,6,790.636,430.186,mc,4,1760555221223
1760555259123,7,75.927,382.493,mc,3,1760555221223
1760555259123,8,436.617,618.738,mc,4,1760555221223
1760555259123,9,330.027,544.384,mc,4,1760555221223
1760555259123,10,599.864,733.535,mc,4,1760555221223
1760555259123,11,218.402,449.383,mc,3,1760555221223
1760555259123,12,647.771,352.479,mc,5,1760555221223
1760555259123,13,648.237,366.443,mc,2,1760555221223
1760555259123,14,476.508,501.597,mc,4,1760555221223
1760555259123,15,670.275,563.557,mc,5,1760555221223
1760555259123,16,405.646,484.287,mc,0,1760555221223
1760555259223,2,472.651,335.948,mc,5,1760555221223
1760555259223,3,231.057,221.831,mc,3,1760555221223
1760555259223,4,441.944,397.83,mc,4,1760555221223
1760555259223,5,314.812,303.35,mc,3,1760555221223
1760555259223,6,790.753,430.503,mc,4,1760555221223
1760555259223,7,76.1499,383.026,mc,3,1760555221223
1760555259223,8,436.821,618.493,mc,4,1760555221223
1760555259223,9,330.167,544.792,mc,4,1760555221223
1760555259223,10,600.362,733.386,mc,4,1760555221223
1760555259223,11,218.646,449.009,mc,3,1760555221223
1760555259223,12,647.563,352.152,mc,5,1760555221223
1760555259223,13,648.645,366.659,mc,2,1760555221223
1760555259223,14,476.883,501.757,mc,4,1760555221223
1760555259223,15,670.099,563.828,mc,5,1760555221223
1760555259223,16,405.348,483.789,mc,0,1760555221223
1760555259323,2,472.686,336.499,mc,5,1760555221223
1760555259323,3,230.94,221.477,mc,3,1760555221223
1760555259323,4,441.574,398.215,mc,4,1760555221223
1760555259323,5,314.389,303.531,mc,3,1760555221223
1760555259323,6,790.871,430.82,mc,4,1760555221223
1760555259323,7,76.3728,383.559,mc,3,1760555221223
1760555259323,8,437.025,618.249,mc,4,1760555221223
1760555259323,9,330.307,545.2,mc,4,1760555221223
1760555259323,10,600.86,733.237,mc,4,1760555221223
1760555259323,11,218.89,448.635,mc,3,1760555221223
1760555259323,12,647.355,351.824,mc,5,1760555221223
1760555259323,13,649.053,366.874,mc,2,1760555221223
1760555259323,14,477.257,501.918,mc,4,1760555221223
1760555259323,15,669.923,564.1,mc,5,1760555221223
1760555259323,16,405.049,483.29,mc,0,1760555221223
1760555259423,2,472.721,337.051,mc,5,1760555221223
1760555259423,3,230.823,221.123,mc,3,1760555221223
1760555259423,4,441.205,398.6,mc,4,1760555221223
1760555259423,5,313.966,303.712,mc,3,1760555221223
1760555259423,6,790.988,431.136,mc,4,1760555221223
1760555259423,7,76.5957,384.092,mc,3,1760555221223
1760555259423,8,437.228,618.004,mc,4,1760555221223
1760555259423,9,330.448,545.609,mc,4,1760555221223
1760555259423,10,601.358,733.088,mc,4,1760555221223
1760555259423,11,219.134,448.261,mc,3,1760555221223
1760555259423,12,647.146,351.497,mc,5,1760555221223
1760555259423,13,649.461,367.09,mc,2,1760555221223
1760555259423,14,477.632,502.079,mc,4,1760555221223
1760555259423,15,669.747,564.371,mc,5,1760555221223
1760555259423,16,404.75,482.792,mc,0,1760555221223
1760555259523,2,472.797,337.538,mc,5,1760555221223
1760555259523,3,230.639,220.929,mc,3,1760555221223
1760555259523,4,440.836,398.984,mc,4,1760555221223
1760555259523,5,313.543,303.893,mc,3,1760555221223
1760555259523,6,791.106,431.453,mc,4,1760555221223
1760555259523,7,76.8187,384.625,mc,3,1760555221223
1760555259523,8,437.432,617.759,mc,4,1760555221223
1760555259523,9,330.588,546.017,mc,4,1760555221223
1760555259523,10,601.856,732.939,mc,4,1760555221223
1760555259523,11,219.378,447.887,mc,3,1760555221223
1760555259523,12,646.938,351.169,mc,5,1760555221223
1760555259523,13,649.869,367.306,mc,2,1760555221223
1760555259523,14,478.006,502.24,mc,4,1760555221223
1760555259523,15,669.571,564.643,mc,5,1760555221223
1760555259523,16,404.451,482.294,mc,0,1760555221223
1760555259623,2,473.391,337.204,mc,5,1760555221223
1760555259623,3,230.335,221.021,mc,3,1760555221223
1760555259623,4,440.466,399.369,mc,4,1760555221223
1760555259623,5,313.119,304.074,mc,3,1760555221223
1760555259623,6,791.223,431.77,mc,4,1760555221223
1760555259623,7,77.0416,385.158,mc,3,1760555221223
1760555259623,8,437.635,617.515,mc,4,1760555221223
1760555259623,9,330.728,546.425,mc,4,1760555221223
1760555259623,10,602.354,732.79,mc,4,1760555221223
1760555259623,11,219.622,447.512,mc,3,1760555221223
1760555259623,12,646.73,350.842,mc,5,1760555221223
1760555259623,13,650.278,367.522,mc,2,1760555221223
1760555259623,14,478.381,502.401,mc,4,1760555221223
1760555259623,15,669.394,564.914,mc,5,1760555221223
1760555259623,16,404.152,481.796,mc,0,1760555221223
1760555259723,2,473.986,336.871,mc,5,1760555221223
1760555259723,3,230.031,221.113,mc,3,1760555221223
1760555259723,4,440.097,399.754,mc,4,1760555221223
1760555259723,5,312.696,304.255,mc,3,1760555221223
1760555259723,6,791.34,432.086,mc,4,1760555221223
1760555259723,7,77.2645,385.691,mc,3,1760555221223
1760555259723,8,437.839,617.27,mc,4,1760555221223
1760555259723,9,330.869,546.834,mc,4,1760555221223
1760555259723,10,602.852,732.641,mc,4,1760555221223
1760555259723,11,219.866,447.138,mc,3,1760555221223
1760555259723,12,646.521,350.514,mc,5,1760555221223
1760555259723,13,650.686,367.738,mc,2,1760555221223
1760555259723,14,478.755,502.562,mc,4,1760555221223
1760555259723,15,669.218,565.186,mc,5,1760555221223
1760555259723,16,403.854,481.298,mc,0,1760555221223
1760555259823,2,474.581,336.537,mc,5,1760555221223
1760555259823,3,229.727,221.205,mc,3,1760555221223
1760555259823,4,439.727,400.139,mc,4,1760555221223
1760555259823,5,312.273,304.436,mc,3,1760555221223
1760555259823,6,791.458,432.403,mc,4,1760555221223
1760555259823,7,77.4874,386.224,mc,3,1760555221223
1760555259823,8,438.042,617.026,mc,4,1760555221223
1760555259823,9,331.009,547.242,mc,4,1760555221223
1760555259823,10,603.35,732.492,mc,4,1760555221223
1760555259823,11,220.11,446.764,mc,3,1760555221223
1760555259823,12,646.313,350.187,mc,5,1760555221223
1760555259823,13,651.094,367.953,mc,2,1760555221223
1760555259823,14,479.13,502.723,mc,4,1760555221223
1760555259823,15,669.042,565.457,mc,5,1760555221223
1760555259823,16,403.555,480.8,mc,0,1760555221223
1760555259923,2,475.176,336.204,mc,5,1760555221223
1760555259923,3,229.424,221.296,mc,3,1760555221223
1760555259923,4,439.358,400.524,mc,4,1760555221223
1760555259923,5,311.85,304.617,mc,3,1760555221223
1760555259923,6,791.575,432.72,mc,4,1760555221223
1760555259923,7,77.7104,386.757,mc,3,1760555221223
1760555259923,8,438.246,616.781,mc,4,1760555221223
1760555259923,9,330.961,547.494,mc,4,1760555221223
1760555259923,10,603.848,732.343,mc,4,1760555221223
1760555259923,11,220.354,446.39,mc,3,1760555221223
1760555259923,12,646.104,349.859,mc,5,1760555221223
1760555259923,13,651.502,368.169,mc,2,1760555221223
1760555259923,14,479.504,502.884,mc,4,1760555221223
1760555259923,15,668.866,565.729,mc,5,1760555221223
1760555259923,16,403.256,480.302,mc,0,1760555221223
1760555260023,2,475.771,335.87,mc,5,1760555221223
1760555260023,3,229.12,221.388,mc,3,1760555221223
1760555260023,4,438.989,400.909,mc,4,1760555221223
1760555260023,5,311.864,304.906,mc,3,1760555221223
1760555260023,6,791.693,433.037,mc,4,1760555221223
1760555260023,7,77.9333,387.29,mc,3,1760555221223
1760555260023,8,438.45,616.537,mc,4,1760555221223
1760555260023,9,330.65,547.528,mc,4,1760555221223
1760555260023,10,604.346,732.194,mc,4,1760555221223
1760555260023,11,220.598,446.016,mc,3,1760555221223
1760555260023,12,645.896,349.532,mc,5,1760555221223
1760555260023,13,651.91,368.385,mc,2,1760555221223
1760555260023,14,479.879,503.045,mc,4,1760555221223
1760555260023,15,668.689,566,mc,5,1760555221223
1760555260023,16,402.957,479.804,mc,0,1760555221223
1760555260123,2,476.366,335.537,mc,5,1760555221223
1760555260123,3,228.816,221.48,mc,3,1760555221223
1760555260123,4,438.619,401.294,mc,4,1760555221223
1760555260123,5,312.211,305.277,mc,3,1760555221223
1760555260123,6,791.81,433.353,mc,4,1760555221223
1760555260123,7,78.1562,387.823,mc,3,1760555221223
1760555260123,8,438.653,616.292,mc,4,1760555221223
1760555260123,9,330.34,547.562,mc,4,1760555221223
1760555260123,10,604.844,732.045,mc,4,1760555221223
1760555260123,11,220.842,445.642,mc,3,1760555221223
1760555260123,12,645.688,349.204,mc,5,1760555221223
1760555260123,13,652.319,368.601,mc,2,1760555221223
1760555260123,14,480.253,503.206,mc,4,1760555221223
1760555260123,15,668.513,566.272,mc,5,1760555221223
1760555260123,16,402.658,479.305,mc,0,1760555221223
1760555260223,2,476.961,335.203,mc,5,1760555221223
1760555260223,3,228.512,221.571,mc,3,1760555221223
1760555260223,4,438.25,401.679,mc,4,1760555221223
1760555260223,5,312.558,305.649,mc,3,1760555221223
1760555260223,6,791.927,433.67,mc,4,1760555221223
1760555260223,7,78.3791,388.356,mc,3,1760555221223
1760555260223,8,438.857,616.048,mc,4,1760555221223
1760555260223,9,330.029,547.596,mc,4,1760555221223
1760555260223,10,605.341,731.896,mc,4,1760555221223
1760555260223,11,221.086,445.268,mc,3,1760555221223
1760555260223,12,645.479,348.877,mc,5,1760555221223
1760555260223,13,652.727,368.816,mc,2,1760555221223
1760555260223,14,480.628,503.367,mc,4,1760555221223
1760555260223,15,668.337,566.543,mc,5,1760555221223
1760555260223,16,402.36,478.807,mc,0,1760555221223
1760555260323,2,477.556,334.87,mc,5,1760555221223
1760555260323,3,228.208,221.663,mc,3,1760555221223
1760555260323,4,437.88,402.064,mc,4,1760555221223
1760555260323,5,312.905,306.02,mc,3,1760555221223
1760555260323,6,792.045,433.987,mc,4,1760555221223
1760555260323,7,78.6021,388.889,mc,3,1760555221223
1760555260323,8,439.06,615.803,mc,4,1760555221223
1760555260323,9,329.718,547.63,mc,4,1760555221223
1760555260323,10,605.839,731.747,mc,4,1760555221223
1760555260323,11,221.33,444.894,mc,3,1760555221223
1760555260323,12,645.271,348.549,mc,5,1760555221223
1760555260323,13,653.135,369.032,mc,2,1760555221223
1760555260323,14,481.003,503.528,mc,4,1760555221223
1760555260323,15,668.161,566.814,mc,5,1760555221223
1760555260323,16,402.061,478.309,mc,0,1760555221223
1760555260423,2,478.151,334.536,mc,5,1760555221223
1760555260423,3,227.904,221.755,mc,3,1760555221223
1760555260423,4,437.511,402.449,mc,4,1760555221223
1760555260423,5,313.252,306.391,mc,3,1760555221223
1760555260423,6,792.162,434.303,mc,4,1760555221223
1760555260423,7,78.825,389.422,mc,3,1760555221223
1760555260423,8,439.264,615.559,mc,4,1760555221223
1760555260423,9,329.407,547.664,mc,4,1760555221223
1760555260423,10,606.337,731.598,mc,4,1760555221223
1760555260423,11,221.574,444.52,mc,3,1760555221223
1760555260423,12,645.063,348.222,mc,5,1760555221223
1760555260423,13,653.543,369.248,mc,2,1760555221223
1760555260423,14,481.377,503.689,mc,4,1760555221223
1760555260423,15,667.985,567.086,mc,5,1760555221223
1760555260423,16,401.762,477.811,mc,0,1760555221223
1760555260523,2,478.745,334.203,mc,5,1760555221223
1760555260523,3,227.601,221.847,mc,3,1760555221223
1760555260523,4,437.141,402.834,mc,4,1760555221223
1760555260523,5,313.599,306.763,mc,3,1760555221223
1760555260523,6,792.279,434.62,mc,4,1760555221223
1760555260523,7,79.0479,389.955,mc,3,1760555221223
1760555260523,8,439.467,615.314,mc,4,1760555221223
1760555260523,9,329.096,547.698,mc,4,1760555221223
1760555260523,10,606.835,731.449,mc,4,1760555221223
1760555260523,11,221.818,444.146,mc,3,1760555221223
1760555260523,12,644.854,347.894,mc,5,1760555221223
1760555260523,13,653.952,369.464,mc,2,1760555221223
1760555260523,14,481.752,503.85,mc,4,1760555221223
1760555260523,15,667.867,567.463,mc,5,1760555221223
1760555260523,16,401.463,477.313,mc,0,1760555221223
1760555260623,2,479.34,333.869,mc,5,1760555221223
1760555260623,3,227.297,221.938,mc,3,1760555221223
1760555260623,4,436.772,403.219,mc,4,1760555221223
1760555260623,5,313.946,307.134,mc,3,1760555221223
1760555260623,6,792.397,434.937,mc,4,1760555221223
1760555260623,7,79.2708,390.488,mc,3,1760555221223
1760555260623,8,439.671,615.07,mc,4,1760555221223
1760555260623,9,328.785,547.732,mc,4,1760555221223
1760555260623,10,607.333,731.3,mc,4,1760555221223
1760555260623,11,222.062,443.772,mc,3,1760555221223
1760555260623,12,644.646,347.567,mc,5,1760555221223
1760555260623,13,654.36,369.68,mc,2,1760555221223
1760555260623,14,482.126,504.01,mc,4,1760555221223
1760555260623,15,667.899,568.109,mc,5,1760555221223
1760555260623,16,401.164,476.815,mc,0,1760555221223
1760555260723,2,479.935,333.536,mc,5,1760555221223
1760555260723,3,226.993,222.03,mc,3,1760555221223
1760555260723,4,436.403,403.604,mc,4,1760555221223
1760555260723,5,314.293,307.506,mc,3,1760555221223
1760555260723,6,792.514,435.253,mc,4,1760555221223
1760555260723,7,79.4938,391.021,mc,3,1760555221223
1760555260723,8,439.874,614.825,mc,4,1760555221223
1760555260723,9,328.474,547.766,mc,4,1760555221223
1760555260723,10,607.828,731.093,mc,4,1760555221223
1760555260723,11,222.306,443.398,mc,3,1760555221223
1760555260723,12,644.437,347.239,mc,5,1760555221223
1760555260723,13,654.768,369.895,mc,2,1760555221223
1760555260723,14,482.501,504.171,mc,4,1760555221223
1760555260723,15,667.931,568.755,mc,5,1760555221223
1760555260723,16,400.866,476.317,mc,0,1760555221223
1760555260823,2,480.53,333.202,mc,5,1760555221223
1760555260823,3,226.689,222.122,mc,3,1760555221223
1760555260823,4,436.033,403.989,mc,4,1760555221223
1760555260823,5,314.64,307.877,mc,3,1760555221223
1760555260823,6,792.632,435.57,mc,4,1760555221223
1760555260823,7,79.7167,391.554,mc,3,1760555221223
1760555260823,8,440.078,614.58,mc,4,1760555221223
1760555260823,9,328.163,547.8,mc,4,1760555221223
1760555260823,10,608.318,730.819,mc,4,1760555221223
1760555260823,11,222.55,443.024,mc,3,1760555221223
1760555260823,12,644.229,346.912,mc,5,1760555221223
1760555260823,13,655.176,370.111,mc,2,1760555221223
1760555260823,14,482.875,504.332,mc,4,1760555221223
1760555260823,15,667.964,569.402,mc,5,1760555221223
1760555260823,16,400.567,475.818,mc,0,1760555221223
1760555260923,2,481.125,332.869,mc,5,1760555221223
1760555260923,3,226.385,222.214,mc,3,1760555221223
1760555260923,4,435.664,404.374,mc,4,1760555221223
1760555260923,5,314.987,308.248,mc,3,1760555221223
1760555260923,6,792.749,435.887,mc,4,1760555221223
1760555260923,7,79.9396,392.088,mc,3,1760555221223
1760555260923,8,440.282,614.336,mc,4,1760555221223
1760555260923,9,327.852,547.834,mc,4,1760555221223
1760555260923,10,608.808,730.545,mc,4,1760555221223
1760555260923,11,222.794,442.65,mc,3,1760555221223
1760555260923,12,644.021,346.584,mc,5,1760555221223
1760555260923,13,655.584,370.327,mc,2,1760555221223
1760555260923,14,483.25,504.493,mc,4,1760555221223
1760555260923,15,667.996,570.048,mc,5,1760555221223
1760555260923,16,400.268,475.32,mc,0,1760555221223
1760555261023,2,481.72,332.535,mc,5,1760555221223
1760555261023,3,226.081,222.305,mc,3,1760555221223
1760555261023,4,435.677,403.954,mc,4,1760555221223
1760555261023,5,315.334,308.62,mc,3,1760555221223
1760555261023,6,792.866,436.204,mc,4,1760555221223
1760555261023,7,80.1625,392.621,mc,3,1760555221223
1760555261023,8,440.485,614.091,mc,4,1760555221223
1760555261023,9,327.541,547.868,mc,4,1760555221223
1760555261023,10,609.298,730.272,mc,4,1760555221223
1760555261023,11,223.038,442.276,mc,3,1760555221223
1760555261023,12,643.812,346.257,mc,5,1760555221223
1760555261023,13,655.993,370.543,mc,2,1760555221223
1760555261023,14,483.624,504.654,mc,4,1760555221223
1760555261023,15,668.028,570.694,mc,5,1760555221223
1760555261023,16,399.969,474.822,mc,0,1760555221223
1760555261123,2,482.315,332.202,mc,5,1760555221223
1760555261123,3,225.778,222.397,mc,3,1760555221223
1760555261123,4,435.729,403.453,mc,4,1760555221223
1760555261123,5,315.681,308.991,mc,3,1760555221223
1760555261123,6,792.984,436.52,mc,4,1760555221223
1760555261123,7,80.3855,393.154,mc,3,1760555221223
1760555261123,8,440.689,613.847,mc,4,1760555221223
1760555261123,9,327.23,547.902,mc,4,1760555221223
1760555261123,10,609.788,729.998,mc,4,1760555221223
1760555261123,11,223.282,441.902,mc,3,1760555221223
1760555261123,12,643.604,345.93,mc,5,1760555221223
1760555261123,13,656.401,370.758,mc,2,1760555221223
1760555261123,14,483.999,504.815,mc,4,1760555221223
1760555261123,15,668.06,571.341,mc,5,1760555221223
1760555261123,16,399.671,474.324,mc,0,1760555221223
1760555261223,2,482.91,331.868,mc,5,1760555221223
1760555261223,3,225.474,222.489,mc,3,1760555221223
1760555261223,4,435.782,402.952,mc,4,1760555221223
1760555261223,5,316.028,309.362,mc,3,1760555221223
1760555261223,6,793.101,436.837,mc,4,1760555221223
1760555261223,7,80.6084,393.687,mc,3,1760555221223
1760555261223,8,440.892,613.602,mc,4,1760555221223
1760555261223,9,326.92,547.936,mc,4,1760555221223
1760555261223,10,610.279,729.724,mc,4,1760555221223
1760555261223,11,223.526,441.528,mc,3,1760555221223
1760555261223,12,643.396,345.602,mc,5,1760555221223
1760555261223,13,656.809,370.974,mc,2,1760555221223
1760555261223,14,484.373,504.976,mc,4,1760555221223
1760555261223,15,668.092,571.987,mc,5,1760555221223
1760555261223,16,399.372,473.826,mc,0,1760555221223
1760555261323,2,483.504,331.535,mc,5,1760555221223
1760555261323,3,225.17,222.581,mc,3,1760555221223
1760555261323,4,435.834,402.451,mc,4,1760555221223
1760555261323,5,316.375,309.734,mc,3,1760555221223
1760555261323,6,793.219,437.154,mc,4,1760555221223
1760555261323,7,80.8313,394.22,mc,3,1760555221223
1760555261323,8,441.096,613.358,mc,4,1760555221223
1760555261323,9,326.609,547.97,mc,4,1760555221223
1760555261323,10,610.769,729.45,mc,4,1760555221223
1760555261323,11,223.77,441.154,mc,3,1760555221223
1760555261323,12,643.187,345.275,mc,5,1760555221223
1760555261323,13,657.217,371.19,mc,2,1760555221223
1760555261323,14,484.748,505.137,mc,4,1760555221223
1760555261323,15,668.125,572.633,mc,5,1760555221223
1760555261323,16,399.073,473.328,mc,0,1760555221223
1760555261423,2,484.099,331.201,mc,5,1760555221223
1760555261423,3,224.866,222.672,mc,3,1760555221223
1760555261423,4,435.886,401.95,mc,4,1760555221223
1760555261423,5,316.722,310.105,mc,3,1760555221223
1760555261423,6,793.336,437.47,mc,4,1760555221223
1760555261423,7,81.0542,394.753,mc,3,1760555221223
1760555261423,8,441.299,613.113,mc,4,1760555221223
1760555261423,9,326.298,548.004,mc,4,1760555221223
1760555261423,10,611.259,729.177,mc,4,1760555221223
1760555261423,11,224.015,440.78,mc,3,1760555221223
1760555261423,12,642.979,344.947,mc,5,1760555221223
1760555261423,13,657.626,371.406,mc,2,1760555221223
1760555261423,14,485.123,505.298,mc,4,1760555221223
1760555261423,15,668.157,573.28,mc,5,1760555221223
1760555261423,16,398.774,472.83,mc,0,1760555221223
1760555261523,2,484.694,330.868,mc,5,1760555221223
1760555261523,3,224.562,222.764,mc,3,1760555221223
1760555261523,4,435.938,401.449,mc,4,1760555221223
1760555261523,5,317.069,310.476,mc,3,1760555221223
1760555261523,6,793.453,437.787,mc,4,1760555221223
1760555261523,7,81.2772,395.286,mc,3,1760555221223
1760555261523,8,441.503,612.869,mc,4,1760555221223
1760555261523,9,325.987,548.038,mc,4,1760555221223
1760555261523,10,611.749,728.903,mc,4,1760555221223
1760555261523,11,224.259,440.406,mc,3,1760555221223
1760555261523,12,642.771,344.62,mc,5,1760555221223
1760555261523,13,658.034,371.622,mc,2,1760555221223
1760555261523,14,485.497,505.459,mc,4,1760555221223
1760555261523,15,668.189,573.926,mc,5,1760555221223
1760555261523,16,398.475,472.332,mc,0,1760555221223
1760555261623,2,485.289,330.534,mc,5,1760555221223
1760555261623,3,224.258,222.856,mc,3,1760555221223
1760555261623,4,435.99,400.948,mc,4,1760555221223
1760555261623,5,317.416,310.848,mc,3,1760555221223
1760555261623,6,793.571,438.104,mc,4,1760555221223
1760555261623,7,81.5001,395.819,mc,3,1760555221223
1760555261623,8,441.706,612.624,mc,4,1760555221223
1760555261623,9,325.676,548.072,mc,4,1760555221223
1760555261623,10,612.239,728.629,mc,4,1760555221223
1760555261623,11,224.503,440.032,mc,3,1760555221223
1760555261623,12,642.562,344.292,mc,5,1760555221223
1760555261623,13,658.442,371.837,mc,2,1760555221223
1760555261623,14,485.491,505.353,mc,4,1760555221223
1760555261623,15,668.221,574.572,mc,5,1760555221223
1760555261623,16,398.177,471.833,mc,0,1760555221223
1760555261723,2,485.884,330.201,mc,5,1760555221223
1760555261723,3,223.955,222.947,mc,3,1760555221223
1760555261723,4,436.043,400.447,mc,4,1760555221223
1760555261723,5,317.764,311.219,mc,3,1760555221223
1760555261723,6,793.688,438.42,mc,4,1760555221223
1760555261723,7,81.723,396.352,mc,3,1760555221223
1760555261723,8,441.91,612.38,mc,4,1760555221223
1760555261723,9,325.365,548.106,mc,4,1760555221223
1760555261723,10,612.73,728.355,mc,4,1760555221223
1760555261723,11,224.747,439.658,mc,3,1760555221223
1760555261723,12,642.354,343.965,mc,5,1760555221223
1760555261723,13,658.85,372.053,mc,2,1760555221223
1760555261723,14,485.196,505.045,mc,4,1760555221223
1760555261723,15,668.253,575.219,mc,5,1760555221223
1760555261723,16,397.878,471.335,mc,0,1760555221223
1760555261823,2,486.479,329.868,mc,5,1760555221223
1760555261823,3,223.651,223.039,mc,3,1760555221223
1760555261823,4,436.095,399.946,mc,4,1760555221223
1760555261823,5,318.111,311.591,mc,3,1760555221223
1760555261823,6,793.805,438.737,mc,4,1760555221223
1760555261823,7,81.9459,396.885,mc,3,1760555221223
1760555261823,8,442.114,612.135,mc,4,1760555221223
1760555261823,9,325.054,548.14,mc,4,1760555221223
1760555261823,10,613.22,728.082,mc,4,1760555221223
1760555261823,11,224.991,439.284,mc,3,1760555221223
1760555261823,12,642.145,343.637,mc,5,1760555221223
1760555261823,13,659.258,372.269,mc,2,1760555221223
1760555261823,14,484.901,504.738,mc,4,1760555221223
1760555261823,15,668.286,575.865,mc,5,1760555221223
1760555261823,16,397.579,470.837,mc,0,1760555221223
1760555261923,2,487.074,329.534,mc,5,1760555221223
1760555261923,3,223.347,223.131,mc,3,1760555221223
1760555261923,4,436.147,399.445,mc,4,1760555221223
1760555261923,5,318.458,311.962,mc,3,1760555221223
1760555261923,6,793.923,439.054,mc,4,1760555221223
1760555261923,7,82.1689,397.418,mc,3,1760555221223
1760555261923,8,442.317,611.891,mc,4,1760555221223
1760555261923,9,324.743,548.174,mc,4,1760555221223
1760555261923,10,613.71,727.808,mc,4,1760555221223
1760555261923,11,225.235,438.91,mc,3,1760555221223
1760555261923,12,641.937,343.31,mc,5,1760555221223
1760555261923,13,659.667,372.485,mc,2,1760555221223
1760555261923,14,484.606,504.43,mc,4,1760555221223
1760555261923,15,668.318,576.511,mc,5,1760555221223
1760555261923,16,397.28,470.339,mc,0,1760555221223
1760555262023,2,487.669,329.201,mc,5,1760555221223
1760555262023,3,223.043,223.223,mc,3,1760555221223
1760555262023,4,436.199,398.944,mc,4,1760555221223
1760555262023,5,318.805,312.333,mc,3,1760555221223
1760555262023,6,794.04,439.37,mc,4,1760555221223
1760555262023,7,81.9956,397.546,mc,3,1760555221223
1760555262023,8,442.521,611.646,mc,4,1760555221223
1760555262023,9,324.432,548.208,mc,4,1760555221223
1760555262023,10,614.2,727.534,mc,4,1760555221223
1760555262023,11,225.479,438.536,mc,3,1760555221223
1760555262023,12,641.729,342.982,mc,5,1760555221223
1760555262023,13,660.075,372.7,mc,2,1760555221223
1760555262023,14,484.311,504.123,mc,4,1760555221223
1760555262023,15,668.35,577.158,mc,5,1760555221223
1760555262023,16,396.981,469.841,mc,0,1760555221223
1760555262123,2,488.264,328.867,mc,5,1760555221223
1760555262123,3,222.739,223.314,mc,3,1760555221223
1760555262123,4,436.251,398.443,mc,4,1760555221223
1760555262123,5,319.152,312.705,mc,3,1760555221223
1760555262123,6,794.158,439.687,mc,4,1760555221223
1760555262123,7,81.3821,397.223,mc,3,1760555221223
1760555262123,8,442.724,611.401,mc,4,1760555221223
1760555262123,9,324.121,548.242,mc,4,1760555221223
1760555262123,10,614.69,727.261,mc,4,1760555221223
1760555262123,11,225.723,438.162,mc,3,1760555221223
1760555262123,12,641.52,342.655,mc,5,1760555221223
1760555262123,13,660.483,372.916,mc,2,1760555221223
1760555262123,14,484.016,503.815,mc,4,1760555221223
1760555262123,15,668.382,577.804,mc,5,1760555221223
1760555262123,16,396.683,469.343,mc,0,1760555221223
1760555262223,2,488.858,328.534,mc,5,1760555221223
1760555262223,3,222.435,223.406,mc,3,1760555221223
1760555262223,4,436.303,397.942,mc,4,1760555221223
1760555262223,5,319.499,313.076,mc,3,1760555221223
1760555262223,6,794.275,440.004,mc,4,1760555221223
1760555262223,7,80.7686,396.9,mc,3,1760555221223
1760555262223,8,442.928,611.157,mc,4,1760555221223
1760555262223,9,323.81,548.276,mc,4,1760555221223
1760555262223,10,615.18,726.987,mc,4,1760555221223
1760555262223,11,225.967,437.788,mc,3,1760555221223
1760555262223,12,641.312,342.327,mc,5,1760555221223
1760555262223,13,660.891,373.132,mc,2,1760555221223
1760555262223,14,483.721,503.508,mc,4,1760555221223
1760555262223,15,668.414,578.45,mc,5,1760555221223
1760555262223,16,396.384,468.845,mc,0,1760555221223
1760555262323,2,489.453,328.2,mc,5,1760555221223
1760555262323,3,222.132,223.498,mc,3,1760555221223
1760555262323,4,436.356,397.441,mc,4,1760555221223
1760555262323,5,319.846,313.447,mc,3,1760555221223
1760555262323,6,794.392,440.321,mc,4,1760555221223
1760555262323,7,80.1551,396.577,mc,3,1760555221223
1760555262323,8,443.131,610.912,mc,4,1760555221223
1760555262323,9,323.5,548.31,mc,4,1760555221223
1760555262323,10,615.671,726.713,mc,4,1760555221223
1760555262323,11,226.211,437.414,mc,3,1760555221223
1760555262323,12,641.104,342,mc,5,1760555221223
1760555262323,13,661.3,373.348,mc,2,1760555221223
1760555262323,14,483.426,503.2,mc,4,1760555221223
1760555262323,15,668.447,579.097,mc,5,1760555221223
1760555262323,16,396.085,468.346,mc,0,1760555221223
1760555262423,2,490.048,327.867,mc,5,1760555221223
1760555262423,3,221.828,223.59,mc,3,1760555221223
1760555262423,4,436.408,396.94,mc,4,1760555221223
1760555262423,5,320.193,313.819,mc,3,1760555221223
1760555262423,6,794.51,440.637,mc,4,1760555221223
1760555262423,7,79.5416,396.255,mc,3,1760555221223
1760555262423,8,443.335,610.668,mc,4,1760555221223
1760555262423,9,323.189,548.344,mc,4,1760555221223
1760555262423,10,616.161,726.439,mc,4,1760555221223
1760555262423,11,226.455,437.04,mc,3,1760555221223
1760555262423,12,640.895,341.672,mc,5,1760555221223
1760555262423,13,661.708,373.564,mc,2,1760555221223
1760555262423,14,483.131,502.893,mc,4,1760555221223
1760555262423,15,668.479,579.743,mc,5,1760555221223
1760555262423,16,395.786,467.848,mc,0,1760555221223
1760555262523,2,490.643,327.533,mc,5,1760555221223
1760555262523,3,221.524,223.681,mc,3,1760555221223
1760555262523,4,436.46,396.439,mc,4,1760555221223
1760555262523,5,320.54,314.19,mc,3,1760555221223
1760555262523,6,794.627,440.954,mc,4,1760555221223
1760555262523,7,78.9281,395.932,mc,3,1760555221223
1760555262523,8,443.539,610.423,mc,4,1760555221223
1760555262523,9,322.878,548.378,mc,4,1760555221223
1760555262523,10,616.651,726.166,mc,4,1760555221223
1760555262523,11,226.699,436.666,mc,3,1760555221223
1760555262523,12,640.687,341.345,mc,5,1760555221223
1760555262523,13,662.116,373.779,mc,2,1760555221223
1760555262523,14,482.836,502.585,mc,4,1760555221223
1760555262523,15,668.511,580.389,mc,5,1760555221223
1760555262523,16,395.487,467.35,mc,0,1760555221223
1760555262623,2,491.238,327.2,mc,5,1760555221223
1760555262623,3,221.22,223.773,mc,3,1760555221223
1760555262623,4,436.512,395.938,mc,4,1760555221223
1760555262623,5,320.887,314.561,mc,3,1760555221223
1760555262623,6,794.868,441.226,mc,4,1760555221223
1760555262623,7,78.3146,395.609,mc,3,1760555221223
1760555262623,8,443.742,610.179,mc,4,1760555221223
1760555262623,9,322.567,548.412,mc,4,1760555221223
1760555262623,10,617.141,725.892,mc,4,1760555221223
1760555262623,11,226.943,436.292,mc,3,1760555221223
1760555262623,12,640.478,341.017,mc,5,1760555221223
1760555262623,13,662.524,373.995,mc,2,1760555221223
1760555262623,14,482.541,502.277,mc,4,1760555221223
1760555262623,15,668.543,581.036,mc,5,1760555221223
1760555262623,16,395.189,466.852,mc,0,1760555221223
1760555262723,2,491.833,326.866,mc,5,1760555221223
1760555262723,3,220.916,223.865,mc,3,1760555221223
1760555262723,4,436.564,395.437,mc,4,1760555221223
1760555262723,5,321.234,314.933,mc,3,1760555221223
1760555262723,6,795.12,441.494,mc,4,1760555221223
1760555262723,7,77.7012,395.286,mc,3,1760555221223
1760555262723,8,443.946,609.934,mc,4,1760555221223
1760555262723,9,322.256,548.446,mc,4,1760555221223
1760555262723,10,617.631,725.618,mc,4,1760555221223
1760555262723,11,227.187,435.918,mc,3,1760555221223
1760555262723,12,640.27,340.69,mc,5,1760555221223
1760555262723,13,662.932,374.211,mc,2,1760555221223
1760555262723,14,482.247,501.97,mc,4,1760555221223
1760555262723,15,668.575,581.682,mc,5,1760555221223
1760555262723,16,394.89,466.354,mc,0,1760555221223
1760555262823,2,492.428,326.533,mc,5,1760555221223
1760555262823,3,220.612,223.957,mc,3,1760555221223
1760555262823,4,436.617,394.936,mc,4,1760555221223
1760555262823,5,321.581,315.304,mc,3,1760555221223
1760555262823,6,795.373,441.762,mc,4,1760555221223
1760555262823,7,77.0877,394.964,mc,3,1760555221223
1760555262823,8,444.08,609.471,mc,4,1760555221223
1760555262823,9,321.945,548.479,mc,4,1760555221223
1760555262823,10,618.122,725.345,mc,4,1760555221223
1760555262823,11,227.431,435.544,mc,3,1760555221223
1760555262823,12,640.062,340.362,mc,5,1760555221223
1760555262823,13,663.341,374.427,mc,2,1760555221223
1760555262823,14,481.952,501.662,mc,4,1760555221223
1760555262823,15,668.608,582.329,mc,5,1760555221223
1760555262823,16,394.591,465.856,mc,0,1760555221223
1760555262923,2,493.023,326.199,mc,5,1760555221223
1760555262923,3,220.309,224.048,mc,3,1760555221223
1760555262923,4,436.669,394.435,mc,4,1760555221223
1760555262923,5,321.928,315.675,mc,3,1760555221223
1760555262923,6,795.625,442.03,mc,4,1760555221223
1760555262923,7,76.4742,394.641,mc,3,1760555221223
1760555262923,8,444.2,608.96,mc,4,1760555221223
1760555262923,9,321.634,548.513,mc,4,1760555221223
1760555262923,10,618.612,725.071,mc,4,1760555221223
1760555262923,11,227.675,435.17,mc,3,1760555221223
1760555262923,12,639.853,340.035,mc,5,1760555221223
1760555262923,13,663.749,374.643,mc,2,1760555221223
1760555262923,14,481.657,501.355,mc,4,1760555221223
1760555262923,15,668.64,582.975,mc,5,1760555221223
1760555262923,16,394.292,465.358,mc,0,1760555221223
1760555263023,2,493.617,325.866,mc,5,1760555221223
1760555263023,3,220.005,224.14,mc,3,1760555221223
1760555263023,4,436.721,393.934,mc,4,1760555221223
1760555263023,5,322.275,316.047,mc,3,1760555221223
1760555263023,6,795.878,442.298,mc,4,1760555221223
1760555263023,7,75.8607,394.318,mc,3,1760555221223
1760555263023,8,444.319,608.45,mc,4,1760555221223
1760555263023,9,321.323,548.547,mc,4,1760555221223
1760555263023,10,619.102,724.797,mc,4,1760555221223
1760555263023,11,227.919,434.796,mc,3,1760555221223
1760555263023,12,639.645,339.708,mc,5,1760555221223
1760555263023,13,664.157,374.858,mc,2,1760555221223
1760555263023,14,481.362,501.047,mc,4,1760555221223
1760555263023,15,668.672,583.621,mc,5,1760555221223
1760555263023,16,393.993,464.86,mc,0,1760555221223
1760555263123,2,494.212,325.532,mc,5,1760555221223
1760555263123,3,219.701,224.232,mc,3,1760555221223
1760555263123,4,436.773,393.433,mc,4,1760555221223
1760555263123,5,322.622,316.418,mc,3,1760555221223
1760555263123,6,796.13,442.566,mc,4,1760555221223
1760555263123,7,75.2472,393.996,mc,3,1760555221223
1760555263123,8,444.439,607.939,mc,4,1760555221223
1760555263123,9,321.012,548.581,mc,4,1760555221223
1760555263123,10,619.592,724.523,mc,4,1760555221223
1760555263123,11,228.163,434.422,mc,3,1760555221223
1760555263123,12,639.437,339.38,mc,5,1760555221223
1760555263123,13,664.03,375.024,mc,2,1760555221223
1760555263123,14,481.067,500.74,mc,4,1760555221223
1760555263123,15,668.704,584.268,mc,5,1760555221223
1760555263123,16,393.695,464.361,mc,0,1760555221223
1760555263223,2,494.807,325.199,mc,5,1760555221223
1760555263223,3,219.397,224.323,mc,3,1760555221223
1760555263223,4,436.825,392.932,mc,4,1760555221223
1760555263223,5,322.969,316.79,mc,3,1760555221223
1760555263223,6,796.382,442.834,mc,4,1760555221223
1760555263223,7,74.6337,393.673,mc,3,1760555221223
1760555263223,8,444.559,607.428,mc,4,1760555221223
1760555263223,9,320.701,548.615,mc,4,1760555221223
1760555263223,10,620.082,724.25,mc,4,1760555221223
1760555263223,11,228.14,434.601,mc,3,1760555221223
1760555263223,12,639.228,339.053,mc,5,1760555221223
1760555263223,13,663.446,375.147,mc,2,1760555221223
1760555263223,14,480.772,500.432,mc,4,1760555221223
1760555263223,15,668.736,584.914,mc,5,1760555221223
1760555263223,16,393.396,463.863,mc,0,1760555221223
1760555263323,2,495.402,324.865,mc,5,1760555221223
1760555263323,3,219.093,224.415,mc,3,1760555221223
1760555263323,4,436.877,392.431,mc,4,1760555221223
1760555263323,5,323.316,317.161,mc,3,1760555221223
1760555263323,6,796.635,443.101,mc,4,1760555221223
1760555263323,7,74.0202,393.35,mc,3,1760555221223
1760555263323,8,444.678,606.918,mc,4,1760555221223
1760555263323,9,320.39,548.649,mc,4,1760555221223
1760555263323,10,620.573,723.976,mc,4,1760555221223
1760555263323,11,227.988,435.045,mc,3,1760555221223
1760555263323,12,639.02,338.725,mc,5,1760555221223
1760555263323,13,662.861,375.27,mc,2,1760555221223
1760555263323,14,480.477,500.125,mc,4,1760555221223
1760555263323,15,668.769,585.56,mc,5,1760555221223
1760555263323,16,393.086,463.39,mc,0,1760555221223
1760555263423,2,495.997,324.532,mc,5,1760555221223
1760555263423,3,218.789,224.507,mc,3,1760555221223
1760555263423,4,436.93,391.93,mc,4,1760555221223
1760555263423,5,323.663,317.532,mc,3,1760555221223
1760555263423,6,796.887,443.369,mc,4,1760555221223
1760555263423,7,73.4068,393.027,mc,3,1760555221223
1760555263423,8,444.798,606.407,mc,4,1760555221223
1760555263423,9,320.08,548.683,mc,4,1760555221223
1760555263423,10,621.063,723.702,mc,4,1760555221223
1760555263423,11,227.836,435.488,mc,3,1760555221223
1760555263423,12,638.811,338.398,mc,5,1760555221223
1760555263423,13,662.276,375.394,mc,2,1760555221223
1760555263423,14,480.182,499.817,mc,4,1760555221223
1760555263423,15,668.801,586.207,mc,5,1760555221223
1760555263423,16,392.605,463.307,mc,0,1760555221223
1760555263523,2,496.592,324.198,mc,5,1760555221223
1760555263523,3,218.486,224.599,mc,3,1760555221223
1760555263523,4,436.982,391.429,mc,4,1760555221223
1760555263523,5,324.01,317.904,mc,3,1760555221223
1760555263523,6,797.14,443.637,mc,4,1760555221223
1760555263523,7,72.7933,392.705,mc,3,1760555221223
1760555263523,8,444.918,605.896,mc,4,1760555221223
1760555263523,9,319.769,548.717,mc,4,1760555221223
1760555263523,10,621.553,723.428,mc,4,1760555221223
1760555263523,11,227.685,435.932,mc,3,1760555221223
1760555263523,12,638.603,338.07,mc,5,1760555221223
1760555263523,13,661.692,375.517,mc,2,1760555221223
1760555263523,14,479.887,499.51,mc,4,1760555221223
1760555263523,15,668.833,586.853,mc,5,1760555221223
1760555263523,16,392.124,463.223,mc,0,1760555221223
1760555263623,2,497.187,323.865,mc,5,1760555221223
1760555263623,3,218.182,224.69,mc,3,1760555221223
1760555263623,4,437.034,390.928,mc,4,1760555221223
1760555263623,5,324.357,318.275,mc,3,1760555221223
1760555263623,6,797.392,443.905,mc,4,1760555221223
1760555263623,7,72.1798,392.382,mc,3,1760555221223
1760555263623,8,445.037,605.386,mc,4,1760555221223
1760555263623,9,319.458,548.751,mc,4,1760555221223
1760555263623,10,622.043,723.155,mc,4,1760555221223
1760555263623,11,227.533,436.375,mc,3,1760555221223
1760555263623,12,638.395,337.743,mc,5,1760555221223
1760555263623,13,661.107,375.64,mc,2,1760555221223
1760555263623,14,479.592,499.202,mc,4,1760555221223
1760555263623,15,668.865,587.499,mc,5,1760555221223
1760555263623,16,391.643,463.139,mc,0,1760555221223
1760555263723,2,497.782,323.531,mc,5,1760555221223
1760555263723,3,217.878,224.782,mc,3,1760555221223
1760555263723,4,437.086,390.427,mc,4,1760555221223
1760555263723,5,324.705,318.646,mc,3,1760555221223
1760555263723,6,797.645,444.173,mc,4,1760555221223
1760555263723,7,71.5663,392.059,mc,3,1760555221223
1760555263723,8,445.157,604.875,mc,4,1760555221223
1760555263723,9,319.147,548.785,mc,4,1760555221223
1760555263723,10,622.533,722.881,mc,4,1760555221223
1760555263723,11,227.382,436.819,mc,3,1760555221223
1760555263723,12,638.028,337.983,mc,5,1760555221223
1760555263723,13,660.522,375.763,mc,2,1760555221223
1760555263723,14,479.297,498.894,mc,4,1760555221223
1760555263723,15,668.897,588.146,mc,5,1760555221223
1760555263723,16,391.162,463.056,mc,0,1760555221223
1760555263823,2,498.377,323.198,mc,5,1760555221223
1760555263823,3,217.574,224.874,mc,3,1760555221223
1760555263823,4,437.138,389.926,mc,4,1760555221223
1760555263823,5,325.052,319.018,mc,3,1760555221223
1760555263823,6,797.897,444.441,mc,4,1760555221223
1760555263823,7,70.9528,391.736,mc,3,1760555221223
1760555263823,8,445.276,604.364,mc,4,1760555221223
1760555263823,9,318.836,548.819,mc,4,1760555221223
1760555263823,10,623.024,722.607,mc,4,1760555221223
1760555263823,11,227.23,437.262,mc,3,1760555221223
1760555263823,12,637.591,338.471,mc,5,1760555221223
1760555263823,13,659.937,375.886,mc,2,1760555221223
1760555263823,14,479.003,498.587,mc,4,1760555221223
1760555263823,15,668.93,588.792,mc,5,1760555221223
1760555263823,16,390.681,462.972,mc,0,1760555221223
1760555263923,2,498.967,322.926,mc,5,1760555221223
1760555263923,3,217.27,224.966,mc,3,1760555221223
1760555263923,4,437.19,389.425,mc,4,1760555221223
1760555263923,5,325.399,319.389,mc,3,1760555221223
1760555263923,6,798.15,444.709,mc,4,1760555221223
1760555263923,7,70.3393,391.414,mc,3,1760555221223
1760555263923,8,445.396,603.854,mc,4,1760555221223
1760555263923,9,318.525,548.853,mc,4,1760555221223
1760555263923,10,623.514,722.334,mc,4,1760555221223
1760555263923,11,227.079,437.706,mc,3,1760555221223
1760555263923,12,637.155,338.958,mc,5,1760555221223
1760555263923,13,659.353,376.009,mc,2,1760555221223
1760555263923,14,478.708,498.279,mc,4,1760555221223
1760555263923,15,668.962,589.438,mc,5,1760555221223
1760555263923,16,390.201,462.888,mc,0,1760555221223
1760555264023,2,499.514,323.334,mc,5,1760555221223
1760555264023,3,216.966,225.057,mc,3,1760555221223
1760555264023,4,437.243,388.924,mc,4,1760555221223
1760555264023,5,325.746,319.76,mc,3,1760555221223
1760555264023,6,798.402,444.977,mc,4,1760555221223
1760555264023,7,69.7259,391.091,mc,3,1760555221223
1760555264023,8,445.516,603.343,mc,4,1760555221223
1760555264023,9,318.214,548.887,mc,4,1760555221223
1760555264023,10,624.004,722.06,mc,4,1760555221223
1760555264023,11,226.927,438.149,mc,3,1760555221223
1760555264023,12,636.718,339.446,mc,5,1760555221223
1760555264023,13,658.768,376.133,mc,2,1760555221223
1760555264023,14,478.413,497.972,mc,4,1760555221223
1760555264023,15,668.994,590.085,mc,5,1760555221223
1760555264023,16,389.72,462.805,mc,0,1760555221223
1760555264123,2,500.061,323.741,mc,5,1760555221223
1760555264123,3,216.663,225.149,mc,3,1760555221223
1760555264123,4,437.295,388.423,mc,4,1760555221223
1760555264123,5,326.093,320.132,mc,3,1760555221223
1760555264123,6,798.654,445.245,mc,4,1760555221223
1760555264123,7,69.1124,390.768,mc,3,1760555221223
1760555264123,8,445.635,602.832,mc,4,1760555221223
1760555264123,9,317.903,548.921,mc,4,1760555221223
1760555264123,10,624.494,721.786,mc,4,1760555221223
1760555264123,11,226.775,438.593,mc,3,1760555221223
1760555264123,12,636.282,339.934,mc,5,1760555221223
1760555264123,13,658.183,376.256,mc,2,1760555221223
1760555264123,14,478.118,497.664,mc,4,1760555221223
1760555264123,15,669.026,590.731,mc,5,1760555221223
1760555264123,16,389.239,462.721,mc,0,1760555221223
1760555264223,2,500.607,324.148,mc,5,1760555221223
1760555264223,3,216.359,225.241,mc,3,1760555221223
1760555264223,4,437.347,387.922,mc,4,1760555221223
1760555264223,5,326.44,320.503,mc,3,1760555221223
1760555264223,6,798.907,445.513,mc,4,1760555221223
1760555264223,7,68.4989,390.445,mc,3,1760555221223
1760555264223,8,445.755,602.322,mc,4,1760555221223
1760555264223,9,317.592,548.955,mc,4,1760555221223
1760555264223,10,624.984,721.512,mc,4,1760555221223
1760555264223,11,226.624,439.036,mc,3,1760555221223
1760555264223,12,635.845,340.422,mc,5,1760555221223
1760555264223,13,657.599,376.379,mc,2,1760555221223
1760555264223,14,477.823,497.357,mc,4,1760555221223
1760555264223,15,669.058,591.377,mc,5,1760555221223
1760555264223,16,388.758,462.637,mc,0,1760555221223
1760555264323,2,501.154,324.556,mc,5,1760555221223
1760555264323,3,216.055,225.333,mc,3,1760555221223
1760555264323,4,437.399,387.421,mc,4,1760555221223
1760555264323,5,326.787,320.874,mc,3,1760555221223
1760555264323,6,799.159,445.781,mc,4,1760555221223
1760555264323,7,67.8854,390.123,mc,3,1760555221223
1760555264323,8,445.875,601.811,mc,4,1760555221223
1760555264323,9,317.281,548.989,mc,4,1760555221223
1760555264323,10,625.475,721.239,mc,4,1760555221223
1760555264323,11,226.472,439.48,mc,3,1760555221223
1760555264323,12,635.409,340.909,mc,5,1760555221223
1760555264323,13,657.014,376.502,mc,2,1760555221223
1760555264323,14,477.528,497.049,mc,4,1760555221223
1760555264323,15,669.091,592.024,mc,5,1760555221223
1760555264323,16,388.277,462.554,mc,0,1760555221223
1760555264423,2,501.701,324.963,mc,5,1760555221223
1760555264423,3,215.751,225.424,mc,3,1760555221223
1760555264423,4,437.451,386.92,mc,4,1760555221223
1760555264423,5,327.134,321.246,mc,3,1760555221223
1760555264423,6,799.412,446.048,mc,4,1760555221223
1760555264423,7,67.2719,389.8,mc,3,1760555221223
1760555264423,8,445.994,601.3,mc,4,1760555221223
1760555264423,9,316.971,549.023,mc,4,1760555221223
1760555264423,10,625.965,720.965,mc,4,1760555221223
1760555264423,11,226.321,439.924,mc,3,1760555221223
1760555264423,12,634.972,341.397,mc,5,1760555221223
1760555264423,13,656.429,376.625,mc,2,1760555221223
1760555264423,14,477.233,496.742,mc,4,1760555221223
1760555264423,15,669.123,592.67,mc,5,1760555221223
1760555264423,16,387.796,462.47,mc,0,1760555221223
1760555264523,2,502.247,325.371,mc,5,1760555221223
1760555264523,3,215.447,225.516,mc,3,1760555221223
1760555264523,4,437.504,386.419,mc,4,1760555221223
1760555264523,5,327.481,321.617,mc,3,1760555221223
1760555264523,6,799.664,446.316,mc,4,1760555221223
1760555264523,7,66.6584,389.477,mc,3,1760555221223
1760555264523,8,446.114,600.79,mc,4,1760555221223
1760555264523,9,316.66,549.057,mc,4,1760555221223
1760555264523,10,626.455,720.691,mc,4,1760555221223
1760555264523,11,226.169,440.367,mc,3,1760555221223
1760555264523,12,634.536,341.885,mc,5,1760555221223
1760555264523,13,655.845,376.748,mc,2,1760555221223
1760555264523,14,476.938,496.434,mc,4,1760555221223
1760555264523,15,669.155,593.316,mc,5,1760555221223
1760555264523,16,387.315,462.386,mc,0,1760555221223
1760555264623,2,502.794,325.778,mc,5,1760555221223
1760555264623,3,215.143,225.608,mc,3,1760555221223
1760555264623,4,437.556,385.918,mc,4,1760555221223
1760555264623,5,327.828,321.989,mc,3,1760555221223
1760555264623,6,799.917,446.584,mc,4,1760555221223
1760555264623,7,66.0449,389.155,mc,3,1760555221223
1760555264623,8,446.233,600.279,mc,4,1760555221223
1760555264623,9,316.349,549.091,mc,4,1760555221223
1760555264623,10,626.945,720.417,mc,4,1760555221223
1760555264623,11,226.018,440.811,mc,3,1760555221223
1760555264623,12,634.099,342.373,mc,5,1760555221223
1760555264623,13,655.26,376.871,mc,2,1760555221223
1760555264623,14,476.643,496.126,mc,4,1760555221223
1760555264623,15,669.187,593.963,mc,5,1760555221223
1760555264623,16,386.834,462.303,mc,0,1760555221223
1760555264723,2,503.341,326.186,mc,5,1760555221223
1760555264723,3,214.84,225.699,mc,3,1760555221223
1760555264723,4,437.608,385.417,mc,4,1760555221223
1760555264723,5,328.175,322.36,mc,3,1760555221223
1760555264723,6,800.169,446.852,mc,4,1760555221223
1760555264723,7,65.4315,388.832,mc,3,1760555221223
1760555264723,8,446.353,599.768,mc,4,1760555221223
1760555264723,9,316.038,549.125,mc,4,1760555221223
1760555264723,10,627.435,720.144,mc,4,1760555221223
1760555264723,11,225.866,441.254,mc,3,1760555221223
1760555264723,12,633.663,342.86,mc,5,1760555221223
1760555264723,13,654.675,376.995,mc,2,1760555221223
1760555264723,14,476.348,495.819,mc,4,1760555221223
1760555264723,15,669.219,594.609,mc,5,1760555221223
1760555264723,16,386.353,462.219,mc,0,1760555221223
1760555264823,2,503.887,326.593,mc,5,1760555221223
1760555264823,3,214.536,225.791,mc,3,1760555221223
1760555264823,4,437.66,384.916,mc,4,1760555221223
1760555264823,5,328.522,322.731,mc,3,1760555221223
1760555264823,6,800.422,447.12,mc,4,1760555221223
1760555264823,7,64.818,388.509,mc,3,1760555221223
1760555264823,8,446.473,599.258,mc,4,1760555221223
1760555264823,9,315.727,549.159,mc,4,1760555221223
1760555264823,10,627.926,719.87,mc,4,1760555221223
1760555264823,11,225.715,441.698,mc,3,1760555221223
1760555264823,12,633.227,343.348,mc,5,1760555221223
1760555264823,13,654.091,377.118,mc,2,1760555221223
1760555264823,14,476.054,495.511,mc,4,1760555221223
1760555264823,15,669.252,595.255,mc,5,1760555221223
1760555264823,16,385.873,462.135,mc,0,1760555221223
1760555264923,2,504.434,327.001,mc,5,1760555221223
1760555264923,3,214.232,225.883,mc,3,1760555221223
1760555264923,4,437.712,384.415,mc,4,1760555221223
1760555264923,5,328.869,323.103,mc,3,1760555221223
1760555264923,6,800.674,447.388,mc,4,1760555221223
1760555264923,7,64.2045,388.186,mc,3,1760555221223
1760555264923,8,446.592,598.747,mc,4,1760555221223
1760555264923,9,315.416,549.193,mc,4,1760555221223
1760555264923,10,628.416,719.596,mc,4,1760555221223
1760555264923,11,225.563,442.141,mc,3,1760555221223
1760555264923,12,632.79,343.836,mc,5,1760555221223
1760555264923,13,653.506,377.241,mc,2,1760555221223
1760555264923,14,475.759,495.204,mc,4,1760555221223
1760555264923,15,669.284,595.902,mc,5,1760555221223
1760555264923,16,385.392,462.052,mc,0,1760555221223
1760555265023,2,504.981,327.408,mc,5,1760555221223
1760555265023,3,213.928,225.975,mc,3,1760555221223
1760555265023,4,437.764,383.914,mc,4,1760555221223
1760555265023,5,329.216,323.474,mc,3,1760555221223
1760555265023,6,800.926,447.656,mc,4,1760555221223
1760555265023,7,63.591,387.864,mc,3,1760555221223
1760555265023,8,446.712,598.236,mc,4,1760555221223
1760555265023,9,315.105,549.227,mc,4,1760555221223
1760555265023,10,628.906,719.323,mc,4,1760555221223
1760555265023,11,225.411,442.585,mc,3,1760555221223
1760555265023,12,632.354,344.323,mc,5,1760555221223
1760555265023,13,652.921,377.364,mc,2,1760555221223
1760555265023,14,475.464,494.896,mc,4,1760555221223
1760555265023,15,669.316,596.548,mc,5,1760555221223
1760555265023,16,384.911,461.968,mc,0,1760555221223
1760555265123,2,505.527,327.815,mc,5,1760555221223
1760555265123,3,213.624,226.066,mc,3,1760555221223
1760555265123,4,437.817,383.413,mc,4,1760555221223
1760555265123,5,329.563,323.845,mc,3,1760555221223
1760555265123,6,801.179,447.924,mc,4,1760555221223
1760555265123,7,62.9775,387.541,mc,3,1760555221223
1760555265123,8,446.831,597.726,mc,4,1760555221223
1760555265123,9,314.794,549.261,mc,4,1760555221223
1760555265123,10,629.396,719.049,mc,4,1760555221223
1760555265123,11,225.26,443.028,mc,3,1760555221223
1760555265123,12,631.917,344.811,mc,5,1760555221223
1760555265123,13,652.337,377.487,mc,2,1760555221223
1760555265123,14,475.169,494.589,mc,4,1760555221223
1760555265123,15,669.348,597.194,mc,5,1760555221223
1760555265123,16,384.43,461.884,mc,0,1760555221223
1760555265223,2,506.074,328.223,mc,5,1760555221223
1760555265223,3,213.32,226.158,mc,3,1760555221223
1760555265223,4,437.869,382.912,mc,4,1760555221223
1760555265223,5,329.91,324.217,mc,3,1760555221223
1760555265223,6,801.431,448.192,mc,4,1760555221223
1760555265223,7,62.364,387.218,mc,3,1760555221223
1760555265223,8,446.951,597.215,mc,4,1760555221223
1760555265223,9,314.483,549.295,mc,4,1760555221223
1760555265223,10,629.886,718.775,mc,4,1760555221223
1760555265223,11,225.108,443.472,mc,3,1760555221223
1760555265223,12,631.481,345.299,mc,5,1760555221223
1760555265223,13,651.752,377.61,mc,2,1760555221223
1760555265223,14,474.874,494.281,mc,4,1760555221223
1760555265223,15,669.762,596.913,mc,5,1760555221223
1760555265223,16,383.949,461.801,mc,0,1760555221223
1760555265323,2,506.621,328.63,mc,5,1760555221223
1760555265323,3,213.017,226.25,mc,3,1760555221223
1760555265323,4,437.921,382.411,mc,4,1760555221223
1760555265323,5,330.257,324.588,mc,3,1760555221223
1760555265323,6,801.684,448.46,mc,4,1760555221223
1760555265323,7,61.7505,386.895,mc,3,1760555221223
1760555265323,8,447.071,596.704,mc,4,1760555221223
1760555265323,9,314.172,549.329,mc,4,1760555221223
1760555265323,10,630.376,718.501,mc,4,1760555221223
1760555265323,11,224.957,443.915,mc,3,1760555221223
1760555265323,12,631.044,345.787,mc,5,1760555221223
1760555265323,13,651.167,377.733,mc,2,1760555221223
1760555265323,14,474.579,493.974,mc,4,1760555221223
1760555265323,15,670.207,596.554,mc,5,1760555221223
1760555265323,16,383.468,461.717,mc,0,1760555221223
1760555265423,2,507.167,329.038,mc,5,1760555221223
1760555265423,3,212.713,226.342,mc,3,1760555221223
1760555265423,4,437.973,381.91,mc,4,1760555221223
1760555265423,5,330.604,324.959,mc,3,1760555221223
1760555265423,6,801.936,448.728,mc,4,1760555221223
1760555265423,7,61.1371,386.573,mc,3,1760555221223
1760555265423,8,447.19,596.194,mc,4,1760555221223
1760555265423,9,313.861,549.363,mc,4,1760555221223
1760555265423,10,630.867,718.228,mc,4,1760555221223
1760555265423,11,224.805,444.359,mc,3,1760555221223
1760555265423,12,630.608,346.274,mc,5,1760555221223
1760555265423,13,650.583,377.857,mc,2,1760555221223
1760555265423,14,474.284,493.666,mc,4,1760555221223
1760555265423,15,670.653,596.196,mc,5,1760555221223
1760555265423,16,382.987,461.633,mc,0,1760555221223
1760555265523,2,507.714,329.445,mc,5,1760555221223
1760555265523,3,212.409,226.433,mc,3,1760555221223
1760555265523,4,438.025,381.409,mc,4,1760555221223
1760555265523,5,330.951,325.331,mc,3,1760555221223
1760555265523,6,802.189,448.995,mc,4,1760555221223
1760555265523,7,60.5236,386.25,mc,3,1760555221223
1760555265523,8,447.31,595.683,mc,4,1760555221223
1760555265523,9,313.551,549.397,mc,4,1760555221223
1760555265523,10,631.357,717.954,mc,4,1760555221223
1760555265523,11,224.654,444.802,mc,3,1760555221223
1760555265523,12,630.171,346.762,mc,5,1760555221223
1760555265523,13,649.998,377.98,mc,2,1760555221223
1760555265523,14,473.989,493.358,mc,4,1760555221223
1760555265523,15,671.098,595.837,mc,5,1760555221223
1760555265523,16,382.506,461.55,mc,0,1760555221223
1760555265623,2,508.261,329.853,mc,5,1760555221223
1760555265623,3,212.105,226.525,mc,3,1760555221223
1760555265623,4,438.078,380.908,mc,4,1760555221223
1760555265623,5,331.298,325.702,mc,3,1760555221223
1760555265623,6,802.441,449.263,mc,4,1760555221223
1760555265623,7,59.9101,385.927,mc,3,1760555221223
1760555265623,8,447.43,595.172,mc,4,1760555221223
1760555265623,9,313.24,549.431,mc,4,1760555221223
1760555265623,10,631.847,717.68,mc,4,1760555221223
1760555265623,11,224.502,445.246,mc,3,1760555221223
1760555265623,12,629.735,347.25,mc,5,1760555221223
1760555265623,13,649.413,378.103,mc,2,1760555221223
1760555265623,14,473.694,493.051,mc,4,1760555221223
1760555265623,15,671.544,595.479,mc,5,1760555221223
1760555265623,16,382.025,461.466,mc,0,1760555221223
1760555265723,2,508.807,330.26,mc,5,1760555221223
1760555265723,3,211.801,226.617,mc,3,1760555221223
1760555265723,4,438.13,380.407,mc,4,1760555221223
1760555265723,5,331.646,326.073,mc,3,1760555221223
1760555265723,6,802.694,449.531,mc,4,1760555221223
1760555265723,7,59.2966,385.604,mc,3,1760555221223
1760555265723,8,447.549,594.662,mc,4,1760555221223
1760555265723,9,312.929,549.465,mc,4,1760555221223
1760555265723,10,632.337,717.406,mc,4,1760555221223
1760555265723,11,224.351,445.689,mc,3,1760555221223
1760555265723,12,629.298,347.738,mc,5,1760555221223
1760555265723,13,648.829,378.226,mc,2,1760555221223
1760555265723,14,473.399,492.743,mc,4,1760555221223
1760555265723,15,671.989,595.12,mc,5,1760555221223
1760555265723,16,381.544,461.382,mc,0,1760555221223
1760555265823,2,509.354,330.668,mc,5,1760555221223
1760555265823,3,211.497,226.709,mc,3,1760555221223
1760555265823,4,438.182,379.906,mc,4,1760555221223
1760555265823,5,331.993,326.445,mc,3,1760555221223
1760555265823,6,802.946,449.799,mc,4,1760555221223
1760555265823,7,58.6831,385.282,mc,3,1760555221223
1760555265823,8,447.669,594.151,mc,4,1760555221223
1760555265823,9,312.618,549.499,mc,4,1760555221223
1760555265823,10,632.827,717.133,mc,4,1760555221223
1760555265823,11,224.199,446.133,mc,3,1760555221223
1760555265823,12,628.862,348.225,mc,5,1760555221223
1760555265823,13,648.244,378.349,mc,2,1760555221223
1760555265823,14,473.104,492.436,mc,4,1760555221223
1760555265823,15,672.434,594.762,mc,5,1760555221223
1760555265823,16,381.064,461.299,mc,0,1760555221223
1760555265923,2,509.901,331.075,mc,5,1760555221223
1760555265923,3,211.194,226.8,mc,3,1760555221223
1760555265923,4,438.234,379.405,mc,4,1760555221223
1760555265923,5,332.464,326.432,mc,3,1760555221223
1760555265923,6,803.198,450.067,mc,4,1760555221223
1760555265923,7,58.0696,384.959,mc,3,1760555221223
1760555265923,8,447.788,593.64,mc,4,1760555221223
1760555265923,9,312.307,549.533,mc,4,1760555221223
1760555265923,10,633.318,716.859,mc,4,1760555221223
1760555265923,11,224.047,446.576,mc,3,1760555221223
1760555265923,12,628.425,348.713,mc,5,1760555221223
1760555265923,13,647.659,378.472,mc,2,1760555221223
1760555265923,14,472.81,492.128,mc,4,1760555221223
1760555265923,15,672.88,594.403,mc,5,1760555221223
1760555265923,16,380.583,461.215,mc,0,1760555221223
1760555266023,2,510.447,331.482,mc,5,1760555221223
1760555266023,3,210.89,226.892,mc,3,1760555221223
1760555266023,4,438.286,378.904,mc,4,1760555221223
1760555266023,5,333.038,326.098,mc,3,1760555221223
1760555266023,6,803.451,450.335,mc,4,1760555221223
1760555266023,7,57.4561,384.636,mc,3,1760555221223
1760555266023,8,447.908,593.13,mc,4,1760555221223
1760555266023,9,311.996,549.567,mc,4,1760555221223
1760555266023,10,633.784,716.59,mc,4,1760555221223
1760555266023,11,223.896,447.02,mc,3,1760555221223
1760555266023,12,627.989,349.201,mc,5,1760555221223
1760555266023,13,647.074,378.596,mc,2,1760555221223
1760555266023,14,472.515,491.821,mc,4,1760555221223
1760555266023,15,673.325,594.045,mc,5,1760555221223
1760555266023,16,380.102,461.131,mc,0,1760555221223
1760555266123,2,510.994,331.89,mc,5,1760555221223
1760555266123,3,210.586,226.984,mc,3,1760555221223
1760555266123,4,438.338,378.403,mc,4,1760555221223
1760555266123,5,333.612,325.764,mc,3,1760555221223
1760555266123,6,803.703,450.603,mc,4,1760555221223
1760555266123,7,56.8427,384.313,mc,3,1760555221223
1760555266123,8,448.028,592.619,mc,4,1760555221223
1760555266123,9,311.685,549.601,mc,4,1760555221223
1760555266123,10,633.497,716.466,mc,4,1760555221223
1760555266123,11,223.744,447.463,mc,3,1760555221223
1760555266123,12,627.553,349.689,mc,5,1760555221223
1760555266123,13,646.49,378.719,mc,2,1760555221223
1760555266123,14,472.22,491.513,mc,4,1760555221223
1760555266123,15,673.771,593.686,mc,5,1760555221223
1760555266123,16,379.621,461.048,mc,0,1760555221223
1760555266223,2,511.541,332.297,mc,5,1760555221223
1760555266223,3,210.282,227.075,mc,3,1760555221223
1760555266223,4,438.391,377.902,mc,4,1760555221223
1760555266223,5,334.186,325.431,mc,3,1760555221223
1760555266223,6,803.956,450.871,mc,4,1760555221223
1760555266223,7,56.2292,383.991,mc,3,1760555221223
1760555266223,8,448.147,592.108,mc,4,1760555221223
1760555266223,9,311.374,549.635,mc,4,1760555221223
1760555266223,10,633.21,716.343,mc,4,1760555221223
1760555266223,11,223.593,447.907,mc,3,1760555221223
1760555266223,12,627.116,350.176,mc,5,1760555221223
1760555266223,13,645.905,378.842,mc,2,1760555221223
1760555266223,14,471.925,491.206,mc,4,1760555221223
1760555266223,15,674.216,593.328,mc,5,1760555221223
1760555266223,16,379.14,460.964,mc,0,1760555221223
1760555266323,2,512.087,332.705,mc,5,1760555221223
1760555266323,3,209.978,227.167,mc,3,1760555221223
1760555266323,4,438.443,377.401,mc,4,1760555221223
1760555266323,5,334.761,325.097,mc,3,1760555221223
1760555266323,6,804.208,451.139,mc,4,1760555221223
1760555266323,7,55.8379,383.654,mc,3,1760555221223
1760555266323,8,448.267,591.598,mc,4,1760555221223
1760555266323,9,311.063,549.669,mc,4,1760555221223
1760555266323,10,632.923,716.219,mc,4,1760555221223
1760555266323,11,223.441,448.351,mc,3,1760555221223
1760555266323,12,626.68,350.664,mc,5,1760555221223
1760555266323,13,645.32,378.965,mc,2,1760555221223
1760555266323,14,471.63,490.898,mc,4,1760555221223
1760555266323,15,674.662,592.969,mc,5,1760555221223
1760555266323,16,378.659,460.88,mc,0,1760555221223
1760555266423,2,512.634,333.112,mc,5,1760555221223
1760555266423,3,209.674,227.259,mc,3,1760555221223
1760555266423,4,438.495,376.9,mc,4,1760555221223
1760555266423,5,335.335,324.763,mc,3,1760555221223
1760555266423,6,804.461,451.407,mc,4,1760555221223
1760555266423,7,56.358,383.26,mc,3,1760555221223
1760555266423,8,448.386,591.087,mc,4,1760555221223
1760555266423,9,310.752,549.702,mc,4,1760555221223
1760555266423,10,632.636,716.096,mc,4,1760555221223
1760555266423,11,223.29,448.794,mc,3,1760555221223
1760555266423,12,626.243,351.152,mc,5,1760555221223
1760555266423,13,644.736,379.088,mc,2,1760555221223
1760555266423,14,471.335,490.59,mc,4,1760555221223
1760555266423,15,675.107,592.611,mc,5,1760555221223
1760555266423,16,378.178,460.796,mc,0,1760555221223
1760555266523,2,513.181,333.52,mc,5,1760555221223
1760555266523,3,209.371,227.351,mc,3,1760555221223
1760555266523,4,438.547,376.399,mc,4,1760555221223
1760555266523,5,335.909,324.43,mc,3,1760555221223
1760555266523,6,804.713,451.675,mc,4,1760555221223
1760555266523,7,56.8782,382.867,mc,3,1760555221223
1760555266523,8,448.506,590.576,mc,4,1760555221223
1760555266523,9,310.441,549.736,mc,4,1760555221223
1760555266523,10,632.349,715.972,mc,4,1760555221223
1760555266523,11,223.138,449.238,mc,3,1760555221223
1760555266523,12,625.807,351.64,mc,5,1760555221223
1760555266523,13,644.151,379.211,mc,2,1760555221223
1760555266523,14,471.04,490.283,mc,4,1760555221223
1760555266523,15,675.552,592.252,mc,5,1760555221223
1760555266523,16,377.697,460.713,mc,0,1760555221223
1760555266623,2,513.727,333.927,mc,5,1760555221223
1760555266623,3,209.067,227.442,mc,3,1760555221223
1760555266623,4,438.599,375.898,mc,4,1760555221223
1760555266623,5,336.484,324.096,mc,3,1760555221223
1760555266623,6,804.966,451.942,mc,4,1760555221223
1760555266623,7,57.3984,382.473,mc,3,1760555221223
1760555266623,8,448.626,590.066,mc,4,1760555221223
1760555266623,9,310.131,549.77,mc,4,1760555221223
1760555266623,10,632.062,715.849,mc,4,1760555221223
1760555266623,11,222.986,449.681,mc,3,1760555221223
1760555266623,12,625.37,352.127,mc,5,1760555221223
1760555266623,13,643.566,379.334,mc,2,1760555221223
1760555266623,14,470.745,489.975,mc,4,1760555221223
1760555266623,15,675.998,591.894,mc,5,1760555221223
1760555266623,16,377.216,460.629,mc,0,1760555221223
1760555266723,2,514.274,334.335,mc,5,1760555221223
1760555266723,3,208.763,227.534,mc,3,1760555221223
1760555266723,4,438.651,375.397,mc,4,1760555221223
1760555266723,5,337.058,323.762,mc,3,1760555221223
1760555266723,6,805.218,452.21,mc,4,1760555221223
1760555266723,7,57.9186,382.079,mc,3,1760555221223
1760555266723,8,448.745,589.555,mc,4,1760555221223
1760555266723,9,309.82,549.804,mc,4,1760555221223
1760555266723,10,631.775,715.725,mc,4,1760555221223
1760555266723,11,222.835,450.125,mc,3,1760555221223
1760555266723,12,624.934,352.615,mc,5,1760555221223
1760555266723,13,642.982,379.458,mc,2,1760555221223
1760555266723,14,470.45,489.668,mc,4,1760555221223
1760555266723,15,676.443,591.535,mc,5,1760555221223
1760555266723,16,376.736,460.545,mc,0,1760555221223
1760555266823,2,514.821,334.742,mc,5,1760555221223
1760555266823,3,208.459,227.626,mc,3,1760555221223
1760555266823,4,438.704,374.896,mc,4,1760555221223
1760555266823,5,337.632,323.428,mc,3,1760555221223
1760555266823,6,805.47,452.478,mc,4,1760555221223
1760555266823,7,58.4387,381.685,mc,3,1760555221223
1760555266823,8,448.865,589.044,mc,4,1760555221223
1760555266823,9,309.509,549.838,mc,4,1760555221223
1760555266823,10,631.488,715.602,mc,4,1760555221223
1760555266823,11,222.683,450.568,mc,3,1760555221223
1760555266823,12,624.497,353.103,mc,5,1760555221223
1760555266823,13,642.397,379.581,mc,2,1760555221223
1760555266823,14,470.155,489.36,mc,4,1760555221223
1760555266823,15,676.889,591.176,mc,5,1760555221223
1760555266823,16,376.255,460.462,mc,0,1760555221223
1760555266923,2,515.367,335.149,mc,5,1760555221223
1760555266923,3,208.155,227.718,mc,3,1760555221223
1760555266923,4,438.895,374.642,mc,4,1760555221223
1760555266923,5,338.206,323.095,mc,3,1760555221223
1760555266923,6,805.723,452.746,mc,4,1760555221223
1760555266923,7,58.9589,381.292,mc,3,1760555221223
1760555266923,8,448.985,588.534,mc,4,1760555221223
1760555266923,9,309.198,549.872,mc,4,1760555221223
1760555266923,10,631.201,715.478,mc,4,1760555221223
1760555266923,11,222.532,451.012,mc,3,1760555221223
1760555266923,12,624.061,353.591,mc,5,1760555221223
1760555266923,13,641.812,379.704,mc,2,1760555221223
1760555266923,14,469.86,489.053,mc,4,1760555221223
1760555266923,15,677.334,590.818,mc,5,1760555221223
1760555266923,16,375.774,460.378,mc,0,1760555221223
1760555267023,2,515.914,335.557,mc,5,1760555221223
1760555267023,3,207.851,227.809,mc,3,1760555221223
1760555267023,4,439.345,374.845,mc,4,1760555221223
1760555267023,5,338.781,322.761,mc,3,1760555221223
1760555267023,6,805.975,453.014,mc,4,1760555221223
1760555267023,7,59.4791,380.898,mc,3,1760555221223
1760555267023,8,449.104,588.023,mc,4,1760555221223
1760555267023,9,308.887,549.906,mc,4,1760555221223
1760555267023,10,630.914,715.354,mc,4,1760555221223
1760555267023,11,222.38,451.455,mc,3,1760555221223
1760555267023,12,623.624,354.078,mc,5,1760555221223
1760555267023,13,641.228,379.827,mc,2,1760555221223
1760555267023,14,469.566,488.745,mc,4,1760555221223
1760555267023,15,677.78,590.459,mc,5,1760555221223
1760555267023,16,375.293,460.294,mc,0,1760555221223
1760555267123,2,516.461,335.964,mc,5,1760555221223
1760555267123,3,207.548,227.901,mc,3,1760555221223
1760555267123,4,439.795,375.049,mc,4,1760555221223
1760555267123,5,339.355,322.427,mc,3,1760555221223
1760555267123,6,806.228,453.282,mc,4,1760555221223
1760555267123,7,59.9992,380.504,mc,3,1760555221223
1760555267123,8,449.224,587.512,mc,4,1760555221223
1760555267123,9,308.576,549.94,mc,4,1760555221223
1760555267123,10,630.627,715.231,mc,4,1760555221223
1760555267123,11,222.229,451.899,mc,3,1760555221223
1760555267123,12,623.188,354.566,mc,5,1760555221223
1760555267123,13,640.643,379.95,mc,2,1760555221223
1760555267123,14,469.271,488.438,mc,4,1760555221223
1760555267123,15,678.225,590.101,mc,5,1760555221223
1760555267123,16,374.812,460.211,mc,0,1760555221223
1760555267223,2,517.007,336.372,mc,5,1760555221223
1760555267223,3,207.244,227.993,mc,3,1760555221223
1760555267223,4,440.245,375.252,mc,4,1760555221223
1760555267223,5,339.929,322.094,mc,3,1760555221223
1760555267223,6,806.48,453.55,mc,4,1760555221223
1760555267223,7,60.5194,380.11,mc,3,1760555221223
1760555267223,8,449.343,587.002,mc,4,1760555221223
1760555267223,9,308.265,549.974,mc,4,1760555221223
1760555267223,10,630.34,715.107,mc,4,1760555221223
1760555267223,11,222.077,452.342,mc,3,1760555221223
1760555267223,12,622.751,355.054,mc,5,1760555221223
1760555267223,13,640.058,380.073,mc,2,1760555221223
1760555267223,14,468.976,488.13,mc,4,1760555221223
1760555267223,15,678.67,589.742,mc,5,1760555221223
1760555267223,16,374.331,460.127,mc,0,1760555221223
1760555267323,2,517.554,336.779,mc,5,1760555221223
1760555267323,3,206.94,228.085,mc,3,1760555221223
1760555267323,4,440.695,375.455,mc,4,1760555221223
1760555267323,5,340.504,321.76,mc,3,1760555221223
1760555267323,6,806.733,453.818,mc,4,1760555221223
1760555267323,7,61.0396,379.716,mc,3,1760555221223
1760555267323,8,449.463,586.491,mc,4,1760555221223
1760555267323,9,307.954,550.008,mc,4,1760555221223
1760555267323,10,630.053,714.984,mc,4,1760555221223
1760555267323,11,221.926,452.786,mc,3,1760555221223
1760555267323,12,622.315,355.542,mc,5,1760555221223
1760555267323,13,639.474,380.197,mc,2,1760555221223
1760555267323,14,468.681,487.822,mc,4,1760555221223
1760555267323,15,679.116,589.384,mc,5,1760555221223
1760555267323,16,373.85,460.043,mc,0,1760555221223
1760555267423,2,518.101,337.187,mc,5,1760555221223
1760555267423,3,206.636,228.176,mc,3,1760555221223
1760555267423,4,441.145,375.659,mc,4,1760555221223
1760555267423,5,341.078,321.426,mc,3,1760555221223
1760555267423,6,806.985,454.086,mc,4,1760555221223
1760555267423,7,61.5597,379.323,mc,3,1760555221223
1760555267423,8,449.583,585.98,mc,4,1760555221223
1760555267423,9,307.643,550.042,mc,4,1760555221223
1760555267423,10,629.766,714.86,mc,4,1760555221223
1760555267423,11,221.774,453.229,mc,3,1760555221223
1760555267423,12,621.879,356.029,mc,5,1760555221223
1760555267423,13,638.889,380.32,mc,2,1760555221223
1760555267423,14,468.386,487.515,mc,4,1760555221223
1760555267423,15,679.561,589.025,mc,5,1760555221223
1760555267423,16,373.369,459.96,mc,0,1760555221223
1760555267523,2,518.647,337.594,mc,5,1760555221223
1760555267523,3,206.332,228.268,mc,3,1760555221223
1760555267523,4,441.595,375.862,mc,4,1760555221223
1760555267523,5,341.652,321.093,mc,3,1760555221223
1760555267523,6,807.238,454.354,mc,4,1760555221223
1760555267523,7,62.0799,378.929,mc,3,1760555221223
1760555267523,8,449.702,585.47,mc,4,1760555221223
1760555267523,9,307.332,550.076,mc,4,1760555221223
1760555267523,10,629.479,714.737,mc,4,1760555221223
1760555267523,11,221.622,453.673,mc,3,1760555221223
1760555267523,12,621.442,356.517,mc,5,1760555221223
1760555267523,13,638.304,380.443,mc,2,1760555221223
1760555267523,14,468.091,487.207,mc,4,1760555221223
1760555267523,15,680.007,588.667,mc,5,1760555221223
1760555267523,16,372.888,459.876,mc,0,1760555221223
1760555267623,2,519.194,338.002,mc,5,1760555221223
1760555267623,3,206.028,228.36,mc,3,1760555221223
1760555267623,4,442.044,376.065,mc,4,1760555221223
1760555267623,5,342.226,320.759,mc,3,1760555221223
1760555267623,6,807.49,454.622,mc,4,1760555221223
1760555267623,7,62.6001,378.535,mc,3,1760555221223
1760555267623,8,449.822,584.959,mc,4,1760555221223
1760555267623,9,307.021,550.11,mc,4,1760555221223
1760555267623,10,629.192,714.613,mc,4,1760555221223
1760555267623,11,221.471,454.116,mc,3,1760555221223
1760555267623,12,621.006,357.005,mc,5,1760555221223
1760555267623,13,637.72,380.566,mc,2,1760555221223
1760555267623,14,467.796,486.9,mc,4,1760555221223
1760555267623,15,680.452,588.308,mc,5,1760555221223
1760555267623,16,372.407,459.792,mc,0,1760555221223
1760555267723,2,519.741,338.409,mc,5,1760555221223
1760555267723,3,205.725,228.451,mc,3,1760555221223
1760555267723,4,442.494,376.268,mc,4,1760555221223
1760555267723,5,342.801,320.425,mc,3,1760555221223
1760555267723,6,807.742,454.889,mc,4,1760555221223
1760555267723,7,63.1203,378.141,mc,3,1760555221223
1760555267723,8,449.941,584.448,mc,4,1760555221223
1760555267723,9,306.711,550.144,mc,4,1760555221223
1760555267723,10,628.905,714.49,mc,4,1760555221223
1760555267723,11,221.319,454.56,mc,3,1760555221223
1760555267723,12,620.569,357.493,mc,5,1760555221223
1760555267723,13,637.135,380.689,mc,2,1760555221223
1760555267723,14,467.501,486.592,mc,4,1760555221223
1760555267723,15,680.897,587.95,mc,5,1760555221223
1760555267723,16,371.927,459.709,mc,0,1760555221223
1760555267823,2,520.287,338.817,mc,5,1760555221223
1760555267823,3,205.421,228.543,mc,3,1760555221223
1760555267823,4,442.944,376.472,mc,4,1760555221223
1760555267823,5,343.375,320.091,mc,3,1760555221223
1760555267823,6,807.995,455.157,mc,4,1760555221223
1760555267823,7,63.6404,377.748,mc,3,1760555221223
1760555267823,8,450.061,583.938,mc,4,1760555221223
1760555267823,9,306.4,550.178,mc,4,1760555221223
1760555267823,10,628.618,714.366,mc,4,1760555221223
1760555267823,11,221.168,455.003,mc,3,1760555221223
1760555267823,12,620.133,357.98,mc,5,1760555221223
1760555267823,13,636.55,380.812,mc,2,1760555221223
1760555267823,14,467.206,486.285,mc,4,1760555221223
1760555267823,15,681.343,587.591,mc,5,1760555221223
1760555267823,16,371.446,459.625,mc,0,1760555221223
1760555267923,2,520.834,339.224,mc,5,1760555221223
1760555267923,3,205.117,228.635,mc,3,1760555221223
1760555267923,4,443.394,376.675,mc,4,1760555221223
1760555267923,5,343.949,319.758,mc,3,1760555221223
1760555267923,6,808.247,455.425,mc,4,1760555221223
1760555267923,7,64.1606,377.354,mc,3,1760555221223
1760555267923,8,450.181,583.427,mc,4,1760555221223
1760555267923,9,306.089,550.212,mc,4,1760555221223
1760555267923,10,628.331,714.243,mc,4,1760555221223
1760555267923,11,221.016,455.447,mc,3,1760555221223
1760555267923,12,619.696,358.468,mc,5,1760555221223
1760555267923,13,635.966,380.935,mc,2,1760555221223
1760555267923,14,466.911,485.977,mc,4,1760555221223
1760555267923,15,681.788,587.233,mc,5,1760555221223
1760555267923,16,370.965,459.541,mc,0,1760555221223
1760555268023,2,521.381,339.631,mc,5,1760555221223
1760555268023,3,204.813,228.727,mc,3,1760555221223
1760555268023,4,443.844,376.878,mc,4,1760555221223
1760555268023,5,344.524,319.424,mc,3,1760555221223
1760555268023,6,808.5,455.693,mc,4,1760555221223
1760555268023,7,64.6808,376.96,mc,3,1760555221223
1760555268023,8,450.3,582.916,mc,4,1760555221223
1760555268023,9,305.778,550.246,mc,4,1760555221223
1760555268023,10,628.044,714.119,mc,4,1760555221223
1760555268023,11,220.865,455.89,mc,3,1760555221223
1760555268023,12,619.26,358.956,mc,5,1760555221223
1760555268023,13,635.381,381.059,mc,2,1760555221223
1760555268023,14,466.617,485.67,mc,4,1760555221223
1760555268023,15,682.234,586.874,mc,5,1760555221223
1760555268023,16,370.484,459.458,mc,0,1760555221223
1760555268123,2,521.927,340.039,mc,5,1760555221223
1760555268123,3,204.509,228.818,mc,3,1760555221223
1760555268123,4,444.294,377.081,mc,4,1760555221223
1760555268123,5,345.098,319.09,mc,3,1760555221223
1760555268123,6,808.752,455.961,mc,4,1760555221223
1760555268123,7,65.2009,376.566,mc,3,1760555221223
1760555268123,8,450.42,582.405,mc,4,1760555221223
1760555268123,9,305.467,550.28,mc,4,1760555221223
1760555268123,10,627.757,713.995,mc,4,1760555221223
1760555268123,11,220.713,456.334,mc,3,1760555221223
1760555268123,12,618.823,359.444,mc,5,1760555221223
1760555268123,13,635.192,381.135,mc,2,1760555221223
1760555268123,14,466.322,485.362,mc,4,1760555221223
1760555268123,15,682.679,586.516,mc,5,1760555221223
1760555268123,16,370.003,459.374,mc,0,1760555221223
1760555268223,2,522.474,340.446,mc,5,1760555221223
1760555268223,3,204.205,228.91,mc,3,1760555221223
1760555268223,4,444.744,377.285,mc,4,1760555221223
1760555268223,5,345.672,318.757,mc,3,1760555221223
1760555268223,6,809.005,456.229,mc,4,1760555221223
1760555268223,7,65.7211,376.173,mc,3,1760555221223
1760555268223,8,450.54,581.895,mc,4,1760555221223
1760555268223,9,305.156,550.314,mc,4,1760555221223
1760555268223,10,627.47,713.872,mc,4,1760555221223
1760555268223,11,220.561,456.777,mc,3,1760555221223
1760555268223,12,618.387,359.931,mc,5,1760555221223
1760555268223,13,635.805,381.118,mc,2,1760555221223
1760555268223,14,466.027,485.054,mc,4,1760555221223
1760555268223,15,683.125,586.157,mc,5,1760555221223
1760555268223,16,369.522,459.29,mc,0,1760555221223
1760555268323,2,523.015,340.825,mc,5,1760555221223
1760555268323,3,203.902,229.002,mc,3,1760555221223
1760555268323,4,445.193,377.488,mc,4,1760555221223
1760555268323,5,346.246,318.423,mc,3,1760555221223
1760555268323,6,809.257,456.497,mc,4,1760555221223
1760555268323,7,66.2413,375.779,mc,3,1760555221223
1760555268323,8,450.659,581.384,mc,4,1760555221223
1760555268323,9,304.845,550.348,mc,4,1760555221223
1760555268323,10,627.183,713.748,mc,4,1760555221223
1760555268323,11,220.41,457.221,mc,3,1760555221223
1760555268323,12,617.951,359.804,mc,5,1760555221223
1760555268323,13,636.418,381.101,mc,2,1760555221223
1760555268323,14,465.732,484.747,mc,4,1760555221223
1760555268323,15,683.57,585.799,mc,5,1760555221223
1760555268323,16,369.041,459.207,mc,0,1760555221223
1760555268423,2,523.496,340.88,mc,5,1760555221223
1760555268423,3,203.598,229.094,mc,3,1760555221223
1760555268423,4,445.643,377.691,mc,4,1760555221223
1760555268423,5,346.821,318.089,mc,3,1760555221223
1760555268423,6,809.51,456.765,mc,4,1760555221223
1760555268423,7,66.7615,375.385,mc,3,1760555221223
1760555268423,8,450.779,580.873,mc,4,1760555221223
1760555268423,9,304.534,550.382,mc,4,1760555221223
1760555268423,10,626.896,713.625,mc,4,1760555221223
1760555268423,11,220.258,457.665,mc,3,1760555221223
1760555268423,12,617.515,359.576,mc,5,1760555221223
1760555268423,13,637.031,381.084,mc,2,1760555221223
1760555268423,14,465.437,484.439,mc,4,1760555221223
1760555268423,15,684.015,585.44,mc,5,1760555221223
1760555268423,16,368.56,459.123,mc,0,1760555221223
1760555268523,2,523.977,340.935,mc,5,1760555221223
1760555268523,3,203.294,229.185,mc,3,1760555221223
1760555268523,4,446.093,377.894,mc,4,1760555221223
1760555268523,5,347.395,317.756,mc,3,1760555221223
1760555268523,6,809.762,457.033,mc,4,1760555221223
1760555268523,7,67.2816,374.991,mc,3,1760555221223
1760555268523,8,450.909,580.295,mc,4,1760555221223
1760555268523,9,304.223,550.416,mc,4,1760555221223
1760555268523,10,626.609,713.501,mc,4,1760555221223
1760555268523,11,220.107,458.108,mc,3,1760555221223
1760555268523,12,617.079,359.349,mc,5,1760555221223
1760555268523,13,637.644,381.068,mc,2,1760555221223
1760555268523,14,465.142,484.132,mc,4,1760555221223
1760555268523,15,684.461,585.081,mc,5,1760555221223
1760555268523,16,368.079,459.039,mc,0,1760555221223
1760555268623,2,524.457,340.991,mc,5,1760555221223
1760555268623,3,202.99,229.277,mc,3,1760555221223
1760555268623,4,446.543,378.098,mc,4,1760555221223
1760555268623,5,347.969,317.422,mc,3,1760555221223
1760555268623,6,810.014,457.301,mc,4,1760555221223
1760555268623,7,67.8018,374.598,mc,3,1760555221223
1760555268623,8,451.045,579.675,mc,4,1760555221223
1760555268623,9,303.912,550.45,mc,4,1760555221223
1760555268623,10,626.322,713.378,mc,4,1760555221223
1760555268623,11,219.955,458.552,mc,3,1760555221223
1760555268623,12,616.643,359.122,mc,5,1760555221223
1760555268623,13,638.257,381.051,mc,2,1760555221223
1760555268623,14,464.866,483.915,mc,4,1760555221223
1760555268623,15,684.906,584.723,mc,5,1760555221223
1760555268623,16,367.599,458.956,mc,0,1760555221223
1760555268723,2,524.938,341.046,mc,5,1760555221223
1760555268723,3,202.686,229.369,mc,3,1760555221223
1760555268723,4,446.993,378.301,mc,4,1760555221223
1760555268723,5,348.544,317.088,mc,3,1760555221223
1760555268723,6,810.267,457.569,mc,4,1760555221223
1760555268723,7,68.322,374.204,mc,3,1760555221223
1760555268723,8,451.181,579.055,mc,4,1760555221223
1760555268723,9,303.601,550.484,mc,4,1760555221223
1760555268723,10,626.035,713.254,mc,4,1760555221223
1760555268723,11,219.804,458.995,mc,3,1760555221223
1760555268723,12,616.207,358.895,mc,5,1760555221223
1760555268723,13,638.87,381.034,mc,2,1760555221223
1760555268723,14,464.687,484.168,mc,4,1760555221223
1760555268723,15,685.352,584.364,mc,5,1760555221223
1760555268723,16,367.118,458.872,mc,0,1760555221223
1760555268823,2,525.419,341.101,mc,5,1760555221223
1760555268823,3,202.382,229.461,mc,3,1760555221223
1760555268823,4,447.443,378.504,mc,4,1760555221223
1760555268823,5,349.118,316.754,mc,3,1760555221223
1760555268823,6,810.519,457.836,mc,4,1760555221223
1760555268823,7,68.8421,373.81,mc,3,1760555221223
1760555268823,8,451.317,578.435,mc,4,1760555221223
1760555268823,9,303.291,550.518,mc,4,1760555221223
1760555268823,10,625.748,713.131,mc,4,1760555221223
1760555268823,11,219.652,459.439,mc,3,1760555221223
1760555268823,12,615.771,358.668,mc,5,1760555221223
1760555268823,13,639.482,381.017,mc,2,1760555221223
1760555268823,14,464.509,484.42,mc,4,1760555221223
1760555268823,15,685.797,584.006,mc,5,1760555221223
1760555268823,16,366.637,458.788,mc,0,1760555221223
1760555268923,2,525.899,341.157,mc,5,1760555221223
1760555268923,3,202.079,229.552,mc,3,1760555221223
1760555268923,4,447.893,378.708,mc,4,1760555221223
1760555268923,5,349.692,316.421,mc,3,1760555221223
1760555268923,6,810.772,458.104,mc,4,1760555221223
1760555268923,7,69.3623,373.416,mc,3,1760555221223
1760555268923,8,451.453,577.815,mc,4,1760555221223
1760555268923,9,302.98,550.552,mc,4,1760555221223
1760555268923,10,625.461,713.007,mc,4,1760555221223
1760555268923,11,219.501,459.882,mc,3,1760555221223
1760555268923,12,615.334,358.441,mc,5,1760555221223
1760555268923,13,640.095,381,mc,2,1760555221223
1760555268923,14,464.33,484.672,mc,4,1760555221223
1760555268923,15,686.243,583.647,mc,5,1760555221223
1760555268923,16,366.156,458.705,mc,0,1760555221223
1760555269023,2,526.38,341.212,mc,5,1760555221223
1760555269023,3,202.341,229.628,mc,3,1760555221223
1760555269023,4,448.342,378.911,mc,4,1760555221223
1760555269023,5,350.266,316.087,mc,3,1760555221223
1760555269023,6,811.024,458.372,mc,4,1760555221223
1760555269023,7,69.8825,373.023,mc,3,1760555221223
1760555269023,8,451.589,577.196,mc,4,1760555221223
1760555269023,9,302.669,550.586,mc,4,1760555221223
1760555269023,10,625.174,712.884,mc,4,1760555221223
1760555269023,11,219.349,460.326,mc,3,1760555221223
1760555269023,12,614.898,358.214,mc,5,1760555221223
1760555269023,13,640.708,380.983,mc,2,1760555221223
1760555269023,14,464.151,484.924,mc,4,1760555221223
1760555269023,15,686.688,583.289,mc,5,1760555221223
1760555269023,16,365.675,458.621,mc,0,1760555221223
1760555269123,2,526.861,341.268,mc,5,1760555221223
1760555269123,3,202.714,229.7,mc,3,1760555221223
1760555269123,4,448.792,379.114,mc,4,1760555221223
1760555269123,5,350.841,315.753,mc,3,1760555221223
1760555269123,6,811.277,458.64,mc,4,1760555221223
1760555269123,7,70.4026,372.629,mc,3,1760555221223
1760555269123,8,451.725,576.576,mc,4,1760555221223
1760555269123,9,302.358,550.62,mc,4,1760555221223
1760555269123,10,624.887,712.76,mc,4,1760555221223
1760555269123,11,219.197,460.769,mc,3,1760555221223
1760555269123,12,614.462,357.987,mc,5,1760555221223
1760555269123,13,641.321,380.966,mc,2,1760555221223
1760555269123,14,463.973,485.176,mc,4,1760555221223
1760555269123,15,687.133,582.93,mc,5,1760555221223
1760555269123,16,365.194,458.537,mc,0,1760555221223
1760555269223,2,527.341,341.323,mc,5,1760555221223
1760555269223,3,203.088,229.773,mc,3,1760555221223
1760555269223,4,449.242,379.317,mc,4,1760555221223
1760555269223,5,351.415,315.42,mc,3,1760555221223
1760555269223,6,811.529,458.908,mc,4,1760555221223
1760555269223,7,70.9228,372.235,mc,3,1760555221223
1760555269223,8,451.861,575.956,mc,4,1760555221223
1760555269223,9,302.047,550.654,mc,4,1760555221223
1760555269223,10,624.6,712.636,mc,4,1760555221223
1760555269223,11,219.046,461.213,mc,3,1760555221223
1760555269223,12,614.026,357.76,mc,5,1760555221223
1760555269223,13,641.934,380.949,mc,2,1760555221223
1760555269223,14,463.794,485.428,mc,4,1760555221223
1760555269223,15,687.579,582.572,mc,5,1760555221223
1760555269223,16,364.713,458.454,mc,0,1760555221223
1760555269323,2,527.822,341.378,mc,5,1760555221223
1760555269323,3,203.462,229.845,mc,3,1760555221223
1760555269323,4,449.692,379.521,mc,4,1760555221223
1760555269323,5,351.989,315.086,mc,3,1760555221223
1760555269323,6,811.782,459.176,mc,4,1760555221223
1760555269323,7,71.443,371.841,mc,3,1760555221223
1760555269323,8,451.997,575.336,mc,4,1760555221223
1760555269323,9,301.736,550.688,mc,4,1760555221223
1760555269323,10,624.313,712.513,mc,4,1760555221223
1760555269323,11,218.894,461.656,mc,3,1760555221223
1760555269323,12,613.59,357.532,mc,5,1760555221223
1760555269323,13,642.547,380.932,mc,2,1760555221223
1760555269323,14,463.615,485.681,mc,4,1760555221223
1760555269323,15,688.024,582.213,mc,5,1760555221223
1760555269323,16,364.232,458.37,mc,0,1760555221223
1760555269423,2,528.303,341.434,mc,5,1760555221223
1760555269423,3,203.836,229.918,mc,3,1760555221223
1760555269423,4,450.142,379.724,mc,4,1760555221223
1760555269423,5,352.564,314.752,mc,3,1760555221223
1760555269423,6,812.034,459.444,mc,4,1760555221223
1760555269423,7,71.9632,371.448,mc,3,1760555221223
1760555269423,8,452.133,574.716,mc,4,1760555221223
1760555269423,9,301.425,550.722,mc,4,1760555221223
1760555269423,10,624.026,712.389,mc,4,1760555221223
1760555269423,11,218.743,462.1,mc,3,1760555221223
1760555269423,12,613.154,357.305,mc,5,1760555221223
1760555269423,13,643.16,380.915,mc,2,1760555221223
1760555269423,14,463.436,485.933,mc,4,1760555221223
1760555269423,15,688.47,581.855,mc,5,1760555221223
1760555269423,16,363.751,458.286,mc,0,1760555221223
1760555269523,2,528.783,341.489,mc,5,1760555221223
1760555269523,3,204.21,229.99,mc,3,1760555221223
1760555269523,4,450.592,379.927,mc,4,1760555221223
1760555269523,5,353.138,314.419,mc,3,1760555221223
1760555269523,6,812.286,459.712,mc,4,1760555221223
1760555269523,7,72.4833,371.054,mc,3,1760555221223
1760555269523,8,452.27,574.096,mc,4,1760555221223
1760555269523,9,301.042,550.902,mc,4,1760555221223
1760555269523,10,623.739,712.266,mc,4,1760555221223
1760555269523,11,218.591,462.543,mc,3,1760555221223
1760555269523,12,612.718,357.078,mc,5,1760555221223
1760555269523,13,643.773,380.898,mc,2,1760555221223
1760555269523,14,463.258,486.185,mc,4,1760555221223
1760555269523,15,688.915,581.496,mc,5,1760555221223
1760555269523,16,363.632,458.454,mc,0,1760555221223
1760555269623,2,529.264,341.544,mc,5,1760555221223
1760555269623,3,204.584,230.063,mc,3,1760555221223
1760555269623,4,451.042,380.13,mc,4,1760555221223
1760555269623,5,353.712,314.085,mc,3,1760555221223
1760555269623,6,812.539,459.98,mc,4,1760555221223
1760555269623,7,73.0035,370.66,mc,3,1760555221223
1760555269623,8,452.406,573.477,mc,4,1760555221223
1760555269623,9,300.585,551.232,mc,4,1760555221223
1760555269623,10,623.452,712.142,mc,4,1760555221223
1760555269623,11,218.34,462.542,mc,3,1760555221223
1760555269623,12,612.282,356.851,mc,5,1760555221223
1760555269623,13,644.386,380.881,mc,2,1760555221223
1760555269623,14,463.079,486.437,mc,4,1760555221223
1760555269623,15,689.36,581.138,mc,5,1760555221223
1760555269623,16,363.753,458.788,mc,0,1760555221223
1760555269723,2,529.745,341.6,mc,5,1760555221223
1760555269723,3,204.957,230.135,mc,3,1760555221223
1760555269723,4,451.492,380.334,mc,4,1760555221223
1760555269723,5,354.286,313.751,mc,3,1760555221223
1760555269723,6,812.791,460.248,mc,4,1760555221223
1760555269723,7,73.5237,370.266,mc,3,1760555221223
1760555269723,8,452.542,572.857,mc,4,1760555221223
1760555269723,9,300.129,551.562,mc,4,1760555221223
1760555269723,10,623.165,712.019,mc,4,1760555221223
1760555269723,11,218.041,462.323,mc,3,1760555221223
1760555269723,12,611.846,356.624,mc,5,1760555221223
1760555269723,13,644.999,380.864,mc,2,1760555221223
1760555269723,14,462.9,486.689,mc,4,1760555221223
1760555269723,15,689.806,580.779,mc,5,1760555221223
1760555269723,16,363.874,459.122,mc,0,1760555221223
1760555269823,2,530.225,341.655,mc,5,1760555221223
1760555269823,3,205.331,230.207,mc,3,1760555221223
1760555269823,4,451.941,380.537,mc,4,1760555221223
1760555269823,5,354.861,313.418,mc,3,1760555221223
1760555269823,6,813.044,460.516,mc,4,1760555221223
1760555269823,7,74.0438,369.872,mc,3,1760555221223
1760555269823,8,452.678,572.237,mc,4,1760555221223
1760555269823,9,299.672,551.892,mc,4,1760555221223
1760555269823,10,622.878,711.895,mc,4,1760555221223
1760555269823,11,217.741,462.104,mc,3,1760555221223
1760555269823,12,611.41,356.397,mc,5,1760555221223
1760555269823,13,645.612,380.847,mc,2,1760555221223
1760555269823,14,462.722,486.941,mc,4,1760555221223
1760555269823,15,690.251,580.421,mc,5,1760555221223
1760555269823,16,363.995,459.456,mc,0,1760555221223
1760555269923,2,530.706,341.711,mc,5,1760555221223
1760555269923,3,205.705,230.28,mc,3,1760555221223
1760555269923,4,452.391,380.74,mc,4,1760555221223
1760555269923,5,355.435,313.084,mc,3,1760555221223
1760555269923,6,813.296,460.783,mc,4,1760555221223
1760555269923,7,74.564,369.479,mc,3,1760555221223
1760555269923,8,452.814,571.617,mc,4,1760555221223
1760555269923,9,299.215,552.222,mc,4,1760555221223
1760555269923,10,622.591,711.772,mc,4,1760555221223
1760555269923,11,217.442,461.885,mc,3,1760555221223
1760555269923,12,610.974,356.17,mc,5,1760555221223
1760555269923,13,646.225,380.83,mc,2,1760555221223
1760555269923,14,462.543,487.194,mc,4,1760555221223
1760555269923,15,690.697,580.062,mc,5,1760555221223
1760555269923,16,364.116,459.791,mc,0,1760555221223
1760555270023,2,531.187,341.766,mc,5,1760555221223
1760555270023,3,206.079,230.352,mc,3,1760555221223
1760555270023,4,452.841,380.943,mc,4,1760555221223
1760555270023,5,356.009,312.75,mc,3,1760555221223
1760555270023,6,813.549,461.051,mc,4,1760555221223
1760555270023,7,75.0842,369.085,mc,3,1760555221223
1760555270023,8,452.95,570.997,mc,4,1760555221223
1760555270023,9,298.759,552.552,mc,4,1760555221223
1760555270023,10,622.304,711.648,mc,4,1760555221223
1760555270023,11,217.142,461.666,mc,3,1760555221223
1760555270023,12,610.538,355.943,mc,5,1760555221223
1760555270023,13,646.838,380.813,mc,2,1760555221223
1760555270023,14,462.364,487.446,mc,4,1760555221223
1760555270023,15,691.142,579.704,mc,5,1760555221223
1760555270023,16,364.236,460.125,mc,0,1760555221223
1760555270123,2,531.667,341.821,mc,5,1760555221223
1760555270123,3,206.453,230.425,mc,3,1760555221223
1760555270123,4,453.291,381.147,mc,4,1760555221223
1760555270123,5,356.584,312.416,mc,3,1760555221223
1760555270123,6,813.801,461.319,mc,4,1760555221223
1760555270123,7,75.6043,368.691,mc,3,1760555221223
1760555270123,8,453.086,570.377,mc,4,1760555221223
1760555270123,9,298.302,552.882,mc,4,1760555221223
1760555270123,10,622.017,711.524,mc,4,1760555221223
1760555270123,11,216.842,461.446,mc,3,1760555221223
1760555270123,12,610.102,355.715,mc,5,1760555221223
1760555270123,13,647.451,380.796,mc,2,1760555221223
1760555270123,14,462.186,487.698,mc,4,1760555221223
1760555270123,15,691.588,579.345,mc,5,1760555221223
1760555270123,16,364.357,460.459,mc,0,1760555221223
1760555270223,2,532.148,341.877,mc,5,1760555221223
1760555270223,3,206.827,230.497,mc,3,1760555221223
1760555270223,4,453.741,381.35,mc,4,1760555221223
1760555270223,5,357.158,312.083,mc,3,1760555221223
1760555270223,6,814.054,461.587,mc,4,1760555221223
1760555270223,7,76.1245,368.297,mc,3,1760555221223
1760555270223,8,453.222,569.758,mc,4,1760555221223
1760555270223,9,297.845,553.212,mc,4,1760555221223
1760555270223,10,621.73,711.401,mc,4,1760555221223
1760555270223,11,216.543,461.227,mc,3,1760555221223
1760555270223,12,609.666,355.488,mc,5,1760555221223
1760555270223,13,648.063,380.779,mc,2,1760555221223
1760555270223,14,462.007,487.95,mc,4,1760555221223
1760555270223,15,692.033,578.987,mc,5,1760555221223
1760555270223,16,364.478,460.794,mc,0,1760555221223
1760555270323,2,532.629,341.932,mc,5,1760555221223
1760555270323,3,207.201,230.57,mc,3,1760555221223
1760555270323,4,454.191,381.553,mc,4,1760555221223
1760555270323,5,357.732,311.749,mc,3,1760555221223
1760555270323,6,814.306,461.855,mc,4,1760555221223
1760555270323,7,76.6447,367.904,mc,3,1760555221223
1760555270323,8,453.358,569.138,mc,4,1760555221223
1760555270323,9,297.388,553.542,mc,4,1760555221223
1760555270323,10,621.443,711.277,mc,4,1760555221223
1760555270323,11,216.243,461.008,mc,3,1760555221223
1760555270323,12,609.23,355.261,mc,5,1760555221223
1760555270323,13,648.676,380.762,mc,2,1760555221223
1760555270323,14,461.828,488.202,mc,4,1760555221223
1760555270323,15,692.478,578.628,mc,5,1760555221223
1760555270323,16,364.599,461.128,mc,0,1760555221223
1760555270423,2,533.109,341.987,mc,5,1760555221223
1760555270423,3,207.574,230.642,mc,3,1760555221223
1760555270423,4,454.641,381.757,mc,4,1760555221223
1760555270423,5,358.282,311.492,mc,3,1760555221223
1760555270423,6,814.558,462.123,mc,4,1760555221223
1760555270423,7,77.1649,367.51,mc,3,1760555221223
1760555270423,8,453.494,568.518,mc,4,1760555221223
1760555270423,9,296.932,553.872,mc,4,1760555221223
1760555270423,10,621.156,711.154,mc,4,1760555221223
1760555270423,11,215.944,460.789,mc,3,1760555221223
1760555270423,12,608.794,355.034,mc,5,1760555221223
1760555270423,13,649.289,380.745,mc,2,1760555221223
1760555270423,14,461.649,488.454,mc,4,1760555221223
1760555270423,15,692.529,578.379,mc,5,1760555221223
1760555270423,16,364.72,461.462,mc,0,1760555221223
1760555270523,2,533.59,342.043,mc,5,1760555221223
1760555270523,3,207.948,230.715,mc,3,1760555221223
1760555270523,4,455.09,381.96,mc,4,1760555221223
1760555270523,5,358.79,311.362,mc,3,1760555221223
1760555270523,6,814.811,462.391,mc,4,1760555221223
1760555270523,7,77.685,367.116,mc,3,1760555221223
1760555270523,8,453.63,567.898,mc,4,1760555221223
1760555270523,9,296.475,554.202,mc,4,1760555221223
1760555270523,10,620.869,711.03,mc,4,1760555221223
1760555270523,11,215.644,460.57,mc,3,1760555221223
1760555270523,12,608.358,354.807,mc,5,1760555221223
1760555270523,13,649.902,380.728,mc,2,1760555221223
1760555270523,14,461.471,488.707,mc,4,1760555221223
1760555270523,15,692.11,578.26,mc,5,1760555221223
1760555270523,16,364.841,461.796,mc,0,1760555221223
1760555270623,2,534.071,342.098,mc,5,1760555221223
1760555270623,3,208.322,230.787,mc,3,1760555221223
1760555270623,4,455.54,382.163,mc,4,1760555221223
1760555270623,5,359.299,311.232,mc,3,1760555221223
1760555270623,6,815.063,462.659,mc,4,1760555221223
1760555270623,7,78.2052,366.722,mc,3,1760555221223
1760555270623,8,453.766,567.278,mc,4,1760555221223
1760555270623,9,296.018,554.532,mc,4,1760555221223
1760555270623,10,620.582,710.907,mc,4,1760555221223
1760555270623,11,215.344,460.351,mc,3,1760555221223
1760555270623,12,607.922,354.58,mc,5,1760555221223
1760555270623,13,650.515,380.711,mc,2,1760555221223
1760555270623,14,461.292,488.959,mc,4,1760555221223
1760555270623,15,691.691,578.142,mc,5,1760555221223
1760555270623,16,364.962,462.131,mc,0,1760555221223
1760555270723,2,534.551,342.154,mc,5,1760555221223
1760555270723,3,208.696,230.859,mc,3,1760555221223
1760555270723,4,455.99,382.366,mc,4,1760555221223
1760555270723,5,359.808,311.102,mc,3,1760555221223
1760555270723,6,815.313,463.037,mc,4,1760555221223
1760555270723,7,78.7254,366.329,mc,3,1760555221223
1760555270723,8,453.902,566.658,mc,4,1760555221223
1760555270723,9,295.562,554.862,mc,4,1760555221223
1760555270723,10,620.295,710.783,mc,4,1760555221223
1760555270723,11,215.045,460.132,mc,3,1760555221223
1760555270723,12,607.486,354.353,mc,5,1760555221223
1760555270723,13,651.128,380.694,mc,2,1760555221223
1760555270723,14,461.113,489.211,mc,4,1760555221223
1760555270723,15,691.272,578.023,mc,5,1760555221223
1760555270723,16,365.082,462.465,mc,0,1760555221223
1760555270823,2,535.032,342.209,mc,5,1760555221223
1760555270823,3,209.07,230.932,mc,3,1760555221223
1760555270823,4,456.44,382.57,mc,4,1760555221223
1760555270823,5,360.316,310.972,mc,3,1760555221223
1760555270823,6,815.559,463.57,mc,4,1760555221223
1760555270823,7,79.2455,365.935,mc,3,1760555221223
1760555270823,8,454.039,566.039,mc,4,1760555221223
1760555270823,9,295.105,555.192,mc,4,1760555221223
1760555270823,10,620.008,710.66,mc,4,1760555221223
1760555270823,11,214.745,459.912,mc,3,1760555221223
1760555270823,12,607.05,354.126,mc,5,1760555221223
1760555270823,13,651.741,380.677,mc,2,1760555221223
1760555270823,14,460.935,489.463,mc,4,1760555221223
1760555270823,15,690.853,577.904,mc,5,1760555221223
1760555270823,16,365.203,462.799,mc,0,1760555221223
1760555270923,2,535.513,342.264,mc,5,1760555221223
1760555270923,3,209.444,231.004,mc,3,1760555221223
1760555270923,4,456.89,382.773,mc,4,1760555221223
1760555270923,5,360.825,310.842,mc,3,1760555221223
1760555270923,6,815.805,464.103,mc,4,1760555221223
1760555270923,7,79.5923,365.616,mc,3,1760555221223
1760555270923,8,454.175,565.419,mc,4,1760555221223
1760555270923,9,294.648,555.522,mc,4,1760555221223
1760555270923,10,619.721,710.536,mc,4,1760555221223
1760555270923,11,214.446,459.693,mc,3,1760555221223
1760555270923,12,606.614,353.899,mc,5,1760555221223
1760555270923,13,652.354,380.66,mc,2,1760555221223
1760555270923,14,460.756,489.715,mc,4,1760555221223
1760555270923,15,690.434,577.785,mc,5,1760555221223
1760555270923,16,365.324,463.134,mc,0,1760555221223
1760555271023,2,535.993,342.32,mc,5,1760555221223
1760555271023,3,209.818,231.077,mc,3,1760555221223
1760555271023,4,457.34,382.976,mc,4,1760555221223
1760555271023,5,361.333,310.712,mc,3,1760555221223
1760555271023,6,816.05,464.636,mc,4,1760555221223
1760555271023,7,79.2937,365.577,mc,3,1760555221223
1760555271023,8,454.311,564.799,mc,4,1760555221223
1760555271023,9,294.192,555.852,mc,4,1760555221223
1760555271023,10,619.434,710.413,mc,4,1760555221223
1760555271023,11,214.146,459.474,mc,3,1760555221223
1760555271023,12,606.178,353.671,mc,5,1760555221223
1760555271023,13,652.967,380.643,mc,2,1760555221223
1760555271023,14,460.577,489.967,mc,4,1760555221223
1760555271023,15,690.015,577.667,mc,5,1760555221223
1760555271023,16,365.445,463.468,mc,0,1760555221223
1760555271123,2,536.474,342.375,mc,5,1760555221223
1760555271123,3,210.191,231.149,mc,3,1760555221223
1760555271123,4,457.79,383.179,mc,4,1760555221223
1760555271123,5,361.842,310.582,mc,3,1760555221223
1760555271123,6,816.296,465.17,mc,4,1760555221223
1760555271123,7,78.9952,365.537,mc,3,1760555221223
1760555271123,8,454.447,564.179,mc,4,1760555221223
1760555271123,9,293.735,556.182,mc,4,1760555221223
1760555271123,10,619.147,710.289,mc,4,1760555221223
1760555271123,11,213.846,459.255,mc,3,1760555221223
1760555271123,12,605.741,353.444,mc,5,1760555221223
1760555271123,13,653.58,380.626,mc,2,1760555221223
1760555271123,14,460.399,490.219,mc,4,1760555221223
1760555271123,15,689.596,577.548,mc,5,1760555221223
1760555271123,16,365.566,463.802,mc,0,1760555221223
1760555271223,2,536.955,342.43,mc,5,1760555221223
1760555271223,3,210.565,231.222,mc,3,1760555221223
1760555271223,4,458.239,383.383,mc,4,1760555221223
1760555271223,5,362.351,310.452,mc,3,1760555221223
1760555271223,6,816.542,465.703,mc,4,1760555221223
1760555271223,7,78.6966,365.498,mc,3,1760555221223
1760555271223,8,454.583,563.559,mc,4,1760555221223
1760555271223,9,293.278,556.512,mc,4,1760555221223
1760555271223,10,618.86,710.165,mc,4,1760555221223
1760555271223,11,213.547,459.036,mc,3,1760555221223
1760555271223,12,605.305,353.217,mc,5,1760555221223
1760555271223,13,654.193,380.609,mc,2,1760555221223
1760555271223,14,460.22,490.472,mc,4,1760555221223
1760555271223,15,689.177,577.429,mc,5,1760555221223
1760555271223,16,365.687,464.136,mc,0,1760555221223
1760555271323,2,537.435,342.486,mc,5,1760555221223
1760555271323,3,210.939,231.294,mc,3,1760555221223
1760555271323,4,458.689,383.586,mc,4,1760555221223
1760555271323,5,362.859,310.322,mc,3,1760555221223
1760555271323,6,816.788,466.236,mc,4,1760555221223
1760555271323,7,78.3981,365.458,mc,3,1760555221223
1760555271323,8,454.719,562.939,mc,4,1760555221223
1760555271323,9,292.822,556.842,mc,4,1760555221223
1760555271323,10,618.573,710.042,mc,4,1760555221223
1760555271323,11,213.247,458.817,mc,3,1760555221223
1760555271323,12,604.869,352.99,mc,5,1760555221223
1760555271323,13,654.806,380.592,mc,2,1760555221223
1760555271323,14,460.041,490.724,mc,4,1760555221223
1760555271323,15,688.758,577.311,mc,5,1760555221223
1760555271323,16,365.808,464.471,mc,0,1760555221223
1760555271423,2,537.916,342.541,mc,5,1760555221223
1760555271423,3,211.313,231.367,mc,3,1760555221223
1760555271423,4,459.139,383.789,mc,4,1760555221223
1760555271423,5,363.368,310.192,mc,3,1760555221223
1760555271423,6,817.034,466.769,mc,4,1760555221223
1760555271423,7,78.0995,365.419,mc,3,1760555221223
1760555271423,8,454.855,562.32,mc,4,1760555221223
1760555271423,9,292.365,557.172,mc,4,1760555221223
1760555271423,10,618.286,709.918,mc,4,1760555221223
1760555271423,11,212.948,458.597,mc,3,1760555221223
1760555271423,12,604.433,352.763,mc,5,1760555221223
1760555271423,13,655.419,380.575,mc,2,1760555221223
1760555271423,14,459.862,490.976,mc,4,1760555221223
1760555271423,15,688.339,577.192,mc,5,1760555221223
1760555271423,16,365.929,464.805,mc,0,1760555221223
1760555271523,2,538.397,342.597,mc,5,1760555221223
1760555271523,3,211.687,231.439,mc,3,1760555221223
1760555271523,4,459.589,383.992,mc,4,1760555221223
1760555271523,5,363.877,310.062,mc,3,1760555221223
1760555271523,6,817.279,467.303,mc,4,1760555221223
1760555271523,7,77.801,365.38,mc,3,1760555221223
1760555271523,8,454.991,561.7,mc,4,1760555221223
1760555271523,9,291.908,557.502,mc,4,1760555221223
1760555271523,10,617.999,709.795,mc,4,1760555221223
1760555271523,11,212.648,458.378,mc,3,1760555221223
1760555271523,12,603.997,352.536,mc,5,1760555221223
1760555271523,13,656.031,380.558,mc,2,1760555221223
1760555271523,14,459.684,491.228,mc,4,1760555221223
1760555271523,15,687.92,577.073,mc,5,1760555221223
1760555271523,16,366.049,465.139,mc,0,1760555221223
1760555271623,2,538.877,342.652,mc,5,1760555221223
1760555271623,3,212.061,231.511,mc,3,1760555221223
1760555271623,4,460.039,384.196,mc,4,1760555221223
1760555271623,5,364.385,309.932,mc,3,1760555221223
1760555271623,6,817.525,467.836,mc,4,1760555221223
1760555271623,7,77.5024,365.34,mc,3,1760555221223
1760555271623,8,455.127,561.08,mc,4,1760555221223
1760555271623,9,291.452,557.832,mc,4,1760555221223
1760555271623,10,617.712,709.671,mc,4,1760555221223
1760555271623,11,212.349,458.159,mc,3,1760555221223
1760555271623,12,603.561,352.309,mc,5,1760555221223
1760555271623,13,656.644,380.541,mc,2,1760555221223
1760555271623,14,459.505,491.48,mc,4,1760555221223
1760555271623,15,687.501,576.955,mc,5,1760555221223
1760555271623,16,366.17,465.474,mc,0,1760555221223
1760555271723,2,539.358,342.707,mc,5,1760555221223
1760555271723,3,212.435,231.584,mc,3,1760555221223
1760555271723,4,460.489,384.399,mc,4,1760555221223
1760555271723,5,364.894,309.802,mc,3,1760555221223
1760555271723,6,817.771,468.369,mc,4,1760555221223
1760555271723,7,77.2039,365.301,mc,3,1760555221223
1760555271723,8,455.263,560.46,mc,4,1760555221223
1760555271723,9,290.995,558.162,mc,4,1760555221223
1760555271723,10,617.425,709.548,mc,4,1760555221223
1760555271723,11,212.049,457.94,mc,3,1760555221223
1760555271723,12,603.125,352.082,mc,5,1760555221223
1760555271723,13,657.257,380.524,mc,2,1760555221223
1760555271723,14,459.326,491.732,mc,4,1760555221223
1760555271723,15,687.082,576.836,mc,5,1760555221223
1760555271723,16,366.291,465.808,mc,0,1760555221223
1760555271823,2,539.839,342.763,mc,5,1760555221223
1760555271823,3,212.808,231.656,mc,3,1760555221223
1760555271823,4,460.939,384.602,mc,4,1760555221223
1760555271823,5,365.403,309.672,mc,3,1760555221223
1760555271823,6,818.017,468.902,mc,4,1760555221223
1760555271823,7,76.9054,365.261,mc,3,1760555221223
1760555271823,8,455.399,559.84,mc,4,1760555221223
1760555271823,9,290.538,558.492,mc,4,1760555221223
1760555271823,10,617.138,709.424,mc,4,1760555221223
1760555271823,11,211.749,457.721,mc,3,1760555221223
1760555271823,12,602.689,351.855,mc,5,1760555221223
1760555271823,13,657.87,380.507,mc,2,1760555221223
1760555271823,14,459.148,491.985,mc,4,1760555221223
1760555271823,15,686.663,576.717,mc,5,1760555221223
1760555271823,16,366.412,466.142,mc,0,1760555221223
1760555271923,2,540.319,342.818,mc,5,1760555221223
1760555271923,3,213.182,231.729,mc,3,1760555221223
1760555271923,4,461.388,384.806,mc,4,1760555221223
1760555271923,5,365.911,309.542,mc,3,1760555221223
1760555271923,6,818.263,469.436,mc,4,1760555221223
1760555271923,7,76.6068,365.222,mc,3,1760555221223
1760555271923,8,455.535,559.22,mc,4,1760555221223
1760555271923,9,290.081,558.822,mc,4,1760555221223
1760555271923,10,616.851,709.301,mc,4,1760555221223
1760555271923,11,211.45,457.502,mc,3,1760555221223
1760555271923,12,602.253,351.627,mc,5,1760555221223
1760555271923,13,658.483,380.49,mc,2,1760555221223
1760555271923,14,458.969,492.237,mc,4,1760555221223
1760555271923,15,686.244,576.599,mc,5,1760555221223
1760555271923,16,366.533,466.476,mc,0,1760555221223
1760555272023,2,540.8,342.873,mc,5,1760555221223
1760555272023,3,213.556,231.801,mc,3,1760555221223
1760555272023,4,461.838,385.009,mc,4,1760555221223
1760555272023,5,366.42,309.412,mc,3,1760555221223
1760555272023,6,818.508,469.969,mc,4,1760555221223
1760555272023,7,76.3083,365.182,mc,3,1760555221223
1760555272023,8,455.672,558.601,mc,4,1760555221223
1760555272023,9,289.625,559.152,mc,4,1760555221223
1760555272023,10,616.564,709.177,mc,4,1760555221223
1760555272023,11,211.15,457.283,mc,3,1760555221223
1760555272023,12,601.817,351.4,mc,5,1760555221223
1760555272023,13,659.096,380.473,mc,2,1760555221223
1760555272023,14,458.79,492.489,mc,4,1760555221223
1760555272023,15,685.825,576.48,mc,5,1760555221223
1760555272023,16,366.654,466.811,mc,0,1760555221223
1760555272123,2,541.281,342.929,mc,5,1760555221223
1760555272123,3,213.93,231.874,mc,3,1760555221223
1760555272123,4,462.288,385.212,mc,4,1760555221223
1760555272123,5,366.929,309.282,mc,3,1760555221223
1760555272123,6,818.754,470.502,mc,4,1760555221223
1760555272123,7,76.0097,365.143,mc,3,1760555221223
1760555272123,8,455.808,557.981,mc,4,1760555221223
1760555272123,9,289.168,559.482,mc,4,1760555221223
1760555272123,10,616.277,709.054,mc,4,1760555221223
1760555272123,11,210.851,457.063,mc,3,1760555221223
1760555272123,12,601.381,351.173,mc,5,1760555221223
1760555272123,13,659.709,380.456,mc,2,1760555221223
1760555272123,14,458.612,492.741,mc,4,1760555221223
1760555272123,15,685.406,576.361,mc,5,1760555221223
1760555272123,16,366.775,467.145,mc,0,1760555221223
