timestamp,ue_id,x_est,y_est,x_true,y_true
1784546871496,1,543.710416220561,258.907484362558,537.09,260.954
1784546871596,1,543.164247454866,258.569885857015,536.727,260.518
1784546871696,1,542.61478028189,258.230234192373,536.365,260.083
1784546871796,1,542.06216489162,257.88859562239,536.003,259.647
1784546871896,1,541.506631694354,257.54507132251,535.641,259.212
1784546871996,1,540.94849352637,257.19979740977,535.279,258.776
1784546872096,1,540.388146213056,256.852942972915,534.917,258.34
1784546872196,1,539.826055845632,256.504701328513,534.555,257.905
1784546872296,1,539.262711862964,256.155282441391,534.193,257.469
1784546872396,1,538.698626251325,255.804911408686,533.831,257.033
1784546872496,1,538.134371333586,255.453829704509,533.469,256.598
1784546872596,1,537.570575837963,255.102294879098,533.107,256.162
1784546872696,1,537.00786622986,254.750574645763,532.745,255.727
1784546872796,1,536.446853399223,254.398946132606,532.383,255.291
1784546872896,1,535.888131992027,254.047695372408,532.021,254.855
1784546872996,1,535.332278249095,253.697117461313,531.659,254.42
1784546873096,1,534.77984756199,253.347516039549,531.297,253.984
1784546873196,1,534.23137316082,252.999203529535,530.935,253.549
1784546873296,1,533.687364914753,252.652499618172,530.573,253.113
1784546873396,1,533.148311053726,252.307729272872,530.211,252.677
1784546873496,1,532.614680566208,251.9652223578,529.849,252.242
1784546873596,1,532.086924527644,251.625313377938,529.487,251.806
1784546873696,1,531.565473868583,251.288337861382,529.125,251.371
1784546873796,1,531.050739945228,250.954631745046,528.763,250.935
1784546873896,1,530.543115790756,250.624530893677,528.401,250.499
1784546873996,1,530.042976558609,250.29837058994,528.039,250.064
1784546874096,1,529.550676587466,249.976484767984,527.677,249.628
1784546874196,1,529.066548528524,249.65920679082,527.315,249.193
1784546874296,1,528.590905038704,249.346869300375,526.953,248.757
1784546874396,1,528.124038738965,249.039802532598,526.591,248.321
1784546874496,1,527.66621863375,248.738334457109,526.229,247.886
1784546874596,1,527.217698138046,248.442791598949,525.867,247.45
1784546874696,1,526.778719523388,248.153499352346,525.505,247.015
1784546874796,1,526.349514468685,247.87078264229,525.142,246.579
1784546874896,1,525.93030139495,247.594964986765,524.78,246.143
1784546874996,1,525.5212841984,247.326367125357,524.418,245.708
1784546875096,1,525.122645234982,247.065305467942,524.056,245.272
1784546875196,1,524.734543256598,246.812091857963,523.694,244.837
1784546875296,1,524.357114800308,246.567033557657,523.332,244.401
1784546875396,1,523.990477272899,246.330433170612,522.97,243.965
1784546875496,1,523.634735807508,246.102590518902,522.608,243.53
1784546875596,1,523.289986254227,245.883802660382,522.246,243.094
1784546875696,1,522.956316567209,245.674363168446,521.884,242.659
1784546875796,1,522.633806912172,245.474556874301,521.522,242.223
1784546875896,1,522.32252880409,245.284656920236,521.16,241.787
1784546875996,1,522.022543580721,245.104923306041,520.798,241.352
1784546876096,1,521.733899751853,244.935598400601,520.436,240.916
1784546876196,1,521.456627633691,244.77690625781,520.074,240.481
1784546876296,1,521.190739721693,244.629052247468,519.712,240.045
1784546876396,1,520.936231340407,244.492219691456,519.35,239.609
1784546876496,1,520.693081619422,244.366568737483,518.988,239.174
1784546876596,1,520.461254395592,244.252234375183,518.626,238.738
1784546876696,1,520.240698177651,244.14932468785,518.264,238.303
1784546876796,1,520.031343083391,244.057920655617,517.917,237.893
1784546876896,1,519.833098399361,243.978076564229,518.001,238.2
1784546876996,1,519.645851853968,243.909820494026,518.085,238.507
1784546877096,1,519.469474259665,243.853154961258,518.168,238.814
1784546877196,1,519.303821509817,243.808057413313,518.252,239.122
1784546877296,1,519.148736060964,243.774480582812,518.336,239.429
1784546877396,1,519.00404983018,243.752354209956,518.419,239.736
1784546877496,1,518.869586585043,243.741590286589,518.503,240.044
1784546877596,1,518.745162177075,243.742084415181,518.586,240.351
1784546877696,1,518.630582920598,243.753716106002,518.67,240.658
1784546877796,1,518.525648422537,243.776349788019,518.754,240.966
1784546877896,1,518.430152059396,243.809835548695,518.837,241.273
1784546877996,1,518.343878180221,243.854011439774,518.921,241.58
1784546878096,1,518.266602695435,243.908705291483,519.005,241.888
1784546878196,1,518.198096357929,243.973735588683,519.088,242.195
1784546878296,1,518.138122250677,244.04891182903,519.172,242.502
1784546878396,1,518.0864340908,244.13403616392,519.256,242.809
1784546878496,1,518.0427751886,244.228904891336,519.339,243.117
1784546878596,1,518.006889019746,244.333309849888,519.423,243.424
1784546878696,1,517.978522213085,244.447039457139,519.507,243.731
1784546878796,1,517.957423759995,244.569878472666,519.59,244.039
1784546878896,1,517.943342311101,244.701607337784,519.674,244.346
1784546878996,1,517.9360290814,244.842002213737,519.757,244.653
1784546879096,1,517.9352383812,244.99083635049,519.841,244.961
1784546879196,1,517.940726232454,245.147880612197,519.925,245.268
1784546879296,1,517.952252070082,245.312905931305,520.008,245.575
1784546879396,1,517.969580349979,245.485685045338,520.092,245.883
1784546879496,1,517.992481125889,245.665993402308,520.176,246.19
1784546879596,1,518.020730963132,245.853609500624,520.259,246.497
1784546879696,1,518.054113531648,246.048317224058,520.343,246.804
1784546879796,1,518.09241959484,246.249906836217,520.427,247.112
1784546879896,1,518.135446458514,246.458175588962,520.51,247.419
1784546879996,1,518.182995210971,246.672927105545,520.594,247.726
1784546880096,1,518.234866176712,246.893970551492,520.678,248.034
1784546880196,1,518.290857146653,247.121120210136,520.761,248.341
1784546880296,1,518.350761450122,247.354194610013,520.845,248.648
1784546880396,1,518.41437061367,247.593016478804,520.928,248.956
1784546880496,1,518.48147958162,247.837415498128,521.012,249.263
1784546880596,1,518.551887653716,248.087228265569,521.096,249.57
1784546880696,1,518.625398816566,248.342297899585,521.179,249.877
1784546880796,1,518.701823970022,248.602475075468,521.263,250.185
1784546880896,1,518.78098121866,248.867617942419,521.347,250.492
1784546880996,1,518.862695722967,249.13759154614,521.43,250.799
1784546881096,1,518.946800140843,249.412267919752,521.514,251.107
1784546881196,1,519.03313435761,249.691525493559,521.598,251.414
1784546881296,1,519.121544746402,249.975247908052,521.681,251.721
1784546881396,1,519.211883679427,250.263323068767,521.765,252.029
1784546881496,1,519.304008679559,250.55564375573,521.849,252.336
1784546881596,1,519.397780276086,250.852108638719,521.932,252.643
1784546881696,1,519.493062009987,251.152622054917,522.016,252.951
1784546881796,1,519.589723592463,251.457095738591,522.099,253.258
1784546881896,1,519.687641733618,251.765450219782,522.183,253.565
1784546881996,1,519.786699424831,252.077614616193,522.267,253.872
1784546882096,1,519.886785895198,252.393527675328,522.35,254.18
1784546882196,1,519.987796680892,252.713136816941,522.434,254.487
1784546882296,1,520.089633695874,253.036399572085,522.518,254.794
1784546882396,1,520.192200900771,253.363284161551,522.601,255.102
1784546882496,1,520.295402760732,253.69376832491,522.685,255.409
1784546882596,1,520.399145426722,254.027838956937,522.769,255.716
1784546882696,1,520.503338052933,254.365495237301,522.852,256.024
1784546882796,1,520.607875028881,254.706747273379,522.936,256.331
1784546882896,1,520.712636844644,255.051610932497,523.02,256.638
1784546882996,1,520.817506574394,255.400106418599,523.103,256.945
1784546883096,1,520.922367247432,255.752256659269,523.187,257.253
1784546883196,1,521.027096066405,256.108084814845,523.271,257.56
1784546883296,1,521.131563917543,256.467614079042,523.354,257.867
1784546883396,1,521.235638756589,256.830869368619,523.438,258.175
1784546883496,1,521.339186109542,257.1978791093,523.521,258.482
1784546883596,1,521.442068670282,257.568674976855,523.605,258.789
1784546883696,1,521.544145837004,257.943293064867,523.689,259.097
1784546883796,1,521.645273231602,258.321772149011,523.772,259.404
1784546883896,1,521.745301412591,258.704148526576,523.856,259.711
1784546883996,1,521.844071962863,259.090451440133,523.94,260.019
1784546884096,1,521.941415413055,259.480700766434,524.023,260.326
1784546884196,1,522.037150786023,259.874905482104,524.107,260.633
1784546884296,1,522.131085941708,260.273063215528,524.191,260.94
1784546884396,1,522.223017799422,260.67516043596,524.274,261.248
1784546884496,1,522.312736428536,261.081174457398,524.358,261.555
1784546884596,1,522.400035640912,261.491077302421,524.442,261.862
1784546884696,1,522.484712571709,261.904835452809,524.525,262.17
1784546884796,1,522.566559458171,262.322409420533,524.609,262.477
1784546884896,1,522.645371542631,262.743752400882,524.692,262.784
1784546884996,1,522.720950452633,263.168809114666,524.776,263.092
1784546885096,1,522.793107946409,263.597518048515,524.86,263.399
1784546885196,1,522.861666586131,264.029815230539,524.943,263.706
1784546885296,1,522.926458838427,264.465633482452,525.027,264.014
1784546885396,1,522.987324493251,264.904900396222,525.111,264.321
1784546885496,1,523.044106697797,265.34753549057,525.194,264.628
1784546885596,1,523.096639073452,265.793444938915,525.278,264.935
1784546885696,1,523.144741439832,266.242519358616,525.362,265.243
1784546885796,1,523.188219099701,266.694634529853,525.445,265.55
1784546885896,1,523.226862886302,267.149650388329,525.529,265.857
1784546885996,1,523.260452618847,267.607409945234,525.613,266.165
1784546886096,1,523.288771195304,268.067740873955,525.696,266.472
1784546886196,1,523.311608003285,268.530455052482,525.78,266.779
1784546886296,1,523.328757317019,268.995349349184,525.687,267.356
1784546886396,1,523.340011752683,269.462203871407,525.56,267.985
1784546886496,1,523.345158497119,269.930779789025,525.432,268.614
1784546886596,1,523.343978696558,270.400819368161,525.305,269.243
1784546886696,1,523.336247433797,270.872051410183,525.178,269.872
1784546886796,1,523.321733250545,271.344191664893,525.051,270.502
1784546886896,1,523.300196259577,271.816943188093,524.924,271.131
1784546886996,1,523.271387731157,272.289995954556,524.797,271.76
1784546887096,1,523.235051926441,272.763027803531,524.669,272.389
1784546887196,1,523.190934938662,273.235708070015,524.542,273.018
1784546887296,1,523.138793886963,273.707701402439,524.415,273.647
1784546887396,1,523.078399157191,274.178666995292,524.288,274.276
1784546887496,1,523.009534700945,274.648257464916,524.161,274.905
1784546887596,1,522.931998319631,275.116121768189,524.034,275.534
1784546887696,1,522.845601143341,275.581910203844,523.907,276.163
1784546887796,1,522.750164587329,276.045275558881,523.779,276.792
1784546887896,1,522.64551873037,276.505872119367,523.652,277.421
1784546887996,1,522.531499349538,276.963355754384,523.525,278.05
1784546888096,1,522.407950493464,277.417384850645,523.398,278.679
1784546888196,1,522.274725401525,277.867622690627,523.271,279.308
1784546888296,1,522.131685900755,278.313738828977,523.144,279.937
1784546888396,1,521.978704816048,278.755407645984,523.016,280.566
1784546888496,1,521.815670191141,279.192306259073,522.889,281.195
1784546888596,1,521.642489559143,279.624112502874,522.762,281.824
1784546888696,1,521.459091510105,280.050503069203,522.635,282.453
1784546888796,1,521.265426706115,280.471152410603,522.508,283.082
1784546888896,1,521.061468332677,280.885734491243,522.381,283.711
1784546888996,1,520.847212004589,281.293923061681,522.254,284.34
1784546889096,1,520.622675987421,281.695392349458,522.126,284.969
1784546889196,1,520.387901966807,282.089817240347,521.999,285.598
1784546889296,1,520.142955605081,282.4768728373,521.872,286.227
1784546889396,1,519.88792549304,282.856237396692,521.745,286.856
1784546889496,1,519.622916858179,283.227600765354,521.618,287.485
1784546889596,1,519.348047909631,283.590667807523,521.491,288.114
1784546889696,1,519.063448404434,283.945162937987,521.363,288.743
1784546889796,1,518.769260288657,284.290830893424,521.236,289.372
1784546889896,1,518.465638381946,284.627436689525,521.109,290.002
1784546889996,1,518.152751349057,284.954766069778,520.982,290.631
1784546890096,1,517.830783062449,285.272628310026,520.855,291.26
1784546890196,1,517.499933307904,285.580857561422,520.728,291.889
1784546890296,1,517.16041655004,285.879312748359,520.601,292.518
1784546890396,1,516.812463395568,286.167880276819,520.473,293.147
1784546890496,1,516.456318344636,286.446475725412,520.346,293.776
1784546890596,1,516.092232884914,286.71504378376,520.219,294.405
1784546890696,1,515.72046592827,286.973559936596,520.092,295.034
1784546890796,1,515.34128781455,287.22202994995,519.965,295.663
1784546890896,1,514.954978767565,287.46048855839,519.798,296.215
1784546890996,1,514.561824910728,287.688997903026,519.241,296.013
1784546891096,1,514.162109408909,287.907645486282,518.684,295.811
1784546891196,1,513.756089326915,288.116539122428,518.126,295.608
1784546891296,1,513.343982498783,288.315802466387,517.569,295.406
1784546891396,1,512.925964322244,288.505572470976,517.012,295.204
1784546891496,1,512.502158901909,288.685994821861,516.455,295.001
1784546891596,1,512.072647233813,288.857224212258,515.897,294.799
1784546891696,1,511.637506193646,289.019432164489,515.34,294.596
1784546891796,1,511.196824740648,289.172810095436,514.783,294.394
1784546891896,1,510.750707261137,289.317570600335,514.226,294.192
1784546891996,1,510.299275582332,289.453949833203,513.668,293.989
1784546892096,1,509.842670688877,289.582208450761,513.111,293.787
1784546892196,1,509.381053006813,289.702630796722,512.554,293.584
1784546892296,1,508.914600343213,289.815524183646,511.997,293.382
1784546892396,1,508.443507122728,289.921218333811,511.44,293.18
1784546892496,1,507.967978798605,290.020064497915,510.882,292.977
1784546892596,1,507.488231932247,290.11243233678,510.325,292.775
1784546892696,1,507.004495106702,290.198704268723,509.768,292.572
1784546892796,1,506.517006111166,290.27927336953,509.211,292.37
1784546892896,1,506.026012754188,290.354541494656,508.653,292.168
1784546892996,1,505.531774408152,290.42491849754,508.096,291.965
1784546893096,1,505.034560799725,290.490821525051,507.539,291.763
1784546893196,1,504.534639926665,290.552674108369,506.982,291.56
1784546893296,1,504.032272632302,290.610906213848,506.424,291.358
1784546893396,1,503.52771383669,290.665953416409,505.867,291.156
1784546893496,1,503.021214887581,290.718256445995,505.31,290.953
1784546893596,1,502.513025921524,290.768260674468,504.753,290.751
1784546893696,1,502.003398333072,290.816414854596,504.195,290.548
1784546893796,1,501.492587550449,290.863170630538,503.638,290.346
1784546893896,1,500.980855517294,290.908982309637,503.081,290.144
1784546893996,1,500.468472966435,290.954306116462,502.524,289.941
1784546894096,1,499.955721347466,290.999597870086,501.966,289.739
1784546894196,1,499.442892953881,291.045311843752,501.409,289.536
1784546894296,1,498.930284709806,291.09189875782,500.852,289.334
1784546894396,1,498.418195807214,291.139803629159,500.295,289.132
1784546894496,1,497.90691956077,291.189462347778,499.737,288.929
1784546894596,1,497.396741009401,291.241300700414,499.18,288.727
1784546894696,1,496.887932149638,291.295734310441,498.623,288.524
1784546894796,1,496.380753449543,291.353169072691,498.066,288.322
1784546894896,1,495.875459822474,291.414001068785,497.509,288.12
1784546894996,1,495.372302999326,291.478615715713,496.951,287.917
1784546895096,1,494.871531181572,291.547385113491,496.394,287.715
1784546895196,1,494.373390287468,291.620667001818,495.837,287.513
1784546895296,1,493.878112182981,291.698803571871,495.28,287.31
1784546895396,1,493.385913359755,291.782117492471,494.722,287.108
1784546895496,1,492.896999074355,291.870909743272,494.165,286.905
1784546895596,1,492.411569995493,291.965460470066,493.608,286.703
1784546895696,1,491.929820250546,292.066029700331,493.051,286.501
1784546895796,1,491.45193825338,292.172855755677,492.493,286.298
1784546895896,1,490.978106154468,292.286153153042,491.936,286.096
1784546895996,1,490.508491326302,292.406111774508,491.451,286.202
1784546896096,1,490.043245897891,292.532895967396,491.04,286.629
1784546896196,1,489.582507909522,292.666641965906,490.629,287.056
1784546896296,1,489.126399351982,292.807455341402,490.218,287.484
1784546896396,1,488.675027006034,292.955413507546,489.808,287.911
1784546896496,1,488.22848345674,293.110571860935,489.397,288.338
1784546896596,1,487.786850655581,293.272965056971,488.986,288.766
1784546896696,1,487.350209107588,293.442606998192,488.575,289.193
1784546896796,1,486.918642361246,293.619491684257,488.165,289.62
1784546896896,1,486.492239223432,293.803594682026,487.754,290.048
1784546896996,1,486.071095776379,293.99487439264,487.343,290.475
1784546897096,1,485.655315364364,294.193272706233,486.933,290.902
1784546897196,1,485.245001714703,294.398715411861,486.522,291.33
1784546897296,1,484.840255302932,294.61111306374,486.111,291.757
1784546897396,1,484.441173574571,294.830365428957,485.7,292.184
1784546897496,1,484.04785342518,295.056361964879,485.29,292.612
1784546897596,1,483.660392480485,295.288981543587,484.879,293.039
1784546897696,1,483.278891523216,295.528094254486,484.468,293.466
1784546897796,1,482.90345479097,295.773561389192,484.057,293.894
1784546897896,1,482.534188363239,296.025235897481,483.647,294.321
1784546897996,1,482.171199030016,296.282962379933,483.236,294.748
1784546898096,1,481.814592643092,296.546576990394,482.825,295.176
1784546898196,1,481.464465997761,296.815907039676,482.414,295.603
1784546898296,1,481.120911435336,297.090772577382,482.004,296.03
1784546898396,1,480.78401915969,297.370989745756,481.593,296.458
1784546898496,1,480.453875814617,297.656372128169,481.182,296.885
1784546898596,1,480.130566059613,297.946729862631,480.772,297.312
1784546898696,1,479.814176387999,298.241868306708,480.361,297.74
1784546898796,1,479.504792022017,298.541586730084,479.95,298.167
1784546898896,1,479.202487836398,298.845677135554,479.539,298.594
1784546898996,1,478.907326212037,299.153923569043,479.129,299.022
1784546899096,1,478.619355487111,299.466103734249,478.718,299.449
1784546899196,1,478.338597659444,299.781991650756,478.307,299.876
1784546899296,1,478.06505660074,300.101364526268,477.896,300.304
1784546899396,1,477.798722916397,300.424005253949,477.486,300.731
1784546899496,1,477.539578334943,300.749701853131,477.075,301.158
1784546899596,1,477.287597732027,301.078246077623,476.664,301.586
1784546899696,1,477.042750464639,301.409433246181,476.253,302.013
1784546899796,1,476.805002169128,301.743066230128,475.843,302.44
1784546899896,1,476.574317389284,302.078956617001,475.432,302.868
1784546899996,1,476.350664102657,302.416924868158,475.021,303.295
1784546900096,1,476.134015622019,302.756801116666,474.611,303.722
1784546900196,1,475.924350571998,303.098424765798,474.2,304.15
1784546900296,1,475.721647444374,303.441644964003,473.789,304.577
1784546900396,1,475.525875289441,303.786322507589,473.378,305.004
1784546900496,1,475.336989973969,304.132329418905,472.968,305.432
1784546900596,1,475.154932453254,304.479548222888,472.557,305.859
1784546900696,1,474.97962808063,304.827872242583,472.146,306.286
1784546900796,1,474.810987459959,305.177204429218,471.735,306.714
1784546900896,1,474.648908841933,305.5274557316,471.325,307.141
1784546900996,1,474.493281335901,305.878543650405,470.914,307.569
1784546901096,1,474.343987427384,306.230390965224,470.88,307.895
1784546901196,1,474.200904452625,306.58292272073,470.9,308.208
1784546901296,1,474.063905138718,306.936064415637,470.92,308.521
1784546901396,1,473.932857998696,307.289741533085,470.939,308.834
1784546901496,1,473.807628585005,307.643878187761,470.959,309.146
1784546901596,1,473.688081350518,307.998395975022,470.979,309.459
1784546901696,1,473.574079511163,308.353216307054,470.999,309.772
1784546901796,1,473.465487014768,308.708267171383,471.018,310.084
1784546901896,1,473.36216952537,309.063483299311,471.038,310.397
1784546901996,1,473.26399469885,309.418804048149,471.058,310.71
1784546902096,1,473.170831737018,309.774172039326,471.078,311.023
1784546902196,1,473.082551339582,310.129530723723,471.097,311.335
1784546902296,1,472.99902503877,310.484821616098,471.117,311.648
1784546902396,1,472.920125337542,310.839984041734,471.137,311.961
1784546902496,1,472.845726100585,311.194955632001,471.157,312.273
1784546902596,1,472.775702923516,311.549672091193,471.176,312.586
1784546902696,1,472.709933182188,311.904070199974,471.196,312.899
1784546902796,1,472.648294862385,312.258090269558,471.216,313.212
1784546902896,1,472.59066535114,312.611675270188,471.236,313.524
1784546902996,1,472.536921366618,312.964769173694,471.255,313.837
1784546903096,1,472.486939245828,313.317315414289,471.275,314.15
1784546903196,1,472.440595093515,313.669255574018,471.295,314.462
1784546903296,1,472.397765231394,314.020527466581,471.314,314.775
1784546903396,1,472.358326830172,314.371065161851,471.334,315.088
1784546903496,1,472.322158135523,314.720802747534,471.354,315.401
1784546903596,1,472.289138444834,315.069674466823,471.374,315.713
1784546903696,1,472.259148483998,315.417613352621,471.393,316.026
1784546903796,1,472.232070859253,315.764550854134,471.413,316.339
1784546903896,1,472.207791110244,316.110418373078,471.433,316.651
1784546903996,1,472.18619806521,316.455147385071,471.453,316.964
1784546904096,1,472.167183877151,316.798667252464,471.472,317.277
1784546904196,1,472.150643678335,317.140905575289,471.492,317.59
1784546904296,1,472.136475039907,317.48178816952,471.512,317.902
1784546904396,1,472.1245777844,317.821238151081,471.532,318.215
1784546904496,1,472.114853257006,318.159177178542,471.551,318.528
1784546904596,1,472.107203391255,318.495528946015,471.571,318.84
1784546904696,1,472.101531704854,318.830219172574,471.591,319.153
1784546904796,1,472.097743593974,319.163175763502,471.611,319.466
1784546904896,1,472.095744949319,319.494328163311,471.63,319.779
1784546904996,1,472.095442173416,319.823606163674,471.65,320.091
1784546905096,1,472.09674368603,320.150938997351,471.67,320.404
1784546905196,1,472.09956055459,320.476256189405,471.69,320.717
1784546905296,1,472.103807584712,320.799486891715,471.709,321.029
1784546905396,1,472.109403874375,321.120558368954,471.729,321.342
1784546905496,1,472.116272872493,321.439394297239,471.749,321.655
1784546905596,1,472.124342352864,321.755914216384,471.769,321.968
1784546905696,1,472.13354409469,322.070034751987,471.788,322.28
1784546905796,1,472.143812693086,322.381667652912,471.808,322.593
1784546905896,1,472.155085335111,322.690719810037,471.828,322.906
1784546905996,1,472.167302409639,322.997093181598,471.848,323.218
1784546906096,1,472.180408370343,323.300684743348,471.867,323.531
1784546906196,1,472.194351464848,323.601389993849,471.887,323.844
1784546906296,1,472.209083674165,323.899104151323,471.907,324.157
1784546906396,1,472.224561091784,324.193722352334,471.927,324.469
1784546906496,1,472.240744025905,324.48514060675,471.946,324.782
1784546906596,1,472.257597402551,324.773254418417,471.966,325.095
1784546906696,1,472.275091699257,325.057955259946,471.986,325.407
1784546906796,1,472.293203103215,325.33912945116,472.006,325.72
1784546906896,1,472.311913430513,325.616659892324,472.025,326.033
1784546906996,1,472.331209710554,325.890426011955,472.045,326.346
1784546907096,1,472.351082775847,326.160304465836,472.065,326.658
1784546907196,1,472.371527161199,326.42616883472,472.085,326.971
1784546907296,1,472.392542293324,326.687890924893,472.104,327.284
1784546907396,1,472.41413328957,326.945342602945,472.124,327.596
1784546907496,1,472.436313152105,327.198394838395,472.144,327.909
1784546907596,1,472.459103239596,327.446915352095,472.163,328.222
1784546907696,1,472.482533216172,327.690768434689,472.183,328.535
1784546907796,1,472.506641259419,327.929813585189,472.203,328.847
1784546907896,1,472.531474403118,328.163904280305,472.223,329.16
1784546907996,1,472.557088546719,328.392887384965,472.242,329.473
1784546908096,1,472.583548433216,328.616603286615,472.262,329.786
1784546908196,1,472.610927529484,328.834885919954,472.282,330.098
1784546908296,1,472.639307250821,329.04756539146,472.302,330.411
1784546908396,1,472.668774579538,329.254470753586,472.321,330.724
1784546908496,1,472.699421132985,329.455434925598,472.341,331.036
1784546908596,1,472.731342297773,329.650297727251,472.361,331.349
1784546908696,1,472.764637845513,329.838905642932,472.381,331.662
1784546908796,1,472.79941240284,330.021110909942,472.4,331.975
1784546908896,1,472.835776088716,330.1967708003,472.42,332.287
1784546908996,1,472.873843842807,330.365746905331,472.44,332.6
1784546909096,1,472.913735774009,330.527902387353,472.46,332.913
1784546909196,1,472.955576263901,330.683102404054,472.479,333.225
1784546909296,1,472.999493539668,330.831220307226,472.499,333.538
1784546909396,1,473.045619655553,330.972138658753,472.519,333.851
1784546909496,1,473.094090881993,331.105749368449,472.539,334.164
1784546909596,1,473.145047187506,331.231956416004,472.558,334.476
1784546909696,1,473.19863200965,331.350676245168,472.578,334.789
1784546909796,1,473.254992503396,331.461836982066,472.598,335.102
1784546909896,1,473.314280095759,331.565376900002,472.618,335.414
1784546909996,1,473.376652951888,331.661240238525,472.637,335.727
1784546910096,1,473.442276378902,331.749375803269,472.657,336.04
1784546910196,1,473.511321986432,331.829737174177,472.677,336.353
1784546910296,1,473.583965194793,331.902284923159,472.697,336.665
1784546910396,1,473.660384365095,331.966987822962,472.716,336.978
1784546910496,1,473.740760459913,332.023826213175,472.736,337.291
1784546910596,1,473.825276688088,332.072793721957,472.799,337.536
1784546910696,1,473.91411856284,332.113900316091,473.146,337.342
1784546910796,1,474.007472542116,332.147168761964,473.493,337.147
1784546910896,1,474.105512131045,332.172633877817,473.84,336.953
1784546910996,1,474.208385227657,332.190344317944,474.188,336.758
1784546911096,1,474.316223204316,332.200361150711,474.535,336.563
1784546911196,1,474.429143603027,332.202754769558,474.882,336.369
1784546911296,1,474.547249459526,332.197606480044,475.229,336.174
1784546911396,1,474.670628867085,332.18500844659,475.576,335.979
1784546911496,1,474.799357424748,332.165061052879,475.923,335.785
1784546911596,1,474.933502733236,332.137872291111,476.271,335.59
1784546911696,1,475.073140892207,332.103557864607,476.618,335.396
1784546911796,1,475.218360271224,332.06224127482,476.965,335.201
1784546911896,1,475.369261364722,332.014054357078,477.312,335.006
1784546911996,1,475.525956114902,331.959139312302,477.659,334.812
1784546912096,1,475.688567825484,331.897648567399,478.006,334.617
1784546912196,1,475.857234814149,331.829746036777,478.353,334.423
1784546912296,1,476.03211071699,331.755608085001,478.701,334.228
1784546912396,1,476.213360262159,331.675423539035,479.048,334.033
1784546912496,1,476.40114567639,331.58939133266,479.395,333.839
1784546912596,1,476.595620500748,331.497715858438,479.742,333.644
1784546912696,1,476.79691959862,331.400605448449,480.089,333.45
1784546912796,1,477.005154636417,331.298271654095,480.436,333.255
1784546912896,1,477.220414105973,331.190928143943,480.784,333.06
1784546912996,1,477.442760881051,331.078792135559,481.131,332.866
1784546913096,1,477.672230548149,330.962083468584,481.478,332.671
1784546913196,1,477.908830063705,330.841024652886,481.825,332.476
1784546913296,1,478.152536869064,330.715841513439,482.172,332.282
1784546913396,1,478.403297595145,330.586763650984,482.519,332.087
1784546913496,1,478.661027584029,330.454023621757,482.867,331.893
1784546913596,1,478.925612300642,330.317859161482,483.214,331.698
1784546913696,1,479.196919055786,330.17851478554,483.561,331.503
1784546913796,1,479.474831272528,330.036242674249,483.908,331.309
1784546913896,1,479.759255847046,329.891303204203,484.255,331.114
1784546913996,1,480.050122061232,329.743964585944,484.602,330.92
1784546914096,1,480.347377418408,329.594499017506,484.949,330.725
1784546914196,1,480.650969353558,329.443179117956,485.297,330.53
1784546914296,1,480.960829829136,329.290274203628,485.644,330.336
1784546914396,1,481.276869454128,329.136050032579,485.991,330.141
1784546914496,1,481.598978014613,328.980769201861,486.338,329.946
1784546914596,1,481.927023411613,328.824690917282,486.685,329.752
1784546914696,1,482.260851333023,328.668072356265,487.032,329.557
1784546914796,1,482.600289248531,328.511167822826,487.38,329.363
1784546914896,1,482.945148317076,328.354226662139,487.727,329.168
1784546914996,1,483.295228879644,328.197494139809,488.074,328.973
1784546915096,1,483.650345653318,328.041215260144,488.421,328.779
1784546915196,1,484.010336159705,327.88563634269,488.768,328.584
1784546915296,1,484.375063014558,327.73100607291,489.115,328.39
1784546915396,1,484.744414148927,327.577576414944,489.462,328.195
1784546915496,1,485.118299908975,327.425603334075,489.81,328
1784546915596,1,485.49665092836,327.275347428814,490.157,327.806
1784546915696,1,485.879412097379,327.127074231308,490.504,327.611
1784546915796,1,486.266523681293,326.98105296248,490.851,327.416
1784546915896,1,486.657916114634,326.837556734273,491.198,327.222
1784546915996,1,487.053511647382,326.696862341397,491.545,327.027
1784546916096,1,487.453223376388,326.559246714668,491.893,326.833
1784546916196,1,487.85695341996,326.424982959249,492.24,326.638
1784546916296,1,488.264591128012,326.294335881086,492.587,326.443
1784546916396,1,488.676011137028,326.167561497938,492.934,326.249
1784546916496,1,489.091072788774,326.04490765001,493.281,326.054
1784546916596,1,489.509623351393,325.926615181472,493.628,325.86
1784546916696,1,489.931497736301,325.812920911843,493.975,325.665
1784546916796,1,490.356516264299,325.704058977268,494.323,325.47
1784546916896,1,490.784483029875,325.600261420258,494.67,325.276
1784546916996,1,491.21518559626,325.501758703444,495.017,325.081
1784546917096,1,491.648400286363,325.408780192462,495.364,324.886
1784546917196,1,492.083893061637,325.32155399725,495.711,324.692
1784546917296,1,492.521421352075,325.240304979175,496.058,324.497
1784546917396,1,492.960731999237,325.165254499944,496.406,324.303
1784546917496,1,493.40156356251,325.096620246238,496.753,324.108
1784546917596,1,493.843657743392,325.034614413958,497.1,323.913
1784546917696,1,494.286760603306,324.979443052281,497.447,323.719
1784546917796,1,494.730620494408,324.93130504903,497.794,323.524
1784546917896,1,495.174986880401,324.890393946412,498.141,323.33
1784546917996,1,495.619612468657,324.856899614631,498.488,323.135
1784546918096,1,496.064254555313,324.83100800947,498.836,322.94
1784546918196,1,496.508673852393,324.812898179138,499.208,323.106
1784546918296,1,496.952633927704,324.802737062979,499.59,323.39
1784546918396,1,497.395901071345,324.800667009293,499.971,323.674
1784546918496,1,497.838242638479,324.806802262484,500.352,323.958
1784546918596,1,498.279425603431,324.821227420394,500.733,324.242
1784546918696,1,498.71921705022,324.843999335894,501.115,324.527
1784546918796,1,499.157394946194,324.875151646878,501.496,324.811
1784546918896,1,499.593782355934,324.914703210458,501.877,325.095
1784546918996,1,500.028221573489,324.962654319187,502.259,325.379
1784546919096,1,500.460609230171,325.018992706187,502.64,325.663
1784546919196,1,500.890897415254,325.083694341823,503.021,325.947
1784546919296,1,501.319054597801,325.156718770247,503.402,326.232
1784546919396,1,501.745053102511,325.238007018886,503.784,326.516
1784546919496,1,502.168868465235,325.327482006374,504.165,326.8
1784546919596,1,502.59047842782,325.42504845003,504.546,327.084
1784546919696,1,503.009863092841,325.530592595629,504.927,327.368
1784546919796,1,503.427003484998,325.643981845842,505.309,327.652
1784546919896,1,503.841879590507,325.765064761327,505.69,327.937
1784546919996,1,504.254469926058,325.893672330889,506.071,328.221
1784546920096,1,504.664755441937,326.029619715617,506.452,328.505
1784546920196,1,505.072718497339,326.17270557406,506.834,328.789
1784546920296,1,505.478344405159,326.322714161664,507.215,329.073
1784546920396,1,505.8816299647,326.479426209716,507.596,329.357
1784546920496,1,506.282586745473,326.642620389016,507.977,329.642
1784546920596,1,506.681242246692,326.812072072012,508.359,329.926
1784546920696,1,507.077639168981,326.987561366611,508.74,330.21
1784546920796,1,507.471833722526,327.168874701168,509.121,330.494
1784546920896,1,507.863894214951,327.355804241879,509.503,330.778
1784546920996,1,508.253900448152,327.54814799936,509.884,331.062
1784546921096,1,508.641940245677,327.745708625596,510.265,331.347
1784546921196,1,509.028099878274,327.948290250576,510.646,331.631
1784546921296,1,509.412460310219,328.155696991047,511.028,331.915
1784546921396,1,509.795095391052,328.367730991068,511.409,332.199
1784546921496,1,510.176071468296,328.584187409324,511.79,332.483
1784546921596,1,510.555451593736,328.804852539996,512.171,332.767
1784546921696,1,510.933296537166,329.029504137788,512.553,333.052
1784546921796,1,511.309663356306,329.257913899761,512.934,333.336
1784546921896,1,511.684606925701,329.489847530329,513.315,333.62
1784546921996,1,512.058191368527,329.725065230563,513.696,333.904
1784546922096,1,512.430490464364,329.963322812328,514.078,334.188
1784546922196,1,512.801583266735,330.204371280473,514.459,334.472
1784546922296,1,513.171556965063,330.447956523522,514.84,334.757
1784546922396,1,513.540499405468,330.693818385969,515.221,335.041
1784546922496,1,513.908498484097,330.941691022004,515.603,335.325
1784546922596,1,514.275652746397,331.191307775405,515.984,335.609
1784546922696,1,514.642074117981,331.442401731049,516.365,335.893
1784546922796,1,515.007889584165,331.694705661355,516.747,336.177
1784546922896,1,515.373241243873,331.94795509004,517.128,336.462
1784546922996,1,515.738284853487,332.20188817004,517.509,336.746
1784546923096,1,516.103189125135,332.456244496626,517.89,337.03
1784546923196,1,516.4681380498,332.710763920551,518.272,337.314
1784546923296,1,516.833327969549,332.965184867795,518.653,337.598
1784546923396,1,517.198957102561,333.219241190721,519.034,337.882
1784546923496,1,517.565225143688,333.472661452588,519.415,338.167
1784546923596,1,517.932343582275,333.725171597421,519.797,338.451
1784546923696,1,518.300537624283,333.976494728524,520.178,338.735
1784546923796,1,518.670046630733,334.22635304314,520.559,339.019
1784546923896,1,519.041122927688,334.474480480439,520.94,339.303
1784546923996,1,519.414027345681,334.720630143943,521.322,339.587
1784546924096,1,519.789014957199,334.964574646321,521.703,339.872
1784546924196,1,520.16632339715,335.206104977135,522.084,340.156
1784546924296,1,520.546167049223,335.445029288338,522.465,340.44
1784546924396,1,520.928739342021,335.681173575527,522.847,340.724
1784546924496,1,521.314220934505,335.914389074122,523.244,340.851
1784546924596,1,521.702790582022,336.144558900901,523.649,340.898
1784546924696,1,522.094626096473,336.371598461495,524.054,340.944
1784546924796,1,522.489901703409,336.595451971905,524.459,340.991
1784546924896,1,522.88878260749,336.816081709138,524.864,341.038
1784546924996,1,523.291419798183,337.033464368777,525.269,341.084
1784546925096,1,523.697942954089,337.247589611835,525.674,341.131
1784546925196,1,524.108458028738,337.458457975323,526.079,341.178
1784546925296,1,524.523048134927,337.666081207204,526.484,341.224
1784546925396,1,524.941772897929,337.870482143695,526.889,341.271
1784546925496,1,525.364669022416,338.071695282262,527.294,341.317
1784546925596,1,525.791749708613,338.269768200438,527.698,341.364
1784546925696,1,526.223002873478,338.464765075451,528.103,341.411
1784546925796,1,526.658395962721,338.656766848933,528.508,341.457
1784546925896,1,527.097894886236,338.845870467336,528.913,341.504
1784546925996,1,527.541444187424,339.032188017106,529.318,341.551
1784546926096,1,527.988961148875,339.2158441371,529.723,341.597
1784546926196,1,528.440335374323,339.396968341885,530.128,341.644
1784546926296,1,528.895426971834,339.575692174177,530.533,341.691
1784546926396,1,529.35406550057,339.752147495681,530.938,341.737
1784546926496,1,529.816052585423,339.926466640111,531.343,341.784
1784546926596,1,530.281169938535,340.098784792724,531.748,341.831
1784546926696,1,530.749206116154,340.269248927692,532.153,341.877
1784546926796,1,531.219961445864,340.438019407507,532.558,341.924
1784546926896,1,531.693247873499,340.605269879437,532.963,341.971
1784546926996,1,532.168892874047,340.77118856814,533.368,342.017
1784546927096,1,532.646733160311,340.935976101786,533.773,342.064
1784546927196,1,533.126618570501,341.099845903379,534.178,342.111
1784546927296,1,533.608412080028,341.26302136712,534.583,342.157
1784546927396,1,534.091988402731,341.425736922513,534.988,342.204
1784546927496,1,534.577233060545,341.588235904009,535.393,342.251
1784546927596,1,535.064043459605,341.75077301683,535.798,342.297
1784546927696,1,535.55232095558,341.913608292581,536.203,342.344
1784546927796,1,536.041958174876,342.077000395306,536.608,342.39
1784546927896,1,536.532834408831,342.241204722393,537.013,342.437
1784546927996,1,537.024813319967,342.40647263701,537.418,342.484
1784546928096,1,537.517742495147,342.57305115892,537.823,342.53
1784546928196,1,538.01146016542,342.741184252544,538.228,342.577
1784546928296,1,538.505799598668,342.91111360316,538.633,342.624
1784546928396,1,539.000581940034,343.083078923432,539.038,342.67
1784546928496,1,539.495610561726,343.25731715621,539.443,342.717
1784546928596,1,539.990661867878,343.434059518659,539.848,342.764
1784546928696,1,540.485481256181,343.613525156907,540.253,342.81
1784546928796,1,540.979781533821,343.795918153759,540.658,342.857
1784546928896,1,541.473243537135,343.981426465272,541.063,342.904
1784546928996,1,541.965514855392,344.170223078541,541.468,342.95
1784546929096,1,542.456211459329,344.362473501009,541.873,342.997
1784546929196,1,542.944927463857,344.558338785169,542.278,343.044
1784546929296,1,543.431242128531,344.757977975831,542.683,343.09
1784546929396,1,543.914731890434,344.961549515644,543.088,343.137
1784546929496,1,544.394975416156,345.16921095828,543.493,343.184
1784546929596,1,544.87155239637,345.381118706071,543.898,343.23
1784546929696,1,545.344041297687,345.597426345877,544.303,343.277
1784546929796,1,545.812018016261,345.818283656642,544.708,343.324
1784546929896,1,546.275058215004,346.043836518867,545.113,343.37
1784546929996,1,546.732740330676,346.274225355498,545.518,343.417
1784546930096,1,547.18464843657,346.509580279299,545.923,343.463
1784546930196,1,547.630382139076,346.750015919738,546.327,343.51
1784546930296,1,548.069557405697,346.995628557798,546.732,343.557
1784546930396,1,548.501804512748,347.24649500092,547.137,343.603
1784546930496,1,548.926766127299,347.502672665455,547.542,343.65
1784546930596,1,549.344095319657,347.764200243456,547.947,343.697
1784546930696,1,549.753455419694,348.031099268196,548.352,343.743
1784546930796,1,550.154525445454,348.303373554443,548.757,343.79
1784546930896,1,550.547001728568,348.581009413138,549.162,343.837
1784546930996,1,550.930602821326,348.863980200581,549.567,343.883
1784546931096,1,551.305072008291,349.15224733529,549.972,343.93
1784546931196,1,551.670186122944,349.44576241394,550.377,343.977
1784546931296,1,552.025759044565,349.744467155906,550.782,344.023
1784546931396,1,552.371647780201,350.048293329212,551.187,344.07
1784546931496,1,552.707743008568,350.357160051965,551.592,344.117
1784546931596,1,553.033964417654,350.670970603437,551.997,344.163
1784546931696,1,553.350257344917,350.989605650533,552.402,344.21
1784546931796,1,553.656588605974,351.312919935505,552.787,344.298
1784546931896,1,553.952936569468,351.640739246843,552.905,344.935
1784546931996,1,554.239288898359,351.97286074121,553.023,345.571
1784546932096,1,554.515641160311,352.309053233249,553.141,346.207
1784546932196,1,554.781993905406,352.649056347019,553.259,346.843
1784546932296,1,555.038350198437,352.992580303141,553.377,347.48
1784546932396,1,555.284714165009,353.339309834406,553.495,348.116
1784546932496,1,555.521091166737,353.688906231858,553.613,348.752
1784546932596,1,555.747494711776,354.041010163888,553.731,349.389
1784546932696,1,555.96396132514,354.395248259787,553.849,350.025
1784546932796,1,556.170569942941,354.751237493525,553.967,350.661
1784546932896,1,556.367446968081,355.108591280333,554.085,351.297
1784546932996,1,556.55476572762,355.46691959437,554.203,351.934
1784546933096,1,556.732738421064,355.825826819318,554.321,352.57
1784546933196,1,556.901586073559,356.184907785803,554.439,353.206
1784546933296,1,557.061527957663,356.54374412211,554.557,353.843
1784546933396,1,557.212780804117,356.901902574381,554.675,354.479
1784546933496,1,557.355560667195,357.258935035849,554.793,355.115
1784546933596,1,557.490081607622,357.614378840185,554.911,355.751
1784546933696,1,557.616549506868,357.967758539668,555.03,356.388
1784546933796,1,557.735157643452,358.318586312003,555.148,357.024
1784546933896,1,557.846082975651,358.666360943948,555.266,357.66
1784546933996,1,557.949484921049,359.010568476686,555.384,358.297
1784546934096,1,558.045504837401,359.350685414812,555.502,358.933
1784546934196,1,558.134265538662,359.68617906897,555.62,359.569
1784546934296,1,558.215871076701,360.016506821079,555.738,360.205
1784546934396,1,558.290407410711,360.341117563784,555.856,360.842
1784546934496,1,558.357942893207,360.659452616147,555.974,361.478
1784546934596,1,558.41852826145,360.970945165104,556.092,362.114
1784546934696,1,558.472201348737,361.275023591967,556.21,362.751
1784546934796,1,558.519004191001,361.571121711745,556.328,363.387
1784546934896,1,558.558984810802,361.858680912709,556.446,364.023
1784546934996,1,558.592190865692,362.137151788398,556.564,364.659
1784546935096,1,558.618678935393,362.405995129672,556.682,365.296
1784546935196,1,558.638515200136,362.664686529171,556.8,365.932
1784546935296,1,558.651766906811,362.912718736956,556.918,366.568
1784546935396,1,558.658502507193,363.149602183493,557.036,367.205
1784546935496,1,558.658798603727,363.37486793195,557.154,367.841
1784546935596,1,558.652732914413,363.588065684208,557.272,368.477
1784546935696,1,558.640384270482,363.788764084617,557.39,369.113
1784546935796,1,558.621841984887,363.976557189749,557.508,369.75
1784546935896,1,558.597204657037,364.151063845954,557.626,370.386
1784546935996,1,558.566562122806,364.311921602033,557.744,371.022
1784546936096,1,558.529976852168,364.458788290733,557.862,371.658
1784546936196,1,558.48748031209,364.591342259723,557.98,372.295
1784546936296,1,558.439073728531,364.709282926725,558.098,372.931
1784546936396,1,558.384737040701,364.812337584177,558.217,373.567
1784546936496,1,558.324457665684,364.900273888902,558.063,373.474
1784546936596,1,558.25824423112,364.972907858235,557.799,373.086
1784546936696,1,558.186116836674,365.030097405409,557.535,372.699
1784546936796,1,558.108093253647,365.071739896918,557.272,372.311
1784546936896,1,558.024186326342,365.097771861157,557.008,371.924
1784546936996,1,557.934404336732,365.10816843482,556.745,371.536
1784546937096,1,557.838751974547,365.102941627859,556.481,371.148
1784546937196,1,557.737234147431,365.082139208799,556.217,370.761
1784546937296,1,557.629861213213,365.045842133137,555.954,370.373
1784546937396,1,557.516649454053,364.994154658484,555.69,369.986
1784546937496,1,557.397617308348,364.927200287504,555.426,369.598
1784546937596,1,557.272784555825,364.845120094657,555.163,369.211
1784546937696,1,557.14217205863,364.748072332267,554.899,368.823
1784546937796,1,557.005799252152,364.636231535877,554.636,368.436
1784546937896,1,556.863683630464,364.509788977525,554.372,368.048
1784546937996,1,556.71584164209,364.368953663291,554.108,367.66
1784546938096,1,556.562288969337,364.213950033177,553.845,367.273
1784546938196,1,556.403043644775,364.045017979201,553.581,366.885
1784546938296,1,556.238136980261,363.862414220003,553.318,366.498
1784546938396,1,556.067616470538,363.666412690539,553.054,366.11
1784546938496,1,555.891544987722,363.457303142571,552.79,365.723
1784546938596,1,555.710000966635,363.235391178988,552.527,365.335
1784546938696,1,555.523074385347,363.000996136418,552.263,364.948
1784546938796,1,555.330851518762,362.754444535077,552,364.56
1784546938896,1,555.133411676801,362.496068988982,551.736,364.172
1784546938996,1,554.930827598287,362.226207887606,551.472,363.785
1784546939096,1,554.723166712719,361.945205634175,551.209,363.397
1784546939196,1,554.510491582043,361.653411398035,550.945,363.01
1784546939296,1,554.292860703711,361.351179307752,550.682,362.622
1784546939396,1,554.070329112822,361.038869180789,550.418,362.235
1784546939496,1,553.84294782707,360.716847627687,550.154,361.847
1784546939596,1,553.610767274673,360.385488817858,549.891,361.46
1784546939696,1,553.373849477782,360.045175815807,549.627,361.072
1784546939796,1,553.13227157763,359.69630132963,549.364,360.684
1784546939896,1,552.886125578218,359.339265859973,549.1,360.297
1784546939996,1,552.635518974435,358.974477578583,548.836,359.909
1784546940096,1,552.380575045974,358.602353525193,548.573,359.522
1784546940196,1,552.121433012453,358.223319523899,548.309,359.134
1784546940296,1,551.858249011683,357.837806756609,548.046,358.747
1784546940396,1,551.591196763253,357.446248856761,547.782,358.359
1784546940496,1,551.320466602518,357.049068777159,547.518,357.971
1784546940596,1,551.046263861148,356.6466675306,547.255,357.584
1784546940696,1,550.768799336819,356.239419651414,546.991,357.196
1784546940796,1,550.488281681517,355.827663438299,546.728,356.809
1784546940896,1,550.204915162223,355.411699145591,546.464,356.421
1784546940996,1,549.918900469596,354.991790586036,546.2,356.034
1784546941096,1,549.630435094865,354.568167052806,545.937,355.646
1784546941196,1,549.339710867076,354.141025309373,545.673,355.259
1784546941296,1,549.046913412365,353.710535292365,545.41,354.871
1784546941396,1,548.752219551131,353.276856614157,545.146,354.483
1784546941496,1,548.455796962719,352.840144396222,544.882,354.096
1784546941596,1,548.157805219898,352.400552094534,544.619,353.708
1784546941696,1,547.858396162917,351.958233543402,544.355,353.321
1784546941796,1,547.557713563853,351.513343467902,544.092,352.933
1784546941896,1,547.255894134154,351.066036353671,543.828,352.546
1784546941996,1,546.953068032049,350.616467564955,543.564,352.158
1784546942096,1,546.64935663975,350.164794437676,543.301,351.771
1784546942196,1,546.344872793148,349.711176406043,543.037,351.383
1784546942296,1,546.039721561397,349.255772257693,542.774,350.995
1784546942396,1,545.734001118389,348.798740637691,542.51,350.608
1784546942496,1,545.427802520829,348.340240171591,542.246,350.22
1784546942596,1,545.121208711618,347.880430184726,541.983,349.833
1784546942696,1,544.814288461613,347.419471089089,541.719,349.445
1784546942796,1,544.507097236835,346.957521818812,541.456,349.058
1784546942896,1,544.199682522442,346.494743304992,541.411,348.598
1784546942996,1,543.89208266892,346.031293043357,541.456,348.109
1784546943096,1,543.584332685157,345.567317812122,541.502,347.619
1784546943196,1,543.276468381504,345.102949343724,541.547,347.129
1784546943296,1,542.968524657373,344.638299993484,541.593,346.64
1784546943396,1,542.660529497976,344.173460017378,541.638,346.15
1784546943496,1,542.352503674158,343.708499474823,541.684,345.661
1784546943596,1,542.044461933469,343.243470151779,541.729,345.171
1784546943696,1,541.736413431238,342.778407626094,541.775,344.682
1784546943796,1,541.428362914034,342.313333503982,541.82,344.192
1784546871496,2,274.975873551374,217.00241984083,269.897,219.587
1784546871596,2,275.260919930842,216.946273408422,270.292,219.462
1784546871696,2,275.547719605052,216.889778314725,270.686,219.336
1784546871796,2,275.836255152454,216.832930775545,271.081,219.211
1784546871896,2,276.126499802145,216.775726183905,271.475,219.085
1784546871996,2,276.418415739813,216.718159936034,271.869,218.96
1784546872096,2,276.711952715572,216.66022820778,272.264,218.834
1784546872196,2,277.007046213409,216.601930533741,272.658,218.709
1784546872296,2,277.303614686988,216.543271639894,273.052,218.584
1784546872396,2,277.601558804462,216.484262081024,273.447,218.458
1784546872496,2,277.900763601041,216.424918603247,273.841,218.333
1784546872596,2,278.201095119815,216.365265500704,274.236,218.207
1784546872696,2,278.502403659911,216.305334196378,274.63,218.082
1784546872796,2,278.804529605101,216.245164870662,275.024,217.956
1784546872896,2,279.107303680212,216.184807049491,275.419,217.831
1784546872996,2,279.410545900673,216.124319147298,275.813,217.705
1784546873096,2,279.714065566917,216.063766890201,276.208,217.58
1784546873196,2,280.017661204701,216.003223272347,276.602,217.454
1784546873296,2,280.321119904829,215.942768257732,276.996,217.329
1784546873396,2,280.624218287855,215.882486159899,277.391,217.203
1784546873496,2,280.926722251693,215.822465360071,277.785,217.078
1784546873596,2,281.228387261691,215.762798706418,278.18,216.953
1784546873696,2,281.528962292861,215.703584621505,278.574,216.827
1784546873796,2,281.82818992834,215.64492648332,278.968,216.702
1784546873896,2,282.125805274401,215.586933974041,279.363,216.576
1784546873996,2,282.421536140463,215.529723568396,279.757,216.451
1784546874096,2,282.715099605718,215.473420511822,280.152,216.325
1784546874196,2,283.006197103728,215.418160414636,280.546,216.2
1784546874296,2,283.2945134773,215.364089090177,280.94,216.074
1784546874396,2,283.579721507583,215.311360042938,281.335,215.949
1784546874496,2,283.861484736746,215.260134238424,281.729,215.823
1784546874596,2,284.139457241428,215.210579740244,282.124,215.698
1784546874696,2,284.413284949629,215.162869486839,282.518,215.572
1784546874796,2,284.68261225172,215.11717915498,282.912,215.447
1784546874896,2,284.947083965312,215.073686938655,283.307,215.322
1784546874996,2,285.206342999423,215.032573711192,283.701,215.196
1784546875096,2,285.460029095656,214.994023338121,284.095,215.071
1784546875196,2,285.707778856056,214.958223467167,284.49,214.945
1784546875296,2,285.949224446046,214.925365323313,284.884,214.82
1784546875396,2,286.18399248624,214.895641609425,285.279,214.694
1784546875496,2,286.411704865343,214.869245928604,285.673,214.569
1784546875596,2,286.631983891256,214.846372163781,286.067,214.443
1784546875696,2,286.844452924146,214.827214202929,286.462,214.318
1784546875796,2,287.048735634539,214.811965990319,286.856,214.192
1784546875896,2,287.244456442788,214.80082162245,287.251,214.067
1784546875996,2,287.431241913219,214.793975339685,287.645,213.941
1784546876096,2,287.608721194668,214.791621147386,288.039,213.816
1784546876196,2,287.776524631259,214.793952112769,288.434,213.691
1784546876296,2,287.934285160047,214.801157647481,288.828,213.565
1784546876396,2,288.081643812666,214.813420107207,289.223,213.44
1784546876496,2,288.218254806494,214.830911137596,289.617,213.314
1784546876596,2,288.343782185754,214.853794269185,290.011,213.189
1784546876696,2,288.457905707844,214.882224026329,290.406,213.063
1784546876796,2,288.560322470032,214.916345186751,290.8,212.938
1784546876896,2,288.650746661965,214.95629277857,291.195,212.812
1784546876996,2,288.728909373806,215.002193336481,291.589,212.687
1784546877096,2,288.794559784429,215.054164416446,291.983,212.561
1784546877196,2,288.847466150434,215.112314360475,292.378,212.436
1784546877296,2,288.887415269777,215.176741496037,292.772,212.31
1784546877396,2,288.914211960031,215.247535377123,293.167,212.185
1784546877496,2,288.927679424785,215.324777138532,293.561,212.06
1784546877596,2,288.927660813818,215.408538833892,293.955,211.934
1784546877696,2,288.914024309817,215.498880821003,294.35,211.809
1784546877796,2,288.886671097468,215.595849864481,294.744,211.683
1784546877896,2,288.845536866687,215.699478760417,295.138,211.558
1784546877996,2,288.790590799917,215.809786055993,295.533,211.432
1784546878096,2,288.721831694586,215.926775654826,295.927,211.307
1784546878196,2,288.63928681964,216.050436676382,296.322,211.181
1784546878296,2,288.543012717602,216.18074279939,296.716,211.056
1784546878396,2,288.433098428746,216.317650498345,297.11,210.93
1784546878496,2,288.30966747338,216.461098229018,297.505,210.805
1784546878596,2,288.172881250848,216.611004368113,297.899,210.679
1784546878696,2,288.02294186486,216.767266497827,298.294,210.554
1784546878796,2,287.860100431457,216.929760462233,298.312,210.638
1784546878896,2,287.684660663692,217.098337611599,297.975,210.92
1784546878996,2,287.496978690831,217.272823235413,297.637,211.203
1784546879096,2,287.297463926799,217.453015277979,297.299,211.485
1784546879196,2,287.086579596346,217.638683395407,296.961,211.767
1784546879296,2,286.864839401946,217.829568684304,296.624,212.05
1784546879396,2,286.632792600602,218.025383997116,296.286,212.332
1784546879496,2,286.391016170358,218.225814519536,295.948,212.615
1784546879596,2,286.140103949686,218.430521641601,295.61,212.897
1784546879696,2,285.880657093227,218.63915167359,295.273,213.179
1784546879796,2,285.613282345376,218.851338171447,294.935,213.462
1784546879896,2,285.33859173405,219.066702347795,294.597,213.744
1784546879996,2,285.057196482154,219.284857781308,294.259,214.027
1784546880096,2,284.769699921717,219.505413467404,293.922,214.309
1784546880196,2,284.47669422271,219.727973806552,293.584,214.592
1784546880296,2,284.17875939022,219.952138777261,293.246,214.874
1784546880396,2,283.876465064309,220.177503098691,292.908,215.156
1784546880496,2,283.570372044427,220.403654680732,292.571,215.439
1784546880596,2,283.261033571536,220.630172133299,292.233,215.721
1784546880696,2,282.948996734175,220.85662601712,291.895,216.004
1784546880796,2,282.634802438997,221.08257939197,291.558,216.286
1784546880896,2,282.318980075246,221.307591522399,291.22,216.568
1784546880996,2,282.002043635992,221.531222780311,290.882,216.851
1784546881096,2,281.684490133298,221.753036625636,290.544,217.133
1784546881196,2,281.366792411338,221.972606162263,290.207,217.416
1784546881296,2,281.049397601737,222.189517211606,289.869,217.698
1784546881396,2,280.73273086458,222.403366670502,289.531,217.98
1784546881496,2,280.417200132622,222.613757731389,289.193,218.263
1784546881596,2,280.103192725162,222.820301732286,288.856,218.545
1784546881696,2,279.791082781749,223.022613164937,288.518,218.828
1784546881796,2,279.481233234939,223.220308213991,288.18,219.11
1784546881896,2,279.173991741525,223.413006805992,287.842,219.393
1784546881996,2,278.869690608957,223.600332533532,287.505,219.675
1784546882096,2,278.5686468407,223.781913034009,287.167,219.957
1784546882196,2,278.271158364641,223.957383915646,286.829,220.24
1784546882296,2,277.977504099867,224.126389437258,286.491,220.522
1784546882396,2,277.687945241997,224.288582706589,286.154,220.805
1784546882496,2,277.402724203087,224.443625997129,285.816,221.087
1784546882596,2,277.122064533151,224.591190307419,285.478,221.369
1784546882696,2,276.846173159791,224.730953930219,285.14,221.652
1784546882796,2,276.575240154915,224.862601965348,284.803,221.934
1784546882896,2,276.309437749007,224.985826269504,284.465,222.217
1784546882996,2,276.048920946691,225.100324853363,284.127,222.499
1784546883096,2,275.793828880247,225.205800244375,283.789,222.781
1784546883196,2,275.544286863135,225.301960131959,283.452,223.064
1784546883296,2,275.300411131987,225.388518003814,283.114,223.346
1784546883396,2,275.06231083923,225.465192970218,282.776,223.629
1784546883496,2,274.830087601255,225.531710791663,282.438,223.911
1784546883596,2,274.603828883964,225.587809790217,282.101,224.194
1784546883696,2,274.383601220567,225.633245018146,281.763,224.476
1784546883796,2,274.16944775807,225.667790892079,281.425,224.758
1784546883896,2,273.961387891014,225.691242605292,281.087,225.041
1784546883996,2,273.759417609974,225.703416712516,280.75,225.323
1784546884096,2,273.563510303688,225.704152854956,280.412,225.606
1784546884196,2,273.373617794821,225.693314011054,280.074,225.888
1784546884296,2,273.189672364665,225.670785931215,279.737,226.17
1784546884396,2,273.011589720855,225.636477129778,279.399,226.453
1784546884496,2,272.839269591935,225.59031691336,279.061,226.735
1784546884596,2,272.672594545351,225.532255136911,278.723,227.018
1784546884696,2,272.511430644104,225.46226207058,278.386,227.3
1784546884796,2,272.355628048743,225.380328829415,278.048,227.582
1784546884896,2,272.20502107531,225.286468244842,277.71,227.865
1784546884996,2,272.059426293802,225.180716904654,277.372,228.147
1784546885096,2,271.918642228033,225.063136562433,277.035,228.43
1784546885196,2,271.782450570844,224.933814852168,276.697,228.712
1784546885296,2,271.650617793291,224.792865924083,276.359,228.995
1784546885396,2,271.522899088305,224.640430925423,276.021,229.277
1784546885496,2,271.39905094439,224.476679018513,275.684,229.559
1784546885596,2,271.278838828379,224.301805986669,275.433,229.508
1784546885696,2,271.162049815271,224.116026084645,275.33,228.89
1784546885796,2,271.048496067713,223.919570462768,275.228,228.271
1784546885896,2,270.938014062186,223.712687171918,275.125,227.653
1784546885996,2,270.830459994948,223.495641293494,275.023,227.035
1784546886096,2,270.72570902635,223.268714936395,274.92,226.417
1784546886196,2,270.623655730406,223.032205075959,274.817,225.799
1784546886296,2,270.524213895203,222.786423764137,274.715,225.181
1784546886396,2,270.427315916556,222.531698494415,274.612,224.563
1784546886496,2,270.332915922583,222.268372141177,274.509,223.945
1784546886596,2,270.240975735861,221.996810709238,274.407,223.327
1784546886696,2,270.151459285338,221.717409913807,274.304,222.709
1784546886796,2,270.064334560594,221.430592608838,274.201,222.091
1784546886896,2,269.979578464916,221.136796137163,274.099,221.473
1784546886996,2,269.897169310446,220.836482975918,273.996,220.855
1784546887096,2,269.817098162205,220.530128027464,273.893,220.237
1784546887196,2,269.739376682373,220.218213890531,273.791,219.619
1784546887296,2,269.66403795912,219.901228005678,273.688,219.001
1784546887396,2,269.591138247822,219.579660574829,273.585,218.383
1784546887496,2,269.52076281748,219.253996813634,273.483,217.765
1784546887596,2,269.453027248118,218.924714020009,273.38,217.147
1784546887696,2,269.388077266937,218.592273385541,273.278,216.529
1784546887796,2,269.326089187359,218.257118803477,273.175,215.911
1784546887896,2,269.267263884832,217.919682165835,273.072,215.293
1784546887996,2,269.211803314559,217.580398232588,272.97,214.675
1784546888096,2,269.159904772079,217.23970962102,272.867,214.057
1784546888196,2,269.111762471224,216.8980662302,272.764,213.439
1784546888296,2,269.06757321154,216.555918004255,272.662,212.82
1784546888396,2,269.027537995024,216.213714289525,272.559,212.202
1784546888496,2,268.991859126689,215.871906135449,272.456,211.584
1784546888596,2,268.960723485522,215.530952835083,272.354,210.966
1784546888696,2,268.934281730973,215.191332626181,272.251,210.348
1784546888796,2,268.912639746979,214.853549699836,272.148,209.73
1784546888896,2,268.895846055865,214.518145704823,272.046,209.112
1784546888996,2,268.88390102188,214.18569311129,271.943,208.494
1784546889096,2,268.876746821747,213.856800857181,271.841,207.876
1784546889196,2,268.874274725312,213.532108088016,271.738,207.258
1784546889296,2,268.87632791347,213.212280273749,271.635,206.64
1784546889396,2,268.882702996962,212.898008431519,271.533,206.022
1784546889496,2,268.893154880085,212.590002067624,271.43,205.404
1784546889596,2,268.907416576419,212.288956229376,271.327,204.786
1784546889696,2,268.925204259003,211.99554419359,271.225,204.168
1784546889796,2,268.946220987983,211.710418060613,271.122,203.55
1784546889896,2,268.970169617512,211.434206838241,271.019,202.932
1784546889996,2,268.99674795125,211.167516804377,270.917,202.314
1784546890096,2,269.025648802285,210.910931230583,270.814,201.696
1784546890196,2,269.056568295637,210.665005384933,270.711,201.078
1784546890296,2,269.089207545699,210.430262551143,270.609,200.46
1784546890396,2,269.123271884072,210.207192219152,270.498,200.342
1784546890496,2,269.158471074605,209.996248066793,270.378,200.752
1784546890596,2,269.194519585975,209.797847156889,270.258,201.163
1784546890696,2,269.231138541641,209.612365321359,270.137,201.573
1784546890796,2,269.268056936687,209.440134628522,270.017,201.984
1784546890896,2,269.305008594649,209.281446506696,269.897,202.394
1784546890996,2,269.341737643522,209.13655396507,269.777,202.805
1784546891096,2,269.37799948147,209.005672399285,269.657,203.215
1784546891196,2,269.41355681941,208.888982306027,269.537,203.626
1784546891296,2,269.448177209081,208.786635158323,269.417,204.036
1784546891396,2,269.481634856605,208.698748123166,269.297,204.447
1784546891496,2,269.513711655671,208.62540188224,269.177,204.857
1784546891596,2,269.544199040438,208.566640673265,269.057,205.268
1784546891696,2,269.572902887819,208.522471114583,268.937,205.678
1784546891796,2,269.599643432085,208.49286416232,268.816,206.089
1784546891896,2,269.624253706564,208.477760227737,268.696,206.499
1784546891996,2,269.646579580602,208.477069998886,268.576,206.91
1784546892096,2,269.666477784,208.490677363353,268.456,207.32
1784546892196,2,269.683810145722,208.518448845771,268.336,207.731
1784546892296,2,269.698442100166,208.56023587953,268.216,208.141
1784546892396,2,269.710241974233,208.61587680436,268.096,208.551
1784546892496,2,269.719076588416,208.685206068874,267.976,208.962
1784546892596,2,269.724807717203,208.768055228109,267.856,209.372
1784546892696,2,269.727293736421,208.864249364928,267.736,209.783
1784546892796,2,269.726387092929,208.973609901083,267.616,210.193
1784546892896,2,269.721933432691,209.095954136671,267.496,210.604
1784546892996,2,269.713772214231,209.231092218818,267.375,211.014
1784546893096,2,269.701739367456,209.378833150115,267.255,211.425
1784546893196,2,269.685667561307,209.538987422402,267.135,211.835
1784546893296,2,269.665387828048,209.711363765636,267.015,212.246
1784546893396,2,269.640734149647,209.895763577288,266.895,212.656
1784546893496,2,269.611545215896,210.091979079501,266.775,213.067
1784546893596,2,269.577669367394,210.299790579904,266.655,213.477
1784546893696,2,269.538974118432,210.518958274842,266.535,213.888
1784546893796,2,269.495346269687,210.749221336411,266.415,214.298
1784546893896,2,269.44668271161,210.990305026664,266.295,214.709
1784546893996,2,269.392885178606,211.241925988576,266.175,215.119
1784546894096,2,269.333859676811,211.503794407539,266.054,215.529
1784546894196,2,269.269517249783,211.775613817593,265.934,215.94
1784546894296,2,269.199776285735,212.057080063171,265.814,216.35
1784546894396,2,269.124563264461,212.347880113444,265.694,216.761
1784546894496,2,269.043811394269,212.647693958825,265.574,217.171
1784546894596,2,268.957453249975,212.956207390185,265.454,217.582
1784546894696,2,268.865414501877,213.273120267778,265.334,217.992
1784546894796,2,268.767612400878,213.598147278343,265.214,218.403
1784546894896,2,268.663954535355,213.931017820798,265.094,218.813
1784546894996,2,268.554342177912,214.271472140716,264.974,219.224
1784546895096,2,268.438676934836,214.61925440628,264.854,219.634
1784546895196,2,268.316862564469,214.974109202444,264.734,220.045
1784546895296,2,268.188805296129,215.335779731928,264.613,220.455
1784546895396,2,268.054414373319,215.704006779492,264.493,220.866
1784546895496,2,267.913602482483,216.07853031809,264.373,221.276
1784546895596,2,267.766284826815,216.459092171899,264.253,221.687
1784546895696,2,267.61237648544,216.845438321223,264.133,222.097
1784546895796,2,267.451795153395,217.237315677661,264.013,222.507
1784546895896,2,267.284457875356,217.634474284238,263.893,222.918
1784546895996,2,267.110278171218,218.03666733604,263.773,223.328
1784546896096,2,266.929169108126,218.443650937517,263.653,223.739
1784546896196,2,266.741043966874,218.855188037958,263.533,224.149
1784546896296,2,266.545816751983,219.271048088031,263.413,224.56
1784546896396,2,266.34340302022,219.691005171007,263.293,224.97
1784546896496,2,266.133719209697,220.114838149048,263.172,225.381
1784546896596,2,265.916677420232,220.542336875028,263.052,225.791
1784546896696,2,265.692184277466,220.97330323828,262.932,226.202
1784546896796,2,265.460140030474,221.407552651847,262.812,226.612
1784546896896,2,265.220441053329,221.844912345546,262.692,227.023
1784546896996,2,264.97298857139,222.285217172822,262.572,227.433
1784546897096,2,264.717689559954,222.728308944163,262.452,227.844
1784546897196,2,264.45445156261,223.174040056249,262.332,228.254
1784546897296,2,264.183187964862,223.622267799667,262.212,228.665
1784546897396,2,263.903812642433,224.072858581148,262.025,229.035
1784546897496,2,263.616237594084,224.525690890674,261.709,229.329
1784546897596,2,263.320370884303,224.980657851197,261.394,229.623
1784546897696,2,263.016117208947,225.437666086808,261.078,229.917
1784546897796,2,262.703381498605,225.896631296185,260.763,230.211
1784546897896,2,262.382087574088,226.357459716095,260.447,230.505
1784546897996,2,262.052215804139,226.820016688075,260.131,230.798
1784546898096,2,261.713824761555,227.284111911975,259.816,231.092
1784546898196,2,261.367056388736,227.74949499029,259.5,231.386
1784546898296,2,261.012133558936,228.215856289562,259.184,231.68
1784546898396,2,260.64934200152,228.682835796204,258.869,231.974
1784546898496,2,260.279002713085,229.150038022521,258.553,232.268
1784546898596,2,259.901463777007,229.617038392524,258.237,232.562
1784546898696,2,259.517086103615,230.083401350905,257.922,232.855
1784546898796,2,259.126236141216,230.548685356711,257.606,233.149
1784546898896,2,258.729291386812,231.012439091982,257.29,233.443
1784546898996,2,258.326636170428,231.474203029082,256.975,233.737
1784546899096,2,257.918659622545,231.9335131519,256.659,234.031
1784546899196,2,257.505755738798,232.389899734982,256.343,234.325
1784546899296,2,257.088324768646,232.842885339493,256.028,234.619
1784546899396,2,256.666775066339,233.291982784234,255.712,234.912
1784546899496,2,256.241525108044,233.736692926441,255.396,235.206
1784546899596,2,255.81300603549,234.176502478497,255.081,235.5
1784546899696,2,255.381666695102,234.610879461609,254.765,235.794
1784546899796,2,254.947973142229,235.039271524763,254.45,236.088
1784546899896,2,254.512399209985,235.461119606986,254.134,236.382
1784546899996,2,254.075425621499,235.875857753541,253.818,236.675
1784546900096,2,253.637541949439,236.282910593933,253.503,236.969
1784546900196,2,253.199248065309,236.681692015571,253.187,237.263
1784546900296,2,252.761050512256,237.071608615633,252.871,237.557
1784546900396,2,252.323450936234,237.452069610692,252.556,237.851
1784546900496,2,251.886944850095,237.822487829229,252.24,238.145
1784546900596,2,251.452018147788,238.182280276294,251.924,238.439
1784546900696,2,251.01913087949,238.530873687795,251.609,238.732
1784546900796,2,250.588724664869,238.867700166068,251.293,239.026
1784546900896,2,250.161212773422,239.192204932408,250.977,239.32
1784546900996,2,249.736967284751,239.503866891598,250.662,239.614
1784546901096,2,249.316335762998,239.802176255859,250.346,239.908
1784546901196,2,248.899655808074,240.086627183485,250.03,240.202
1784546901296,2,248.487251471179,240.356720066776,249.715,240.496
1784546901396,2,248.079444408695,240.611959838914,249.399,240.789
1784546901496,2,247.676559204384,240.851849636333,249.084,241.083
1784546901596,2,247.278922493396,241.075891928062,248.768,241.377
1784546901696,2,246.88685561413,241.283588257237,248.452,241.671
1784546901796,2,246.500667338801,241.474445294657,248.137,241.965
1784546901896,2,246.120628008532,241.648003210547,247.821,242.259
1784546901996,2,245.746963167218,241.803845764345,247.505,242.552
1784546902096,2,245.379854965181,241.941600994132,247.19,242.846
1784546902196,2,245.019443879878,242.060940705321,246.874,243.14
1784546902296,2,244.665829710484,242.161580047093,246.558,243.434
1784546902396,2,244.319073140219,242.243276982861,246.243,243.728
1784546902496,2,243.979198221153,242.30583050212,245.927,244.022
1784546902596,2,243.646198795291,242.349074987257,245.611,244.316
1784546902696,2,243.320060462198,242.372862792877,245.296,244.609
1784546902796,2,243.000767272466,242.377059789289,244.98,244.903
1784546902896,2,242.688301466104,242.361546576867,244.664,245.197
1784546902996,2,242.382635200266,242.326224789313,244.349,245.491
1784546903096,2,242.083716594436,242.27102843709,244.033,245.785
1784546903196,2,241.791460403338,242.19594099504,243.717,246.079
1784546903296,2,241.505744650122,242.101000682628,243.402,246.373
1784546903396,2,241.226405924641,241.986306313957,243.086,246.666
1784546903496,2,240.953237825157,241.852022918055,242.771,246.96
1784546903596,2,240.685987802547,241.698394723846,242.455,247.254
1784546903696,2,240.424356531561,241.525749843044,242.139,247.548
1784546903796,2,240.167997832536,241.334500869499,241.824,247.842
1784546903896,2,239.916519620718,241.125145466823,241.508,248.136
1784546903996,2,239.669487954788,240.898264782892,241.192,248.43
1784546904096,2,239.426441913203,240.654510462286,240.877,248.723
1784546904196,2,239.186899184492,240.394599822376,240.561,249.017
1784546904296,2,238.950361828022,240.119306074168,240.245,249.311
1784546904396,2,238.716318743244,239.8294567286,240.006,248.867
1784546904496,2,238.484246717351,239.525935062542,239.788,248.209
1784546904596,2,238.253610619954,239.209680036531,239.571,247.552
1784546904696,2,238.023859739175,238.881685202966,239.353,246.894
1784546904796,2,237.794427505215,238.542998423756,239.135,246.237
1784546904896,2,237.564736479222,238.194713534993,238.918,245.579
1784546904996,2,237.334214694727,237.837956866219,238.7,244.922
1784546905096,2,237.102300986808,237.473884936128,238.482,244.264
1784546905196,2,236.868446967712,237.103683951791,238.265,243.607
1784546905296,2,236.632120346649,236.72855557171,238.047,242.949
1784546905396,2,236.392813768677,236.349675966204,237.83,242.292
1784546905496,2,236.150048694744,235.968179925652,237.612,241.635
1784546905596,2,235.903378961502,235.585158913025,237.394,240.977
1784546905696,2,235.652395299185,235.201659535851,237.177,240.32
1784546905796,2,235.396728800717,234.818679951494,236.959,239.662
1784546905896,2,235.136050184277,234.437170396473,236.742,239.005
1784546905996,2,234.870070275958,234.058033703151,236.524,238.347
1784546906096,2,234.598542816185,233.682122016209,236.306,237.69
1784546906196,2,234.321268509048,233.310225811861,236.089,237.032
1784546906296,2,234.038090095859,232.943073347438,235.871,236.375
1784546906396,2,233.748901820237,232.581328681158,235.654,235.717
1784546906496,2,233.453653938259,232.225585190019,235.436,235.06
1784546906596,2,233.152351014515,231.876367271118,235.218,234.402
1784546906696,2,232.845040856237,231.534137665139,235.001,233.745
1784546906796,2,232.531813017605,231.199293252739,234.783,233.087
1784546906896,2,232.21280021059,230.872162477067,234.565,232.43
1784546906996,2,231.888179788399,230.553009271932,234.348,231.773
1784546907096,2,231.558175065237,230.242028171055,234.13,231.115
1784546907196,2,231.223057141327,229.939343616213,233.913,230.458
1784546907296,2,230.883144313243,229.645013317401,233.695,229.8
1784546907396,2,230.538789556343,229.359044198953,233.477,229.143
1784546907496,2,230.190351772679,229.081422761591,233.26,228.485
1784546907596,2,229.838189231673,228.812126532492,233.042,227.828
1784546907696,2,229.482657554541,228.55113610112,232.825,227.17
1784546907796,2,229.124112690132,228.298427667228,232.607,226.513
1784546907896,2,228.762913202929,228.053971180955,232.389,225.855
1784546907996,2,228.399421857006,227.817731612868,232.172,225.198
1784546908096,2,228.034007144138,227.589669061166,231.954,224.54
1784546908196,2,227.667043742164,227.369735808599,231.736,223.883
1784546908296,2,227.298909689802,227.157875497024,231.519,223.225
1784546908396,2,226.929986966094,226.954020947925,231.301,222.568
1784546908496,2,226.560662714899,226.758092891122,231.084,221.911
1784546908596,2,226.191327914014,226.569998444238,230.866,221.253
1784546908696,2,225.822376119744,226.38962991828,230.502,220.971
1784546908796,2,225.454203349753,226.216865365254,229.965,221.133
1784546908896,2,225.08720538669,226.051569277475,229.428,221.295
1784546908996,2,224.721778331054,225.893593445529,228.891,221.457
1784546909096,2,224.358319940872,225.742778424231,228.354,221.619
1784546909196,2,223.997231229875,225.598954470616,227.817,221.781
1784546909296,2,223.638918091777,225.461941355552,227.28,221.943
1784546909396,2,223.283790983501,225.33154681201,226.743,222.106
1784546909496,2,222.932259800243,225.207569642323,226.206,222.268
1784546909596,2,222.58473384639,225.089797108441,225.669,222.43
1784546909696,2,222.241622915155,224.978009691008,225.132,222.592
1784546909796,2,221.903336652299,224.8719821953,224.595,222.754
1784546909896,2,221.570284978969,224.771484323424,224.058,222.916
1784546909996,2,221.242875994217,224.676282770631,223.52,223.079
1784546910096,2,220.921510912599,224.586147658338,222.983,223.241
1784546910196,2,220.606579693954,224.500854464518,222.446,223.403
1784546910296,2,220.298461276842,224.420185825612,221.909,223.565
1784546910396,2,219.997524519,224.343937685518,221.372,223.727
1784546910496,2,219.704128443768,224.271921291285,220.835,223.889
1784546910596,2,219.418619774857,224.203962098139,220.298,224.051
1784546910696,2,219.141331704009,224.139895950227,219.761,224.214
1784546910796,2,218.872583580667,224.079568434891,219.224,224.376
1784546910896,2,218.61268110761,224.022833961424,218.687,224.538
1784546910996,2,218.36191824601,223.969551202412,218.15,224.7
1784546911096,2,218.120578478983,223.919581999215,217.613,224.862
1784546911196,2,217.888933709057,223.872792762503,217.076,225.024
1784546911296,2,217.667241323177,223.829059229138,216.539,225.186
1784546911396,2,217.455746955091,223.788269782633,216.002,225.349
1784546911496,2,217.254683063104,223.750333366941,215.464,225.511
1784546911596,2,217.064267650638,223.715181588328,214.927,225.673
1784546911696,2,216.884701525431,223.682767388037,214.39,225.835
1784546911796,2,216.716176312764,223.653057844696,213.853,225.997
1784546911896,2,216.55887740935,223.626030775964,213.316,226.159
1784546911996,2,216.412983344725,223.601674405185,212.779,226.322
1784546912096,2,216.27866086259,223.579988489703,212.242,226.484
1784546912196,2,216.156062061825,223.560988477473,211.705,226.646
1784546912296,2,216.045315410226,223.544706773739,211.168,226.808
1784546912396,2,215.946523979089,223.531192724234,210.631,226.97
1784546912496,2,215.859766063941,223.520511886747,210.094,227.132
1784546912596,2,215.785096567152,223.512742046732,209.557,227.294
1784546912696,2,215.722548210374,223.507972226761,209.02,227.457
1784546912796,2,215.672133604531,223.506304278819,208.483,227.619
1784546912896,2,215.633842048176,223.507859762065,207.946,227.781
1784546912996,2,215.607631415538,223.51278377515,207.408,227.943
1784546913096,2,215.593422128823,223.521245352801,206.871,228.105
1784546913196,2,215.591088015538,223.533437002856,206.334,228.267
1784546913296,2,215.600454025073,223.549574769606,205.797,228.43
1784546913396,2,215.621295498579,223.569897337075,205.26,228.592
1784546913496,2,215.653341797534,223.59466011016,204.723,228.754
1784546913596,2,215.696302087993,223.624106636753,204.186,228.916
1784546913696,2,215.749900019729,223.658396948466,203.649,229.078
1784546913796,2,215.813863891265,223.697669780754,203.112,229.24
1784546913896,2,215.887922001124,223.74206386907,202.575,229.402
1784546913996,2,215.971802647829,223.791717948865,202.038,229.565
1784546914096,2,216.065234129902,223.846770755593,202.504,229.659
1784546914196,2,216.167944745867,223.907361024707,202.987,229.753
1784546914296,2,216.279662794247,223.973627491659,203.471,229.847
1784546914396,2,216.400116573565,224.045708891902,203.954,229.941
1784546914496,2,216.529034382343,224.12374396089,204.438,230.034
1784546914596,2,216.666144519105,224.207871434074,204.922,230.128
1784546914696,2,216.811175282374,224.298230046909,205.405,230.222
1784546914796,2,216.963854970672,224.394958534845,205.889,230.315
1784546914896,2,217.123911882523,224.498195633338,206.372,230.409
1784546914996,2,217.29107431645,224.608080077838,206.856,230.503
1784546915096,2,217.465076755299,224.724730093725,207.34,230.597
1784546915196,2,217.645679046493,224.848177076471,207.823,230.69
1784546915296,2,217.8326448764,224.978416169138,208.307,230.784
1784546915396,2,218.025714188536,225.11545462249,208.79,230.878
1784546915496,2,218.224597109062,225.259319252081,209.274,230.971
1784546915596,2,218.428974657023,225.410053300766,209.758,231.065
1784546915696,2,218.638507835621,225.567703140167,210.241,231.159
1784546915796,2,218.852856251149,225.732303043597,210.725,231.253
1784546915896,2,219.071703554137,225.903851644694,211.208,231.346
1784546915996,2,219.294756228431,226.08231154677,211.692,231.44
1784546916096,2,219.52171927803,226.267629441277,212.176,231.534
1784546916196,2,219.752288421648,226.459744658001,212.659,231.627
1784546916296,2,219.986145367143,226.658604749675,213.143,231.721
1784546916396,2,220.2229562224,226.864168552374,213.626,231.815
1784546916496,2,220.462375201874,227.076404164653,214.11,231.909
1784546916596,2,220.704058365474,227.295282105078,214.594,232.002
1784546916696,2,220.947664559519,227.52077280315,215.077,232.096
1784546916796,2,221.192853845985,227.752845416151,215.561,232.19
1784546916896,2,221.439287886669,227.991465610245,216.044,232.283
1784546916996,2,221.686635417974,228.236592456551,216.528,232.377
1784546917096,2,221.93457607005,228.488176438081,217.012,232.471
1784546917196,2,222.182806141957,228.746156479355,217.495,232.565
1784546917296,2,222.431040009732,229.010457659563,217.979,232.658
1784546917396,2,222.679011564271,229.280988509555,218.462,232.752
1784546917496,2,222.926470574051,229.557641044643,218.946,232.846
1784546917596,2,223.173178010645,229.840294314299,219.43,232.939
1784546917696,2,223.418894934233,230.128829275715,219.913,233.033
1784546917796,2,223.663378879314,230.423131453685,220.397,233.127
1784546917896,2,223.906384318276,230.723090129952,220.88,233.221
1784546917996,2,224.147667791927,231.028598966585,221.364,233.314
1784546918096,2,224.386987599839,231.339554961851,221.848,233.408
1784546918196,2,224.624105569011,231.655855292901,222.331,233.502
1784546918296,2,224.858795402475,231.977389682732,222.815,233.595
1784546918396,2,225.090846686826,232.304035893575,223.298,233.689
1784546918496,2,225.320068231884,232.635657797998,223.782,233.783
1784546918596,2,225.546301406035,232.97210439956,224.266,233.877
1784546918696,2,225.769420814121,233.31320894931,224.749,233.97
1784546918796,2,225.989323685126,233.65878950859,225.233,234.064
1784546918896,2,226.205917664564,234.008657970118,225.716,234.158
1784546918996,2,226.419114297252,234.362630939703,226.2,234.251
1784546919096,2,226.628827048392,234.72053073268,226.684,234.345
1784546919196,2,226.834969949278,235.0821836583,227.167,234.439
1784546919296,2,227.037459038606,235.447417668162,227.651,234.533
1784546919396,2,227.236220200482,235.816058911338,228.134,234.626
1784546919496,2,227.431191388795,236.187929361004,228.618,234.72
1784546919596,2,227.622321235159,236.562844768208,229.102,234.814
1784546919696,2,227.809570665723,236.940611944019,229.585,234.907
1784546919796,2,227.992912163521,237.321028995996,230.069,235.001
1784546919896,2,228.172325659813,237.703892794063,230.552,235.095
1784546919996,2,228.347793310649,238.089000924356,231.036,235.189
1784546920096,2,228.519297706205,238.476151384377,231.489,235.311
1784546920196,2,228.686820931458,238.865145305394,231.596,235.758
1784546920296,2,228.850343093435,239.255787013162,231.704,236.206
1784546920396,2,229.009841979298,239.647884132765,231.811,236.654
1784546920496,2,229.165294728616,240.041252707553,231.918,237.101
1784546920596,2,229.31667763554,240.435717196995,232.025,237.549
1784546920696,2,229.463965373335,240.831108710673,232.133,237.997
1784546920796,2,229.607130323496,241.227263090709,232.24,238.444
1784546920896,2,229.746142659975,241.624020370341,232.347,238.892
1784546920996,2,229.880972879193,242.021227571515,232.454,239.339
1784546921096,2,230.011591907894,242.418736468942,232.562,239.787
1784546921196,2,230.137970664739,242.816400002351,232.669,240.235
1784546921296,2,230.260081727662,243.214065016621,232.776,240.682
1784546921396,2,230.37790713106,243.611568743226,232.884,241.13
1784546921496,2,230.491450033272,244.008735104667,232.991,241.578
1784546921596,2,230.600736909149,244.405372340223,233.098,242.025
1784546921696,2,230.705816890976,244.801271352153,233.205,242.473
1784546921796,2,230.806760841624,245.196203605308,233.313,242.92
1784546921896,2,230.903658525938,245.589918396253,233.42,243.368
1784546921996,2,230.996617550681,245.982136938189,233.527,243.816
1784546922096,2,231.085762813978,246.37254971159,233.634,244.263
1784546922196,2,231.171235254403,246.760821273523,233.742,244.711
1784546922296,2,231.253186437919,247.146616090048,233.849,245.158
1784546922396,2,231.331768426249,247.529610871394,233.956,245.606
1784546922496,2,231.407132346839,247.909494517753,234.063,246.054
1784546922596,2,231.479434074845,248.285963608994,234.171,246.501
1784546922696,2,231.548838154847,248.658715336457,234.278,246.949
1784546922796,2,231.615516091789,249.027448752905,234.385,247.397
1784546922896,2,231.679649974167,249.391858614765,234.492,247.844
1784546922996,2,231.741426448679,249.751641908167,234.6,248.292
1784546923096,2,231.801031347859,250.106507652385,234.707,248.739
1784546923196,2,231.858647190646,250.456181096029,234.814,249.187
1784546923296,2,231.914454488089,250.80040187057,234.921,249.635
1784546923396,2,231.968632611587,251.138922292141,235.029,250.082
1784546923496,2,232.021364247025,251.471500729474,235.136,250.53
1784546923596,2,232.07284513504,251.797876999778,235.243,250.978
1784546923696,2,232.123293567223,252.117754543194,235.35,251.425
1784546923796,2,232.172952172135,252.430796026952,235.458,251.873
1784546923896,2,232.222086079467,252.736626065388,235.565,252.32
1784546923996,2,232.270976229962,253.034847460978,235.672,252.768
1784546924096,2,232.319916848391,253.325050663987,235.779,253.216
1784546924196,2,232.369213473295,253.606823633726,235.887,253.663
1784546924296,2,232.419179572534,253.879757313489,235.994,254.111
1784546924396,2,232.470136041061,254.143448926703,236.101,254.558
1784546924496,2,232.522412668932,254.397501682777,236.208,255.006
1784546924596,2,232.576348317144,254.64152357252,236.316,255.454
1784546924696,2,232.632291353652,254.875126203675,236.423,255.901
1784546924796,2,232.69060214781,255.097924058454,236.53,256.349
1784546924896,2,232.751653460925,255.309534987643,236.637,256.797
1784546924996,2,232.815829419225,255.509580927684,236.745,257.244
1784546925096,2,232.883523635734,255.697688565197,236.852,257.692
1784546925196,2,232.955140450587,255.873490271818,236.959,258.139
1784546925296,2,233.03109462955,256.036625104565,237.066,258.587
1784546925396,2,233.111808948241,256.186744191442,237.174,259.035
1784546925496,2,233.197702225067,256.323518230196,237.281,259.482
1784546925596,2,233.289145998578,256.446659010828,237.388,259.93
1784546925696,2,233.386453363835,256.555925077163,237.495,260.377
1784546925796,2,233.489882234525,256.651123596186,237.603,260.825
1784546925896,2,233.599649036975,256.732111141524,237.71,261.273
1784546925996,2,233.715933980982,256.798792548798,237.817,261.72
1784546926096,2,233.83888120804,256.851118758654,237.924,262.168
1784546926196,2,233.968598241217,256.889089217936,238.032,262.616
1784546926296,2,234.105154883292,256.912756436991,238.139,263.063
1784546926396,2,234.248582437521,256.922231836493,238.246,263.511
1784546926496,2,234.398873518144,256.917686878358,238.353,263.958
1784546926596,2,234.555983327113,256.899352942553,238.461,264.406
1784546926696,2,234.719831293697,256.867519647217,238.753,264.159
1784546926796,2,234.890303631653,256.822531876956,239.064,263.839
1784546926896,2,235.067256466553,256.764782325823,239.376,263.519
1784546926996,2,235.250521575693,256.694704181178,239.687,263.199
1784546927096,2,235.439924698071,256.612755433247,239.999,262.879
1784546927196,2,235.635307477735,256.519389927557,240.31,262.559
1784546927296,2,235.836544310483,256.415040180242,240.622,262.239
1784546927396,2,236.043546476519,256.300113174115,240.933,261.919
1784546927496,2,236.256267717301,256.174983363196,241.245,261.599
1784546927596,2,236.474704783067,256.039989429613,241.556,261.279
1784546927696,2,236.698896169892,255.895426734249,241.868,260.959
1784546927796,2,236.928914982894,255.74155265771,242.179,260.639
1784546927896,2,237.164840870509,255.578618577437,242.491,260.319
1784546927996,2,237.406743260435,255.406891448046,242.802,259.999
1784546928096,2,237.654677847857,255.226658065802,243.114,259.679
1784546928196,2,237.908685524462,255.038226330932,243.425,259.359
1784546928296,2,238.168793475595,254.841928668172,243.737,259.039
1784546928396,2,238.435023539469,254.638119351008,244.048,258.719
1784546928496,2,238.707394632798,254.427158081171,244.36,258.399
1784546928596,2,238.985921845442,254.209406592442,244.671,258.079
1784546928696,2,239.270614842391,253.98522955153,244.983,257.759
1784546928796,2,239.561474376431,253.754996985646,245.294,257.439
1784546928896,2,239.858486899802,253.519094215795,245.606,257.119
1784546928996,2,240.16161942812,253.277936756853,245.917,256.799
1784546929096,2,240.47081762434,253.031975181156,246.229,256.479
1784546929196,2,240.786002304269,252.781697497171,246.54,256.159
1784546929296,2,241.10706170745,252.527633303879,246.852,255.839
1784546929396,2,241.433858898543,252.270347399591,247.163,255.519
1784546929496,2,241.766242742728,252.010421477045,247.475,255.199
1784546929596,2,242.104050882413,251.748447539402,247.786,254.879
1784546929696,2,242.447115552289,251.485016998559,248.098,254.558
1784546929796,2,242.795263860633,251.22071883875,248.409,254.238
1784546929896,2,243.148315197789,250.956142647534,248.72,253.918
1784546929996,2,243.506076700913,250.691884780008,249.032,253.598
1784546930096,2,243.86834513772,250.42854171523,249.343,253.278
1784546930196,2,244.234908359367,250.166708649844,249.655,252.958
1784546930296,2,244.605549538445,249.906979941892,249.966,252.638
1784546930396,2,244.980046212367,249.649944002966,250.278,252.318
1784546930496,2,245.35819307938,249.396160593032,250.589,251.998
1784546930596,2,245.739803639405,249.146160186962,250.901,251.678
1784546930696,2,246.12469569807,248.900461262333,251.212,251.358
1784546930796,2,246.512688406204,248.659572961167,251.524,251.038
1784546930896,2,246.903608393538,248.42398627349,251.835,250.718
1784546930996,2,247.297289989222,248.194172589352,252.147,250.398
1784546931096,2,247.693573340787,247.970584921598,252.458,250.078
1784546931196,2,248.092300964241,247.75366071464,252.77,249.758
1784546931296,2,248.493309089623,247.543830505975,253.081,249.438
1784546931396,2,248.896424115213,247.341521732869,253.393,249.118
1784546931496,2,249.301461233773,247.147163289118,253.704,248.798
1784546931596,2,249.708224694563,246.9611842291,254.016,248.478
1784546931696,2,250.116507605058,246.784002288267,254.327,248.158
1784546931796,2,250.526090369056,246.616021606905,254.639,247.838
1784546931896,2,250.936740033015,246.457633562768,254.95,247.518
1784546931996,2,251.348213347809,246.309217443995,255.262,247.198
1784546932096,2,251.760256512129,246.171139559888,255.573,246.878
1784546932196,2,252.17260492324,246.043749697883,255.885,246.558
1784546932296,2,252.584981663538,245.927380750625,256.196,246.238
1784546932396,2,252.99709562545,245.822349228922,256.508,245.918
1784546932496,2,253.40863932862,245.728957205053,256.819,245.598
1784546932596,2,253.819282852482,245.647504426204,257.131,245.278
1784546932696,2,254.2286596664,245.57831344649,257.442,244.958
1784546932796,2,254.636361843892,245.521735947928,257.754,244.637
1784546932896,2,255.041937554088,245.478155151395,258.065,244.317
1784546932996,2,255.444897400882,245.447976594784,258.377,243.997
1784546933096,2,255.844751755618,245.431585211447,258.688,243.677
1784546933196,2,256.241038231319,245.429325432245,259,243.357
1784546933296,2,256.633326728113,245.441498241968,259.311,243.037
1784546933396,2,257.021222756284,245.46835920594,259.491,243.306
1784546933496,2,257.40436062587,245.510120001016,259.623,243.792
1784546933596,2,257.782404710542,245.566946536471,259.754,244.278
1784546933696,2,258.155067225835,245.638948739669,259.885,244.765
1784546933796,2,258.522110512606,245.726178966203,260.017,245.251
1784546933896,2,258.883345732393,245.828630989942,260.148,245.737
1784546933996,2,259.238631801374,245.946240678759,260.28,246.223
1784546934096,2,259.587871792259,246.07889386708,260.411,246.71
1784546934196,2,259.931004141246,246.22642810569,260.542,247.196
1784546934296,2,260.267998273789,246.38863588488,260.674,247.682
1784546934396,2,260.598846719946,246.565280321578,260.805,248.168
1784546934496,2,260.923552441387,246.756104491803,260.936,248.655
1784546934596,2,261.242124970498,246.960832154572,261.068,249.141
1784546934696,2,261.554579509846,247.179167033687,261.199,249.627
1784546934796,2,261.860938779652,247.410792281444,261.331,250.114
1784546934896,2,262.161246871148,247.655367742223,261.462,250.6
1784546934996,2,262.455575561625,247.912525275931,261.593,251.086
1784546935096,2,262.744019810303,248.181872625622,261.725,251.572
1784546935196,2,263.026700192328,248.462989472629,261.856,252.059
1784546935296,2,263.303763028359,248.755424828056,261.988,252.545
1784546935396,2,263.575378700716,249.058698785804,262.119,253.031
1784546935496,2,263.841739109197,249.372312789499,262.25,253.518
1784546935596,2,264.103055903901,249.695749926795,262.382,254.004
1784546935696,2,264.359557161599,250.028481899673,262.513,254.49
1784546935796,2,264.611482548622,250.369990080518,262.644,254.976
1784546935896,2,264.859084444401,250.719749528495,262.776,255.463
1784546935996,2,265.10262314598,251.077233343826,262.907,255.949
1784546936096,2,265.342366247905,251.44191114139,263.039,256.435
1784546936196,2,265.578594526545,251.813235574799,263.17,256.922
1784546936296,2,265.811602822804,252.190638957301,263.301,257.408
1784546936396,2,266.041699365674,252.573537640334,263.433,257.894
1784546936496,2,266.269204866797,252.961332309468,263.564,258.38
1784546936596,2,266.494451878558,253.353408801291,263.695,258.867
1784546936696,2,266.717785490831,253.749137047751,263.827,259.353
1784546936796,2,266.93956156335,254.147870300863,263.958,259.839
1784546936896,2,267.160140748628,254.548952662156,264.09,260.325
1784546936996,2,267.379885027073,254.951737438621,264.221,260.812
1784546937096,2,267.599148712826,255.355596296796,264.352,261.298
1784546937196,2,267.818275536405,255.759922230224,264.484,261.784
1784546937296,2,268.037598502811,256.164134241675,264.615,262.271
1784546937396,2,268.257440702897,256.567677181184,264.746,262.757
1784546937496,2,268.478114583601,256.970019864053,264.878,263.243
1784546937596,2,268.699921757729,257.370653428187,265.009,263.729
1784546937696,2,268.923154214886,257.769091415584,265.141,264.216
1784546937796,2,269.148093868824,258.164868507204,265.272,264.702
1784546937896,2,269.375012066963,258.557539422768,265.403,265.188
1784546937996,2,269.60417067805,258.946677965312,265.535,265.675
1784546938096,2,269.835822113136,259.331876739479,265.666,266.161
1784546938196,2,270.070208359332,259.712749326415,265.798,266.647
1784546938296,2,270.307560325467,260.088934797182,265.929,267.133
1784546938396,2,270.548098373495,260.460099548702,266.06,267.62
1784546938496,2,270.792032203303,260.825936259649,266.192,268.106
1784546938596,2,271.039561832174,261.186163245592,266.323,268.592
1784546938696,2,271.29087700778,261.540527154071,266.454,269.079
1784546938796,2,271.546156085391,261.888802375888,266.586,269.565
1784546938896,2,271.805564456324,262.230789680472,266.717,270.051
1784546938996,2,272.069252181106,262.566314640717,266.849,270.537
1784546939096,2,272.337352534264,262.895225935887,266.98,271.024
1784546939196,2,272.60998039127,263.217395285674,267.111,271.51
1784546939296,2,272.887229684935,263.532722658448,267.318,271.9
1784546939396,2,273.169171980575,263.841140729472,267.885,271.826
1784546939496,2,273.455855573018,264.142614740883,268.452,271.752
1784546939596,2,273.74730644706,264.437140596366,269.019,271.678
1784546939696,2,274.043535937048,264.724741133734,269.586,271.604
1784546939796,2,274.34454174279,265.005463151914,270.153,271.53
1784546939896,2,274.650307625338,265.279372176287,270.72,271.456
1784546939996,2,274.960805083684,265.546550781687,271.287,271.382
1784546940096,2,275.275994094218,265.807101401673,271.854,271.309
1784546940196,2,275.595822457409,266.061150823042,272.421,271.235
1784546940296,2,275.920225157918,266.308844025712,272.988,271.161
1784546940396,2,276.249125399354,266.550343177583,273.555,271.087
1784546940496,2,276.582431861795,266.785831523181,274.122,271.013
1784546940596,2,276.920041378729,267.015501753362,274.689,270.939
1784546940696,2,277.261841745121,267.239550694957,275.256,270.865
1784546940796,2,277.607715091453,267.458177947656,275.823,270.791
1784546940896,2,277.957538293091,267.671584883445,276.39,270.717
1784546940996,2,278.311181477344,267.879974114512,276.957,270.643
1784546941096,2,278.668505940634,268.083550672155,277.524,270.57
1784546941196,2,279.029363245903,268.282523140527,278.091,270.496
1784546941296,2,279.393596986873,268.47710497146,278.658,270.422
1784546941396,2,279.761043442399,268.667514237022,279.225,270.348
1784546941496,2,280.131536885978,268.853972775453,279.792,270.274
1784546941596,2,280.50491366305,269.0367035322,280.359,270.2
1784546941696,2,280.881011554329,269.215932074627,280.926,270.126
1784546941796,2,281.259668368785,269.391887955967,281.493,270.052
1784546941896,2,281.640721411702,269.564803075317,282.06,269.978
1784546941996,2,282.024005798738,269.734908178133,282.627,269.905
1784546942096,2,282.409353032127,269.902437146705,283.194,269.831
1784546942196,2,282.7965910884,270.067619917064,283.761,269.757
1784546942296,2,283.185544573516,270.230679735505,284.328,269.683
1784546942396,2,283.576032418263,270.391832809924,284.895,269.609
1784546942496,2,283.96786947428,270.55128768787,285.462,269.535
1784546942596,2,284.360876517915,270.709244595265,286.029,269.461
1784546942696,2,284.754888248024,270.865894526851,286.596,269.387
1784546942796,2,285.149753360538,271.021417564111,287.163,269.313
1784546942896,2,285.545333178174,271.175982154299,287.73,269.239
1784546942996,2,285.941500937446,271.32974565361,288.297,269.166
1784546943096,2,286.338141854017,271.482855054514,288.863,269.092
1784546943196,2,286.735154355134,271.635446574101,289.43,269.018
1784546943296,2,287.132450040684,271.787644734268,289.997,268.944
1784546943396,2,287.529952105795,271.93956087206,290.564,268.87
1784546943496,2,287.927593611604,272.091290048431,291.131,268.796
1784546943596,2,288.325317923765,272.242908180393,291.698,268.722
1784546943696,2,288.723082770676,272.394471162308,292.265,268.648
1784546943796,2,289.120860870242,272.546014469837,292.832,268.574
1784546871496,3,468.401771698926,370.958534414022,469.762,371.584
1784546871596,3,468.115151982085,370.712523713105,469.434,371.31
1784546871696,3,467.826759868206,370.464992103766,469.107,371.037
1784546871796,3,467.536602672455,370.21594509936,468.779,370.763
1784546871896,3,467.244695397127,369.965391867279,468.451,370.489
1784546871996,3,466.951062505148,369.713345825995,468.123,370.216
1784546872096,3,466.6557399023,369.459825007483,467.796,369.942
1784546872196,3,466.358775824186,369.204851399306,467.468,369.668
1784546872296,3,466.060229155548,368.948449309037,467.14,369.395
1784546872396,3,465.760167898224,368.690644045428,466.812,369.121
1784546872496,3,465.458668177346,368.431462609859,466.485,368.847
1784546872596,3,465.155813293507,368.17093490209,466.157,368.574
1784546872696,3,464.851692016723,367.909094909531,465.829,368.3
1784546872796,3,464.54639930403,367.645981824599,465.501,368.026
1784546872896,3,464.240037602227,367.381640627373,465.174,367.753
1784546872996,3,463.932717781528,367.116120850683,464.846,367.479
1784546873096,3,463.624561219518,366.849476778645,464.518,367.205
1784546873196,3,463.315703805579,366.581766933194,464.19,366.932
1784546873296,3,463.006294590436,366.313054227674,463.863,366.658
1784546873396,3,462.696490730689,366.043405353943,463.535,366.384
1784546873496,3,462.386456985042,365.772890071367,463.207,366.111
1784546873596,3,462.076364897358,365.501581494444,462.879,365.837
1784546873696,3,461.766391827191,365.22955735736,462.552,365.563
1784546873796,3,461.456721308321,364.95690048818,462.224,365.29
1784546873896,3,461.147544337628,364.683698250507,461.896,365.016
1784546873996,3,460.839060825163,364.410042717019,461.569,364.742
1784546874096,3,460.531481033532,364.136029982225,461.241,364.469
1784546874196,3,460.225026369749,363.861760444628,460.913,364.195
1784546874296,3,459.91992717706,363.58733875484,460.585,363.921
1784546874396,3,459.616419361425,363.312874459686,460.258,363.648
1784546874496,3,459.314744162643,363.038482518638,459.93,363.374
1784546874596,3,459.015147102201,362.764281654855,459.602,363.1
1784546874696,3,458.717878668684,362.49039377886,459.274,362.827
1784546874796,3,458.423195253686,362.216943514648,458.947,362.553
1784546874896,3,458.131359272035,361.944058873898,458.619,362.279
1784546874996,3,457.842636349537,361.671872451641,458.291,362.006
1784546875096,3,457.557295394566,361.40052243906,457.963,361.732
1784546875196,3,457.275609612934,361.130152760578,457.636,361.458
1784546875296,3,456.997857769692,360.86091232069,457.308,361.185
1784546875396,3,456.724325210716,360.592955341522,456.98,360.911
1784546875496,3,456.455303828996,360.326442055468,456.652,360.637
1784546875596,3,456.191092441365,360.06153899278,456.325,360.364
1784546875696,3,455.931997893847,359.798419237727,455.997,360.09
1784546875796,3,455.678335838009,359.537262329944,455.669,359.816
1784546875896,3,455.43043000457,359.278253584077,455.341,359.543
1784546875996,3,455.188612455245,359.021584286246,455.014,359.269
1784546876096,3,454.95322313389,358.767451492855,454.686,358.995
1784546876196,3,454.724605054456,358.516057463299,454.358,358.722
1784546876296,3,454.503103753127,358.267608315407,454.03,358.448
1784546876396,3,454.289067700685,358.02231400103,453.703,358.174
1784546876496,3,454.082849262397,357.780388611525,453.375,357.901
1784546876596,3,453.884806049076,357.542050232728,453.047,357.627
1784546876696,3,453.695301880132,357.307521196587,452.719,357.353
1784546876796,3,453.514705956304,357.077028402539,452.392,357.08
1784546876896,3,453.343387337945,356.850798078474,452.064,356.806
1784546876996,3,453.181711608609,356.629048441614,451.736,356.532
1784546877096,3,453.030041674817,356.411991708822,451.409,356.259
1784546877196,3,452.888737946874,356.199843292377,451.081,355.985
1784546877296,3,452.758145761907,355.992814005737,450.753,355.712
1784546877396,3,452.638590061469,355.791107508636,450.425,355.438
1784546877496,3,452.530373996886,355.594918540698,450.098,355.164
1784546877596,3,452.433777662066,355.404432354788,449.77,354.891
1784546877696,3,452.349054735801,355.219823867567,449.442,354.617
1784546877796,3,452.276431100532,355.041256115893,449.114,354.343
1784546877896,3,452.2161043331,354.868877295793,448.787,354.07
1784546877996,3,452.168241387494,354.702820692397,448.459,353.796
1784546878096,3,452.132977920491,354.543205320382,448.131,353.522
1784546878196,3,452.110418420119,354.39013633246,447.803,353.249
1784546878296,3,452.100639289008,354.243705672964,447.476,352.975
1784546878396,3,452.103685509051,354.10399198669,447.148,352.701
1784546878496,3,452.11956777152,353.971058306773,446.82,352.428
1784546878596,3,452.148258555728,353.844952694321,447.031,352.417
1784546878696,3,452.189691115783,353.725708058991,447.433,352.499
1784546878796,3,452.243759586761,353.613342480905,447.835,352.581
1784546878896,3,452.310324876692,353.507860042711,448.237,352.664
1784546878996,3,452.389235162856,353.409252360461,448.639,352.746
1784546879096,3,452.480330888476,353.317499006145,449.041,352.829
1784546879196,3,452.583444445306,353.23256788858,449.443,352.911
1784546879296,3,452.698397272236,353.154415677928,449.845,352.993
1784546879396,3,452.824989313131,353.082988195821,450.247,353.076
1784546879496,3,452.962995299122,353.018221187297,450.649,353.158
1784546879596,3,453.112164144834,352.960042294476,451.051,353.24
1784546879696,3,453.272219552792,352.9083718666,451.453,353.323
1784546879796,3,453.442862112425,352.863123258619,451.855,353.405
1784546879896,3,453.623771605726,352.824203071386,452.257,353.488
1784546879996,3,453.814610233045,352.791511685242,452.659,353.57
1784546880096,3,454.015024109288,352.764944009489,453.061,353.652
1784546880196,3,454.224643878,352.744387812622,453.463,353.735
1784546880296,3,454.443082546642,352.729726500601,453.865,353.817
1784546880396,3,454.669935063461,352.720840487923,454.267,353.899
1784546880496,3,454.904781318611,352.717606659008,454.669,353.982
1784546880596,3,455.147186602763,352.719896236245,455.071,354.064
1784546880696,3,455.396703276413,352.727576970068,455.473,354.147
1784546880796,3,455.652880851892,352.740515388313,455.875,354.229
1784546880896,3,455.915270359323,352.758582853434,456.277,354.311
1784546880996,3,456.183425702768,352.781657025497,456.679,354.394
1784546881096,3,456.456908271193,352.809621916255,457.081,354.476
1784546881196,3,456.735287124634,352.842368315835,457.483,354.558
1784546881296,3,457.018138121931,352.879793407016,457.885,354.641
1784546881396,3,457.305044718683,352.921799447675,458.287,354.723
1784546881496,3,457.595599281992,352.968294815794,458.689,354.806
1784546881596,3,457.889402405727,353.019194510215,459.091,354.888
1784546881696,3,458.186061829641,353.0744203661,459.493,354.97
1784546881796,3,458.485190786908,353.133901437334,459.895,355.053
1784546881896,3,458.786406720531,353.197575408867,460.297,355.135
1784546881996,3,459.089331068258,353.26538753541,460.699,355.218
1784546882096,3,459.393590316111,353.33729162042,461.101,355.3
1784546882196,3,459.698817796815,353.413250125269,461.503,355.382
1784546882296,3,460.004653200083,353.493233832345,461.905,355.465
1784546882396,3,460.310741712875,353.577221487969,462.307,355.547
1784546882496,3,460.616733032571,353.665199400316,462.709,355.629
1784546882596,3,460.922280793963,353.757161110398,463.111,355.712
1784546882696,3,461.22704417697,353.853107571267,463.513,355.794
1784546882796,3,461.530687682845,353.953046635891,463.915,355.877
1784546882896,3,461.832881389891,354.056992608709,464.317,355.959
1784546882996,3,462.133302321256,354.16496639386,464.719,356.041
1784546883096,3,462.431634562347,354.276996533259,465.12,356.124
1784546883196,3,462.727571321303,354.393119067066,465.522,356.206
1784546883296,3,463.020816276443,354.513377062119,465.924,356.288
1784546883396,3,463.311085807912,354.637820427374,466.326,356.371
1784546883496,3,463.598109488207,354.766505996519,466.728,356.453
1784546883596,3,463.881631391797,354.899497094251,467.13,356.536
1784546883696,3,464.161410035877,355.036863416516,467.532,356.618
1784546883796,3,464.437218871361,355.178682343492,467.934,356.7
1784546883896,3,464.708846018313,355.325038809907,468.336,356.783
1784546883996,3,464.976094526188,355.476024821077,468.738,356.865
1784546884096,3,465.238782979723,355.63173911722,469.14,356.948
1784546884196,3,465.496745390749,355.792286719399,469.542,357.03
1784546884296,3,465.749831785565,355.957778130549,469.944,357.112
1784546884396,3,465.997908135694,356.128328111612,470.346,357.195
1784546884496,3,466.240855635768,356.304054117835,470.748,357.277
1784546884596,3,466.478570809509,356.485073011836,471.15,357.359
1784546884696,3,466.710965412847,356.671499623095,471.552,357.442
1784546884796,3,466.937965540338,356.863446254073,471.954,357.524
1784546884896,3,467.15951095333,357.061023421669,472.356,357.607
1784546884996,3,467.375555647135,357.264340108621,472.758,357.689
1784546885096,3,467.586067215659,357.473502966237,473.16,357.771
1784546885196,3,467.791026498431,357.688615050728,473.562,357.854
1784546885296,3,467.990429222121,357.909774759379,473.964,357.936
1784546885396,3,468.1842856934,358.137074721364,474.366,358.018
1784546885496,3,468.37261986257,358.370600352823,474.768,358.101
1784546885596,3,468.555468125087,358.610427295065,475.17,358.183
1784546885696,3,468.732876679099,358.856614710908,475.572,358.266
1784546885796,3,468.904898504469,359.109203573757,475.974,358.348
1784546885896,3,469.071594288753,359.368219572086,476.077,358.632
1784546885996,3,469.233031885098,359.633675217227,476.003,359.034
1784546886096,3,469.389285795784,359.905566134358,475.93,359.437
1784546886196,3,469.540436110506,360.18386898769,475.856,359.84
1784546886296,3,469.686567661617,360.468540562542,475.782,360.242
1784546886396,3,469.827769483498,360.759517869611,475.709,360.645
1784546886496,3,469.964134831984,361.056717511321,475.635,361.047
1784546886596,3,470.095760703315,361.360036959532,475.561,361.45
1784546886696,3,470.222747490164,361.669358442011,475.488,361.853
1784546886796,3,470.345199502611,361.984549545072,475.414,362.255
1784546886896,3,470.463224267503,362.305464906497,475.34,362.658
1784546886996,3,470.576930390485,362.631946602305,475.267,363.06
1784546887096,3,470.68642636705,362.963826995693,475.193,363.463
1784546887196,3,470.791819066766,363.300928463943,475.119,363.866
1784546887296,3,470.893212974528,363.643062156687,475.046,364.268
1784546887396,3,470.990709995217,363.990027485822,474.972,364.671
1784546887496,3,471.084409865161,364.341611299117,474.898,365.074
1784546887596,3,471.174408746174,364.697588055942,474.825,365.476
1784546887696,3,471.260798254839,365.057718169752,474.751,365.879
1784546887796,3,471.343664977172,365.42174770782,474.677,366.281
1784546887896,3,471.423090062542,365.789407382569,474.604,366.684
1784546887996,3,471.499148833869,366.160410513946,474.53,367.087
1784546888096,3,471.571911393186,366.53445108585,474.456,367.489
1784546888196,3,471.641446398616,366.911201987791,474.383,367.892
1784546888296,3,471.707822680546,367.290312500638,474.309,368.294
1784546888396,3,471.771109169391,367.671403443917,474.235,368.697
1784546888496,3,471.831374581218,368.054064635258,474.161,369.1
1784546888596,3,471.888687394893,368.437853114928,474.088,369.502
1784546888696,3,471.943115084121,368.822291344726,474.014,369.905
1784546888796,3,471.994716449366,369.206869947672,473.94,370.308
1784546888896,3,472.043534997874,369.591064544085,473.867,370.71
1784546888996,3,472.089600328425,369.974341413638,473.793,371.113
1784546889096,3,472.132940024257,370.356162145673,473.719,371.515
1784546889196,3,472.173585890945,370.735993050797,473.646,371.918
1784546889296,3,472.211575282002,371.113307353667,473.572,372.321
1784546889396,3,472.246951256263,371.487585964115,473.498,372.723
1784546889496,3,472.279762746242,371.858315712762,473.425,373.126
1784546889596,3,472.310064066362,372.224989070588,473.351,373.528
1784546889696,3,472.337914620497,372.587106252238,473.277,373.931
1784546889796,3,472.363378193724,372.944175960291,473.204,374.334
1784546889896,3,472.38652103568,373.295716047931,473.13,374.736
1784546889996,3,472.40741130253,373.641253072701,473.056,375.139
1784546890096,3,472.426118948331,373.980321661438,472.983,375.542
1784546890196,3,472.442715809734,374.312465157849,472.909,375.944
1784546890296,3,472.457276265397,374.637235953698,472.835,376.347
1784546890396,3,472.469877013548,374.954196217814,472.762,376.749
1784546890496,3,472.48059562213,375.262918078406,472.688,377.152
1784546890596,3,472.48950972371,375.562982826291,472.614,377.555
1784546890696,3,472.496696142007,375.85398010994,472.54,377.957
1784546890796,3,472.502230852541,376.135507205194,472.467,378.36
1784546890896,3,472.506189791163,376.40716986641,472.393,378.763
1784546890996,3,472.508649325016,376.668581880933,472.319,379.165
1784546891096,3,472.509686473826,376.919364165645,472.246,379.568
1784546891196,3,472.509379651346,377.159144669554,472.172,379.97
1784546891296,3,472.50780919359,377.387557524282,472.098,380.373
1784546891396,3,472.505056957744,377.60424337299,472.025,380.776
1784546891496,3,472.501204351348,377.808853476643,471.951,381.178
1784546891596,3,472.496331579668,378.001051038414,471.877,381.581
1784546891696,3,472.490516579036,378.180514471951,471.804,381.983
1784546891796,3,472.48383476821,378.346937618926,471.73,382.386
1784546891896,3,472.476359684069,378.500029253439,471.656,382.789
1784546891996,3,472.46816543378,378.639512955687,471.583,383.191
1784546892096,3,472.459327336398,378.765128444308,471.509,383.594
1784546892196,3,472.449921110167,378.876636143638,471.435,383.997
1784546892296,3,472.440019208838,378.973818480155,471.362,384.399
1784546892396,3,472.429688833163,379.056481291874,471.288,384.802
1784546892496,3,472.418991567231,379.124456845646,471.214,385.204
1784546892596,3,472.407983408601,379.177605110157,471.141,385.607
1784546892696,3,472.396714633966,379.215815018468,471.067,386.01
1784546892796,3,472.385229097453,379.239005412438,470.993,386.412
1784546892896,3,472.373563919067,379.247125835733,470.92,386.815
1784546892996,3,472.361749665864,379.240157656552,470.846,387.217
1784546893096,3,472.349810041373,379.218116817452,470.772,387.62
1784546893196,3,472.337760918915,379.181057445654,470.737,387.726
1784546893296,3,472.325609672388,379.12907230114,470.78,387.238
1784546893396,3,472.313355054639,379.062291180885,470.823,386.75
1784546893496,3,472.30098713262,378.980880630513,470.865,386.263
1784546893596,3,472.288487315333,378.885043011943,470.908,385.775
1784546893696,3,472.275828390706,378.775012746748,470.951,385.287
1784546893796,3,472.262974804311,378.651054753838,470.994,384.799
1784546893896,3,472.249883517183,378.51346435788,471.036,384.311
1784546893996,3,472.236504293362,378.362566949481,471.079,383.824
1784546894096,3,472.22278003778,378.198716595985,471.122,383.336
1784546894196,3,472.208647361975,378.022293033252,471.164,382.848
1784546894296,3,472.194036761857,377.833698061193,471.207,382.36
1784546894396,3,472.178872823526,377.633354744364,471.25,381.873
1784546894496,3,472.163075215188,377.421705630405,471.292,381.385
1784546894596,3,472.146560165872,377.199211339353,471.335,380.897
1784546894696,3,472.129240829741,376.96635062729,471.378,380.409
1784546894796,3,472.111027265764,376.72361945789,471.421,379.921
1784546894896,3,472.091826586505,376.471531044915,471.463,379.434
1784546894996,3,472.071542723162,376.210615997626,471.506,378.946
1784546895096,3,472.050075580705,375.941421003155,471.549,378.458
1784546895196,3,472.027320942225,375.664506944444,471.591,377.97
1784546895296,3,472.003170533573,375.380445719202,471.634,377.483
1784546895396,3,471.977512110492,375.08981906799,471.677,376.995
1784546895496,3,471.950229584841,374.793216729363,471.72,376.507
1784546895596,3,471.921203248726,374.491236973182,471.762,376.019
1784546895696,3,471.890310340659,374.184486830884,471.805,375.531
1784546895796,3,471.857426138396,373.873578921275,471.848,375.044
1784546895896,3,471.822424812403,373.559129605486,471.89,374.556
1784546895996,3,471.785180180676,373.241759180453,471.933,374.068
1784546896096,3,471.745567477348,372.922093055652,471.976,373.58
1784546896196,3,471.70346406198,372.600762610039,472.018,373.093
1784546896296,3,471.658750020728,372.278404941512,472.061,372.605
1784546896396,3,471.611307733109,371.955661641882,472.104,372.117
1784546896496,3,471.561020510957,371.633178130691,472.147,371.629
1784546896596,3,471.507770319384,371.311601595143,472.189,371.141
1784546896696,3,471.45143743831,370.991576335552,472.232,370.654
1784546896796,3,471.39190098612,370.673741430199,472.275,370.166
1784546896896,3,471.32904031436,370.358729978433,472.317,369.678
1784546896996,3,471.262735736722,370.047169156185,472.36,369.19
1784546897096,3,471.192869178637,369.739678665972,472.403,368.703
1784546897196,3,471.119324842717,369.436870498609,472.446,368.215
1784546897296,3,471.041989538526,369.139349092095,472.488,367.727
1784546897396,3,470.960752805497,368.847710741596,472.531,367.239
1784546897496,3,470.875507496401,368.562543592478,472.574,366.751
1784546897596,3,470.78615020898,368.284425483581,472.616,366.264
1784546897696,3,470.692581614282,368.013923329452,472.659,365.776
1784546897796,3,470.594706861963,367.75159260608,472.702,365.288
1784546897896,3,470.492436017733,367.497973270985,472.745,364.8
1784546897996,3,470.385684452487,367.253588054905,472.787,364.313
1784546898096,3,470.274372898783,367.018943060356,472.83,363.825
1784546898196,3,470.158426098214,366.794528832735,472.873,363.337
1784546898296,3,470.037770085649,366.580820115349,472.915,362.849
1784546898396,3,469.9123365108,366.378271459711,472.958,362.361
1784546898496,3,469.78206265525,366.187316158875,473.001,361.874
1784546898596,3,469.646888430645,366.008364703877,473.043,361.386
1784546898696,3,469.506760510074,365.841802174295,473.086,360.898
1784546898796,3,469.361634522482,365.687986588585,473.129,360.41
1784546898896,3,469.211475804101,365.547247620267,473.172,359.923
1784546898996,3,469.056260094574,365.419886304969,473.214,359.435
1784546899096,3,468.895974378251,365.306174025406,473.257,358.947
1784546899196,3,468.730618138316,365.20634842082,473.3,358.459
1784546899296,3,468.5602044904,365.120612139694,473.321,358.03
1784546899396,3,468.384761036591,365.04913310455,473.027,358.459
1784546899496,3,468.204330732685,364.992045100838,472.734,358.888
1784546899596,3,468.01897297909,364.949448840669,472.441,359.317
1784546899696,3,467.82876446913,364.921412822533,472.148,359.746
1784546899796,3,467.633799642172,364.907974967861,471.854,360.174
1784546899896,3,467.43419009533,364.90914451118,471.561,360.603
1784546899996,3,467.230061037746,364.924904212395,471.268,361.032
1784546900096,3,467.021549942592,364.95521190314,470.974,361.461
1784546900196,3,466.808807190454,365.000004990238,470.681,361.889
1784546900296,3,466.591996488084,365.059202957744,470.388,362.318
1784546900396,3,466.371293584672,365.132709150461,470.094,362.747
1784546900496,3,466.146886203214,365.220413743133,469.801,363.176
1784546900596,3,465.918972974481,365.322194968975,469.508,363.605
1784546900696,3,465.6877637179,365.437920633606,469.214,364.033
1784546900796,3,465.453480273337,365.567448095079,468.921,364.462
1784546900896,3,465.216357060818,365.710623764749,468.628,364.891
1784546900996,3,464.976635540447,365.867281847251,468.334,365.32
1784546901096,3,464.734545356,366.03724041195,468.041,365.748
1784546901196,3,464.490299359785,366.220299833814,467.748,366.177
1784546901296,3,464.244089379042,366.416242193886,467.454,366.606
1784546901396,3,463.996084031103,366.624831212004,467.161,367.035
1784546901496,3,463.746428082633,366.845811555589,466.868,367.464
1784546901596,3,463.495239812019,367.078907987784,466.574,367.892
1784546901696,3,463.242611250934,367.323824760208,466.281,368.321
1784546901796,3,462.988609358737,367.580246985815,465.988,368.75
1784546901896,3,462.733279887407,367.847845254712,465.694,369.179
1784546901996,3,462.476659770816,368.126283172719,465.401,369.608
1784546902096,3,462.218782807541,368.415220489488,465.108,370.036
1784546902196,3,461.959681587843,368.714314102362,464.814,370.465
1784546902296,3,461.699389803973,369.023218612483,464.521,370.894
1784546902396,3,461.437943953328,369.341585951261,464.228,371.323
1784546902496,3,461.175385201982,369.669066846415,463.934,371.751
1784546902596,3,460.911759034956,370.005314708232,463.641,372.18
1784546902696,3,460.647112458243,370.349988262508,463.348,372.609
1784546902796,3,460.381493118339,370.702750976103,463.054,373.038
1784546902896,3,460.114946475749,371.063270547636,462.761,373.467
1784546902996,3,459.847513723841,371.431218412852,462.468,373.895
1784546903096,3,459.579232251955,371.806268364381,462.174,374.324
1784546903196,3,459.310136237648,372.188095838129,461.881,374.753
1784546903296,3,459.04025773952,372.576379082153,461.588,375.182
1784546903396,3,458.769627672869,372.970798256409,461.294,375.61
1784546903496,3,458.498275942503,373.371034223965,461.001,376.039
1784546903596,3,458.226232061895,373.77676741494,460.708,376.468
1784546903696,3,457.953524961811,374.187678428765,460.414,376.897
1784546903796,3,457.680183899126,374.60344872642,460.121,377.326
1784546903896,3,457.406238864431,375.023763651996,459.828,377.754
1784546903996,3,457.131717845448,375.448312963063,459.534,378.183
1784546904096,3,456.85664481789,375.876789332013,459.241,378.612
1784546904196,3,456.581039348003,376.308887466676,458.948,379.041
1784546904296,3,456.3049175432,376.744304888299,458.654,379.47
1784546904396,3,456.028293329236,377.18274138899,458.361,379.898
1784546904496,3,455.751179648927,377.623897361715,458.068,380.327
1784546904596,3,455.47358939172,378.067472840319,457.775,380.756
1784546904696,3,455.195536253407,378.513168893005,457.481,381.185
1784546904796,3,454.917034603697,378.960689037255,457.188,381.613
1784546904896,3,454.638099657531,379.409738520149,456.895,382.042
1784546904996,3,454.358746327835,379.860023016488,456.601,382.471
1784546905096,3,454.078989589709,380.311248980296,456.296,382.873
1784546905196,3,453.798844257726,380.763123345211,455.965,383.218
1784546905296,3,453.51832524586,381.215353987426,455.634,383.563
1784546905396,3,453.237448588236,381.667648986816,455.303,383.908
1784546905496,3,452.956232709764,382.119716622818,454.972,384.252
1784546905596,3,452.674699692785,382.571266439205,454.641,384.597
1784546905696,3,452.392876157793,383.022010380158,454.311,384.942
1784546905796,3,452.110792599105,383.471662527427,453.98,385.287
1784546905896,3,451.828481970026,383.919937800771,453.649,385.632
1784546905996,3,451.545975621959,384.366550221784,453.318,385.977
1784546906096,3,451.263302186435,384.811211211063,452.987,386.321
1784546906196,3,450.980488894451,385.253627602034,452.656,386.666
1784546906296,3,450.69756485689,385.693502148311,452.325,387.011
1784546906396,3,450.41456558445,386.130541754024,451.994,387.356
1784546906496,3,450.131535032664,386.564459288918,451.663,387.701
1784546906596,3,449.848526393399,386.994974536822,451.333,388.045
1784546906696,3,449.56560093888,387.421813168725,451.002,388.39
1784546906796,3,449.282827057548,387.844705232761,450.671,388.735
1784546906896,3,449.000279483491,388.263384726159,450.34,389.08
1784546906996,3,448.71803791902,388.677589176788,450.009,389.425
1784546907096,3,448.436187178714,389.087059387914,449.678,389.77
1784546907196,3,448.154816849235,389.491539026202,449.347,390.114
1784546907296,3,447.874022052943,389.890774669398,449.016,390.459
1784546907396,3,447.593904136366,390.28451561172,448.685,390.804
1784546907496,3,447.314569414024,390.672513194247,448.355,391.149
1784546907596,3,447.036127558832,391.054521368898,448.024,391.494
1784546907696,3,446.758691385073,391.430296714989,447.693,391.839
1784546907796,3,446.482377134187,391.799599194617,447.362,392.183
1784546907896,3,446.207304994075,392.162191861058,447.031,392.528
1784546907996,3,445.933597775143,392.517839704367,446.7,392.873
1784546908096,3,445.661379781091,392.86630940489,446.369,393.218
1784546908196,3,445.390775885211,393.207369778208,446.038,393.563
1784546908296,3,445.121912179643,393.540790755084,445.707,393.908
1784546908396,3,444.85491638769,393.866342404795,445.377,394.252
1784546908496,3,444.589918099165,394.183793979497,445.046,394.597
1784546908596,3,444.327049805272,394.492914001473,444.715,394.942
1784546908696,3,444.066447319576,394.793471584881,444.384,395.287
1784546908796,3,443.808247298472,395.085238185989,444.053,395.632
1784546908896,3,443.552585916129,395.367986949348,443.722,395.977
1784546908996,3,443.299599082409,395.641491938672,443.391,396.321
1784546909096,3,443.049421383342,395.905529475421,443.06,396.666
1784546909196,3,442.802186633399,396.159878840001,442.729,397.011
1784546909296,3,442.55802881051,396.404321887304,442.398,397.356
1784546909396,3,442.317082231465,396.638643793253,442.068,397.701
1784546909496,3,442.079481304577,396.862632988367,441.737,398.045
1784546909596,3,441.845360098449,397.076080904944,441.406,398.39
1784546909696,3,441.614853013227,397.278781549931,441.075,398.735
1784546909796,3,441.388095159387,397.470532661908,440.744,399.08
1784546909896,3,441.165221926541,397.651136865199,440.413,399.425
1784546909996,3,440.94636836344,397.820401493475,440.082,399.77
1784546910096,3,440.731667613308,397.978138954543,439.751,400.114
1784546910196,3,440.521250040808,398.124168841368,439.42,400.459
1784546910296,3,440.315242931605,398.258319291203,439.09,400.804
1784546910396,3,440.113768787976,398.380428976667,438.759,401.149
1784546910496,3,439.916945619589,398.49034829291,438.428,401.494
1784546910596,3,439.724887255697,398.587940063213,438.097,401.839
1784546910696,3,439.537701355373,398.6730820199,437.766,402.183
1784546910796,3,439.355487019839,398.745667336485,437.435,402.528
1784546910896,3,439.178333720376,398.805604894502,437.104,402.873
1784546910996,3,439.006321504016,398.852820119293,436.773,403.218
1784546911096,3,438.839521171226,398.887256013059,436.442,403.563
1784546911196,3,438.677992785448,398.908874915595,436.112,403.908
1784546911296,3,438.521784823826,398.917661100761,435.781,404.252
1784546911396,3,438.370933079587,398.913621752232,435.651,404.205
1784546911496,3,438.225460971004,398.896787044772,435.69,403.831
1784546911596,3,438.085380235655,398.867209875111,435.729,403.456
1784546911696,3,437.95069185686,398.824964764217,435.768,403.081
1784546911796,3,437.821387817522,398.770147180429,435.807,402.706
1784546911896,3,437.697452532837,398.702871858127,435.846,402.331
1784546911996,3,437.578863427663,398.623271912642,435.885,401.956
1784546912096,3,437.465591517001,398.531497553487,435.924,401.581
1784546912196,3,437.357602098783,398.427714960858,435.963,401.206
1784546912296,3,437.254855148101,398.31210607776,436.003,400.832
1784546912396,3,437.157305986804,398.184867600144,436.042,400.457
1784546912496,3,437.064906577015,398.046210684065,436.081,400.082
1784546912596,3,436.977605566599,397.896362091128,436.12,399.707
1784546912696,3,436.89534636937,397.735564353473,436.159,399.332
1784546912796,3,436.818067140151,397.564073327351,436.198,398.957
1784546912896,3,436.74570119894,397.3821575615,436.237,398.582
1784546912996,3,436.678177888933,397.1900967372,436.276,398.207
1784546913096,3,436.615425076126,396.988181498172,436.315,397.833
1784546913196,3,436.557371144522,396.776711806233,436.354,397.458
1784546913296,3,436.503946904379,396.555993676069,436.393,397.083
1784546913396,3,436.455084759036,396.326337304825,436.432,396.708
1784546913496,3,436.410718567006,396.088057472896,436.471,396.333
1784546913596,3,436.370783868208,395.841474027927,436.51,395.958
1784546913696,3,436.335217893941,395.586912439218,436.549,395.583
1784546913796,3,436.303958963322,395.324704143774,436.588,395.209
1784546913896,3,436.276946446846,395.055184743752,436.627,394.834
1784546913996,3,436.254120911821,394.77869351458,436.666,394.459
1784546914096,3,436.235424595341,394.495573676131,436.705,394.084
1784546914196,3,436.220802890206,394.206173011559,436.744,393.709
1784546914296,3,436.21020477639,393.910844403237,436.783,393.334
1784546914396,3,436.203582424966,393.609944590541,436.822,392.959
1784546914496,3,436.200889287923,393.303835035556,436.861,392.584
1784546914596,3,436.202079186898,392.99288264772,436.9,392.21
1784546914696,3,436.207105985406,392.677458740701,436.94,391.835
1784546914796,3,436.215923738246,392.35793831967,436.979,391.46
1784546914896,3,436.228486509984,392.034698611875,437.018,391.085
1784546914996,3,436.244749572758,391.708116998993,437.057,390.71
1784546915096,3,436.264673446074,391.378570716084,437.096,390.335
1784546915196,3,436.28822442782,391.046434581726,437.135,389.96
1784546915296,3,436.315373314725,390.712080662778,437.174,389.585
1784546915396,3,436.346096281373,390.3758792894,437.213,389.211
1784546915496,3,436.380374368458,390.038199727354,437.252,388.836
1784546915596,3,436.418193540809,389.699410194487,437.291,388.461
1784546915696,3,436.45954612879,389.359876557065,437.33,388.086
1784546915796,3,436.504431172319,389.019961206398,437.369,387.711
1784546915896,3,436.552854274623,388.680023293981,437.408,387.336
1784546915996,3,436.60482712876,388.340419228597,437.447,386.961
1784546916096,3,436.660366286234,388.001503058794,437.486,386.587
1784546916196,3,436.719492380996,387.663626447968,437.525,386.212
1784546916296,3,436.782228741306,387.32713765965,437.564,385.837
1784546916396,3,436.84860111143,386.992382223614,437.603,385.462
1784546916496,3,436.918638128124,386.659703237826,437.642,385.087
1784546916596,3,436.992369882594,386.329441848912,437.681,384.712
1784546916696,3,437.069827767148,386.001935601673,437.72,384.337
1784546916796,3,437.151046362696,385.677517330992,437.759,383.962
1784546916896,3,437.236064269805,385.356512517237,437.798,383.588
1784546916996,3,437.324924226802,385.039238727391,437.838,383.213
1784546917096,3,437.417672855405,384.726006141793,437.877,382.838
1784546917196,3,437.514360518805,384.417118441187,437.916,382.463
1784546917296,3,437.615040657853,384.112873984262,437.955,382.088
1784546917396,3,437.719768078126,383.813566398059,437.994,381.713
1784546917496,3,437.828597728806,383.519484612554,438.033,381.338
1784546917596,3,437.941582482716,383.230912162428,438.072,380.963
1784546917696,3,438.058772206604,382.948127267647,438.111,380.589
1784546917796,3,438.180213276255,382.671400913015,438.15,380.214
1784546917896,3,438.305948042562,382.400997352835,438.189,379.839
1784546917996,3,438.436014266713,382.137174936985,438.228,379.464
1784546918096,3,438.570444531032,381.880185505192,438.267,379.089
1784546918196,3,438.70926598078,381.630273838911,438.306,378.714
1784546918296,3,438.8525012214,381.387673336456,438.345,378.339
1784546918396,3,439.00016870944,381.15260472286,438.384,377.964
1784546918496,3,439.152283057167,380.925276309082,438.423,377.59
1784546918596,3,439.308854561617,380.705883350061,438.462,377.215
1784546918696,3,439.46988877492,380.494606483987,438.501,376.84
1784546918796,3,439.635386885959,380.291609725926,438.54,376.465
1784546918896,3,439.805345528667,380.097039568382,438.579,376.09
1784546918996,3,439.979757139033,379.911024167468,438.618,375.715
1784546919096,3,440.158609385223,379.733672321798,438.657,375.34
1784546919196,3,440.341884141057,379.565071701754,438.696,374.966
1784546919296,3,440.529556649353,379.405288606147,438.735,374.591
1784546919396,3,440.721594876601,379.254367236075,439.012,374.695
1784546919496,3,440.917959069531,379.112330070153,439.302,374.826
1784546919596,3,441.118602401894,378.979178625993,439.592,374.957
1784546919696,3,441.323470508607,378.854894744836,439.882,375.088
1784546919796,3,441.532500570404,378.739442876261,440.172,375.219
1784546919896,3,441.74562098998,378.632771064782,440.462,375.35
1784546919996,3,441.962752038479,378.534811493116,440.752,375.481
1784546920096,3,442.183807009035,378.445481118041,441.042,375.612
1784546920196,3,442.408692140817,378.364682729903,441.332,375.743
1784546920296,3,442.637306156304,378.292305860036,441.622,375.874
1784546920396,3,442.869540944126,378.22822772556,441.912,376.005
1784546920496,3,443.105282951562,378.172313992295,442.202,376.136
1784546920596,3,443.344413898481,378.124420267292,442.492,376.267
1784546920696,3,443.586810709913,378.084392709268,442.782,376.398
1784546920796,3,443.832345532372,378.052068562548,443.072,376.529
1784546920896,3,444.080885593105,378.02727755207,443.361,376.66
1784546920996,3,444.332295115234,378.009842434506,443.651,376.791
1784546921096,3,444.586435663526,377.999579554426,443.941,376.922
1784546921196,3,444.843166525202,377.996300617473,444.231,377.053
1784546921296,3,445.102344060903,377.999813275264,444.521,377.184
1784546921396,3,445.363820987277,378.009921470422,444.811,377.315
1784546921496,3,445.627445907771,378.026426747746,445.101,377.446
1784546921596,3,445.893064506875,378.049129016328,445.391,377.577
1784546921696,3,446.160520076414,378.077826557473,445.681,377.708
1784546921796,3,446.429653151818,378.112316033734,445.971,377.839
1784546921896,3,446.700301237164,378.152392786426,446.261,377.97
1784546921996,3,446.972299855134,378.197851309771,446.551,378.101
1784546922096,3,447.245482921023,378.248485541241,446.841,378.232
1784546922196,3,447.519681949101,378.304090069312,447.131,378.363
1784546922296,3,447.794725551843,378.364460675772,447.421,378.494
1784546922396,3,448.070438408093,378.429394867556,447.711,378.625
1784546922496,3,448.346640671828,378.498692402889,448.001,378.756
1784546922596,3,448.623149403169,378.572155295895,448.291,378.887
1784546922696,3,448.89977850542,378.649587549851,448.581,379.018
1784546922796,3,449.176339690778,378.730795105151,448.871,379.149
1784546922896,3,449.452642508172,378.815586383316,449.16,379.28
1784546922996,3,449.728495588077,378.903772320351,449.45,379.411
1784546923096,3,450.003706809166,378.995166631638,449.74,379.542
1784546923196,3,450.278082752157,379.089585607249,450.03,379.673
1784546923296,3,450.551428377484,379.18684786857,450.32,379.804
1784546923396,3,450.823547469967,379.28677399223,450.61,379.935
1784546923496,3,451.094243145293,379.389186132255,450.9,380.066
1784546923596,3,451.363317288603,379.493907614746,451.19,380.198
1784546923696,3,451.630569752981,379.600762914523,451.48,380.329
1784546923796,3,451.895798600816,379.709578500647,451.77,380.46
1784546923896,3,452.158799705755,379.820183247656,452.06,380.591
1784546923996,3,452.4193676122,379.932408491387,452.35,380.722
1784546924096,3,452.677295605107,380.046089142441,452.64,380.853
1784546924196,3,452.932375205253,380.161063612559,452.93,380.984
1784546924296,3,453.184396214002,380.277173470098,453.22,381.115
1784546924396,3,453.433146113142,380.39426294611,453.51,381.246
1784546924496,3,453.678410044203,380.512177873654,453.8,381.377
1784546924596,3,453.919969035835,380.630762471236,454.09,381.508
1784546924696,3,454.157595269036,380.749855886879,454.38,381.639
1784546924796,3,454.391051569572,380.869291641518,454.67,381.77
1784546924896,3,454.620096491079,380.988900935632,454.96,381.901
1784546924996,3,454.84448528921,381.108518973982,455.249,382.032
1784546925096,3,455.063969470322,381.227987379869,455.539,382.163
1784546925196,3,455.278298042156,381.347154013169,455.829,382.294
1784546925296,3,455.487220017089,381.465872561673,456.119,382.425
1784546925396,3,455.690484409128,381.58400259311,456.409,382.556
1784546925496,3,455.887840464624,381.701409004338,456.699,382.687
1784546925596,3,456.079038136605,381.817961024322,456.989,382.818
1784546925696,3,456.263826719643,381.933532111818,457.279,382.949
1784546925796,3,456.441955068629,382.047999941568,457.569,383.08
1784546925896,3,456.613172788739,382.161247396116,457.859,383.211
1784546925996,3,456.777231859777,382.273162415536,458.149,383.342
1784546926096,3,456.933886179847,382.383637137911,458.439,383.473
1784546926196,3,457.082891845444,382.492566056791,458.729,383.604
1784546926296,3,457.224006712729,382.599844913737,459.019,383.735
1784546926396,3,457.356989699363,382.705369407538,459.309,383.866
1784546926496,3,457.481600124427,382.809034679324,459.599,383.997
1784546926596,3,457.597597269278,382.910732369217,459.889,384.128
1784546926696,3,457.704740881928,383.010351181504,460.179,384.259
1784546926796,3,457.802792270213,383.107777158017,460.469,384.39
1784546926896,3,457.891514766028,383.202894376349,460.759,384.521
1784546926996,3,457.970675239177,383.295584993739,461.048,384.652
1784546927096,3,458.040045682772,383.385729958126,461.338,384.783
1784546927196,3,458.099404920164,383.473209954371,461.628,384.914
1784546927296,3,458.14854110429,383.557904901212,461.918,385.045
1784546927396,3,458.187252917951,383.639694655443,462.208,385.176
1784546927496,3,458.215349838155,383.718460869926,462.498,385.307
1784546927596,3,458.232653015942,383.794086615139,462.788,385.438
1784546927696,3,458.238995484613,383.866454357428,463.078,385.569
1784546927796,3,458.234222463712,383.935446853233,463.368,385.7
1784546927896,3,458.21819238026,384.000947733619,463.658,385.831
1784546927996,3,458.190779111669,384.062841492155,463.948,385.962
1784546928096,3,458.151874065178,384.121012861488,464.238,386.093
1784546928196,3,458.101389871954,384.175348359976,464.528,386.224
1784546928296,3,458.039261828368,384.225738570408,464.818,386.355
1784546928396,3,457.965448333746,384.272079974835,465.108,386.486
1784546928496,3,457.879933611995,384.314276116812,465.398,386.617
1784546928596,3,457.782729036505,384.352237413791,465.688,386.748
1784546928696,3,457.673874881313,384.385880335214,465.978,386.879
1784546928796,3,457.553441249042,384.415127918572,465.701,386.848
1784546928896,3,457.421528994346,384.439908446268,465.131,386.734
1784546928996,3,457.278269865357,384.460154250294,464.561,386.62
1784546929096,3,457.12382651587,384.475802383567,463.992,386.506
1784546929196,3,456.958390704464,384.486794612276,463.422,386.392
1784546929296,3,456.782180796055,384.493076040373,462.853,386.278
1784546929396,3,456.595440977744,384.494594080846,462.283,386.164
1784546929496,3,456.398441090895,384.491297837177,461.713,386.05
1784546929596,3,456.19147358221,384.483136203275,461.144,385.936
1784546929696,3,455.974849578268,384.470056521768,460.574,385.822
1784546929796,3,455.74889642613,384.452004623997,460.005,385.708
1784546929896,3,455.513957873574,384.428926653558,459.435,385.594
1784546929996,3,455.270393738639,384.400772710477,458.866,385.48
1784546930096,3,455.018578469766,384.367497871636,458.296,385.366
1784546930196,3,454.758901635095,384.329062563446,457.726,385.252
1784546930296,3,454.491768680083,384.285432441801,457.157,385.138
1784546930396,3,454.217600812047,384.23657818652,456.587,385.024
1784546930496,3,453.936832320113,384.182474842074,456.018,384.91
1784546930596,3,453.649906833128,384.123101057489,455.448,384.796
1784546930696,3,453.357276272795,384.05843828835,454.879,384.682
1784546930796,3,453.059401146387,383.988470461841,454.309,384.568
1784546930896,3,452.756750796034,383.913182973077,453.739,384.454
1784546930996,3,452.449801980016,383.832562662012,453.17,384.34
1784546931096,3,452.139037081729,383.746598124698,452.6,384.226
1784546931196,3,451.824943100673,383.655280000933,452.031,384.112
1784546931296,3,451.508010371422,383.55860143745,451.461,383.998
1784546931396,3,451.188734343988,383.456558183631,450.892,383.884
1784546931496,3,450.867619704568,383.349147497903,450.322,383.77
1784546931596,3,450.545180313023,383.236366101803,449.752,383.656
1784546931696,3,450.221946351512,383.118209685367,449.183,383.542
1784546931796,3,449.898465849303,382.994673427476,448.613,383.428
1784546931896,3,449.575298865716,382.865753506387,448.044,383.314
1784546931996,3,449.253012779214,382.731449750982,447.474,383.2
1784546932096,3,448.932174090374,382.591766725563,446.905,383.086
1784546932196,3,448.613343241047,382.446713329982,446.335,382.972
1784546932296,3,448.297070840725,382.296299383132,445.765,382.858
1784546932396,3,447.983894860481,382.140535257114,445.196,382.744
1784546932496,3,447.674338553321,381.979432467167,444.626,382.63
1784546932596,3,447.368911175915,381.813004386449,444.057,382.516
1784546932696,3,447.068108483188,381.641266954074,443.487,382.402
1784546932796,3,446.772410296611,381.464239075278,442.917,382.288
1784546932896,3,446.482279651569,381.281942825739,442.348,382.174
1784546932996,3,446.198160493876,381.094403654744,441.778,382.06
1784546933096,3,445.920476658858,380.901649999613,441.209,381.946
1784546933196,3,445.649631967275,380.703713280132,440.639,381.832
1784546933296,3,445.386010578051,380.500627487651,440.07,381.718
1784546933396,3,445.129975820942,380.292430388906,439.5,381.604
1784546933496,3,444.881868069447,380.079164056349,438.93,381.49
1784546933596,3,444.642002762224,379.860875479391,438.361,381.376
1784546933696,3,444.410666430004,379.637617856886,437.791,381.262
1784546933796,3,444.188114787008,379.40945186328,437.222,381.148
1784546933896,3,443.974571093169,379.176446209882,436.662,381.031
1784546933996,3,443.770225962276,378.938677458464,436.854,380.717
1784546934096,3,443.575238009604,378.696230306351,437.045,380.402
1784546934196,3,443.389734787345,378.449196649116,437.237,380.088
1784546934296,3,443.213814124033,378.197676042384,437.428,379.773
1784546934396,3,443.047545969608,377.94177666405,437.62,379.459
1784546934496,3,442.890973663332,377.681615204098,437.811,379.144
1784546934596,3,442.744115565663,377.417314950903,438.003,378.83
1784546934696,3,442.606966252261,377.149004859877,438.194,378.516
1784546934796,3,442.479498224937,376.87681904272,438.386,378.201
1784546934896,3,442.361663046376,376.600896125009,438.577,377.887
1784546934996,3,442.253392522055,376.321379596917,438.768,377.572
1784546935096,3,442.154600093326,376.038417236412,438.96,377.258
1784546935196,3,442.065182012111,375.752161069946,439.151,376.944
1784546935296,3,441.985018695788,375.462766002781,439.343,376.629
1784546935396,3,441.91397684319,375.170389852953,439.534,376.315
1784546935496,3,441.851911034747,374.875192828643,439.726,376
1784546935596,3,441.798665465989,374.577336674944,439.917,375.686
1784546935696,3,441.7540764173,374.276982331338,440.109,375.372
1784546935796,3,441.717973427935,373.974289655217,440.3,375.057
1784546935896,3,441.690181194973,373.669418623853,440.492,374.743
1784546935996,3,441.670520165474,373.362530754741,440.683,374.428
1784546936096,3,441.65880669958,373.053790513453,440.874,374.114
1784546936196,3,441.654854054595,372.743366516366,441.066,373.8
1784546936296,3,441.658476064347,372.431430953672,441.257,373.485
1784546936396,3,441.669490126768,372.118155310414,441.449,373.171
1784546936496,3,441.687717572225,371.803710429083,441.64,372.856
1784546936596,3,441.712983570237,371.48826797448,441.832,372.542
1784546936696,3,441.745117092735,371.172001272428,442.023,372.228
1784546936796,3,441.78395093566,370.855084131622,442.215,371.913
1784546936896,3,441.829321615709,370.537691194147,442.406,371.599
1784546936996,3,441.881070024575,370.219999048056,442.597,371.284
1784546937096,3,441.9390417879,369.902186680735,442.789,370.97
1784546937196,3,442.003086550619,369.584436375447,442.98,370.656
1784546937296,3,442.073057205964,369.266933857203,443.172,370.341
1784546937396,3,442.148808704968,368.949867017054,443.363,370.027
1784546937496,3,442.2301945396,368.633425615652,443.555,369.712
1784546937596,3,442.31706559156,368.31779794228,443.746,369.398
1784546937696,3,442.409270412257,368.003169532474,443.938,369.084
1784546937796,3,442.506657466816,367.689722489856,444.129,368.769
1784546937896,3,442.609075431837,367.377636378571,444.321,368.455
1784546937996,3,442.71637288955,367.067088933928,444.512,368.14
1784546938096,3,442.828398033499,366.758254903093,444.703,367.826
1784546938196,3,442.944998440389,366.451304666306,444.895,367.512
1784546938296,3,443.066021293407,366.14640434916,445.086,367.197
1784546938396,3,443.191315584688,365.843716297651,445.278,366.883
1784546938496,3,443.320732156224,365.543399096419,445.469,366.568
1784546938596,3,443.454122894688,365.245606724158,445.661,366.254
1784546938696,3,443.591340350122,364.950489079164,445.852,365.94
1784546938796,3,443.73223800138,364.658192805109,446.044,365.625
1784546938896,3,443.876672886985,364.368861334307,446.235,365.311
1784546938996,3,444.024505867972,364.082634988091,446.427,364.996
1784546939096,3,444.175601395612,363.799650748539,446.618,364.682
1784546939196,3,444.329826923612,363.520042471355,446.809,364.368
1784546939296,3,444.487052068128,363.243940999387,447.001,364.053
1784546939396,3,444.647147464778,362.971473443167,447.192,363.739
1784546939496,3,444.809984689177,362.702762868434,447.384,363.424
1784546939596,3,444.975436876146,362.437926462896,447.575,363.11
1784546939696,3,445.143379807814,362.177074305575,447.767,362.796
1784546939796,3,445.313693674044,361.920305386068,447.958,362.481
1784546939896,3,445.486264727714,361.667702196972,448.15,362.167
1784546939996,3,445.660985278215,361.419329736441,448.341,361.852
1784546940096,3,445.837753078259,361.175235739134,448.532,361.538
1784546940196,3,446.016470991478,360.935449570715,448.724,361.224
1784546940296,3,446.197046301845,360.699985900261,448.915,360.909
1784546940396,3,446.379390122267,360.468847885914,449.107,360.595
1784546940496,3,446.563418497072,360.242029126878,449.298,360.28
1784546940596,3,446.749055189835,360.019514193445,449.49,359.966
1784546940696,3,446.936230082242,359.801278986728,449.681,359.652
1784546940796,3,447.124877879578,359.587289375169,449.873,359.337
1784546940896,3,447.314937060072,359.377499856485,450.064,359.023
1784546940996,3,447.50634807106,359.171852640355,450.256,358.708
1784546941096,3,447.699051387242,358.970278265855,450.447,358.394
1784546941196,3,447.892986614288,358.772696390785,450.638,358.079
1784546941296,3,448.088092392831,358.579016018791,450.83,357.765
1784546941396,3,448.284306386417,358.389137156084,451.021,357.451
1784546941496,3,448.481568132144,358.202951962197,451.213,357.136
1784546941596,3,448.679819225973,358.020344990636,451.404,356.822
1784546941696,3,448.879002924025,357.841191446218,451.596,356.507
1784546941796,3,449.079063137214,357.665357384056,451.787,356.193
1784546941896,3,449.27994424095,357.492699232309,451.979,355.879
1784546941996,3,449.481592257534,357.323059356025,452.17,355.564
1784546942096,3,449.683954426452,357.156266022625,452.394,355.7
1784546942196,3,449.886978767974,356.992136640213,452.648,356.258
1784546942296,3,450.09061532556,356.830480804343,452.902,356.816
1784546942396,3,450.294816990132,356.671099251892,453.156,357.374
1784546942496,3,450.49954094723,356.513784018015,453.41,357.932
1784546942596,3,450.704748132488,356.358319909455,453.664,358.49
1784546942696,3,450.910401736002,356.204489398093,453.918,359.048
1784546942796,3,451.11646604668,356.05207960825,454.172,359.606
1784546942896,3,451.322905219588,355.900885792396,454.426,360.164
1784546942996,3,451.529682309635,355.750712412068,454.68,360.722
1784546943096,3,451.736758510112,355.601374100591,454.934,361.28
1784546943196,3,451.944092423008,355.452697527744,455.188,361.838
1784546943296,3,452.151640980868,355.304523441305,455.442,362.396
1784546943396,3,452.359359795997,355.156709755267,455.697,362.954
1784546943496,3,452.567203672948,355.009135401844,455.951,363.512
1784546943596,3,452.775131130537,354.861706913665,456.205,364.07
1784546943696,3,452.983106646487,354.714354679607,456.459,364.628
1784546943796,3,453.191101830973,354.56703106953,456.713,365.187
1784546871496,4,312.606126293638,268.390903860326,316.581,270.483
1784546871596,4,312.217716765413,268.267231429769,316.052,270.282
1784546871696,4,311.826918616167,268.142806545684,315.522,270.08
1784546871796,4,311.433761621772,268.017652866194,314.993,269.879
1784546871896,4,311.038293206975,267.891805866685,314.463,269.677
1784546871996,4,310.640579564247,267.76531268506,313.934,269.475
1784546872096,4,310.240702227899,267.638232103084,313.404,269.274
1784546872196,4,309.838753044739,267.51063543128,312.875,269.072
1784546872296,4,309.434837218244,267.382606588936,312.345,268.871
1784546872396,4,309.029075865913,267.254242542048,311.815,268.669
1784546872496,4,308.621605666554,267.125652600606,311.286,268.468
1784546872596,4,308.212571846688,266.996953782594,310.756,268.266
1784546872696,4,307.802126395895,266.868271288424,310.227,268.065
1784546872796,4,307.39042403627,266.739743968092,309.697,267.863
1784546872896,4,306.977622174541,266.611526498802,309.168,267.662
1784546872996,4,306.563881993099,266.4837897916,308.638,267.46
1784546873096,4,306.149370142416,266.356721523308,308.109,267.258
1784546873196,4,305.734261036062,266.230525022211,307.579,267.057
1784546873296,4,305.318740311079,266.105413620376,307.05,266.855
1784546873396,4,304.903007140837,265.98160853399,306.52,266.654
1784546873496,4,304.487274812703,265.85933653033,305.991,266.452
1784546873596,4,304.071767000137,265.73882885246,305.461,266.251
1784546873696,4,303.656716297358,265.620321385998,304.932,266.049
1784546873796,4,303.242361026163,265.504054843025,304.402,265.848
1784546873896,4,302.828945926292,265.390274058201,303.873,265.646
1784546873996,4,302.41672306839,265.279228257969,303.343,265.445
1784546874096,4,302.005948997634,265.171171994612,302.814,265.243
1784546874196,4,301.596883408011,265.066366543681,302.284,265.041
1784546874296,4,301.189793290783,264.965079586858,301.755,264.84
1784546874396,4,300.784955568988,264.867583845536,301.225,264.638
1784546874496,4,300.382659262933,264.774149712352,300.696,264.437
1784546874596,4,299.983208649869,264.685038197071,300.166,264.235
1784546874696,4,299.586924269244,264.60049922699,299.637,264.034
1784546874796,4,299.194137544314,264.520771142429,299.107,263.832
1784546874896,4,298.805181116478,264.446086195258,298.578,263.631
1784546874996,4,298.420383825041,264.376672301507,298.048,263.429
1784546875096,4,298.040071726599,264.312751966645,297.519,263.228
1784546875196,4,297.664571264782,264.254536959482,296.989,263.026
1784546875296,4,297.294211383561,264.202227217193,296.46,262.824
1784546875396,4,296.929325267289,264.156011133463,295.93,262.623
1784546875496,4,296.570253768203,264.116062693976,295.401,262.421
1784546875596,4,296.217351284121,264.082532299023,294.871,262.22
1784546875696,4,295.870977665283,264.055556434807,294.342,262.018
1784546875796,4,295.531494412892,264.03526098464,293.812,261.817
1784546875896,4,295.199265582983,264.021760431438,293.283,261.615
1784546875996,4,294.874655502643,264.015155056003,292.753,261.414
1784546876096,4,294.558014794116,264.015534005384,292.224,261.212
1784546876196,4,294.249675781907,264.022978272953,291.694,261.011
1784546876296,4,293.949946967841,264.03756347925,291.165,260.809
1784546876396,4,293.659108300738,264.059360966846,290.635,260.607
1784546876496,4,293.377394589932,264.088451818649,290.106,260.406
1784546876596,4,293.104990778952,264.124929609281,289.576,260.204
1784546876696,4,292.842031718321,264.16889130716,289.047,260.003
1784546876796,4,292.58861507371,264.220422040567,288.546,259.828
1784546876896,4,292.344800447904,264.279597802338,288.59,260.172
1784546876996,4,292.110614193523,264.346480609351,288.635,260.515
1784546877096,4,291.886046331914,264.421125353549,288.679,260.858
1784546877196,4,291.671050061137,264.503581972173,288.724,261.202
1784546877296,4,291.465543740232,264.593894063011,288.769,261.545
1784546877396,4,291.269414577329,264.692095944832,288.813,261.888
1784546877496,4,291.082517839885,264.798215373074,288.858,262.232
1784546877596,4,290.904680385827,264.912269001041,288.903,262.575
1784546877696,4,290.735702340057,265.034262882576,288.947,262.919
1784546877796,4,290.57535769867,265.16420202532,288.992,263.262
1784546877896,4,290.42339522872,265.302094253245,289.037,263.605
1784546877996,4,290.279539770006,265.44794815348,289.081,263.949
1784546878096,4,290.143493441806,265.601774591577,289.126,264.292
1784546878196,4,290.014937987079,265.763585636583,289.17,264.635
1784546878296,4,289.89353852849,265.933389526249,289.215,264.979
1784546878396,4,289.778952625668,266.111188801206,289.26,265.322
1784546878496,4,289.67083339663,266.296979571688,289.304,265.665
1784546878596,4,289.568831992634,266.490750469216,289.349,266.009
1784546878696,4,289.472599736595,266.692482279032,289.394,266.352
1784546878796,4,289.381793330131,266.9021482912,289.438,266.696
1784546878896,4,289.296076497418,267.119715280474,289.483,267.039
1784546878996,4,289.215119622781,267.345143070799,289.527,267.382
1784546879096,4,289.138596850835,267.578384184964,289.572,267.726
1784546879196,4,289.066185629831,267.819383876143,289.617,268.069
1784546879296,4,288.997567612597,268.0680826039,289.661,268.412
1784546879396,4,288.932431623462,268.324415823338,289.706,268.756
1784546879496,4,288.870476973938,268.588312912017,289.751,269.099
1784546879596,4,288.811414404258,268.859697085461,289.795,269.443
1784546879696,4,288.754966375384,269.138488619402,289.84,269.786
1784546879796,4,288.700867340293,269.424604737363,289.884,270.129
1784546879896,4,288.64886388596,269.717959797698,289.929,270.473
1784546879996,4,288.598714834097,270.01846917716,289.974,270.816
1784546880096,4,288.550192512839,270.326048439678,290.018,271.159
1784546880196,4,288.503081734211,270.640613150506,290.063,271.503
1784546880296,4,288.457178573118,270.962079298427,290.108,271.846
1784546880396,4,288.41228739226,271.290362205367,290.152,272.19
1784546880496,4,288.368218753066,271.625376439857,290.197,272.533
1784546880596,4,288.324789910913,271.967040048883,290.241,272.876
1784546880696,4,288.281827728915,272.315274609586,290.286,273.22
1784546880796,4,288.239169569761,272.670004272461,290.331,273.563
1784546880896,4,288.196663538856,273.03115455314,290.375,273.906
1784546880996,4,288.15416885394,273.39865076799,290.42,274.25
1784546881096,4,288.111556707792,273.772413961354,290.465,274.593
1784546881196,4,288.068713612972,274.152349575609,290.509,274.937
1784546881296,4,288.025546381769,274.538343216922,290.554,275.28
1784546881396,4,287.981989257232,274.930258942714,290.598,275.623
1784546881496,4,287.938005657283,275.327937689079,290.643,275.967
1784546881596,4,287.893586847452,275.731197733706,290.688,276.31
1784546881696,4,287.848745740691,276.139842854313,290.732,276.653
1784546881796,4,287.803515006735,276.553674655839,290.777,276.997
1784546881896,4,287.757947097265,276.972495977492,290.822,277.34
1784546881996,4,287.712114238294,277.39611068415,290.866,277.684
1784546882096,4,287.666107867941,277.824323340206,290.911,278.027
1784546882196,4,287.620033522609,278.256941681918,290.955,278.37
1784546882296,4,287.573998376498,278.693783725792,291,278.714
1784546882396,4,287.528098341182,279.134677842313,291.045,279.057
1784546882496,4,287.482414788216,279.579461371183,291.089,279.4
1784546882596,4,287.437012847067,280.027980527832,291.134,279.744
1784546882696,4,287.391943525043,280.480086295916,291.179,280.087
1784546882796,4,287.347244957536,280.935631432168,291.223,280.43
1784546882896,4,287.302943722087,281.394468354708,291.268,280.774
1784546882996,4,287.259055594165,281.856447009956,291.312,281.117
1784546883096,4,287.215586548891,282.321412936502,291.357,281.461
1784546883196,4,287.172531855491,282.789207265786,291.402,281.804
1784546883296,4,287.129874853961,283.259670473013,291.446,282.147
1784546883396,4,287.087587093277,283.732641972304,291.491,282.491
1784546883496,4,287.045629460062,284.207958411457,291.536,282.834
1784546883596,4,287.003953116712,284.685453018588,291.58,283.177
1784546883696,4,286.962503987901,285.164954790473,291.625,283.521
1784546883796,4,286.921234829903,285.646291043517,291.669,283.864
1784546883896,4,286.880116802627,286.129289424385,291.714,284.208
1784546883996,4,286.83913742735,286.613778974574,291.759,284.551
1784546884096,4,286.798287619312,287.099595335044,291.803,284.894
1784546884196,4,286.757571892808,287.586578821558,291.848,285.238
1784546884296,4,286.716991740537,288.074589556094,291.893,285.581
1784546884396,4,286.676540301969,288.563510078983,291.937,285.924
1784546884496,4,286.636207933563,289.053239053927,291.982,286.268
1784546884596,4,286.595999335114,289.543677160605,292.026,286.611
1784546884696,4,286.555925807609,290.034732758446,292.071,286.955
1784546884796,4,286.516014251287,290.526313010962,292.116,287.298
1784546884896,4,286.476295457335,291.018337251572,292.16,287.641
1784546884996,4,286.43680504992,291.510734621021,292.205,287.985
1784546885096,4,286.397588123892,292.003437799032,292.25,288.328
1784546885196,4,286.358712103383,292.496370122646,292.294,288.671
1784546885296,4,286.320270145036,292.989440539979,292.339,289.015
1784546885396,4,286.28238131597,293.482541296917,292.383,289.358
1784546885496,4,286.245188446875,293.975547537208,292.351,289.799
1784546885596,4,286.208847019307,294.468324195921,292.206,290.381
1784546885696,4,286.173514698537,294.960732536765,292.062,290.963
1784546885796,4,286.139349223332,295.452629601834,291.917,291.545
1784546885896,4,286.10650797319,295.943865912794,291.773,292.127
1784546885996,4,286.075148416094,296.434283861385,291.629,292.709
1784546886096,4,286.045427932169,296.923718232005,291.484,293.29
1784546886196,4,286.017504416811,297.411994633677,291.34,293.872
1784546886296,4,285.991536992675,297.898926872368,291.195,294.454
1784546886396,4,285.967687798878,298.384313311696,291.051,295.036
1784546886496,4,285.946122513131,298.867934287619,290.906,295.618
1784546886596,4,285.927009998299,299.34955200629,290.762,296.2
1784546886696,4,285.910520137979,299.828917889749,290.618,296.782
1784546886796,4,285.896821986031,300.305775694306,290.473,297.364
1784546886896,4,285.886082438198,300.779860579031,290.329,297.946
1784546886996,4,285.878464619061,301.250898275716,290.184,298.528
1784546887096,4,285.874127565261,301.71860794117,290.04,299.109
1784546887196,4,285.873228749055,302.182701250296,289.895,299.691
1784546887296,4,285.875934070095,302.642880857051,289.751,300.273
1784546887396,4,285.882421059916,303.098840589941,289.607,300.855
1784546887496,4,285.892881636737,303.550264397255,289.462,301.437
1784546887596,4,285.907522898113,303.996826449958,289.318,302.019
1784546887696,4,285.926566131347,304.438192544501,289.173,302.601
1784546887796,4,285.950242763789,304.874025317227,289.029,303.183
1784546887896,4,285.978793268379,305.3039851862,288.885,303.765
1784546887996,4,286.012467055507,305.727732088488,288.74,304.346
1784546888096,4,286.051522907555,306.144930334922,288.596,304.928
1784546888196,4,286.096231022908,306.555248233702,288.451,305.51
1784546888296,4,286.146874322375,306.958354663215,288.307,306.092
1784546888396,4,286.203751075256,307.353912693921,288.162,306.674
1784546888496,4,286.267169509582,307.741584435108,288.018,307.256
1784546888596,4,286.337437384455,308.121039668415,287.874,307.838
1784546888696,4,286.414859381158,308.491956854515,287.729,308.42
1784546888796,4,286.499736338755,308.854023569684,287.585,309.002
1784546888896,4,286.592362766996,309.206934200085,287.44,309.584
1784546888996,4,286.693024477029,309.550383829171,287.296,310.165
1784546889096,4,286.80199766154,309.884066081746,287.151,310.747
1784546889196,4,286.919548120736,310.207673892397,287.007,311.329
1784546889296,4,287.045930668152,310.520899303769,286.863,311.911
1784546889396,4,287.181388109951,310.823436405029,286.718,312.493
1784546889496,4,287.32614856923,311.114986769336,286.574,313.075
1784546889596,4,287.480422956016,311.395261827144,286.429,313.657
1784546889696,4,287.644402629989,311.663984212088,286.285,314.239
1784546889796,4,287.818257226102,311.920889725,286.14,314.821
1784546889896,4,288.00213391084,312.165732577751,285.996,315.402
1784546889996,4,288.196157378998,312.398288370991,285.852,315.984
1784546890096,4,288.400427759166,312.618354188206,285.707,316.566
1784546890196,4,288.615019342721,312.825747696897,285.563,317.148
1784546890296,4,288.839979707972,313.020306444877,285.418,317.73
1784546890396,4,289.075328730866,313.201888354385,285.274,318.312
1784546890496,4,289.321057463188,313.370371253664,285.369,318.602
1784546890596,4,289.577131094915,313.525652244205,285.87,318.398
1784546890696,4,289.843503901795,313.667648104068,286.371,318.194
1784546890796,4,290.1201220713,313.796296881143,286.872,317.99
1784546890896,4,290.406922514608,313.911557196091,287.373,317.786
1784546890996,4,290.703832021513,314.01340552456,287.874,317.582
1784546891096,4,291.01076677136,314.101835680304,288.375,317.378
1784546891196,4,291.327629391431,314.17686092427,288.876,317.174
1784546891296,4,291.654306073979,314.238514653776,289.377,316.971
1784546891396,4,291.990669781272,314.286848399937,289.878,316.767
1784546891496,4,292.336573286783,314.321939908777,290.379,316.563
1784546891596,4,292.691843944092,314.343898949237,290.88,316.359
1784546891696,4,293.056278211281,314.352877320271,291.381,316.155
1784546891796,4,293.429651846089,314.349055608249,291.882,315.951
1784546891896,4,293.811721773074,314.332638934109,292.383,315.747
1784546891996,4,294.202227307689,314.303853606113,292.884,315.543
1784546892096,4,294.60089784978,314.262934467071,293.385,315.339
1784546892196,4,295.007453819559,314.210121875982,293.885,315.135
1784546892296,4,295.421606552551,314.145661909142,294.386,314.931
1784546892396,4,295.8430568459,314.069806496513,294.887,314.727
1784546892496,4,296.271495179287,313.982813359433,295.388,314.524
1784546892596,4,296.706608764594,313.884946183176,295.889,314.32
1784546892696,4,297.148084361478,313.776474185034,296.39,314.116
1784546892796,4,297.595610870855,313.657670729657,296.891,313.912
1784546892896,4,298.04887915194,313.528811813336,297.392,313.708
1784546892996,4,298.507581485682,313.390175652886,297.893,313.504
1784546893096,4,298.971411405447,313.2420411038,298.394,313.3
1784546893196,4,299.440064270761,313.084687645777,298.895,313.096
1784546893296,4,299.913237993727,312.918395872246,299.396,312.892
1784546893396,4,300.390632640847,312.743447889241,299.897,312.688
1784546893496,4,300.871949886067,312.56012645234,300.398,312.484
1784546893596,4,301.35689222729,312.368713779609,300.899,312.281
1784546893696,4,301.845162687136,312.169492583893,301.4,312.077
1784546893796,4,302.336466045751,311.962746306198,301.901,311.873
1784546893896,4,302.830509250057,311.748759674909,302.402,311.669
1784546893996,4,303.327006055907,311.527818523662,302.903,311.465
1784546894096,4,303.825677970777,311.300208482845,303.404,311.261
1784546894196,4,304.326253463507,311.066215065482,303.905,311.057
1784546894296,4,304.82846659798,310.826123049649,304.405,310.853
1784546894396,4,305.332055418574,310.580216342741,304.906,310.649
1784546894496,4,305.83676008187,310.328775685574,305.407,310.445
1784546894596,4,306.342321332204,310.072076928492,305.908,310.241
1784546894696,4,306.848481272019,309.810391724571,306.409,310.038
1784546894796,4,307.354985000922,309.543988913555,306.91,309.834
1784546894896,4,307.86158013265,309.273135792098,307.411,309.63
1784546894996,4,308.368015950429,308.998099358028,307.912,309.426
1784546895096,4,308.874042626714,308.719147466529,308.413,309.222
1784546895196,4,309.379410901384,308.436549625409,308.914,309.018
1784546895296,4,309.883873650071,308.150577957661,309.415,308.814
1784546895396,4,310.387185076191,307.861508378147,309.916,308.61
1784546895496,4,310.889100488577,307.569621802317,310.417,308.406
1784546895596,4,311.389376314144,307.27520525677,310.918,308.202
1784546895696,4,311.88776982958,306.978552059793,311.419,307.998
1784546895796,4,312.38403823653,306.679960828692,311.92,307.795
1784546895896,4,312.877936597256,306.379735404802,312.421,307.591
1784546895996,4,313.369215631003,306.078182642533,312.922,307.387
1784546896096,4,313.857618945297,305.775613816223,313.519,307.065
1784546896196,4,314.34287706545,305.472348643076,314.126,306.731
1784546896296,4,314.824705171565,305.168713407402,314.733,306.396
1784546896396,4,315.302805025474,304.865039861809,315.341,306.062
1784546896496,4,315.776865842771,304.561663307336,315.948,305.728
1784546896596,4,316.246565515171,304.258922182208,316.555,305.393
1784546896696,4,316.711572567985,303.957157792722,317.163,305.059
1784546896796,4,317.171548292204,303.656711938905,317.77,304.725
1784546896896,4,317.626148280805,303.357922487959,318.377,304.391
1784546896996,4,318.075023580368,303.061123457052,318.984,304.056
1784546897096,4,318.517820120471,302.766646316319,319.592,303.722
1784546897196,4,318.954178396747,302.474821026628,320.199,303.388
1784546897296,4,319.383735254459,302.185977342922,320.806,303.053
1784546897396,4,319.806122772235,301.900446179539,321.414,302.719
1784546897496,4,320.220967397006,301.618559872049,322.021,302.385
1784546897596,4,320.62789269259,301.340648132799,322.628,302.051
1784546897696,4,321.02651986814,301.067034030949,323.235,301.716
1784546897796,4,321.41646860228,300.798033702887,323.843,301.382
1784546897896,4,321.797357967114,300.533956076542,324.45,301.048
1784546897996,4,322.168808333585,300.275105798884,325.057,300.714
1784546898096,4,322.530441155785,300.021787654279,325.665,300.379
1784546898196,4,322.8818790794,299.774314682788,326.272,300.045
1784546898296,4,323.222747040656,299.53300254829,326.879,299.711
1784546898396,4,323.552671462009,299.29816685061,327.486,299.376
1784546898496,4,323.871280213276,299.070117967769,328.094,299.042
1784546898596,4,324.178205513944,298.849160192922,328.701,298.708
1784546898696,4,324.473088588697,298.635591610743,329.308,298.374
1784546898796,4,324.755579678776,298.429706303845,329.916,298.039
1784546898896,4,325.025337800389,298.231795367725,330.523,297.705
1784546898996,4,325.282032938495,298.042146282638,331.13,297.371
1784546899096,4,325.525348651685,297.861039108166,331.737,297.036
1784546899196,4,325.754993547657,297.688730057541,332.345,296.702
1784546899296,4,325.970706366214,297.52545123288,332.952,296.368
1784546899396,4,326.172257609738,297.371424555951,333.559,296.034
1784546899496,4,326.359449681696,297.226864284292,334.167,295.699
1784546899596,4,326.532118154392,297.091971838833,334.774,295.365
1784546899696,4,326.690130743096,296.966934933054,335.381,295.031
1784546899796,4,326.833386296443,296.851926436157,335.988,294.697
1784546899896,4,326.961814588587,296.747101064263,336.596,294.362
1784546899996,4,327.075377168423,296.652595029557,337.203,294.028
1784546900096,4,327.174067072609,296.568526709355,337.81,293.694
1784546900196,4,327.257909993755,296.494996778758,338.418,293.359
1784546900296,4,327.326969528449,296.432087671955,339.025,293.025
1784546900396,4,327.381348584701,296.379865808836,338.911,293.046
1784546900496,4,327.421189267371,296.338384077927,338.369,293.278
1784546900596,4,327.446672663423,296.307682329534,337.828,293.509
1784546900696,4,327.458018735223,296.287786215239,337.286,293.741
1784546900796,4,327.455485299762,296.278706936136,336.745,293.972
1784546900896,4,327.439364727684,296.280441450838,336.203,294.204
1784546900996,4,327.40998528082,296.292972409553,335.661,294.436
1784546901096,4,327.367708231304,296.316268019787,335.12,294.667
1784546901196,4,327.312924669719,296.350281575051,334.578,294.899
1784546901296,4,327.246055062221,296.39495311926,334.036,295.13
1784546901396,4,327.167546954097,296.450210249958,333.495,295.362
1784546901496,4,327.077864632862,296.515971060609,332.953,295.593
1784546901596,4,326.977487014831,296.592147396722,332.412,295.825
1784546901696,4,326.866908777627,296.678645629084,331.87,296.057
1784546901796,4,326.746641288804,296.775367819874,331.328,296.288
1784546901896,4,326.617214324713,296.88221173284,330.787,296.52
1784546901996,4,326.479177567355,296.999069326353,330.245,296.751
1784546902096,4,326.33310133582,297.125823303362,329.704,296.983
1784546902196,4,326.179577250607,297.262350007937,329.162,297.215
1784546902296,4,326.01921777468,297.408521062762,328.62,297.446
1784546902396,4,325.852651788874,297.564206189917,328.079,297.678
1784546902496,4,325.6805208418,297.72927516562,327.537,297.909
1784546902596,4,325.503475351135,297.903597933641,326.996,298.141
1784546902696,4,325.322170180161,298.087045210481,326.454,298.372
1784546902796,4,325.13726311074,298.279487675859,325.912,298.604
1784546902896,4,324.949412605492,298.480792596659,325.371,298.836
1784546902996,4,324.759284032195,298.690819123518,324.829,299.067
1784546903096,4,324.56755003333,298.909419672761,324.288,299.299
1784546903196,4,324.374890430642,299.136436662716,323.746,299.53
1784546903296,4,324.181992023656,299.371703779291,323.204,299.762
1784546903396,4,323.989550223823,299.615043683251,322.663,299.993
1784546903496,4,323.798265849428,299.866274863921,322.121,300.225
1784546903596,4,323.608833264241,300.125213645717,321.58,300.457
1784546903696,4,323.421937297312,300.391673844832,321.038,300.688
1784546903796,4,323.238254760642,300.665465482066,320.496,300.92
1784546903896,4,323.058453115489,300.946396881724,319.955,301.151
1784546903996,4,322.883185225591,301.234279078315,319.413,301.383
1784546904096,4,322.713086757428,301.528924534181,318.872,301.615
1784546904196,4,322.548778420066,301.830140661526,318.33,301.846
1784546904296,4,322.390862576393,302.137728421155,317.788,302.078
1784546904396,4,322.239915109182,302.451482873225,317.247,302.309
1784546904496,4,322.096485800111,302.771180504192,316.705,302.541
1784546904596,4,321.961104231145,303.096578696826,316.164,302.772
1784546904696,4,321.834275293384,303.427430587218,315.622,303.004
1784546904796,4,321.716476251272,303.763487619183,315.08,303.236
1784546904896,4,321.608150049575,304.104498013753,314.539,303.467
1784546904996,4,321.509703224772,304.450206318979,313.997,303.699
1784546905096,4,321.421503189182,304.800353268453,313.456,303.93
1784546905196,4,321.343878046459,305.15467461148,312.914,304.162
1784546905296,4,321.277117796396,305.512900052993,312.372,304.394
1784546905396,4,321.221475482092,305.874752280312,311.831,304.625
1784546905496,4,321.177167566183,306.239947776396,311.962,305.011
1784546905596,4,321.144374583065,306.608197626059,312.385,305.463
1784546905696,4,321.12324249135,306.979208755598,312.808,305.916
1784546905796,4,321.113883197465,307.352683426552,313.231,306.369
1784546905896,4,321.116375070392,307.728319222522,313.654,306.821
1784546905996,4,321.130763157331,308.105808676668,314.077,307.274
1784546906096,4,321.157060058868,308.484839001731,314.5,307.727
1784546906196,4,321.195249121598,308.86509412354,314.923,308.179
1784546906296,4,321.245286295185,309.246254443776,315.346,308.632
1784546906396,4,321.307101161813,309.627995470498,315.769,309.085
1784546906496,4,321.380598025421,310.009986620881,316.192,309.537
1784546906596,4,321.465660126925,310.391892288691,316.615,309.99
1784546906696,4,321.5621517252,310.773373998108,317.038,310.442
1784546906796,4,321.669919023732,311.154091353935,317.461,310.895
1784546906896,4,321.788790605946,311.533703644967,317.884,311.348
1784546906996,4,321.91857727113,311.911869493588,318.307,311.8
1784546907096,4,322.059072874579,312.28824620982,318.73,312.253
1784546907196,4,322.210057520702,312.662490272674,319.153,312.706
1784546907296,4,322.371298135713,313.034256926831,319.576,313.158
1784546907396,4,322.542549167734,313.403201417676,319.999,313.611
1784546907496,4,322.723556435248,313.76898034087,320.422,314.064
1784546907596,4,322.914058014182,314.131252409772,320.845,314.516
1784546907696,4,323.113784797323,314.489678701803,321.268,314.969
1784546907796,4,323.322461395118,314.843922433436,321.691,315.421
1784546907896,4,323.539806473225,315.193650387257,322.114,315.874
1784546907996,4,323.765534195711,315.538532962143,322.537,316.327
1784546908096,4,323.999354506406,315.878243657308,322.96,316.779
1784546908196,4,324.240972797183,316.212459327684,323.383,317.232
1784546908296,4,324.490090291212,316.540863310582,323.806,317.685
1784546908396,4,324.74640427167,316.863145651766,324.229,318.137
1784546908496,4,325.009611557176,317.179003709264,324.652,318.59
1784546908596,4,325.279411037047,317.488141943996,325.075,319.043
1784546908696,4,325.555503458705,317.79027119676,325.498,319.495
1784546908796,4,325.83759025727,318.085108824628,325.921,319.948
1784546908896,4,326.125372281194,318.372380562151,326.344,320.4
1784546908996,4,326.418548967191,318.651823133407,326.767,320.853
1784546909096,4,326.716818911748,318.923184830599,327.19,321.306
1784546909196,4,327.019880216578,319.186225533141,327.613,321.758
1784546909296,4,327.327431049041,319.440717543137,328.036,322.211
1784546909396,4,327.639171480524,319.686446566986,328.459,322.664
1784546909496,4,327.954807290671,319.923211295024,328.882,323.116
1784546909596,4,328.274051318713,320.150822506073,329.305,323.569
1784546909696,4,328.596624007855,320.369102503544,329.728,324.022
1784546909796,4,328.922256161268,320.577886961249,330.151,324.474
1784546909896,4,329.250690066894,320.777025276613,330.574,324.927
1784546909996,4,329.581678676706,320.966382667517,330.997,325.379
1784546910096,4,329.914985154079,321.145844382168,331.42,325.832
1784546910196,4,330.250381747933,321.315317410345,331.843,326.285
1784546910296,4,330.587649094283,321.474731486801,332.23,326.567
1784546910396,4,330.926576462744,321.624038938492,332.521,326.398
1784546910496,4,331.266962797824,321.763214230234,332.812,326.229
1784546910596,4,331.608617149528,321.892253344505,333.103,326.06
1784546910696,4,331.951358074459,322.011172797687,333.394,325.891
1784546910796,4,332.295012654383,322.120007596668,333.686,325.722
1784546910896,4,332.639415498349,322.218810130499,333.977,325.553
1784546910996,4,332.984409948384,322.307649610922,334.268,325.383
1784546911096,4,333.329850297943,322.386611555136,334.559,325.214
1784546911196,4,333.675601065984,322.455796931532,334.85,325.045
1784546911296,4,334.021535396303,322.515320596933,335.141,324.876
1784546911396,4,334.367533563163,322.565309794075,335.432,324.707
1784546911496,4,334.713481877037,322.60590330866,335.723,324.538
1784546911596,4,335.059271832662,322.63725088306,336.014,324.368
1784546911696,4,335.404801043531,322.659513219491,336.305,324.199
1784546911796,4,335.749974142729,322.672861313181,336.597,324.03
1784546911896,4,336.094703634643,322.677475070664,336.888,323.861
1784546911996,4,336.438908850292,322.673541594544,337.179,323.692
1784546912096,4,336.782514481697,322.661253207812,337.47,323.523
1784546912196,4,337.125449651323,322.640806460475,337.761,323.354
1784546912296,4,337.467648079859,322.612401502751,338.052,323.184
1784546912396,4,337.80905132489,322.576242003931,338.343,323.015
1784546912496,4,338.149608697511,322.532535078858,338.634,322.846
1784546912596,4,338.489276951418,322.481490301724,338.925,322.677
1784546912696,4,338.828019352642,322.423318097858,339.217,322.508
1784546912796,4,339.165805585683,322.358229105123,339.508,322.339
1784546912896,4,339.502612160377,322.286434272331,339.799,322.169
1784546912996,4,339.838421337492,322.20814410625,340.09,322
1784546913096,4,340.173220460349,322.123568636126,340.381,321.831
1784546913196,4,340.507002954017,322.032917726406,340.672,321.662
1784546913296,4,340.839767778978,321.936401153018,340.963,321.493
1784546913396,4,341.171519504385,321.83422788405,341.254,321.324
1784546913496,4,341.502269528626,321.726605008889,341.545,321.155
1784546913596,4,341.832035393562,321.613737518583,341.837,320.985
1784546913696,4,342.160839338248,321.495828622709,342.128,320.816
1784546913796,4,342.488707143669,321.373080197625,342.419,320.647
1784546913896,4,342.815667623849,321.24569263839,342.71,320.478
1784546913996,4,343.141751682794,321.113863287907,343.001,320.309
1784546914096,4,343.466991532605,320.977785768728,343.292,320.14
1784546914196,4,343.791421264293,320.837650365967,343.583,319.97
1784546914296,4,344.115076751543,320.693644064144,343.874,319.801
1784546914396,4,344.437996848552,320.545949349694,344.165,319.632
1784546914496,4,344.760222564484,320.394744395161,344.457,319.463
1784546914596,4,345.081797088496,320.240203510089,344.748,319.294
1784546914696,4,345.402765407496,320.082497356099,345.039,319.125
1784546914796,4,345.723173881867,319.92179302738,345.33,318.956
1784546914896,4,346.043070370862,319.758253280423,345.621,318.786
1784546914996,4,346.362504819279,319.592036656922,345.912,318.617
1784546915096,4,346.681529228996,319.423297929966,346.203,318.448
1784546915196,4,347.000196902442,319.252188310453,346.494,318.279
1784546915296,4,347.318562829314,319.078855244679,346.785,318.11
1784546915396,4,347.636682926207,318.903442481015,347.076,317.941
1784546915496,4,347.954613957137,318.72608890258,347.368,317.771
1784546915596,4,348.272414218973,318.546928334601,347.659,317.602
1784546915696,4,348.590143228811,318.366089488284,347.95,317.433
1784546915796,4,348.907861831443,318.18369649018,348.241,317.264
1784546915896,4,349.225632175392,317.999869593887,348.532,317.095
1784546915996,4,349.543516676682,317.814725596333,348.823,316.926
1784546916096,4,349.861577264892,317.628378153389,349.114,316.757
1784546916196,4,350.179876820714,317.44093734442,349.405,316.587
1784546916296,4,350.498479080492,317.252509743951,349.696,316.418
1784546916396,4,350.817448019796,317.063198519597,349.988,316.249
1784546916496,4,351.136848461002,316.873102862437,350.279,316.08
1784546916596,4,351.456745472611,316.682318123586,350.57,315.911
1784546916696,4,351.77720393082,316.490936415247,350.861,315.742
1784546916796,4,352.098288187545,316.299047244767,351.152,315.572
1784546916896,4,352.420061091901,316.106738069941,351.443,315.403
1784546916996,4,352.742582772433,315.914094012196,351.734,315.234
1784546917096,4,353.065910275397,315.721197680954,352.025,315.065
1784546917196,4,353.390098325198,315.528128884765,352.316,314.896
1784546917296,4,353.715199263709,315.334964383779,352.608,314.727
1784546917396,4,354.041262390823,315.141777587328,352.899,314.558
1784546917496,4,354.368334052744,314.948638681186,353.19,314.388
1784546917596,4,354.696458216882,314.755615246198,353.481,314.219
1784546917696,4,355.025675830069,314.562772684418,353.772,314.05
1784546917796,4,355.356024612946,314.370173688636,354.063,313.881
1784546917896,4,355.687539320583,314.177878485734,354.354,313.712
1784546917996,4,356.020252807035,313.985945428568,354.645,313.543
1784546918096,4,356.354195349514,313.794431274323,354.936,313.373
1784546918196,4,356.689393560597,313.603391340135,355.228,313.204
1784546918296,4,357.025870002054,313.412879337768,355.519,313.035
1784546918396,4,357.363643152099,313.222947680427,355.81,312.866
1784546918496,4,357.702726746874,313.033647548744,356.101,312.697
1784546918596,4,358.043130268022,312.845029346858,356.392,312.528
1784546918696,4,358.384858619426,312.657142961878,356.683,312.359
1784546918796,4,358.727911396868,312.47003781474,356.974,312.189
1784546918896,4,359.072282361882,312.283762722099,357.265,312.02
1784546918996,4,359.417959754658,312.098366276419,357.556,311.851
1784546919096,4,359.76492598301,311.913896994406,357.847,311.682
1784546919196,4,360.113157466351,311.73040348226,358.16,311.523
1784546919296,4,360.462623870402,311.547934434894,358.578,311.416
1784546919396,4,360.813288204243,311.366538466641,358.997,311.309
1784546919496,4,361.165108600802,311.186264303448,359.415,311.203
1784546919596,4,361.518037749482,311.007161364521,359.833,311.096
1784546919696,4,361.872022165929,310.829279855852,360.251,310.989
1784546919796,4,362.227003050031,310.65267081253,360.67,310.882
1784546919896,4,362.582917901468,310.477386824622,361.088,310.775
1784546919996,4,362.939701585646,310.303483030076,361.506,310.668
1784546920096,4,363.297287163391,310.131017744802,361.924,310.561
1784546920196,4,363.655605094849,309.960052939918,362.343,310.454
1784546920296,4,364.014582486425,309.790654165365,362.761,310.347
1784546920396,4,364.374144212047,309.622890624619,363.179,310.24
1784546920496,4,364.734212332931,309.456835730773,363.597,310.133
1784546920596,4,365.09470624937,309.292567403006,364.016,310.026
1784546920696,4,365.455544813162,309.130168492337,364.434,309.919
1784546920796,4,365.816645832695,308.969727684945,364.852,309.812
1784546920896,4,366.177925712949,308.811339523609,365.27,309.705
1784546920996,4,366.539299316696,308.655103609814,365.689,309.599
1784546921096,4,366.900680903618,308.501124768256,366.107,309.492
1784546921196,4,367.261984082498,308.3495129468,366.525,309.385
1784546921296,4,367.623121409685,308.200383263867,366.943,309.278
1784546921396,4,367.984004192032,308.053856129977,367.362,309.171
1784546921496,4,368.344542574974,307.910057607478,367.78,309.064
1784546921596,4,368.704646661106,307.769119957243,368.198,308.957
1784546921696,4,369.064226519195,307.631182096066,368.616,308.85
1784546921796,4,369.423191462702,307.496389440329,369.035,308.743
1784546921896,4,369.781450588636,307.364893912547,369.453,308.636
1784546921996,4,370.138914636268,307.236853696081,369.871,308.529
1784546922096,4,370.495496114136,307.112433548931,370.289,308.422
1784546922196,4,370.851109054014,306.991805221359,370.708,308.315
1784546922296,4,371.205669257574,306.87514794151,371.126,308.208
1784546922396,4,371.559093701264,306.762648917507,371.544,308.101
1784546922496,4,371.91130133729,306.654503408463,371.962,307.995
1784546922596,4,372.262214652411,306.550915126848,372.381,307.888
1784546922696,4,372.611760288617,306.452096728783,372.799,307.781
1784546922796,4,372.959870480264,306.358270121682,373.217,307.674
1784546922896,4,373.306482771606,306.269666273267,373.635,307.567
1784546922996,4,373.651538387838,306.186524669327,374.054,307.46
1784546923096,4,373.994978109523,306.109090680817,374.472,307.353
1784546923196,4,374.336732633426,306.037605591113,374.89,307.246
1784546923296,4,374.676716760296,305.972301578153,375.308,307.139
1784546923396,4,375.014827197176,305.913399953718,375.727,307.032
1784546923496,4,375.350941273025,305.861111109096,376.145,306.925
1784546923596,4,375.684918930788,305.815635501386,376.563,306.818
1784546923696,4,376.016613778642,305.777168900082,376.982,306.711
1784546923796,4,376.34588570578,305.745911937558,377.4,306.604
1784546923896,4,376.672602120748,305.722071562096,377.818,306.497
1784546923996,4,376.996636080258,305.705858154286,378.236,306.391
1784546924096,4,377.317865632242,305.697486281583,378.655,306.284
1784546924196,4,377.636171134962,305.697172790712,379.073,306.177
1784546924296,4,377.951431202618,305.705131353944,379.491,306.07
1784546924396,4,378.263514208227,305.721559186356,379.909,305.963
1784546924496,4,378.572275085891,305.746632713058,380.328,305.856
1784546924596,4,378.877554517122,305.780505760359,380.746,305.749
1784546924696,4,379.179180151696,305.823308584551,381.164,305.642
1784546924796,4,379.476966698774,305.875147459379,381.582,305.535
1784546924896,4,379.770716931224,305.936103703202,382.001,305.428
1784546924996,4,380.060221595673,306.006230512168,382.419,305.321
1784546925096,4,380.3452599793,306.08555194362,382.837,305.214
1784546925196,4,380.625604110081,306.174066580534,383.255,305.107
1784546925296,4,380.90103438331,306.271763275807,383.674,305
1784546925396,4,381.171344112072,306.378625327414,384.092,304.894
1784546925496,4,381.436339478075,306.494630170166,384.51,304.787
1784546925596,4,381.695840115181,306.619748725247,384.928,304.68
1784546925696,4,381.949679447209,306.753944011247,385.347,304.573
1784546925796,4,382.197704706501,306.897169412037,385.765,304.466
1784546925896,4,382.439779287686,307.049367773461,386.183,304.359
1784546925996,4,382.675783201596,307.210470325745,386.601,304.252
1784546926096,4,382.90561288719,307.380394244094,387.02,304.145
1784546926196,4,383.129183202382,307.559041459408,387.202,304.369
1784546926296,4,383.346427522947,307.746298399127,387.272,304.751
1784546926396,4,383.557297151702,307.942037574338,387.343,305.133
1784546926496,4,383.76176138395,308.146118504136,387.413,305.514
1784546926596,4,383.959807287726,308.3583884137,387.483,305.896
1784546926696,4,384.151440071746,308.578683613695,387.554,306.278
1784546926796,4,384.336681528894,308.806827781694,387.624,306.659
1784546926896,4,384.515571646198,309.042636628659,387.694,307.041
1784546926996,4,384.688169323921,309.285921111263,387.765,307.423
1784546927096,4,384.854551702893,309.536488739421,387.835,307.805
1784546927196,4,385.014813111502,309.794142968673,387.905,308.186
1784546927296,4,385.169064225154,310.058682367385,387.975,308.568
1784546927396,4,385.317430962779,310.329899687818,388.046,308.95
1784546927496,4,385.46005213534,310.60758095372,388.116,309.332
1784546927596,4,385.597077464559,310.891504566584,388.186,309.713
1784546927696,4,385.728666454038,311.181441027322,388.257,310.095
1784546927796,4,385.854987686687,311.477152372683,388.327,310.477
1784546927896,4,385.976218300163,311.778391652777,388.397,310.858
1784546927996,4,386.092543762114,312.084904382905,388.468,311.24
1784546928096,4,386.204157444894,312.396428037165,388.538,311.622
1784546928196,4,386.311260284035,312.712690747884,388.608,312.004
1784546928296,4,386.414060458294,313.033410690251,388.679,312.385
1784546928396,4,386.512773517625,313.358298288415,388.749,312.767
1784546928496,4,386.607622444426,313.687057195609,388.819,313.149
1784546928596,4,386.698838426853,314.019384191254,388.889,313.531
1784546928696,4,386.78666063411,314.354970973221,388.96,313.912
1784546928796,4,386.871335457397,314.69350387648,389.03,314.294
1784546928896,4,386.953116015756,315.034662744337,389.1,314.676
1784546928996,4,387.032261759266,315.378120444007,389.171,315.057
1784546929096,4,387.109038185567,315.723543208417,389.241,315.439
1784546929196,4,387.183716934883,316.070591744733,389.311,315.821
1784546929296,4,387.25657579356,316.418921169534,389.382,316.203
1784546929396,4,387.327898474266,316.768181671803,389.452,316.584
1784546929496,4,387.397974557314,317.118018494188,389.522,316.966
1784546929596,4,387.467099315728,317.46807144548,389.593,317.348
1784546929696,4,387.535573486659,317.817976044847,389.663,317.73
1784546929796,4,387.603703261824,318.16736305263,389.733,318.111
1784546929896,4,387.671800070405,318.515857877471,389.803,318.493
1784546929996,4,387.740180495411,318.863081894725,389.874,318.875
1784546930096,4,387.809166873415,319.208652657192,389.944,319.256
1784546930196,4,387.879087268555,319.552184984403,390.014,319.638
1784546930296,4,387.950275609932,319.893291179487,390.085,320.02
1784546930396,4,388.023072228387,320.231580911915,390.155,320.402
1784546930496,4,388.097823613972,320.56666281369,390.225,320.783
1784546930596,4,388.174881891065,320.898144749129,390.296,321.165
1784546930696,4,388.254605111797,321.225632867018,390.366,321.547
1784546930796,4,388.33735619313,321.548731358229,390.436,321.929
1784546930896,4,388.423502305467,321.867043129547,390.507,322.31
1784546930996,4,388.513414484744,322.18016992239,390.577,322.692
1784546931096,4,388.607467156568,322.487713517202,390.647,323.074
1784546931196,4,388.706037325064,322.789275269548,390.717,323.455
1784546931296,4,388.809502644719,323.084455101409,390.788,323.837
1784546931396,4,388.918235582447,323.372850810111,390.858,324.219
1784546931496,4,389.032596794571,323.654057371459,390.928,324.601
1784546931596,4,389.152933055562,323.927667370697,390.999,324.982
1784546931696,4,389.279576648056,324.193271844047,391.069,325.364
1784546931796,4,389.412844555816,324.45046154485,391.139,325.746
1784546931896,4,389.553036897028,324.69883003541,391.21,326.128
1784546931996,4,389.700436057052,324.937974916608,391.28,326.509
1784546932096,4,389.855306030529,325.167498555472,391.35,326.891
1784546932196,4,390.01789173554,325.387010066916,391.421,327.273
1784546932296,4,390.188418867742,325.596127154406,391.491,327.654
1784546932396,4,390.367095294869,325.794477753588,391.561,328.036
1784546932496,4,390.554110212019,325.981702078649,391.631,328.418
1784546932596,4,390.749632725621,326.157454478713,391.702,328.8
1784546932696,4,390.953809293855,326.321405796443,391.772,329.181
1784546932796,4,391.166762292103,326.473246164944,391.842,329.563
1784546932896,4,391.388588564052,326.61268772329,391.913,329.945
1784546932996,4,391.619357946765,326.739467528727,391.983,330.327
1784546933096,4,391.859112134836,326.853350197892,392.053,330.708
1784546933196,4,392.107864682693,326.954130055103,392.124,331.09
1784546933296,4,392.365604255704,327.041631999365,392.194,331.472
1784546933396,4,392.632294762113,327.115713596696,392.264,331.853
1784546933496,4,392.907874545158,327.176267729567,392.335,332.235
1784546933596,4,393.192256308798,327.223224048329,392.405,332.617
1784546933696,4,393.485327166875,327.256552352441,392.475,332.999
1784546933796,4,393.786947975026,327.276265970055,392.545,333.38
1784546933896,4,394.096952579425,327.282422740953,392.793,333.44
1784546933996,4,394.415148940222,327.275125035134,393.32,332.99
1784546934096,4,394.741324242375,327.254516138341,393.847,332.539
1784546934196,4,395.075261164884,327.220765534335,394.374,332.089
1784546934296,4,395.416742662827,327.174063378676,394.901,331.639
1784546934396,4,395.765553053399,327.114618332031,395.428,331.189
1784546934496,4,396.121478328056,327.04265632233,395.955,330.738
1784546934596,4,396.484305546985,326.958419853272,396.482,330.288
1784546934696,4,396.853823965554,326.862166052202,397.009,329.838
1784546934796,4,397.229825225148,326.75416533998,397.536,329.388
1784546934896,4,397.612102901909,326.63470077892,398.063,328.937
1784546934996,4,398.000453796686,326.504065903315,398.59,328.487
1784546935096,4,398.394677800016,326.362563973621,399.117,328.037
1784546935196,4,398.794578421615,326.210506486995,399.644,327.587
1784546935296,4,399.199962902164,326.048212253907,400.171,327.136
1784546935396,4,399.6106427516,325.876005688908,400.699,326.686
1784546935496,4,400.026433558014,325.694215720028,401.226,326.236
1784546935596,4,400.447154034925,325.503175423796,401.753,325.786
1784546935696,4,400.872625086682,325.303222212673,402.28,325.335
1784546935796,4,401.302669128091,325.094697593755,402.807,324.885
1784546935896,4,401.737108378637,324.877947831333,403.334,324.435
1784546935996,4,402.175763735869,324.653324316424,403.861,323.985
1784546936096,4,402.61845650352,324.421181931413,404.388,323.534
1784546936196,4,403.06500878473,324.181877982351,404.915,323.084
1784546936296,4,403.515244911145,323.935770189896,405.442,322.634
1784546936396,4,403.968992590535,323.683215025529,405.969,322.184
1784546936496,4,404.426082807824,323.424567153053,406.496,321.733
1784546936596,4,404.886348485933,323.160179905184,407.023,321.283
1784546936696,4,405.349624108458,322.890404888619,407.55,320.833
1784546936796,4,405.815744902924,322.615592197228,408.077,320.383
1784546936896,4,406.284546651284,322.336089834084,408.604,319.932
1784546936996,4,406.755863759975,322.052244528883,409.132,319.482
1784546937096,4,407.229533101163,321.764398389265,409.659,319.032
1784546937196,4,407.705395959255,321.472886779272,410.186,318.581
1784546937296,4,408.183298241559,321.178037749651,410.713,318.131
1784546937396,4,408.663091910316,320.880170523388,411.24,317.681
1784546937496,4,409.144635475769,320.579594263756,411.767,317.231
1784546937596,4,409.627793548888,320.27660783848,412.294,316.78
1784546937696,4,410.112437400254,319.971498939968,412.821,316.33
1784546937796,4,410.598443875125,319.664544483378,413.348,315.88
1784546937896,4,411.085695824149,319.356009865184,413.875,315.43
1784546937996,4,411.574083000316,319.046147875871,414.402,314.979
1784546938096,4,412.063501254493,318.73519908042,414.929,314.529
1784546938196,4,412.553853447472,318.423390263886,415.447,314.106
1784546938296,4,413.045052835227,318.110931104826,415.889,313.899
1784546938396,4,413.537022246112,317.798014520231,416.332,313.693
1784546938496,4,414.029692459674,317.484817921333,416.774,313.486
1784546938596,4,414.52300047214,317.171504482782,417.216,313.28
1784546938696,4,415.016888681541,316.85822476538,417.658,313.073
1784546938796,4,415.511303793506,316.545117947235,418.101,312.867
1784546938896,4,416.00619738466,316.232311554798,418.543,312.66
1784546938996,4,416.501527810503,315.919920116309,418.985,312.454
1784546939096,4,416.997260183947,315.60804533832,419.428,312.247
1784546939196,4,417.493364687226,315.296777371752,419.87,312.041
1784546939296,4,417.989815548839,314.986196011165,420.312,311.834
1784546939396,4,418.486590154342,314.676371393063,420.754,311.628
1784546939496,4,418.983668974269,314.367364538453,421.197,311.421
1784546939596,4,419.481037900819,314.05922603394,421.639,311.215
1784546939696,4,419.978689519687,313.751995429209,422.081,311.008
1784546939796,4,420.476624884578,313.44570087375,422.524,310.802
1784546939896,4,420.974852224213,313.140359966885,422.966,310.595
1784546939996,4,421.47338461178,312.835981191081,423.408,310.389
1784546940096,4,421.972237576303,312.532565502373,423.85,310.182
1784546940196,4,422.471427413973,312.230107487765,424.293,309.976
1784546940296,4,422.970971154253,311.928596312307,424.735,309.769
1784546940396,4,423.470887056948,311.628017031297,425.177,309.563
1784546940496,4,423.971193290769,311.32835159149,425.62,309.356
1784546940596,4,424.471908007348,311.029578085462,426.062,309.15
1784546940696,4,424.973051389633,310.731669296814,426.504,308.943
1784546940796,4,425.474647597128,310.434591995091,426.947,308.737
1784546940896,4,425.976723312857,310.138307762817,427.389,308.53
1784546940996,4,426.479305884109,309.842773623046,427.831,308.324
1784546941096,4,426.982422712461,309.547942915929,428.273,308.117
1784546941196,4,427.486099815024,309.25376641105,428.716,307.911
1784546941296,4,427.990361397687,308.960192945113,429.158,307.704
1784546941396,4,428.495226894033,308.667171549382,429.6,307.498
1784546941496,4,429.000704262287,308.374656569667,430.043,307.291
1784546941596,4,429.506788116057,308.082608849774,430.485,307.085
1784546941696,4,430.013464824709,307.790992419518,430.927,306.878
1784546941796,4,430.520716980176,307.499773351836,431.369,306.672
1784546941896,4,431.028524812772,307.208918339579,431.812,306.465
1784546941996,4,431.536864476709,306.918395407312,432.254,306.259
1784546942096,4,432.045705931382,306.628175226134,432.696,306.052
1784546942196,4,432.555012903402,306.338231714994,433.139,305.846
1784546942296,4,433.064745987808,306.048540761484,433.581,305.639
1784546942396,4,433.574861690295,305.759079430788,434.023,305.433
1784546942496,4,434.085312430591,305.469825304648,434.465,305.226
1784546942596,4,434.596053148603,305.180755961618,434.908,305.02
1784546942696,4,435.107044559215,304.891849599556,435.35,304.813
1784546942796,4,435.618248272179,304.60308657229,435.792,304.607
1784546942896,4,436.129628415698,304.314449601874,436.235,304.4
1784546942996,4,436.641151789528,304.025922737389,436.677,304.194
1784546943096,4,437.152787246859,303.737490773803,437.119,303.987
1784546943196,4,437.664507150735,303.449138419065,437.561,303.781
1784546943296,4,438.176288627774,303.160849678312,438.004,303.574
1784546943396,4,438.688113564585,302.872608686018,438.446,303.368
1784546943496,4,439.199968409904,302.584400927041,438.888,303.161
1784546943596,4,439.711840651583,302.296214397648,439.331,302.955
1784546943696,4,440.223719751351,302.008039878414,439.773,302.748
1784546943796,4,440.73559955937,301.719870313595,440.215,302.542
1784546871496,5,756.107019791509,322.622750712425,754.82,319.729
1784546871596,5,756.223658075242,322.997576557612,755.012,320.191
1784546871696,5,756.341005869643,323.374715951764,755.205,320.654
1784546871796,5,756.459038503853,323.754149622502,755.397,321.116
1784546871896,5,756.577716523063,324.135846273461,755.589,321.578
1784546871996,5,756.696987028667,324.519763569052,755.782,322.041
1784546872096,5,756.816781413577,324.905850439771,755.974,322.503
1784546872196,5,756.937014312492,325.294043973174,756.166,322.965
1784546872296,5,757.057585088272,325.684277886999,756.359,323.428
1784546872396,5,757.178384588045,326.076483629232,756.551,323.89
1784546872496,5,757.299297025221,326.470589674573,756.743,324.352
1784546872596,5,757.420201900215,326.866524159553,756.936,324.815
1784546872696,5,757.540974059668,327.26421415651,757.128,325.277
1784546872796,5,757.661483582756,327.663584004138,757.32,325.739
1784546872896,5,757.781597044854,328.064554179509,757.513,326.202
1784546872996,5,757.901179390962,328.467044572879,757.705,326.664
1784546873096,5,758.020101508352,328.870992451635,757.898,327.126
1784546873196,5,758.138242522028,329.276355530491,758.09,327.589
1784546873296,5,758.255489529601,329.683109967768,758.282,328.051
1784546873396,5,758.37173697009,330.091247974968,758.475,328.513
1784546873496,5,758.4868861008,330.500775802006,758.667,328.976
1784546873596,5,758.600844552351,330.911711437021,758.859,329.438
1784546873696,5,758.713527409864,331.324083465438,759.052,329.9
1784546873796,5,758.824863639899,331.73793910679,759.244,330.363
1784546873896,5,758.934799918124,332.153349422534,759.436,330.825
1784546873996,5,759.043301743226,332.570412902438,759.629,331.287
1784546874096,5,759.150349059571,332.989248792694,759.821,331.75
1784546874196,5,759.255935203445,333.409994453084,760.013,332.212
1784546874296,5,759.360066172008,333.832802108055,760.206,332.674
1784546874396,5,759.462750248517,334.257817794111,760.398,333.137
1784546874496,5,759.563990845372,334.68517153753,760.591,333.599
1784546874596,5,759.663790492684,335.114979578591,760.783,334.061
1784546874696,5,759.762151772666,335.547347191736,760.975,334.523
1784546874796,5,759.859076577703,335.982366115633,761.168,334.986
1784546874896,5,759.954570345779,336.420122413053,761.36,335.448
1784546874996,5,760.048658060919,336.860725228292,761.552,335.91
1784546875096,5,760.141378234188,337.304302187711,761.745,336.373
1784546875196,5,760.232781632782,337.750996446388,761.937,336.835
1784546875296,5,760.322936728387,338.200970204351,762.129,337.297
1784546875396,5,760.411926601402,338.654397931187,762.322,337.76
1784546875496,5,760.499847445906,339.111462657653,762.514,338.222
1784546875596,5,760.586809257175,339.572355474957,762.706,338.684
1784546875696,5,760.67293870156,340.037278240279,762.899,339.147
1784546875796,5,760.758374314379,340.506435629027,763.091,339.609
1784546875896,5,760.843256921273,340.980020469007,763.283,340.071
1784546875996,5,760.927713810254,341.458182314889,763.476,340.534
1784546876096,5,761.011854794245,341.941018176862,763.668,340.996
1784546876196,5,761.095771853354,342.428570311447,763.861,341.458
1784546876296,5,761.179537546447,342.920823942813,764.053,341.921
1784546876396,5,761.263200899835,343.417707592028,764.245,342.383
1784546876496,5,761.346789555731,343.919101272647,764.438,342.845
1784546876596,5,761.430310306825,344.424836790033,764.63,343.308
1784546876696,5,761.513751961507,344.934698809755,764.822,343.77
1784546876796,5,761.597099292753,345.44843879936,765.015,344.232
1784546876896,5,761.680341209065,345.965786658964,765.207,344.695
1784546876996,5,761.763471693764,346.486450970414,765.399,345.157
1784546877096,5,761.846489415239,347.010116577613,765.592,345.619
1784546877196,5,761.929398352452,347.536444235001,765.784,346.082
1784546877296,5,762.012205498874,348.065068860287,765.976,346.544
1784546877396,5,762.094903963265,348.595579133515,766.169,347.006
1784546877496,5,762.177490981965,349.127548843831,766.334,347.482
1784546877596,5,762.259975030362,349.660545468115,766.222,348.098
1784546877696,5,762.342381137165,350.194130505715,766.109,348.714
1784546877796,5,762.4247520249,350.727858452126,765.997,349.33
1784546877896,5,762.507147990846,351.261276552786,765.885,349.946
1784546877996,5,762.589646342797,351.793920812721,765.773,350.562
1784546878096,5,762.672338106423,352.325312049816,765.661,351.178
1784546878196,5,762.755314936772,352.854943101094,765.548,351.794
1784546878296,5,762.838665496684,353.38228771373,765.436,352.41
1784546878396,5,762.922479954126,353.906810589245,765.324,353.026
1784546878496,5,763.00686922018,354.427999955734,765.212,353.642
1784546878596,5,763.091969560189,354.945373927694,765.099,354.258
1784546878696,5,763.177942190052,355.458478061266,764.987,354.874
1784546878796,5,763.264970690387,355.966881106018,764.875,355.49
1784546878896,5,763.353251147451,356.470163267693,764.763,356.106
1784546878996,5,763.442986086268,356.967903485451,764.651,356.722
1784546879096,5,763.53438318446,357.459675536272,764.538,357.338
1784546879196,5,763.627653408188,357.945048075115,764.426,357.954
1784546879296,5,763.723005947505,358.423582934178,764.314,358.57
1784546879396,5,763.820649774919,358.894834136022,764.202,359.186
1784546879496,5,763.920789418588,359.358350587683,764.089,359.802
1784546879596,5,764.023622128335,359.813674623846,763.977,360.418
1784546879696,5,764.129337158525,360.260341183414,763.865,361.034
1784546879796,5,764.238116307412,360.697879042003,763.753,361.65
1784546879896,5,764.350132328294,361.125809866438,763.641,362.266
1784546879996,5,764.465548365093,361.543649711645,763.528,362.882
1784546880096,5,764.584518715608,361.950916907537,763.416,363.498
1784546880196,5,764.707188456665,362.347135163166,763.304,364.114
1784546880296,5,764.833692267582,362.731831968103,763.192,364.73
1784546880396,5,764.964153625549,363.104537199299,763.079,365.346
1784546880496,5,765.098683911788,363.464781587603,762.967,365.962
1784546880596,5,765.237381715351,363.812095794415,762.855,366.578
1784546880696,5,765.380331676034,364.146012194947,762.743,367.194
1784546880796,5,765.527602211876,364.466071879985,762.631,367.81
1784546880896,5,765.679251070841,364.771839087228,762.518,368.426
1784546880996,5,765.835338899392,365.062932373237,762.406,369.042
1784546881096,5,765.995914446202,365.338999998989,762.294,369.658
1784546881196,5,766.161010538948,365.59971122302,762.182,370.274
1784546881296,5,766.330643334726,365.84475526627,762.069,370.89
1784546881396,5,766.504809798027,366.073840097144,761.957,371.506
1784546881496,5,766.683485463273,366.286692514891,761.845,372.122
1784546881596,5,766.866623310417,366.483064438545,761.733,372.738
1784546881696,5,767.054160027353,366.662745190016,761.621,373.354
1784546881796,5,767.246043671624,366.825571249883,761.508,373.97
1784546881896,5,767.442239987201,366.971427504034,761.396,374.586
1784546881996,5,767.642727708988,367.100246448552,761.284,375.202
1784546882096,5,767.847482542637,367.212007567811,761.172,375.818
1784546882196,5,768.056471904654,367.3067368643,761.059,376.434
1784546882296,5,768.269653821059,367.384506984387,761.029,376.861
1784546882396,5,768.486976293918,367.44543945184,761.379,376.404
1784546882496,5,768.708377710098,367.489705835005,761.73,375.947
1784546882596,5,768.933786250054,367.517527458006,762.08,375.49
1784546882696,5,769.163119367537,367.529173013201,762.431,375.033
1784546882796,5,769.396283581776,367.524952866783,762.781,374.577
1784546882896,5,769.633173939252,367.50521679586,763.132,374.12
1784546882996,5,769.873673328365,367.470353711148,763.482,373.663
1784546883096,5,770.117653028883,367.420790806329,763.833,373.206
1784546883196,5,770.364973591629,367.356990388173,764.183,372.749
1784546883296,5,770.615484118811,367.279446565923,764.534,372.292
1784546883396,5,770.869021274355,367.188680674307,764.885,371.835
1784546883496,5,771.125408732504,367.085237674565,765.235,371.378
1784546883596,5,771.384455406681,366.969685402531,765.586,370.921
1784546883696,5,771.645952416045,366.842614065305,765.936,370.464
1784546883796,5,771.909675888756,366.704635827878,766.287,370.007
1784546883896,5,772.175388956741,366.556382486769,766.637,369.55
1784546883996,5,772.442844509658,366.398504899309,766.988,369.094
1784546884096,5,772.711787665635,366.231672974585,767.338,368.637
1784546884196,5,772.981964146965,366.056576800209,767.689,368.18
1784546884296,5,773.253121709303,365.873926803682,768.039,367.723
1784546884396,5,773.52500904565,365.684453819422,768.39,367.266
1784546884496,5,773.797374923824,365.488907076682,768.741,366.809
1784546884596,5,774.069967015451,365.288051526757,769.091,366.352
1784546884696,5,774.342531401739,365.082666742556,769.442,365.895
1784546884796,5,774.614814412413,364.873543745924,769.792,365.438
1784546884896,5,774.886562136486,364.661480683815,770.143,364.981
1784546884996,5,775.157519639963,364.447279613543,770.493,364.524
1784546885096,5,775.427431699222,364.231742006972,770.844,364.068
1784546885196,5,775.696042768494,364.015663819934,771.194,363.611
1784546885296,5,775.963098442704,363.799827738838,771.545,363.154
1784546885396,5,776.228347418789,363.585001955787,771.895,362.697
1784546885496,5,776.49154323095,363.371941414926,772.246,362.24
1784546885596,5,776.752446083198,363.161389900808,772.597,361.783
1784546885696,5,777.010822376695,362.95408082875,772.947,361.326
1784546885796,5,777.26644392839,362.750738104381,773.298,360.869
1784546885896,5,777.519087683218,362.552076951816,773.648,360.412
1784546885996,5,777.768537306223,362.358803804133,773.999,359.955
1784546886096,5,778.014583803252,362.17161513261,774.349,359.498
1784546886196,5,778.257028063396,361.991197574876,774.7,359.041
1784546886296,5,778.495681060804,361.818227694627,775.05,358.585
1784546886396,5,778.730364493486,361.653369573492,775.401,358.128
1784546886496,5,778.960910083754,361.497263212045,775.751,357.671
1784546886596,5,779.187158173404,361.350519305173,776.102,357.214
1784546886696,5,779.408956570084,361.213716481595,776.453,356.757
1784546886796,5,779.626159505827,361.087402174912,776.803,356.3
1784546886896,5,779.838627033177,360.972090500336,777.154,355.843
1784546886996,5,780.046225641926,360.8682605021,777.504,355.386
1784546887096,5,780.24882901849,360.776356655783,777.855,354.929
1784546887196,5,780.44632247492,360.696790579092,778.205,354.472
1784546887296,5,780.638603373655,360.629940233196,778.556,354.015
1784546887396,5,780.825581009066,360.576150208481,778.906,353.558
1784546887496,5,781.007179429255,360.535733585149,779.229,353.18
1784546887596,5,781.183339242053,360.508973143365,779.245,353.67
1784546887696,5,781.35401723415,360.496120919596,779.26,354.16
1784546887796,5,781.519185968093,360.497396801074,779.276,354.65
1784546887896,5,781.678834374368,360.512983276341,779.291,355.14
1784546887996,5,781.832966109638,360.54302411449,779.306,355.629
1784546888096,5,781.981597416366,360.587625162743,779.322,356.119
1784546888196,5,782.124756394344,360.646858799106,779.337,356.609
1784546888296,5,782.262483132655,360.720769141994,779.353,357.099
1784546888396,5,782.394828176054,360.809373284667,779.368,357.589
1784546888496,5,782.521851543874,360.912665030202,779.384,358.079
1784546888596,5,782.643621900471,361.030625836596,779.399,358.569
1784546888696,5,782.760215909511,361.163229256263,779.415,359.059
1784546888796,5,782.871718056195,361.310441370781,779.43,359.549
1784546888896,5,782.978221351867,361.472221797509,779.446,360.038
1784546888996,5,783.079825907552,361.648523013751,779.461,360.528
1784546889096,5,783.176638118603,361.839289173753,779.477,361.018
1784546889196,5,783.268770216364,362.044458774939,779.492,361.508
1784546889296,5,783.356339839609,362.263961110545,779.508,361.998
1784546889396,5,783.439469610895,362.497713600833,779.523,362.488
1784546889496,5,783.518286734979,362.745620664006,779.539,362.978
1784546889596,5,783.592922778492,363.007573001935,779.554,363.468
1784546889696,5,783.66351376845,363.283446449758,779.569,363.958
1784546889796,5,783.730199294864,363.573100477467,779.585,364.447
1784546889896,5,783.79312199331,363.876378415629,779.6,364.937
1784546889996,5,783.852427399973,364.193111735606,779.616,365.427
1784546890096,5,783.908264860619,364.523122284579,779.631,365.917
1784546890196,5,783.960789454697,364.866222588267,779.647,366.407
1784546890296,5,784.010161446015,365.222217157412,779.662,366.897
1784546890396,5,784.056542731311,365.590902850756,779.678,367.387
1784546890496,5,784.100095267516,365.972067849531,779.693,367.877
1784546890596,5,784.140980717717,366.365490193564,779.709,368.366
1784546890696,5,784.179359775885,366.770938710018,779.724,368.856
1784546890796,5,784.21539125351,367.188179474326,779.74,369.346
1784546890896,5,784.249236533727,367.616976882949,779.755,369.836
1784546890996,5,784.28106238205,368.057093227401,779.771,370.326
1784546891096,5,784.311041163165,368.50828870343,779.786,370.816
1784546891196,5,784.339350363691,368.970323344387,779.802,371.306
1784546891296,5,784.366172385607,369.442955936504,779.817,371.796
1784546891396,5,784.391694420823,369.925942223279,779.832,372.286
1784546891496,5,784.41610929521,370.419035084484,779.848,372.775
1784546891596,5,784.439619220497,370.921990047418,779.863,373.265
1784546891696,5,784.46243692321,371.434566273812,779.879,373.755
1784546891796,5,784.484786352414,371.956528327498,779.894,374.245
1784546891896,5,784.506902046479,372.487641051091,779.91,374.735
1784546891996,5,784.529028034007,373.027670766215,779.925,375.225
1784546892096,5,784.551411595705,373.576382709582,779.941,375.715
1784546892196,5,784.57430372527,374.133539498473,779.956,376.205
1784546892296,5,784.597955714459,374.698897100321,779.972,376.695
1784546892396,5,784.622614128393,375.272201283855,779.987,377.184
1784546892496,5,784.648505113872,375.853183061978,780.003,377.674
1784546892596,5,784.675830432557,376.44155545523,780.018,378.164
1784546892696,5,784.704767594395,377.037010734454,780.034,378.654
1784546892796,5,784.735471816723,377.63921971804,780.049,379.144
1784546892896,5,784.768079636763,378.247837082897,780.065,379.634
1784546892996,5,784.802709716906,378.862502268948,780.08,380.124
1784546893096,5,784.839462704137,379.482840989957,780.095,380.614
1784546893196,5,784.878421067941,380.108463394906,780.111,381.103
1784546893296,5,784.919649159873,380.738961265686,780.126,381.593
1784546893396,5,784.963193189617,381.373905035866,780.142,382.083
1784546893496,5,785.009081056289,382.012842227541,780.157,382.573
1784546893596,5,785.057321711222,382.655303314693,780.173,383.063
1784546893696,5,785.10790294381,383.300814501686,780.254,383.709
1784546893796,5,785.160790625799,383.948906306493,780.345,384.378
1784546893896,5,785.215931556308,384.599118289988,780.436,385.047
1784546893996,5,785.273265659088,385.251001626713,780.527,385.716
1784546894096,5,785.33272883241,385.904119049358,780.617,386.385
1784546894196,5,785.394252694253,386.558042319787,780.708,387.054
1784546894296,5,785.457765505303,387.212350676706,780.799,387.723
1784546894396,5,785.523196641064,387.866634781619,780.89,388.392
1784546894496,5,785.590477472055,388.520499376979,780.981,389.06
1784546894596,5,785.659541047664,389.173562006489,781.072,389.729
1784546894696,5,785.730321749324,389.825453041892,781.162,390.398
1784546894796,5,785.802755349841,390.475817539376,781.253,391.067
1784546894896,5,785.876780157938,391.12431533397,781.344,391.736
1784546894996,5,785.952337052948,391.770621627656,781.435,392.405
1784546895096,5,786.029369672122,392.414426801085,781.526,393.074
1784546895196,5,786.107826227619,393.05543670551,781.616,393.743
1784546895296,5,786.187659673746,393.693373006859,781.707,394.411
1784546895396,5,786.268826297857,394.327971146688,781.798,395.08
1784546895496,5,786.351280509386,394.958978403759,781.889,395.749
1784546895596,5,786.434969635342,395.586151215601,781.98,396.418
1784546895696,5,786.519828967862,396.209252261705,782.07,397.087
1784546895796,5,786.605781359842,396.828047911181,782.161,397.756
1784546895896,5,786.692742223339,397.442309986405,782.252,398.425
1784546895996,5,786.780626678478,398.051825924493,782.343,399.094
1784546896096,5,786.869353517993,398.656399784623,782.434,399.763
1784546896196,5,786.958847575531,399.255851102242,782.525,400.431
1784546896296,5,787.049037148599,399.850018593166,782.615,401.1
1784546896396,5,787.139853255176,400.438760698586,782.706,401.769
1784546896496,5,787.231229221264,401.021954561582,782.797,402.438
1784546896596,5,787.323099774232,401.599497867315,782.888,403.107
1784546896696,5,787.415400363038,402.171307373173,782.979,403.776
1784546896796,5,787.508066906452,402.737316595941,783.069,404.445
1784546896896,5,787.601035385672,403.297471382643,783.16,405.114
1784546896996,5,787.694242101334,403.85172140408,783.251,405.782
1784546897096,5,787.787626699185,404.400016986968,783.342,406.451
1784546897196,5,787.881132525921,404.942310090484,783.433,407.12
1784546897296,5,787.974705833999,405.478554505249,783.523,407.789
1784546897396,5,788.068295239629,406.008710826149,783.614,408.458
1784546897496,5,788.161851294701,406.532745909107,783.705,409.127
1784546897596,5,788.255327298775,407.050630985146,783.796,409.796
1784546897696,5,788.348683869178,407.562341442607,783.887,410.465
1784546897796,5,788.441890590808,408.067861335633,783.978,411.133
1784546897896,5,788.534928908178,408.567195106342,784.068,411.802
1784546897996,5,788.627791528046,409.060371343725,784.159,412.471
1784546898096,5,788.72047795592,409.547440474972,784.269,413.009
1784546898196,5,788.812992827747,410.028469475519,784.404,413.373
1784546898296,5,788.905344211205,410.503538761217,784.539,413.737
1784546898396,5,788.997541119768,410.972739171641,784.674,414.102
1784546898496,5,789.089591564233,411.436167996566,784.809,414.466
1784546898596,5,789.181499710041,411.893923837929,784.944,414.83
1784546898696,5,789.273264816107,412.346101172956,785.079,415.194
1784546898796,5,789.364880882287,412.792789917006,785.214,415.559
1784546898896,5,789.456335907275,413.234070829131,785.349,415.923
1784546898996,5,789.547610915477,413.670018474098,785.484,416.287
1784546899096,5,789.638682879015,414.100706625014,785.619,416.652
1784546899196,5,789.729524282971,414.526208771848,785.754,417.016
1784546899296,5,789.820098958043,414.946599996291,785.889,417.38
1784546899396,5,789.910360850534,415.361954474533,786.024,417.744
1784546899496,5,790.000254091209,415.772337552443,786.159,418.109
1784546899596,5,790.089713373751,416.177802383174,786.294,418.473
1784546899696,5,790.17866635618,416.578388296154,786.429,418.837
1784546899796,5,790.267038401768,416.974124317971,786.564,419.201
1784546899896,5,790.354769669482,417.365049367255,786.699,419.566
1784546899996,5,790.44182161374,417.751217916112,786.834,419.93
1784546900096,5,790.528177246854,418.132698665635,786.969,420.294
1784546900196,5,790.613839279266,418.509572238227,787.104,420.659
1784546900296,5,790.698823434884,418.881925687403,787.239,421.023
1784546900396,5,790.783154363051,419.249843296658,787.375,421.387
1784546900496,5,790.8668643055,419.613404375969,787.51,421.751
1784546900596,5,790.949993093856,419.972686619988,787.645,422.116
1784546900696,5,791.032590554044,420.327771631331,787.78,422.48
1784546900796,5,791.114726714155,420.678766954571,787.915,422.844
1784546900896,5,791.196494713009,421.025810173339,788.05,423.208
1784546900996,5,791.278014077523,421.369067298162,788.185,423.573
1784546901096,5,791.359432981048,421.708730396812,788.32,423.937
1784546901196,5,791.440922423932,422.045012471966,788.455,424.301
1784546901296,5,791.522660840306,422.378145067018,788.59,424.666
1784546901396,5,791.604829685852,422.70837543806,788.725,425.03
1784546901496,5,791.687610628872,423.03595854471,788.86,425.394
1784546901596,5,791.771182639326,423.361151057178,788.995,425.758
1784546901696,5,791.855720678252,423.684211923251,789.13,426.123
1784546901796,5,791.941393690363,424.005397765035,789.265,426.487
1784546901896,5,792.028364148781,424.324959622957,789.4,426.851
1784546901996,5,792.116789034524,424.643138611823,789.535,427.216
1784546902096,5,792.20681938018,424.96016368973,789.67,427.58
1784546902196,5,792.298597954679,425.276250214181,789.805,427.944
1784546902296,5,792.392256795768,425.591598282462,789.94,428.308
1784546902396,5,792.487916347228,425.906390185379,790.075,428.673
1784546902496,5,792.585685155297,426.220788088531,790.21,429.037
1784546902596,5,792.685660677344,426.53493253443,790.345,429.401
1784546902696,5,792.787931296674,426.848940912519,790.48,429.765
1784546902796,5,792.892576375828,427.162905886465,790.615,430.13
1784546902896,5,792.999665684231,427.476900227784,790.75,430.494
1784546902996,5,793.109260573039,427.791000719325,790.885,430.858
1784546903096,5,793.221418201018,428.105291924681,791.02,431.223
1784546903196,5,793.33619189541,428.419860242347,791.155,431.587
1784546903296,5,793.453630641147,428.734790454812,791.29,431.951
1784546903396,5,793.573778793902,429.050160273989,791.425,432.315
1784546903496,5,793.696675149866,429.366036014926,791.56,432.68
1784546903596,5,793.822351663135,429.68247118164,791.695,433.044
1784546903696,5,793.950833375839,429.999509174743,791.83,433.408
1784546903796,5,794.082140950319,430.317190807073,791.965,433.772
1784546903896,5,794.216293214737,430.635556019094,792.1,434.137
1784546903996,5,794.353307668842,430.954646166766,792.235,434.501
1784546904096,5,794.493201844806,431.274504752452,792.37,434.865
1784546904196,5,794.635992987903,431.595176258751,792.505,435.23
1784546904296,5,794.781696662344,431.916705813044,792.64,435.594
1784546904396,5,794.93032592515,432.239143368868,792.775,435.958
1784546904496,5,795.08189084201,432.562544031657,792.91,436.322
1784546904596,5,795.23639793856,432.886961853143,793.045,436.687
1784546904696,5,795.393849740434,433.212453648721,793.18,437.051
1784546904796,5,795.55424466151,433.539078494204,793.315,437.415
1784546904896,5,795.717578844516,433.866893136771,793.451,437.779
1784546904996,5,795.883847509087,434.195951659046,793.586,438.144
1784546905096,5,796.053044586595,434.5263097695,793.721,438.508
1784546905196,5,796.225162676418,434.858018803238,793.856,438.872
1784546905296,5,796.400195323361,435.191127827167,793.991,439.237
1784546905396,5,796.578136038338,435.52568276827,794.126,439.601
1784546905496,5,796.758973691964,435.861721200423,794.261,439.965
1784546905596,5,796.94269085934,436.199267931783,794.396,440.329
1784546905696,5,797.12926328095,436.538335721475,794.531,440.694
1784546905796,5,797.318659628795,436.878925627575,794.698,441.046
1784546905896,5,797.510843243243,437.221031131933,794.985,441.35
1784546905996,5,797.705773087997,437.564641233571,795.272,441.655
1784546906096,5,797.903403605684,437.909738864448,795.56,441.96
1784546906196,5,798.103685829764,438.256295773371,795.847,442.265
1784546906296,5,798.306567885721,438.60426972786,796.134,442.57
1784546906396,5,798.511993106108,438.95360099934,796.422,442.875
1784546906496,5,798.719899308548,439.304209601759,796.709,443.18
1784546906596,5,798.930220734647,439.655995635975,796.996,443.485
1784546906696,5,799.142889972521,440.008843679201,797.284,443.79
1784546906796,5,799.357838919536,440.362630338723,797.571,444.095
1784546906896,5,799.574998596593,440.717237375229,797.858,444.4
1784546906996,5,799.794300202399,441.072552963835,798.146,444.705
1784546907096,5,800.015676802371,441.428466261436,798.433,445.01
1784546907196,5,800.239063070197,441.78485973063,798.72,445.315
1784546907296,5,800.464394811653,442.141613032051,799.008,445.619
1784546907396,5,800.691608818443,442.49860385179,799.295,445.924
1784546907496,5,800.920644823526,442.85571047024,799.582,446.229
1784546907596,5,801.151445368356,443.212817664354,799.87,446.534
1784546907696,5,801.383955852339,443.569816893656,800.157,446.839
1784546907796,5,801.618124758516,443.92660467012,800.444,447.144
1784546907896,5,801.853904222129,444.283080915997,800.732,447.449
1784546907996,5,802.091249334575,444.639147340152,801.019,447.754
1784546908096,5,802.330117067079,444.994705811012,801.306,448.059
1784546908196,5,802.570465654345,445.349656722886,801.594,448.364
1784546908296,5,802.812255265951,445.703900227046,801.881,448.669
1784546908396,5,803.055447171602,446.057346186215,802.168,448.974
1784546908496,5,803.300003078315,446.409916606893,802.456,449.279
1784546908596,5,803.54588708202,446.76154835384,802.743,449.584
1784546908696,5,803.793063018685,447.112192661966,803.03,449.889
1784546908796,5,804.041493357736,447.461815461028,803.318,450.193
1784546908896,5,804.291140484489,447.810400487981,803.605,450.498
1784546908996,5,804.541966232994,448.157944291521,803.892,450.803
1784546909096,5,804.793931093248,448.504459702341,804.18,451.108
1784546909196,5,805.046993950177,448.849976455498,804.467,451.413
1784546909296,5,805.30111255482,449.194540359836,804.754,451.718
1784546909396,5,805.556243817454,449.53821419949,805.042,452.023
1784546909496,5,805.812344268432,449.881082657401,805.329,452.328
1784546909596,5,806.06937316876,450.223244891982,805.616,452.633
1784546909696,5,806.327287014293,450.564815764156,805.903,452.938
1784546909796,5,806.586037750189,450.905931971646,806.191,453.243
1784546909896,5,806.845574706393,451.246741837309,806.478,453.548
1784546909996,5,807.105844197791,451.587394185183,806.765,453.853
1784546910096,5,807.366789008876,451.928033365835,807.053,454.158
1784546910196,5,807.628350171363,452.268791175346,807.34,454.463
1784546910296,5,807.890467656375,452.609785276311,807.627,454.767
1784546910396,5,808.15308023132,452.951125571432,807.915,455.072
1784546910496,5,808.416127545347,453.292920745751,808.202,455.377
1784546910596,5,808.679549725607,453.635280461303,808.489,455.682
1784546910696,5,808.943286803294,453.978317725229,808.777,455.987
1784546910796,5,809.207280227279,454.32214822139,809.064,456.292
1784546910896,5,809.471472346176,454.666888279509,809.351,456.597
1784546910996,5,809.735805274266,455.012651293004,809.639,456.902
1784546911096,5,810.000219937724,455.359545572664,809.926,457.207
1784546911196,5,810.264654759712,455.707672669347,810.213,457.512
1784546911296,5,810.529044047826,456.057125122475,810.501,457.817
1784546911396,5,810.793318547481,456.40798532836,810.788,458.122
1784546911496,5,811.057407055219,456.760328866274,811.075,458.427
1784546911596,5,811.321236295265,457.114233431842,811.363,458.732
1784546911696,5,811.584731889433,457.469779725852,811.65,459.036
1784546911796,5,811.84781819128,457.827048437013,811.937,459.341
1784546911896,5,812.11041669621,458.186110270358,812.225,459.646
1784546911996,5,812.372443108248,458.547011912322,812.512,459.951
1784546912096,5,812.633807936819,458.909771102181,812.799,460.256
1784546912196,5,812.894416885855,459.274378122145,813.087,460.561
1784546912296,5,813.154174698123,459.640812782415,813.374,460.866
1784546912396,5,813.412986405139,460.009060609399,813.661,461.171
1784546912496,5,813.670756844929,460.37911463417,813.949,461.476
1784546912596,5,813.927390932409,460.750973614763,814.236,461.781
1784546912696,5,814.182794205661,461.124641018624,814.523,462.086
1784546912796,5,814.436871985408,461.500124961575,814.811,462.391
1784546912896,5,814.689528202225,461.877434488278,815.098,462.696
1784546912996,5,814.940664201663,462.256580510257,815.334,463.082
1784546913096,5,815.190177565086,462.637570156703,815.537,463.522
1784546913196,5,815.437961559336,463.020385862791,815.739,463.962
1784546913296,5,815.683906836492,463.404983984874,815.942,464.401
1784546913396,5,815.92790209917,463.791308168355,816.145,464.841
1784546913496,5,816.169832192462,464.179277633011,816.347,465.28
1784546913596,5,816.409578121091,464.568800347395,816.55,465.72
1784546913696,5,816.64701628786,464.95977617764,816.752,466.16
1784546913796,5,816.882018187961,465.352099383663,816.955,466.599
1784546913896,5,817.11445271461,465.745673797593,817.158,467.039
1784546913996,5,817.344187473765,466.14041741489,817.36,467.478
1784546914096,5,817.571088173681,466.536258322607,817.563,467.918
1784546914196,5,817.79501757266,466.933131984156,817.766,468.358
1784546914296,5,818.015834722309,467.330977105015,817.968,468.797
1784546914396,5,818.233395038112,467.729726729025,818.171,469.237
1784546914496,5,818.447549792016,468.129306422471,818.374,469.676
1784546914596,5,818.658146795555,468.529642004804,818.576,470.116
1784546914696,5,818.865032635531,468.930670470314,818.779,470.556
1784546914796,5,819.068053269392,469.332343977685,818.982,470.995
1784546914896,5,819.267053239291,469.73462779981,819.184,471.435
1784546914996,5,819.461874563293,470.137491214891,819.387,471.875
1784546915096,5,819.65235416454,470.540886602228,819.589,472.314
1784546915196,5,819.83831901431,470.944736757033,819.792,472.754
1784546915296,5,820.019584411387,471.348931948719,819.995,473.193
1784546915396,5,820.195954347755,471.75333283745,820.197,473.633
1784546915496,5,820.367225543295,472.157789152068,820.4,474.073
1784546915596,5,820.533189003543,472.562153104116,820.603,474.512
1784546915696,5,820.693631948007,472.9662802678,820.805,474.952
1784546915796,5,820.848338499627,473.370027762071,821.008,475.391
1784546915896,5,820.997090131987,473.773252297646,821.211,475.831
1784546915996,5,821.139665796752,474.17580778641,821.413,476.271
1784546916096,5,821.275843574528,474.577543409939,821.616,476.71
1784546916196,5,821.405400576067,474.97830080462,821.819,477.15
1784546916296,5,821.528112326633,475.377908753713,822.021,477.589
1784546916396,5,821.643752201639,475.776183747979,822.224,478.029
1784546916496,5,821.752090436229,476.172936238596,822.427,478.469
1784546916596,5,821.852892457037,476.567960450775,822.629,478.908
1784546916696,5,821.945920047419,476.961047598451,822.832,479.348
1784546916796,5,822.0309347767,477.352004039808,823.034,479.788
1784546916896,5,822.107702131053,477.740659182008,823.237,480.227
1784546916996,5,822.175994800074,478.126864754204,823.44,480.667
1784546917096,5,822.235595111518,478.510492986251,823.642,481.106
1784546917196,5,822.286295040805,478.891434223673,823.845,481.546
1784546917296,5,822.327894804816,479.269589076798,824.048,481.986
1784546917396,5,822.360202385953,479.644857030116,824.25,482.425
1784546917496,5,822.383033341332,480.017132502142,824.453,482.865
1784546917596,5,822.396210933839,480.386307078734,824.656,483.304
1784546917696,5,822.399567819797,480.752283742373,824.858,483.744
1784546917796,5,822.39294889507,481.1149792945,825.061,484.184
1784546917896,5,822.376212022872,481.474322999653,825.264,484.623
1784546917996,5,822.349228237445,481.830254896196,825.466,485.063
1784546918096,5,822.311881692037,482.182724209573,825.669,485.502
1784546918196,5,822.26406995166,482.531691003758,825.871,485.942
1784546918296,5,822.205704862721,482.877131951492,826.074,486.382
1784546918396,5,822.13671571815,483.219040646457,826.277,486.821
1784546918496,5,822.057050704533,483.55742481197,826.479,487.261
1784546918596,5,821.966677951753,483.892296833022,826.682,487.701
1784546918696,5,821.865586576873,484.223664809971,826.885,488.14
1784546918796,5,821.753787393456,484.551531065552,827.087,488.58
1784546918896,5,821.631314775261,484.875897746483,827.29,489.019
1784546918996,5,821.49823128624,485.196773122373,827.493,489.459
1784546919096,5,821.354630005747,485.514177286423,827.695,489.899
1784546919196,5,821.20063690642,485.828150081638,827.43,490.144
1784546919296,5,821.036411502724,486.138753923735,826.892,490.277
1784546919396,5,820.862144620176,486.446071129282,826.354,490.409
1784546919496,5,820.678054695962,486.750203535922,825.816,490.542
1784546919596,5,820.484386013614,487.051268954579,825.278,490.674
1784546919696,5,820.281408344948,487.349389475142,824.74,490.806
1784546919796,5,820.06941541099,487.644687287053,824.202,490.939
1784546919896,5,819.848723734014,487.937283264167,823.664,491.071
1784546919996,5,819.619669770518,488.227294615112,823.126,491.204
1784546920096,5,819.382609405915,488.514829446098,822.588,491.336
1784546920196,5,819.137916464848,488.799984328108,822.05,491.469
1784546920296,5,818.885981352665,489.082842760325,821.512,491.601
1784546920396,5,818.627208138544,489.363474093417,820.974,491.734
1784546920496,5,818.362012823607,489.641933396657,820.436,491.866
1784546920596,5,818.090823816415,489.91826515763,819.898,491.999
1784546920696,5,817.814081953944,490.192506321006,819.36,492.131
1784546920796,5,817.532238389006,490.464694198854,818.822,492.264
1784546920896,5,817.245753434868,490.73487507899,818.284,492.396
1784546920996,5,816.955095916892,491.003105282462,817.746,492.529
1784546921096,5,816.660742536271,491.26944977253,817.208,492.661
1784546921196,5,816.363173197493,491.53398108639,816.67,492.794
1784546921296,5,816.062870593448,491.796779184968,816.132,492.926
1784546921396,5,815.76032050797,492.057932862454,815.594,493.059
1784546921496,5,815.456012689348,492.317547359938,815.056,493.191
1784546921596,5,815.150441047793,492.575745278025,814.518,493.324
1784546921696,5,814.844101605342,492.832664552096,813.98,493.456
1784546921796,5,814.537492866756,493.088451587394,813.442,493.589
1784546921896,5,814.231116307746,493.343249401907,812.904,493.721
1784546921996,5,813.925476342773,493.597186524379,812.366,493.854
1784546922096,5,813.621078367851,493.850370867075,811.828,493.986
1784546922196,5,813.318428279874,494.102893057591,811.29,494.118
1784546922296,5,813.018033042983,494.354831672432,810.752,494.251
1784546922396,5,812.720400702092,494.606253290821,810.214,494.383
1784546922496,5,812.426040637907,494.857212715316,809.676,494.516
1784546922596,5,812.135461518889,495.107757430709,809.138,494.648
1784546922696,5,811.849170596155,495.357930708231,808.6,494.781
1784546922796,5,811.567672510799,495.607781935891,808.062,494.913
1784546922896,5,811.29146440331,495.857371125781,807.524,495.046
1784546922996,5,811.021032844825,496.106770623552,806.986,495.178
1784546923096,5,810.756852595443,496.356063311323,806.448,495.311
1784546923196,5,810.499386869085,496.605338011039,805.91,495.443
1784546923296,5,810.249087062894,496.854690540762,805.372,495.576
1784546923396,5,810.006391845224,497.104215958614,804.834,495.708
1784546923496,5,809.771724359174,497.354001127175,804.296,495.841
1784546923596,5,809.54549005455,497.604122869174,803.758,495.973
1784546923696,5,809.328074844793,497.854648588624,803.22,496.106
1784546923796,5,809.119844789737,498.105633489668,802.682,496.238
1784546923896,5,808.921146140947,498.35711917702,802.144,496.371
1784546923996,5,808.732304954208,498.609136010913,801.606,496.503
1784546924096,5,808.553626567024,498.86170674135,801.068,496.636
1784546924196,5,808.385392565825,499.114846437595,800.53,496.768
1784546924296,5,808.227859648863,499.368559712804,799.992,496.901
1784546924396,5,808.081256840547,499.622831974725,799.454,497.033
1784546924496,5,807.945782872146,499.877626003604,798.916,497.166
1784546924596,5,807.821604489931,500.132883617297,798.781,497.444
1784546924696,5,807.70885618991,500.388535943283,799.069,497.877
1784546924796,5,807.607640684356,500.644506720021,799.357,498.309
1784546924896,5,807.518029815358,500.900715700925,799.646,498.741
1784546924996,5,807.440066944304,501.157079212863,799.934,499.174
1784546925096,5,807.373769687189,501.413512050444,800.222,499.606
1784546925196,5,807.319132545396,501.669930162118,800.511,500.039
1784546925296,5,807.276127723169,501.926249762926,800.799,500.471
1784546925396,5,807.244705883604,502.182384375817,801.088,500.904
1784546925496,5,807.224797856183,502.438250161403,801.376,501.336
1784546925596,5,807.216315790776,502.693769528686,801.664,501.768
1784546925696,5,807.219156092538,502.948866258064,801.953,502.201
1784546925796,5,807.233201323933,503.2034615523,802.241,502.633
1784546925896,5,807.258321310417,503.457472550709,802.529,503.066
1784546925996,5,807.294374721881,503.710811075021,802.818,503.498
1784546926096,5,807.341211795883,503.963382475816,803.106,503.931
1784546926196,5,807.398676444841,504.215085937903,803.395,504.363
1784546926296,5,807.466607409483,504.465818815732,803.683,504.795
1784546926396,5,807.54483857191,504.715477921109,803.971,505.228
1784546926496,5,807.633198745332,504.963955930153,804.26,505.66
1784546926596,5,807.731511739189,505.211134334008,804.548,506.093
1784546926696,5,807.83959736453,505.45688020134,804.836,506.525
1784546926796,5,807.957271843708,505.701044825671,805.125,506.958
1784546926896,5,808.084349469002,505.943462674433,805.413,507.39
1784546926996,5,808.220642880117,506.183950255715,805.702,507.822
1784546927096,5,808.3659630334,506.422307752777,805.99,508.255
1784546927196,5,808.520120436506,506.658329178846,806.278,508.687
1784546927296,5,808.682925877846,506.891801659677,806.567,509.12
1784546927396,5,808.854193854561,507.122499158081,806.855,509.552
1784546927496,5,809.033744162143,507.350204441286,807.143,509.985
1784546927596,5,809.221401538458,507.574736563991,807.432,510.417
1784546927696,5,809.416995886032,507.795946906395,807.72,510.849
1784546927796,5,809.620365178993,508.01368437453,808.009,511.282
1784546927896,5,809.831356632211,508.22778361257,808.297,511.714
1784546927996,5,810.049827414764,508.438052830622,808.585,512.147
1784546928096,5,810.275648597555,508.644267058094,808.874,512.579
1784546928196,5,810.508705722831,508.846165695347,809.162,513.012
1784546928296,5,810.748898232883,509.043451154044,809.45,513.444
1784546928396,5,810.996138567714,509.23578893052,809.739,513.876
1784546928496,5,811.250351536007,509.422807523525,810.027,514.309
1784546928596,5,811.511473467155,509.604104740741,810.316,514.741
1784546928696,5,811.779451170345,509.779273178174,810.604,515.174
1784546928796,5,812.054240736376,509.94790595888,810.892,515.606
1784546928896,5,812.33580548241,510.109595955587,811.181,516.039
1784546928996,5,812.624111262785,510.26393499478,811.469,516.471
1784546929096,5,812.919123480834,510.410513077425,811.757,516.903
1784546929196,5,813.220805528514,510.548919939325,812.046,517.336
1784546929296,5,813.529118572759,510.678749951951,812.334,517.768
1784546929396,5,813.844024672389,510.799593509583,812.623,518.201
1784546929496,5,814.165486755483,510.911045473657,812.911,518.633
1784546929596,5,814.493468032383,511.01270426805,813.199,519.066
1784546929696,5,814.827930726865,511.104173912818,813.488,519.498
1784546929796,5,815.168834523625,511.185061424282,813.776,519.93
1784546929896,5,815.516135016461,511.254981851017,814.064,520.363
1784546929996,5,815.869782350232,511.313563700582,814.353,520.795
1784546930096,5,816.229720841301,511.360465464015,814.641,521.228
1784546930196,5,816.595888865441,511.395384579046,814.93,521.66
1784546930296,5,816.968219522881,511.418061018357,815.218,522.092
1784546930396,5,817.346640282999,511.42827701286,815.523,522.162
1784546930496,5,817.731073019188,511.425852523612,815.833,522.123
1784546930596,5,818.121436047714,511.410633692168,816.144,522.084
1784546930696,5,818.517643839926,511.382486881552,816.454,522.045
1784546930796,5,818.91960460524,511.341298681943,816.764,522.005
1784546930896,5,819.327218869371,511.286982113765,817.075,521.966
1784546930996,5,819.740378655418,511.219489734272,817.385,521.927
1784546931096,5,820.158965749862,511.138818273196,817.695,521.888
1784546931196,5,820.582850552783,511.045011110067,818.005,521.849
1784546931296,5,821.011893005543,510.938156397984,818.316,521.809
1784546931396,5,821.445941309343,510.818386778151,818.626,521.77
1784546931496,5,821.884831158805,510.685875431927,818.936,521.731
1784546931596,5,822.328387507132,510.540835127364,819.247,521.692
1784546931696,5,822.776427117818,510.383516994324,819.557,521.652
1784546931796,5,823.228757927903,510.214208983198,819.867,521.613
1784546931896,5,823.685177029892,510.033235496911,820.177,521.574
1784546931996,5,824.145468497384,509.8409579484,820.488,521.535
1784546932096,5,824.609401333109,509.637776591259,820.798,521.496
1784546932196,5,825.076728474167,509.424136736788,821.108,521.456
1784546932296,5,825.547188780942,509.200532376368,821.419,521.417
1784546932396,5,826.020506500791,508.967507157564,821.729,521.378
1784546932496,5,826.496390670409,508.725653834511,822.039,521.339
1784546932596,5,826.974534980262,508.475614687981,822.35,521.299
1784546932696,5,827.454618820714,508.218082800899,822.66,521.26
1784546932796,5,827.93630631641,507.953799436166,822.97,521.221
1784546932896,5,828.419247667496,507.683534380982,823.28,521.182
1784546932996,5,828.903092381847,507.408065194414,823.591,521.142
1784546933096,5,829.387499859127,507.128161323139,823.901,521.103
1784546933196,5,829.87214108575,506.844577129405,824.211,521.064
1784546933296,5,830.356697599749,506.558051307534,824.522,521.025
1784546933396,5,830.840862376255,506.269306657849,824.832,520.986
1784546933496,5,831.324338623063,505.979048835608,825.142,520.946
1784546933596,5,831.806837864898,505.687966311928,825.452,520.907
1784546933696,5,832.288078918925,505.396729629834,825.763,520.868
1784546933796,5,832.767787224992,505.10599225395,826.073,520.829
1784546933896,5,833.245693774015,504.816392164303,826.383,520.789
1784546933996,5,833.721534199865,504.528550362527,826.694,520.75
1784546934096,5,834.195048137496,504.243060108309,827.004,520.711
1784546934196,5,834.665978137808,503.96048288847,827.314,520.672
1784546934296,5,835.134070237641,503.681345218235,827.624,520.633
1784546934396,5,835.599074037848,503.40614292981,827.935,520.593
1784546934496,5,836.060741306756,503.135342338745,828.245,520.554
1784546934596,5,836.518825243707,502.869378108557,828.555,520.515
1784546934696,5,836.973079200538,502.608661504133,828.866,520.476
1784546934796,5,837.4232553916,502.353600500592,829.176,520.436
1784546934896,5,837.86910539042,502.10460529102,829.486,520.397
1784546934996,5,838.310378858511,501.862088501111,829.796,520.358
1784546935096,5,838.746821548569,501.626463993943,830.107,520.319
1784546935196,5,839.178173438026,501.3981380652,830.417,520.279
1784546935296,5,839.604169475248,501.177498660117,830.727,520.24
1784546935396,5,840.024546615429,500.964907272087,831.038,520.201
1784546935496,5,840.439044913797,500.76069776843,831.348,520.162
1784546935596,5,840.847408707642,500.565177097449,831.658,520.123
1784546935696,5,841.249386772316,500.378626381726,831.968,520.083
1784546935796,5,841.644735779636,500.20130709133,832.279,520.044
1784546935896,5,842.03322249526,500.033463083313,832.589,520.005
1784546935996,5,842.414622943572,499.875320187042,832.899,519.966
1784546936096,5,842.788721929211,499.727087640002,833.21,519.926
1784546936196,5,843.155316220483,499.588957474034,833.52,519.887
1784546936296,5,843.514214075948,499.461101412864,833.83,519.848
1784546936396,5,843.865231741391,499.343664295531,834.14,519.809
1784546936496,5,844.20818624794,499.236778745486,834.451,519.77
1784546936596,5,844.542895952948,499.140571180721,834.761,519.73
1784546936696,5,844.869176416742,499.055167175929,835.071,519.691
1784546936796,5,845.186842721438,498.980693112784,835.382,519.652
1784546936896,5,845.495709233138,498.917276574125,835.692,519.613
1784546936996,5,845.795590117673,498.865041826995,836.002,519.573
1784546937096,5,846.086305895456,498.824090732113,836.313,519.534
1784546937196,5,846.367684095772,498.794499800566,836.623,519.495
1784546937296,5,846.63955787536,498.776330737573,836.933,519.456
1784546937396,5,846.901764701746,498.769634777616,837.243,519.417
1784546937496,5,847.154145052527,498.774453442369,837.554,519.377
1784546937596,5,847.39654179848,498.790818075256,837.864,519.338
1784546937696,5,847.628802910785,498.818746265856,838.174,519.299
1784546937796,5,847.850786991366,498.858235632385,838.485,519.26
1784546937896,5,848.06236479263,498.909261237933,838.795,519.22
1784546937996,5,848.263418550894,498.971771561698,839.105,519.181
1784546938096,5,848.453841465138,499.045689239728,839.415,519.142
1784546938196,5,848.633536785307,499.130901921567,839.726,519.103
1784546938296,5,848.80241744345,499.227258315115,840.036,519.063
1784546938396,5,848.960407613412,499.334564105357,840.346,519.024
1784546938496,5,849.107442931582,499.452580393657,840.657,518.985
1784546938596,5,849.243469529593,499.581023061115,840.967,518.946
1784546938696,5,849.36844392626,499.719561133474,841.277,518.907
1784546938796,5,849.482332467343,499.867815644509,841.587,518.867
1784546938896,5,849.585110217914,500.025359910268,841.898,518.828
1784546938996,5,849.676761044363,500.191718036639,842.208,518.789
1784546939096,5,849.757279330459,500.366363090352,842.518,518.75
1784546939196,5,849.826668380279,500.548737720267,842.829,518.71
1784546939296,5,849.884943654982,500.738322402902,843.139,518.671
1784546939396,5,849.932133669312,500.934605484258,843.449,518.632
1784546939496,5,849.968283051821,501.137078627364,843.759,518.593
1784546939596,5,849.993465536541,501.345238204783,844.07,518.554
1784546939696,5,850.007787480228,501.558584404003,844.38,518.514
1784546939796,5,850.011388370078,501.776620338748,844.69,518.475
1784546939896,5,850.004441511538,501.998852311133,845.001,518.436
1784546939996,5,849.987155097211,502.224793361742,844.947,518.185
1784546940096,5,849.959772883449,502.453962458195,844.829,517.896
1784546940196,5,849.922575442049,502.685880026661,844.71,517.606
1784546940296,5,849.875879479126,502.920066765976,844.592,517.317
1784546940396,5,849.820038716321,503.15604568359,844.474,517.028
1784546940496,5,849.755442486297,503.393345029457,844.355,516.739
1784546940596,5,849.682513926685,503.631516272427,844.237,516.45
1784546940696,5,849.601702704848,503.870159840807,844.118,516.161
1784546940796,5,849.513474837314,504.108930900663,844,515.872
1784546940896,5,849.41829283139,504.347542890075,843.881,515.583
1784546940996,5,849.316607676629,504.585761765782,843.763,515.293
1784546941096,5,849.208856871768,504.823386526013,843.644,515.004
1784546941196,5,849.095465642432,505.060241349827,843.526,514.715
1784546941296,5,848.976846078881,505.29617693208,843.407,514.426
1784546941396,5,848.853396241274,505.531070357131,843.289,514.137
1784546941496,5,848.725498429255,505.764827367531,843.171,513.848
1784546941596,5,848.593519050768,505.997395108713,843.052,513.559
1784546941696,5,848.457809106531,506.228765409443,842.934,513.269
1784546941796,5,848.318704411839,506.458955650938,842.815,512.98
1784546941896,5,848.176525245853,506.687949141926,842.697,512.691
1784546941996,5,848.03157704271,506.915745281418,842.578,512.402
1784546942096,5,847.884150283461,507.14236123609,842.46,512.113
1784546942196,5,847.734520219449,507.367834102693,842.341,511.824
1784546942296,5,847.582947210546,507.592222513719,842.223,511.535
1784546942396,5,847.429676379036,507.815604068765,842.105,511.246
1784546942496,5,847.274935396896,508.038067189732,841.986,510.956
1784546942596,5,847.118933086097,508.259711520927,841.868,510.667
1784546942696,5,846.961859589168,508.480630344924,841.749,510.378
1784546942796,5,846.803887057028,508.70088874279,841.631,510.089
1784546942896,5,846.645170717621,508.920540454267,841.512,509.8
1784546942996,5,846.485849698288,509.13963282444,841.394,509.511
1784546943096,5,846.326047608915,509.358209513492,841.275,509.222
1784546943196,5,846.165872648416,509.57632400383,841.157,508.933
1784546943296,5,846.00541808108,509.794042449806,841.039,508.643
1784546943396,5,845.844762830727,510.011442720251,840.92,508.354
1784546943496,5,845.68397213504,510.228611567618,840.802,508.065
1784546943596,5,845.523098076983,510.445633558062,840.683,507.776
1784546943696,5,845.362180214021,510.662579119152,840.565,507.487
1784546943796,5,845.201245866463,510.87949908209,840.446,507.198
1784546871496,6,74.7818737352873,371.28508251381,72.3764,371.115
1784546871596,6,75.0170581302535,371.024841558613,72.6814,370.861
1784546871696,6,75.2536966366468,370.762979191356,72.9864,370.608
1784546871796,6,75.4917844515775,370.499480609832,73.2913,370.355
1784546871896,6,75.7313145323431,370.234324879938,73.5963,370.102
1784546871996,6,75.9722786866355,369.967484339793,73.9013,369.849
1784546872096,6,76.2146684328899,369.698927635411,74.2063,369.596
1784546872196,6,76.4584742761028,369.428623064994,74.5113,369.343
1784546872296,6,76.7036845903557,369.15654432149,74.8163,369.089
1784546872396,6,76.9502846330161,368.882672842181,75.1213,368.836
1784546872496,6,77.1982565367897,368.606999375276,75.4263,368.583
1784546872596,6,77.4475809734314,368.329526070387,75.7313,368.33
1784546872696,6,77.6982385453713,368.050269254216,76.0363,368.077
1784546872796,6,77.9502092429451,367.769264538766,76.3412,367.824
1784546872896,6,78.2034716730608,367.486568487237,76.6462,367.571
1784546872996,6,78.4580021003591,367.202253161481,76.9512,367.318
1784546873096,6,78.7137727491733,366.916398447502,77.2562,367.064
1784546873196,6,78.9707518924843,366.62909108868,77.5612,366.811
1784546873296,6,79.2289072891622,366.340423991188,77.8662,366.558
1784546873396,6,79.4882070100907,366.050494599724,78.1712,366.305
1784546873496,6,79.7486188211524,365.759406222766,78.4762,366.052
1784546873596,6,80.0101092128647,365.467271267893,78.7812,365.799
1784546873696,6,80.2726427481388,365.174210375084,79.0862,365.546
1784546873796,6,80.536180973619,364.880352021633,79.3911,365.293
1784546873896,6,80.8006811913839,364.58583341666,79.6961,365.039
1784546873996,6,81.0660956125629,364.290801966263,80.0011,364.786
1784546874096,6,81.3323726018888,363.995416056222,80.3061,364.533
1784546874196,6,81.5994595665354,363.699844707111,80.6111,364.28
1784546874296,6,81.8673035543243,363.404268068709,80.9161,364.027
1784546874396,6,82.1358507362945,363.108877260483,81.2211,363.774
1784546874496,6,82.405047376537,362.813875338671,81.5261,363.521
1784546874596,6,82.6748408089725,362.519478533239,81.8311,363.267
1784546874696,6,82.9451801553814,362.225917078081,82.1361,363.014
1784546874796,6,83.2160155458405,361.933436084147,82.441,362.761
1784546874896,6,83.4872970750431,361.642293916992,82.746,362.508
1784546874996,6,83.7589743291989,361.352762842779,83.051,362.255
1784546875096,6,84.0309967301958,361.065130366171,83.356,362.002
1784546875196,6,84.3033128587004,360.779700132132,83.661,361.749
1784546875296,6,84.5758704540662,360.496791380438,83.966,361.496
1784546875396,6,84.8486171843291,360.216737599321,84.271,361.242
1784546875496,6,85.1215004419958,359.939887129765,84.576,360.989
1784546875596,6,85.3944680053915,359.666603474958,84.881,360.736
1784546875696,6,85.6674688431968,359.39726049167,85.186,360.483
1784546875796,6,85.9404528362303,359.132238426227,85.4909,360.23
1784546875896,6,86.21336992341,358.871925068709,85.7959,359.977
1784546875996,6,86.4861700889409,358.616717139223,86.1009,359.724
1784546876096,6,86.7588034605408,358.367020502219,86.4059,359.47
1784546876196,6,87.0312208959403,358.1232481134,86.7109,359.217
1784546876296,6,87.3033738948489,357.885823073973,87.0159,358.964
1784546876396,6,87.5752162015718,357.655176374955,87.3209,358.711
1784546876496,6,87.8467034196231,357.431745081682,87.6259,358.458
1784546876596,6,88.1177924122874,357.215971432484,87.9309,358.205
1784546876696,6,88.3884403635675,357.008303456385,88.2359,357.952
1784546876796,6,88.6586046286115,356.809196160428,88.5408,357.699
1784546876896,6,88.9282436750948,356.619113230152,88.8458,357.445
1784546876996,6,89.1973169933655,356.438528613581,89.1508,357.192
1784546877096,6,89.4657846170781,356.267928814394,89.4558,356.939
1784546877196,6,89.7336066715411,356.107811517065,89.7608,356.686
1784546877296,6,90.0007437231537,355.958682508235,90.0658,356.433
1784546877396,6,90.2671598480827,355.821050278744,90.3708,356.18
1784546877496,6,90.5328245124167,355.695405445552,90.6758,355.927
1784546877596,6,90.797713570528,355.582207858469,90.9808,355.674
1784546877696,6,91.0618099076709,355.481881738967,91.2858,355.42
1784546877796,6,91.3251067211239,355.39481191228,91.5907,355.167
1784546877896,6,91.587610421338,355.321332701514,91.8957,354.914
1784546877996,6,91.849343549511,355.261718879112,92.2007,354.661
1784546878096,6,92.1103460419422,355.216185526298,92.5057,354.408
1784546878196,6,92.3706753291337,355.18489536741,92.8107,354.155
1784546878296,6,92.6304073887115,355.167959022398,93.1157,353.902
1784546878396,6,92.8896377287943,355.165430872736,93.4207,353.648
1784546878496,6,93.1484813132191,355.177315075707,93.7257,353.395
1784546878596,6,93.4070740317376,355.203567879815,94.0307,353.142
1784546878696,6,93.6655721800341,355.244099658065,94.3357,352.889
1784546878796,6,93.9241508392211,355.298775517594,94.6406,352.636
1784546878896,6,94.1830010212101,355.367415654177,94.9456,352.383
1784546878996,6,94.4423279960656,355.44979366914,95.2506,352.13
1784546879096,6,94.7023499565582,355.545632585051,95.6084,352.038
1784546879196,6,94.9632967934308,355.654604507628,96.0839,352.308
1784546879296,6,95.2254082232747,355.776333854508,96.5594,352.578
1784546879396,6,95.4889307440131,355.910400515751,97.0349,352.848
1784546879496,6,95.7541158861037,356.056345977682,97.5104,353.118
1784546879596,6,96.0212177062169,356.213688055666,97.9858,353.388
1784546879696,6,96.2904863430516,356.381938974536,98.4613,353.658
1784546879796,6,96.5621649530831,356.560613818966,98.9368,353.928
1784546879896,6,96.8364864258481,356.749250419345,99.4123,354.197
1784546879996,6,97.11367164963,356.947413565533,99.8878,354.467
1784546880096,6,97.3939282038384,357.154694026792,100.363,354.737
1784546880196,6,97.677450885425,357.370700796982,100.839,355.007
1784546880296,6,97.9644283043634,357.595032291925,101.314,355.277
1784546880396,6,98.2550468673161,357.827266559851,101.79,355.547
1784546880496,6,98.5494957630713,358.066960182735,102.265,355.817
1784546880596,6,98.847959630755,358.313648903994,102.741,356.087
1784546880696,6,99.1506171446115,358.566846547794,103.216,356.356
1784546880796,6,99.4576469785535,358.826046450153,103.692,356.626
1784546880896,6,99.7692257998421,359.09073800534,104.167,356.896
1784546880996,6,100.085527107469,359.360409553894,104.643,357.166
1784546881096,6,100.406723680945,359.634544198346,105.118,357.436
1784546881196,6,100.732988329229,359.912613716925,105.594,357.706
1784546881296,6,101.064494848279,360.194075118686,106.069,357.976
1784546881396,6,101.40141868276,360.478365184337,106.545,358.246
1784546881496,6,101.743937520273,360.764898822984,107.02,358.515
1784546881596,6,102.092231178132,361.053070416443,107.496,358.785
1784546881696,6,102.446483166099,361.342254518543,107.971,359.055
1784546881796,6,102.806879034253,361.631812516358,108.447,359.325
1784546881896,6,103.173599431811,361.92111137473,108.922,359.595
1784546881996,6,103.546809476958,362.209559354076,109.398,359.865
1784546882096,6,103.926653757432,362.496626802424,109.873,360.135
1784546882196,6,104.313254292669,362.781848106683,110.349,360.405
1784546882296,6,104.706708648346,363.06482064604,110.824,360.674
1784546882396,6,105.107092409942,363.34519880535,111.3,360.944
1784546882496,6,105.514474825448,363.622674324098,111.775,361.214
1784546882596,6,105.928921352197,363.89697054581,112.251,361.484
1784546882696,6,106.350486852332,364.167846665837,112.726,361.754
1784546882796,6,106.779196287618,364.435114446207,113.202,362.024
1784546882896,6,107.215046172805,364.698626750733,113.677,362.294
1784546882996,6,107.658004659345,364.958271257066,114.153,362.564
1784546883096,6,108.108008857652,365.213966477418,114.628,362.833
1784546883196,6,108.564960473149,365.465662483804,115.103,363.103
1784546883296,6,109.028726614054,365.713334891592,115.579,363.373
1784546883396,6,109.499142514131,365.956977149163,116.054,363.643
1784546883496,6,109.976015004462,366.196603343796,116.53,363.913
1784546883596,6,110.459124312926,366.432241410376,117.005,364.183
1784546883696,6,110.948223492155,366.663931457774,117.481,364.453
1784546883796,6,111.443036698082,366.891731108049,117.956,364.723
1784546883896,6,111.943258495165,367.115718476048,118.432,364.992
1784546883996,6,112.448553757944,367.335988296566,118.907,365.262
1784546884096,6,112.958562021578,367.552649503677,119.383,365.532
1784546884196,6,113.472920226715,367.765822258402,119.858,365.802
1784546884296,6,113.991267774628,367.975634816787,120.334,366.072
1784546884396,6,114.513250393936,368.182214674443,120.809,366.342
1784546884496,6,115.038526202586,368.385680613124,121.285,366.612
1784546884596,6,115.566768438386,368.586137665649,121.732,366.785
1784546884696,6,116.09766614277,368.783675451775,122.142,366.834
1784546884796,6,116.630922272139,368.978367295508,122.552,366.884
1784546884896,6,117.166252397906,369.17026968587,122.962,366.933
1784546884996,6,117.703387031489,369.359424663917,123.372,366.982
1784546885096,6,118.242070333411,369.545865174312,123.783,367.032
1784546885196,6,118.782057602242,369.729615657079,124.193,367.081
1784546885296,6,119.323112603057,369.910691510992,124.603,367.131
1784546885396,6,119.865004437409,370.089099151486,125.013,367.18
1784546885496,6,120.407504865612,370.264835804159,125.423,367.229
1784546885596,6,120.95038577659,370.437896682988,125.834,367.279
1784546885696,6,121.493417467197,370.608284242898,126.244,367.328
1784546885796,6,122.036370328754,370.776006843903,126.654,367.378
1784546885896,6,122.579016179858,370.941071515536,127.064,367.427
1784546885996,6,123.121123680731,371.103494998984,127.474,367.476
1784546886096,6,123.662458887491,371.26329807679,127.885,367.526
1784546886196,6,124.202783682066,371.420503718697,128.295,367.575
1784546886296,6,124.741852961851,371.575141040781,128.705,367.624
1784546886396,6,125.279411971693,371.727245603298,129.115,367.674
1784546886496,6,125.815193854925,371.876858327533,129.525,367.723
1784546886596,6,126.348918450833,372.02402505242,129.936,367.773
1784546886696,6,126.880295950494,372.168794212979,130.346,367.822
1784546886796,6,127.40902993179,372.311212040076,130.756,367.871
1784546886896,6,127.934817882696,372.451324163434,131.166,367.921
1784546886996,6,128.457352791085,372.589175163397,131.576,367.97
1784546887096,6,128.976323018291,372.72480529814,131.987,368.02
1784546887196,6,129.491410228723,372.858249893343,132.397,368.069
1784546887296,6,130.002287295479,372.989540670614,132.807,368.118
1784546887396,6,130.508619318917,373.118703162347,133.217,368.168
1784546887496,6,131.010070094658,373.245756137785,133.627,368.217
1784546887596,6,131.506301875963,373.370713628215,134.038,368.267
1784546887696,6,131.996973026992,373.493584998724,134.448,368.316
1784546887796,6,132.481735703464,373.614375707774,134.858,368.365
1784546887896,6,132.960234421608,373.733092026557,135.268,368.415
1784546887996,6,133.432107249378,373.849740023856,135.678,368.464
1784546888096,6,133.896984436279,373.96431795992,136.089,368.514
1784546888196,6,134.354488060404,374.07681343078,136.499,368.563
1784546888296,6,134.804238609586,374.187196230658,136.909,368.612
1784546888396,6,135.245863823483,374.295397843206,137.319,368.662
1784546888496,6,135.679012683163,374.401296166972,137.729,368.711
1784546888596,6,136.103357054298,374.504714928438,138.14,368.761
1784546888696,6,136.518586980027,374.605442797867,138.55,368.81
1784546888796,6,136.924398167297,374.703270880644,138.96,368.859
1784546888896,6,137.320486363647,374.798006244245,139.37,368.909
1784546888996,6,137.70654124377,374.889493663822,139.78,368.958
1784546889096,6,138.082243490108,374.977626410882,140.191,369.007
1784546889196,6,138.44726797872,375.062333399296,140.601,369.057
1784546889296,6,138.801297321596,375.143537833934,141.011,369.106
1784546889396,6,139.144007448248,375.221195206433,141.421,369.156
1784546889496,6,139.475065709075,375.295301631189,141.831,369.205
1784546889596,6,139.794131214979,375.365892348976,142.242,369.254
1784546889696,6,140.100853549396,375.433041507283,142.652,369.304
1784546889796,6,140.394875619572,375.496851997789,143.062,369.353
1784546889896,6,140.675849629928,375.55741511749,143.472,369.403
1784546889996,6,140.94344453688,375.614790573795,143.882,369.452
1784546890096,6,141.197362675128,375.668967592125,144.293,369.501
1784546890196,6,141.437338407581,375.719871571894,144.703,369.551
1784546890296,6,141.663117212699,375.767428445339,145.113,369.6
1784546890396,6,141.874446696909,375.811583370355,145.523,369.65
1784546890496,6,142.071078139651,375.852298378909,145.933,369.699
1784546890596,6,142.252763679438,375.889559469152,146.344,369.748
1784546890696,6,142.419253440543,375.923394291057,146.754,369.798
1784546890796,6,142.570298480999,375.953871399816,147.164,369.847
1784546890896,6,142.705660015025,375.981083032633,147.574,369.897
1784546890996,6,142.825111825413,376.005145110701,147.984,369.946
1784546891096,6,142.928441390005,376.026192317501,148.395,369.995
1784546891196,6,143.015454614531,376.044364412608,148.805,370.045
1784546891296,6,143.085989696726,376.059771559476,149.215,370.094
1784546891396,6,143.139901259117,376.072538875545,149.625,370.144
1784546891496,6,143.17705496606,376.082828743872,150.035,370.193
1784546891596,6,143.197332170359,376.090833908967,150.446,370.242
1784546891696,6,143.200644790012,376.096752831807,150.856,370.292
1784546891796,6,143.186923763645,376.100821979359,151.266,370.341
1784546891896,6,143.156123618084,376.103308421743,150.947,370.386
1784546891996,6,143.108235856365,376.104473482633,150.475,370.43
1784546892096,6,143.043290359788,376.104561770613,150.004,370.473
1784546892196,6,142.961348858527,376.103791221071,149.533,370.517
1784546892296,6,142.862503582815,376.102350577647,149.062,370.561
1784546892396,6,142.746877624961,376.100398178,148.591,370.605
1784546892496,6,142.614625115654,376.098058432677,148.12,370.649
1784546892596,6,142.465930840742,376.095425793544,147.649,370.693
1784546892696,6,142.30101108813,376.092562505065,147.178,370.736
1784546892796,6,142.120116261675,376.089485027078,146.707,370.78
1784546892896,6,141.923531415971,376.086163396415,146.236,370.824
1784546892996,6,141.711574221632,376.082529226043,145.765,370.868
1784546893096,6,141.484595492632,376.078470164668,145.294,370.912
1784546893196,6,141.24297716802,376.073841047587,144.823,370.955
1784546893296,6,140.987122274397,376.068479925273,144.351,370.999
1784546893396,6,140.717451303652,376.062219596601,143.88,371.043
1784546893496,6,140.434399607751,376.054889823835,143.409,371.087
1784546893596,6,140.138417777945,376.046317372445,142.938,371.131
1784546893696,6,139.82997144669,376.036324033993,142.467,371.174
1784546893796,6,139.509536572671,376.024718620891,141.996,371.218
1784546893896,6,139.17759728284,376.011297739732,141.525,371.262
1784546893996,6,138.834638431966,375.995860716612,141.054,371.306
1784546894096,6,138.481141797419,375.978228807646,140.583,371.35
1784546894196,6,138.117583874218,375.958251564221,140.112,371.394
1784546894296,6,137.744435772988,375.935813792901,139.641,371.437
1784546894396,6,137.362160715831,375.910861811432,139.17,371.481
1784546894496,6,136.971213304099,375.883406778811,138.698,371.525
1784546894596,6,136.572040476982,375.853495161446,138.227,371.569
1784546894696,6,136.165080956046,375.821204596663,137.756,371.613
1784546894796,6,135.750764772035,375.786677676553,137.285,371.656
1784546894896,6,135.329514139408,375.750122259201,136.814,371.7
1784546894996,6,134.901745493351,375.711782318834,136.343,371.744
1784546895096,6,134.467863952952,375.671953153994,135.872,371.788
1784546895196,6,134.02826254012,375.630981189749,135.401,371.832
1784546895296,6,133.583322489035,375.589237151935,134.93,371.875
1784546895396,6,133.133414496562,375.547098972109,134.459,371.919
1784546895496,6,132.678897710151,375.504945841437,133.988,371.963
1784546895596,6,132.22011409204,375.46315382109,133.517,372.007
1784546895696,6,131.75738638714,375.422081425343,133.046,372.051
1784546895796,6,131.291018844333,375.382065256521,132.574,372.095
1784546895896,6,130.821296111969,375.34342133127,132.103,372.138
1784546895996,6,130.348484567107,375.306445999653,131.632,372.182
1784546896096,6,129.872833734221,375.271419121485,131.161,372.226
1784546896196,6,129.394574914825,375.238608380265,130.69,372.27
1784546896296,6,128.913919815279,375.208274414285,130.219,372.314
1784546896396,6,128.431058825676,375.180676808242,129.748,372.357
1784546896496,6,127.94616239942,375.156075523626,129.277,372.401
1784546896596,6,127.459383890646,375.134729451067,128.806,372.445
1784546896696,6,126.970864211028,375.116889392426,128.335,372.489
1784546896796,6,126.480734691228,375.102793263805,127.864,372.533
1784546896896,6,125.989119077617,375.092664075332,127.393,372.576
1784546896996,6,125.496133869297,375.086708576371,126.922,372.62
1784546897096,6,125.001886831842,375.085113223014,126.45,372.664
1784546897196,6,124.506477424666,375.088043032279,125.979,372.708
1784546897296,6,124.009997846399,375.095642330899,125.508,372.752
1784546897396,6,123.512533594715,375.108036360311,125.037,372.796
1784546897496,6,123.014164561503,375.125329937003,124.566,372.839
1784546897596,6,122.514967090698,375.147609267511,124.095,372.883
1784546897696,6,122.015015796831,375.174942081037,123.624,372.927
1784546897796,6,121.514383540075,375.207376276176,123.153,372.971
1784546897896,6,121.013142527732,375.244939415647,122.682,373.015
1784546897996,6,120.511363679045,375.287638521299,122.211,373.058
1784546898096,6,120.009114280048,375.335459254697,121.74,373.102
1784546898196,6,119.50645514516,375.388365987306,121.274,373.232
1784546898296,6,119.00344097167,375.446301131588,120.815,373.482
1784546898396,6,118.500122029738,375.509185279337,120.356,373.732
1784546898496,6,117.996545956816,375.576919223971,119.897,373.981
1784546898596,6,117.49275848193,375.649384802888,119.438,374.231
1784546898696,6,116.988804457408,375.72644572339,118.979,374.481
1784546898796,6,116.484726850949,375.807950824581,118.52,374.731
1784546898896,6,115.980567974512,375.893736366005,118.062,374.98
1784546898996,6,115.47637084461,375.983626171404,117.603,375.23
1784546899096,6,114.972178681814,376.077430952547,117.144,375.48
1784546899196,6,114.468032414369,376.174946524723,116.685,375.73
1784546899296,6,113.963969836124,376.275953042033,116.226,375.979
1784546899396,6,113.460026265932,376.380214512621,115.767,376.229
1784546899496,6,112.956234661609,376.48747821008,115.308,376.479
1784546899596,6,112.452627454621,376.597475115263,114.849,376.729
1784546899696,6,111.94923891891,376.709923226219,114.391,376.978
1784546899796,6,111.446107461952,376.824529413993,113.932,377.228
1784546899896,6,110.943276252667,376.940994140334,113.473,377.478
1784546899996,6,110.44078851081,377.059012522566,113.014,377.728
1784546900096,6,109.938685865022,377.17827459223,112.555,377.977
1784546900196,6,109.437007741684,377.298463649504,112.096,378.227
1784546900296,6,108.93579252646,377.419255538472,111.637,378.477
1784546900396,6,108.435078700229,377.540317335833,111.178,378.727
1784546900496,6,107.934906690726,377.66130444192,110.72,378.976
1784546900596,6,107.435319628947,377.781860270629,110.261,379.226
1784546900696,6,106.936362712645,377.901620089574,109.802,379.476
1784546900796,6,106.438083986319,378.020219343995,109.343,379.726
1784546900896,6,105.940532287263,378.137297448667,108.884,379.975
1784546900996,6,105.443755285195,378.25249753813,108.425,380.225
1784546901096,6,104.947800288372,378.365464895467,107.966,380.475
1784546901196,6,104.452715291034,378.475847111003,107.507,380.725
1784546901296,6,103.95855078144,378.583292523999,107.049,380.974
1784546901396,6,103.465361036376,378.687449372554,106.59,381.224
1784546901496,6,102.973204587808,378.78796584586,106.131,381.474
1784546901596,6,102.482144463002,378.884491806065,105.672,381.724
1784546901696,6,101.992245660355,378.976680276869,105.213,381.973
1784546901796,6,101.503574974983,379.064192608359,104.754,382.223
1784546901896,6,101.016201328014,379.146699478648,104.295,382.473
1784546901996,6,100.530197692536,379.223880538497,103.837,382.723
1784546902096,6,100.045642962389,379.295424516348,103.378,382.973
1784546902196,6,99.562621109426,379.361030548481,102.919,383.222
1784546902296,6,99.0812214661719,379.420406851022,102.46,383.472
1784546902396,6,98.6015375013128,379.47327201437,102.001,383.722
1784546902496,6,98.1236659367259,379.519355423501,101.542,383.972
1784546902596,6,97.6477064407118,379.558397516307,101.083,384.221
1784546902696,6,97.1737630817833,379.590150077285,100.624,384.471
1784546902796,6,96.7019453836393,379.614377603497,100.166,384.721
1784546902896,6,96.2323693944944,379.63085980063,99.7066,384.971
1784546902996,6,95.7651568373631,379.639389843678,99.2478,385.22
1784546903096,6,95.3004340260245,379.639776795333,98.7889,385.47
1784546903196,6,94.8383325806574,379.631846599655,98.33,385.72
1784546903296,6,94.3789890495867,379.615442159222,97.8712,385.97
1784546903396,6,93.9225427898651,379.590424315842,97.4123,386.219
1784546903496,6,93.4691355634495,379.55667528702,96.9534,386.469
1784546903596,6,93.0189127505258,379.514102475605,96.4945,386.719
1784546903696,6,92.572024285822,379.462641811212,96.0357,386.969
1784546903796,6,92.128624746395,379.402258812191,95.5768,387.218
1784546903896,6,91.6888735933703,379.332948995924,95.1179,387.468
1784546903996,6,91.2529365512159,379.254738095039,94.5671,387.077
1784546904096,6,90.82098619635,379.167681598901,94.0159,386.683
1784546904196,6,90.3932021132931,379.071861782362,93.4646,386.289
1784546904296,6,89.9697707745545,378.967387682452,92.9134,385.895
1784546904396,6,89.5508805890637,378.854397759291,92.3621,385.501
1784546904496,6,89.1367212306849,378.733059152661,91.8109,385.107
1784546904596,6,88.7274836793927,378.603560838734,91.2596,384.712
1784546904696,6,88.3233616767342,378.466111863343,90.7083,384.318
1784546904796,6,87.9245531998189,378.32093945816,90.1571,383.924
1784546904896,6,87.5312586801814,378.168287230925,89.6058,383.53
1784546904996,6,87.1436752528972,378.008416581746,89.0546,383.136
1784546905096,6,86.7619968420871,377.841607884362,88.5033,382.742
1784546905196,6,86.3864159447862,377.668162301206,87.9521,382.348
1784546905296,6,86.0171242681434,377.488404219151,87.4008,381.954
1784546905396,6,85.6543100055609,377.302682353033,86.8496,381.559
1784546905496,6,85.2981596365008,377.111370435614,86.2983,381.165
1784546905596,6,84.9488581939399,376.914867680119,85.7471,380.771
1784546905696,6,84.6065902160991,376.713598749089,85.1958,380.377
1784546905796,6,84.2715415271916,376.508012174431,84.6445,379.983
1784546905896,6,83.9438991541829,376.29857808508,84.0933,379.589
1784546905996,6,83.6238470366223,376.085783319195,83.542,379.195
1784546906096,6,83.3115658595823,375.870125684126,82.9908,378.801
1784546906196,6,83.0072337356226,375.652112063601,82.4395,378.407
1784546906296,6,82.7110235590852,375.432259063659,81.8883,378.012
1784546906396,6,82.4230991449171,375.211094679345,81.337,377.618
1784546906496,6,82.1436149779401,374.989161982361,80.7858,377.224
1784546906596,6,81.872715240127,374.76702081075,80.2345,376.83
1784546906696,6,81.6105329260729,374.545246526529,79.6833,376.436
1784546906796,6,81.3571884755231,374.324423037165,79.132,376.042
1784546906896,6,81.1127885929779,374.10514191272,78.5807,375.648
1784546906996,6,80.8774244637469,373.888003346673,78.0295,375.254
1784546907096,6,80.6511722199144,373.673615755136,77.4782,374.859
1784546907196,6,80.434093539507,373.462593831077,76.927,374.465
1784546907296,6,80.226233560991,373.25556524665,76.3757,374.071
1784546907396,6,80.0276174494763,373.053162623231,75.8245,373.677
1784546907496,6,79.8382539135478,372.856005715149,75.2732,373.283
1784546907596,6,79.6581319987602,372.664707144993,74.722,372.889
1784546907696,6,79.4872199209562,372.479875670282,74.1707,372.495
1784546907796,6,79.3254652313215,372.3021145598,73.6195,372.101
1784546907896,6,79.1727921341962,372.132015160813,73.0682,371.706
1784546907996,6,79.0290975034035,371.97016258524,72.5169,371.312
1784546908096,6,78.8942555456575,371.817124959262,71.9657,370.918
1784546908196,6,78.7681187936172,371.673435429301,71.4144,370.524
1784546908296,6,78.6505184354888,371.53958838596,70.8632,370.13
1784546908396,6,78.5412649721598,371.416039850228,70.8632,370.384
1784546908496,6,78.4401479152334,371.303210025823,71.0727,370.885
1784546908596,6,78.3469327028848,371.201491775251,71.2822,371.386
1784546908696,6,78.2613606630086,371.111252069152,71.4918,371.887
1784546908796,6,78.1831507466961,371.032829294424,71.7013,372.389
1784546908896,6,78.1119990275144,370.966536640472,71.9108,372.89
1784546908996,6,78.0475787791215,370.912665734273,72.1204,373.391
1784546909096,6,77.9895399064582,370.871497048855,72.3299,373.892
1784546909196,6,77.9375051742324,370.843307154854,72.5395,374.393
1784546909296,6,77.8910681234809,370.828374197136,72.749,374.894
1784546909396,6,77.8497930066919,370.826984858522,72.9585,375.395
1784546909496,6,77.8132161152619,370.839436089061,73.1681,375.896
1784546909596,6,77.780854370794,370.866021933236,73.3776,376.397
1784546909696,6,77.7522226832466,370.906980942419,73.5871,376.898
1784546909796,6,77.7268382188254,370.962482970782,73.7967,377.399
1784546909896,6,77.7042226746734,371.032628815459,74.0062,377.9
1784546909996,6,77.6839073785858,371.11745345257,74.2157,378.401
1784546910096,6,77.6654337354931,371.216937725043,74.4253,378.902
1784546910196,6,77.648349624545,371.331013668536,74.6348,379.403
1784546910296,6,77.6322085508347,371.459572153242,74.8444,379.904
1784546910396,6,77.6165696967628,371.602464312183,75.0539,380.405
1784546910496,6,77.6009967888462,371.759501695483,75.2634,380.906
1784546910596,6,77.585054629556,371.930455148688,75.473,381.407
1784546910696,6,77.5683142361468,372.115044129658,75.6825,381.908
1784546910796,6,77.5503544970049,372.312934287071,75.892,382.409
1784546910896,6,77.530762759274,372.523740583933,76.1016,382.91
1784546910996,6,77.5091381753623,372.747027310334,76.3111,383.411
1784546911096,6,77.485096222894,372.982307560057,76.5206,383.912
1784546911196,6,77.4582672493946,373.229044660637,76.7302,384.413
1784546911296,6,77.4282959710305,373.486656015178,76.9397,384.914
1784546911396,6,77.3948413997663,373.754515901265,77.1493,385.415
1784546911496,6,77.3575749465626,374.031963487929,77.3588,385.916
1784546911596,6,77.3161758100101,374.318325402842,77.5683,386.417
1784546911696,6,77.2703284508627,374.612941774666,77.7779,386.918
1784546911796,6,77.2197215638392,374.915170683945,77.9874,387.419
1784546911896,6,77.1640480848124,375.224386901334,78.1969,387.921
1784546911996,6,77.1030052244702,375.539980935059,78.4065,388.422
1784546912096,6,77.0362946499115,375.861356386459,78.616,388.923
1784546912196,6,76.9636252283616,376.187918743733,78.8256,389.424
1784546912296,6,76.8847230975201,376.519048632383,79.0351,389.925
1784546912396,6,76.7993344455029,376.854094511232,79.2446,390.426
1784546912496,6,76.7072246813016,377.192377392537,79.4542,390.927
1784546912596,6,76.6081745335296,377.533213623636,79.6637,391.428
1784546912696,6,76.5019791789692,377.875923279802,79.8732,391.929
1784546912796,6,76.388448057766,378.21984389438,80.0828,392.43
1784546912896,6,76.2674060882777,378.564333422162,80.2923,392.931
1784546912996,6,76.1386946043726,378.908771461343,80.5018,393.432
1784546913096,6,76.002171971102,379.252558249627,80.7114,393.933
1784546913196,6,75.8577154092436,379.59511239159,80.9209,394.434
1784546913296,6,75.7052269613139,379.935867076633,81.1305,394.935
1784546913396,6,75.5446372479358,380.274271965448,81.34,395.436
1784546913496,6,75.3759066388415,380.609797083819,81.5495,395.937
1784546913596,6,75.1990260043754,380.941932522681,81.7591,396.438
1784546913696,6,75.0140189046743,381.270186834015,81.9686,396.939
1784546913796,6,74.8209475445861,381.594083621647,82.1781,397.44
1784546913896,6,74.6199147953542,381.913148351109,81.9964,397.546
1784546913996,6,74.4110714966029,382.22688588087,81.3981,397.231
1784546914096,6,74.1946179837335,382.534775950115,80.7997,396.917
1784546914196,6,73.9707997416635,382.836281425579,80.2014,396.602
1784546914296,6,73.7399057650378,383.130856364989,79.6031,396.287
1784546914396,6,73.5022674140289,383.417948186136,79.0047,395.972
1784546914496,6,73.2582510183924,383.697006037209,78.4064,395.657
1784546914596,6,73.0082529607418,383.967492494981,77.8081,395.343
1784546914696,6,72.7526960301747,384.228887356718,77.2098,395.028
1784546914796,6,72.492026176926,384.480692465256,76.6114,394.713
1784546914896,6,72.2267117138351,384.722446509053,76.0131,394.398
1784546914996,6,71.9572417336778,384.953727943211,75.4148,394.084
1784546915096,6,71.6841236609894,385.174154090758,74.8165,393.769
1784546915196,6,71.4078807184199,385.383379882669,74.2181,393.454
1784546915296,6,71.1290506938022,385.581096358963,73.6198,393.139
1784546915396,6,70.8481813297315,385.767029851126,73.0215,392.825
1784546915496,6,70.5658296202886,385.940940010825,72.4231,392.51
1784546915596,6,70.2825613463359,386.102618420521,71.8248,392.195
1784546915696,6,69.9989476346042,386.251887939834,71.2265,391.88
1784546915796,6,69.7155642046431,386.388603142413,70.6282,391.566
1784546915896,6,69.4329910615514,386.512650016777,70.0298,391.251
1784546915996,6,69.1518102806984,386.623946153445,69.4315,390.936
1784546916096,6,68.872605156681,386.722443875895,68.8332,390.621
1784546916196,6,68.5959592924034,386.808129299931,68.2349,390.307
1784546916296,6,68.3224508212806,386.881015523295,67.6365,389.992
1784546916396,6,68.052651850347,386.941139553993,67.0382,389.677
1784546916496,6,67.7871290155547,386.988562336856,66.4399,389.362
1784546916596,6,67.5264430812625,387.02336723368,65.8415,389.048
1784546916696,6,67.2711487755867,387.04565498388,65.2432,388.733
1784546916796,6,67.021791452128,387.055531803706,64.6449,388.418
1784546916896,6,66.7789038718996,387.053105982759,64.0466,388.103
1784546916996,6,66.5430053641299,387.038485775413,63.4482,387.788
1784546917096,6,66.3146002464426,387.011778923382,62.8499,387.474
1784546917196,6,66.0941759920475,386.973092963414,62.2516,387.159
1784546917296,6,65.8822012858774,386.922535213654,61.6533,386.844
1784546917396,6,65.6791230330466,386.860212330436,61.0549,386.529
1784546917496,6,65.4853638854703,386.786230581911,60.4566,386.215
1784546917596,6,65.3013222139647,386.700694469692,59.8583,385.9
1784546917696,6,65.1273712661074,386.603709549633,59.2599,385.585
1784546917796,6,64.9638559441923,386.495394401049,58.6616,385.27
1784546917896,6,64.8110893292562,386.375881875411,58.0633,384.956
1784546917996,6,64.669351748361,386.2453139446,57.465,384.641
1784546918096,6,64.5388876434447,386.10385030803,56.8666,384.326
1784546918196,6,64.4199023339179,385.951669076796,56.2683,384.011
1784546918296,6,64.3125634009199,385.788961072803,55.777,383.7
1784546918396,6,64.2169928774489,385.615943773574,56.1495,383.418
1784546918496,6,64.1332653673262,385.432861286382,56.522,383.136
1784546918596,6,64.0614089451298,385.239964465353,56.8945,382.854
1784546918696,6,64.0014075470617,385.037506516843,57.267,382.572
1784546918796,6,63.9532018097218,384.825743840673,57.6395,382.29
1784546918896,6,63.9166891238616,384.604938097666,58.012,382.008
1784546918996,6,63.8917227595923,384.375362264159,58.3845,381.726
1784546919096,6,63.8781117678595,384.137303077414,58.757,381.444
1784546919196,6,63.8756211069632,383.891062553173,59.1295,381.162
1784546919296,6,63.8839723846937,383.636960405681,59.502,380.88
1784546919396,6,63.9028488803455,383.375332036695,59.8745,380.598
1784546919496,6,63.9319052279858,383.106521821045,60.247,380.316
1784546919596,6,63.9707672325938,382.830886590585,60.6195,380.034
1784546919696,6,64.0190185047795,382.548818536634,60.992,379.752
1784546919796,6,64.0761786083974,382.260787019922,61.3645,379.471
1784546919896,6,64.1417014306411,381.967374471227,61.737,379.189
1784546919996,6,64.2150271671675,381.669188701887,62.1095,378.907
1784546920096,6,64.2955960136335,381.366837523238,62.482,378.625
1784546920196,6,64.3828481656958,381.06092874662,62.8545,378.343
1784546920296,6,64.4762238190116,380.752070183368,63.227,378.061
1784546920396,6,64.5751531566376,380.440879631082,63.5995,377.779
1784546920496,6,64.6790176759314,380.128020929804,63.9721,377.497
1784546920596,6,64.7871473102918,379.814197019784,64.3446,377.215
1784546920696,6,64.8988344857655,379.500135879755,64.7171,376.933
1784546920796,6,65.0133606661384,379.186569717804,65.0896,376.651
1784546920896,6,65.1300034121167,378.8742271267,65.4621,376.369
1784546920996,6,65.2480367560404,378.563830534602,65.8346,376.087
1784546921096,6,65.3667309676645,378.256093625513,66.2071,375.805
1784546921196,6,65.4853527010558,377.951721226117,66.5796,375.523
1784546921296,6,65.6031664237468,377.651409731048,66.9521,375.241
1784546921396,6,65.719436568897,377.35584710222,67.3246,374.959
1784546921496,6,65.8334286993703,377.065709202895,67.6971,374.677
1784546921596,6,65.9444116195797,376.78165793661,68.0696,374.395
1784546921696,6,66.0516593604193,376.504342725815,68.4421,374.113
1784546921796,6,66.1544551040301,376.234404125763,68.8146,373.831
1784546921896,6,66.2520920973629,375.972476830835,69.1871,373.549
1784546921996,6,66.343873290312,375.719191194409,69.5596,373.267
1784546922096,6,66.429110847421,375.475170451237,69.9321,372.985
1784546922196,6,66.507126563713,375.241014663804,70.3046,372.703
1784546922296,6,66.5772551552225,375.0172929329,70.6771,372.421
1784546922396,6,66.6388452637784,374.804540913621,71.0496,372.139
1784546922496,6,66.6912606331917,374.603260517514,71.4221,371.857
1784546922596,6,66.7338803212751,374.413919993137,71.7946,371.575
1784546922696,6,66.7660987622492,374.236955219319,72.1671,371.293
1784546922796,6,66.7873264146274,374.072769683468,72.5396,371.011
1784546922896,6,66.7969903552026,373.921733616671,72.9121,370.729
1784546922996,6,66.7945364409339,373.784177785776,73.2846,370.447
1784546923096,6,66.7794302012186,373.660391711199,73.6571,370.165
1784546923196,6,66.7511591890091,373.550625234904,74.0296,369.883
1784546923296,6,66.7092348453093,373.455094919381,74.4021,369.601
1784546923396,6,66.6531964501535,373.373985851791,74.7746,369.319
1784546923496,6,66.5826143972802,373.307449550459,75.1472,369.037
1784546923596,6,66.4970944562739,373.255593089386,75.5197,368.755
1784546923696,6,66.3962838093722,373.218474810482,75.8922,368.473
1784546923796,6,66.2798729409998,373.196103803737,76.2647,368.191
1784546923896,6,66.1475961563495,373.188440749619,76.6372,367.909
1784546923996,6,65.9992321097321,373.195397029762,77.0097,367.627
1784546924096,6,65.8346049517222,373.216833843272,77.3822,367.345
1784546924196,6,65.6535864181482,373.2525605704,77.7547,367.063
1784546924296,6,65.4560980663099,373.302333551021,78.1272,366.781
1784546924396,6,65.2421188677309,373.365851770723,78.4997,366.499
1784546924496,6,65.0116947094657,373.442753448868,78.8722,366.217
1784546924596,6,64.7649409381039,373.532614431175,79.2447,365.936
1784546924696,6,64.5020434543266,373.634945129726,79.6172,365.654
1784546924796,6,64.2232599760846,373.749189387971,79.1809,365.562
1784546924896,6,63.9289214464452,373.874722896238,78.652,365.492
1784546924996,6,63.6194319119243,374.010852168468,78.123,365.422
1784546925096,6,63.295264466207,374.156816502889,77.5941,365.352
1784546925196,6,62.9569603793073,374.311788152326,77.0651,365.282
1784546925296,6,62.6051255854844,374.47487101099,76.5362,365.212
1784546925396,6,62.2404284522528,374.645104077272,76.0072,365.143
1784546925496,6,61.8635851344746,374.821477320628,75.4782,365.073
1784546925596,6,61.4753107443289,375.00299299966,74.9493,365.003
1784546925696,6,61.0763085759524,375.188680662314,74.4203,364.933
1784546925796,6,60.6672716598568,375.377595027439,73.8914,364.863
1784546925896,6,60.2488854215105,375.568809054716,73.3624,364.793
1784546925996,6,59.8218319805437,375.761406245777,72.8335,364.723
1784546926096,6,59.3867915182529,375.954474510366,72.3045,364.653
1784546926196,6,58.9444383773591,376.147104090394,71.7755,364.584
1784546926296,6,58.4954363957632,376.338385788509,71.2466,364.514
1784546926396,6,58.0404371126521,376.527409827766,70.7176,364.444
1784546926496,6,57.5800795400979,376.713265021862,70.1887,364.374
1784546926596,6,57.1149911329634,376.895043467492,69.6597,364.304
1784546926696,6,56.6457844337881,377.071864491283,69.1307,364.234
1784546926796,6,56.1730470588706,377.242890817304,68.6018,364.164
1784546926896,6,55.6973387085597,377.407332846511,68.0728,364.094
1784546926996,6,55.2191919273058,377.564447175033,67.5439,364.025
1784546927096,6,54.7391122340354,377.713534894332,67.0149,363.955
1784546927196,6,54.2575834763006,377.853939873524,66.486,363.885
1784546927296,6,53.7750750220336,377.98504841281,65.957,363.815
1784546927396,6,53.2920429136109,378.106288665266,65.428,363.745
1784546927496,6,52.8089225097965,378.217130255794,64.8991,363.675
1784546927596,6,52.3261255394635,378.317084375379,64.3701,363.605
1784546927696,6,51.8440395973772,378.405708035435,63.8412,363.535
1784546927796,6,51.3630257702956,378.482606728185,63.3122,363.466
1784546927896,6,50.8834121815002,378.547435972345,62.7832,363.396
1784546927996,6,50.4054943195475,378.59990177049,62.2543,363.326
1784546928096,6,49.9295381425458,378.639757789257,61.7253,363.256
1784546928196,6,49.4557868441388,378.66679294946,61.1964,363.186
1784546928296,6,48.9844644207132,378.680826837137,60.6674,363.116
1784546928396,6,48.5157781891226,378.681709110965,60.1385,363.046
1784546928496,6,48.0499210414982,378.669320029419,59.6095,362.976
1784546928596,6,47.5870694046025,378.643574782125,59.0805,362.907
1784546928696,6,47.1273699477248,378.60443168357,58.5516,362.837
1784546928796,6,46.6709355804573,378.551898611061,58.0226,362.767
1784546928896,6,46.2178468240827,378.486034857087,57.4937,362.697
1784546928996,6,45.768155579041,378.406946451411,56.9647,362.627
1784546929096,6,45.321894786142,378.314765700569,56.4357,362.557
1784546929196,6,44.8790856471487,378.209645740008,55.9068,362.487
1784546929296,6,44.4397405615542,378.091757981924,55.3778,362.417
1784546929396,6,44.0038650091944,377.961287025223,54.8489,362.348
1784546929496,6,43.5714590970651,377.818429996526,54.3199,362.278
1784546929596,6,43.1425191227485,377.663397631197,53.791,362.208
1784546929696,6,42.7170384302034,377.496412598053,53.262,362.138
1784546929796,6,42.2950090631594,377.317704818964,52.733,362.068
1784546929896,6,41.8764183434772,377.127514843755,52.2041,361.998
1784546929996,6,41.4612520769687,376.926082779783,51.6751,361.928
1784546930096,6,41.0495076479661,376.713644467083,51.1462,361.858
1784546930196,6,40.6411975044009,376.490430510953,50.6172,361.789
1784546930296,6,40.2363461453175,376.256668412291,50.0883,361.719
1784546930396,6,39.8349907874881,376.012581818027,49.5756,361.655
1784546930496,6,39.4371827243824,375.75839104013,49.0711,361.593
1784546930596,6,39.042986843287,375.494316481979,48.5665,361.532
1784546930696,6,38.6524803954091,375.220590388588,48.0619,361.471
1784546930796,6,38.2657473029633,374.937464663039,47.5574,361.409
1784546930896,6,37.8828757552491,374.645219995021,47.0528,361.348
1784546930996,6,37.5039526139287,374.344193935229,46.5482,361.287
1784546931096,6,37.1290559149517,374.034780285156,46.0436,361.225
1784546931196,6,36.75825532322,373.717395168157,45.5391,361.164
1784546931296,6,36.3916164133333,373.392462417702,45.0345,361.103
1784546931396,6,36.0292007160789,373.060420739493,44.5299,361.041
1784546931496,6,35.6710700196567,372.721716819826,44.0254,360.98
1784546931596,6,35.317288292336,372.376802546112,43.5208,360.919
1784546931696,6,34.9679193375639,372.026141501569,43.0162,360.857
1784546931796,6,34.6230233459962,371.670242251472,42.5117,360.796
1784546931896,6,34.2826629833773,371.309623222897,42.0071,360.735
1784546931996,6,33.9469094786209,370.94479448178,41.5025,360.674
1784546932096,6,33.6158561133877,370.576228217956,40.9979,360.612
1784546932196,6,33.2896226882661,370.204352752675,40.4934,360.551
1784546932296,6,32.9683572175991,369.829551448066,39.9888,360.49
1784546932396,6,32.6522371583038,369.452157020571,39.4842,360.428
1784546932496,6,32.3414705520976,369.072448040872,38.9797,360.367
1784546932596,6,32.0362950912342,368.690649384323,38.4751,360.306
1784546932696,6,31.7369738378024,368.306934680779,37.9705,360.244
1784546932796,6,31.4437929011198,367.921426527988,37.466,360.183
1784546932896,6,31.1570593396809,367.534192834545,36.9614,360.122
1784546932996,6,30.8771014253683,367.145236938003,36.4568,360.06
1784546933096,6,30.6042696086851,366.754496800275,35.9522,359.999
1784546933196,6,30.3389351805419,366.361849480739,35.4477,359.938
1784546933296,6,30.0814831086538,365.967125917894,34.9431,359.876
1784546933396,6,29.8322951788721,365.570133673093,34.4385,359.815
1784546933496,6,29.5917454847264,365.170674473066,33.934,359.754
1784546933596,6,29.3601945845836,364.768588593679,33.4294,359.692
1784546933696,6,29.1379851936481,364.363759208507,32.9248,359.631
1784546933796,6,28.9254418665301,363.95611046094,32.4202,359.57
1784546933896,6,28.7228697927478,363.545610036996,31.9157,359.509
1784546933996,6,28.5305540724537,363.132272773465,31.4111,359.447
1784546934096,6,28.3487569433972,362.716158611495,30.9065,359.386
1784546934196,6,28.1777175294606,362.297366041827,30.402,359.325
1784546934296,6,28.017652623452,361.87603053943,29.8974,359.263
1784546934396,6,27.868757488197,361.452319628838,29.3928,359.202
1784546934496,6,27.7312067252417,361.026431059747,28.8883,359.141
1784546934596,6,27.6051555552943,360.598590455329,28.3837,359.079
1784546934696,6,27.4907441432477,360.169035737502,27.8791,359.018
1784546934796,6,27.3881017128338,359.738008208486,27.3745,358.957
1784546934896,6,27.2973477248929,359.305747083505,26.87,358.895
1784546934996,6,27.2185915420834,358.872479367975,26.3654,358.834
1784546935096,6,27.1519298385915,358.438423933217,25.8608,358.773
1784546935196,6,27.0974444636104,358.003794845348,25.3563,358.711
1784546935296,6,27.0551992537142,357.568803245406,24.8517,358.65
1784546935396,6,27.0252381614192,357.133659222773,24.3471,358.589
1784546935496,6,27.0075854301562,356.6985709474,23.8426,358.528
1784546935596,6,27.0022471502519,356.263735274466,23.338,358.466
1784546935696,6,27.0092117840897,355.829335637069,22.8334,358.405
1784546935796,6,27.0284502440917,355.395539094463,22.3288,358.344
1784546935896,6,27.0599156166521,354.96249732185,21.8243,358.282
1784546935996,6,27.1035419849077,354.530354203669,21.3197,358.221
1784546936096,6,27.1592430913034,354.099249481561,20.8151,358.16
1784546936196,6,27.2269108364253,353.669316737803,20.3106,358.098
1784546936296,6,27.3064148735585,353.240684405333,20.4409,357.842
1784546936396,6,27.3976026826802,352.813475176973,20.916,357.48
1784546936496,6,27.5002994188173,352.387797619098,21.3911,357.117
1784546936596,6,27.6143089032253,351.963744782668,21.8663,356.755
1784546936696,6,27.7394174943716,351.541392641789,22.3414,356.393
1784546936796,6,27.8753999118793,351.12080003718,22.8166,356.03
1784546936896,6,28.0220179831374,350.702014664806,23.2917,355.668
1784546936996,6,28.179011732698,350.285090340385,23.7668,355.306
1784546937096,6,28.3460962950752,349.870089303377,24.242,354.944
1784546937196,6,28.5229610099544,349.457083306641,24.7171,354.581
1784546937296,6,28.7092700112337,349.046153151437,25.1923,354.219
1784546937396,6,28.9046664896551,348.637381653315,25.6674,353.857
1784546937496,6,29.1087745428015,348.230853342655,26.1426,353.494
1784546937596,6,29.3212054523246,347.826653581178,26.6177,353.132
1784546937696,6,29.5415642363379,347.424857383178,27.0928,352.77
1784546937796,6,29.7694517949022,347.025520853349,27.568,352.408
1784546937896,6,30.0044656064133,346.628680543263,28.0431,352.045
1784546937996,6,30.2462032318976,346.234355271074,28.5183,351.683
1784546938096,6,30.4942627240414,345.842548920033,28.9934,351.321
1784546938196,6,30.7482431309547,345.453256386101,29.4685,350.958
1784546938296,6,31.0077446098343,345.066466292203,29.9437,350.596
1784546938396,6,31.2723704992296,344.682161657737,30.4188,350.234
1784546938496,6,31.5417271921878,344.300317138528,30.894,349.871
1784546938596,6,31.8154229711201,343.920899589479,31.3691,349.509
1784546938696,6,32.093067120384,343.543869021618,31.8443,349.147
1784546938796,6,32.3742704958946,343.169177712808,32.3194,348.785
1784546938896,6,32.6586479469205,342.796771637943,32.7945,348.422
1784546938996,6,32.9458244313315,342.426591870368,33.2697,348.06
1784546939096,6,33.2354366198456,342.058574656545,33.7448,347.698
1784546939196,6,33.5271323674621,341.692653014992,34.22,347.335
1784546939296,6,33.8205712886755,341.328759619139,34.6951,346.973
1784546939396,6,34.1154248825961,340.966827090558,35.1702,346.611
1784546939496,6,34.4113754700593,340.606790823928,35.6454,346.248
1784546939596,6,34.7081142835458,340.248596998053,36.1205,345.886
1784546939696,6,35.0053424946001,339.892206294283,36.5957,345.524
1784546939796,6,35.3027705098616,339.537597600678,37.0708,345.162
1784546939896,6,35.6001165727402,339.18477042229,37.546,344.799
1784546939996,6,35.897106588079,338.833746597658,38.0211,344.437
1784546940096,6,36.1934781450568,338.484569618528,38.4962,344.075
1784546940196,6,36.4889826902625,338.137295974287,38.9714,343.712
1784546940296,6,36.7833866612213,337.791985162229,39.4465,343.35
1784546940396,6,37.0764741935971,337.448691525591,39.9217,342.988
1784546940496,6,37.3680527426462,337.107448676177,40.3968,342.626
1784546940596,6,37.6579622860238,336.768235514948,40.8719,342.263
1784546940696,6,37.9460765740353,336.430969495809,41.3471,341.901
1784546940796,6,38.2323018974542,336.095511273077,41.8222,341.539
1784546940896,6,38.5165740372773,335.761684730092,42.2974,341.176
1784546940996,6,38.7988525196475,335.429294565138,42.7725,340.814
1784546941096,6,39.0791183857359,335.098139499093,43.2477,340.452
1784546941196,6,39.3573729131338,334.768016223855,43.7228,340.089
1784546941296,6,39.6336366169812,334.438721374603,43.8365,340.041
1784546941396,6,39.9079494239373,334.110053510899,43.4897,340.392
1784546941496,6,40.1803697736232,333.781810648692,43.1429,340.743
1784546941596,6,40.4509733494717,333.453789206063,42.7961,341.095
1784546941696,6,40.7198517568846,333.125785088582,42.4493,341.446
1784546941796,6,40.9871109744487,332.797595103218,42.1025,341.797
1784546941896,6,41.252869810262,332.469017578326,41.7557,342.149
1784546941996,6,41.5172582264134,332.13985252223,41.4089,342.5
1784546942096,6,41.7804136263083,331.809910237495,41.0621,342.851
1784546942196,6,42.0424789587871,331.479014934643,40.7152,343.203
1784546942296,6,42.3036015551779,331.147005885679,40.3684,343.554
1784546942396,6,42.5639319304417,330.813738830314,40.0216,343.905
1784546942496,6,42.8236213045384,330.479088651313,39.6748,344.257
1784546942596,6,43.0828150493385,330.14295586854,39.328,344.608
1784546942696,6,43.3416501925034,329.805268918287,38.9812,344.959
1784546942796,6,43.6002542204995,329.465986136392,38.6344,345.31
1784546942896,6,43.8587424880116,329.12509926162,38.2876,345.662
1784546942996,6,44.1172109960042,328.782638718004,37.9408,346.013
1784546943096,6,44.3757320997189,328.438681458902,37.594,346.364
1784546943196,6,44.6343523742869,328.093356134152,37.2471,346.716
1784546943296,6,44.8930900723346,327.746844699268,36.9003,347.067
1784546943396,6,45.1519361548271,327.399381054178,36.5535,347.418
1784546943496,6,45.4108626134541,327.051227139518,36.2067,347.77
1784546943596,6,45.669842830673,326.702596518586,35.8599,348.121
1784546943696,6,45.9288515159828,326.353688560607,35.5131,348.472
1784546943796,6,46.1878670643677,326.004682401238,35.1663,348.824
1784546871496,7,478.677009571366,710.064350691782,479.296,709.06
1784546871596,7,478.4424931669,709.887745651115,479.055,708.869
1784546871696,7,478.206527736411,709.710041870543,478.814,708.678
1784546871796,7,477.969120209173,709.531231495903,478.573,708.487
1784546871896,7,477.730282344517,709.351304024119,478.332,708.296
1784546871996,7,477.490031789543,709.170245849662,478.091,708.105
1784546872096,7,477.248392878951,708.988039603459,477.85,707.914
1784546872196,7,477.005396015513,708.80466333076,477.609,707.723
1784546872296,7,476.761076561303,708.620092840588,477.368,707.532
1784546872396,7,476.515474717834,708.434303063281,477.127,707.341
1784546872496,7,476.268633563941,708.247268404289,476.886,707.15
1784546872596,7,476.020599395802,708.058963918353,476.645,706.959
1784546872696,7,475.771422210698,707.869374364861,476.404,706.768
1784546872796,7,475.521154852913,707.678492617034,476.163,706.577
1784546872896,7,475.26985360185,707.486313867503,475.922,706.386
1784546872996,7,475.017576317462,707.292842494241,475.681,706.195
1784546873096,7,474.764382251857,707.098094485284,475.44,706.004
1784546873196,7,474.510333845092,706.902094121335,475.199,705.813
1784546873296,7,474.255497837996,706.704865492566,474.958,705.622
1784546873396,7,473.999945301363,706.506432930221,474.717,705.431
1784546873496,7,473.743752357787,706.306822394907,474.476,705.24
1784546873596,7,473.48700129473,706.106062404721,474.235,705.049
1784546873696,7,473.229781407526,705.904185543014,473.994,704.858
1784546873796,7,472.972188307413,705.701231799633,473.753,704.667
1784546873896,7,472.714320543862,705.497250410694,473.512,704.476
1784546873996,7,472.456277916418,705.292299166969,473.272,704.285
1784546874096,7,472.198160565582,705.086439982071,473.031,704.094
1784546874196,7,471.940069249824,704.879738321501,472.79,703.903
1784546874296,7,471.682104733181,704.672261901865,472.549,703.712
1784546874396,7,471.424366016521,704.464075624247,472.308,703.521
1784546874496,7,471.166950716047,704.255240544376,472.067,703.33
1784546874596,7,470.909955598161,704.045814031836,471.826,703.139
1784546874696,7,470.653477389472,703.835848753959,471.585,702.948
1784546874796,7,470.397613803045,703.625393200638,471.344,702.757
1784546874896,7,470.142464277976,703.414492782144,471.103,702.566
1784546874996,7,469.888130796479,703.203190761401,470.862,702.375
1784546875096,7,469.634717949617,702.991528205254,470.621,702.184
1784546875196,7,469.382333586969,702.779542054378,470.38,701.993
1784546875296,7,469.131089758504,702.567265402798,470.139,701.802
1784546875396,7,468.881102436073,702.354728492389,469.898,701.611
1784546875496,7,468.632489000771,702.141960211227,469.657,701.42
1784546875596,7,468.385366543584,701.92899110559,469.416,701.229
1784546875696,7,468.13985201771,701.715853701557,469.175,701.038
1784546875796,7,467.896063149186,701.502578242997,468.934,700.847
1784546875896,7,467.654119555565,701.289190450007,468.693,700.656
1784546875996,7,467.414143677679,701.075712275397,468.452,700.465
1784546876096,7,467.176260301804,700.862162423619,468.211,700.274
1784546876196,7,466.940594357414,700.648556487029,467.97,700.083
1784546876296,7,466.707271153954,700.434907287714,467.729,699.892
1784546876396,7,466.476417341531,700.221223986535,467.488,699.701
1784546876496,7,466.24816135557,700.0075107289,467.247,699.51
1784546876596,7,466.022633613438,699.793766885012,467.006,699.319
1784546876696,7,465.799966855178,699.579987983658,466.765,699.128
1784546876796,7,465.580295263483,699.366166524847,466.524,698.937
1784546876896,7,465.363753832499,699.15229203279,466.284,698.746
1784546876996,7,465.150478034649,698.938351093232,466.043,698.555
1784546877096,7,464.940604404009,698.724328987399,465.802,698.364
1784546877196,7,464.734270795167,698.51021317182,465.561,698.173
1784546877296,7,464.531616487595,698.295991802752,465.32,697.982
1784546877396,7,464.332781826803,698.081653803109,465.079,697.791
1784546877496,7,464.137907277594,697.867188892037,464.838,697.6
1784546877596,7,463.947133928415,697.652586105931,464.597,697.409
1784546877696,7,463.760604235034,697.437832882924,464.356,697.218
1784546877796,7,463.578462092014,697.222914030963,464.115,697.027
1784546877896,7,463.400852935066,697.007812065066,463.874,696.836
1784546877996,7,463.227923837909,696.792507117706,463.633,696.645
1784546878096,7,463.059821810522,696.576976701484,463.392,696.454
1784546878196,7,462.896693068736,696.361195935336,463.151,696.263
1784546878296,7,462.738683017139,696.14513781834,462.91,696.072
1784546878396,7,462.585935043483,695.928771705023,462.669,695.881
1784546878496,7,462.438587039162,695.712063033531,462.428,695.69
1784546878596,7,462.296770804478,695.494973713095,462.187,695.499
1784546878696,7,462.16061132737,695.277462347471,461.946,695.308
1784546878796,7,462.030226453891,695.059484766525,461.705,695.117
1784546878896,7,461.905727354413,694.840994746922,461.464,694.926
1784546878996,7,461.787218812801,694.621944438759,461.223,694.735
1784546879096,7,461.674798497169,694.402283091706,460.982,694.544
1784546879196,7,461.568556576237,694.181956630249,460.741,694.353
1784546879296,7,461.468574229492,693.960907242995,460.5,694.162
1784546879396,7,461.374923297166,693.739073735655,460.259,693.971
1784546879496,7,461.287665448576,693.516392131794,460.018,693.78
1784546879596,7,461.206852689128,693.292797083678,459.777,693.589
1784546879696,7,461.132527767388,693.068222483626,459.537,693.398
1784546879796,7,461.064724075012,692.842600077537,459.296,693.207
1784546879896,7,461.003464955837,692.615858919617,459.055,693.016
1784546879996,7,460.948760909595,692.387925296006,458.814,692.825
1784546880096,7,460.900608156242,692.15872251759,458.573,692.634
1784546880196,7,460.858987560979,691.928170255803,458.332,692.443
1784546880296,7,460.823862898416,691.696185095912,458.091,692.252
1784546880396,7,460.795179358218,691.46268158161,457.85,692.061
1784546880496,7,460.772865075649,691.227573345717,457.609,691.87
1784546880596,7,460.756831720568,690.990774458042,457.368,691.679
1784546880696,7,460.74697615862,690.752200969395,457.127,691.488
1784546880796,7,460.743186746671,690.51177243298,456.886,691.297
1784546880896,7,460.745343817902,690.26941301994,456.645,691.106
1784546880996,7,460.753315229272,690.025051776093,456.404,690.915
1784546881096,7,460.766953956859,689.778621319052,456.163,690.724
1784546881196,7,460.786092942211,689.53005768395,455.922,690.533
1784546881296,7,460.810543743734,689.279301282313,455.838,690.279
1784546881396,7,460.840097638419,689.026298048481,455.959,689.943
1784546881496,7,460.874534123636,688.771000175845,456.08,689.607
1784546881596,7,460.913637413089,688.513365306091,456.201,689.27
1784546881696,7,460.957200137805,688.253355858261,456.322,688.934
1784546881796,7,461.005021782489,687.99093780902,456.443,688.598
1784546881896,7,461.056900039187,687.726078655262,456.564,688.261
1784546881996,7,461.112617525091,687.458747367976,456.685,687.925
1784546882096,7,461.171938625728,687.188914330973,456.806,687.588
1784546882196,7,461.234609382839,686.916551552867,456.927,687.252
1784546882296,7,461.300357809889,686.641633732507,457.048,686.916
1784546882396,7,461.368894400892,686.364139302465,457.169,686.579
1784546882496,7,461.439916953456,686.084049989464,457.29,686.243
1784546882596,7,461.51312091996,685.801348699908,457.411,685.907
1784546882696,7,461.588201281727,685.516019873002,457.532,685.57
1784546882796,7,461.664851016935,685.228050137419,457.653,685.234
1784546882896,7,461.742762522189,684.93742943809,457.774,684.898
1784546882996,7,461.821633463462,684.644152411828,457.895,684.561
1784546883096,7,461.901161726496,684.348218606075,458.016,684.225
1784546883196,7,461.981049621724,684.04962988114,458.137,683.888
1784546883296,7,462.061012091824,683.748392231647,458.258,683.552
1784546883396,7,462.140791100013,683.444516618389,458.379,683.216
1784546883496,7,462.220138995185,683.138019226059,458.5,682.879
1784546883596,7,462.29881848842,682.828921870317,458.621,682.543
1784546883696,7,462.376624215899,682.517249841387,458.742,682.207
1784546883796,7,462.453380564801,682.203030320226,458.863,681.87
1784546883896,7,462.528922120016,681.886291745244,458.984,681.534
1784546883996,7,462.603096582992,681.567062652846,459.105,681.198
1784546884096,7,462.675772410486,681.245372670072,459.226,680.861
1784546884196,7,462.746832014632,680.921253256437,459.347,680.525
1784546884296,7,462.816169272372,680.594736625105,459.468,680.188
1784546884396,7,462.883690463354,680.265856352852,459.589,679.852
1784546884496,7,462.949319032123,679.934647415895,459.71,679.516
1784546884596,7,463.012996544541,679.601145525402,459.832,679.179
1784546884696,7,463.074679624143,679.265385775071,459.953,678.843
1784546884796,7,463.134328626858,678.927399097207,460.074,678.507
1784546884896,7,463.19190372017,678.587212354826,460.195,678.17
1784546884996,7,463.247361103747,678.244848797428,460.316,677.834
1784546885096,7,463.300652739708,677.900327760356,460.437,677.498
1784546885196,7,463.351729739655,677.553665760312,460.558,677.161
1784546885296,7,463.400544524951,677.20487781571,460.679,676.825
1784546885396,7,463.447054528396,676.853978891911,460.8,676.488
1784546885496,7,463.491223751188,676.500985118637,460.921,676.152
1784546885596,7,463.533025892756,676.145914191445,461.042,675.816
1784546885696,7,463.572444082896,675.788782315543,461.163,675.479
1784546885796,7,463.609467087257,675.429603599495,461.284,675.143
1784546885896,7,463.644089122074,675.068389677261,461.405,674.807
1784546885996,7,463.676312380003,674.705150917904,461.526,674.47
1784546886096,7,463.706144168264,674.339898117321,461.647,674.134
1784546886196,7,463.733594637322,673.972643212335,461.768,673.798
1784546886296,7,463.7586717577,673.6033967229,461.889,673.461
1784546886396,7,463.781379905879,673.232166713462,462.01,673.125
1784546886496,7,463.801718787926,672.858957910338,462.131,672.788
1784546886596,7,463.819680440011,672.48377169779,462.252,672.452
1784546886696,7,463.835248426682,672.106606771639,462.373,672.116
1784546886796,7,463.848397756309,671.727459466837,462.494,671.779
1784546886896,7,463.859099157055,671.346324331521,462.615,671.443
1784546886996,7,463.867336411418,670.963195526312,462.736,671.107
1784546887096,7,463.873105703291,670.578067917421,462.857,670.77
1784546887196,7,463.87640073009,670.190937211019,462.978,670.434
1784546887296,7,463.877225366793,669.801799942122,463.099,670.097
1784546887396,7,463.875584721452,669.410652803591,463.22,669.761
1784546887496,7,463.871466773199,669.017492650778,463.341,669.425
1784546887596,7,463.864856294581,668.62231689426,463.462,669.088
1784546887696,7,463.855737311562,668.225124436528,463.583,668.752
1784546887796,7,463.844083734545,667.825917202595,463.704,668.416
1784546887896,7,463.829857052454,667.424700785965,463.825,668.079
1784546887996,7,463.81300638787,667.021483867019,463.946,667.743
1784546888096,7,463.793471312475,666.616279138516,464.067,667.407
1784546888196,7,463.771195795697,666.209103518038,464.188,667.07
1784546888296,7,463.746139662443,665.799979044919,464.309,666.734
1784546888396,7,463.718270079697,665.388934629288,464.43,666.397
1784546888496,7,463.687558461694,664.976007324869,464.551,666.061
1784546888596,7,463.653977660787,664.561240844269,464.672,665.725
1784546888696,7,463.6174954608,664.144682893234,464.793,665.388
1784546888796,7,463.578073156824,663.726384248386,464.914,665.052
1784546888896,7,463.535662232386,663.306396629102,465.035,664.716
1784546888996,7,463.490190565869,662.884775298134,465.156,664.379
1784546889096,7,463.441559092304,662.461579922969,465.277,664.043
1784546889196,7,463.389641826067,662.036876474597,465.398,663.707
1784546889296,7,463.334286030345,661.610740551128,465.519,663.37
1784546889396,7,463.275313705525,661.183259433711,465.641,663.034
1784546889496,7,463.21252759317,660.754533006013,465.762,662.697
1784546889596,7,463.145715726251,660.324674964464,465.883,662.361
1784546889696,7,463.074652485321,659.893812382132,465.839,661.94
1784546889796,7,462.99910385318,659.462085137668,465.637,661.439
1784546889896,7,462.918847522139,659.02964449387,465.436,660.937
1784546889996,7,462.833676592067,658.596651505155,465.234,660.436
1784546890096,7,462.743393575238,658.163276973889,465.033,659.934
1784546890196,7,462.647805957183,657.729700930193,464.831,659.433
1784546890296,7,462.54671362385,657.296112140402,464.63,658.931
1784546890396,7,462.439908347061,656.862708470423,464.428,658.429
1784546890496,7,462.327182584874,656.429694268296,464.226,657.928
1784546890596,7,462.20832980567,655.997279994072,464.025,657.426
1784546890696,7,462.083147599345,655.565679743053,463.823,656.925
1784546890796,7,461.951442662665,655.135109404991,463.622,656.423
1784546890896,7,461.813040879788,654.705783589892,463.42,655.922
1784546890996,7,461.667781496965,654.277916837714,463.219,655.42
1784546891096,7,461.515526364414,653.851719180014,463.017,654.919
1784546891196,7,461.356160499795,653.427396790634,462.816,654.417
1784546891296,7,461.189580469682,653.005155592307,462.614,653.915
1784546891396,7,461.015691456408,652.585203246062,462.412,653.414
1784546891496,7,460.834407639256,652.167749450564,462.211,652.912
1784546891596,7,460.645652062999,651.753006467677,462.009,652.411
1784546891696,7,460.449356949136,651.341187394826,461.808,651.909
1784546891796,7,460.245463372837,650.932504666829,461.606,651.408
1784546891896,7,460.033921265771,650.527169646074,461.405,650.906
1784546891996,7,459.814687067596,650.125389152164,461.203,650.405
1784546892096,7,459.587721538909,649.727366037225,461.002,649.903
1784546892196,7,459.352992391533,649.333301063808,460.8,649.401
1784546892296,7,459.110471588197,648.943394222957,460.598,648.9
1784546892396,7,458.860132378503,648.55784407206,460.397,648.398
1784546892496,7,458.601950434149,648.176846806577,460.195,647.897
1784546892596,7,458.335907349475,647.80059407531,459.994,647.395
1784546892696,7,458.061989104756,647.429273304296,459.792,646.894
1784546892796,7,457.780184872528,647.063066532285,459.591,646.392
1784546892896,7,457.490488314568,646.702148227134,459.389,645.891
1784546892996,7,457.192899997215,646.346684775176,459.188,645.389
1784546893096,7,456.887426717405,645.996835285947,458.986,644.887
1784546893196,7,456.57408289478,645.652750811932,458.784,644.386
1784546893296,7,456.252895961235,645.314572612336,458.583,643.884
1784546893396,7,455.923912901388,644.982427984992,458.381,643.383
1784546893496,7,455.58719861691,644.656430389243,458.18,642.881
1784546893596,7,455.242842101009,644.336680563636,457.978,642.38
1784546893696,7,454.89095801301,644.023267940117,457.777,641.878
1784546893796,7,454.531680307462,643.716271358246,457.575,641.377
1784546893896,7,454.165155127893,643.41575663905,457.374,640.875
1784546893996,7,453.79154065721,643.12177413777,457.172,640.373
1784546894096,7,453.411008828069,642.834358430712,456.97,639.872
1784546894196,7,453.023747074623,642.553527845019,456.769,639.37
1784546894296,7,452.629960108495,642.279284504582,456.567,638.869
1784546894396,7,452.229870901125,642.011611926888,456.366,638.367
1784546894496,7,451.823718811792,641.75047483771,456.164,637.866
1784546894596,7,451.411759451668,641.495820927826,455.963,637.364
1784546894696,7,450.994267761111,641.24757969239,455.761,636.863
1784546894796,7,450.571538619686,641.005662940488,455.56,636.361
1784546894896,7,450.143881078404,640.769966212597,455.358,635.859
1784546894996,7,449.711615091991,640.540370560468,455.156,635.358
1784546895096,7,449.275072301782,640.316742476891,454.955,634.856
1784546895196,7,448.834597971838,640.098934014057,454.748,634.36
1784546895296,7,448.390552925989,639.886780529734,454.095,634.329
1784546895396,7,447.943314788419,639.680097518174,453.442,634.298
1784546895496,7,447.493276890103,639.478680708919,452.788,634.267
1784546895596,7,447.040843948512,639.282307275069,452.135,634.237
1784546895696,7,446.586431711839,639.090737989434,451.481,634.206
1784546895796,7,446.130467335618,638.903719602834,450.828,634.175
1784546895896,7,445.673389887776,638.720986687978,450.174,634.144
1784546895996,7,445.215650166845,638.542262684302,449.521,634.113
1784546896096,7,444.757708130848,638.367260834805,448.867,634.083
1784546896196,7,444.300033062855,638.195685339436,448.214,634.052
1784546896296,7,443.843103956646,638.027231711861,447.561,634.021
1784546896396,7,443.387409230513,637.861585408243,446.907,633.99
1784546896496,7,442.933448159895,637.698422317535,446.254,633.959
1784546896596,7,442.481731037978,637.537410496876,445.6,633.929
1784546896696,7,442.032775881754,637.378211111226,444.947,633.898
1784546896796,7,441.587108172958,637.220479169985,444.293,633.867
1784546896896,7,441.145258405462,637.063864133375,443.64,633.836
1784546896996,7,440.707761438234,636.908010083549,442.986,633.805
1784546897096,7,440.27515604111,636.752556282643,442.333,633.775
1784546897196,7,439.847984000104,636.597137803382,441.68,633.744
1784546897296,7,439.426789794792,636.44138635793,441.026,633.713
1784546897396,7,439.012121897525,636.284931204826,440.373,633.682
1784546897496,7,438.604531865329,636.127400459877,439.719,633.651
1784546897596,7,438.20456839332,635.968421977081,439.066,633.621
1784546897696,7,437.812776217016,635.807623855657,438.412,633.59
1784546897796,7,437.429693146182,635.644634492097,437.759,633.559
1784546897896,7,437.055848792513,635.479083835896,437.105,633.528
1784546897996,7,436.691765005263,635.310603596333,436.452,633.497
1784546898096,7,436.33795535278,635.138827708345,435.799,633.467
1784546898196,7,435.994921581726,634.963393374081,435.145,633.436
1784546898296,7,435.663150701943,634.783942315315,434.492,633.405
1784546898396,7,435.343114335554,634.600121227506,433.838,633.374
1784546898496,7,435.035268350622,634.411582607307,433.185,633.343
1784546898596,7,434.740052741644,634.217985642862,432.531,633.312
1784546898696,7,434.457889710941,634.018997084224,431.878,633.282
1784546898796,7,434.189183036677,633.814292145266,431.224,633.251
1784546898896,7,433.934317448868,633.603555841883,430.571,633.22
1784546898996,7,433.693654893632,633.386485566564,429.918,633.189
1784546899096,7,433.467532170113,633.162792205895,429.264,633.158
1784546899196,7,433.256259089131,632.932200136746,428.611,633.128
1784546899296,7,433.060116015773,632.69444955077,427.957,633.097
1784546899396,7,432.879351896956,632.449303647811,427.304,633.066
1784546899496,7,432.714181441285,632.196551202725,426.65,633.035
1784546899596,7,432.564777915419,631.936008817073,425.997,633.004
1784546899696,7,432.431266841683,631.667523423031,425.343,632.974
1784546899796,7,432.313722806349,631.390973573869,424.852,632.872
1784546899896,7,432.212168575333,631.106270021216,425.271,632.369
1784546899996,7,432.126576570691,630.813356782291,425.689,631.866
1784546900096,7,432.056869839518,630.512211693919,426.108,631.363
1784546900196,7,432.002923143889,630.202844746836,426.526,630.86
1784546900296,7,431.964563933896,629.88529722661,426.945,630.358
1784546900396,7,431.941574731848,629.559641368653,427.363,629.855
1784546900496,7,431.933697393285,629.225978106244,427.782,629.352
1784546900596,7,431.940634662716,628.884437088537,428.2,628.849
1784546900696,7,431.962052570976,628.535175611301,428.619,628.347
1784546900796,7,431.997582705167,628.17837833709,429.037,627.844
1784546900896,7,432.046826770376,627.81425413242,429.456,627.341
1784546900996,7,432.109366274355,627.443024334649,429.874,626.838
1784546901096,7,432.184765910456,627.064918204937,430.293,626.336
1784546901196,7,432.272578080608,626.680170578013,430.711,625.833
1784546901296,7,432.372347513138,626.289015105941,431.13,625.33
1784546901396,7,432.483612251211,625.891681288094,431.548,624.827
1784546901496,7,432.605904389157,625.488394330905,431.967,624.325
1784546901596,7,432.738751689773,625.079375962866,432.385,623.822
1784546901696,7,432.881680105882,624.664844870887,432.804,623.319
1784546901796,7,433.034215178951,624.245013580228,433.222,622.816
1784546901896,7,433.195884146923,623.820088577829,433.641,622.314
1784546901996,7,433.366217339292,623.390269951118,434.059,621.811
1784546902096,7,433.544747855767,622.955749997139,434.478,621.308
1784546902196,7,433.731011300803,622.516711955013,434.896,620.805
1784546902296,7,433.924546414383,622.073330368564,435.315,620.302
1784546902396,7,434.12489564662,621.625770612747,435.733,619.8
1784546902496,7,434.331608844691,621.174188105909,436.152,619.297
1784546902596,7,434.544244345153,620.718727310209,436.57,618.794
1784546902696,7,434.76236847836,620.259522586994,436.989,618.291
1784546902796,7,434.98555596425,619.796699160826,437.407,617.789
1784546902896,7,435.213392390466,619.330373126525,437.826,617.286
1784546902996,7,435.44547585774,618.860651537619,438.244,616.783
1784546903096,7,435.681418679824,618.387632800538,438.663,616.28
1784546903196,7,435.920847342443,617.911407399827,439.081,615.778
1784546903296,7,436.16340152281,617.432057298814,439.5,615.275
1784546903396,7,436.408732926078,616.949657491455,439.918,614.772
1784546903496,7,436.656504009059,616.464278584844,440.337,614.269
1784546903596,7,436.906386797551,615.975990430883,440.756,613.767
1784546903696,7,437.158061731006,615.484864820715,441.174,613.264
1784546903796,7,437.411216834276,614.990977769716,441.593,612.761
1784546903896,7,437.665548443695,614.494410827318,442.011,612.258
1784546903996,7,437.920762516747,613.995249251386,442.43,611.756
1784546904096,7,438.176574438166,613.493581128996,442.848,611.253
1784546904196,7,438.432708146142,612.989497350627,443.267,610.75
1784546904296,7,438.688896843012,612.483092817635,443.685,610.247
1784546904396,7,438.944887581798,611.974467351704,444.015,609.748
1784546904496,7,439.200441603772,611.463726383789,444.13,609.257
1784546904596,7,439.455333511068,610.950980548836,444.246,608.765
1784546904696,7,439.709349842228,610.436346185306,444.361,608.274
1784546904796,7,439.962288630978,609.919943503099,444.476,607.783
1784546904896,7,440.213960438546,609.401897714362,444.591,607.291
1784546904996,7,440.46418918346,608.88234071456,444.706,606.8
1784546905096,7,440.712809870597,608.361409939749,444.821,606.309
1784546905196,7,440.959667102762,607.839244956074,444.936,605.818
1784546905296,7,441.204614330052,607.315988470442,445.051,605.326
1784546905396,7,441.447514000267,606.791788211927,445.166,604.835
1784546905496,7,441.688235761705,606.266797123732,445.281,604.344
1784546905596,7,441.926655058318,605.74117298607,445.396,603.853
1784546905696,7,442.162652003895,605.215076826167,445.511,603.361
1784546905796,7,442.396110095537,604.688673984872,445.626,602.87
1784546905896,7,442.626914445136,604.162134531086,445.742,602.379
1784546905996,7,442.854951859176,603.635634571031,445.857,601.888
1784546906096,7,443.080115496524,603.109358335532,445.972,601.396
1784546906196,7,443.302306671796,602.583499033829,446.087,600.905
1784546906296,7,443.521434189826,602.0582548471,446.202,600.414
1784546906396,7,443.737413965088,601.533818256109,446.317,599.922
1784546906496,7,443.950170607254,601.010374392924,446.432,599.431
1784546906596,7,444.159637644059,600.48809986868,446.547,598.94
1784546906696,7,444.365758862626,599.967162609263,446.662,598.449
1784546906796,7,444.568488013722,599.447722987122,446.777,597.957
1784546906896,7,444.767788247326,598.929934243257,446.892,597.466
1784546906996,7,444.96363146232,598.413941219607,447.007,596.975
1784546907096,7,445.155998163126,597.899881785873,447.122,596.484
1784546907196,7,445.344876738584,597.387888604471,447.237,595.992
1784546907296,7,445.530262559677,596.878089610657,447.353,595.501
1784546907396,7,445.712157096803,596.370608444722,447.468,595.01
1784546907496,7,445.890566984218,595.865563057343,447.583,594.519
1784546907596,7,446.0655033355,595.363063857795,447.698,594.027
1784546907696,7,446.236982564537,594.863213343479,447.813,593.536
1784546907796,7,446.405026171534,594.366105304626,447.928,593.045
1784546907896,7,446.569660031847,593.871825873022,448.043,592.553
1784546907996,7,446.73091196916,593.380455237869,448.158,592.062
1784546908096,7,446.888812798218,592.89206824906,448.273,591.571
1784546908196,7,447.04339617477,592.406732885875,448.388,591.08
1784546908296,7,447.194698572774,591.924511197472,448.503,590.588
1784546908396,7,447.342761424171,591.445460062342,448.618,590.097
1784546908496,7,447.487630655193,590.969630717681,448.733,589.606
1784546908596,7,447.629354112179,590.497068266991,448.848,589.115
1784546908696,7,447.767980547227,590.027812178325,448.964,588.623
1784546908796,7,447.903559494685,589.561896324709,449.079,588.132
1784546908896,7,448.036140981756,589.099347767463,449.194,587.641
1784546908996,7,448.165775882574,588.640186613463,449.309,587.149
1784546909096,7,448.292516000729,588.184424818162,449.424,586.658
1784546909196,7,448.416414239013,587.732067003874,449.539,586.167
1784546909296,7,448.537525298814,587.283111332031,449.654,585.676
1784546909396,7,448.655905467477,586.837547791627,449.769,585.184
1784546909496,7,448.771612326207,586.395358675299,449.884,584.693
1784546909596,7,448.884704264994,585.956518532302,449.999,584.202
1784546909696,7,448.995239941022,585.520995281864,450.114,583.711
1784546909796,7,449.103277750536,585.088750695683,450.229,583.219
1784546909896,7,449.208875580148,584.659739079885,450.344,582.728
1784546909996,7,449.31209143767,584.233908503645,450.459,582.237
1784546910096,7,449.412983434935,583.811202576841,450.575,581.746
1784546910196,7,449.511609508568,583.391561643261,450.69,581.254
1784546910296,7,449.608027814375,582.974925012289,450.805,580.763
1784546910396,7,449.702295937193,582.561232450732,450.885,580.403
1784546910496,7,449.794472452765,582.15042357789,450.958,580.07
1784546910596,7,449.884617065919,581.742438108226,451.031,579.736
1784546910696,7,449.972790180201,581.337215536042,451.105,579.402
1784546910796,7,450.059053049243,580.934694326335,451.178,579.069
1784546910896,7,450.143469655959,580.534811642155,451.251,578.735
1784546910996,7,450.226106870465,580.137502651288,451.324,578.402
1784546911096,7,450.307034007825,579.742701820513,451.398,578.068
1784546911196,7,450.386322429093,579.350344289689,451.471,577.734
1784546911296,7,450.464044947208,578.960365538794,451.544,577.401
1784546911396,7,450.540274809476,578.572701774709,451.617,577.067
1784546911496,7,450.615086230366,578.187290913506,451.69,576.734
1784546911596,7,450.688555251561,577.804072275961,451.764,576.4
1784546911696,7,450.76075963804,577.422987539492,451.837,576.067
1784546911796,7,450.831778508574,577.043981193887,451.91,575.733
1784546911896,7,450.901691768005,576.667001630581,451.983,575.399
1784546911996,7,450.970578873623,576.292001965283,452.057,575.066
1784546912096,7,451.038518506319,575.918940102747,452.13,574.732
1784546912196,7,451.10558939482,575.547774798672,452.203,574.399
1784546912296,7,451.171871200115,575.178464901947,452.276,574.065
1784546912396,7,451.237444444354,574.810970801921,452.35,573.731
1784546912496,7,451.302390199656,574.445255517658,452.423,573.398
1784546912596,7,451.366789907092,574.081283858401,452.496,573.064
1784546912696,7,451.430725569373,573.719022998203,452.569,572.731
1784546912796,7,451.494279839357,573.358441607934,452.643,572.397
1784546912896,7,451.557536774453,572.999508707078,452.716,572.063
1784546912996,7,451.620582053486,572.642194505888,452.789,571.73
1784546913096,7,451.683503680618,572.286470741924,452.862,571.396
1784546913196,7,451.746391687667,571.932310658583,452.936,571.063
1784546913296,7,451.809336828177,571.579688687812,453.009,570.729
1784546913396,7,451.872430292515,571.228579165494,453.082,570.396
1784546913496,7,451.935764962184,570.878958575331,453.155,570.062
1784546913596,7,451.999436638656,570.530805555706,453.228,569.728
1784546913696,7,452.063543640652,570.184101080728,453.302,569.395
1784546913796,7,452.128186463539,569.838829302349,453.375,569.061
1784546913896,7,452.193467679833,569.494976910865,453.448,568.728
1784546913996,7,452.259491217827,569.15253380436,453.521,568.394
1784546914096,7,452.326361101254,568.811493751692,453.595,568.06
1784546914196,7,452.394180640515,568.471852048823,453.668,567.727
1784546914296,7,452.463050633066,568.133602805345,453.741,567.393
1784546914396,7,452.533067126167,567.79673865053,453.814,567.06
1784546914496,7,452.604320627564,567.461251539642,453.888,566.726
1784546914596,7,452.67689772973,567.127132818727,453.961,566.392
1784546914696,7,452.750881814838,566.794374420077,454.034,566.059
1784546914796,7,452.826355177688,566.46297040547,454.107,565.725
1784546914896,7,452.903400854151,566.13291854463,454.181,565.392
1784546914996,7,452.982102907227,565.804222013558,454.254,565.058
1784546915096,7,453.062546903152,565.476891351158,454.327,564.725
1784546915196,7,453.144820161989,565.150944981222,454.4,564.391
1784546915296,7,453.229013210736,564.826407817452,454.474,564.057
1784546915396,7,453.315217513696,564.503310223665,454.547,563.724
1784546915496,7,453.40352396055,564.181687821028,454.62,563.39
1784546915596,7,453.494020515079,563.861577045118,454.693,563.057
1784546915696,7,453.586791316657,563.543011016645,454.766,562.723
1784546915796,7,453.681917537351,563.226019657042,454.84,562.389
1784546915896,7,453.779482074131,562.91063006976,454.913,562.056
1784546915996,7,453.879570962361,562.596867877473,454.986,561.722
1784546916096,7,453.98227523174,562.284760183942,455.059,561.389
1784546916196,7,454.087690437273,561.974340061304,455.133,561.055
1784546916296,7,454.195915149706,561.66564532656,455.206,560.722
1784546916396,7,454.30705507079,561.358720692839,455.279,560.388
1784546916496,7,454.421223975838,561.05362195958,455.352,560.054
1784546916596,7,454.538541999228,560.750413403159,455.426,559.721
1784546916696,7,454.65913159623,560.449163400255,455.499,559.387
1784546916796,7,454.783120033799,560.149946297094,455.572,559.054
1784546916896,7,454.910634724179,559.852835671875,455.645,558.72
1784546916996,7,455.041801516218,559.557903678183,455.719,558.386
1784546917096,7,455.17674523485,559.265223412652,455.792,558.053
1784546917196,7,455.315589748474,558.974870036022,455.865,557.719
1784546917296,7,455.458457049614,558.686919581676,455.938,557.386
1784546917396,7,455.605467098543,558.401447462064,456.012,557.052
1784546917496,7,455.756737545059,558.118528613436,456.085,556.718
1784546917596,7,455.912383099107,557.83823832895,456.158,556.385
1784546917696,7,456.072514936782,557.560652220412,456.231,556.051
1784546917796,7,456.237240432374,557.285846712026,456.304,555.718
1784546917896,7,456.406663115726,557.013898559369,456.378,555.384
1784546917996,7,456.580883677842,556.744885604565,456.451,555.051
1784546918096,7,456.759997648332,556.478887696047,456.524,554.717
1784546918196,7,456.944095319521,556.215986427339,456.597,554.383
1784546918296,7,457.133262311363,555.956260633553,456.671,554.05
1784546918396,7,457.32757802473,555.699785863489,456.744,553.716
1784546918496,7,457.52711405279,555.446634133376,456.817,553.383
1784546918596,7,457.731933081694,555.196872180657,456.89,553.049
1784546918696,7,457.942087678372,554.950558350132,456.964,552.715
1784546918796,7,458.157618964216,554.707741537207,457.037,552.382
1784546918896,7,458.378554433523,554.468461844163,457.11,552.048
1784546918996,7,458.60490697456,554.232751311577,457.183,551.715
1784546919096,7,458.836675158388,554.000633708652,457.257,551.381
1784546919196,7,459.073842812411,553.772124557624,457.621,551.309
1784546919296,7,459.316379784861,553.547231591226,457.987,551.239
1784546919396,7,459.564244511305,553.325954257413,458.353,551.169
1784546919496,7,459.817386774048,553.108284799347,458.719,551.099
1784546919596,7,460.075748179969,552.894208980778,459.085,551.028
1784546919696,7,460.33926346664,552.683707414138,459.451,550.958
1784546919796,7,460.607859987747,552.476756255576,459.817,550.888
1784546919896,7,460.88145689006,552.273328846792,460.183,550.818
1784546919996,7,461.159964898524,552.073397628846,460.549,550.747
1784546920096,7,461.443288066568,551.876935089704,460.915,550.677
1784546920196,7,461.731324044507,551.683913899271,461.281,550.607
1784546920296,7,462.023966508852,551.494307349034,461.647,550.537
1784546920396,7,462.321107252022,551.30808898632,462.014,550.467
1784546920496,7,462.622637431631,551.125232406747,462.38,550.396
1784546920596,7,462.92844830868,550.945711258787,462.746,550.326
1784546920696,7,463.2384306587,550.769499668237,463.112,550.256
1784546920796,7,463.552473611032,550.596573010768,463.478,550.186
1784546920896,7,463.870464113225,550.426908743256,463.844,550.115
1784546920996,7,464.192287558178,550.260487351951,464.21,550.045
1784546921096,7,464.517827818859,550.097293617298,464.576,549.975
1784546921196,7,464.84696821886,549.937317393997,464.942,549.905
1784546921296,7,465.179590597783,549.78055372204,465.308,549.834
1784546921396,7,465.515573777135,549.627002211892,465.674,549.764
1784546921496,7,465.854792748314,549.476665602903,466.04,549.694
1784546921596,7,466.197120840897,549.329549029184,466.406,549.624
1784546921696,7,466.542432748903,549.185657003158,466.772,549.554
1784546921796,7,466.890605916849,549.044992738788,467.138,549.483
1784546921896,7,467.241521656809,548.907558163378,467.504,549.413
1784546921996,7,467.595065365237,548.773354112791,467.87,549.343
1784546922096,7,467.951126649443,548.642380549323,468.236,549.273
1784546922196,7,468.309599138653,548.514635826679,468.602,549.202
1784546922296,7,468.670379596775,548.390116962442,468.968,549.132
1784546922396,7,469.033367174393,548.268820236316,469.335,549.062
1784546922496,7,469.398462436641,548.150741773215,469.701,548.992
1784546922596,7,469.76556860691,548.035877773745,470.067,548.921
1784546922696,7,470.134594365331,547.924223667102,470.433,548.851
1784546922796,7,470.505454737904,547.815773639923,470.799,548.781
1784546922896,7,470.87807202471,547.710519443512,471.165,548.711
1784546922996,7,471.252375726573,547.6084513132,471.531,548.641
1784546923096,7,471.628301377914,547.509558525067,471.897,548.57
1784546923196,7,472.005789450242,547.41382983186,472.263,548.5
1784546923296,7,472.384784220132,547.321253968127,472.629,548.43
1784546923396,7,472.765233969773,547.2318203388,472.995,548.36
1784546923496,7,473.147092262463,547.145519782443,473.361,548.289
1784546923596,7,473.530317267839,547.062344866158,473.727,548.219
1784546923696,7,473.914870193925,546.982289037589,474.093,548.149
1784546923796,7,474.300714744008,546.905344943128,474.459,548.079
1784546923896,7,474.687818856811,546.831504068444,474.825,548.008
1784546923996,7,475.076154621888,546.760756035758,475.191,547.938
1784546924096,7,475.465698366755,546.693088669626,475.557,547.868
1784546924196,7,475.856431644482,546.628488649522,475.923,547.798
1784546924296,7,476.248341421499,546.566943070225,476.289,547.727
1784546924396,7,476.641419183782,546.508439358052,476.656,547.657
1784546924496,7,477.035659645023,546.452966069344,477.022,547.587
1784546924596,7,477.43106053057,546.400512399443,477.388,547.517
1784546924696,7,477.827621776921,546.351068044008,477.754,547.447
1784546924796,7,478.225345984618,546.304622530181,478.12,547.376
1784546924896,7,478.624239146843,546.261163940116,478.486,547.306
1784546924996,7,479.024309606004,546.220678793169,478.852,547.236
1784546925096,7,479.425567445288,546.18315227357,479.218,547.166
1784546925196,7,479.828024796001,546.14856842612,479.584,547.095
1784546925296,7,480.231694701426,546.116910331779,479.95,547.025
1784546925396,7,480.63659007253,546.088160269538,480.316,546.955
1784546925496,7,481.042723260071,546.062299918921,480.682,546.885
1784546925596,7,481.450107450639,546.039310712025,481.048,546.814
1784546925696,7,481.858756394167,546.019173748502,481.414,546.744
1784546925796,7,482.268684405564,546.001868861635,481.78,546.674
1784546925896,7,482.679905993745,545.987374191639,482.146,546.604
1784546925996,7,483.092435945029,545.975665180528,482.512,546.534
1784546926096,7,483.506289344125,545.966714202666,482.878,546.463
1784546926196,7,483.921480724486,545.960490575411,483.244,546.393
1784546926296,7,484.338022968164,545.956960600778,483.61,546.323
1784546926396,7,484.755926982147,545.956087594592,483.977,546.253
1784546926496,7,485.175202033429,545.957831947256,484.343,546.182
1784546926596,7,485.595855877092,545.962151302009,484.709,546.112
1784546926696,7,486.017895285254,545.969000227318,485.075,546.042
1784546926796,7,486.441325371928,545.97832874838,485.441,545.972
1784546926896,7,486.866148350281,545.990081894074,485.807,545.901
1784546926996,7,487.29236322867,546.004199460293,486.173,545.831
1784546927096,7,487.719965149944,546.020615142943,486.539,545.761
1784546927196,7,488.14894477075,546.03925588254,486.953,545.727
1784546927296,7,488.579288455649,546.060041254496,487.415,545.727
1784546927396,7,489.01097917573,546.082881660599,487.877,545.727
1784546927496,7,489.443996976029,546.107677801471,488.339,545.728
1784546927596,7,489.878318778453,546.134320569702,488.8,545.728
1784546927696,7,490.313917608653,546.162690828032,489.262,545.728
1784546927796,7,490.750763226797,546.192658731539,489.724,545.729
1784546927896,7,491.188822350114,546.224082970314,490.186,545.729
1784546927996,7,491.628058843441,546.256810499641,490.647,545.729
1784546928096,7,492.068433099428,546.290677717386,491.109,545.73
1784546928196,7,492.509902052209,546.32551561711,491.571,545.73
1784546928296,7,492.952419727449,546.361151055762,492.033,545.73
1784546928396,7,493.395937209993,546.397407598523,492.494,545.73
1784546928496,7,493.840402598383,546.434108344738,492.956,545.731
1784546928596,7,494.285760151041,546.471075758246,493.418,545.731
1784546928696,7,494.731951557356,546.508128692403,493.879,545.731
1784546928796,7,495.178915684848,546.545082789302,494.341,545.732
1784546928896,7,495.626587364712,546.581753689381,494.803,545.732
1784546928996,7,496.074897157876,546.617957643776,495.265,545.732
1784546929096,7,496.523770953623,546.653511222836,495.726,545.733
1784546929196,7,496.973131979223,546.688231116329,496.188,545.733
1784546929296,7,497.422902814749,546.721933906539,496.65,545.733
1784546929396,7,497.87300500855,546.754434609617,497.112,545.734
1784546929496,7,498.323358774032,546.785542232734,497.573,545.734
1784546929596,7,498.773881718285,546.815059497628,498.035,545.734
1784546929696,7,499.224488183306,546.842786422575,498.497,545.735
1784546929796,7,499.675088793804,546.86852114823,498.959,545.735
1784546929896,7,500.125590760888,546.892059937711,499.42,545.735
1784546929996,7,500.575899798853,546.913197056308,499.882,545.736
1784546930096,7,501.025921386565,546.931724564084,500.344,545.736
1784546930196,7,501.475559874895,546.947432030926,500.806,545.736
1784546930296,7,501.924717603555,546.96010534662,501.267,545.737
1784546930396,7,502.373294888617,546.969526355776,501.729,545.737
1784546930496,7,502.821190304758,546.975473236606,502.191,545.737
1784546930596,7,503.268300863167,546.977722214622,502.653,545.738
1784546930696,7,503.714519584235,546.976048231509,503.114,545.738
1784546930796,7,504.159735160829,546.970225962258,503.576,545.738
1784546930896,7,504.603832000631,546.96003047641,504.038,545.739
1784546930996,7,505.046693639538,546.945238849936,504.499,545.739
1784546931096,7,505.488202065033,546.925630593337,504.961,545.739
1784546931196,7,505.928236217902,546.900987583284,505.423,545.74
1784546931296,7,506.366671553371,546.871093915925,505.885,545.74
1784546931396,7,506.803379525302,546.835736171021,506.346,545.74
1784546931496,7,507.23823018621,546.794703328923,506.808,545.741
1784546931596,7,507.671092266154,546.74778686193,507.27,545.741
1784546931696,7,508.101833061374,546.694781223203,507.732,545.741
1784546931796,7,508.530317321433,546.635487023532,508.193,545.742
1784546931896,7,508.956406380941,546.569718658348,508.655,545.742
1784546931996,7,509.379960284085,546.497306355162,509.117,545.742
1784546932096,7,509.800839196235,546.418096356138,509.579,545.743
1784546932196,7,510.218906215391,546.331949985083,510.04,545.743
1784546932296,7,510.634027077871,546.238740789395,510.502,545.743
1784546932396,7,511.046069465606,546.138353924274,510.964,545.744
1784546932496,7,511.454903208675,546.030686036929,511.426,545.744
1784546932596,7,511.860399903003,545.915645606749,511.887,545.744
1784546932696,7,512.262434942765,545.793153313663,512.349,545.745
1784546932796,7,512.660886896669,545.663141810627,512.811,545.745
1784546932896,7,513.055636253258,545.525555271356,513.273,545.745
1784546932996,7,513.446565345215,545.380349775969,513.734,545.746
1784546933096,7,513.833560020761,545.227493944327,514.196,545.746
1784546933196,7,514.216511753807,545.066969568912,514.658,545.746
1784546933296,7,514.595317039713,544.898772289071,515.119,545.747
1784546933396,7,514.969877398843,544.722912223608,515.581,545.747
1784546933496,7,515.340099524051,544.539414728237,516.043,545.747
1784546933596,7,515.705895747358,544.348321335813,516.505,545.748
1784546933696,7,516.067185610643,544.149691089158,516.852,545.562
1784546933796,7,516.423897359603,543.943601554105,517.099,545.215
1784546933896,7,516.775968317939,543.730149140229,517.346,544.868
1784546933996,7,517.123344464182,543.509447261602,517.593,544.521
1784546934096,7,517.465980563446,543.281625269973,517.84,544.174
1784546934196,7,517.803838896258,543.046828382854,518.087,543.827
1784546934296,7,518.136887590828,542.805215548799,518.335,543.48
1784546934396,7,518.465099650173,542.556958608271,518.582,543.133
1784546934496,7,518.78845197493,542.302241911875,518.829,542.786
1784546934596,7,519.106925750207,542.041262055316,519.076,542.438
1784546934696,7,519.420506394206,541.774227816855,519.323,542.091
1784546934796,7,519.729182328962,541.501360310499,519.57,541.744
1784546934896,7,520.032943695512,541.222892552719,519.817,541.397
1784546934996,7,520.331781785374,540.939069238912,520.064,541.05
1784546935096,7,520.625688232326,540.650142867898,520.312,540.703
1784546935196,7,520.914653325604,540.356366465625,520.559,540.356
1784546935296,7,521.198665064384,540.057991722319,520.806,540.009
1784546935396,7,521.47770795801,539.755267290209,521.053,539.662
1784546935496,7,521.751761932058,539.448438675272,521.3,539.314
1784546935596,7,522.020802241221,539.137747117409,521.547,538.967
1784546935696,7,522.28480020509,538.823429795985,521.794,538.62
1784546935796,7,522.543723148546,538.505718425977,522.041,538.273
1784546935896,7,522.797533524097,538.184838331657,522.289,537.926
1784546935996,7,523.046188173304,537.861009186979,522.536,537.579
1784546936096,7,523.289638299627,537.534445780054,522.783,537.232
1784546936196,7,523.527829466592,537.205357541145,523.03,536.885
1784546936296,7,523.760701085155,536.873948846076,523.277,536.538
1784546936396,7,523.988186961407,536.540420119457,523.524,536.19
1784546936496,7,524.210215174389,536.204968307568,523.771,535.843
1784546936596,7,524.426708079984,535.867786616543,524.019,535.496
1784546936696,7,524.637582786224,535.529065641617,524.266,535.149
1784546936796,7,524.842751609681,535.188993737419,524.513,534.802
1784546936896,7,525.042123029399,534.847754113787,524.76,534.455
1784546936996,7,525.235602263626,534.505524758691,525.007,534.108
1784546937096,7,525.423090644492,534.1624782749,525.254,533.761
1784546937196,7,525.604484747967,533.818783005717,525.501,533.414
1784546937296,7,525.779675941965,533.47460396441,525.748,533.066
1784546937396,7,525.948551218105,533.130102211598,525.996,532.719
1784546937496,7,526.110994595049,532.785434780808,526.243,532.372
1784546937596,7,526.266887178649,532.440753800858,526.49,532.025
1784546937696,7,526.416107167491,532.0962045994,526.737,531.678
1784546937796,7,526.558529385581,531.751925403218,526.984,531.331
1784546937896,7,526.694025012823,531.408047295195,527.231,530.984
1784546937996,7,526.822463110171,531.064694869027,527.478,530.637
1784546938096,7,526.943712687656,530.721987198528,527.726,530.29
1784546938196,7,527.057642820516,530.380038374498,527.973,529.942
1784546938296,7,527.164122381348,530.038956229845,528.22,529.595
1784546938396,7,527.263020397946,529.698842324166,528.467,529.248
1784546938496,7,527.354206696869,529.359791659552,528.714,528.901
1784546938596,7,527.437552579843,529.021892327765,528.961,528.554
1784546938696,7,527.512932299648,528.685226401192,529.208,528.207
1784546938796,7,527.580224134402,528.349870960563,529.455,527.86
1784546938896,7,527.6393108245,528.015897986623,529.703,527.513
1784546938996,7,527.690081041316,527.683374535598,529.95,527.166
1784546939096,7,527.732431869402,527.352362861257,530.197,526.818
1784546939196,7,527.766269380512,527.022920819453,530.444,526.471
1784546939296,7,527.791509028271,526.695102040988,530.691,526.124
1784546939396,7,527.80807585469,526.368955952437,530.938,525.777
1784546939496,7,527.81590469783,526.044526637436,531.185,525.43
1784546939596,7,527.814941139793,525.721853132517,531.432,525.083
1784546939696,7,527.805143080441,525.400970783916,531.68,524.736
1784546939796,7,527.78648392991,525.081912508374,531.927,524.389
1784546939896,7,527.758953864039,524.764709298802,532.174,524.042
1784546939996,7,527.722561723358,524.449390368023,532.421,523.694
1784546940096,7,527.677335597923,524.135980204542,532.668,523.347
1784546940196,7,527.62332299823,523.824498315147,532.915,523
1784546940296,7,527.560591146956,523.514958016719,533.162,522.653
1784546940396,7,527.48922770459,523.207365591641,533.41,522.306
1784546940496,7,527.409342113369,522.901719941112,533.657,521.959
1784546940596,7,527.321067643145,522.598012731105,533.904,521.612
1784546940696,7,527.224562676467,522.296228850845,534.039,521.287
1784546940796,7,527.120011260837,521.996345973835,533.409,521.115
1784546940896,7,527.007623125717,521.698334088633,532.78,520.943
1784546940996,7,526.88763239172,521.402156383807,532.151,520.771
1784546941096,7,526.760296866915,521.107770313495,531.522,520.598
1784546941196,7,526.625895473729,520.815128335538,530.892,520.426
1784546941296,7,526.484724631722,520.524177405379,530.263,520.254
1784546941396,7,526.337093080927,520.23485767261,529.634,520.082
1784546941496,7,526.18331883448,519.947102709212,529.005,519.91
1784546941596,7,526.023727314078,519.66084067065,528.375,519.737
1784546941696,7,525.858650382655,519.375995495707,527.746,519.565
1784546941796,7,525.688426332279,519.092488347171,527.117,519.393
1784546941896,7,525.513398772982,518.810238798083,526.487,519.221
1784546941996,7,525.333915773546,518.5291656583,525.858,519.049
1784546942096,7,525.150326446692,518.249186487888,525.229,518.876
1784546942196,7,524.962976784915,517.970218318313,524.6,518.704
1784546942296,7,524.772208375193,517.69217818144,523.97,518.532
1784546942396,7,524.578358239787,517.414983428442,523.341,518.36
1784546942496,7,524.381756886007,517.138552460282,522.712,518.188
1784546942596,7,524.18272439205,516.862804884131,522.083,518.015
1784546942696,7,523.981568169546,516.587662099639,521.453,517.843
1784546942796,7,523.778580931032,516.313047559319,520.824,517.671
1784546942896,7,523.574040318477,516.038886727814,520.195,517.499
1784546942996,7,523.368206817692,515.76510807898,519.566,517.327
1784546943096,7,523.161321505625,515.491644259734,518.936,517.155
1784546943196,7,522.953605243292,515.2184326201,518.307,516.982
1784546943296,7,522.74525511324,514.945415309489,517.678,516.81
1784546943396,7,522.536443096314,514.672540236801,517.048,516.638
1784546943496,7,522.3273162446,514.399762132097,516.419,516.466
1784546943596,7,522.117996260022,514.127043770936,515.79,516.294
1784546943696,7,521.908576870776,513.854356884399,515.161,516.121
1784546943796,7,521.699120890336,513.581681912385,514.531,515.949
1784546871496,8,293.981716223124,500.911591109875,293.03,500.422
1784546871596,8,294.195793550282,501.074126185799,293.309,500.654
1784546871696,8,294.411196373145,501.237659469488,293.588,500.886
1784546871796,8,294.627922386953,501.402165638281,293.867,501.118
1784546871896,8,294.845966451223,501.567608440522,294.147,501.35
1784546871996,8,295.065319964979,501.733943457129,294.426,501.582
1784546872096,8,295.285970812214,501.90112120614,294.705,501.814
1784546872196,8,295.507903034258,502.069087333896,294.984,502.045
1784546872296,8,295.731097903613,502.237781962636,295.263,502.277
1784546872396,8,295.955534516719,502.407140401734,295.543,502.509
1784546872496,8,296.181190004989,502.577096754572,295.822,502.741
1784546872596,8,296.408039877524,502.74758553586,296.101,502.973
1784546872696,8,296.636058377144,502.918541234384,296.38,503.205
1784546872796,8,296.865217921713,503.089898301125,296.66,503.437
1784546872896,8,297.095488950919,503.261593493473,296.939,503.669
1784546872996,8,297.326840611018,503.433566392527,297.218,503.901
1784546873096,8,297.559243171085,503.605760828297,297.497,504.133
1784546873196,8,297.792668942976,503.778124991415,297.777,504.365
1784546873296,8,298.027091908147,503.950611036731,298.056,504.597
1784546873396,8,298.262487585393,504.123175530865,298.335,504.829
1784546873496,8,298.498832071513,504.29577876277,298.614,505.061
1784546873596,8,298.736100485541,504.468383153324,298.893,505.293
1784546873696,8,298.974266909032,504.640952415814,299.173,505.525
1784546873796,8,299.213304111982,504.813451240267,299.452,505.757
1784546873896,8,299.453184114743,504.985844157514,299.731,505.989
1784546873996,8,299.693878974591,505.158095419878,300.01,506.221
1784546874096,8,299.935361607863,505.330169639522,300.29,506.453
1784546874196,8,300.177606885895,505.502033168682,300.569,506.685
1784546874296,8,300.420592405664,505.673653791911,300.848,506.917
1784546874396,8,300.664298865643,505.845000771485,301.127,507.149
1784546874496,8,300.90870996319,506.01604777328,301.407,507.381
1784546874596,8,301.153812469826,506.186774572869,301.686,507.613
1784546874696,8,301.399597435776,506.357167937029,301.965,507.845
1784546874796,8,301.646060370846,506.52722116261,302.244,508.077
1784546874896,8,301.893201648309,506.696933278967,302.523,508.309
1784546874996,8,302.141025550398,506.866308389991,302.803,508.541
1784546875096,8,302.38953925046,507.035355025279,303.082,508.773
1784546875196,8,302.638751736672,507.204083858487,303.361,509.005
1784546875296,8,302.888672993569,507.372506509301,303.64,509.237
1784546875396,8,303.139314770879,507.540634753572,303.92,509.469
1784546875496,8,303.390692736386,507.708479734844,304.199,509.701
1784546875596,8,303.642828354829,507.876050707489,304.478,509.933
1784546875696,8,303.895748325595,508.043352371924,304.757,510.165
1784546875796,8,304.149483402252,508.210386219798,305.037,510.397
1784546875896,8,304.404067475703,508.377159202907,305.316,510.629
1784546875996,8,304.659537457022,508.543677408028,305.595,510.861
1784546876096,8,304.915933198223,508.709926886139,305.874,511.093
1784546876196,8,305.173299863943,508.875868806341,306.153,511.325
1784546876296,8,305.431688414487,509.041439854981,306.433,511.557
1784546876396,8,305.691154916355,509.206551515603,306.712,511.789
1784546876496,8,305.951760225432,509.371088581292,306.991,512.021
1784546876596,8,306.21357223801,509.534911954101,307.27,512.253
1784546876696,8,306.476666592888,509.697869551275,307.55,512.485
1784546876796,8,306.741125738959,509.859798087271,307.829,512.717
1784546876896,8,307.007037783316,510.020525121099,308.108,512.949
1784546876996,8,307.274495395454,510.179884202611,308.387,513.181
1784546877096,8,307.543595319604,510.337718425644,308.667,513.413
1784546877196,8,307.814440020669,510.493880688587,308.946,513.645
1784546877296,8,308.087137149335,510.6482335988,309.225,513.877
1784546877396,8,308.361796943719,510.800650307829,309.504,514.109
1784546877496,8,308.638525107207,510.951013044216,309.783,514.341
1784546877596,8,308.917418108758,511.09920653654,310.063,514.573
1784546877696,8,309.198561600123,511.24511090219,310.342,514.805
1784546877796,8,309.482029877684,511.388599636095,310.621,515.037
1784546877896,8,309.767884301871,511.529538927772,310.9,515.269
1784546877996,8,310.056173300134,511.667789127656,311.18,515.501
1784546878096,8,310.346934527074,511.803212639845,311.459,515.733
1784546878196,8,310.64019425892,511.935675253545,311.738,515.965
1784546878296,8,310.935965757593,512.065044096527,312.017,516.197
1784546878396,8,311.234248457675,512.191183758106,312.297,516.429
1784546878496,8,311.535027808619,512.31395490929,312.576,516.661
1784546878596,8,311.838274160551,512.433214486878,312.855,516.893
1784546878696,8,312.14394139258,512.548818573504,313.134,517.125
1784546878796,8,312.451966085172,512.660624042462,313.413,517.357
1784546878896,8,312.762268204149,512.768489562655,313.693,517.589
1784546878996,8,313.074751415097,512.872280455864,313.972,517.821
1784546879096,8,313.389303298534,512.971871881521,314.251,518.053
1784546879196,8,313.705797063578,513.067148976062,314.53,518.285
1784546879296,8,314.024091482549,513.158006386847,314.81,518.517
1784546879396,8,314.344029785069,513.244348448217,315.089,518.748
1784546879496,8,314.665439617237,513.326091611921,315.368,518.98
1784546879596,8,314.988136702316,513.403166136254,315.647,519.212
1784546879696,8,315.311934195799,513.475516205749,315.926,519.444
1784546879796,8,315.636647122611,513.543100355513,316.213,519.56
1784546879896,8,315.962092068848,513.605892005084,316.512,519.469
1784546879996,8,316.288087690282,513.663878248855,316.811,519.379
1784546880096,8,316.61445913467,513.717058693871,317.111,519.288
1784546880196,8,316.941038108936,513.765445032657,317.41,519.197
1784546880296,8,317.267661249018,513.809060794293,317.709,519.107
1784546880396,8,317.594168744946,513.847937583721,318.008,519.016
1784546880496,8,317.920404292327,513.882105946116,318.308,518.925
1784546880596,8,318.246219285214,513.911612769509,318.607,518.835
1784546880696,8,318.571472748775,513.93652751791,318.906,518.744
1784546880796,8,318.896029911424,513.956941569702,319.205,518.653
1784546880896,8,319.219761323612,513.972965853968,319.505,518.563
1784546880996,8,319.542543031709,513.984733038336,319.804,518.472
1784546881096,8,319.864257211032,513.992389113407,320.103,518.382
1784546881196,8,320.184791517115,513.996071356797,320.402,518.291
1784546881296,8,320.504039741831,513.995903227027,320.702,518.2
1784546881396,8,320.821901148121,513.991995011959,321.001,518.11
1784546881496,8,321.138279444971,513.984443995949,321.3,518.019
1784546881596,8,321.453082517828,513.973334478053,321.599,517.928
1784546881696,8,321.76622128946,513.958743080771,321.899,517.838
1784546881796,8,322.07760886579,513.940758261417,322.198,517.747
1784546881896,8,322.387161320704,513.919474962473,322.497,517.656
1784546881996,8,322.694798373649,513.894980601214,322.796,517.566
1784546882096,8,323.000442361382,513.867367629545,323.096,517.475
1784546882196,8,323.304016493905,513.836735984787,323.395,517.384
1784546882296,8,323.605442212029,513.803183386503,323.694,517.294
1784546882396,8,323.904637463747,513.766795970685,323.993,517.203
1784546882496,8,324.201516529822,513.727656138872,324.293,517.113
1784546882596,8,324.495993619083,513.685845292334,324.592,517.022
1784546882696,8,324.787982908497,513.641444054235,324.891,516.931
1784546882796,8,325.077397830907,513.594534069424,325.19,516.841
1784546882896,8,325.364152180357,513.54520404374,325.49,516.75
1784546882996,8,325.648159805762,513.49355141173,325.789,516.659
1784546883096,8,325.92933559709,513.439683031473,326.088,516.569
1784546883196,8,326.20759708886,513.38371737959,326.387,516.478
1784546883296,8,326.482864866581,513.325785656939,326.687,516.387
1784546883396,8,326.755064706926,513.266031669057,326.986,516.297
1784546883496,8,327.024127779191,513.204610660844,327.285,516.206
1784546883596,8,327.289990316573,513.141690553852,327.584,516.115
1784546883696,8,327.552592356875,513.07744639612,327.884,516.025
1784546883796,8,327.811875671271,513.012042572961,328.183,515.934
1784546883896,8,328.067782535249,512.945628706422,328.482,515.843
1784546883996,8,328.320255073881,512.878339961376,328.781,515.753
1784546884096,8,328.569233606192,512.810300882235,329.081,515.662
1784546884196,8,328.814657784456,512.741639991699,329.38,515.572
1784546884296,8,329.056468686619,512.672494357188,329.679,515.481
1784546884396,8,329.294604337816,512.603010092953,329.978,515.39
1784546884496,8,329.528995701778,512.533342683911,330.278,515.3
1784546884596,8,329.75956473893,512.463656613666,330.577,515.209
1784546884696,8,329.986221927986,512.394122847228,330.876,515.118
1784546884796,8,330.208864879628,512.324917462125,331.175,515.028
1784546884896,8,330.427377441196,512.256218541777,331.475,514.937
1784546884996,8,330.641629472561,512.188204719357,331.774,514.846
1784546885096,8,330.851478972353,512.121055249737,332.073,514.756
1784546885196,8,331.056772464792,512.054950327768,332.372,514.665
1784546885296,8,331.25734666718,511.990072726334,332.672,514.574
1784546885396,8,331.453031791968,511.926613425063,332.971,514.484
1784546885496,8,331.643654151534,511.864773309677,333.27,514.393
1784546885596,8,331.829039284838,511.804762848522,333.569,514.302
1784546885696,8,332.009012532474,511.746800164587,333.869,514.212
1784546885796,8,332.183400528382,511.691110767896,334.168,514.121
1784546885896,8,332.352031256321,511.637927826567,334.467,514.031
1784546885996,8,332.514733543432,511.587491673766,334.766,513.94
1784546886096,8,332.671337782354,511.540047457523,335.066,513.849
1784546886196,8,332.821677203429,511.495846284445,335.365,513.759
1784546886296,8,332.965585937502,511.455145856985,335.664,513.668
1784546886396,8,333.102900132528,511.418210264909,335.963,513.577
1784546886496,8,333.233459310813,511.385307879614,336.263,513.487
1784546886596,8,333.357111397981,511.356708572936,336.562,513.396
1784546886696,8,333.473714113144,511.332683712391,336.861,513.305
1784546886796,8,333.583134390128,511.313507894575,337.16,513.215
1784546886896,8,333.685245482534,511.299458315961,337.46,513.124
1784546886996,8,333.779919394619,511.290814558417,337.759,513.033
1784546887096,8,333.867024678561,511.287857955759,338.058,512.943
1784546887196,8,333.946426317126,511.290868837402,338.357,512.852
1784546887296,8,334.01798728926,511.300125739318,338.657,512.762
1784546887396,8,334.081571437248,511.315901154238,338.956,512.671
1784546887496,8,334.13704504215,511.338450023409,339.255,512.58
1784546887596,8,334.184278344699,511.368021034138,339.554,512.49
1784546887696,8,334.223147041986,511.404858411996,339.854,512.399
1784546887796,8,334.253534303189,511.449201275389,340.153,512.308
1784546887896,8,334.275331405559,511.501283462878,340.452,512.218
1784546887996,8,334.288438331829,511.561333249982,340.751,512.127
1784546888096,8,334.292763196932,511.629572803709,341.051,512.036
1784546888196,8,334.2882237321,511.706216557883,341.35,511.946
1784546888296,8,334.274750800851,511.791465821616,341.649,511.855
1784546888396,8,334.25228955334,511.885499870812,341.948,511.764
1784546888496,8,334.220799317178,511.988453327965,342.248,511.674
1784546888596,8,334.180254536135,512.100429153541,342.547,511.583
1784546888696,8,334.130646245542,512.221484363501,342.846,511.492
1784546888796,8,334.071982687099,512.351650224757,343.145,511.402
1784546888896,8,334.004289481156,512.490939300114,343.445,511.311
1784546888996,8,333.927610014422,512.639347972856,343.744,511.221
1784546889096,8,333.842007794678,512.79685753463,344.043,511.13
1784546889196,8,333.747574861722,512.963433490574,344.342,511.039
1784546889296,8,333.644434384516,513.139024192198,344.642,510.949
1784546889396,8,333.532741152985,513.323560028429,344.596,511.042
1784546889496,8,333.412681968606,513.516947650859,344.066,511.394
1784546889596,8,333.284475068755,513.719069109802,343.536,511.747
1784546889696,8,333.148367596448,513.929786894474,343.007,512.099
1784546889796,8,333.004634906483,514.148946887617,342.477,512.451
1784546889896,8,332.853579894392,514.376378733859,341.947,512.803
1784546889996,8,332.695533041496,514.611896042234,341.417,513.156
1784546890096,8,332.530851266668,514.855298145564,340.887,513.508
1784546890196,8,332.359915704758,515.106371617126,340.357,513.86
1784546890296,8,332.183130877719,515.364890273657,339.827,514.213
1784546890396,8,332.000924907643,515.630614882883,339.297,514.565
1784546890496,8,331.813749638275,515.903294194302,338.767,514.917
1784546890596,8,331.622079633013,516.18266691703,338.237,515.269
1784546890696,8,331.426415732256,516.468465125916,337.707,515.622
1784546890796,8,331.227290260868,516.760416095556,337.177,515.974
1784546890896,8,331.025269927622,517.058244222707,336.647,516.326
1784546890996,8,330.820955597954,517.361670383985,336.118,516.679
1784546891096,8,330.614978354368,517.670410369399,335.588,517.031
1784546891196,8,330.40798188871,517.984172773006,335.058,517.383
1784546891296,8,330.200616157019,518.302657375491,334.528,517.735
1784546891396,8,329.993535526024,518.625554122165,333.998,518.088
1784546891496,8,329.78739837512,518.952543469449,333.468,518.44
1784546891596,8,329.582866807202,519.283295548336,332.938,518.792
1784546891696,8,329.380606055482,519.617469972286,332.408,519.145
1784546891796,8,329.181280238181,519.954719716551,331.878,519.497
1784546891896,8,328.985550800877,520.294693603657,331.348,519.849
1784546891996,8,328.794075137934,520.63703617572,330.818,520.201
1784546892096,8,328.607503285683,520.981387116783,330.288,520.554
1784546892196,8,328.426476437411,521.327382223856,329.758,520.906
1784546892296,8,328.251627442714,521.67465318324,329.229,521.258
1784546892396,8,328.083581862354,522.022827037726,328.699,521.611
1784546892496,8,327.922959626418,522.371527074544,328.169,521.963
1784546892596,8,327.770376029857,522.720380303062,327.639,522.315
1784546892696,8,327.626440450209,523.069017677216,327.109,522.667
1784546892796,8,327.491747989089,523.417070773788,326.579,523.02
1784546892896,8,327.366874225759,523.764170491109,326.049,523.372
1784546892996,8,327.252373072061,524.10994840331,325.519,523.724
1784546893096,8,327.148771479652,524.454035817912,324.989,524.076
1784546893196,8,327.05656652288,524.796062391298,324.459,524.429
1784546893296,8,326.976225095398,525.135655096495,323.929,524.781
1784546893396,8,326.908184013965,525.472437030871,323.399,525.133
1784546893496,8,326.852849428752,525.806026293395,322.869,525.486
1784546893596,8,326.810593474348,526.136036040654,322.34,525.838
1784546893696,8,326.781749722295,526.462073888665,321.81,526.19
1784546893796,8,326.766611675854,526.783743639151,321.28,526.542
1784546893896,8,326.765432335184,527.100655759492,320.75,526.895
1784546893996,8,326.778421708786,527.412444932175,320.22,527.247
1784546894096,8,326.805742169836,527.718774199602,319.972,527.509
1784546894196,8,326.847506301811,528.019337476508,320.486,527.527
1784546894296,8,326.903772648323,528.31385414461,320.999,527.545
1784546894396,8,326.974545793913,528.602071463556,321.513,527.563
1784546894496,8,327.059781337654,528.883783758503,322.026,527.58
1784546894596,8,327.159386969505,529.158829288115,322.54,527.598
1784546894696,8,327.273222454961,529.427061788958,323.053,527.616
1784546894796,8,327.401099415398,529.688344496174,323.567,527.634
1784546894896,8,327.542782671196,529.942548893107,324.08,527.652
1784546894996,8,327.697995461608,530.189551811727,324.594,527.67
1784546895096,8,327.866421860923,530.429235919542,325.107,527.688
1784546895196,8,328.047707195691,530.661487992637,325.621,527.706
1784546895296,8,328.2414600946,530.886193274675,326.134,527.724
1784546895396,8,328.447252693425,531.103234206538,326.648,527.742
1784546895496,8,328.664621143175,531.312492413527,327.161,527.76
1784546895596,8,328.893067532404,531.513845647134,327.675,527.778
1784546895696,8,329.132061890227,531.707166805175,328.188,527.795
1784546895796,8,329.381042334877,531.892326169696,328.702,527.813
1784546895896,8,329.639417011275,532.069194928567,329.216,527.831
1784546895996,8,329.906568225801,532.237656139849,329.729,527.849
1784546896096,8,330.181860064147,532.397606812905,330.243,527.867
1784546896196,8,330.464642927856,532.548955559893,330.756,527.885
1784546896296,8,330.754261501904,532.69161560804,331.27,527.903
1784546896396,8,331.050061428128,532.825502530971,331.783,527.921
1784546896496,8,331.351393544408,532.950533580522,332.297,527.939
1784546896596,8,331.657613722363,533.066633320675,332.81,527.957
1784546896696,8,331.968082140037,533.173758085097,333.324,527.975
1784546896796,8,332.28216250178,533.271901694437,333.837,527.992
1784546896896,8,332.599221058671,533.361095281121,334.351,528.01
1784546896996,8,332.918626516654,533.441408134623,334.864,528.028
1784546897096,8,333.239748897373,533.512947262687,335.378,528.046
1784546897196,8,333.561958044105,533.575851323375,335.891,528.064
1784546897296,8,333.884622391873,533.630269270096,336.405,528.082
1784546897396,8,334.207108545342,533.676341898586,336.918,528.1
1784546897496,8,334.528780316227,533.714199578205,337.432,528.118
1784546897596,8,334.848998338535,533.743967836903,337.945,528.136
1784546897696,8,335.167119633706,533.765768634006,338.459,528.154
1784546897796,8,335.482499596165,533.779720220636,338.972,528.172
1784546897896,8,335.794493744769,533.785938558288,339.486,528.19
1784546897996,8,336.102458902713,533.784539735334,339.999,528.207
1784546898096,8,336.40575875986,533.7756270518,340.513,528.225
1784546898196,8,336.703764168121,533.759287424418,341.026,528.243
1784546898296,8,336.995852069424,533.735591463489,341.54,528.261
1784546898396,8,337.28140577969,533.704592881544,342.053,528.279
1784546898496,8,337.559815313632,533.666325406152,342.567,528.297
1784546898596,8,337.830477038492,533.620802902483,343.08,528.315
1784546898696,8,338.092792560368,533.56802269504,343.594,528.333
1784546898796,8,338.346167861457,533.507966564686,344.107,528.351
1784546898896,8,338.590018013739,533.440605048927,344.621,528.369
1784546898996,8,338.823784885399,533.365918894116,345.134,528.387
1784546899096,8,339.046944863732,533.283923680965,345.648,528.405
1784546899196,8,339.259009957377,533.194677380807,346.161,528.422
1784546899296,8,339.459530398535,533.098283268535,346.675,528.44
1784546899396,8,339.648096623287,532.994890864695,347.188,528.458
1784546899496,8,339.824339010515,532.88468894862,347.702,528.476
1784546899596,8,339.98792744382,532.767872479673,348.215,528.494
1784546899696,8,340.138572127108,532.644620288258,348.729,528.512
1784546899796,8,340.276023288757,532.515091229154,349.242,528.53
1784546899896,8,340.400070813098,532.379424758579,349.756,528.548
1784546899996,8,340.510545035078,532.237742203355,349.514,528.45
1784546900096,8,340.607320211845,532.090158424043,349.173,528.337
1784546900196,8,340.690315385645,531.936824811486,348.832,528.224
1784546900296,8,340.759493489982,531.777940541108,348.492,528.111
1784546900396,8,340.814859634663,531.61374605465,348.151,527.998
1784546900496,8,340.856456051734,531.444494860337,347.81,527.885
1784546900596,8,340.884360642467,531.270443450981,347.47,527.772
1784546900696,8,340.89868650564,531.091837636255,347.129,527.659
1784546900796,8,340.899580090449,530.908910696869,346.788,527.546
1784546900896,8,340.887218177874,530.721888038001,346.447,527.433
1784546900996,8,340.861806224749,530.530987895369,346.107,527.32
1784546901096,8,340.823578095431,530.336417792029,345.766,527.208
1784546901196,8,340.772796009653,530.138374327452,345.425,527.095
1784546901296,8,340.70975043836,529.937044088444,345.085,526.982
1784546901396,8,340.634758596997,529.732614008818,344.744,526.869
1784546901496,8,340.548161180528,529.525310041327,344.403,526.756
1784546901596,8,340.450320678747,529.315407547155,344.063,526.643
1784546901696,8,340.341617923961,529.103227408091,343.722,526.53
1784546901796,8,340.222442280407,528.88911345174,343.381,526.417
1784546901896,8,340.093179810212,528.673412046753,343.041,526.304
1784546901996,8,339.954210893538,528.456468804237,342.7,526.191
1784546902096,8,339.80590931227,528.238629543285,342.359,526.078
1784546902196,8,339.648641121499,528.020241189596,342.019,525.965
1784546902296,8,339.482764226931,527.801651524886,341.678,525.852
1784546902396,8,339.308628922088,527.58320688227,341.337,525.739
1784546902496,8,339.126579441425,527.365252030742,340.996,525.626
1784546902596,8,338.936957883166,527.148128715952,340.656,525.513
1784546902696,8,338.74010613374,526.932171574087,340.315,525.4
1784546902796,8,338.536367641231,526.717707121942,339.974,525.287
1784546902896,8,338.326087437858,526.505054709663,339.634,525.174
1784546902996,8,338.109612748055,526.294528181199,339.293,525.062
1784546903096,8,337.887293164116,526.086437219869,338.952,524.949
1784546903196,8,337.659478474858,525.881089077982,338.612,524.836
1784546903296,8,337.426518909828,525.678789736861,338.271,524.723
1784546903396,8,337.18876570895,525.479844964548,337.93,524.61
1784546903496,8,336.946569687676,525.28456066687,337.59,524.497
1784546903596,8,336.7002796943,525.093239640481,337.249,524.384
1784546903696,8,336.450243072891,524.906180119221,336.908,524.271
1784546903796,8,336.196806019429,524.723677457064,336.568,524.158
1784546903896,8,335.940313438227,524.54602885693,336.227,524.045
1784546903996,8,335.68110780202,524.373532629447,335.886,523.932
1784546904096,8,335.419523309976,524.206488505877,335.545,523.819
1784546904196,8,335.155884215595,524.045198935692,335.205,523.706
1784546904296,8,334.890505584581,523.889969154329,334.864,523.593
1784546904396,8,334.623694486544,523.741105344842,334.523,523.48
1784546904496,8,334.355751223824,523.598909004754,334.183,523.367
1784546904596,8,334.086970808323,523.463676106496,333.842,523.254
1784546904696,8,333.817645337889,523.335697753663,333.501,523.141
1784546904796,8,333.548065442573,523.215260811696,333.161,523.028
1784546904896,8,333.278520750976,523.102648374713,332.82,522.915
1784546904996,8,333.009299414624,522.998139691918,332.479,522.803
1784546905096,8,332.740688311789,522.902010009014,332.139,522.69
1784546905196,8,332.472971253574,522.814530463883,331.798,522.577
1784546905296,8,332.206427735256,522.735968339258,331.457,522.464
1784546905396,8,331.941333839772,522.666587451697,331.117,522.351
1784546905496,8,331.677963665446,522.606648190654,330.776,522.238
1784546905596,8,331.416589255375,522.556406481861,330.435,522.125
1784546905696,8,331.157480345842,522.516113549512,330.094,522.012
1784546905796,8,330.900904630667,522.486016103826,329.754,521.899
1784546905896,8,330.647126150424,522.46635652959,329.413,521.786
1784546905996,8,330.396404902983,522.457372629288,329.072,521.673
1784546906096,8,330.148996870612,522.459296124434,328.732,521.56
1784546906196,8,329.905153783565,522.472352183738,328.391,521.447
1784546906296,8,329.665123343623,522.496758533722,328.05,521.334
1784546906396,8,329.429148745047,522.532723805275,327.71,521.221
1784546906496,8,329.197467774612,522.580447423974,327.369,521.108
1784546906596,8,328.970312760308,522.64011831902,327.028,520.995
1784546906696,8,328.747909058202,522.711913944216,326.688,520.882
1784546906796,8,328.530470787321,522.795998040253,326.347,520.769
1784546906896,8,328.318195775053,522.892518219028,326.006,520.656
1784546906996,8,328.111263351019,523.001602648135,325.666,520.544
1784546907096,8,327.9098313842,523.123358930004,325.325,520.431
1784546907196,8,327.714035417261,523.257873591193,324.984,520.318
1784546907296,8,327.523987581823,523.405211371293,324.643,520.205
1784546907396,8,327.33977606837,523.565413635772,324.303,520.092
1784546907496,8,327.161465712495,523.738495725436,323.962,519.979
1784546907596,8,326.989098681517,523.924444823317,323.621,519.866
1784546907696,8,326.822694058137,524.123218895447,323.281,519.753
1784546907796,8,326.662243636214,524.334745700121,322.94,519.64
1784546907896,8,326.507710481136,524.558921026379,322.599,519.527
1784546907996,8,326.359028371488,524.795606374456,322.259,519.414
1784546908096,8,326.216101858734,525.044628123032,321.918,519.301
1784546908196,8,326.078805419487,525.305775633444,321.577,519.188
1784546908296,8,325.946983707311,525.57879924938,321.395,519.272
1784546908396,8,325.82045233423,525.863409277556,321.581,519.811
1784546908496,8,325.698998907474,526.159276432701,321.766,520.351
1784546908596,8,325.582383725149,526.466032130965,321.951,520.89
1784546908696,8,325.470340727781,526.783268451962,322.137,521.43
1784546908796,8,325.362579844017,527.110538176893,322.322,521.969
1784546908896,8,325.258789759358,527.447354988836,322.508,522.509
1784546908996,8,325.158640629825,527.793197359474,322.693,523.048
1784546909096,8,325.06178643927,528.147508439906,322.879,523.588
1784546909196,8,324.967871934989,528.509694895258,323.064,524.127
1784546909296,8,324.876537838829,528.87912738176,323.249,524.667
1784546909396,8,324.787422566476,529.255151321936,323.435,525.206
1784546909496,8,324.700163981744,529.637104722449,323.62,525.746
1784546909596,8,324.614397719952,530.02431911036,323.806,526.285
1784546909696,8,324.529754089596,530.416111010356,323.991,526.825
1784546909796,8,324.445858291494,530.811780132467,324.177,527.364
1784546909896,8,324.362332715223,531.210614391421,324.362,527.904
1784546909996,8,324.278796621006,531.611900611134,324.548,528.443
1784546910096,8,324.194867821583,532.014964371156,324.733,528.983
1784546910196,8,324.110163504118,532.41917852685,324.918,529.522
1784546910296,8,324.024301258755,532.823961324387,325.104,530.062
1784546910396,8,323.936902480966,533.228778539471,325.289,530.601
1784546910496,8,323.847595573231,533.633157702982,325.475,531.141
1784546910596,8,323.756018069541,534.036690232549,325.66,531.68
1784546910696,8,323.661817833544,534.439030984764,325.846,532.22
1784546910796,8,323.564654893492,534.839895189575,326.031,532.759
1784546910896,8,323.464200812901,535.239023391788,326.216,533.299
1784546910996,8,323.360140014414,535.636148490542,326.402,533.838
1784546911096,8,323.252170586746,536.030999983422,326.587,534.378
1784546911196,8,323.140004606614,536.423305346722,326.773,534.917
1784546911296,8,323.023367977492,536.812788187032,326.958,535.457
1784546911396,8,322.90200078719,537.199167105258,327.144,535.996
1784546911496,8,322.775657169297,537.582157584908,327.329,536.536
1784546911596,8,322.644103818456,537.961475718199,327.515,537.075
1784546911696,8,322.50712283321,538.336842107923,327.7,537.615
1784546911796,8,322.364513812826,538.707981287658,327.885,538.154
1784546911896,8,322.216094693138,539.074618753625,328.071,538.694
1784546911996,8,322.061702414018,539.436474383724,328.256,539.234
1784546912096,8,321.901193252662,539.793259510707,328.442,539.773
1784546912196,8,321.734441816854,540.144676474869,328.627,540.313
1784546912296,8,321.561340263041,540.490423361809,328.813,540.852
1784546912396,8,321.381798212851,540.830199920843,328.998,541.392
1784546912496,8,321.19573922567,541.163709828419,329.183,541.931
1784546912596,8,321.003091415967,541.490660110905,329.369,542.471
1784546912696,8,320.803785886001,541.810760867486,329.554,543.01
1784546912796,8,320.597757860621,542.123725041643,329.74,543.55
1784546912896,8,320.384948553256,542.429271027596,329.925,544.089
1784546912996,8,320.165306657678,542.727124701587,330.111,544.629
1784546913096,8,319.938790521019,543.017018784337,330.296,545.168
1784546913196,8,319.705366192157,543.298700798682,330.481,545.708
1784546913296,8,319.464995386012,543.571967139343,330.667,546.247
1784546913396,8,319.217639858354,543.836662201926,330.852,546.787
1784546913496,8,318.963282193767,544.092653181519,331.038,547.326
1784546913596,8,318.701907297784,544.339855750887,330.647,547.529
1784546913696,8,318.433496715597,544.578230919713,330.026,547.596
1784546913796,8,318.158028455764,544.80778322313,329.405,547.664
1784546913896,8,317.875476055498,545.028568474337,328.784,547.732
1784546913996,8,317.585805632842,545.240692664043,328.163,547.8
1784546914096,8,317.288981323609,545.444304292849,327.542,547.868
1784546914196,8,316.984966787738,545.639597303299,326.921,547.936
1784546914296,8,316.673721720439,545.826801225968,326.3,548.004
1784546914396,8,316.355202057002,546.006177028216,325.679,548.071
1784546914496,8,316.029360492971,546.17801854272,325.058,548.139
1784546914596,8,315.696144227466,546.342657214122,324.438,548.207
1784546914696,8,315.355499377842,546.500455682802,323.817,548.275
1784546914796,8,315.007386643418,546.651800233366,323.196,548.343
1784546914896,8,314.651781968264,546.797082658181,322.575,548.411
1784546914996,8,314.288676984935,546.936694145518,321.954,548.479
1784546915096,8,313.918080475049,547.071023608296,321.333,548.546
1784546915196,8,313.540019181086,547.200456840301,320.712,548.614
1784546915296,8,313.15453864992,547.325375887982,320.091,548.682
1784546915396,8,312.76170232568,547.446158447552,319.47,548.75
1784546915496,8,312.361587500529,547.563177280571,318.849,548.818
1784546915596,8,311.954283805472,547.676800005393,318.228,548.886
1784546915696,8,311.539894454189,547.787389977744,317.607,548.954
1784546915796,8,311.118537521348,547.895306473441,316.986,549.021
1784546915896,8,310.690345616771,548.000905592739,316.365,549.089
1784546915996,8,310.255462395777,548.104540110292,315.744,549.157
1784546916096,8,309.81404325056,548.206558910774,315.123,549.225
1784546916196,8,309.366257345777,548.307306016525,314.502,549.293
1784546916296,8,308.912289685423,548.407119164164,313.881,549.361
1784546916396,8,308.452341645284,548.506328848431,313.26,549.428
1784546916496,8,307.986626846372,548.605257465056,312.639,549.496
1784546916596,8,307.515371745332,548.704218845704,312.018,549.564
1784546916696,8,307.038817628353,548.803518135662,311.397,549.632
1784546916796,8,306.557221115724,548.903452164398,310.776,549.7
1784546916896,8,306.070852353373,549.004312192463,310.156,549.768
1784546916996,8,305.579996198737,549.106385452144,309.535,549.836
1784546917096,8,305.084954323923,549.209956053741,308.914,549.903
1784546917196,8,304.586047043222,549.315303366432,308.293,549.971
1784546917296,8,304.083613996304,549.422701232052,307.672,550.039
1784546917396,8,303.578010384983,549.532417493834,307.051,550.107
1784546917496,8,303.069607083373,549.644713169487,306.43,550.175
1784546917596,8,302.558790374933,549.759840588093,305.809,550.243
1784546917696,8,302.045962821859,549.87804233174,305.188,550.311
1784546917796,8,301.531542918541,549.999550645068,304.567,550.378
1784546917896,8,301.015963827565,550.12458726493,303.946,550.446
1784546917996,8,300.499671528646,550.253364580894,303.325,550.514
1784546918096,8,299.983120597284,550.386086681805,302.704,550.582
1784546918196,8,299.466773877715,550.522950753386,302.083,550.65
1784546918296,8,298.951101924497,550.664147310075,301.462,550.718
1784546918396,8,298.436583624674,550.809860158613,300.991,550.939
1784546918496,8,297.92370704615,550.960265870281,300.588,551.23
1784546918596,8,297.41296926003,551.115532589264,300.185,551.521
1784546918696,8,296.904869127175,551.275816906708,299.782,551.813
1784546918796,8,296.399898453252,551.441261080439,299.379,552.104
1784546918896,8,295.898540255897,551.611992282647,298.976,552.395
1784546918996,8,295.401268362495,551.788123371742,298.573,552.686
1784546919096,8,294.908546023297,551.969751657785,298.17,552.977
1784546919196,8,294.420826205442,552.156955810042,297.767,553.268
1784546919296,8,293.938554496535,552.349794351636,297.364,553.56
1784546919396,8,293.462167507363,552.548290031158,296.961,553.851
1784546919496,8,292.992088643404,552.7524297638,296.558,554.142
1784546919596,8,292.528728895592,552.962182918672,296.155,554.433
1784546919696,8,292.07248834398,553.177505804848,295.752,554.724
1784546919796,8,291.623755696095,553.398342128827,295.349,555.015
1784546919896,8,291.182909770318,553.624623385557,294.947,555.307
1784546919996,8,290.75032000062,553.856268831285,294.544,555.598
1784546920096,8,290.326349668579,554.093187187566,294.141,555.889
1784546920196,8,289.91135535446,554.335275717237,293.738,556.18
1784546920296,8,289.505684305969,554.582418970539,293.335,556.471
1784546920396,8,289.109672554002,554.834488171136,292.932,556.762
1784546920496,8,288.72364605974,555.091342201693,292.529,557.054
1784546920596,8,288.347921617493,555.352827202709,292.126,557.345
1784546920696,8,287.982804815618,555.618775435655,291.723,557.636
1784546920796,8,287.628590654469,555.889004887232,291.32,557.927
1784546920896,8,287.28556498009,556.163321339227,290.917,558.218
1784546920996,8,286.954005230278,556.441518480778,290.514,558.509
1784546921096,8,286.634181919596,556.723381831736,290.111,558.801
1784546921196,8,286.326360629669,557.008700292481,289.708,559.092
1784546921296,8,286.03080350629,557.297264825876,289.305,559.383
1784546921396,8,285.747768947111,557.588858451596,288.902,559.674
1784546921496,8,285.477507606883,557.88326605742,288.499,559.965
1784546921596,8,285.220262372308,558.180275156718,288.096,560.256
1784546921696,8,284.976269491171,558.479673921554,287.693,560.548
1784546921796,8,284.745759742437,558.78125038478,287.29,560.839
1784546921896,8,284.528959214295,559.084792532193,286.887,561.13
1784546921996,8,284.326088127748,559.390087272357,286.484,561.421
1784546922096,8,284.137357477385,559.696919632583,286.081,561.712
1784546922196,8,283.962965735933,560.005071331061,285.678,562.003
1784546922296,8,283.803096854228,560.314317292514,285.275,562.295
1784546922396,8,283.657915623467,560.624418457511,284.872,562.586
1784546922496,8,283.527565795341,560.935118940639,284.469,562.877
1784546922596,8,283.41216552257,561.246145772351,284.066,563.168
1784546922696,8,283.31180863705,561.557214732735,283.663,563.459
1784546922796,8,283.226573101641,561.868040196419,283.26,563.75
1784546922896,8,283.156522217054,562.178333678084,282.857,564.042
1784546922996,8,283.101700063143,562.487792601607,282.454,564.333
1784546923096,8,283.062130591864,562.796097643682,282.051,564.624
1784546923196,8,283.037817885129,563.102911616078,281.648,564.915
1784546923296,8,283.028747061787,563.407882276441,281.245,565.206
1784546923396,8,283.034887637062,563.710658587709,280.842,565.497
1784546923496,8,283.05619584842,564.010896214034,280.44,565.789
1784546923596,8,283.09261596859,564.308257268024,280.037,566.08
1784546923696,8,283.144082276377,564.602417099131,279.634,566.371
1784546923796,8,283.210519369217,564.893088286958,279.231,566.662
1784546923896,8,283.291841426526,565.180024960753,278.828,566.953
1784546923996,8,283.387949918288,565.463019341889,278.425,567.244
1784546924096,8,283.498731370509,565.741899867517,278.022,567.536
1784546924196,8,283.62405132663,566.016529861787,277.619,567.827
1784546924296,8,283.76375156701,566.286806250504,277.216,568.118
1784546924396,8,283.917647403553,566.552659200988,277.141,568.329
1784546924496,8,284.085523878637,566.814055648922,277.691,568.389
1784546924596,8,284.267134340144,567.071003345817,278.24,568.449
1784546924696,8,284.462201080059,567.32354924814,278.789,568.508
1784546924796,8,284.670420255303,567.571774190216,279.339,568.568
1784546924896,8,284.89146363129,567.815791700972,279.888,568.628
1784546924996,8,285.124980743952,568.055746357613,280.438,568.688
1784546925096,8,285.370596427176,568.291795813331,280.987,568.747
1784546925196,8,285.62791242098,568.524105219514,281.537,568.807
1784546925296,8,285.896508317168,568.752846125787,282.086,568.867
1784546925396,8,286.175941133952,568.978194416224,282.636,568.926
1784546925496,8,286.465745203165,569.20032502566,283.185,568.986
1784546925596,8,286.765435606417,569.419408696292,283.735,569.046
1784546925696,8,287.074510742621,569.635610634897,284.284,569.105
1784546925796,8,287.392453423156,569.849089410855,284.834,569.165
1784546925896,8,287.718733307697,570.059995641805,285.383,569.225
1784546925996,8,288.05280867382,570.268471218528,285.933,569.284
1784546926096,8,288.394127903625,570.474649701752,286.482,569.344
1784546926196,8,288.742131104114,570.678656388075,287.031,569.404
1784546926296,8,289.096251408875,570.880609782815,287.581,569.464
1784546926396,8,289.455922285347,571.080636141993,288.13,569.523
1784546926496,8,289.820579017637,571.278896705628,288.68,569.583
1784546926596,8,290.189657399095,571.475593016145,289.229,569.643
1784546926696,8,290.562593208006,571.670965079609,289.779,569.702
1784546926796,8,290.938826133826,571.865290691033,290.328,569.762
1784546926896,8,291.317800907021,572.058885954881,290.878,569.822
1784546926996,8,291.698966624316,572.252096468064,291.427,569.881
1784546927096,8,292.081777977502,572.4452698643,291.977,569.941
1784546927196,8,292.465695187789,572.638747747937,292.526,570.001
1784546927296,8,292.850183381461,572.8328643901,293.076,570.061
1784546927396,8,293.234711269254,573.027945098646,293.625,570.12
1784546927496,8,293.618750364463,573.224304594363,294.175,570.18
1784546927596,8,294.001774650867,573.422245882177,294.724,570.24
1784546927696,8,294.383263279873,573.622059127379,295.273,570.299
1784546927796,8,294.762703499469,573.824020963391,295.823,570.359
1784546927896,8,295.139591133208,574.028394629641,296.372,570.419
1784546927996,8,295.513429806146,574.235432670617,296.922,570.478
1784546928096,8,295.883730978529,574.445376775366,297.471,570.538
1784546928196,8,296.25001589106,574.658456930681,298.021,570.598
1784546928296,8,296.611816355475,574.874890478741,298.57,570.658
1784546928396,8,296.968675523057,575.094881077503,299.12,570.717
1784546928496,8,297.320149978322,575.318617833498,299.669,570.777
1784546928596,8,297.665810172229,575.546275507295,300.219,570.837
1784546928696,8,298.005240850668,575.778013950724,300.768,570.896
1784546928796,8,298.338044222019,576.0139770894,301.318,570.956
1784546928896,8,298.663842310656,576.254291955435,301.867,571.016
1784546928996,8,298.982276376613,576.499067575029,302.416,571.075
1784546929096,8,299.293006464976,576.748393714652,302.966,571.135
1784546929196,8,299.595711737222,577.002339716764,303.515,571.195
1784546929296,8,299.890093222026,577.260953334449,304.065,571.254
1784546929396,8,300.175874485517,577.524259889983,304.614,571.314
1784546929496,8,300.452802065735,577.792262474759,305.164,571.374
1784546929596,8,300.720646378229,578.064941072489,305.713,571.434
1784546929696,8,300.979203202293,578.342250672081,306.263,571.493
1784546929796,8,301.228293730847,578.624117482921,306.771,571.594
1784546929896,8,301.467763541424,578.910437020611,306.7,572.272
1784546929996,8,301.697481430078,579.201072939801,306.629,572.95
1784546930096,8,301.917338819316,579.495858783097,306.557,573.628
1784546930196,8,302.127250869775,579.794606986355,306.486,574.306
1784546930296,8,302.327156631579,580.097111064543,306.415,574.985
1784546930396,8,302.517019714178,580.403144594375,306.343,575.663
1784546930496,8,302.696827749252,580.712460673468,306.272,576.341
1784546930596,8,302.86659149727,581.024791774563,306.201,577.019
1784546930696,8,303.0263434784,581.33984647527,306.129,577.698
1784546930796,8,303.176135108345,581.65730770529,306.058,578.376
1784546930896,8,303.316034528059,581.976833474107,305.987,579.054
1784546930996,8,303.446121983369,582.298054833977,305.915,579.732
1784546931096,8,303.566487057148,582.620573697561,305.844,580.411
1784546931196,8,303.677227572115,582.943962251635,305.773,581.089
1784546931296,8,303.778448295777,583.267763539592,305.701,581.767
1784546931396,8,303.870260240277,583.591490810175,305.63,582.445
1784546931496,8,303.952780336816,583.914630987608,305.559,583.124
1784546931596,8,304.026131596002,584.236657412038,305.487,583.802
1784546931696,8,304.090442926989,584.557033307822,305.416,584.48
1784546931796,8,304.145849855949,584.875217098097,305.345,585.158
1784546931896,8,304.192497265144,585.190666980625,305.273,585.837
1784546931996,8,304.230538594911,585.502846507746,305.202,586.515
1784546932096,8,304.260135282231,585.811226832929,305.131,587.193
1784546932196,8,304.28145721248,586.115286618619,305.059,587.871
1784546932296,8,304.294684470631,586.414512981947,304.988,588.55
1784546932396,8,304.300004131351,586.708394550112,304.917,589.228
1784546932496,8,304.297604684509,586.996406731926,304.845,589.906
1784546932596,8,304.287672591743,587.27800702908,304.774,590.584
1784546932696,8,304.270383500547,587.552632981817,304.703,591.263
1784546932796,8,304.245901909719,587.819706018645,304.631,591.941
1784546932896,8,304.214388519713,588.078651564087,304.56,592.619
1784546932996,8,304.176002163687,588.328903142158,304.489,593.297
1784546933096,8,304.130900120523,588.569904339929,304.417,593.976
1784546933196,8,304.07924236716,588.801124472634,304.346,594.654
1784546933296,8,304.021202189894,589.022073054384,304.275,595.332
1784546933396,8,303.956956734315,589.23228823357,304.203,596.01
1784546933496,8,303.886686033831,589.431339406908,304.132,596.688
1784546933596,8,303.810573853821,589.618828183613,304.061,597.367
1784546933696,8,303.728806287334,589.794384354996,303.989,598.045
1784546933796,8,303.641566900621,589.957655702662,303.918,598.723
1784546933896,8,303.549040729239,590.108318418151,303.847,599.401
1784546933996,8,303.451409611296,590.246083237735,303.775,600.08
1784546934096,8,303.348849298259,590.370683953787,303.704,600.758
1784546934196,8,303.241529457908,590.481885506316,303.624,601.347
1784546934296,8,303.129614065787,590.579484015161,303.434,600.858
1784546934396,8,303.013261176735,590.663295447526,303.244,600.369
1784546934496,8,302.892620919733,590.733148943786,303.053,599.881
1784546934596,8,302.767832073172,590.788881174331,302.863,599.392
1784546934696,8,302.639021736977,590.830334856319,302.673,598.903
1784546934796,8,302.506305917152,590.857358494142,302.483,598.414
1784546934896,8,302.369791138185,590.869808240938,302.293,597.925
1784546934996,8,302.229579100674,590.867555989455,302.103,597.436
1784546935096,8,302.085766692158,590.850487582015,301.913,596.948
1784546935196,8,301.938441999546,590.818492046813,301.723,596.459
1784546935296,8,301.787689245995,590.771470930661,301.533,595.97
1784546935396,8,301.6335846027,590.709325415808,301.343,595.481
1784546935496,8,301.476195200587,590.631952196023,301.153,594.992
1784546935596,8,301.315581546538,590.539248109055,300.963,594.503
1784546935696,8,301.151806429919,590.431130371076,300.773,594.014
1784546935796,8,300.984942940369,590.307551364023,300.583,593.526
1784546935896,8,300.815076629438,590.168501567618,300.393,593.037
1784546935996,8,300.642306294164,590.014009825454,300.203,592.548
1784546936096,8,300.46674478188,589.844143473468,300.013,592.059
1784546936196,8,300.288519156195,589.659006071654,299.823,591.57
1784546936296,8,300.107768844565,589.458732006372,299.633,591.081
1784546936396,8,299.924645302829,589.243482515661,299.443,590.592
1784546936496,8,299.739309425093,589.013442870175,299.253,590.104
1784546936596,8,299.551924975044,588.768814161463,299.063,589.615
1784546936696,8,299.362653800996,588.509804797345,298.872,589.126
1784546936796,8,299.171657577584,588.236624186882,298.682,588.637
1784546936896,8,298.97909920509,587.94947367385,298.492,588.148
1784546936996,8,298.78514370746,587.648547815559,298.302,587.659
1784546937096,8,298.589959148834,587.334045163047,298.112,587.17
1784546937196,8,298.393718401071,587.006172781099,297.922,586.682
1784546937296,8,298.196603142408,586.665150802948,297.732,586.193
1784546937396,8,297.998804287584,586.311214935183,297.542,585.704
1784546937496,8,297.800521935885,585.944614742921,297.352,585.215
1784546937596,8,297.601963742248,585.565602125847,297.162,584.726
1784546937696,8,297.403344633383,585.174427022314,296.972,584.237
1784546937796,8,297.204885442181,584.771338453115,296.782,583.749
1784546937896,8,297.006813142983,584.35658672876,296.592,583.26
1784546937996,8,296.809361297963,583.930427405562,296.402,582.771
1784546938096,8,296.612770862936,583.493125852894,296.212,582.282
1784546938196,8,296.417291758652,583.044960769227,296.022,581.793
1784546938296,8,296.223185733675,582.586229104999,295.832,581.304
1784546938396,8,296.030724319658,582.117241968692,295.642,580.815
1784546938496,8,295.840184893778,581.638312556437,295.452,580.327
1784546938596,8,295.651848949021,581.149751459303,295.262,579.838
1784546938696,8,295.465997522334,580.651853818525,295.072,579.349
1784546938796,8,295.282907074445,580.144893237211,294.882,578.86
1784546938896,8,295.102847614468,579.629124109576,294.691,578.371
1784546938996,8,294.926079656713,579.1047891881,294.501,577.882
1784546939096,8,294.752850897793,578.572124325793,294.311,577.393
1784546939196,8,294.583395273172,578.031361204933,294.121,576.905
1784546939296,8,294.41793016741,577.482728780601,293.931,576.416
1784546939396,8,294.256656156446,576.926451049937,293.741,575.927
1784546939496,8,294.09975690168,576.362746322149,293.551,575.438
1784546939596,8,293.947398362147,575.791829120771,293.361,574.949
1784546939696,8,293.799727872242,575.213911340473,293.171,574.46
1784546939796,8,293.656873550602,574.629201069757,292.981,573.972
1784546939896,8,293.518944284102,574.037904265165,292.791,573.483
1784546939996,8,293.386029545004,573.440227078842,292.808,572.841
1784546940096,8,293.258198646956,572.836378513233,292.853,572.179
1784546940196,8,293.135497735136,572.226572428428,292.899,571.516
1784546940296,8,293.017945326862,571.611027650116,292.944,570.853
1784546940396,8,292.905530274654,570.989971210866,292.99,570.191
1784546940496,8,292.798212316249,570.363641227474,293.035,569.528
1784546940596,8,292.695924765755,569.73228626295,293.08,568.865
1784546940696,8,292.598578202694,569.096158319379,293.126,568.203
1784546940796,8,292.506063684444,568.455512779685,293.171,567.54
1784546940896,8,292.418254094424,567.810608717222,293.217,566.877
1784546940996,8,292.335005784799,567.161705382824,293.262,566.215
1784546941096,8,292.256161448609,566.509054184496,293.308,565.552
1784546941196,8,292.181551448347,565.852894736056,293.353,564.89
1784546941296,8,292.110994874951,565.193454644787,293.399,564.227
1784546941396,8,292.044300056473,564.530949630302,293.444,563.564
1784546941496,8,291.981265079045,563.865584838149,293.49,562.902
1784546941596,8,291.921679337969,563.19755729532,293.535,562.239
1784546941696,8,291.865326551338,562.527057542689,293.58,561.576
1784546941796,8,291.811988177126,561.854267742531,293.626,560.914
1784546941896,8,291.761445435354,561.179362872027,293.671,560.251
1784546941996,8,291.713481332884,560.502512477348,293.717,559.588
1784546942096,8,291.667881407001,559.823881557447,293.762,558.926
1784546942196,8,291.624434389097,559.143629868976,293.808,558.263
1784546942296,8,291.582932840069,558.461911865429,293.853,557.6
1784546942396,8,291.543175115467,557.778878986729,293.899,556.938
1784546942496,8,291.50496825533,557.09468196093,293.944,556.275
1784546942596,8,291.468130002266,556.409470333732,293.99,555.613
1784546942696,8,291.432488987661,555.723392103098,294.035,554.95
1784546942796,8,291.397883607017,555.036591253287,294.08,554.287
1784546942896,8,291.36416184503,554.349200959402,294.126,553.625
1784546942996,8,291.331181458788,553.661337967795,294.171,552.962
1784546943096,8,291.298810226152,552.973104070267,294.217,552.299
1784546943196,8,291.266926682753,552.284588590221,294.262,551.637
1784546943296,8,291.235421328474,551.59586848155,294.308,550.974
1784546943396,8,291.20419701908,550.907008680651,294.353,550.311
1784546943496,8,291.173169113458,550.218059471818,294.399,549.649
1784546943596,8,291.142265620227,549.52905802625,294.444,548.986
1784546943696,8,291.111428156792,548.840030965231,294.489,548.324
1784546943796,8,291.080615643081,548.150994916798,294.535,547.661
1784546871496,9,584.678467564961,710.808660027471,577.241,716.13
1784546871596,9,585.066586509969,710.929624604967,577.847,716.1
1784546871696,9,585.457073079076,711.051367009268,578.452,716.07
1784546871796,9,585.849866252012,711.17393301176,579.058,716.04
1784546871896,9,586.24487437336,711.297388601939,579.663,716.011
1784546871996,9,586.64197686747,711.421818548109,580.269,715.981
1784546872096,9,587.04102692968,711.547325403479,580.874,715.951
1784546872196,9,587.441853727997,711.674028748486,581.48,715.921
1784546872296,9,587.844261873701,711.802063961842,582.085,715.891
1784546872396,9,588.248032154852,711.931580605174,582.691,715.861
1784546872496,9,588.652923186739,712.062741883586,583.296,715.831
1784546872596,9,589.058671155795,712.19572490047,583.902,715.801
1784546872696,9,589.464988802026,712.330719469816,584.507,715.772
1784546872796,9,589.871565888842,712.467928351665,585.113,715.742
1784546872896,9,590.278069861814,712.607566846108,585.718,715.712
1784546872996,9,590.684149421508,712.749861597355,586.324,715.682
1784546873096,9,591.089439510813,712.895048555136,586.929,715.652
1784546873196,9,591.493561369373,713.043371974273,587.535,715.622
1784546873296,9,591.896122594804,713.195083735633,588.14,715.592
1784546873396,9,592.296716383697,713.350442323503,588.745,715.562
1784546873496,9,592.694920879455,713.509710798802,589.351,715.533
1784546873596,9,593.09029847117,713.673156164121,589.956,715.503
1784546873696,9,593.482394597907,713.841049775558,590.562,715.473
1784546873796,9,593.870738848975,714.013664808753,591.167,715.443
1784546873896,9,594.254851339624,714.191274599659,591.773,715.413
1784546873996,9,594.63425043692,714.374150305634,592.378,715.383
1784546874096,9,595.00846807906,714.562554114583,592.984,715.353
1784546874196,9,595.377055542253,714.756736214225,593.589,715.323
1784546874296,9,595.739582628875,714.956933722383,594.195,715.294
1784546874396,9,596.09563594506,715.163369775746,594.8,715.264
1784546874496,9,596.444817205281,715.376252592241,595.406,715.234
1784546874596,9,596.786740953483,715.595776218069,596.011,715.204
1784546874696,9,597.12103330036,715.822124343572,596.617,715.174
1784546874796,9,597.447341427241,716.055462818615,597.222,715.144
1784546874896,9,597.765336058336,716.295936963351,597.828,715.114
1784546874996,9,598.074709139695,716.5436721503,598.433,715.084
1784546875096,9,598.375175332604,716.798773102626,599.039,715.055
1784546875196,9,598.666476330078,717.061323080717,599.644,715.025
1784546875296,9,598.948377225779,717.331384088627,600.25,714.995
1784546875396,9,599.220675915295,717.608996001146,600.855,714.965
1784546875496,9,599.483202823922,717.894177100142,601.461,714.935
1784546875596,9,599.735811251117,718.186929999688,602.066,714.905
1784546875696,9,599.97837419643,718.487241560393,602.672,714.875
1784546875796,9,600.21078363328,718.795079841119,603.277,714.845
1784546875896,9,600.432948919167,719.110394368116,603.883,714.816
1784546875996,9,600.644795710582,719.433114694216,604.488,714.786
1784546876096,9,600.846262709771,719.763147760905,605.094,714.756
1784546876196,9,601.037289498336,720.10038011924,605.699,714.726
1784546876296,9,601.217813778872,720.444678336132,606.305,714.696
1784546876396,9,601.387778703188,720.795887973181,606.91,714.666
1784546876496,9,601.547145681213,721.153823600096,607.062,714.887
1784546876596,9,601.695882626057,721.518272929742,606.783,715.344
1784546876696,9,601.833959115596,721.888997978088,606.504,715.802
1784546876796,9,601.961344697677,722.265735414864,606.226,716.26
1784546876896,9,602.078008395288,722.648194807236,605.947,716.717
1784546876996,9,602.183915049066,723.036064332988,605.668,717.175
1784546877096,9,602.279024073223,723.429011752206,605.39,717.633
1784546877196,9,602.363289567378,723.826685462276,605.111,718.09
1784546877296,9,602.436660023006,724.228713378022,604.832,718.548
1784546877396,9,602.499081772809,724.63470050293,604.554,719.006
1784546877496,9,602.550514033182,725.044224771813,604.275,719.463
1784546877596,9,602.590932805192,725.456834593333,603.996,719.921
1784546877696,9,602.620336097455,725.872044350677,603.718,720.379
1784546877796,9,602.638760232776,726.289322099031,603.439,720.836
1784546877896,9,602.646279697947,726.708087704315,603.16,721.294
1784546877996,9,602.642985132414,727.127725189694,602.882,721.752
1784546878096,9,602.628955743847,727.547600737256,602.603,722.209
1784546878196,9,602.604252330394,727.967079878344,602.324,722.667
1784546878296,9,602.56891736065,728.385548306118,602.046,723.125
1784546878396,9,602.522976713097,728.802417850586,601.767,723.582
1784546878496,9,602.466443080857,729.217125304336,601.488,724.04
1784546878596,9,602.399327292721,729.629127012375,601.21,724.498
1784546878696,9,602.32166256619,730.037882639386,600.931,724.955
1784546878796,9,602.233510510426,730.442847975473,600.652,725.413
1784546878896,9,602.134961453103,730.843473021113,600.374,725.871
1784546878996,9,602.026132402926,731.239204650316,600.095,726.328
1784546879096,9,601.907156288456,731.629496446479,599.816,726.786
1784546879196,9,601.778172204366,732.013810543374,599.538,727.244
1784546879296,9,601.63932596846,732.391617114118,599.259,727.701
1784546879396,9,601.490778691174,732.762397013772,598.98,728.159
1784546879496,9,601.332705856048,733.125642487834,598.702,728.617
1784546879596,9,601.165287750164,733.480859295181,598.423,729.074
1784546879696,9,600.988721929397,733.827566181811,598.144,729.532
1784546879796,9,600.803221869312,734.165294158159,597.866,729.99
1784546879896,9,600.609001899471,734.49358517625,597.587,730.447
1784546879996,9,600.406277348922,734.811990843821,597.308,730.905
1784546880096,9,600.195278092891,735.120071109012,597.03,731.363
1784546880196,9,599.976240696285,735.417393873392,596.751,731.82
1784546880296,9,599.74940561715,735.703535955727,596.472,732.278
1784546880396,9,599.51501886537,735.97808363361,596.193,732.735
1784546880496,9,599.27333306543,736.240637335918,595.915,733.193
1784546880596,9,599.024606572238,736.490817274162,595.636,733.651
1784546880696,9,598.769099673937,736.728264231305,595.357,734.108
1784546880796,9,598.507072684627,736.952639317053,595.079,734.566
1784546880896,9,598.238781869881,737.163625442409,594.8,735.024
1784546880996,9,597.964479397514,737.36092583946,594.521,735.481
1784546881096,9,597.684414591725,737.544264999294,594.243,735.939
1784546881196,9,597.398836152467,737.713386502217,593.964,736.397
1784546881296,9,597.107997207511,737.868056091589,593.685,736.854
1784546881396,9,596.81215579087,738.008062230499,593.407,737.312
1784546881496,9,596.511569020529,738.133215664617,593.128,737.77
1784546881596,9,596.206492682517,738.243350000599,592.849,738.227
1784546881696,9,595.897180862984,738.338322353715,592.571,738.685
1784546881796,9,595.583880305774,738.418013866685,592.292,739.143
1784546881896,9,595.266830182014,738.482332951567,592.013,739.6
1784546881996,9,594.94626358109,738.531217814276,591.735,740.058
1784546882096,9,594.622408993901,738.56463745116,591.458,740.031
1784546882196,9,594.295491814036,738.582594510729,591.184,739.565
1784546882296,9,593.965736455239,738.585125552525,590.909,739.1
1784546882396,9,593.633369467082,738.572299563024,590.635,738.635
1784546882496,9,593.298619209427,738.544217685113,590.36,738.169
1784546882596,9,592.961719055881,738.501013276641,590.086,737.704
1784546882696,9,592.622907441031,738.44285068518,589.812,737.239
1784546882796,9,592.282431805904,738.369921121063,589.537,736.773
1784546882896,9,591.94054874175,738.282443865138,589.263,736.308
1784546882996,9,591.59752321778,738.180664422766,588.988,735.843
1784546883096,9,591.253623119371,738.064853670374,588.714,735.377
1784546883196,9,590.90911870759,737.935306214585,588.439,734.912
1784546883296,9,590.564282042827,737.792339303565,588.165,734.446
1784546883396,9,590.219385560542,737.636288798373,587.89,733.981
1784546883496,9,589.874702996229,737.467507260322,587.616,733.516
1784546883596,9,589.530508408225,737.286361297835,587.341,733.05
1784546883696,9,589.187070044339,737.093227650408,587.067,732.585
1784546883796,9,588.844672709614,736.88848485113,586.792,732.12
1784546883896,9,588.503673901551,736.672489439513,586.518,731.654
1784546883996,9,588.164519019573,736.445568380668,586.243,731.189
1784546884096,9,587.827745463628,736.208010030425,585.969,730.724
1784546884196,9,587.493968830779,735.960064673283,585.695,730.258
1784546884296,9,587.163819425578,735.701954058581,585.42,729.793
1784546884396,9,586.837923819182,735.433876448581,585.146,729.328
1784546884496,9,586.516903628478,735.156013089725,584.871,728.862
1784546884596,9,586.201369304275,734.868548655315,584.597,728.397
1784546884696,9,585.891917191388,734.571677895437,584.322,727.932
1784546884796,9,585.589129048677,734.265608669352,584.048,727.466
1784546884896,9,585.29356898095,733.950563334406,583.773,727.001
1784546884996,9,585.005783735425,733.626777572432,583.499,726.535
1784546885096,9,584.726304085822,733.294496652382,583.224,726.07
1784546885196,9,584.455646175791,732.953971445561,582.95,725.605
1784546885296,9,584.194311646992,732.605456225688,582.675,725.139
1784546885396,9,583.942784196623,732.249209029677,582.401,724.674
1784546885496,9,583.701529623174,731.885492797958,582.126,724.209
1784546885596,9,583.470995337386,731.514575419523,581.852,723.743
1784546885696,9,583.251606039513,731.136730146923,581.578,723.278
1784546885796,9,583.043766676745,730.752235600945,581.303,722.813
1784546885896,9,582.847859453391,730.361371901536,581.029,722.347
1784546885996,9,582.664243495061,729.964420973796,580.754,721.882
1784546886096,9,582.493257072114,729.561667593622,580.48,721.417
1784546886196,9,582.335222382342,729.153399414273,580.205,720.951
1784546886296,9,582.190440556986,728.739907667799,579.931,720.486
1784546886396,9,582.059182846712,728.321487133054,579.656,720.021
1784546886496,9,581.941687146138,727.898437083078,579.382,719.555
1784546886596,9,581.838159960461,727.471061169884,579.107,719.09
1784546886696,9,581.748774913258,727.039668747433,578.833,718.624
1784546886796,9,581.673678719704,726.604574983529,578.558,718.159
1784546886896,9,581.613003286682,726.166097473335,578.284,717.694
1784546886996,9,581.566866320157,725.724556900426,578.009,717.228
1784546887096,9,581.535361883306,725.280277866883,577.735,716.763
1784546887196,9,581.518557753393,724.833586975358,577.461,716.298
1784546887296,9,581.516493125917,724.38481392729,577.186,715.832
1784546887396,9,581.529175273511,723.93429288865,576.912,715.367
1784546887496,9,581.556578807704,723.482361050268,576.637,714.902
1784546887596,9,581.598645865122,723.029357416107,576.363,714.436
1784546887696,9,581.6552869564,722.57562421005,576.705,714.188
1784546887796,9,581.726381016117,722.121507795426,577.049,713.94
1784546887896,9,581.811773870497,721.667356902028,577.393,713.692
1784546887996,9,581.911272852124,721.213524013392,577.737,713.444
1784546888096,9,582.024645139382,720.760368166461,578.082,713.196
1784546888196,9,582.151617291812,720.308256108172,578.426,712.948
1784546888296,9,582.291878483674,719.857558861357,578.77,712.7
1784546888396,9,582.445096962527,719.408635856261,579.114,712.452
1784546888496,9,582.610931447494,718.961828464486,579.458,712.204
1784546888596,9,582.789033542229,718.517460992373,579.802,711.956
1784546888696,9,582.979048016246,718.075842633849,580.147,711.708
1784546888796,9,583.180615081968,717.63726899729,580.491,711.46
1784546888896,9,583.393372227157,717.202023760656,580.835,711.212
1784546888996,9,583.616955100981,716.770379213702,581.179,710.964
1784546889096,9,583.850997491523,716.342596261557,581.523,710.716
1784546889196,9,584.095131207034,715.918925732448,581.867,710.468
1784546889296,9,584.348986059487,715.499609886062,582.211,710.22
1784546889396,9,584.612191498176,715.084882642982,582.556,709.972
1784546889496,9,584.884377587913,714.674968947049,582.9,709.724
1784546889596,9,585.165174306683,714.270085932225,583.244,709.476
1784546889696,9,585.454210521142,713.87044480484,583.588,709.228
1784546889796,9,585.751113717397,713.47625278449,583.932,708.98
1784546889896,9,586.055509751641,713.087714928805,584.276,708.732
1784546889996,9,586.367022783476,712.705035293577,584.621,708.484
1784546890096,9,586.685276801364,712.32841584758,584.965,708.236
1784546890196,9,587.009896141088,711.958056692284,585.309,707.988
1784546890296,9,587.340504172523,711.594157540905,585.653,707.74
1784546890396,9,587.676721127124,711.236919220112,585.997,707.492
1784546890496,9,588.018162387636,710.886545315433,586.341,707.244
1784546890596,9,588.364436915029,710.543243843433,586.685,706.996
1784546890696,9,588.715147582888,710.207227781472,587.03,706.748
1784546890796,9,589.069897698871,709.878711813244,587.374,706.5
1784546890896,9,589.428293081627,709.557910835417,587.718,706.252
1784546890996,9,589.789941845145,709.245039392338,588.062,706.004
1784546891096,9,590.154455026422,708.940310433199,588.406,705.756
1784546891196,9,590.521446809493,708.643935335453,588.75,705.508
1784546891296,9,590.890536700694,708.35612399502,589.094,705.26
1784546891396,9,591.261349734659,708.077084877193,589.439,705.012
1784546891496,9,591.633516237975,707.807023554891,589.783,704.764
1784546891596,9,592.006671228306,707.546143292719,590.127,704.516
1784546891696,9,592.380454746285,707.294646077503,590.471,704.268
1784546891796,9,592.754512496559,707.052733296713,590.815,704.02
1784546891896,9,593.128495113861,706.820605451103,591.159,703.772
1784546891996,9,593.502056911497,706.598461391468,591.504,703.524
1784546892096,9,593.874855303985,706.3864976678,591.848,703.276
1784546892196,9,594.246551839584,706.184908046065,592.192,703.028
1784546892296,9,594.616811348277,705.993883768526,592.536,702.78
1784546892396,9,594.985300262299,705.813613052563,592.88,702.532
1784546892496,9,595.35168525838,705.644281206726,593.224,702.284
1784546892596,9,595.715633605809,705.486069706359,593.568,702.036
1784546892696,9,596.076814202893,705.339155817289,593.913,701.788
1784546892796,9,596.434897277282,705.203711619433,594.257,701.54
1784546892896,9,596.789554909019,705.079904240036,594.601,701.292
1784546892996,9,597.140460966453,704.967896187332,594.945,701.044
1784546893096,9,597.487292067438,704.867845066951,595.289,700.796
1784546893196,9,597.829727581294,704.779902052274,595.633,700.548
1784546893296,9,598.167449348355,704.704209918074,595.978,700.3
1784546893396,9,598.500144218133,704.640902741065,596.322,700.052
1784546893496,9,598.827505477177,704.590105202214,596.666,699.804
1784546893596,9,599.149235082557,704.551931385452,597.01,699.556
1784546893696,9,599.465043795674,704.526483724299,597.354,699.308
1784546893796,9,599.774652151588,704.513850873102,597.698,699.06
1784546893896,9,600.077792949205,704.514104816318,598.042,698.812
1784546893996,9,600.374212228599,704.527300202736,598.387,698.564
1784546894096,9,600.663668385464,704.553474248015,598.731,698.316
1784546894196,9,600.945931050831,704.592646340602,599.075,698.068
1784546894296,9,601.220781081644,704.644816556871,599.419,697.82
1784546894396,9,601.488011951632,704.709964348249,599.763,697.572
1784546894496,9,601.747432363331,704.788046786052,600.107,697.324
1784546894596,9,601.998865933082,704.878997467385,600.451,697.076
1784546894696,9,602.242150769314,704.982724380946,600.725,697.034
1784546894796,9,602.477141282279,705.099109477787,600.81,697.536
1784546894896,9,602.703710669251,705.228010724123,600.895,698.038
1784546894996,9,602.921750622664,705.369265075487,600.98,698.54
1784546895096,9,603.131170227794,705.522689269156,601.066,699.041
1784546895196,9,603.331894926149,705.688081884208,601.151,699.543
1784546895296,9,603.523864818637,705.865224920488,601.236,700.045
1784546895396,9,603.707030445992,706.053884988865,601.321,700.547
1784546895496,9,603.881349964007,706.253814456841,601.407,701.049
1784546895596,9,604.046789043805,706.464751596528,601.492,701.551
1784546895696,9,604.203318662158,706.686420822571,601.577,702.052
1784546895796,9,604.350915188178,706.918535854391,601.662,702.554
1784546895896,9,604.489564888677,707.1608004546,601.748,703.056
1784546895996,9,604.619263157959,707.412909177351,601.833,703.558
1784546896096,9,604.740008320381,707.674548691353,601.918,704.06
1784546896196,9,604.851799569965,707.94539943093,602.003,704.562
1784546896296,9,604.954635525877,708.225139190011,602.089,705.063
1784546896396,9,605.048511176749,708.513450569772,602.174,705.565
1784546896496,9,605.133415344629,708.810022550455,602.259,706.067
1784546896596,9,605.209325958791,709.114550980944,602.344,706.569
1784546896696,9,605.276213947785,709.426741925948,602.43,707.071
1784546896796,9,605.334044767861,709.746312049126,602.515,707.572
1784546896896,9,605.382779878081,710.072989423778,602.6,708.074
1784546896996,9,605.422376916346,710.406513049413,602.685,708.576
1784546897096,9,605.452789778442,710.746631886006,602.771,709.078
1784546897196,9,605.473969658287,711.09310534684,602.856,709.58
1784546897296,9,605.485865076408,711.445704214237,602.941,710.082
1784546897396,9,605.488421239099,711.804213234803,603.026,710.583
1784546897496,9,605.481580245139,712.168430924527,603.112,711.085
1784546897596,9,605.465282670476,712.538168015024,603.197,711.587
1784546897696,9,605.439468276285,712.913244923766,603.282,712.089
1784546897796,9,605.404077485959,713.293486715362,603.367,712.591
1784546897896,9,605.35905297276,713.678719992895,603.453,713.092
1784546897996,9,605.304340122807,714.068769363789,603.538,713.594
1784546898096,9,605.239885393798,714.463456685055,603.623,714.096
1784546898196,9,605.165628696496,714.862600519152,603.708,714.598
1784546898296,9,605.081499975197,715.266017307154,603.794,715.1
1784546898396,9,604.987419072707,715.673527612698,603.879,715.602
1784546898496,9,604.883296592168,716.084956973227,603.964,716.103
1784546898596,9,604.769035920279,716.50013491298,604.049,716.605
1784546898696,9,604.644532985162,716.918894108649,604.135,717.107
1784546898796,9,604.509676490337,717.341070768999,604.22,717.609
1784546898896,9,604.364348495509,717.766506518248,604.305,718.111
1784546898996,9,604.208425047117,718.195047647037,604.39,718.612
1784546899096,9,604.041777145982,718.626543212438,604.476,719.114
1784546899196,9,603.864274447713,719.060843068162,604.561,719.616
1784546899296,9,603.67579956623,719.497794000253,604.646,720.118
1784546899396,9,603.476274465599,719.937229790521,604.731,720.62
1784546899496,9,603.265664848515,720.378970268018,604.817,721.122
1784546899596,9,603.043967862465,720.822832369216,604.902,721.623
1784546899696,9,602.811197412887,721.26863491955,604.987,722.125
1784546899796,9,602.567384787556,721.716200389702,605.072,722.627
1784546899896,9,602.312580519532,722.165355766976,605.158,723.129
1784546899996,9,602.046855016523,722.615932939632,605.243,723.631
1784546900096,9,601.770297712226,723.067767951834,605.328,724.133
1784546900196,9,601.483017796516,723.520700931921,605.413,724.634
1784546900296,9,601.18514510398,723.974578635108,605.499,725.136
1784546900396,9,600.876829825815,724.42925736507,605.584,725.638
1784546900496,9,600.558244159486,724.884601902035,605.669,726.14
1784546900596,9,600.229586865629,725.340483474013,605.52,726.575
1784546900696,9,599.8910872118,725.796778244109,604.909,726.878
1784546900796,9,599.543006954419,726.253366113011,604.299,727.182
1784546900896,9,599.185640355317,726.710130055161,603.688,727.485
1784546900996,9,598.819309178433,727.16695912722,603.077,727.789
1784546901096,9,598.444360777212,727.623747948084,602.466,728.092
1784546901196,9,598.061167187186,728.080394810315,601.855,728.396
1784546901296,9,597.670125612664,728.536800642437,601.244,728.699
1784546901396,9,597.271657357281,728.992868894324,600.634,729.003
1784546901496,9,596.866207204977,729.448504738737,600.023,729.306
1784546901596,9,596.454239043306,729.903615285118,599.412,729.609
1784546901696,9,596.036235841146,730.358108752537,598.801,729.913
1784546901796,9,595.61270229475,730.81189247996,598.19,730.216
1784546901896,9,595.184167777397,731.264870572577,597.579,730.52
1784546901996,9,594.751187114806,731.716941722331,596.969,730.823
1784546902096,9,594.314342205829,732.167997095383,596.358,731.127
1784546902196,9,593.874242707705,732.617918909848,595.747,731.43
1784546902296,9,593.431520600645,733.066582014303,595.136,731.734
1784546902396,9,592.986820585487,733.513856587721,594.525,732.037
1784546902496,9,592.540792999461,733.959608470479,593.914,732.341
1784546902596,9,592.094093635594,734.403698528971,593.304,732.644
1784546902696,9,591.647383973832,734.845981352867,592.693,732.948
1784546902796,9,591.201329169049,735.286304601885,592.082,733.251
1784546902896,9,590.756596113911,735.72450825832,591.471,733.555
1784546902996,9,590.31385148431,736.160426137898,590.86,733.858
1784546903096,9,589.873761023073,736.593886037366,590.249,734.161
1784546903196,9,589.436990037126,737.024708444581,589.638,734.465
1784546903296,9,589.004201866937,737.45270508436,589.028,734.768
1784546903396,9,588.576055881015,737.877679160947,588.417,735.072
1784546903496,9,588.153206487585,738.29942543983,587.806,735.375
1784546903596,9,587.73630339517,738.717728864942,587.195,735.679
1784546903696,9,587.325992223888,739.132363720285,586.584,735.982
1784546903796,9,586.922914870966,739.543093706488,585.973,736.286
1784546903896,9,586.527706153561,739.949670718198,585.363,736.589
1784546903996,9,586.14099198607,740.351833267569,584.752,736.893
1784546904096,9,585.763386996426,740.749306310444,584.141,737.196
1784546904196,9,585.39549406233,741.141803579996,583.53,737.5
1784546904296,9,585.037903297938,741.529027447966,582.919,737.803
1784546904396,9,584.691187852504,741.910670129124,582.308,738.106
1784546904496,9,584.355902226031,742.286413525915,581.698,738.41
1784546904596,9,584.032581248077,742.655928365388,581.087,738.713
1784546904696,9,583.721739643168,743.018872984439,580.476,739.017
1784546904796,9,583.423871696747,743.374893023648,579.865,739.32
1784546904896,9,583.139443633726,743.723628651515,579.254,739.624
1784546904996,9,582.868872010256,744.064745231598,578.964,739.789
1784546905096,9,582.612516285277,744.397940983415,579.261,739.7
1784546905196,9,582.370680104485,744.722945701976,579.558,739.611
1784546905296,9,582.143616433914,745.039519201171,579.856,739.522
1784546905396,9,581.931532557424,745.347449724415,580.153,739.433
1784546905496,9,581.734596022763,745.646551853868,580.451,739.344
1784546905596,9,581.552936803358,745.936663632868,580.748,739.255
1784546905696,9,581.386648133573,746.217644914987,581.046,739.166
1784546905796,9,581.235788356564,746.489376279441,581.343,739.077
1784546905896,9,581.100385725378,746.751757521346,581.64,738.988
1784546905996,9,580.980440071264,747.004706680238,581.938,738.899
1784546906096,9,580.875924959264,747.248158034358,582.235,738.81
1784546906196,9,580.786794343336,747.482057365655,582.533,738.721
1784546906296,9,580.712984581351,747.706359576775,582.83,738.632
1784546906396,9,580.654414845303,747.92102711006,583.128,738.543
1784546906496,9,580.610987356912,748.126028791983,583.425,738.454
1784546906596,9,580.582587229258,748.321338826628,583.722,738.365
1784546906696,9,580.569082856142,748.506937524139,584.02,738.276
1784546906796,9,580.570327963938,748.682817132783,584.317,738.187
1784546906896,9,580.586165320579,748.848982787822,584.615,738.098
1784546906996,9,580.616429135025,749.005452203361,584.912,738.009
1784546907096,9,580.660945501543,749.152255024972,585.21,737.92
1784546907196,9,580.719532326359,749.28943217762,585.507,737.831
1784546907296,9,580.791999821458,749.417035583217,585.804,737.742
1784546907396,9,580.878152754053,749.535127783092,586.102,737.653
1784546907496,9,580.977792064467,749.643779978813,586.399,737.564
1784546907596,9,581.090715241942,749.74306818546,586.697,737.475
1784546907696,9,581.216716421154,749.833071942909,586.994,737.386
1784546907796,9,581.355587675514,749.91387385151,587.292,737.297
1784546907896,9,581.507119644302,749.985559165994,587.589,737.208
1784546907996,9,581.671103909361,750.048215478038,587.887,737.119
1784546908096,9,581.847334098921,750.101932396364,588.184,737.03
1784546908196,9,582.035605461408,750.146800935005,588.481,736.941
1784546908296,9,582.235714882188,750.182911989922,588.779,736.852
1784546908396,9,582.447462540265,750.210355715481,589.076,736.763
1784546908496,9,582.670651752431,750.229221064839,589.374,736.674
1784546908596,9,582.905088024841,750.239596170396,589.671,736.585
1784546908696,9,583.150578256155,750.241569325147,589.969,736.496
1784546908796,9,583.406930629216,750.23522944834,590.266,736.407
1784546908896,9,583.673953815883,750.220665780361,590.563,736.318
1784546908996,9,583.951457188055,750.197967297559,590.861,736.229
1784546909096,9,584.23925464788,750.167220715914,591.158,736.14
1784546909196,9,584.537168138961,750.12851008119,591.456,736.051
1784546909296,9,584.84502731896,750.081916657801,591.753,735.962
1784546909396,9,585.162668538109,750.027518089653,592.051,735.873
1784546909496,9,585.489933996394,749.965388446932,592.348,735.784
1784546909596,9,585.826671384809,749.895598650511,592.645,735.695
1784546909696,9,586.172734468226,749.818216023546,592.943,735.606
1784546909796,9,586.527982181134,749.733303922476,593.24,735.517
1784546909896,9,586.892277928376,749.64092209993,593.538,735.428
1784546909996,9,587.265489193795,749.541126974911,593.835,735.339
1784546910096,9,587.647487104012,749.433969572112,594.133,735.25
1784546910196,9,588.038145875358,749.319495249123,594.43,735.161
1784546910296,9,588.437342343665,749.197744291318,594.727,735.072
1784546910396,9,588.844955497412,749.06875244529,595.025,734.983
1784546910496,9,589.260867062974,748.932551354185,595.322,734.894
1784546910596,9,589.684961192905,748.789169514051,595.62,734.805
1784546910696,9,590.1171229383,748.638634453634,595.917,734.716
1784546910796,9,590.557237294363,748.480973791006,596.215,734.627
1784546910896,9,591.005189235102,748.316215938446,596.512,734.538
1784546910996,9,591.460862824753,748.144390157548,596.81,734.449
1784546911096,9,591.924140597124,747.965524599952,597.107,734.36
1784546911196,9,592.394903640727,747.77964642856,597.404,734.271
1784546911296,9,592.873030454811,747.586782636021,597.702,734.182
1784546911396,9,593.35839639519,747.386960866683,597.999,734.093
1784546911496,9,593.850873263317,747.180210401658,598.297,734.004
1784546911596,9,594.350331339251,746.966563094015,598.594,733.915
1784546911696,9,594.856638146555,746.746054161468,598.892,733.826
1784546911796,9,595.36965633086,746.518722695855,599.189,733.737
1784546911896,9,595.889242159461,746.284611885395,599.486,733.648
1784546911996,9,596.415243904666,746.043769770701,599.784,733.559
1784546912096,9,596.947500963199,745.796250484162,600.081,733.47
1784546912196,9,597.485844040999,745.542115445626,600.379,733.381
1784546912296,9,598.030093854495,745.281434275267,600.676,733.292
1784546912396,9,598.580060864212,745.014285084169,600.974,733.203
1784546912496,9,599.135544074065,744.740755471694,601.271,733.114
1784546912596,9,599.696328847475,744.460943682856,601.568,733.025
1784546912696,9,600.262185275902,744.174959515149,601.866,732.936
1784546912796,9,600.832868633607,743.882925349128,602.163,732.847
1784546912896,9,601.408118116243,743.584976648169,602.461,732.758
1784546912996,9,601.987654539149,743.28126245915,602.758,732.669
1784546913096,9,602.571178313118,742.971945596407,603.056,732.58
1784546913196,9,603.158369250532,742.657203170918,603.353,732.491
1784546913296,9,603.748886600782,742.337225578805,603.65,732.402
1784546913396,9,604.342367974317,742.012217824795,603.948,732.313
1784546913496,9,604.938427039732,741.682402414335,604.245,732.224
1784546913596,9,605.536652139638,741.348019476752,604.543,732.135
1784546913696,9,606.136606740526,741.0093283008,604.84,732.046
1784546913796,9,606.737828065351,740.666610307321,605.138,731.957
1784546913896,9,607.339825461429,740.320169158183,605.435,731.868
1784546913996,9,607.942078977695,739.970331502025,605.733,731.779
1784546914096,9,608.544041271227,739.617439313363,606.03,731.69
1784546914196,9,609.145143993603,739.261815618339,606.327,731.601
1784546914296,9,609.744799500777,738.903755828709,606.625,731.512
1784546914396,9,610.342399750751,738.543528808407,606.922,731.423
1784546914496,9,610.937315562529,738.181378490602,607.22,731.334
1784546914596,9,611.528896406725,737.817525531795,607.517,731.245
1784546914696,9,612.11646858619,737.452168861555,607.906,731.049
1784546914796,9,612.69933351552,737.08548738649,608.33,730.812
1784546914896,9,613.276768137479,736.717641838373,608.753,730.576
1784546914996,9,613.848027411677,736.348777553436,609.177,730.339
1784546915096,9,614.41236390631,735.97903176282,609.601,730.103
1784546915196,9,614.969062246693,735.608542178338,610.024,729.866
1784546915296,9,615.517446574956,735.237450175699,610.448,729.629
1784546915396,9,616.056878999848,734.86590239232,610.872,729.393
1784546915496,9,616.58675742027,734.494051449413,611.296,729.156
1784546915596,9,617.106514518885,734.122055706378,611.719,728.92
1784546915696,9,617.615618804149,733.750080278475,612.143,728.683
1784546915796,9,618.113576223676,733.378297748224,612.567,728.446
1784546915896,9,618.599929563643,733.006889641767,612.99,728.21
1784546915996,9,619.07425945953,732.636047526106,613.414,727.973
1784546916096,9,619.536183618699,732.265972159599,613.838,727.737
1784546916196,9,619.985356574443,731.896874336652,614.261,727.5
1784546916296,9,620.4214683384,731.528975264827,614.685,727.263
1784546916396,9,620.844244003805,731.16250584083,615.109,727.027
1784546916496,9,621.253444200781,730.797706709224,615.533,726.79
1784546916596,9,621.648867318949,730.434829247176,615.956,726.554
1784546916696,9,622.03034862099,730.074136930665,616.38,726.317
1784546916796,9,622.397758941279,729.715906022632,616.804,726.08
1784546916896,9,622.751004623743,729.360426202688,617.227,725.844
1784546916996,9,623.090027629671,729.008001553475,617.651,725.607
1784546917096,9,623.414808233805,728.658950249226,618.075,725.371
1784546917196,9,623.725364516596,728.313603815727,618.499,725.134
1784546917296,9,624.02174397046,727.972298654276,618.922,724.897
1784546917396,9,624.303994536292,727.635361928265,619.346,724.661
1784546917496,9,624.572156337141,727.303105105808,619.77,724.424
1784546917596,9,624.826271320167,726.975812226538,620.193,724.188
1784546917696,9,625.066425948843,726.653714643633,620.617,723.951
1784546917796,9,625.292761360109,726.336985467395,621.041,723.714
1784546917896,9,625.505472334756,726.025741073542,621.465,723.478
1784546917996,9,625.704805969745,725.720043725654,621.888,723.241
1784546918096,9,625.891057266899,725.419905533421,622.312,723.005
1784546918196,9,626.064551483916,725.125298867824,622.736,722.768
1784546918296,9,626.225612367648,724.836176670285,623.159,722.531
1784546918396,9,626.374553305022,724.552478427375,623.583,722.295
1784546918496,9,626.511676846576,724.274129525932,624.007,722.058
1784546918596,9,626.637285244578,724.00103473426,624.431,721.822
1784546918696,9,626.751671071004,723.733085398256,624.854,721.585
1784546918796,9,626.855116159598,723.470162838712,625.278,721.348
1784546918896,9,626.947892520256,723.212139641143,625.702,721.112
1784546918996,9,627.030264793372,722.958880850073,626.125,720.875
1784546919096,9,627.102490994743,722.710244236843,626.549,720.639
1784546919196,9,627.164824209699,722.466077772958,626.973,720.402
1784546919296,9,627.217513998043,722.226219572828,627.397,720.165
1784546919396,9,627.260806663659,721.990497718313,627.82,719.929
1784546919496,9,627.294944942298,721.758730346529,628.244,719.692
1784546919596,9,627.320168940837,721.530726117006,628.668,719.456
1784546919696,9,627.336718098249,721.306285606081,629.091,719.219
1784546919796,9,627.344831856466,721.08520180479,629.515,718.982
1784546919896,9,627.344750673426,720.86726053315,629.939,718.746
1784546919996,9,627.336719010513,720.652240575631,630.362,718.509
1784546920096,9,627.320977993153,720.439920171528,630.786,718.273
1784546920196,9,627.29774357674,720.230090764654,631.21,718.036
1784546920296,9,627.267191505022,720.022568499864,631.634,717.799
1784546920396,9,627.229468228468,719.817186973367,632.057,717.563
1784546920496,9,627.184697751632,719.613794033859,632.481,717.326
1784546920596,9,627.132995218159,719.412246488005,632.905,717.09
1784546920696,9,627.074474097352,719.212407436752,633.328,716.853
1784546920796,9,627.009247392881,719.014146672027,633.752,716.616
1784546920896,9,626.937426204812,718.817341975795,633.512,716.473
1784546920996,9,626.859113184332,718.62188150422,633.202,716.339
1784546921096,9,626.774401150036,718.427665084814,632.891,716.206
1784546921196,9,626.683373452437,718.234605134651,632.581,716.072
1784546921296,9,626.586107652483,718.042626251552,632.271,715.939
1784546921396,9,626.482689075628,717.85166084539,631.961,715.805
1784546921496,9,626.373214548531,717.66164670144,631.651,715.672
1784546921596,9,626.257792625563,717.472519804843,631.34,715.538
1784546921696,9,626.136543335788,717.284213049359,631.03,715.405
1784546921796,9,626.009599244389,717.096655600897,630.72,715.271
1784546921896,9,625.877105301865,716.909770140345,630.41,715.137
1784546921996,9,625.739219193978,716.723472874741,630.099,715.004
1784546922096,9,625.596111962206,716.537674412003,629.789,714.87
1784546922196,9,625.44796864953,716.352280632441,629.479,714.737
1784546922296,9,625.294987243986,716.167193453398,629.169,714.603
1784546922396,9,625.13737259197,715.982311276877,628.858,714.47
1784546922496,9,624.975335757366,715.797531523434,628.548,714.336
1784546922596,9,624.809094392839,715.612758582743,628.238,714.203
1784546922696,9,624.638873377493,715.427906450979,627.928,714.069
1784546922796,9,624.464904120274,715.242899597048,627.618,713.936
1784546922896,9,624.287419281551,715.057672262829,627.307,713.802
1784546922996,9,624.106651562769,714.872161959932,626.997,713.668
1784546923096,9,623.922836909072,714.686303736116,626.687,713.535
1784546923196,9,623.736221011439,714.500028183552,626.377,713.401
1784546923296,9,623.547054589429,714.313263310215,626.066,713.268
1784546923396,9,623.355592022908,714.125933010952,625.756,713.134
1784546923496,9,623.162091981746,713.937957776137,625.446,713.001
1784546923596,9,622.966815509267,713.749259614819,625.136,712.867
1784546923696,9,622.770019465194,713.5597686887,624.826,712.734
1784546923796,9,622.571954350349,713.369422925808,624.515,712.6
1784546923896,9,622.372838971428,713.178181885442,624.205,712.466
1784546923996,9,622.172854421677,712.986027894246,623.895,712.333
1784546924096,9,621.972148539058,712.792962988894,623.585,712.199
1784546924196,9,621.770850973086,712.598997663001,623.274,712.066
1784546924296,9,621.569077657163,712.40414873356,622.964,711.932
1784546924396,9,621.36693239623,712.208440243704,622.654,711.799
1784546924496,9,621.164513552312,712.011901437325,622.344,711.665
1784546924596,9,620.961928272193,711.814556023932,622.034,711.532
1784546924696,9,620.759292107724,711.616423394125,621.723,711.398
1784546924796,9,620.556716501285,711.417529171472,621.413,711.265
1784546924896,9,620.354323196201,711.217896513759,621.103,711.131
1784546924996,9,620.15223325389,711.017551681935,620.793,710.997
1784546925096,9,619.950501565068,710.816557246971,620.482,710.864
1784546925196,9,619.749118509953,710.615012962037,620.172,710.73
1784546925296,9,619.548073044524,710.413020795018,619.862,710.597
1784546925396,9,619.347302172906,710.210711124353,619.552,710.463
1784546925496,9,619.146684456816,710.008246844699,619.242,710.33
1784546925596,9,618.94608293338,709.80579911331,618.931,710.196
1784546925696,9,618.745356646953,709.603537909696,618.621,710.063
1784546925796,9,618.544361837051,709.401631794624,618.311,709.929
1784546925896,9,618.342954110423,709.200247389729,618.001,709.795
1784546925996,9,618.14099097442,708.999545944848,617.69,709.662
1784546926096,9,617.938333122534,708.799683031878,617.38,709.528
1784546926196,9,617.73484511843,708.600808622002,617.07,709.395
1784546926296,9,617.530395296508,708.403067178083,616.76,709.261
1784546926396,9,617.324855187205,708.206598417988,616.45,709.128
1784546926496,9,617.118095388914,708.011538239258,616.139,708.994
1784546926596,9,616.909985168658,707.818019638934,615.829,708.861
1784546926696,9,616.700395400749,707.626172735836,615.519,708.727
1784546926796,9,616.489205470502,707.436122961899,615.209,708.594
1784546926896,9,616.27629805333,707.247994427282,614.898,708.46
1784546926996,9,616.061556801008,707.061910130725,614.588,708.326
1784546927096,9,615.844862319012,706.877988497276,614.278,708.193
1784546927196,9,615.626091894564,706.696347410163,613.968,708.059
1784546927296,9,615.405119673744,706.517106200696,613.658,707.926
1784546927396,9,615.181814358753,706.340385952807,613.347,707.792
1784546927496,9,614.956040241901,706.166308163213,613.037,707.659
1784546927596,9,614.727660489257,705.994995024868,612.727,707.525
1784546927696,9,614.496534678058,705.826570241266,612.417,707.392
1784546927796,9,614.262523072001,705.661157368951,612.106,707.258
1784546927896,9,614.025505102059,705.498870001634,611.796,707.124
1784546927996,9,613.785385766274,705.339807019012,611.486,706.991
1784546928096,9,613.542097432941,705.184052582877,611.176,706.857
1784546928196,9,613.295601084315,705.031676133352,610.866,706.724
1784546928296,9,613.045887233033,704.882730134404,610.555,706.59
1784546928396,9,612.792975235801,704.737250043672,610.245,706.457
1784546928496,9,612.536905778445,704.5952582091,609.935,706.323
1784546928596,9,612.277727002202,704.456773823047,609.625,706.19
1784546928696,9,612.015508363404,704.321802638217,609.314,706.056
1784546928796,9,611.75034327213,704.190334040512,609.004,705.923
1784546928896,9,611.482349543295,704.062341673959,608.694,705.789
1784546928996,9,611.211670632393,703.937784064449,608.384,705.655
1784546929096,9,610.938470070184,703.816608026442,608.073,705.522
1784546929196,9,610.662905430676,703.698760504604,607.763,705.388
1784546929296,9,610.385122783248,703.584191784433,607.453,705.255
1784546929396,9,610.105257984047,703.472855351584,607.143,705.121
1784546929496,9,609.823437977917,703.364707942839,606.833,704.988
1784546929596,9,609.539781913702,703.259707836134,606.522,704.854
1784546929696,9,609.254400927423,703.15781166525,606.212,704.73
1784546929796,9,608.967396052184,703.058976251767,605.895,704.708
1784546929896,9,608.678857450666,702.963159754851,605.578,704.686
1784546929996,9,608.388862886493,702.870322403104,605.262,704.665
1784546930096,9,608.097478156999,702.780426673897,604.945,704.643
1784546930196,9,607.804758385995,702.693437209098,604.628,704.621
1784546930296,9,607.510749332271,702.609319518172,604.312,704.599
1784546930396,9,607.215488537774,702.52803958932,603.995,704.578
1784546930496,9,606.919006379187,702.44956281537,603.679,704.556
1784546930596,9,606.621326374968,702.373853622224,603.362,704.534
1784546930696,9,606.322465606954,702.300875153049,603.045,704.513
1784546930796,9,606.022434021568,702.230591808716,602.729,704.491
1784546930896,9,605.721237146237,702.162967875623,602.412,704.469
1784546930996,9,605.41887509344,702.097970425396,602.095,704.448
1784546931096,9,605.115343196409,702.035570487984,601.779,704.426
1784546931196,9,604.810634560585,701.975741257207,601.462,704.404
1784546931296,9,604.504746024585,701.918449931361,601.145,704.382
1784546931396,9,604.197680721797,701.863655636732,600.829,704.361
1784546931496,9,603.889449511314,701.811309631595,600.512,704.339
1784546931596,9,603.580068627734,701.761357858844,600.196,704.317
1784546931696,9,603.269545976436,701.71375036829,599.879,704.296
1784546931796,9,602.957878793551,701.668443845374,599.562,704.274
1784546931896,9,602.645058971638,701.625398653191,599.246,704.252
1784546931996,9,602.331090003596,701.584566324188,598.929,704.231
1784546932096,9,602.015994797532,701.54588574567,598.612,704.209
1784546932196,9,601.699824584509,701.509280841997,598.296,704.187
1784546932296,9,601.382646657613,701.474665594248,597.979,704.165
1784546932396,9,601.064518182165,701.441954952548,597.662,704.144
1784546932496,9,600.745481536101,701.411069675609,597.346,704.122
1784546932596,9,600.425565546174,701.381937165782,597.029,704.1
1784546932696,9,600.104784353588,701.354491998961,596.713,704.079
1784546932796,9,599.783141073097,701.328676162566,596.396,704.057
1784546932896,9,599.460630480353,701.304439242421,596.079,704.035
1784546932996,9,599.137240052198,701.281738534557,595.763,704.014
1784546933096,9,598.812951321068,701.260538278592,595.446,703.992
1784546933196,9,598.487744847353,701.240806889781,595.129,703.97
1784546933296,9,598.161610716247,701.222509494924,594.813,703.948
1784546933396,9,597.834531304544,701.205618747589,594.496,703.927
1784546933496,9,597.506466880406,701.190123333549,594.179,703.905
1784546933596,9,597.177354276337,701.176028272476,593.863,703.883
1784546933696,9,596.847108048046,701.163350478294,593.546,703.862
1784546933796,9,596.515621920833,701.152117697226,593.23,703.84
1784546933896,9,596.182775551119,701.142366156029,592.913,703.818
1784546933996,9,595.848452558822,701.134132783834,592.596,703.796
1784546934096,9,595.512534149324,701.127458298704,592.28,703.775
1784546934196,9,595.174909445476,701.122383567383,591.963,703.753
1784546934296,9,594.835468292881,701.118953135544,591.646,703.731
1784546934396,9,594.494118659549,701.117207521515,591.33,703.71
1784546934496,9,594.150803276439,701.117171811527,591.013,703.688
1784546934596,9,593.805496306406,701.118857283228,590.696,703.666
1784546934696,9,593.458176121825,701.12227645388,590.38,703.645
1784546934796,9,593.10882206335,701.127443949063,590.063,703.623
1784546934896,9,592.757403435176,701.134380170594,589.747,703.601
1784546934996,9,592.40387649285,701.14311444884,589.43,703.579
1784546935096,9,592.048185875103,701.153685139755,589.113,703.558
1784546935196,9,591.690258928463,701.166138959876,588.797,703.536
1784546935296,9,591.329998555666,701.180534016156,588.48,703.514
1784546935396,9,590.967287333499,701.1969384381,588.163,703.493
1784546935496,9,590.601993727056,701.215428248666,587.847,703.471
1784546935596,9,590.233970073775,701.236088912734,587.53,703.449
1784546935696,9,589.863061009958,701.259011920356,587.213,703.428
1784546935796,9,589.489137012256,701.284279201385,586.897,703.406
1784546935896,9,589.112104088709,701.311959145746,586.58,703.384
1784546935996,9,588.731905524683,701.34210649093,586.264,703.362
1784546936096,9,588.348515975106,701.374765103597,585.947,703.341
1784546936196,9,587.961912535952,701.409979506361,585.63,703.319
1784546936296,9,587.572066542873,701.447797645785,585.314,703.297
1784546936396,9,587.178933698199,701.48827192356,584.997,703.276
1784546936496,9,586.782443939907,701.531463753808,584.68,703.254
1784546936596,9,586.382502828769,701.577443927157,584.364,703.232
1784546936696,9,585.979001238971,701.626289878953,584.047,703.211
1784546936796,9,585.571819187656,701.678084843183,583.73,703.189
1784546936896,9,585.16082772321,701.732917624403,583.414,703.167
1784546936996,9,584.745890831741,701.790882354751,583.097,703.145
1784546937096,9,584.326869358834,701.852076742813,582.781,703.124
1784546937196,9,583.90363093496,701.916595834309,582.464,703.102
1784546937296,9,583.476047560204,701.984532814706,582.147,703.08
1784546937396,9,583.043978098389,702.05598663415,581.831,703.059
1784546937496,9,582.607287914233,702.131054685279,581.514,703.037
1784546937596,9,582.165856896969,702.209830073561,581.197,703.015
1784546937696,9,581.71957801341,702.292402076753,580.881,702.994
1784546937796,9,581.268348897662,702.37885821304,580.564,702.972
1784546937896,9,580.812082125259,702.46928132613,580.247,702.95
1784546937996,9,580.350701665134,702.563747986145,579.931,702.928
1784546938096,9,579.884141524563,702.662328355539,579.614,702.907
1784546938196,9,579.412341691202,702.765087291506,579.298,702.885
1784546938296,9,578.935243412906,702.872084760131,578.981,702.863
1784546938396,9,578.452789634034,702.983377318121,578.664,702.842
1784546938496,9,577.964927228097,703.099017612693,578.348,702.82
1784546938596,9,577.471609533711,703.219052311484,578.031,702.798
1784546938696,9,576.97279986612,703.343521473636,577.714,702.777
1784546938796,9,576.46848013668,703.472452872206,577.398,702.755
1784546938896,9,575.958655820325,703.605858619378,577.081,702.733
1784546938996,9,575.443357156424,703.74373559146,576.764,702.711
1784546939096,9,574.922641028839,703.886063274738,576.448,702.69
1784546939196,9,574.396593200062,704.032803235262,575.955,702.821
1784546939296,9,573.86533013947,704.183900989716,575.322,703.075
1784546939396,9,573.329001476703,704.339284692884,574.689,703.328
1784546939496,9,572.787787630158,704.498861777431,574.056,703.581
1784546939596,9,572.241879747787,704.662527375428,573.423,703.835
1784546939696,9,571.691473456683,704.83016859685,572.79,704.088
1784546939796,9,571.136769094882,705.001664167837,572.157,704.341
1784546939896,9,570.577967840925,705.176883740102,571.524,704.595
1784546939996,9,570.015270964021,705.355687725013,570.891,704.848
1784546940096,9,569.448881200011,705.537928089208,570.258,705.101
1784546940196,9,568.879001921823,705.723453477202,569.625,705.355
1784546940296,9,568.305836344256,705.912110333138,568.992,705.608
1784546940396,9,567.729586775399,706.103742394075,568.359,705.862
1784546940496,9,567.150448405998,706.298191238494,567.726,706.115
1784546940596,9,566.568608448743,706.495297662051,567.093,706.368
1784546940696,9,565.984248480575,706.694901279028,566.46,706.622
1784546940796,9,565.397547165289,706.896839968617,565.827,706.875
1784546940896,9,564.808681706654,707.100950712194,565.194,707.128
1784546940996,9,564.217824824326,707.307070464052,564.561,707.382
1784546941096,9,563.625142651331,707.51503683537,563.928,707.635
1784546941196,9,563.03079236945,707.724688714826,563.295,707.888
1784546941296,9,562.434921276058,707.935866039656,562.662,708.142
1784546941396,9,561.837665878009,708.148410489956,562.029,708.395
1784546941496,9,561.239153726571,708.362166559138,561.396,708.648
1784546941596,9,560.639505479855,708.576985320174,560.763,708.902
1784546941696,9,560.03883703193,708.792725977871,560.13,709.155
1784546941796,9,559.437261035598,709.009257091379,559.497,709.408
1784546941896,9,558.834884776158,709.226457291753,558.864,709.662
1784546941996,9,558.231809317138,709.444215418131,558.231,709.915
1784546942096,9,557.62812693561,709.66243156695,557.598,710.169
1784546942196,9,557.023921754146,709.881017629538,556.965,710.422
1784546942296,9,556.419270365616,710.099896707646,556.332,710.675
1784546942396,9,555.814241494371,710.319002316072,555.699,710.929
1784546942496,9,555.208896494063,710.538278189631,555.066,711.182
1784546942596,9,554.603288273139,710.757678403096,554.433,711.435
1784546942696,9,553.997460534046,710.977167005504,553.801,711.689
1784546942796,9,553.391449211764,711.196717103783,553.168,711.942
1784546942896,9,552.785284605883,711.416309718573,552.535,712.195
1784546942996,9,552.178993927032,711.635931954192,551.902,712.449
1784546943096,9,551.57260308725,711.855574480915,551.269,712.702
1784546943196,9,550.966135262149,712.075230119478,550.636,712.955
1784546943296,9,550.359609902007,712.294892860211,550.003,713.209
1784546943396,9,549.753043178985,712.514557443736,549.37,713.462
1784546943496,9,549.146449653572,712.734220711119,548.737,713.716
1784546943596,9,548.539842206891,712.953881367315,548.281,713.521
1784546943696,9,547.933229466476,713.173539662078,547.967,712.97
1784546943796,9,547.326615453032,713.393196635762,547.654,712.418
1784546871496,10,304.071691409037,498.675126137116,300.979,491.77
1784546871596,10,304.284515899055,498.914352036563,301.263,492.187
1784546871696,10,304.498638723737,499.155065538502,301.547,492.605
1784546871796,10,304.714026957068,499.397258215952,301.831,493.023
1784546871896,10,304.93063161251,499.64091416654,302.115,493.44
1784546871996,10,305.148387422789,499.886007024409,302.399,493.858
1784546872096,10,305.367213168591,500.132491221199,302.683,494.275
1784546872196,10,305.587012238882,500.380277942555,302.967,494.693
1784546872296,10,305.807676545439,500.629237215106,303.25,495.111
1784546872396,10,306.029086892786,500.879199137639,303.534,495.528
1784546872496,10,306.251112644388,501.129952717075,303.818,495.946
1784546872596,10,306.473611288194,501.381248657153,304.102,496.363
1784546872696,10,306.696428779083,501.632815804982,304.386,496.781
1784546872796,10,306.919399474772,501.884371879724,304.67,497.199
1784546872896,10,307.14234594763,502.135627364819,304.954,497.616
1784546872996,10,307.36507889741,502.386288653165,305.238,498.034
1784546873096,10,307.587396887231,502.636070870579,305.522,498.451
1784546873196,10,307.809087713715,502.88470092625,305.806,498.869
1784546873296,10,308.029929563208,503.131913879375,306.09,499.287
1784546873396,10,308.249691748506,503.377438173656,306.374,499.704
1784546873496,10,308.468135595397,503.62101088438,306.657,500.122
1784546873596,10,308.685016824273,503.862361709101,306.941,500.54
1784546873696,10,308.900089306338,504.101219450138,307.225,500.957
1784546873796,10,309.113105153962,504.337296576774,307.509,501.375
1784546873896,10,309.323814049831,504.570283337794,307.793,501.792
1784546873996,10,309.531963706035,504.799849336154,308.077,502.21
1784546874096,10,309.73730189903,505.025649688731,308.361,502.628
1784546874196,10,309.939576319562,505.247316231662,308.645,503.045
1784546874296,10,310.138534799976,505.46446740851,308.929,503.463
1784546874396,10,310.33392762425,505.676713168788,309.213,503.88
1784546874496,10,310.525508123888,505.883655359174,309.497,504.298
1784546874596,10,310.713031992026,506.084886728288,309.781,504.716
1784546874696,10,310.896256583925,506.27999312204,310.064,505.133
1784546874796,10,311.074940495906,506.468553436086,310.348,505.551
1784546874896,10,311.248843735317,506.650138679544,310.632,505.968
1784546874996,10,311.417728772067,506.824311784954,310.916,506.386
1784546875096,10,311.581360574918,506.990633636811,311.2,506.804
1784546875196,10,311.73950752342,507.148679857858,311.484,507.221
1784546875296,10,311.891941234933,507.29804426674,311.768,507.639
1784546875396,10,312.038435821188,507.438335939785,312.052,508.057
1784546875496,10,312.178768414595,507.56916971708,312.336,508.474
1784546875596,10,312.312721552191,507.690163347218,312.62,508.892
1784546875696,10,312.440085041141,507.800935169826,312.904,509.309
1784546875796,10,312.560655871414,507.901098433667,313.188,509.727
1784546875896,10,312.674237857852,507.990264467953,313.471,510.145
1784546875996,10,312.780641253833,508.068043791576,313.755,510.562
1784546876096,10,312.879682694221,508.134067316146,314.039,510.98
1784546876196,10,312.971185493471,508.187994506706,314.323,511.397
1784546876296,10,313.054982270898,508.229518069581,314.607,511.815
1784546876396,10,313.130916936201,508.258380743019,314.891,512.233
1784546876496,10,313.198845814063,508.274379954113,315.175,512.65
1784546876596,10,313.25863856242,508.27736832631,315.459,513.068
1784546876696,10,313.310178415766,508.267247484943,315.743,513.485
1784546876796,10,313.353361984593,508.243965593601,316.027,513.903
1784546876896,10,313.388098653727,508.20751072211,316.311,514.321
1784546876996,10,313.414308941102,508.157895865734,316.595,514.738
1784546877096,10,313.431923601498,508.095155537123,316.878,515.156
1784546877196,10,313.440882000599,508.019346454997,317.162,515.574
1784546877296,10,313.441132084303,507.930549927389,317.446,515.991
1784546877396,10,313.432632035554,507.828874330762,317.73,516.409
1784546877496,10,313.415350007198,507.714457632798,317.707,516.258
1784546877596,10,313.389262089565,507.587466062826,317.471,515.716
1784546877696,10,313.354354699634,507.448094042876,317.235,515.174
1784546877796,10,313.310626367045,507.296564388012,317,514.632
1784546877896,10,313.258088455892,507.133126619886,316.764,514.09
1784546877996,10,313.196766380403,506.958053523106,316.529,513.548
1784546878096,10,313.126700485109,506.771637682589,316.293,513.007
1784546878196,10,313.047945702213,506.574188614341,316.057,512.465
1784546878296,10,312.960570553218,506.366030778444,315.822,511.923
1784546878396,10,312.864655794368,506.14750221854,315.586,511.381
1784546878496,10,312.760293751707,505.918954776273,315.351,510.839
1784546878596,10,312.647587858877,505.680753416164,315.115,510.297
1784546878696,10,312.526651839852,505.433274940587,314.879,509.755
1784546878796,10,312.397608855083,505.176908161922,314.644,509.213
1784546878896,10,312.260591323329,504.912053778602,314.408,508.671
1784546878996,10,312.115740047588,504.63912255044,314.173,508.129
1784546879096,10,311.963204225835,504.358530002307,313.937,507.587
1784546879196,10,311.803142021734,504.070696032464,313.702,507.045
1784546879296,10,311.635721087639,503.776045888471,313.466,506.503
1784546879396,10,311.461118375573,503.475011546985,313.23,505.961
1784546879496,10,311.279517784788,503.168033969102,312.995,505.419
1784546879596,10,311.091109345669,502.855571156147,312.759,504.877
1784546879696,10,310.896089766856,502.538098033748,312.524,504.335
1784546879796,10,310.694663029784,502.216108073247,312.288,503.793
1784546879896,10,310.487041221099,501.890113639932,312.052,503.251
1784546879996,10,310.273444224494,501.560644566595,311.817,502.709
1784546880096,10,310.054094248463,501.228239119708,311.581,502.167
1784546880196,10,309.829209141318,500.893441363448,311.346,501.625
1784546880296,10,309.599000841434,500.556801349863,311.11,501.083
1784546880396,10,309.363675003178,500.218875664443,310.874,500.541
1784546880496,10,309.123430989928,499.880225068005,310.639,499.999
1784546880596,10,308.878462425671,499.54141141857,310.403,499.457
1784546880696,10,308.628956932284,499.202996759816,310.168,498.916
1784546880796,10,308.375096893149,498.865544068551,309.932,498.374
1784546880896,10,308.11706062123,498.529616903541,309.696,497.832
1784546880996,10,307.855023402952,498.195779726514,309.461,497.29
1784546881096,10,307.589158666906,497.864598752426,309.225,496.748
1784546881196,10,307.319638348896,497.536640876274,308.99,496.206
1784546881296,10,307.046630504809,497.212469203122,308.754,495.664
1784546881396,10,306.770298573875,496.892630331844,308.519,495.122
1784546881496,10,306.490800886921,496.577649282029,308.283,494.58
1784546881596,10,306.208291101029,496.268029582772,308.047,494.038
1784546881696,10,305.922917988365,495.964252498487,307.812,493.496
1784546881796,10,305.634826385579,495.666777412142,307.576,492.954
1784546881896,10,305.344158165005,495.376040088157,307.341,492.412
1784546881996,10,305.051051847356,495.092448468684,307.105,491.87
1784546882096,10,304.755642454803,494.8163804065,306.869,491.328
1784546882196,10,304.458061916056,494.548182422852,306.634,490.786
1784546882296,10,304.158437402726,494.288167236569,306.398,490.244
1784546882396,10,303.856889551278,494.036613950672,306.163,489.702
1784546882496,10,303.55353136518,493.793767787248,305.927,489.16
1784546882596,10,303.248466918985,493.559838160508,305.564,489.153
1784546882696,10,302.941792013113,493.334998481672,305.174,489.257
1784546882796,10,302.633594581155,493.119384860136,304.785,489.362
1784546882896,10,302.323954313118,492.913097020254,304.395,489.466
1784546882996,10,302.012942186323,492.716201375928,304.005,489.571
1784546883096,10,301.700620939158,492.528733322657,303.616,489.675
1784546883196,10,301.387046375998,492.350698445148,303.226,489.78
1784546883296,10,301.072268983614,492.182073686793,302.836,489.885
1784546883396,10,300.756335570368,492.022808476021,302.446,489.989
1784546883496,10,300.439289963187,491.872825714559,302.057,490.094
1784546883596,10,300.121176706257,491.732022686547,301.667,490.198
1784546883696,10,299.802040630104,491.600271760745,301.277,490.303
1784546883796,10,299.481927652788,491.477422135365,300.888,490.407
1784546883896,10,299.160886273958,491.363306277512,300.498,490.512
1784546883996,10,298.838968526669,491.257744555871,300.108,490.617
1784546884096,10,298.516228956721,491.160542510959,299.719,490.721
1784546884196,10,298.192724238022,491.071490289923,299.329,490.826
1784546884296,10,297.86851265382,490.990363101772,298.939,490.93
1784546884396,10,297.543648598538,490.916921634934,298.549,491.035
1784546884496,10,297.218181426527,490.850912126642,298.16,491.139
1784546884596,10,296.892156382676,490.792065943595,297.77,491.244
1784546884696,10,296.565615018496,490.740101838494,297.38,491.349
1784546884796,10,296.238595700258,490.694727639664,296.991,491.453
1784546884896,10,295.911132152561,490.655639570178,296.601,491.558
1784546884996,10,295.583253704478,490.622522151427,296.211,491.662
1784546885096,10,295.254985212171,490.595048293776,295.822,491.767
1784546885196,10,294.926349917573,490.572879082557,295.432,491.871
1784546885296,10,294.597370369023,490.555663167614,295.042,491.976
1784546885396,10,294.268069671599,490.543032062966,294.652,492.08
1784546885496,10,293.938473027108,490.534590715134,294.263,492.185
1784546885596,10,293.608608470673,490.529920439302,293.873,492.29
1784546885696,10,293.278505192582,490.528600120071,293.483,492.394
1784546885796,10,292.948194277402,490.530214479404,293.094,492.499
1784546885896,10,292.617710208754,490.534354871268,292.704,492.603
1784546885996,10,292.287091850902,490.540618824008,292.314,492.708
1784546886096,10,291.95638191025,490.548608136838,291.924,492.812
1784546886196,10,291.625626100755,490.5579280612,291.535,492.917
1784546886296,10,291.294873255111,490.56818715996,291.145,493.022
1784546886396,10,290.964175218356,490.578997284664,290.755,493.126
1784546886496,10,290.633585239784,490.589973527886,290.366,493.231
1784546886596,10,290.303161557305,490.600734145793,289.976,493.335
1784546886696,10,289.972965891109,490.610900999019,289.586,493.44
1784546886796,10,289.643063219391,490.620101499,289.197,493.544
1784546886896,10,289.313519937547,490.627969292561,288.807,493.649
1784546886996,10,288.984402695595,490.634145658244,288.417,493.754
1784546887096,10,288.655777395292,490.638281842925,288.027,493.858
1784546887196,10,288.327708786327,490.640039972557,287.638,493.963
1784546887296,10,288.000261044486,490.639093158418,287.248,494.067
1784546887396,10,287.673497665611,490.635125839568,286.858,494.172
1784546887496,10,287.347481094569,490.627834824019,286.469,494.276
1784546887596,10,287.022273099106,490.616929217137,286.079,494.381
1784546887696,10,286.69793556955,490.602130365502,285.689,494.485
1784546887796,10,286.374530920565,490.583171906452,285.3,494.59
1784546887896,10,286.052120550779,490.559798389777,284.91,494.695
1784546887996,10,285.730763960517,490.531759577714,284.52,494.799
1784546888096,10,285.410519313728,490.49880897637,284.13,494.904
1784546888196,10,285.091443428647,490.46070349908,283.741,495.008
1784546888296,10,284.773592487265,490.417203699545,283.351,495.113
1784546888396,10,284.457022406767,490.368076349185,282.961,495.217
1784546888496,10,284.141787146067,490.313104136336,282.572,495.322
1784546888596,10,283.827938091772,490.252089351377,282.182,495.427
1784546888696,10,283.515523268408,490.184856959228,281.792,495.531
1784546888796,10,283.204587323068,490.111256271649,281.403,495.636
1784546888896,10,282.895170709684,490.031162659883,281.013,495.74
1784546888996,10,282.587309970972,489.944475183556,280.623,495.845
1784546889096,10,282.281036949557,489.851124378675,280.233,495.949
1784546889196,10,281.976379072041,489.751076605306,279.844,496.054
1784546889296,10,281.673359155983,489.644332384593,279.454,496.159
1784546889396,10,281.371994729071,489.530916604466,279.064,496.263
1784546889496,10,281.072298354518,489.410875725352,278.675,496.368
1784546889596,10,280.774278161665,489.284275190371,278.285,496.472
1784546889696,10,280.477936867772,489.151198389396,277.895,496.577
1784546889796,10,280.183272210376,489.011747112184,277.505,496.681
1784546889896,10,279.890276339819,488.866042485851,277.116,496.786
1784546889996,10,279.598933648434,488.714224597433,276.807,496.642
1784546890096,10,279.309220136587,488.556448862572,276.587,496.222
1784546890196,10,279.021104096248,488.392886094772,276.367,495.803
1784546890296,10,278.734546024195,488.223723240895,276.147,495.383
1784546890396,10,278.449498104034,488.049163799306,275.928,494.964
1784546890496,10,278.165904386421,487.86943166693,275.708,494.544
1784546890596,10,277.883699770072,487.684782882333,275.488,494.125
1784546890696,10,277.602811114726,487.495505885004,275.268,493.705
1784546890796,10,277.323160012802,487.301906796253,275.048,493.286
1784546890896,10,277.044664466286,487.104297231504,274.828,492.866
1784546890996,10,276.767240195719,486.902992758389,274.609,492.447
1784546891096,10,276.490801268539,486.698317457577,274.389,492.027
1784546891196,10,276.215258609743,486.490619417476,274.169,491.608
1784546891296,10,275.940520262208,486.280275425046,273.949,491.188
1784546891396,10,275.666492113244,486.067692222382,273.729,490.769
1784546891496,10,275.393077294366,485.853301505265,273.51,490.349
1784546891596,10,275.12017541271,485.637538020407,273.29,489.93
1784546891696,10,274.847676993228,485.420830414273,273.07,489.51
1784546891796,10,274.575461105665,485.203584427658,272.85,489.091
1784546891896,10,274.30339612432,484.986179459158,272.63,488.671
1784546891996,10,274.031341463846,484.768962275148,272.411,488.252
1784546892096,10,273.759150651228,484.552218707625,272.191,487.832
1784546892196,10,273.486673049142,484.336167341148,271.971,487.413
1784546892296,10,273.213755128256,484.120957983673,271.751,486.993
1784546892396,10,272.940241145393,483.906662483687,271.531,486.574
1784546892496,10,272.665971536762,483.693283983142,271.312,486.154
1784546892596,10,272.390781194905,483.480800979519,271.092,485.735
1784546892696,10,272.114499744671,483.269183331354,270.872,485.315
1784546892796,10,271.836952509028,483.058418113195,270.652,484.896
1784546892896,10,271.557960813151,482.848546383605,270.432,484.477
1784546892996,10,271.277342452391,482.639672063696,270.212,484.057
1784546893096,10,270.994912313839,482.43196291746,269.993,483.638
1784546893196,10,270.710483204415,482.225642648556,269.773,483.218
1784546893296,10,270.423867176499,482.020955735864,269.553,482.799
1784546893396,10,270.134877224911,481.81815469565,269.333,482.379
1784546893496,10,269.843327998042,481.617491812381,269.113,481.96
1784546893596,10,269.549034627741,481.419211542743,268.894,481.54
1784546893696,10,269.251814825854,481.223525827575,268.674,481.121
1784546893796,10,268.951489766076,481.030615021411,268.454,480.701
1784546893896,10,268.647881403247,480.840662040715,268.234,480.282
1784546893996,10,268.340810463469,480.653885495332,268.014,479.862
1784546894096,10,268.030097223082,480.47052976468,267.795,479.443
1784546894196,10,267.715562944718,480.290861264699,267.575,479.023
1784546894296,10,267.397032224212,480.115152428737,267.355,478.604
1784546894396,10,267.074338047829,479.943615073723,267.135,478.184
1784546894496,10,266.747324182975,479.776384359459,266.915,477.765
1784546894596,10,266.415844802982,479.613528805059,266.696,477.345
1784546894696,10,266.079758473579,479.455088831396,266.476,476.926
1784546894796,10,265.738927673382,479.301101304323,266.256,476.506
1784546894896,10,265.393219929727,479.151634220203,266.036,476.087
1784546894996,10,265.042509852741,479.006754369054,265.816,475.667
1784546895096,10,264.686680073031,478.866519581175,265.596,475.248
1784546895196,10,264.325619305137,478.730992231628,265.377,474.828
1784546895296,10,263.959221912221,478.600252700679,265.157,474.409
1784546895396,10,263.587388337788,478.474402569259,264.937,473.989
1784546895496,10,263.210025583896,478.353565223775,264.717,473.57
1784546895596,10,262.827048686462,478.237879694523,264.497,473.15
1784546895696,10,262.43838248415,478.127474191026,264.278,472.731
1784546895796,10,262.043963220275,478.022459884494,264.058,472.311
1784546895896,10,261.643738675096,477.922932276864,263.838,471.892
1784546895996,10,261.237665985731,477.828975098501,263.618,471.472
1784546896096,10,260.825711954637,477.740661625829,263.398,471.053
1784546896196,10,260.407854790843,477.658052349074,263.179,470.633
1784546896296,10,259.984085901624,477.581184066096,262.914,470.291
1784546896396,10,259.554411002666,477.510066600465,262.345,470.469
1784546896496,10,259.11885076206,477.444682690093,261.777,470.648
1784546896596,10,258.677441920737,477.384987327264,261.209,470.826
1784546896696,10,258.230236808623,477.330907818165,260.64,471.005
1784546896796,10,257.777303076749,477.282343229746,260.072,471.183
1784546896896,10,257.318721820685,477.239161308761,259.503,471.361
1784546896996,10,256.854587032831,477.201199564537,258.935,471.54
1784546897096,10,256.385003147578,477.168274578831,258.367,471.718
1784546897196,10,255.910085633176,477.140193523107,257.798,471.897
1784546897296,10,255.42996179869,477.11675673002,257.23,472.075
1784546897396,10,254.944769316269,477.097757825946,256.661,472.253
1784546897496,10,254.454652040396,477.082983843034,256.093,472.432
1784546897596,10,253.959756387871,477.072214114791,255.525,472.61
1784546897696,10,253.460233415073,477.065215568732,254.956,472.788
1784546897796,10,252.956239518224,477.061741924978,254.388,472.967
1784546897896,10,252.447936146953,477.061535101709,253.819,473.145
1784546897996,10,251.935490267944,477.064325745921,253.251,473.324
1784546898096,10,251.419071927311,477.069833913813,252.683,473.502
1784546898196,10,250.898854375899,477.077769228012,252.114,473.68
1784546898296,10,250.37501364273,477.087831132492,251.546,473.859
1784546898396,10,249.847726674574,477.099710081344,250.977,474.037
1784546898496,10,249.317172932369,477.113088137697,250.409,474.216
1784546898596,10,248.783536951095,477.127640097474,249.84,474.394
1784546898696,10,248.247008569083,477.143038170281,249.272,474.572
1784546898796,10,247.707780490425,477.158954762702,248.704,474.751
1784546898896,10,247.166046209809,477.175063412466,248.135,474.929
1784546898996,10,246.622000624117,477.191038097138,247.567,475.108
1784546899096,10,246.075842176814,477.206552952565,246.998,475.286
1784546899196,10,245.527774233854,477.221282067551,246.43,475.464
1784546899296,10,244.978004269938,477.234898892714,245.862,475.643
1784546899396,10,244.426743519374,477.247076513829,245.293,475.821
1784546899496,10,243.874208040733,477.257488858057,244.725,476
1784546899596,10,243.320617506245,477.265809257154,244.156,476.178
1784546899696,10,242.766195913964,477.27171258625,243.588,476.356
1784546899796,10,242.211169979628,477.274877185987,243.02,476.535
1784546899896,10,241.655768841416,477.274986379494,242.451,476.713
1784546899996,10,241.100225990238,477.271733302196,241.883,476.892
1784546900096,10,240.544780974082,477.264822115745,241.314,477.07
1784546900196,10,239.989680551479,477.253967808969,240.746,477.248
1784546900296,10,239.435177334352,477.238896127724,240.178,477.427
1784546900396,10,238.881524348237,477.219346444885,239.609,477.605
1784546900496,10,238.32897298558,477.195072450442,239.041,477.784
1784546900596,10,237.777772900807,477.165842391173,238.472,477.962
1784546900696,10,237.228172966463,477.131439470649,237.904,478.14
1784546900796,10,236.680419678395,477.091662961614,237.336,478.319
1784546900896,10,236.134758474943,477.046328606111,236.767,478.497
1784546900996,10,235.5914353738,476.995269062101,236.199,478.676
1784546901096,10,235.050698985988,476.938334357219,235.63,478.854
1784546901196,10,234.512802679748,476.875388496192,235.062,479.032
1784546901296,10,233.978005220658,476.806305002927,234.494,479.211
1784546901396,10,233.446567972762,476.73096034764,234.038,478.965
1784546901496,10,232.918755122045,476.649236388986,233.616,478.593
1784546901596,10,232.39483412797,476.561017125681,233.194,478.221
1784546901696,10,231.875076556897,476.46619243567,232.772,477.85
1784546901796,10,231.359760517716,476.364654015837,232.35,477.478
1784546901896,10,230.849166900656,476.256296243311,231.928,477.106
1784546901996,10,230.343574483144,476.14101675813,231.505,476.735
1784546902096,10,229.843258645247,476.018717274996,231.083,476.363
1784546902196,10,229.348487255922,475.889303818698,230.661,475.991
1784546902296,10,228.859518874837,475.752687599291,230.239,475.62
1784546902396,10,228.376603603706,475.608784993566,229.817,475.248
1784546902496,10,227.899983383063,475.457516878452,229.395,474.876
1784546902596,10,227.429892662644,475.298806783988,228.973,474.504
1784546902696,10,226.966557465488,475.132579838521,228.551,474.133
1784546902796,10,226.510196285595,474.958762522411,228.129,473.761
1784546902896,10,226.061020525776,474.777280708037,227.706,473.389
1784546902996,10,225.619233348068,474.588058647853,227.284,473.018
1784546903096,10,225.185029283783,474.391017867258,226.862,472.646
1784546903196,10,224.758594129696,474.186076836251,226.44,472.274
1784546903296,10,224.340106370947,473.973151369371,226.018,471.903
1784546903396,10,223.929738892839,473.752154085209,225.596,471.531
1784546903496,10,223.527659522762,473.522993414246,225.174,471.159
1784546903596,10,223.134029855312,473.28557144857,224.752,470.788
1784546903696,10,222.749005929553,473.039784197503,224.33,470.416
1784546903796,10,222.372738653636,472.785521961768,223.908,470.044
1784546903896,10,222.005372909811,472.522668665247,223.485,469.673
1784546903996,10,221.647047826303,472.251102141635,223.063,469.301
1784546904096,10,221.29789944007,471.97069523933,222.641,468.929
1784546904196,10,220.95806321376,471.68131694579,222.219,468.557
1784546904296,10,220.62767776847,471.382833111815,221.797,468.186
1784546904396,10,220.306886999035,471.075108956998,221.375,467.814
1784546904496,10,219.995840849334,470.758015660163,220.953,467.442
1784546904596,10,219.694693671323,470.431431943682,220.531,467.071
1784546904696,10,219.403604271488,470.095240979437,220.109,466.699
1784546904796,10,219.122735714193,469.7493302713,219.686,466.327
1784546904896,10,218.852255958562,469.393588409461,219.264,465.956
1784546904996,10,218.592337813428,469.027893398301,218.842,465.584
1784546905096,10,218.34315981722,468.652105216207,218.42,465.212
1784546905196,10,218.104907166644,468.266065828109,217.998,464.841
1784546905296,10,217.877771518667,467.869600566279,217.576,464.469
1784546905396,10,217.661948612571,467.462524686035,217.154,464.097
1784546905496,10,217.457635234987,467.044663481152,216.732,463.726
1784546905596,10,217.265025855966,466.615860469559,216.31,463.354
1784546905696,10,217.084312349967,466.175978072998,215.887,462.982
1784546905796,10,216.915681053011,465.72490089988,215.465,462.61
1784546905896,10,216.75931039108,465.262535038317,215.043,462.239
1784546905996,10,216.615364834814,464.788806055555,214.621,461.867
1784546906096,10,216.483984589112,464.303666580726,214.199,461.495
1784546906196,10,216.365281240322,463.807117372371,213.777,461.124
1784546906296,10,216.259337781823,463.299186832386,213.355,460.752
1784546906396,10,216.166208079907,462.779921600832,212.933,460.38
1784546906496,10,216.085911751696,462.249425471792,212.511,460.009
1784546906596,10,216.01843163436,461.707870795491,212.089,459.637
1784546906696,10,215.963707987325,461.155500636952,212.009,459.18
1784546906796,10,215.921637248896,460.592631277503,212.38,458.611
1784546906896,10,215.892074244378,460.019640049358,212.751,458.042
1784546906996,10,215.874840553812,459.436909363305,213.123,457.473
1784546907096,10,215.869727375815,458.844814762727,213.494,456.904
1784546907196,10,215.876496730233,458.243724261558,213.865,456.335
1784546907296,10,215.894884329173,457.634006500389,214.236,455.766
1784546907396,10,215.924596675982,457.016105877272,214.608,455.197
1784546907496,10,215.965310153255,456.390564779631,214.979,454.628
1784546907596,10,216.016671395166,455.75802472857,215.35,454.059
1784546907696,10,216.078297240603,455.119224090855,215.721,453.49
1784546907796,10,216.149775453373,454.47499976544,216.093,452.921
1784546907896,10,216.230668259876,453.826289519817,216.464,452.352
1784546907996,10,216.320512973074,453.174132501926,216.835,451.783
1784546908096,10,216.418822309078,452.519657155104,217.207,451.214
1784546908196,10,216.525088827927,451.864020855387,217.578,450.645
1784546908296,10,216.638794585008,451.208374696136,217.949,450.076
1784546908396,10,216.759415005255,450.553852833832,218.32,449.507
1784546908496,10,216.886420046378,449.901573480748,218.692,448.938
1784546908596,10,217.019274678457,449.252640478499,219.063,448.369
1784546908696,10,217.157440953846,448.608139680905,219.434,447.8
1784546908796,10,217.30038000097,447.969137692614,219.805,447.231
1784546908896,10,217.447553065193,447.336679692084,220.177,446.662
1784546908996,10,217.598425942622,446.711771878184,220.548,446.093
1784546909096,10,217.752471061389,446.095369280788,220.919,445.524
1784546909196,10,217.909167177503,445.488378691991,221.29,444.955
1784546909296,10,218.067998649456,444.891675164274,221.662,444.386
1784546909396,10,218.228454490478,444.306119494165,222.033,443.817
1784546909496,10,218.390026781235,443.732564010878,222.404,443.248
1784546909596,10,218.552210538998,443.171855003424,222.776,442.679
1784546909696,10,218.714506479625,442.624832916556,223.147,442.11
1784546909796,10,218.876422351846,442.092329217524,223.518,441.541
1784546909896,10,219.037474340489,441.575164916941,223.889,440.972
1784546909996,10,219.197186798108,441.074148274721,224.261,440.403
1784546910096,10,219.355091595424,440.590075721554,224.632,439.834
1784546910196,10,219.51072778429,440.1237319415,225.003,439.265
1784546910296,10,219.663641507125,439.675887366271,225.374,438.696
1784546910396,10,219.813387726193,439.247290714094,225.746,438.127
1784546910496,10,219.959533498551,438.838654954643,226.117,437.558
1784546910596,10,220.101667107962,438.450637629125,226.488,436.989
1784546910696,10,220.239398587257,438.083840608911,226.86,436.42
1784546910796,10,220.372355440812,437.73881704062,227.231,435.851
1784546910896,10,220.500185638174,437.416054388152,227.602,435.282
1784546910996,10,220.622561535286,437.115966570679,227.973,434.713
1784546911096,10,220.739192636697,436.83887889422,228.206,434.407
1784546911196,10,220.849828348868,436.585025252497,228.075,434.789
1784546911296,10,220.954254934477,436.354560098033,227.944,435.172
1784546911396,10,221.052284990685,436.147604957089,227.814,435.555
1784546911496,10,221.143754455795,435.964270659561,227.683,435.938
1784546911596,10,221.228522231813,435.80465830056,227.552,436.321
1784546911696,10,221.306470416109,435.668845666388,227.421,436.703
1784546911796,10,221.377505247822,435.55686959953,227.29,437.086
1784546911896,10,221.441557402255,435.468715362722,227.16,437.469
1784546911996,10,221.498583038374,435.404287822062,227.029,437.852
1784546912096,10,221.548563683754,435.363409145645,226.898,438.235
1784546912196,10,221.591504765598,435.345838217871,226.767,438.617
1784546912296,10,221.627433002154,435.35127751958,226.636,439
1784546912396,10,221.656395638335,435.379373706609,226.506,439.383
1784546912496,10,221.678460276095,435.429717568262,226.375,439.766
1784546912596,10,221.693713458873,435.501848447069,226.244,440.149
1784546912696,10,221.702255482961,435.595272320052,226.113,440.531
1784546912796,10,221.704199608469,435.709464888024,225.982,440.914
1784546912896,10,221.699670927848,435.843877902941,225.851,441.297
1784546912996,10,221.688793256814,435.99798619912,225.721,441.68
1784546913096,10,221.671684204253,436.171308202672,225.59,442.063
1784546913196,10,221.648456093075,436.363388734704,225.459,442.445
1784546913296,10,221.619219610852,436.573776696418,225.328,442.828
1784546913396,10,221.584080619469,436.802042921646,225.197,443.211
1784546913496,10,221.543144868297,437.047753775368,225.067,443.594
1784546913596,10,221.496519686741,437.310461619794,224.936,443.976
1784546913696,10,221.44431395495,437.589710169538,224.805,444.359
1784546913796,10,221.386637871915,437.885050785602,224.674,444.742
1784546913896,10,221.323604795727,438.196019370185,224.543,445.125
1784546913996,10,221.25533209091,438.522142934357,224.413,445.508
1784546914096,10,221.181942735657,438.862916771974,224.282,445.89
1784546914196,10,221.103569797822,439.21777736946,224.151,446.273
1784546914296,10,221.020360013373,439.586095013989,224.02,446.656
1784546914396,10,220.932472532884,439.967172696766,223.889,447.039
1784546914496,10,220.840080896268,440.360243769575,223.759,447.422
1784546914596,10,220.743372327932,440.764471974414,223.628,447.804
1784546914696,10,220.642550577421,441.178956235651,223.497,448.187
1784546914796,10,220.537829506031,441.602739975522,223.366,448.57
1784546914896,10,220.429430346722,442.034814585776,223.235,448.953
1784546914996,10,220.317579682027,442.474137280316,223.105,449.336
1784546915096,10,220.202502858677,442.919666043868,222.974,449.718
1784546915196,10,220.084422769925,443.370366116073,222.843,450.101
1784546915296,10,219.963561690304,443.825199370876,222.712,450.484
1784546915396,10,219.840144496133,444.28310385108,222.581,450.867
1784546915496,10,219.714390480487,444.743046293063,222.45,451.25
1784546915596,10,219.586509910152,445.204038454706,222.32,451.632
1784546915696,10,219.456698573232,445.665145952027,222.189,452.015
1784546915796,10,219.325136831178,446.125490656053,222.058,452.398
1784546915896,10,219.191990134859,446.584250603488,221.927,452.781
1784546915996,10,219.057409783873,447.040655772762,221.796,453.164
1784546916096,10,218.9215346345,447.493979801816,221.666,453.546
1784546916196,10,218.784495857044,447.943520452193,221.535,453.929
1784546916296,10,218.646418602993,448.388593206356,221.404,454.312
1784546916396,10,218.507422255427,448.828530138538,221.273,454.695
1784546916496,10,218.367619542418,449.262681753652,221.142,455.078
1784546916596,10,218.227116467839,449.690416711218,221.012,455.46
1784546916696,10,218.086011610446,450.111122782059,220.881,455.843
1784546916796,10,217.944396133543,450.524204847268,220.75,456.226
1784546916896,10,217.802352605197,450.929085372838,220.619,456.609
1784546916996,10,217.659952721413,451.325214898064,220.488,456.992
1784546917096,10,217.517256464896,451.712080017568,220.358,457.374
1784546917196,10,217.37431188145,452.089203313409,220.227,457.757
1784546917296,10,217.23115592286,452.456139735028,220.096,458.14
1784546917396,10,217.087816749459,452.812465955228,219.965,458.523
1784546917496,10,216.944315616327,453.157770226944,219.834,458.906
1784546917596,10,216.800667758859,453.491649057959,219.703,459.288
1784546917696,10,216.656881889783,453.813714080931,219.573,459.671
1784546917796,10,216.512955898398,454.123624437419,219.442,460.054
1784546917896,10,216.368875271752,454.421093938218,219.311,460.437
1784546917996,10,216.224613270039,454.705890218614,219.18,460.82
1784546918096,10,216.080130647912,454.977833518837,219.049,461.202
1784546918196,10,215.935376044382,455.236795077059,218.919,461.585
1784546918296,10,215.790287069042,455.48269473903,218.788,461.968
1784546918396,10,215.644792099096,455.715499478828,218.657,462.351
1784546918496,10,215.498809603865,455.935222225363,218.511,462.667
1784546918596,10,215.352247682917,456.141917469876,218.25,462.476
1784546918696,10,215.205004575768,456.335671660081,217.989,462.285
1784546918796,10,215.056969245236,456.516616800665,217.727,462.094
1784546918896,10,214.908020610264,456.684933106131,217.466,461.903
1784546918996,10,214.758024951798,456.840840729117,217.205,461.712
1784546919096,10,214.606839205943,456.984586856364,216.944,461.521
1784546919196,10,214.454310263536,457.116456120449,216.683,461.33
1784546919296,10,214.300276669081,457.236773624856,216.421,461.138
1784546919396,10,214.1445757385,457.345899245731,216.16,460.947
1784546919496,10,213.98704613661,457.444206656085,215.899,460.756
1784546919596,10,213.827530503124,457.532072918689,215.638,460.565
1784546919696,10,213.665880715618,457.609846323865,215.377,460.374
1784546919796,10,213.501960805317,457.677803523515,215.115,460.183
1784546919896,10,213.335641997314,457.736186820455,214.854,459.992
1784546919996,10,213.166801349508,457.785224289062,214.593,459.801
1784546920096,10,212.995319846316,457.825162062373,214.332,459.61
1784546920196,10,212.821080192274,457.856275974951,214.07,459.419
1784546920296,10,212.643967610508,457.878871379574,213.809,459.228
1784546920396,10,212.463873577079,457.893275696254,213.548,459.037
1784546920496,10,212.28069907269,457.899824165045,213.287,458.846
1784546920596,10,212.094355873998,457.898856492979,213.026,458.654
1784546920696,10,211.904767372693,457.890716810779,212.764,458.463
1784546920796,10,211.711869232188,457.875753690084,212.503,458.272
1784546920896,10,211.515608853657,457.854319944583,212.242,458.081
1784546920996,10,211.315941829936,457.8267717011,211.981,457.89
1784546921096,10,211.112831180179,457.793468101218,211.719,457.699
1784546921196,10,210.90624812579,457.75477103129,211.458,457.508
1784546921296,10,210.696172846388,457.711043781512,211.197,457.317
1784546921396,10,210.482594683577,457.662650743539,210.936,457.126
1784546921496,10,210.265512750682,457.609957453445,210.675,456.935
1784546921596,10,210.04493587385,457.553322794357,210.413,456.744
1784546921696,10,209.82088165269,457.493071264919,210.152,456.553
1784546921796,10,209.593374752727,457.42949232388,209.891,456.361
1784546921896,10,209.362445652729,457.362864743599,209.63,456.17
1784546921996,10,209.128130567969,457.293462693412,209.368,455.979
1784546922096,10,208.890471169887,457.221555327744,209.107,455.788
1784546922196,10,208.649512048896,457.147407823078,208.846,455.597
1784546922296,10,208.405299637896,457.071281751908,208.585,455.406
1784546922396,10,208.157882135631,456.993434588379,208.324,455.215
1784546922496,10,207.90731149965,456.914119750822,208.062,455.024
1784546922596,10,207.653643889032,456.833586803301,207.801,454.833
1784546922696,10,207.396938052414,456.752081047019,207.54,454.642
1784546922796,10,207.13725569856,456.66984464232,207.279,454.451
1784546922896,10,206.874661920479,456.587117134092,207.018,454.26
1784546922996,10,206.609223455159,456.50413533183,206.756,454.068
1784546923096,10,206.341009153064,456.421131957965,206.495,453.877
1784546923196,10,206.070090970531,456.338336062089,206.234,453.686
1784546923296,10,205.796544434703,456.255972905571,205.973,453.495
1784546923396,10,205.520449055974,456.174263795618,205.711,453.304
1784546923496,10,205.2418883925,456.093424933612,205.45,453.113
1784546923596,10,204.960950432066,456.013667352681,205.189,452.922
1784546923696,10,204.677726992818,455.935197033486,204.928,452.731
1784546923796,10,204.392317456843,455.85821441385,204.667,452.54
1784546923896,10,204.104832803378,455.782911593023,204.405,452.349
1784546923996,10,203.815395930235,455.709471907095,204.144,452.158
1784546924096,10,203.524135753129,455.638070437271,203.883,451.967
1784546924196,10,203.231181572808,455.568877538223,203.622,451.776
1784546924296,10,202.93665921839,455.502073790936,203.36,451.584
1784546924396,10,202.640691380833,455.437869070916,203.099,451.393
1784546924496,10,202.343398987909,455.376501251559,202.838,451.202
1784546924596,10,202.044902395108,455.318215778185,202.577,451.011
1784546924696,10,201.74532152471,455.263266482894,202.316,450.82
1784546924796,10,201.444775236129,455.211913259566,202.054,450.629
1784546924896,10,201.143380338014,455.164418793374,201.793,450.438
1784546924996,10,200.841245995263,455.121051467735,201.532,450.247
1784546925096,10,200.538473402948,455.082083347018,201.271,450.056
1784546925196,10,200.235158943476,455.047777829013,201.01,449.865
1784546925296,10,199.931400688295,455.018386479319,200.748,449.674
1784546925396,10,199.627294798872,454.994149139096,200.487,449.483
1784546925496,10,199.322937844698,454.975294879333,200.226,449.291
1784546925596,10,199.018428855448,454.962045414586,199.965,449.1
1784546925696,10,198.713869290444,454.95461649781,199.703,448.909
1784546925796,10,198.409358526388,454.953219432411,199.442,448.718
1784546925896,10,198.104993117722,454.958058936215,199.181,448.527
1784546925996,10,197.800868033418,454.969329657254,198.92,448.336
1784546926096,10,197.497078356072,454.987214976583,198.659,448.145
1784546926196,10,197.193722260997,455.011885200561,198.397,447.954
1784546926296,10,196.890904605632,455.043495972658,198.136,447.763
1784546926396,10,196.588739222765,455.082184540898,197.875,447.572
1784546926496,10,196.287350339709,455.128065704435,197.614,447.381
1784546926596,10,195.986871640922,455.181230825783,197.352,447.19
1784546926696,10,195.687439766574,455.241747337707,197.091,446.998
1784546926796,10,195.389193440328,455.309657433931,196.83,446.807
1784546926896,10,195.092274847808,455.384977126853,196.569,446.616
1784546926996,10,194.796831406736,455.467694597584,196.308,446.425
1784546927096,10,194.503016097274,455.557768543549,196.046,446.234
1784546927196,10,194.210984279181,455.655124031879,195.785,446.043
1784546927296,10,193.920892868553,455.759652502477,195.524,445.852
1784546927396,10,193.632897485594,455.871216657448,195.263,445.661
1784546927496,10,193.347153334745,455.989651048285,195.002,445.47
1784546927596,10,193.063818397446,456.114760613255,194.74,445.279
1784546927696,10,192.783052954354,456.246319794058,194.479,445.088
1784546927796,10,192.505018998721,456.384071591134,194.245,445.206
1784546927896,10,192.229876375906,456.527726794857,194.047,445.749
1784546927996,10,191.957782806644,456.676962850268,193.849,446.292
1784546928096,10,191.688897051121,456.831420871198,193.652,446.835
1784546928196,10,191.423387581034,456.990702939669,193.454,447.378
1784546928296,10,191.161435716254,457.154372936276,193.256,447.921
1784546928396,10,190.903235558027,457.32195765867,193.059,448.464
1784546928496,10,190.648986336363,457.492954509632,192.861,449.007
1784546928596,10,190.398877527026,457.666845637455,192.663,449.55
1784546928696,10,190.153084944456,457.843103331122,192.466,450.093
1784546928796,10,189.911768500409,458.021192780358,192.268,450.635
1784546928896,10,189.675071339442,458.200572610372,192.07,451.178
1784546928996,10,189.443120532928,458.380695594625,191.873,451.721
1784546929096,10,189.216027832295,458.561010393527,191.675,452.264
1784546929196,10,188.993890989325,458.740964552133,191.477,452.807
1784546929296,10,188.776794425451,458.920007507331,191.28,453.35
1784546929396,10,188.564810008022,459.097595599628,191.082,453.893
1784546929496,10,188.357998632803,459.273194291464,190.884,454.436
1784546929596,10,188.156412721934,459.446279017583,190.687,454.979
1784546929696,10,187.960094199375,459.616335842347,190.489,455.522
1784546929796,10,187.769075022011,459.782865121834,190.291,456.065
1784546929896,10,187.58337815856,459.945382920179,190.094,456.608
1784546929996,10,187.403018232404,460.103419027642,189.896,457.15
1784546930096,10,187.228002384228,460.256516202188,189.698,457.693
1784546930196,10,187.05833129066,460.404231531547,189.501,458.236
1784546930296,10,186.893999863057,460.546138072728,189.303,458.779
1784546930396,10,186.734998212838,460.681824625386,189.105,459.322
1784546930496,10,186.581312262606,460.810897022745,188.908,459.865
1784546930596,10,186.432923031546,460.932983452733,188.71,460.408
1784546930696,10,186.289804907466,461.04772647392,188.512,460.951
1784546930796,10,186.151925743972,461.15477678081,188.315,461.494
1784546930896,10,186.019247361654,461.253800967389,188.117,462.037
1784546930996,10,185.891726181375,461.344501431358,187.919,462.58
1784546931096,10,185.769314012902,461.426622972043,187.722,463.123
1784546931196,10,185.651958217484,461.499954380564,187.524,463.665
1784546931296,10,185.539600806957,461.564333279297,187.326,464.208
1784546931396,10,185.432180527387,461.619641615387,187.129,464.751
1784546931496,10,185.329634018019,461.665783247702,186.931,465.294
1784546931596,10,185.231896918882,461.702677866603,186.733,465.837
1784546931696,10,185.138904956867,461.730254492662,186.536,466.38
1784546931796,10,185.050596104333,461.74842514796,186.338,466.923
1784546931896,10,184.966910663567,461.757078399475,186.14,467.466
1784546931996,10,184.887790443901,461.756081091356,185.943,468.009
1784546932096,10,184.813178865477,461.745285330371,185.745,468.552
1784546932196,10,184.743020711784,461.724532053865,185.547,469.095
1784546932296,10,184.677260009936,461.693658265327,185.35,469.638
1784546932396,10,184.615839538992,461.652504260379,185.152,470.18
1784546932496,10,184.558699563501,461.600935091075,184.954,470.723
1784546932596,10,184.505774868923,461.538846055536,184.757,471.266
1784546932696,10,184.456994270159,461.466157174666,184.559,471.809
1784546932796,10,184.412280199783,461.382796128279,184.361,472.352
1784546932896,10,184.371546951445,461.288711626912,184.164,472.895
1784546932996,10,184.334702230673,461.183863479703,184.123,472.893
1784546933096,10,184.301646397742,461.068222943324,184.239,472.344
1784546933196,10,184.272274785909,460.941778782597,184.356,471.794
1784546933296,10,184.246475069406,460.804551418426,184.473,471.245
1784546933396,10,184.224126182114,460.656581027611,184.589,470.696
1784546933496,10,184.205097255606,460.4979280796,184.706,470.147
1784546933596,10,184.189247421534,460.328673650218,184.823,469.598
1784546933696,10,184.176425529668,460.148913500848,184.939,469.048
1784546933796,10,184.166469985478,459.958752462069,185.056,468.499
1784546933896,10,184.159213328092,459.758296486752,185.173,467.95
1784546933996,10,184.154482909455,459.547649941897,185.289,467.401
1784546934096,10,184.152098569903,459.326916179626,185.406,466.852
1784546934196,10,184.151872375063,459.09619868447,185.523,466.303
1784546934296,10,184.153609561223,458.855601930594,185.639,465.753
1784546934396,10,184.157107605448,458.605232462558,185.756,465.204
1784546934496,10,184.16215621584,458.345200243757,185.873,464.655
1784546934596,10,184.168538207005,458.075619822543,185.989,464.106
1784546934696,10,184.176028387431,457.796611318566,186.106,463.557
1784546934796,10,184.18439332637,457.508297551795,186.223,463.007
1784546934896,10,184.193391903997,457.210789053697,186.339,462.458
1784546934996,10,184.202775347735,456.904184217155,186.456,461.909
1784546935096,10,184.212286942005,456.588582252656,186.573,461.36
1784546935196,10,184.221661545021,456.264089807598,186.689,460.811
1784546935296,10,184.230623052975,455.930847756605,186.806,460.262
1784546935396,10,184.238880030392,455.589099604696,186.923,459.712
1784546935496,10,184.246124575332,455.239209412786,187.039,459.163
1784546935596,10,184.252032201829,454.881664002463,187.156,458.614
1784546935696,10,184.256261869982,454.517072373891,187.273,458.065
1784546935796,10,184.258455914485,454.146151466437,187.389,457.516
1784546935896,10,184.258240187815,453.76970854203,187.506,456.966
1784546935996,10,184.255224717739,453.388659769201,187.623,456.417
1784546936096,10,184.249005262703,453.004031828737,187.739,455.868
1784546936196,10,184.239168735185,452.616941295661,187.856,455.319
1784546936296,10,184.225297406797,452.228570713968,187.973,454.77
1784546936396,10,184.206980114711,451.840090054666,188.089,454.22
1784546936496,10,184.183816483947,451.452636969636,188.206,453.671
1784546936596,10,184.155422532294,451.067312818678,188.323,453.122
1784546936696,10,184.121432547704,450.685180840747,188.439,452.573
1784546936796,10,184.081500789314,450.307259217199,188.556,452.024
1784546936896,10,184.03530203307,449.934520667799,188.673,451.475
1784546936996,10,183.982529185852,449.567896097532,188.789,450.925
1784546937096,10,183.922883192721,449.208284000747,188.906,450.376
1784546937196,10,183.856070726277,448.856554137864,189.023,449.827
1784546937296,10,183.781806434153,448.513549221814,189.139,449.278
1784546937396,10,183.699821091681,448.180088217863,189.256,448.729
1784546937496,10,183.609863911043,447.856970710583,189.373,448.179
1784546937596,10,183.511702791789,447.544967931744,189.489,447.63
1784546937696,10,183.405124222302,447.244836502193,189.606,447.081
1784546937796,10,183.289933612994,446.957319899547,189.723,446.532
1784546937896,10,183.165956492678,446.683130819619,189.839,445.983
1784546937996,10,183.033041854175,446.422937065727,189.956,445.434
1784546938096,10,182.891063767514,446.177359019103,190.073,444.884
1784546938196,10,182.739922107617,445.946970105231,190.189,444.335
1784546938296,10,182.579543211208,445.732296198399,190.262,443.844
1784546938396,10,182.409879887555,445.533816199598,189.703,444.184
1784546938496,10,182.230908722901,445.35196306736,189.144,444.525
1784546938596,10,182.042627486035,445.18712360265,188.585,444.865
1784546938696,10,181.84505489345,445.039634424699,188.026,445.206
1784546938796,10,181.638229518506,444.909781261008,187.467,445.546
1784546938896,10,181.422208580045,444.797799955636,186.908,445.886
1784546938996,10,181.197065986134,444.703877281116,186.349,446.227
1784546939096,10,180.962888638965,444.628151563472,185.79,446.567
1784546939196,10,180.719776370571,444.570714269773,185.231,446.908
1784546939296,10,180.467842682451,444.531614852007,184.671,447.248
1784546939396,10,180.207213734367,444.510862271291,184.112,447.588
1784546939496,10,179.938024051645,444.508426066445,183.553,447.929
1784546939596,10,179.660415145264,444.524241551805,182.994,448.269
1784546939696,10,179.374532149099,444.558219275069,182.435,448.609
1784546939796,10,179.08052397648,444.610247146807,181.876,448.95
1784546939896,10,178.778544913503,444.680187266481,181.317,449.29
1784546939996,10,178.468757164897,444.767863093989,180.758,449.631
1784546940096,10,178.151333095895,444.873054684118,180.199,449.971
1784546940196,10,177.826456680102,444.995497871379,179.64,450.311
1784546940296,10,177.494324339464,445.134885199691,179.081,450.652
1784546940396,10,177.155145832317,445.290870934463,178.522,450.992
1784546940496,10,176.809143841365,445.463074901563,177.963,451.333
1784546940596,10,176.456551910552,445.651090959659,177.404,451.673
1784546940696,10,176.097615224678,445.85447686601,176.845,452.013
1784546940796,10,175.732591635319,446.072749944364,176.286,452.354
1784546940896,10,175.361750366733,446.305389300448,175.727,452.694
1784546940996,10,174.985371046879,446.55184676146,175.168,453.035
1784546941096,10,174.603742514183,446.811546248182,174.609,453.375
1784546941196,10,174.217154365069,447.083883152739,174.05,453.715
1784546941296,10,173.825893802422,447.368227810452,173.491,454.056
1784546941396,10,173.430245393641,447.66392398728,172.932,454.396
1784546941496,10,173.030493534682,447.970284177927,172.373,454.737
1784546941596,10,172.62692110935,448.286591549039,171.814,455.077
1784546941696,10,172.219810436348,448.612099593231,171.254,455.417
1784546941796,10,171.809445491353,448.946029969546,170.695,455.758
1784546941896,10,171.396114824729,449.287580624219,170.136,456.098
1784546941996,10,170.980110888651,449.63596534282,169.577,456.439
1784546942096,10,170.561721488036,449.990407031708,169.018,456.779
1784546942196,10,170.141214753393,450.35017595679,168.459,457.119
1784546942296,10,169.718837135506,450.714593211645,167.9,457.46
1784546942396,10,169.294814786059,451.083027197362,167.341,457.8
1784546942496,10,168.869355392623,451.454891896693,166.782,458.141
1784546942596,10,168.442650904913,451.829644856135,166.223,458.481
1784546942696,10,168.014881594011,452.206783858194,165.664,458.821
1784546942796,10,167.586214771512,452.585849109152,165.105,459.162
1784546942896,10,167.156804547342,452.966438940188,164.578,459.368
1784546942996,10,166.726791345446,453.348213403484,164.159,459.126
1784546943096,10,166.296299706745,453.730892785907,163.74,458.884
1784546943196,10,165.865438413171,454.114254322535,163.322,458.641
1784546943296,10,165.434301115055,454.498124767836,162.903,458.399
1784546943396,10,165.00296604687,454.882367294296,162.484,458.157
1784546943496,10,164.571496737441,455.266848794314,162.065,457.915
1784546943596,10,164.139943567883,455.651464620175,161.646,457.673
1784546943696,10,163.708345041439,456.036148077016,161.227,457.43
1784546943796,10,163.276728870207,456.42086155009,160.808,457.188
