timestamp,id,x,y,simid,ESstate,currEC,maxEC,totalcurrEC
1784546871496,0,1000,1000
1784546871496,2,500,500,1784546871496,0,0,0,0
1784546871496,3,700,500,1784546871496,0,0,0,0
1784546871496,4,400,673.205,1784546871496,0,0,0,0
1784546871496,5,400,326.795,1784546871496,0,0,0,0
1784546871596,2,500,500,1784546871496,0,0,0,0
1784546871596,3,700,500,1784546871496,0,0,0,0
1784546871596,4,400,673.205,1784546871496,0,0,0,0
1784546871596,5,400,326.795,1784546871496,0,0,0,0
1784546871696,2,500,500,1784546871496,0,0,0,0
1784546871696,3,700,500,1784546871496,0,0,0,0
1784546871696,4,400,673.205,1784546871496,0,0,0,0
1784546871696,5,400,326.795,1784546871496,0,0,0,0
1784546871796,2,500,500,1784546871496,0,0,0,0
1784546871796,3,700,500,1784546871496,0,0,0,0
1784546871796,4,400,673.205,1784546871496,0,0,0,0
1784546871796,5,400,326.795,1784546871496,0,0,0,0
1784546871896,2,500,500,1784546871496,0,0,0,0
1784546871896,3,700,500,1784546871496,0,0,0,0
1784546871896,4,400,673.205,1784546871496,0,0,0,0
1784546871896,5,400,326.795,1784546871496,0,0,0,0
1784546871996,2,500,500,1784546871496,0,0,0,0
1784546871996,3,700,500,1784546871496,0,0,0,0
1784546871996,4,400,673.205,1784546871496,0,0,0,0
1784546871996,5,400,326.795,1784546871496,0,0,0,0
1784546872096,2,500,500,1784546871496,0,0,0,0
1784546872096,3,700,500,1784546871496,0,0,0,0
1784546872096,4,400,673.205,1784546871496,0,0,0,0
1784546872096,5,400,326.795,1784546871496,0,0,0,0
1784546872196,2,500,500,1784546871496,0,0,0,0
1784546872196,3,700,500,1784546871496,0,0,0,0
1784546872196,4,400,673.205,1784546871496,0,0,0,0
1784546872196,5,400,326.795,1784546871496,0,0,0,0
1784546872296,2,500,500,1784546871496,0,0,0,0
1784546872296,3,700,500,1784546871496,0,0,0,0
1784546872296,4,400,673.205,1784546871496,0,0,0,0
1784546872296,5,400,326.795,1784546871496,0,0,0,0
1784546872396,2,500,500,1784546871496,0,0,0,0
1784546872396,3,700,500,1784546871496,0,0,0,0
1784546872396,4,400,673.205,1784546871496,0,0,0,0
1784546872396,5,400,326.795,1784546871496,0,0,0,0
1784546872496,2,500,500,1784546871496,0,0,0,0
1784546872496,3,700,500,1784546871496,0,0,0,0
1784546872496,4,400,673.205,1784546871496,0,0,0,0
1784546872496,5,400,326.795,1784546871496,0,0,0,0
1784546872596,2,500,500,1784546871496,0,0,0,0
1784546872596,3,700,500,1784546871496,0,0,0,0
1784546872596,4,400,673.205,1784546871496,0,0,0,0
1784546872596,5,400,326.795,1784546871496,0,0,0,0
1784546872696,2,500,500,1784546871496,0,0,0,0
1784546872696,3,700,500,1784546871496,0,0,0,0
1784546872696,4,400,673.205,1784546871496,0,0,0,0
1784546872696,5,400,326.795,1784546871496,0,0,0,0
1784546872796,2,500,500,1784546871496,0,0,0,0
1784546872796,3,700,500,1784546871496,0,0,0,0
1784546872796,4,400,673.205,1784546871496,0,0,0,0
1784546872796,5,400,326.795,1784546871496,0,0,0,0
1784546872896,2,500,500,1784546871496,0,0,0,0
1784546872896,3,700,500,1784546871496,0,0,0,0
1784546872896,4,400,673.205,1784546871496,0,0,0,0
1784546872896,5,400,326.795,1784546871496,0,0,0,0
1784546872996,2,500,500,1784546871496,0,0,0,0
1784546872996,3,700,500,1784546871496,0,0,0,0
1784546872996,4,400,673.205,1784546871496,0,0,0,0
1784546872996,5,400,326.795,1784546871496,0,0,0,0
1784546873096,2,500,500,1784546871496,0,0,0,0
1784546873096,3,700,500,1784546871496,0,0,0,0
1784546873096,4,400,673.205,1784546871496,0,0,0,0
1784546873096,5,400,326.795,1784546871496,0,0,0,0
1784546873196,2,500,500,1784546871496,0,0,0,0
1784546873196,3,700,500,1784546871496,0,0,0,0
1784546873196,4,400,673.205,1784546871496,0,0,0,0
1784546873196,5,400,326.795,1784546871496,0,0,0,0
1784546873296,2,500,500,1784546871496,0,0,0,0
1784546873296,3,700,500,1784546871496,0,0,0,0
1784546873296,4,400,673.205,1784546871496,0,0,0,0
1784546873296,5,400,326.795,1784546871496,0,0,0,0
1784546873396,2,500,500,1784546871496,0,0,0,0
1784546873396,3,700,500,1784546871496,0,0,0,0
1784546873396,4,400,673.205,1784546871496,0,0,0,0
1784546873396,5,400,326.795,1784546871496,0,0,0,0
1784546873496,2,500,500,1784546871496,0,0,0,0
1784546873496,3,700,500,1784546871496,0,0,0,0
1784546873496,4,400,673.205,1784546871496,0,0,0,0
1784546873496,5,400,326.795,1784546871496,0,0,0,0
1784546873596,2,500,500,1784546871496,0,0,0,0
1784546873596,3,700,500,1784546871496,0,0,0,0
1784546873596,4,400,673.205,1784546871496,0,0,0,0
1784546873596,5,400,326.795,1784546871496,0,0,0,0
1784546873696,2,500,500,1784546871496,0,0,0,0
1784546873696,3,700,500,1784546871496,0,0,0,0
1784546873696,4,400,673.205,1784546871496,0,0,0,0
1784546873696,5,400,326.795,1784546871496,0,0,0,0
1784546873796,2,500,500,1784546871496,0,0,0,0
1784546873796,3,700,500,1784546871496,0,0,0,0
1784546873796,4,400,673.205,1784546871496,0,0,0,0
1784546873796,5,400,326.795,1784546871496,0,0,0,0
1784546873896,2,500,500,1784546871496,0,0,0,0
1784546873896,3,700,500,1784546871496,0,0,0,0
1784546873896,4,400,673.205,1784546871496,0,0,0,0
1784546873896,5,400,326.795,1784546871496,0,0,0,0
1784546873996,2,500,500,1784546871496,0,0,0,0
1784546873996,3,700,500,1784546871496,0,0,0,0
1784546873996,4,400,673.205,1784546871496,0,0,0,0
1784546873996,5,400,326.795,1784546871496,0,0,0,0
1784546874096,2,500,500,1784546871496,0,0,0,0
1784546874096,3,700,500,1784546871496,0,0,0,0
1784546874096,4,400,673.205,1784546871496,0,0,0,0
1784546874096,5,400,326.795,1784546871496,0,0,0,0
1784546874196,2,500,500,1784546871496,0,0,0,0
1784546874196,3,700,500,1784546871496,0,0,0,0
1784546874196,4,400,673.205,1784546871496,0,0,0,0
1784546874196,5,400,326.795,1784546871496,0,0,0,0
1784546874296,2,500,500,1784546871496,0,0,0,0
1784546874296,3,700,500,1784546871496,0,0,0,0
1784546874296,4,400,673.205,1784546871496,0,0,0,0
1784546874296,5,400,326.795,1784546871496,0,0,0,0
1784546874396,2,500,500,1784546871496,0,0,0,0
1784546874396,3,700,500,1784546871496,0,0,0,0
1784546874396,4,400,673.205,1784546871496,0,0,0,0
1784546874396,5,400,326.795,1784546871496,0,0,0,0
1784546874496,2,500,500,1784546871496,0,0,0,0
1784546874496,3,700,500,1784546871496,0,0,0,0
1784546874496,4,400,673.205,1784546871496,0,0,0,0
1784546874496,5,400,326.795,1784546871496,0,0,0,0
1784546874596,2,500,500,1784546871496,0,0,0,0
1784546874596,3,700,500,1784546871496,0,0,0,0
1784546874596,4,400,673.205,1784546871496,0,0,0,0
1784546874596,5,400,326.795,1784546871496,0,0,0,0
1784546874696,2,500,500,1784546871496,0,0,0,0
1784546874696,3,700,500,1784546871496,0,0,0,0
1784546874696,4,400,673.205,1784546871496,0,0,0,0
1784546874696,5,400,326.795,1784546871496,0,0,0,0
1784546874796,2,500,500,1784546871496,0,0,0,0
1784546874796,3,700,500,1784546871496,0,0,0,0
1784546874796,4,400,673.205,1784546871496,0,0,0,0
1784546874796,5,400,326.795,1784546871496,0,0,0,0
1784546874896,2,500,500,1784546871496,0,0,0,0
1784546874896,3,700,500,1784546871496,0,0,0,0
1784546874896,4,400,673.205,1784546871496,0,0,0,0
1784546874896,5,400,326.795,1784546871496,0,0,0,0
1784546874996,2,500,500,1784546871496,0,0,0,0
1784546874996,3,700,500,1784546871496,0,0,0,0
1784546874996,4,400,673.205,1784546871496,0,0,0,0
1784546874996,5,400,326.795,1784546871496,0,0,0,0
1784546875096,2,500,500,1784546871496,0,0,0,0
1784546875096,3,700,500,1784546871496,0,0,0,0
1784546875096,4,400,673.205,1784546871496,0,0,0,0
1784546875096,5,400,326.795,1784546871496,0,0,0,0
1784546875196,2,500,500,1784546871496,0,0,0,0
1784546875196,3,700,500,1784546871496,0,0,0,0
1784546875196,4,400,673.205,1784546871496,0,0,0,0
1784546875196,5,400,326.795,1784546871496,0,0,0,0
1784546875296,2,500,500,1784546871496,0,0,0,0
1784546875296,3,700,500,1784546871496,0,0,0,0
1784546875296,4,400,673.205,1784546871496,0,0,0,0
1784546875296,5,400,326.795,1784546871496,0,0,0,0
1784546875396,2,500,500,1784546871496,0,0,0,0
1784546875396,3,700,500,1784546871496,0,0,0,0
1784546875396,4,400,673.205,1784546871496,0,0,0,0
1784546875396,5,400,326.795,1784546871496,0,0,0,0
1784546875496,2,500,500,1784546871496,0,0,0,0
1784546875496,3,700,500,1784546871496,0,0,0,0
1784546875496,4,400,673.205,1784546871496,0,0,0,0
1784546875496,5,400,326.795,1784546871496,0,0,0,0
1784546875596,2,500,500,1784546871496,0,0,0,0
1784546875596,3,700,500,1784546871496,0,0,0,0
1784546875596,4,400,673.205,1784546871496,0,0,0,0
1784546875596,5,400,326.795,1784546871496,0,0,0,0
1784546875696,2,500,500,1784546871496,0,0,0,0
1784546875696,3,700,500,1784546871496,0,0,0,0
1784546875696,4,400,673.205,1784546871496,0,0,0,0
1784546875696,5,400,326.795,1784546871496,0,0,0,0
1784546875796,2,500,500,1784546871496,0,0,0,0
1784546875796,3,700,500,1784546871496,0,0,0,0
1784546875796,4,400,673.205,1784546871496,0,0,0,0
1784546875796,5,400,326.795,1784546871496,0,0,0,0
1784546875896,2,500,500,1784546871496,0,0,0,0
1784546875896,3,700,500,1784546871496,0,0,0,0
1784546875896,4,400,673.205,1784546871496,0,0,0,0
1784546875896,5,400,326.795,1784546871496,0,0,0,0
1784546875996,2,500,500,1784546871496,0,0,0,0
1784546875996,3,700,500,1784546871496,0,0,0,0
1784546875996,4,400,673.205,1784546871496,0,0,0,0
1784546875996,5,400,326.795,1784546871496,0,0,0,0
1784546876096,2,500,500,1784546871496,0,0,0,0
1784546876096,3,700,500,1784546871496,0,0,0,0
1784546876096,4,400,673.205,1784546871496,0,0,0,0
1784546876096,5,400,326.795,1784546871496,0,0,0,0
1784546876196,2,500,500,1784546871496,0,0,0,0
1784546876196,3,700,500,1784546871496,0,0,0,0
1784546876196,4,400,673.205,1784546871496,0,0,0,0
1784546876196,5,400,326.795,1784546871496,0,0,0,0
1784546876296,2,500,500,1784546871496,0,0,0,0
1784546876296,3,700,500,1784546871496,0,0,0,0
1784546876296,4,400,673.205,1784546871496,0,0,0,0
1784546876296,5,400,326.795,1784546871496,0,0,0,0
1784546876396,2,500,500,1784546871496,0,0,0,0
1784546876396,3,700,500,1784546871496,0,0,0,0
1784546876396,4,400,673.205,1784546871496,0,0,0,0
1784546876396,5,400,326.795,1784546871496,0,0,0,0
1784546876496,2,500,500,1784546871496,0,0,0,0
1784546876496,3,700,500,1784546871496,0,0,0,0
1784546876496,4,400,673.205,1784546871496,0,0,0,0
1784546876496,5,400,326.795,1784546871496,0,0,0,0
1784546876596,2,500,500,1784546871496,0,0,0,0
1784546876596,3,700,500,1784546871496,0,0,0,0
1784546876596,4,400,673.205,1784546871496,0,0,0,0
1784546876596,5,400,326.795,1784546871496,0,0,0,0
1784546876696,2,500,500,1784546871496,0,0,0,0
1784546876696,3,700,500,1784546871496,0,0,0,0
1784546876696,4,400,673.205,1784546871496,0,0,0,0
1784546876696,5,400,326.795,1784546871496,0,0,0,0
1784546876796,2,500,500,1784546871496,0,0,0,0
1784546876796,3,700,500,1784546871496,0,0,0,0
1784546876796,4,400,673.205,1784546871496,0,0,0,0
1784546876796,5,400,326.795,1784546871496,0,0,0,0
1784546876896,2,500,500,1784546871496,0,0,0,0
1784546876896,3,700,500,1784546871496,0,0,0,0
1784546876896,4,400,673.205,1784546871496,0,0,0,0
1784546876896,5,400,326.795,1784546871496,0,0,0,0
1784546876996,2,500,500,1784546871496,0,0,0,0
1784546876996,3,700,500,1784546871496,0,0,0,0
1784546876996,4,400,673.205,1784546871496,0,0,0,0
1784546876996,5,400,326.795,1784546871496,0,0,0,0
1784546877096,2,500,500,1784546871496,0,0,0,0
1784546877096,3,700,500,1784546871496,0,0,0,0
1784546877096,4,400,673.205,1784546871496,0,0,0,0
1784546877096,5,400,326.795,1784546871496,0,0,0,0
1784546877196,2,500,500,1784546871496,0,0,0,0
1784546877196,3,700,500,1784546871496,0,0,0,0
1784546877196,4,400,673.205,1784546871496,0,0,0,0
1784546877196,5,400,326.795,1784546871496,0,0,0,0
1784546877296,2,500,500,1784546871496,0,0,0,0
1784546877296,3,700,500,1784546871496,0,0,0,0
1784546877296,4,400,673.205,1784546871496,0,0,0,0
1784546877296,5,400,326.795,1784546871496,0,0,0,0
1784546877396,2,500,500,1784546871496,0,0,0,0
1784546877396,3,700,500,1784546871496,0,0,0,0
1784546877396,4,400,673.205,1784546871496,0,0,0,0
1784546877396,5,400,326.795,1784546871496,0,0,0,0
1784546877496,2,500,500,1784546871496,0,0,0,0
1784546877496,3,700,500,1784546871496,0,0,0,0
1784546877496,4,400,673.205,1784546871496,0,0,0,0
1784546877496,5,400,326.795,1784546871496,0,0,0,0
1784546877596,2,500,500,1784546871496,0,0,0,0
1784546877596,3,700,500,1784546871496,0,0,0,0
1784546877596,4,400,673.205,1784546871496,0,0,0,0
1784546877596,5,400,326.795,1784546871496,0,0,0,0
1784546877696,2,500,500,1784546871496,0,0,0,0
1784546877696,3,700,500,1784546871496,0,0,0,0
1784546877696,4,400,673.205,1784546871496,0,0,0,0
1784546877696,5,400,326.795,1784546871496,0,0,0,0
1784546877796,2,500,500,1784546871496,0,0,0,0
1784546877796,3,700,500,1784546871496,0,0,0,0
1784546877796,4,400,673.205,1784546871496,0,0,0,0
1784546877796,5,400,326.795,1784546871496,0,0,0,0
1784546877896,2,500,500,1784546871496,0,0,0,0
1784546877896,3,700,500,1784546871496,0,0,0,0
1784546877896,4,400,673.205,1784546871496,0,0,0,0
1784546877896,5,400,326.795,1784546871496,0,0,0,0
1784546877996,2,500,500,1784546871496,0,0,0,0
1784546877996,3,700,500,1784546871496,0,0,0,0
1784546877996,4,400,673.205,1784546871496,0,0,0,0
1784546877996,5,400,326.795,1784546871496,0,0,0,0
1784546878096,2,500,500,1784546871496,0,0,0,0
1784546878096,3,700,500,1784546871496,0,0,0,0
1784546878096,4,400,673.205,1784546871496,0,0,0,0
1784546878096,5,400,326.795,1784546871496,0,0,0,0
1784546878196,2,500,500,1784546871496,0,0,0,0
1784546878196,3,700,500,1784546871496,0,0,0,0
1784546878196,4,400,673.205,1784546871496,0,0,0,0
1784546878196,5,400,326.795,1784546871496,0,0,0,0
1784546878296,2,500,500,1784546871496,0,0,0,0
1784546878296,3,700,500,1784546871496,0,0,0,0
1784546878296,4,400,673.205,1784546871496,0,0,0,0
1784546878296,5,400,326.795,1784546871496,0,0,0,0
1784546878396,2,500,500,1784546871496,0,0,0,0
1784546878396,3,700,500,1784546871496,0,0,0,0
1784546878396,4,400,673.205,1784546871496,0,0,0,0
1784546878396,5,400,326.795,1784546871496,0,0,0,0
1784546878496,2,500,500,1784546871496,0,0,0,0
1784546878496,3,700,500,1784546871496,0,0,0,0
1784546878496,4,400,673.205,1784546871496,0,0,0,0
1784546878496,5,400,326.795,1784546871496,0,0,0,0
1784546878596,2,500,500,1784546871496,0,0,0,0
1784546878596,3,700,500,1784546871496,0,0,0,0
1784546878596,4,400,673.205,1784546871496,0,0,0,0
1784546878596,5,400,326.795,1784546871496,0,0,0,0
1784546878696,2,500,500,1784546871496,0,0,0,0
1784546878696,3,700,500,1784546871496,0,0,0,0
1784546878696,4,400,673.205,1784546871496,0,0,0,0
1784546878696,5,400,326.795,1784546871496,0,0,0,0
1784546878796,2,500,500,1784546871496,0,0,0,0
1784546878796,3,700,500,1784546871496,0,0,0,0
1784546878796,4,400,673.205,1784546871496,0,0,0,0
1784546878796,5,400,326.795,1784546871496,0,0,0,0
1784546878896,2,500,500,1784546871496,0,0,0,0
1784546878896,3,700,500,1784546871496,0,0,0,0
1784546878896,4,400,673.205,1784546871496,0,0,0,0
1784546878896,5,400,326.795,1784546871496,0,0,0,0
1784546878996,2,500,500,1784546871496,0,0,0,0
1784546878996,3,700,500,1784546871496,0,0,0,0
1784546878996,4,400,673.205,1784546871496,0,0,0,0
1784546878996,5,400,326.795,1784546871496,0,0,0,0
1784546879096,2,500,500,1784546871496,0,0,0,0
1784546879096,3,700,500,1784546871496,0,0,0,0
1784546879096,4,400,673.205,1784546871496,0,0,0,0
1784546879096,5,400,326.795,1784546871496,0,0,0,0
1784546879196,2,500,500,1784546871496,0,0,0,0
1784546879196,3,700,500,1784546871496,0,0,0,0
1784546879196,4,400,673.205,1784546871496,0,0,0,0
1784546879196,5,400,326.795,1784546871496,0,0,0,0
1784546879296,2,500,500,1784546871496,0,0,0,0
1784546879296,3,700,500,1784546871496,0,0,0,0
1784546879296,4,400,673.205,1784546871496,0,0,0,0
1784546879296,5,400,326.795,1784546871496,0,0,0,0
1784546879396,2,500,500,1784546871496,0,0,0,0
1784546879396,3,700,500,1784546871496,0,0,0,0
1784546879396,4,400,673.205,1784546871496,0,0,0,0
1784546879396,5,400,326.795,1784546871496,0,0,0,0
1784546879496,2,500,500,1784546871496,0,0,0,0
1784546879496,3,700,500,1784546871496,0,0,0,0
1784546879496,4,400,673.205,1784546871496,0,0,0,0
1784546879496,5,400,326.795,1784546871496,0,0,0,0
1784546879596,2,500,500,1784546871496,0,0,0,0
1784546879596,3,700,500,1784546871496,0,0,0,0
1784546879596,4,400,673.205,1784546871496,0,0,0,0
1784546879596,5,400,326.795,1784546871496,0,0,0,0
1784546879696,2,500,500,1784546871496,0,0,0,0
1784546879696,3,700,500,1784546871496,0,0,0,0
1784546879696,4,400,673.205,1784546871496,0,0,0,0
1784546879696,5,400,326.795,1784546871496,0,0,0,0
1784546879796,2,500,500,1784546871496,0,0,0,0
1784546879796,3,700,500,1784546871496,0,0,0,0
1784546879796,4,400,673.205,1784546871496,0,0,0,0
1784546879796,5,400,326.795,1784546871496,0,0,0,0
1784546879896,2,500,500,1784546871496,0,0,0,0
1784546879896,3,700,500,1784546871496,0,0,0,0
1784546879896,4,400,673.205,1784546871496,0,0,0,0
1784546879896,5,400,326.795,1784546871496,0,0,0,0
1784546879996,2,500,500,1784546871496,0,0,0,0
1784546879996,3,700,500,1784546871496,0,0,0,0
1784546879996,4,400,673.205,1784546871496,0,0,0,0
1784546879996,5,400,326.795,1784546871496,0,0,0,0
1784546880096,2,500,500,1784546871496,0,0,0,0
1784546880096,3,700,500,1784546871496,0,0,0,0
1784546880096,4,400,673.205,1784546871496,0,0,0,0
1784546880096,5,400,326.795,1784546871496,0,0,0,0
1784546880196,2,500,500,1784546871496,0,0,0,0
1784546880196,3,700,500,1784546871496,0,0,0,0
1784546880196,4,400,673.205,1784546871496,0,0,0,0
1784546880196,5,400,326.795,1784546871496,0,0,0,0
1784546880296,2,500,500,1784546871496,0,0,0,0
1784546880296,3,700,500,1784546871496,0,0,0,0
1784546880296,4,400,673.205,1784546871496,0,0,0,0
1784546880296,5,400,326.795,1784546871496,0,0,0,0
1784546880396,2,500,500,1784546871496,0,0,0,0
1784546880396,3,700,500,1784546871496,0,0,0,0
1784546880396,4,400,673.205,1784546871496,0,0,0,0
1784546880396,5,400,326.795,1784546871496,0,0,0,0
1784546880496,2,500,500,1784546871496,0,0,0,0
1784546880496,3,700,500,1784546871496,0,0,0,0
1784546880496,4,400,673.205,1784546871496,0,0,0,0
1784546880496,5,400,326.795,1784546871496,0,0,0,0
1784546880596,2,500,500,1784546871496,0,0,0,0
1784546880596,3,700,500,1784546871496,0,0,0,0
1784546880596,4,400,673.205,1784546871496,0,0,0,0
1784546880596,5,400,326.795,1784546871496,0,0,0,0
1784546880696,2,500,500,1784546871496,0,0,0,0
1784546880696,3,700,500,1784546871496,0,0,0,0
1784546880696,4,400,673.205,1784546871496,0,0,0,0
1784546880696,5,400,326.795,1784546871496,0,0,0,0
1784546880796,2,500,500,1784546871496,0,0,0,0
1784546880796,3,700,500,1784546871496,0,0,0,0
1784546880796,4,400,673.205,1784546871496,0,0,0,0
1784546880796,5,400,326.795,1784546871496,0,0,0,0
1784546880896,2,500,500,1784546871496,0,0,0,0
1784546880896,3,700,500,1784546871496,0,0,0,0
1784546880896,4,400,673.205,1784546871496,0,0,0,0
1784546880896,5,400,326.795,1784546871496,0,0,0,0
1784546880996,2,500,500,1784546871496,0,0,0,0
1784546880996,3,700,500,1784546871496,0,0,0,0
1784546880996,4,400,673.205,1784546871496,0,0,0,0
1784546880996,5,400,326.795,1784546871496,0,0,0,0
1784546881096,2,500,500,1784546871496,0,0,0,0
1784546881096,3,700,500,1784546871496,0,0,0,0
1784546881096,4,400,673.205,1784546871496,0,0,0,0
1784546881096,5,400,326.795,1784546871496,0,0,0,0
1784546881196,2,500,500,1784546871496,0,0,0,0
1784546881196,3,700,500,1784546871496,0,0,0,0
1784546881196,4,400,673.205,1784546871496,0,0,0,0
1784546881196,5,400,326.795,1784546871496,0,0,0,0
1784546881296,2,500,500,1784546871496,0,0,0,0
1784546881296,3,700,500,1784546871496,0,0,0,0
1784546881296,4,400,673.205,1784546871496,0,0,0,0
1784546881296,5,400,326.795,1784546871496,0,0,0,0
1784546881396,2,500,500,1784546871496,0,0,0,0
1784546881396,3,700,500,1784546871496,0,0,0,0
1784546881396,4,400,673.205,1784546871496,0,0,0,0
1784546881396,5,400,326.795,1784546871496,0,0,0,0
1784546881496,2,500,500,1784546871496,0,0,0,0
1784546881496,3,700,500,1784546871496,0,0,0,0
1784546881496,4,400,673.205,1784546871496,0,0,0,0
1784546881496,5,400,326.795,1784546871496,0,0,0,0
1784546881596,2,500,500,1784546871496,0,0,0,0
1784546881596,3,700,500,1784546871496,0,0,0,0
1784546881596,4,400,673.205,1784546871496,0,0,0,0
1784546881596,5,400,326.795,1784546871496,0,0,0,0
1784546881696,2,500,500,1784546871496,0,0,0,0
1784546881696,3,700,500,1784546871496,0,0,0,0
1784546881696,4,400,673.205,1784546871496,0,0,0,0
1784546881696,5,400,326.795,1784546871496,0,0,0,0
1784546881796,2,500,500,1784546871496,0,0,0,0
1784546881796,3,700,500,1784546871496,0,0,0,0
1784546881796,4,400,673.205,1784546871496,0,0,0,0
1784546881796,5,400,326.795,1784546871496,0,0,0,0
1784546881896,2,500,500,1784546871496,0,0,0,0
1784546881896,3,700,500,1784546871496,0,0,0,0
1784546881896,4,400,673.205,1784546871496,0,0,0,0
1784546881896,5,400,326.795,1784546871496,0,0,0,0
1784546881996,2,500,500,1784546871496,0,0,0,0
1784546881996,3,700,500,1784546871496,0,0,0,0
1784546881996,4,400,673.205,1784546871496,0,0,0,0
1784546881996,5,400,326.795,1784546871496,0,0,0,0
1784546882096,2,500,500,1784546871496,0,0,0,0
1784546882096,3,700,500,1784546871496,0,0,0,0
1784546882096,4,400,673.205,1784546871496,0,0,0,0
1784546882096,5,400,326.795,1784546871496,0,0,0,0
1784546882196,2,500,500,1784546871496,0,0,0,0
1784546882196,3,700,500,1784546871496,0,0,0,0
1784546882196,4,400,673.205,1784546871496,0,0,0,0
1784546882196,5,400,326.795,1784546871496,0,0,0,0
1784546882296,2,500,500,1784546871496,0,0,0,0
1784546882296,3,700,500,1784546871496,0,0,0,0
1784546882296,4,400,673.205,1784546871496,0,0,0,0
1784546882296,5,400,326.795,1784546871496,0,0,0,0
1784546882396,2,500,500,1784546871496,0,0,0,0
1784546882396,3,700,500,1784546871496,0,0,0,0
1784546882396,4,400,673.205,1784546871496,0,0,0,0
1784546882396,5,400,326.795,1784546871496,0,0,0,0
1784546882496,2,500,500,1784546871496,0,0,0,0
1784546882496,3,700,500,1784546871496,0,0,0,0
1784546882496,4,400,673.205,1784546871496,0,0,0,0
1784546882496,5,400,326.795,1784546871496,0,0,0,0
1784546882596,2,500,500,1784546871496,0,0,0,0
1784546882596,3,700,500,1784546871496,0,0,0,0
1784546882596,4,400,673.205,1784546871496,0,0,0,0
1784546882596,5,400,326.795,1784546871496,0,0,0,0
1784546882696,2,500,500,1784546871496,0,0,0,0
1784546882696,3,700,500,1784546871496,0,0,0,0
1784546882696,4,400,673.205,1784546871496,0,0,0,0
1784546882696,5,400,326.795,1784546871496,0,0,0,0
1784546882796,2,500,500,1784546871496,0,0,0,0
1784546882796,3,700,500,1784546871496,0,0,0,0
1784546882796,4,400,673.205,1784546871496,0,0,0,0
1784546882796,5,400,326.795,1784546871496,0,0,0,0
1784546882896,2,500,500,1784546871496,0,0,0,0
1784546882896,3,700,500,1784546871496,0,0,0,0
1784546882896,4,400,673.205,1784546871496,0,0,0,0
1784546882896,5,400,326.795,1784546871496,0,0,0,0
1784546882996,2,500,500,1784546871496,0,0,0,0
1784546882996,3,700,500,1784546871496,0,0,0,0
1784546882996,4,400,673.205,1784546871496,0,0,0,0
1784546882996,5,400,326.795,1784546871496,0,0,0,0
1784546883096,2,500,500,1784546871496,0,0,0,0
1784546883096,3,700,500,1784546871496,0,0,0,0
1784546883096,4,400,673.205,1784546871496,0,0,0,0
1784546883096,5,400,326.795,1784546871496,0,0,0,0
1784546883196,2,500,500,1784546871496,0,0,0,0
1784546883196,3,700,500,1784546871496,0,0,0,0
1784546883196,4,400,673.205,1784546871496,0,0,0,0
1784546883196,5,400,326.795,1784546871496,0,0,0,0
1784546883296,2,500,500,1784546871496,0,0,0,0
1784546883296,3,700,500,1784546871496,0,0,0,0
1784546883296,4,400,673.205,1784546871496,0,0,0,0
1784546883296,5,400,326.795,1784546871496,0,0,0,0
1784546883396,2,500,500,1784546871496,0,0,0,0
1784546883396,3,700,500,1784546871496,0,0,0,0
1784546883396,4,400,673.205,1784546871496,0,0,0,0
1784546883396,5,400,326.795,1784546871496,0,0,0,0
1784546883496,2,500,500,1784546871496,0,0,0,0
1784546883496,3,700,500,1784546871496,0,0,0,0
1784546883496,4,400,673.205,1784546871496,0,0,0,0
1784546883496,5,400,326.795,1784546871496,0,0,0,0
1784546883596,2,500,500,1784546871496,0,0,0,0
1784546883596,3,700,500,1784546871496,0,0,0,0
1784546883596,4,400,673.205,1784546871496,0,0,0,0
1784546883596,5,400,326.795,1784546871496,0,0,0,0
1784546883696,2,500,500,1784546871496,0,0,0,0
1784546883696,3,700,500,1784546871496,0,0,0,0
1784546883696,4,400,673.205,1784546871496,0,0,0,0
1784546883696,5,400,326.795,1784546871496,0,0,0,0
1784546883796,2,500,500,1784546871496,0,0,0,0
1784546883796,3,700,500,1784546871496,0,0,0,0
1784546883796,4,400,673.205,1784546871496,0,0,0,0
1784546883796,5,400,326.795,1784546871496,0,0,0,0
1784546883896,2,500,500,1784546871496,0,0,0,0
1784546883896,3,700,500,1784546871496,0,0,0,0
1784546883896,4,400,673.205,1784546871496,0,0,0,0
1784546883896,5,400,326.795,1784546871496,0,0,0,0
1784546883996,2,500,500,1784546871496,0,0,0,0
1784546883996,3,700,500,1784546871496,0,0,0,0
1784546883996,4,400,673.205,1784546871496,0,0,0,0
1784546883996,5,400,326.795,1784546871496,0,0,0,0
1784546884096,2,500,500,1784546871496,0,0,0,0
1784546884096,3,700,500,1784546871496,0,0,0,0
1784546884096,4,400,673.205,1784546871496,0,0,0,0
1784546884096,5,400,326.795,1784546871496,0,0,0,0
1784546884196,2,500,500,1784546871496,0,0,0,0
1784546884196,3,700,500,1784546871496,0,0,0,0
1784546884196,4,400,673.205,1784546871496,0,0,0,0
1784546884196,5,400,326.795,1784546871496,0,0,0,0
1784546884296,2,500,500,1784546871496,0,0,0,0
1784546884296,3,700,500,1784546871496,0,0,0,0
1784546884296,4,400,673.205,1784546871496,0,0,0,0
1784546884296,5,400,326.795,1784546871496,0,0,0,0
1784546884396,2,500,500,1784546871496,0,0,0,0
1784546884396,3,700,500,1784546871496,0,0,0,0
1784546884396,4,400,673.205,1784546871496,0,0,0,0
1784546884396,5,400,326.795,1784546871496,0,0,0,0
1784546884496,2,500,500,1784546871496,0,0,0,0
1784546884496,3,700,500,1784546871496,0,0,0,0
1784546884496,4,400,673.205,1784546871496,0,0,0,0
1784546884496,5,400,326.795,1784546871496,0,0,0,0
1784546884596,2,500,500,1784546871496,0,0,0,0
1784546884596,3,700,500,1784546871496,0,0,0,0
1784546884596,4,400,673.205,1784546871496,0,0,0,0
1784546884596,5,400,326.795,1784546871496,0,0,0,0
1784546884696,2,500,500,1784546871496,0,0,0,0
1784546884696,3,700,500,1784546871496,0,0,0,0
1784546884696,4,400,673.205,1784546871496,0,0,0,0
1784546884696,5,400,326.795,1784546871496,0,0,0,0
1784546884796,2,500,500,1784546871496,0,0,0,0
1784546884796,3,700,500,1784546871496,0,0,0,0
1784546884796,4,400,673.205,1784546871496,0,0,0,0
1784546884796,5,400,326.795,1784546871496,0,0,0,0
1784546884896,2,500,500,1784546871496,0,0,0,0
1784546884896,3,700,500,1784546871496,0,0,0,0
1784546884896,4,400,673.205,1784546871496,0,0,0,0
1784546884896,5,400,326.795,1784546871496,0,0,0,0
1784546884996,2,500,500,1784546871496,0,0,0,0
1784546884996,3,700,500,1784546871496,0,0,0,0
1784546884996,4,400,673.205,1784546871496,0,0,0,0
1784546884996,5,400,326.795,1784546871496,0,0,0,0
1784546885096,2,500,500,1784546871496,0,0,0,0
1784546885096,3,700,500,1784546871496,0,0,0,0
1784546885096,4,400,673.205,1784546871496,0,0,0,0
1784546885096,5,400,326.795,1784546871496,0,0,0,0
1784546885196,2,500,500,1784546871496,0,0,0,0
1784546885196,3,700,500,1784546871496,0,0,0,0
1784546885196,4,400,673.205,1784546871496,0,0,0,0
1784546885196,5,400,326.795,1784546871496,0,0,0,0
1784546885296,2,500,500,1784546871496,0,0,0,0
1784546885296,3,700,500,1784546871496,0,0,0,0
1784546885296,4,400,673.205,1784546871496,0,0,0,0
1784546885296,5,400,326.795,1784546871496,0,0,0,0
1784546885396,2,500,500,1784546871496,0,0,0,0
1784546885396,3,700,500,1784546871496,0,0,0,0
1784546885396,4,400,673.205,1784546871496,0,0,0,0
1784546885396,5,400,326.795,1784546871496,0,0,0,0
1784546885496,2,500,500,1784546871496,0,0,0,0
1784546885496,3,700,500,1784546871496,0,0,0,0
1784546885496,4,400,673.205,1784546871496,0,0,0,0
1784546885496,5,400,326.795,1784546871496,0,0,0,0
1784546885596,2,500,500,1784546871496,0,0,0,0
1784546885596,3,700,500,1784546871496,0,0,0,0
1784546885596,4,400,673.205,1784546871496,0,0,0,0
1784546885596,5,400,326.795,1784546871496,0,0,0,0
1784546885696,2,500,500,1784546871496,0,0,0,0
1784546885696,3,700,500,1784546871496,0,0,0,0
1784546885696,4,400,673.205,1784546871496,0,0,0,0
1784546885696,5,400,326.795,1784546871496,0,0,0,0
1784546885796,2,500,500,1784546871496,0,0,0,0
1784546885796,3,700,500,1784546871496,0,0,0,0
1784546885796,4,400,673.205,1784546871496,0,0,0,0
1784546885796,5,400,326.795,1784546871496,0,0,0,0
1784546885896,2,500,500,1784546871496,0,0,0,0
1784546885896,3,700,500,1784546871496,0,0,0,0
1784546885896,4,400,673.205,1784546871496,0,0,0,0
1784546885896,5,400,326.795,1784546871496,0,0,0,0
1784546885996,2,500,500,1784546871496,0,0,0,0
1784546885996,3,700,500,1784546871496,0,0,0,0
1784546885996,4,400,673.205,1784546871496,0,0,0,0
1784546885996,5,400,326.795,1784546871496,0,0,0,0
1784546886096,2,500,500,1784546871496,0,0,0,0
1784546886096,3,700,500,1784546871496,0,0,0,0
1784546886096,4,400,673.205,1784546871496,0,0,0,0
1784546886096,5,400,326.795,1784546871496,0,0,0,0
1784546886196,2,500,500,1784546871496,0,0,0,0
1784546886196,3,700,500,1784546871496,0,0,0,0
1784546886196,4,400,673.205,1784546871496,0,0,0,0
1784546886196,5,400,326.795,1784546871496,0,0,0,0
1784546886296,2,500,500,1784546871496,0,0,0,0
1784546886296,3,700,500,1784546871496,0,0,0,0
1784546886296,4,400,673.205,1784546871496,0,0,0,0
1784546886296,5,400,326.795,1784546871496,0,0,0,0
1784546886396,2,500,500,1784546871496,0,0,0,0
1784546886396,3,700,500,1784546871496,0,0,0,0
1784546886396,4,400,673.205,1784546871496,0,0,0,0
1784546886396,5,400,326.795,1784546871496,0,0,0,0
1784546886496,2,500,500,1784546871496,0,0,0,0
1784546886496,3,700,500,1784546871496,0,0,0,0
1784546886496,4,400,673.205,1784546871496,0,0,0,0
1784546886496,5,400,326.795,1784546871496,0,0,0,0
1784546886596,2,500,500,1784546871496,0,0,0,0
1784546886596,3,700,500,1784546871496,0,0,0,0
1784546886596,4,400,673.205,1784546871496,0,0,0,0
1784546886596,5,400,326.795,1784546871496,0,0,0,0
1784546886696,2,500,500,1784546871496,0,0,0,0
1784546886696,3,700,500,1784546871496,0,0,0,0
1784546886696,4,400,673.205,1784546871496,0,0,0,0
1784546886696,5,400,326.795,1784546871496,0,0,0,0
1784546886796,2,500,500,1784546871496,0,0,0,0
1784546886796,3,700,500,1784546871496,0,0,0,0
1784546886796,4,400,673.205,1784546871496,0,0,0,0
1784546886796,5,400,326.795,1784546871496,0,0,0,0
1784546886896,2,500,500,1784546871496,0,0,0,0
1784546886896,3,700,500,1784546871496,0,0,0,0
1784546886896,4,400,673.205,1784546871496,0,0,0,0
1784546886896,5,400,326.795,1784546871496,0,0,0,0
1784546886996,2,500,500,1784546871496,0,0,0,0
1784546886996,3,700,500,1784546871496,0,0,0,0
1784546886996,4,400,673.205,1784546871496,0,0,0,0
1784546886996,5,400,326.795,1784546871496,0,0,0,0
1784546887096,2,500,500,1784546871496,0,0,0,0
1784546887096,3,700,500,1784546871496,0,0,0,0
1784546887096,4,400,673.205,1784546871496,0,0,0,0
1784546887096,5,400,326.795,1784546871496,0,0,0,0
1784546887196,2,500,500,1784546871496,0,0,0,0
1784546887196,3,700,500,1784546871496,0,0,0,0
1784546887196,4,400,673.205,1784546871496,0,0,0,0
1784546887196,5,400,326.795,1784546871496,0,0,0,0
1784546887296,2,500,500,1784546871496,0,0,0,0
1784546887296,3,700,500,1784546871496,0,0,0,0
1784546887296,4,400,673.205,1784546871496,0,0,0,0
1784546887296,5,400,326.795,1784546871496,0,0,0,0
1784546887396,2,500,500,1784546871496,0,0,0,0
1784546887396,3,700,500,1784546871496,0,0,0,0
1784546887396,4,400,673.205,1784546871496,0,0,0,0
1784546887396,5,400,326.795,1784546871496,0,0,0,0
1784546887496,2,500,500,1784546871496,0,0,0,0
1784546887496,3,700,500,1784546871496,0,0,0,0
1784546887496,4,400,673.205,1784546871496,0,0,0,0
1784546887496,5,400,326.795,1784546871496,0,0,0,0
1784546887596,2,500,500,1784546871496,0,0,0,0
1784546887596,3,700,500,1784546871496,0,0,0,0
1784546887596,4,400,673.205,1784546871496,0,0,0,0
1784546887596,5,400,326.795,1784546871496,0,0,0,0
1784546887696,2,500,500,1784546871496,0,0,0,0
1784546887696,3,700,500,1784546871496,0,0,0,0
1784546887696,4,400,673.205,1784546871496,0,0,0,0
1784546887696,5,400,326.795,1784546871496,0,0,0,0
1784546887796,2,500,500,1784546871496,0,0,0,0
1784546887796,3,700,500,1784546871496,0,0,0,0
1784546887796,4,400,673.205,1784546871496,0,0,0,0
1784546887796,5,400,326.795,1784546871496,0,0,0,0
1784546887896,2,500,500,1784546871496,0,0,0,0
1784546887896,3,700,500,1784546871496,0,0,0,0
1784546887896,4,400,673.205,1784546871496,0,0,0,0
1784546887896,5,400,326.795,1784546871496,0,0,0,0
1784546887996,2,500,500,1784546871496,0,0,0,0
1784546887996,3,700,500,1784546871496,0,0,0,0
1784546887996,4,400,673.205,1784546871496,0,0,0,0
1784546887996,5,400,326.795,1784546871496,0,0,0,0
1784546888096,2,500,500,1784546871496,0,0,0,0
1784546888096,3,700,500,1784546871496,0,0,0,0
1784546888096,4,400,673.205,1784546871496,0,0,0,0
1784546888096,5,400,326.795,1784546871496,0,0,0,0
1784546888196,2,500,500,1784546871496,0,0,0,0
1784546888196,3,700,500,1784546871496,0,0,0,0
1784546888196,4,400,673.205,1784546871496,0,0,0,0
1784546888196,5,400,326.795,1784546871496,0,0,0,0
1784546888296,2,500,500,1784546871496,0,0,0,0
1784546888296,3,700,500,1784546871496,0,0,0,0
1784546888296,4,400,673.205,1784546871496,0,0,0,0
1784546888296,5,400,326.795,1784546871496,0,0,0,0
1784546888396,2,500,500,1784546871496,0,0,0,0
1784546888396,3,700,500,1784546871496,0,0,0,0
1784546888396,4,400,673.205,1784546871496,0,0,0,0
1784546888396,5,400,326.795,1784546871496,0,0,0,0
1784546888496,2,500,500,1784546871496,0,0,0,0
1784546888496,3,700,500,1784546871496,0,0,0,0
1784546888496,4,400,673.205,1784546871496,0,0,0,0
1784546888496,5,400,326.795,1784546871496,0,0,0,0
1784546888596,2,500,500,1784546871496,0,0,0,0
1784546888596,3,700,500,1784546871496,0,0,0,0
1784546888596,4,400,673.205,1784546871496,0,0,0,0
1784546888596,5,400,326.795,1784546871496,0,0,0,0
1784546888696,2,500,500,1784546871496,0,0,0,0
1784546888696,3,700,500,1784546871496,0,0,0,0
1784546888696,4,400,673.205,1784546871496,0,0,0,0
1784546888696,5,400,326.795,1784546871496,0,0,0,0
1784546888796,2,500,500,1784546871496,0,0,0,0
1784546888796,3,700,500,1784546871496,0,0,0,0
1784546888796,4,400,673.205,1784546871496,0,0,0,0
1784546888796,5,400,326.795,1784546871496,0,0,0,0
1784546888896,2,500,500,1784546871496,0,0,0,0
1784546888896,3,700,500,1784546871496,0,0,0,0
1784546888896,4,400,673.205,1784546871496,0,0,0,0
1784546888896,5,400,326.795,1784546871496,0,0,0,0
1784546888996,2,500,500,1784546871496,0,0,0,0
1784546888996,3,700,500,1784546871496,0,0,0,0
1784546888996,4,400,673.205,1784546871496,0,0,0,0
1784546888996,5,400,326.795,1784546871496,0,0,0,0
1784546889096,2,500,500,1784546871496,0,0,0,0
1784546889096,3,700,500,1784546871496,0,0,0,0
1784546889096,4,400,673.205,1784546871496,0,0,0,0
1784546889096,5,400,326.795,1784546871496,0,0,0,0
1784546889196,2,500,500,1784546871496,0,0,0,0
1784546889196,3,700,500,1784546871496,0,0,0,0
1784546889196,4,400,673.205,1784546871496,0,0,0,0
1784546889196,5,400,326.795,1784546871496,0,0,0,0
1784546889296,2,500,500,1784546871496,0,0,0,0
1784546889296,3,700,500,1784546871496,0,0,0,0
1784546889296,4,400,673.205,1784546871496,0,0,0,0
1784546889296,5,400,326.795,1784546871496,0,0,0,0
1784546889396,2,500,500,1784546871496,0,0,0,0
1784546889396,3,700,500,1784546871496,0,0,0,0
1784546889396,4,400,673.205,1784546871496,0,0,0,0
1784546889396,5,400,326.795,1784546871496,0,0,0,0
1784546889496,2,500,500,1784546871496,0,0,0,0
1784546889496,3,700,500,1784546871496,0,0,0,0
1784546889496,4,400,673.205,1784546871496,0,0,0,0
1784546889496,5,400,326.795,1784546871496,0,0,0,0
1784546889596,2,500,500,1784546871496,0,0,0,0
1784546889596,3,700,500,1784546871496,0,0,0,0
1784546889596,4,400,673.205,1784546871496,0,0,0,0
1784546889596,5,400,326.795,1784546871496,0,0,0,0
1784546889696,2,500,500,1784546871496,0,0,0,0
1784546889696,3,700,500,1784546871496,0,0,0,0
1784546889696,4,400,673.205,1784546871496,0,0,0,0
1784546889696,5,400,326.795,1784546871496,0,0,0,0
1784546889796,2,500,500,1784546871496,0,0,0,0
1784546889796,3,700,500,1784546871496,0,0,0,0
1784546889796,4,400,673.205,1784546871496,0,0,0,0
1784546889796,5,400,326.795,1784546871496,0,0,0,0
1784546889896,2,500,500,1784546871496,0,0,0,0
1784546889896,3,700,500,1784546871496,0,0,0,0
1784546889896,4,400,673.205,1784546871496,0,0,0,0
1784546889896,5,400,326.795,1784546871496,0,0,0,0
1784546889996,2,500,500,1784546871496,0,0,0,0
1784546889996,3,700,500,1784546871496,0,0,0,0
1784546889996,4,400,673.205,1784546871496,0,0,0,0
1784546889996,5,400,326.795,1784546871496,0,0,0,0
1784546890096,2,500,500,1784546871496,0,0,0,0
1784546890096,3,700,500,1784546871496,0,0,0,0
1784546890096,4,400,673.205,1784546871496,0,0,0,0
1784546890096,5,400,326.795,1784546871496,0,0,0,0
1784546890196,2,500,500,1784546871496,0,0,0,0
1784546890196,3,700,500,1784546871496,0,0,0,0
1784546890196,4,400,673.205,1784546871496,0,0,0,0
1784546890196,5,400,326.795,1784546871496,0,0,0,0
1784546890296,2,500,500,1784546871496,0,0,0,0
1784546890296,3,700,500,1784546871496,0,0,0,0
1784546890296,4,400,673.205,1784546871496,0,0,0,0
1784546890296,5,400,326.795,1784546871496,0,0,0,0
1784546890396,2,500,500,1784546871496,0,0,0,0
1784546890396,3,700,500,1784546871496,0,0,0,0
1784546890396,4,400,673.205,1784546871496,0,0,0,0
1784546890396,5,400,326.795,1784546871496,0,0,0,0
1784546890496,2,500,500,1784546871496,0,0,0,0
1784546890496,3,700,500,1784546871496,0,0,0,0
1784546890496,4,400,673.205,1784546871496,0,0,0,0
1784546890496,5,400,326.795,1784546871496,0,0,0,0
1784546890596,2,500,500,1784546871496,0,0,0,0
1784546890596,3,700,500,1784546871496,0,0,0,0
1784546890596,4,400,673.205,1784546871496,0,0,0,0
1784546890596,5,400,326.795,1784546871496,0,0,0,0
1784546890696,2,500,500,1784546871496,0,0,0,0
1784546890696,3,700,500,1784546871496,0,0,0,0
1784546890696,4,400,673.205,1784546871496,0,0,0,0
1784546890696,5,400,326.795,1784546871496,0,0,0,0
1784546890796,2,500,500,1784546871496,0,0,0,0
1784546890796,3,700,500,1784546871496,0,0,0,0
1784546890796,4,400,673.205,1784546871496,0,0,0,0
1784546890796,5,400,326.795,1784546871496,0,0,0,0
1784546890896,2,500,500,1784546871496,0,0,0,0
1784546890896,3,700,500,1784546871496,0,0,0,0
1784546890896,4,400,673.205,1784546871496,0,0,0,0
1784546890896,5,400,326.795,1784546871496,0,0,0,0
1784546890996,2,500,500,1784546871496,0,0,0,0
1784546890996,3,700,500,1784546871496,0,0,0,0
1784546890996,4,400,673.205,1784546871496,0,0,0,0
1784546890996,5,400,326.795,1784546871496,0,0,0,0
1784546891096,2,500,500,1784546871496,0,0,0,0
1784546891096,3,700,500,1784546871496,0,0,0,0
1784546891096,4,400,673.205,1784546871496,0,0,0,0
1784546891096,5,400,326.795,1784546871496,0,0,0,0
1784546891196,2,500,500,1784546871496,0,0,0,0
1784546891196,3,700,500,1784546871496,0,0,0,0
1784546891196,4,400,673.205,1784546871496,0,0,0,0
1784546891196,5,400,326.795,1784546871496,0,0,0,0
1784546891296,2,500,500,1784546871496,0,0,0,0
1784546891296,3,700,500,1784546871496,0,0,0,0
1784546891296,4,400,673.205,1784546871496,0,0,0,0
1784546891296,5,400,326.795,1784546871496,0,0,0,0
1784546891396,2,500,500,1784546871496,0,0,0,0
1784546891396,3,700,500,1784546871496,0,0,0,0
1784546891396,4,400,673.205,1784546871496,0,0,0,0
1784546891396,5,400,326.795,1784546871496,0,0,0,0
1784546891496,2,500,500,1784546871496,0,0,0,0
1784546891496,3,700,500,1784546871496,0,0,0,0
1784546891496,4,400,673.205,1784546871496,0,0,0,0
1784546891496,5,400,326.795,1784546871496,0,0,0,0
1784546891596,2,500,500,1784546871496,0,0,0,0
1784546891596,3,700,500,1784546871496,0,0,0,0
1784546891596,4,400,673.205,1784546871496,0,0,0,0
1784546891596,5,400,326.795,1784546871496,0,0,0,0
1784546891696,2,500,500,1784546871496,0,0,0,0
1784546891696,3,700,500,1784546871496,0,0,0,0
1784546891696,4,400,673.205,1784546871496,0,0,0,0
1784546891696,5,400,326.795,1784546871496,0,0,0,0
1784546891796,2,500,500,1784546871496,0,0,0,0
1784546891796,3,700,500,1784546871496,0,0,0,0
1784546891796,4,400,673.205,1784546871496,0,0,0,0
1784546891796,5,400,326.795,1784546871496,0,0,0,0
1784546891896,2,500,500,1784546871496,0,0,0,0
1784546891896,3,700,500,1784546871496,0,0,0,0
1784546891896,4,400,673.205,1784546871496,0,0,0,0
1784546891896,5,400,326.795,1784546871496,0,0,0,0
1784546891996,2,500,500,1784546871496,0,0,0,0
1784546891996,3,700,500,1784546871496,0,0,0,0
1784546891996,4,400,673.205,1784546871496,0,0,0,0
1784546891996,5,400,326.795,1784546871496,0,0,0,0
1784546892096,2,500,500,1784546871496,0,0,0,0
1784546892096,3,700,500,1784546871496,0,0,0,0
1784546892096,4,400,673.205,1784546871496,0,0,0,0
1784546892096,5,400,326.795,1784546871496,0,0,0,0
1784546892196,2,500,500,1784546871496,0,0,0,0
1784546892196,3,700,500,1784546871496,0,0,0,0
1784546892196,4,400,673.205,1784546871496,0,0,0,0
1784546892196,5,400,326.795,1784546871496,0,0,0,0
1784546892296,2,500,500,1784546871496,0,0,0,0
1784546892296,3,700,500,1784546871496,0,0,0,0
1784546892296,4,400,673.205,1784546871496,0,0,0,0
1784546892296,5,400,326.795,1784546871496,0,0,0,0
1784546892396,2,500,500,1784546871496,0,0,0,0
1784546892396,3,700,500,1784546871496,0,0,0,0
1784546892396,4,400,673.205,1784546871496,0,0,0,0
1784546892396,5,400,326.795,1784546871496,0,0,0,0
1784546892496,2,500,500,1784546871496,0,0,0,0
1784546892496,3,700,500,1784546871496,0,0,0,0
1784546892496,4,400,673.205,1784546871496,0,0,0,0
1784546892496,5,400,326.795,1784546871496,0,0,0,0
1784546892596,2,500,500,1784546871496,0,0,0,0
1784546892596,3,700,500,1784546871496,0,0,0,0
1784546892596,4,400,673.205,1784546871496,0,0,0,0
1784546892596,5,400,326.795,1784546871496,0,0,0,0
1784546892696,2,500,500,1784546871496,0,0,0,0
1784546892696,3,700,500,1784546871496,0,0,0,0
1784546892696,4,400,673.205,1784546871496,0,0,0,0
1784546892696,5,400,326.795,1784546871496,0,0,0,0
1784546892796,2,500,500,1784546871496,0,0,0,0
1784546892796,3,700,500,1784546871496,0,0,0,0
1784546892796,4,400,673.205,1784546871496,0,0,0,0
1784546892796,5,400,326.795,1784546871496,0,0,0,0
1784546892896,2,500,500,1784546871496,0,0,0,0
1784546892896,3,700,500,1784546871496,0,0,0,0
1784546892896,4,400,673.205,1784546871496,0,0,0,0
1784546892896,5,400,326.795,1784546871496,0,0,0,0
1784546892996,2,500,500,1784546871496,0,0,0,0
1784546892996,3,700,500,1784546871496,0,0,0,0
1784546892996,4,400,673.205,1784546871496,0,0,0,0
1784546892996,5,400,326.795,1784546871496,0,0,0,0
1784546893096,2,500,500,1784546871496,0,0,0,0
1784546893096,3,700,500,1784546871496,0,0,0,0
1784546893096,4,400,673.205,1784546871496,0,0,0,0
1784546893096,5,400,326.795,1784546871496,0,0,0,0
1784546893196,2,500,500,1784546871496,0,0,0,0
1784546893196,3,700,500,1784546871496,0,0,0,0
1784546893196,4,400,673.205,1784546871496,0,0,0,0
1784546893196,5,400,326.795,1784546871496,0,0,0,0
1784546893296,2,500,500,1784546871496,0,0,0,0
1784546893296,3,700,500,1784546871496,0,0,0,0
1784546893296,4,400,673.205,1784546871496,0,0,0,0
1784546893296,5,400,326.795,1784546871496,0,0,0,0
1784546893396,2,500,500,1784546871496,0,0,0,0
1784546893396,3,700,500,1784546871496,0,0,0,0
1784546893396,4,400,673.205,1784546871496,0,0,0,0
1784546893396,5,400,326.795,1784546871496,0,0,0,0
1784546893496,2,500,500,1784546871496,0,0,0,0
1784546893496,3,700,500,1784546871496,0,0,0,0
1784546893496,4,400,673.205,1784546871496,0,0,0,0
1784546893496,5,400,326.795,1784546871496,0,0,0,0
1784546893596,2,500,500,1784546871496,0,0,0,0
1784546893596,3,700,500,1784546871496,0,0,0,0
1784546893596,4,400,673.205,1784546871496,0,0,0,0
1784546893596,5,400,326.795,1784546871496,0,0,0,0
1784546893696,2,500,500,1784546871496,0,0,0,0
1784546893696,3,700,500,1784546871496,0,0,0,0
1784546893696,4,400,673.205,1784546871496,0,0,0,0
1784546893696,5,400,326.795,1784546871496,0,0,0,0
1784546893796,2,500,500,1784546871496,0,0,0,0
1784546893796,3,700,500,1784546871496,0,0,0,0
1784546893796,4,400,673.205,1784546871496,0,0,0,0
1784546893796,5,400,326.795,1784546871496,0,0,0,0
1784546893896,2,500,500,1784546871496,0,0,0,0
1784546893896,3,700,500,1784546871496,0,0,0,0
1784546893896,4,400,673.205,1784546871496,0,0,0,0
1784546893896,5,400,326.795,1784546871496,0,0,0,0
1784546893996,2,500,500,1784546871496,0,0,0,0
1784546893996,3,700,500,1784546871496,0,0,0,0
1784546893996,4,400,673.205,1784546871496,0,0,0,0
1784546893996,5,400,326.795,1784546871496,0,0,0,0
1784546894096,2,500,500,1784546871496,0,0,0,0
1784546894096,3,700,500,1784546871496,0,0,0,0
1784546894096,4,400,673.205,1784546871496,0,0,0,0
1784546894096,5,400,326.795,1784546871496,0,0,0,0
1784546894196,2,500,500,1784546871496,0,0,0,0
1784546894196,3,700,500,1784546871496,0,0,0,0
1784546894196,4,400,673.205,1784546871496,0,0,0,0
1784546894196,5,400,326.795,1784546871496,0,0,0,0
1784546894296,2,500,500,1784546871496,0,0,0,0
1784546894296,3,700,500,1784546871496,0,0,0,0
1784546894296,4,400,673.205,1784546871496,0,0,0,0
1784546894296,5,400,326.795,1784546871496,0,0,0,0
1784546894396,2,500,500,1784546871496,0,0,0,0
1784546894396,3,700,500,1784546871496,0,0,0,0
1784546894396,4,400,673.205,1784546871496,0,0,0,0
1784546894396,5,400,326.795,1784546871496,0,0,0,0
1784546894496,2,500,500,1784546871496,0,0,0,0
1784546894496,3,700,500,1784546871496,0,0,0,0
1784546894496,4,400,673.205,1784546871496,0,0,0,0
1784546894496,5,400,326.795,1784546871496,0,0,0,0
1784546894596,2,500,500,1784546871496,0,0,0,0
1784546894596,3,700,500,1784546871496,0,0,0,0
1784546894596,4,400,673.205,1784546871496,0,0,0,0
1784546894596,5,400,326.795,1784546871496,0,0,0,0
1784546894696,2,500,500,1784546871496,0,0,0,0
1784546894696,3,700,500,1784546871496,0,0,0,0
1784546894696,4,400,673.205,1784546871496,0,0,0,0
1784546894696,5,400,326.795,1784546871496,0,0,0,0
1784546894796,2,500,500,1784546871496,0,0,0,0
1784546894796,3,700,500,1784546871496,0,0,0,0
1784546894796,4,400,673.205,1784546871496,0,0,0,0
1784546894796,5,400,326.795,1784546871496,0,0,0,0
1784546894896,2,500,500,1784546871496,0,0,0,0
1784546894896,3,700,500,1784546871496,0,0,0,0
1784546894896,4,400,673.205,1784546871496,0,0,0,0
1784546894896,5,400,326.795,1784546871496,0,0,0,0
1784546894996,2,500,500,1784546871496,0,0,0,0
1784546894996,3,700,500,1784546871496,0,0,0,0
1784546894996,4,400,673.205,1784546871496,0,0,0,0
1784546894996,5,400,326.795,1784546871496,0,0,0,0
1784546895096,2,500,500,1784546871496,0,0,0,0
1784546895096,3,700,500,1784546871496,0,0,0,0
1784546895096,4,400,673.205,1784546871496,0,0,0,0
1784546895096,5,400,326.795,1784546871496,0,0,0,0
1784546895196,2,500,500,1784546871496,0,0,0,0
1784546895196,3,700,500,1784546871496,0,0,0,0
1784546895196,4,400,673.205,1784546871496,0,0,0,0
1784546895196,5,400,326.795,1784546871496,0,0,0,0
1784546895296,2,500,500,1784546871496,0,0,0,0
1784546895296,3,700,500,1784546871496,0,0,0,0
1784546895296,4,400,673.205,1784546871496,0,0,0,0
1784546895296,5,400,326.795,1784546871496,0,0,0,0
1784546895396,2,500,500,1784546871496,0,0,0,0
1784546895396,3,700,500,1784546871496,0,0,0,0
1784546895396,4,400,673.205,1784546871496,0,0,0,0
1784546895396,5,400,326.795,1784546871496,0,0,0,0
1784546895496,2,500,500,1784546871496,0,0,0,0
1784546895496,3,700,500,1784546871496,0,0,0,0
1784546895496,4,400,673.205,1784546871496,0,0,0,0
1784546895496,5,400,326.795,1784546871496,0,0,0,0
1784546895596,2,500,500,1784546871496,0,0,0,0
1784546895596,3,700,500,1784546871496,0,0,0,0
1784546895596,4,400,673.205,1784546871496,0,0,0,0
1784546895596,5,400,326.795,1784546871496,0,0,0,0
1784546895696,2,500,500,1784546871496,0,0,0,0
1784546895696,3,700,500,1784546871496,0,0,0,0
1784546895696,4,400,673.205,1784546871496,0,0,0,0
1784546895696,5,400,326.795,1784546871496,0,0,0,0
1784546895796,2,500,500,1784546871496,0,0,0,0
1784546895796,3,700,500,1784546871496,0,0,0,0
1784546895796,4,400,673.205,1784546871496,0,0,0,0
1784546895796,5,400,326.795,1784546871496,0,0,0,0
1784546895896,2,500,500,1784546871496,0,0,0,0
1784546895896,3,700,500,1784546871496,0,0,0,0
1784546895896,4,400,673.205,1784546871496,0,0,0,0
1784546895896,5,400,326.795,1784546871496,0,0,0,0
1784546895996,2,500,500,1784546871496,0,0,0,0
1784546895996,3,700,500,1784546871496,0,0,0,0
1784546895996,4,400,673.205,1784546871496,0,0,0,0
1784546895996,5,400,326.795,1784546871496,0,0,0,0
1784546896096,2,500,500,1784546871496,0,0,0,0
1784546896096,3,700,500,1784546871496,0,0,0,0
1784546896096,4,400,673.205,1784546871496,0,0,0,0
1784546896096,5,400,326.795,1784546871496,0,0,0,0
1784546896196,2,500,500,1784546871496,0,0,0,0
1784546896196,3,700,500,1784546871496,0,0,0,0
1784546896196,4,400,673.205,1784546871496,0,0,0,0
1784546896196,5,400,326.795,1784546871496,0,0,0,0
1784546896296,2,500,500,1784546871496,0,0,0,0
1784546896296,3,700,500,1784546871496,0,0,0,0
1784546896296,4,400,673.205,1784546871496,0,0,0,0
1784546896296,5,400,326.795,1784546871496,0,0,0,0
1784546896396,2,500,500,1784546871496,0,0,0,0
1784546896396,3,700,500,1784546871496,0,0,0,0
1784546896396,4,400,673.205,1784546871496,0,0,0,0
1784546896396,5,400,326.795,1784546871496,0,0,0,0
1784546896496,2,500,500,1784546871496,0,0,0,0
1784546896496,3,700,500,1784546871496,0,0,0,0
1784546896496,4,400,673.205,1784546871496,0,0,0,0
1784546896496,5,400,326.795,1784546871496,0,0,0,0
1784546896596,2,500,500,1784546871496,0,0,0,0
1784546896596,3,700,500,1784546871496,0,0,0,0
1784546896596,4,400,673.205,1784546871496,0,0,0,0
1784546896596,5,400,326.795,1784546871496,0,0,0,0
1784546896696,2,500,500,1784546871496,0,0,0,0
1784546896696,3,700,500,1784546871496,0,0,0,0
1784546896696,4,400,673.205,1784546871496,0,0,0,0
1784546896696,5,400,326.795,1784546871496,0,0,0,0
1784546896796,2,500,500,1784546871496,0,0,0,0
1784546896796,3,700,500,1784546871496,0,0,0,0
1784546896796,4,400,673.205,1784546871496,0,0,0,0
1784546896796,5,400,326.795,1784546871496,0,0,0,0
1784546896896,2,500,500,1784546871496,0,0,0,0
1784546896896,3,700,500,1784546871496,0,0,0,0
1784546896896,4,400,673.205,1784546871496,0,0,0,0
1784546896896,5,400,326.795,1784546871496,0,0,0,0
1784546896996,2,500,500,1784546871496,0,0,0,0
1784546896996,3,700,500,1784546871496,0,0,0,0
1784546896996,4,400,673.205,1784546871496,0,0,0,0
1784546896996,5,400,326.795,1784546871496,0,0,0,0
1784546897096,2,500,500,1784546871496,0,0,0,0
1784546897096,3,700,500,1784546871496,0,0,0,0
1784546897096,4,400,673.205,1784546871496,0,0,0,0
1784546897096,5,400,326.795,1784546871496,0,0,0,0
1784546897196,2,500,500,1784546871496,0,0,0,0
1784546897196,3,700,500,1784546871496,0,0,0,0
1784546897196,4,400,673.205,1784546871496,0,0,0,0
1784546897196,5,400,326.795,1784546871496,0,0,0,0
1784546897296,2,500,500,1784546871496,0,0,0,0
1784546897296,3,700,500,1784546871496,0,0,0,0
1784546897296,4,400,673.205,1784546871496,0,0,0,0
1784546897296,5,400,326.795,1784546871496,0,0,0,0
1784546897396,2,500,500,1784546871496,0,0,0,0
1784546897396,3,700,500,1784546871496,0,0,0,0
1784546897396,4,400,673.205,1784546871496,0,0,0,0
1784546897396,5,400,326.795,1784546871496,0,0,0,0
1784546897496,2,500,500,1784546871496,0,0,0,0
1784546897496,3,700,500,1784546871496,0,0,0,0
1784546897496,4,400,673.205,1784546871496,0,0,0,0
1784546897496,5,400,326.795,1784546871496,0,0,0,0
1784546897596,2,500,500,1784546871496,0,0,0,0
1784546897596,3,700,500,1784546871496,0,0,0,0
1784546897596,4,400,673.205,1784546871496,0,0,0,0
1784546897596,5,400,326.795,1784546871496,0,0,0,0
1784546897696,2,500,500,1784546871496,0,0,0,0
1784546897696,3,700,500,1784546871496,0,0,0,0
1784546897696,4,400,673.205,1784546871496,0,0,0,0
1784546897696,5,400,326.795,1784546871496,0,0,0,0
1784546897796,2,500,500,1784546871496,0,0,0,0
1784546897796,3,700,500,1784546871496,0,0,0,0
1784546897796,4,400,673.205,1784546871496,0,0,0,0
1784546897796,5,400,326.795,1784546871496,0,0,0,0
1784546897896,2,500,500,1784546871496,0,0,0,0
1784546897896,3,700,500,1784546871496,0,0,0,0
1784546897896,4,400,673.205,1784546871496,0,0,0,0
1784546897896,5,400,326.795,1784546871496,0,0,0,0
1784546897996,2,500,500,1784546871496,0,0,0,0
1784546897996,3,700,500,1784546871496,0,0,0,0
1784546897996,4,400,673.205,1784546871496,0,0,0,0
1784546897996,5,400,326.795,1784546871496,0,0,0,0
1784546898096,2,500,500,1784546871496,0,0,0,0
1784546898096,3,700,500,1784546871496,0,0,0,0
1784546898096,4,400,673.205,1784546871496,0,0,0,0
1784546898096,5,400,326.795,1784546871496,0,0,0,0
1784546898196,2,500,500,1784546871496,0,0,0,0
1784546898196,3,700,500,1784546871496,0,0,0,0
1784546898196,4,400,673.205,1784546871496,0,0,0,0
1784546898196,5,400,326.795,1784546871496,0,0,0,0
1784546898296,2,500,500,1784546871496,0,0,0,0
1784546898296,3,700,500,1784546871496,0,0,0,0
1784546898296,4,400,673.205,1784546871496,0,0,0,0
1784546898296,5,400,326.795,1784546871496,0,0,0,0
1784546898396,2,500,500,1784546871496,0,0,0,0
1784546898396,3,700,500,1784546871496,0,0,0,0
1784546898396,4,400,673.205,1784546871496,0,0,0,0
1784546898396,5,400,326.795,1784546871496,0,0,0,0
1784546898496,2,500,500,1784546871496,0,0,0,0
1784546898496,3,700,500,1784546871496,0,0,0,0
1784546898496,4,400,673.205,1784546871496,0,0,0,0
1784546898496,5,400,326.795,1784546871496,0,0,0,0
1784546898596,2,500,500,1784546871496,0,0,0,0
1784546898596,3,700,500,1784546871496,0,0,0,0
1784546898596,4,400,673.205,1784546871496,0,0,0,0
1784546898596,5,400,326.795,1784546871496,0,0,0,0
1784546898696,2,500,500,1784546871496,0,0,0,0
1784546898696,3,700,500,1784546871496,0,0,0,0
1784546898696,4,400,673.205,1784546871496,0,0,0,0
1784546898696,5,400,326.795,1784546871496,0,0,0,0
1784546898796,2,500,500,1784546871496,0,0,0,0
1784546898796,3,700,500,1784546871496,0,0,0,0
1784546898796,4,400,673.205,1784546871496,0,0,0,0
1784546898796,5,400,326.795,1784546871496,0,0,0,0
1784546898896,2,500,500,1784546871496,0,0,0,0
1784546898896,3,700,500,1784546871496,0,0,0,0
1784546898896,4,400,673.205,1784546871496,0,0,0,0
1784546898896,5,400,326.795,1784546871496,0,0,0,0
1784546898996,2,500,500,1784546871496,0,0,0,0
1784546898996,3,700,500,1784546871496,0,0,0,0
1784546898996,4,400,673.205,1784546871496,0,0,0,0
1784546898996,5,400,326.795,1784546871496,0,0,0,0
1784546899096,2,500,500,1784546871496,0,0,0,0
1784546899096,3,700,500,1784546871496,0,0,0,0
1784546899096,4,400,673.205,1784546871496,0,0,0,0
1784546899096,5,400,326.795,1784546871496,0,0,0,0
1784546899196,2,500,500,1784546871496,0,0,0,0
1784546899196,3,700,500,1784546871496,0,0,0,0
1784546899196,4,400,673.205,1784546871496,0,0,0,0
1784546899196,5,400,326.795,1784546871496,0,0,0,0
1784546899296,2,500,500,1784546871496,0,0,0,0
1784546899296,3,700,500,1784546871496,0,0,0,0
1784546899296,4,400,673.205,1784546871496,0,0,0,0
1784546899296,5,400,326.795,1784546871496,0,0,0,0
1784546899396,2,500,500,1784546871496,0,0,0,0
1784546899396,3,700,500,1784546871496,0,0,0,0
1784546899396,4,400,673.205,1784546871496,0,0,0,0
1784546899396,5,400,326.795,1784546871496,0,0,0,0
1784546899496,2,500,500,1784546871496,0,0,0,0
1784546899496,3,700,500,1784546871496,0,0,0,0
1784546899496,4,400,673.205,1784546871496,0,0,0,0
1784546899496,5,400,326.795,1784546871496,0,0,0,0
1784546899596,2,500,500,1784546871496,0,0,0,0
1784546899596,3,700,500,1784546871496,0,0,0,0
1784546899596,4,400,673.205,1784546871496,0,0,0,0
1784546899596,5,400,326.795,1784546871496,0,0,0,0
1784546899696,2,500,500,1784546871496,0,0,0,0
1784546899696,3,700,500,1784546871496,0,0,0,0
1784546899696,4,400,673.205,1784546871496,0,0,0,0
1784546899696,5,400,326.795,1784546871496,0,0,0,0
1784546899796,2,500,500,1784546871496,0,0,0,0
1784546899796,3,700,500,1784546871496,0,0,0,0
1784546899796,4,400,673.205,1784546871496,0,0,0,0
1784546899796,5,400,326.795,1784546871496,0,0,0,0
1784546899896,2,500,500,1784546871496,0,0,0,0
1784546899896,3,700,500,1784546871496,0,0,0,0
1784546899896,4,400,673.205,1784546871496,0,0,0,0
1784546899896,5,400,326.795,1784546871496,0,0,0,0
1784546899996,2,500,500,1784546871496,0,0,0,0
1784546899996,3,700,500,1784546871496,0,0,0,0
1784546899996,4,400,673.205,1784546871496,0,0,0,0
1784546899996,5,400,326.795,1784546871496,0,0,0,0
1784546900096,2,500,500,1784546871496,0,0,0,0
1784546900096,3,700,500,1784546871496,0,0,0,0
1784546900096,4,400,673.205,1784546871496,0,0,0,0
1784546900096,5,400,326.795,1784546871496,0,0,0,0
1784546900196,2,500,500,1784546871496,0,0,0,0
1784546900196,3,700,500,1784546871496,0,0,0,0
1784546900196,4,400,673.205,1784546871496,0,0,0,0
1784546900196,5,400,326.795,1784546871496,0,0,0,0
1784546900296,2,500,500,1784546871496,0,0,0,0
1784546900296,3,700,500,1784546871496,0,0,0,0
1784546900296,4,400,673.205,1784546871496,0,0,0,0
1784546900296,5,400,326.795,1784546871496,0,0,0,0
1784546900396,2,500,500,1784546871496,0,0,0,0
1784546900396,3,700,500,1784546871496,0,0,0,0
1784546900396,4,400,673.205,1784546871496,0,0,0,0
1784546900396,5,400,326.795,1784546871496,0,0,0,0
1784546900496,2,500,500,1784546871496,0,0,0,0
1784546900496,3,700,500,1784546871496,0,0,0,0
1784546900496,4,400,673.205,1784546871496,0,0,0,0
1784546900496,5,400,326.795,1784546871496,0,0,0,0
1784546900596,2,500,500,1784546871496,0,0,0,0
1784546900596,3,700,500,1784546871496,0,0,0,0
1784546900596,4,400,673.205,1784546871496,0,0,0,0
1784546900596,5,400,326.795,1784546871496,0,0,0,0
1784546900696,2,500,500,1784546871496,0,0,0,0
1784546900696,3,700,500,1784546871496,0,0,0,0
1784546900696,4,400,673.205,1784546871496,0,0,0,0
1784546900696,5,400,326.795,1784546871496,0,0,0,0
1784546900796,2,500,500,1784546871496,0,0,0,0
1784546900796,3,700,500,1784546871496,0,0,0,0
1784546900796,4,400,673.205,1784546871496,0,0,0,0
1784546900796,5,400,326.795,1784546871496,0,0,0,0
1784546900896,2,500,500,1784546871496,0,0,0,0
1784546900896,3,700,500,1784546871496,0,0,0,0
1784546900896,4,400,673.205,1784546871496,0,0,0,0
1784546900896,5,400,326.795,1784546871496,0,0,0,0
1784546900996,2,500,500,1784546871496,0,0,0,0
1784546900996,3,700,500,1784546871496,0,0,0,0
1784546900996,4,400,673.205,1784546871496,0,0,0,0
1784546900996,5,400,326.795,1784546871496,0,0,0,0
1784546901096,2,500,500,1784546871496,0,0,0,0
1784546901096,3,700,500,1784546871496,0,0,0,0
1784546901096,4,400,673.205,1784546871496,0,0,0,0
1784546901096,5,400,326.795,1784546871496,0,0,0,0
1784546901196,2,500,500,1784546871496,0,0,0,0
1784546901196,3,700,500,1784546871496,0,0,0,0
1784546901196,4,400,673.205,1784546871496,0,0,0,0
1784546901196,5,400,326.795,1784546871496,0,0,0,0
1784546901296,2,500,500,1784546871496,0,0,0,0
1784546901296,3,700,500,1784546871496,0,0,0,0
1784546901296,4,400,673.205,1784546871496,0,0,0,0
1784546901296,5,400,326.795,1784546871496,0,0,0,0
1784546901396,2,500,500,1784546871496,0,0,0,0
1784546901396,3,700,500,1784546871496,0,0,0,0
1784546901396,4,400,673.205,1784546871496,0,0,0,0
1784546901396,5,400,326.795,1784546871496,0,0,0,0
1784546901496,2,500,500,1784546871496,0,0,0,0
1784546901496,3,700,500,1784546871496,0,0,0,0
1784546901496,4,400,673.205,1784546871496,0,0,0,0
1784546901496,5,400,326.795,1784546871496,0,0,0,0
1784546901596,2,500,500,1784546871496,0,0,0,0
1784546901596,3,700,500,1784546871496,0,0,0,0
1784546901596,4,400,673.205,1784546871496,0,0,0,0
1784546901596,5,400,326.795,1784546871496,0,0,0,0
1784546901696,2,500,500,1784546871496,0,0,0,0
1784546901696,3,700,500,1784546871496,0,0,0,0
1784546901696,4,400,673.205,1784546871496,0,0,0,0
1784546901696,5,400,326.795,1784546871496,0,0,0,0
1784546901796,2,500,500,1784546871496,0,0,0,0
1784546901796,3,700,500,1784546871496,0,0,0,0
1784546901796,4,400,673.205,1784546871496,0,0,0,0
1784546901796,5,400,326.795,1784546871496,0,0,0,0
1784546901896,2,500,500,1784546871496,0,0,0,0
1784546901896,3,700,500,1784546871496,0,0,0,0
1784546901896,4,400,673.205,1784546871496,0,0,0,0
1784546901896,5,400,326.795,1784546871496,0,0,0,0
1784546901996,2,500,500,1784546871496,0,0,0,0
1784546901996,3,700,500,1784546871496,0,0,0,0
1784546901996,4,400,673.205,1784546871496,0,0,0,0
1784546901996,5,400,326.795,1784546871496,0,0,0,0
1784546902096,2,500,500,1784546871496,0,0,0,0
1784546902096,3,700,500,1784546871496,0,0,0,0
1784546902096,4,400,673.205,1784546871496,0,0,0,0
1784546902096,5,400,326.795,1784546871496,0,0,0,0
1784546902196,2,500,500,1784546871496,0,0,0,0
1784546902196,3,700,500,1784546871496,0,0,0,0
1784546902196,4,400,673.205,1784546871496,0,0,0,0
1784546902196,5,400,326.795,1784546871496,0,0,0,0
1784546902296,2,500,500,1784546871496,0,0,0,0
1784546902296,3,700,500,1784546871496,0,0,0,0
1784546902296,4,400,673.205,1784546871496,0,0,0,0
1784546902296,5,400,326.795,1784546871496,0,0,0,0
1784546902396,2,500,500,1784546871496,0,0,0,0
1784546902396,3,700,500,1784546871496,0,0,0,0
1784546902396,4,400,673.205,1784546871496,0,0,0,0
1784546902396,5,400,326.795,1784546871496,0,0,0,0
1784546902496,2,500,500,1784546871496,0,0,0,0
1784546902496,3,700,500,1784546871496,0,0,0,0
1784546902496,4,400,673.205,1784546871496,0,0,0,0
1784546902496,5,400,326.795,1784546871496,0,0,0,0
1784546902596,2,500,500,1784546871496,0,0,0,0
1784546902596,3,700,500,1784546871496,0,0,0,0
1784546902596,4,400,673.205,1784546871496,0,0,0,0
1784546902596,5,400,326.795,1784546871496,0,0,0,0
1784546902696,2,500,500,1784546871496,0,0,0,0
1784546902696,3,700,500,1784546871496,0,0,0,0
1784546902696,4,400,673.205,1784546871496,0,0,0,0
1784546902696,5,400,326.795,1784546871496,0,0,0,0
1784546902796,2,500,500,1784546871496,0,0,0,0
1784546902796,3,700,500,1784546871496,0,0,0,0
1784546902796,4,400,673.205,1784546871496,0,0,0,0
1784546902796,5,400,326.795,1784546871496,0,0,0,0
1784546902896,2,500,500,1784546871496,0,0,0,0
1784546902896,3,700,500,1784546871496,0,0,0,0
1784546902896,4,400,673.205,1784546871496,0,0,0,0
1784546902896,5,400,326.795,1784546871496,0,0,0,0
1784546902996,2,500,500,1784546871496,0,0,0,0
1784546902996,3,700,500,1784546871496,0,0,0,0
1784546902996,4,400,673.205,1784546871496,0,0,0,0
1784546902996,5,400,326.795,1784546871496,0,0,0,0
1784546903096,2,500,500,1784546871496,0,0,0,0
1784546903096,3,700,500,1784546871496,0,0,0,0
1784546903096,4,400,673.205,1784546871496,0,0,0,0
1784546903096,5,400,326.795,1784546871496,0,0,0,0
1784546903196,2,500,500,1784546871496,0,0,0,0
1784546903196,3,700,500,1784546871496,0,0,0,0
1784546903196,4,400,673.205,1784546871496,0,0,0,0
1784546903196,5,400,326.795,1784546871496,0,0,0,0
1784546903296,2,500,500,1784546871496,0,0,0,0
1784546903296,3,700,500,1784546871496,0,0,0,0
1784546903296,4,400,673.205,1784546871496,0,0,0,0
1784546903296,5,400,326.795,1784546871496,0,0,0,0
1784546903396,2,500,500,1784546871496,0,0,0,0
1784546903396,3,700,500,1784546871496,0,0,0,0
1784546903396,4,400,673.205,1784546871496,0,0,0,0
1784546903396,5,400,326.795,1784546871496,0,0,0,0
1784546903496,2,500,500,1784546871496,0,0,0,0
1784546903496,3,700,500,1784546871496,0,0,0,0
1784546903496,4,400,673.205,1784546871496,0,0,0,0
1784546903496,5,400,326.795,1784546871496,0,0,0,0
1784546903596,2,500,500,1784546871496,0,0,0,0
1784546903596,3,700,500,1784546871496,0,0,0,0
1784546903596,4,400,673.205,1784546871496,0,0,0,0
1784546903596,5,400,326.795,1784546871496,0,0,0,0
1784546903696,2,500,500,1784546871496,0,0,0,0
1784546903696,3,700,500,1784546871496,0,0,0,0
1784546903696,4,400,673.205,1784546871496,0,0,0,0
1784546903696,5,400,326.795,1784546871496,0,0,0,0
1784546903796,2,500,500,1784546871496,0,0,0,0
1784546903796,3,700,500,1784546871496,0,0,0,0
1784546903796,4,400,673.205,1784546871496,0,0,0,0
1784546903796,5,400,326.795,1784546871496,0,0,0,0
1784546903896,2,500,500,1784546871496,0,0,0,0
1784546903896,3,700,500,1784546871496,0,0,0,0
1784546903896,4,400,673.205,1784546871496,0,0,0,0
1784546903896,5,400,326.795,1784546871496,0,0,0,0
1784546903996,2,500,500,1784546871496,0,0,0,0
1784546903996,3,700,500,1784546871496,0,0,0,0
1784546903996,4,400,673.205,1784546871496,0,0,0,0
1784546903996,5,400,326.795,1784546871496,0,0,0,0
1784546904096,2,500,500,1784546871496,0,0,0,0
1784546904096,3,700,500,1784546871496,0,0,0,0
1784546904096,4,400,673.205,1784546871496,0,0,0,0
1784546904096,5,400,326.795,1784546871496,0,0,0,0
1784546904196,2,500,500,1784546871496,0,0,0,0
1784546904196,3,700,500,1784546871496,0,0,0,0
1784546904196,4,400,673.205,1784546871496,0,0,0,0
1784546904196,5,400,326.795,1784546871496,0,0,0,0
1784546904296,2,500,500,1784546871496,0,0,0,0
1784546904296,3,700,500,1784546871496,0,0,0,0
1784546904296,4,400,673.205,1784546871496,0,0,0,0
1784546904296,5,400,326.795,1784546871496,0,0,0,0
1784546904396,2,500,500,1784546871496,0,0,0,0
1784546904396,3,700,500,1784546871496,0,0,0,0
1784546904396,4,400,673.205,1784546871496,0,0,0,0
1784546904396,5,400,326.795,1784546871496,0,0,0,0
1784546904496,2,500,500,1784546871496,0,0,0,0
1784546904496,3,700,500,1784546871496,0,0,0,0
1784546904496,4,400,673.205,1784546871496,0,0,0,0
1784546904496,5,400,326.795,1784546871496,0,0,0,0
1784546904596,2,500,500,1784546871496,0,0,0,0
1784546904596,3,700,500,1784546871496,0,0,0,0
1784546904596,4,400,673.205,1784546871496,0,0,0,0
1784546904596,5,400,326.795,1784546871496,0,0,0,0
1784546904696,2,500,500,1784546871496,0,0,0,0
1784546904696,3,700,500,1784546871496,0,0,0,0
1784546904696,4,400,673.205,1784546871496,0,0,0,0
1784546904696,5,400,326.795,1784546871496,0,0,0,0
1784546904796,2,500,500,1784546871496,0,0,0,0
1784546904796,3,700,500,1784546871496,0,0,0,0
1784546904796,4,400,673.205,1784546871496,0,0,0,0
1784546904796,5,400,326.795,1784546871496,0,0,0,0
1784546904896,2,500,500,1784546871496,0,0,0,0
1784546904896,3,700,500,1784546871496,0,0,0,0
1784546904896,4,400,673.205,1784546871496,0,0,0,0
1784546904896,5,400,326.795,1784546871496,0,0,0,0
1784546904996,2,500,500,1784546871496,0,0,0,0
1784546904996,3,700,500,1784546871496,0,0,0,0
1784546904996,4,400,673.205,1784546871496,0,0,0,0
1784546904996,5,400,326.795,1784546871496,0,0,0,0
1784546905096,2,500,500,1784546871496,0,0,0,0
1784546905096,3,700,500,1784546871496,0,0,0,0
1784546905096,4,400,673.205,1784546871496,0,0,0,0
1784546905096,5,400,326.795,1784546871496,0,0,0,0
1784546905196,2,500,500,1784546871496,0,0,0,0
1784546905196,3,700,500,1784546871496,0,0,0,0
1784546905196,4,400,673.205,1784546871496,0,0,0,0
1784546905196,5,400,326.795,1784546871496,0,0,0,0
1784546905296,2,500,500,1784546871496,0,0,0,0
1784546905296,3,700,500,1784546871496,0,0,0,0
1784546905296,4,400,673.205,1784546871496,0,0,0,0
1784546905296,5,400,326.795,1784546871496,0,0,0,0
1784546905396,2,500,500,1784546871496,0,0,0,0
1784546905396,3,700,500,1784546871496,0,0,0,0
1784546905396,4,400,673.205,1784546871496,0,0,0,0
1784546905396,5,400,326.795,1784546871496,0,0,0,0
1784546905496,2,500,500,1784546871496,0,0,0,0
1784546905496,3,700,500,1784546871496,0,0,0,0
1784546905496,4,400,673.205,1784546871496,0,0,0,0
1784546905496,5,400,326.795,1784546871496,0,0,0,0
1784546905596,2,500,500,1784546871496,0,0,0,0
1784546905596,3,700,500,1784546871496,0,0,0,0
1784546905596,4,400,673.205,1784546871496,0,0,0,0
1784546905596,5,400,326.795,1784546871496,0,0,0,0
1784546905696,2,500,500,1784546871496,0,0,0,0
1784546905696,3,700,500,1784546871496,0,0,0,0
1784546905696,4,400,673.205,1784546871496,0,0,0,0
1784546905696,5,400,326.795,1784546871496,0,0,0,0
1784546905796,2,500,500,1784546871496,0,0,0,0
1784546905796,3,700,500,1784546871496,0,0,0,0
1784546905796,4,400,673.205,1784546871496,0,0,0,0
1784546905796,5,400,326.795,1784546871496,0,0,0,0
1784546905896,2,500,500,1784546871496,0,0,0,0
1784546905896,3,700,500,1784546871496,0,0,0,0
1784546905896,4,400,673.205,1784546871496,0,0,0,0
1784546905896,5,400,326.795,1784546871496,0,0,0,0
1784546905996,2,500,500,1784546871496,0,0,0,0
1784546905996,3,700,500,1784546871496,0,0,0,0
1784546905996,4,400,673.205,1784546871496,0,0,0,0
1784546905996,5,400,326.795,1784546871496,0,0,0,0
1784546906096,2,500,500,1784546871496,0,0,0,0
1784546906096,3,700,500,1784546871496,0,0,0,0
1784546906096,4,400,673.205,1784546871496,0,0,0,0
1784546906096,5,400,326.795,1784546871496,0,0,0,0
1784546906196,2,500,500,1784546871496,0,0,0,0
1784546906196,3,700,500,1784546871496,0,0,0,0
1784546906196,4,400,673.205,1784546871496,0,0,0,0
1784546906196,5,400,326.795,1784546871496,0,0,0,0
1784546906296,2,500,500,1784546871496,0,0,0,0
1784546906296,3,700,500,1784546871496,0,0,0,0
1784546906296,4,400,673.205,1784546871496,0,0,0,0
1784546906296,5,400,326.795,1784546871496,0,0,0,0
1784546906396,2,500,500,1784546871496,0,0,0,0
1784546906396,3,700,500,1784546871496,0,0,0,0
1784546906396,4,400,673.205,1784546871496,0,0,0,0
1784546906396,5,400,326.795,1784546871496,0,0,0,0
1784546906496,2,500,500,1784546871496,0,0,0,0
1784546906496,3,700,500,1784546871496,0,0,0,0
1784546906496,4,400,673.205,1784546871496,0,0,0,0
1784546906496,5,400,326.795,1784546871496,0,0,0,0
1784546906596,2,500,500,1784546871496,0,0,0,0
1784546906596,3,700,500,1784546871496,0,0,0,0
1784546906596,4,400,673.205,1784546871496,0,0,0,0
1784546906596,5,400,326.795,1784546871496,0,0,0,0
1784546906696,2,500,500,1784546871496,0,0,0,0
1784546906696,3,700,500,1784546871496,0,0,0,0
1784546906696,4,400,673.205,1784546871496,0,0,0,0
1784546906696,5,400,326.795,1784546871496,0,0,0,0
1784546906796,2,500,500,1784546871496,0,0,0,0
1784546906796,3,700,500,1784546871496,0,0,0,0
1784546906796,4,400,673.205,1784546871496,0,0,0,0
1784546906796,5,400,326.795,1784546871496,0,0,0,0
1784546906896,2,500,500,1784546871496,0,0,0,0
1784546906896,3,700,500,1784546871496,0,0,0,0
1784546906896,4,400,673.205,1784546871496,0,0,0,0
1784546906896,5,400,326.795,1784546871496,0,0,0,0
1784546906996,2,500,500,1784546871496,0,0,0,0
1784546906996,3,700,500,1784546871496,0,0,0,0
1784546906996,4,400,673.205,1784546871496,0,0,0,0
1784546906996,5,400,326.795,1784546871496,0,0,0,0
1784546907096,2,500,500,1784546871496,0,0,0,0
1784546907096,3,700,500,1784546871496,0,0,0,0
1784546907096,4,400,673.205,1784546871496,0,0,0,0
1784546907096,5,400,326.795,1784546871496,0,0,0,0
1784546907196,2,500,500,1784546871496,0,0,0,0
1784546907196,3,700,500,1784546871496,0,0,0,0
1784546907196,4,400,673.205,1784546871496,0,0,0,0
1784546907196,5,400,326.795,1784546871496,0,0,0,0
1784546907296,2,500,500,1784546871496,0,0,0,0
1784546907296,3,700,500,1784546871496,0,0,0,0
1784546907296,4,400,673.205,1784546871496,0,0,0,0
1784546907296,5,400,326.795,1784546871496,0,0,0,0
1784546907396,2,500,500,1784546871496,0,0,0,0
1784546907396,3,700,500,1784546871496,0,0,0,0
1784546907396,4,400,673.205,1784546871496,0,0,0,0
1784546907396,5,400,326.795,1784546871496,0,0,0,0
1784546907496,2,500,500,1784546871496,0,0,0,0
1784546907496,3,700,500,1784546871496,0,0,0,0
1784546907496,4,400,673.205,1784546871496,0,0,0,0
1784546907496,5,400,326.795,1784546871496,0,0,0,0
1784546907596,2,500,500,1784546871496,0,0,0,0
1784546907596,3,700,500,1784546871496,0,0,0,0
1784546907596,4,400,673.205,1784546871496,0,0,0,0
1784546907596,5,400,326.795,1784546871496,0,0,0,0
1784546907696,2,500,500,1784546871496,0,0,0,0
1784546907696,3,700,500,1784546871496,0,0,0,0
1784546907696,4,400,673.205,1784546871496,0,0,0,0
1784546907696,5,400,326.795,1784546871496,0,0,0,0
1784546907796,2,500,500,1784546871496,0,0,0,0
1784546907796,3,700,500,1784546871496,0,0,0,0
1784546907796,4,400,673.205,1784546871496,0,0,0,0
1784546907796,5,400,326.795,1784546871496,0,0,0,0
1784546907896,2,500,500,1784546871496,0,0,0,0
1784546907896,3,700,500,1784546871496,0,0,0,0
1784546907896,4,400,673.205,1784546871496,0,0,0,0
1784546907896,5,400,326.795,1784546871496,0,0,0,0
1784546907996,2,500,500,1784546871496,0,0,0,0
1784546907996,3,700,500,1784546871496,0,0,0,0
1784546907996,4,400,673.205,1784546871496,0,0,0,0
1784546907996,5,400,326.795,1784546871496,0,0,0,0
1784546908096,2,500,500,1784546871496,0,0,0,0
1784546908096,3,700,500,1784546871496,0,0,0,0
1784546908096,4,400,673.205,1784546871496,0,0,0,0
1784546908096,5,400,326.795,1784546871496,0,0,0,0
1784546908196,2,500,500,1784546871496,0,0,0,0
1784546908196,3,700,500,1784546871496,0,0,0,0
1784546908196,4,400,673.205,1784546871496,0,0,0,0
1784546908196,5,400,326.795,1784546871496,0,0,0,0
1784546908296,2,500,500,1784546871496,0,0,0,0
1784546908296,3,700,500,1784546871496,0,0,0,0
1784546908296,4,400,673.205,1784546871496,0,0,0,0
1784546908296,5,400,326.795,1784546871496,0,0,0,0
1784546908396,2,500,500,1784546871496,0,0,0,0
1784546908396,3,700,500,1784546871496,0,0,0,0
1784546908396,4,400,673.205,1784546871496,0,0,0,0
1784546908396,5,400,326.795,1784546871496,0,0,0,0
1784546908496,2,500,500,1784546871496,0,0,0,0
1784546908496,3,700,500,1784546871496,0,0,0,0
1784546908496,4,400,673.205,1784546871496,0,0,0,0
1784546908496,5,400,326.795,1784546871496,0,0,0,0
1784546908596,2,500,500,1784546871496,0,0,0,0
1784546908596,3,700,500,1784546871496,0,0,0,0
1784546908596,4,400,673.205,1784546871496,0,0,0,0
1784546908596,5,400,326.795,1784546871496,0,0,0,0
1784546908696,2,500,500,1784546871496,0,0,0,0
1784546908696,3,700,500,1784546871496,0,0,0,0
1784546908696,4,400,673.205,1784546871496,0,0,0,0
1784546908696,5,400,326.795,1784546871496,0,0,0,0
1784546908796,2,500,500,1784546871496,0,0,0,0
1784546908796,3,700,500,1784546871496,0,0,0,0
1784546908796,4,400,673.205,1784546871496,0,0,0,0
1784546908796,5,400,326.795,1784546871496,0,0,0,0
1784546908896,2,500,500,1784546871496,0,0,0,0
1784546908896,3,700,500,1784546871496,0,0,0,0
1784546908896,4,400,673.205,1784546871496,0,0,0,0
1784546908896,5,400,326.795,1784546871496,0,0,0,0
1784546908996,2,500,500,1784546871496,0,0,0,0
1784546908996,3,700,500,1784546871496,0,0,0,0
1784546908996,4,400,673.205,1784546871496,0,0,0,0
1784546908996,5,400,326.795,1784546871496,0,0,0,0
1784546909096,2,500,500,1784546871496,0,0,0,0
1784546909096,3,700,500,1784546871496,0,0,0,0
1784546909096,4,400,673.205,1784546871496,0,0,0,0
1784546909096,5,400,326.795,1784546871496,0,0,0,0
1784546909196,2,500,500,1784546871496,0,0,0,0
1784546909196,3,700,500,1784546871496,0,0,0,0
1784546909196,4,400,673.205,1784546871496,0,0,0,0
1784546909196,5,400,326.795,1784546871496,0,0,0,0
1784546909296,2,500,500,1784546871496,0,0,0,0
1784546909296,3,700,500,1784546871496,0,0,0,0
1784546909296,4,400,673.205,1784546871496,0,0,0,0
1784546909296,5,400,326.795,1784546871496,0,0,0,0
1784546909396,2,500,500,1784546871496,0,0,0,0
1784546909396,3,700,500,1784546871496,0,0,0,0
1784546909396,4,400,673.205,1784546871496,0,0,0,0
1784546909396,5,400,326.795,1784546871496,0,0,0,0
1784546909496,2,500,500,1784546871496,0,0,0,0
1784546909496,3,700,500,1784546871496,0,0,0,0
1784546909496,4,400,673.205,1784546871496,0,0,0,0
1784546909496,5,400,326.795,1784546871496,0,0,0,0
1784546909596,2,500,500,1784546871496,0,0,0,0
1784546909596,3,700,500,1784546871496,0,0,0,0
1784546909596,4,400,673.205,1784546871496,0,0,0,0
1784546909596,5,400,326.795,1784546871496,0,0,0,0
1784546909696,2,500,500,1784546871496,0,0,0,0
1784546909696,3,700,500,1784546871496,0,0,0,0
1784546909696,4,400,673.205,1784546871496,0,0,0,0
1784546909696,5,400,326.795,1784546871496,0,0,0,0
1784546909796,2,500,500,1784546871496,0,0,0,0
1784546909796,3,700,500,1784546871496,0,0,0,0
1784546909796,4,400,673.205,1784546871496,0,0,0,0
1784546909796,5,400,326.795,1784546871496,0,0,0,0
1784546909896,2,500,500,1784546871496,0,0,0,0
1784546909896,3,700,500,1784546871496,0,0,0,0
1784546909896,4,400,673.205,1784546871496,0,0,0,0
1784546909896,5,400,326.795,1784546871496,0,0,0,0
1784546909996,2,500,500,1784546871496,0,0,0,0
1784546909996,3,700,500,1784546871496,0,0,0,0
1784546909996,4,400,673.205,1784546871496,0,0,0,0
1784546909996,5,400,326.795,1784546871496,0,0,0,0
1784546910096,2,500,500,1784546871496,0,0,0,0
1784546910096,3,700,500,1784546871496,0,0,0,0
1784546910096,4,400,673.205,1784546871496,0,0,0,0
1784546910096,5,400,326.795,1784546871496,0,0,0,0
1784546910196,2,500,500,1784546871496,0,0,0,0
1784546910196,3,700,500,1784546871496,0,0,0,0
1784546910196,4,400,673.205,1784546871496,0,0,0,0
1784546910196,5,400,326.795,1784546871496,0,0,0,0
1784546910296,2,500,500,1784546871496,0,0,0,0
1784546910296,3,700,500,1784546871496,0,0,0,0
1784546910296,4,400,673.205,1784546871496,0,0,0,0
1784546910296,5,400,326.795,1784546871496,0,0,0,0
1784546910396,2,500,500,1784546871496,0,0,0,0
1784546910396,3,700,500,1784546871496,0,0,0,0
1784546910396,4,400,673.205,1784546871496,0,0,0,0
1784546910396,5,400,326.795,1784546871496,0,0,0,0
1784546910496,2,500,500,1784546871496,0,0,0,0
1784546910496,3,700,500,1784546871496,0,0,0,0
1784546910496,4,400,673.205,1784546871496,0,0,0,0
1784546910496,5,400,326.795,1784546871496,0,0,0,0
1784546910596,2,500,500,1784546871496,0,0,0,0
1784546910596,3,700,500,1784546871496,0,0,0,0
1784546910596,4,400,673.205,1784546871496,0,0,0,0
1784546910596,5,400,326.795,1784546871496,0,0,0,0
1784546910696,2,500,500,1784546871496,0,0,0,0
1784546910696,3,700,500,1784546871496,0,0,0,0
1784546910696,4,400,673.205,1784546871496,0,0,0,0
1784546910696,5,400,326.795,1784546871496,0,0,0,0
1784546910796,2,500,500,1784546871496,0,0,0,0
1784546910796,3,700,500,1784546871496,0,0,0,0
1784546910796,4,400,673.205,1784546871496,0,0,0,0
1784546910796,5,400,326.795,1784546871496,0,0,0,0
1784546910896,2,500,500,1784546871496,0,0,0,0
1784546910896,3,700,500,1784546871496,0,0,0,0
1784546910896,4,400,673.205,1784546871496,0,0,0,0
1784546910896,5,400,326.795,1784546871496,0,0,0,0
1784546910996,2,500,500,1784546871496,0,0,0,0
1784546910996,3,700,500,1784546871496,0,0,0,0
1784546910996,4,400,673.205,1784546871496,0,0,0,0
1784546910996,5,400,326.795,1784546871496,0,0,0,0
1784546911096,2,500,500,1784546871496,0,0,0,0
1784546911096,3,700,500,1784546871496,0,0,0,0
1784546911096,4,400,673.205,1784546871496,0,0,0,0
1784546911096,5,400,326.795,1784546871496,0,0,0,0
1784546911196,2,500,500,1784546871496,0,0,0,0
1784546911196,3,700,500,1784546871496,0,0,0,0
1784546911196,4,400,673.205,1784546871496,0,0,0,0
1784546911196,5,400,326.795,1784546871496,0,0,0,0
1784546911296,2,500,500,1784546871496,0,0,0,0
1784546911296,3,700,500,1784546871496,0,0,0,0
1784546911296,4,400,673.205,1784546871496,0,0,0,0
1784546911296,5,400,326.795,1784546871496,0,0,0,0
1784546911396,2,500,500,1784546871496,0,0,0,0
1784546911396,3,700,500,1784546871496,0,0,0,0
1784546911396,4,400,673.205,1784546871496,0,0,0,0
1784546911396,5,400,326.795,1784546871496,0,0,0,0
1784546911496,2,500,500,1784546871496,0,0,0,0
1784546911496,3,700,500,1784546871496,0,0,0,0
1784546911496,4,400,673.205,1784546871496,0,0,0,0
1784546911496,5,400,326.795,1784546871496,0,0,0,0
1784546911596,2,500,500,1784546871496,0,0,0,0
1784546911596,3,700,500,1784546871496,0,0,0,0
1784546911596,4,400,673.205,1784546871496,0,0,0,0
1784546911596,5,400,326.795,1784546871496,0,0,0,0
1784546911696,2,500,500,1784546871496,0,0,0,0
1784546911696,3,700,500,1784546871496,0,0,0,0
1784546911696,4,400,673.205,1784546871496,0,0,0,0
1784546911696,5,400,326.795,1784546871496,0,0,0,0
1784546911796,2,500,500,1784546871496,0,0,0,0
1784546911796,3,700,500,1784546871496,0,0,0,0
1784546911796,4,400,673.205,1784546871496,0,0,0,0
1784546911796,5,400,326.795,1784546871496,0,0,0,0
1784546911896,2,500,500,1784546871496,0,0,0,0
1784546911896,3,700,500,1784546871496,0,0,0,0
1784546911896,4,400,673.205,1784546871496,0,0,0,0
1784546911896,5,400,326.795,1784546871496,0,0,0,0
1784546911996,2,500,500,1784546871496,0,0,0,0
1784546911996,3,700,500,1784546871496,0,0,0,0
1784546911996,4,400,673.205,1784546871496,0,0,0,0
1784546911996,5,400,326.795,1784546871496,0,0,0,0
1784546912096,2,500,500,1784546871496,0,0,0,0
1784546912096,3,700,500,1784546871496,0,0,0,0
1784546912096,4,400,673.205,1784546871496,0,0,0,0
1784546912096,5,400,326.795,1784546871496,0,0,0,0
1784546912196,2,500,500,1784546871496,0,0,0,0
1784546912196,3,700,500,1784546871496,0,0,0,0
1784546912196,4,400,673.205,1784546871496,0,0,0,0
1784546912196,5,400,326.795,1784546871496,0,0,0,0
1784546912296,2,500,500,1784546871496,0,0,0,0
1784546912296,3,700,500,1784546871496,0,0,0,0
1784546912296,4,400,673.205,1784546871496,0,0,0,0
1784546912296,5,400,326.795,1784546871496,0,0,0,0
1784546912396,2,500,500,1784546871496,0,0,0,0
1784546912396,3,700,500,1784546871496,0,0,0,0
1784546912396,4,400,673.205,1784546871496,0,0,0,0
1784546912396,5,400,326.795,1784546871496,0,0,0,0
1784546912496,2,500,500,1784546871496,0,0,0,0
1784546912496,3,700,500,1784546871496,0,0,0,0
1784546912496,4,400,673.205,1784546871496,0,0,0,0
1784546912496,5,400,326.795,1784546871496,0,0,0,0
1784546912596,2,500,500,1784546871496,0,0,0,0
1784546912596,3,700,500,1784546871496,0,0,0,0
1784546912596,4,400,673.205,1784546871496,0,0,0,0
1784546912596,5,400,326.795,1784546871496,0,0,0,0
1784546912696,2,500,500,1784546871496,0,0,0,0
1784546912696,3,700,500,1784546871496,0,0,0,0
1784546912696,4,400,673.205,1784546871496,0,0,0,0
1784546912696,5,400,326.795,1784546871496,0,0,0,0
1784546912796,2,500,500,1784546871496,0,0,0,0
1784546912796,3,700,500,1784546871496,0,0,0,0
1784546912796,4,400,673.205,1784546871496,0,0,0,0
1784546912796,5,400,326.795,1784546871496,0,0,0,0
1784546912896,2,500,500,1784546871496,0,0,0,0
1784546912896,3,700,500,1784546871496,0,0,0,0
1784546912896,4,400,673.205,1784546871496,0,0,0,0
1784546912896,5,400,326.795,1784546871496,0,0,0,0
1784546912996,2,500,500,1784546871496,0,0,0,0
1784546912996,3,700,500,1784546871496,0,0,0,0
1784546912996,4,400,673.205,1784546871496,0,0,0,0
1784546912996,5,400,326.795,1784546871496,0,0,0,0
1784546913096,2,500,500,1784546871496,0,0,0,0
1784546913096,3,700,500,1784546871496,0,0,0,0
1784546913096,4,400,673.205,1784546871496,0,0,0,0
1784546913096,5,400,326.795,1784546871496,0,0,0,0
1784546913196,2,500,500,1784546871496,0,0,0,0
1784546913196,3,700,500,1784546871496,0,0,0,0
1784546913196,4,400,673.205,1784546871496,0,0,0,0
1784546913196,5,400,326.795,1784546871496,0,0,0,0
1784546913296,2,500,500,1784546871496,0,0,0,0
1784546913296,3,700,500,1784546871496,0,0,0,0
1784546913296,4,400,673.205,1784546871496,0,0,0,0
1784546913296,5,400,326.795,1784546871496,0,0,0,0
1784546913396,2,500,500,1784546871496,0,0,0,0
1784546913396,3,700,500,1784546871496,0,0,0,0
1784546913396,4,400,673.205,1784546871496,0,0,0,0
1784546913396,5,400,326.795,1784546871496,0,0,0,0
1784546913496,2,500,500,1784546871496,0,0,0,0
1784546913496,3,700,500,1784546871496,0,0,0,0
1784546913496,4,400,673.205,1784546871496,0,0,0,0
1784546913496,5,400,326.795,1784546871496,0,0,0,0
1784546913596,2,500,500,1784546871496,0,0,0,0
1784546913596,3,700,500,1784546871496,0,0,0,0
1784546913596,4,400,673.205,1784546871496,0,0,0,0
1784546913596,5,400,326.795,1784546871496,0,0,0,0
1784546913696,2,500,500,1784546871496,0,0,0,0
1784546913696,3,700,500,1784546871496,0,0,0,0
1784546913696,4,400,673.205,1784546871496,0,0,0,0
1784546913696,5,400,326.795,1784546871496,0,0,0,0
1784546913796,2,500,500,1784546871496,0,0,0,0
1784546913796,3,700,500,1784546871496,0,0,0,0
1784546913796,4,400,673.205,1784546871496,0,0,0,0
1784546913796,5,400,326.795,1784546871496,0,0,0,0
1784546913896,2,500,500,1784546871496,0,0,0,0
1784546913896,3,700,500,1784546871496,0,0,0,0
1784546913896,4,400,673.205,1784546871496,0,0,0,0
1784546913896,5,400,326.795,1784546871496,0,0,0,0
1784546913996,2,500,500,1784546871496,0,0,0,0
1784546913996,3,700,500,1784546871496,0,0,0,0
1784546913996,4,400,673.205,1784546871496,0,0,0,0
1784546913996,5,400,326.795,1784546871496,0,0,0,0
1784546914096,2,500,500,1784546871496,0,0,0,0
1784546914096,3,700,500,1784546871496,0,0,0,0
1784546914096,4,400,673.205,1784546871496,0,0,0,0
1784546914096,5,400,326.795,1784546871496,0,0,0,0
1784546914196,2,500,500,1784546871496,0,0,0,0
1784546914196,3,700,500,1784546871496,0,0,0,0
1784546914196,4,400,673.205,1784546871496,0,0,0,0
1784546914196,5,400,326.795,1784546871496,0,0,0,0
1784546914296,2,500,500,1784546871496,0,0,0,0
1784546914296,3,700,500,1784546871496,0,0,0,0
1784546914296,4,400,673.205,1784546871496,0,0,0,0
1784546914296,5,400,326.795,1784546871496,0,0,0,0
1784546914396,2,500,500,1784546871496,0,0,0,0
1784546914396,3,700,500,1784546871496,0,0,0,0
1784546914396,4,400,673.205,1784546871496,0,0,0,0
1784546914396,5,400,326.795,1784546871496,0,0,0,0
1784546914496,2,500,500,1784546871496,0,0,0,0
1784546914496,3,700,500,1784546871496,0,0,0,0
1784546914496,4,400,673.205,1784546871496,0,0,0,0
1784546914496,5,400,326.795,1784546871496,0,0,0,0
1784546914596,2,500,500,1784546871496,0,0,0,0
1784546914596,3,700,500,1784546871496,0,0,0,0
1784546914596,4,400,673.205,1784546871496,0,0,0,0
1784546914596,5,400,326.795,1784546871496,0,0,0,0
1784546914696,2,500,500,1784546871496,0,0,0,0
1784546914696,3,700,500,1784546871496,0,0,0,0
1784546914696,4,400,673.205,1784546871496,0,0,0,0
1784546914696,5,400,326.795,1784546871496,0,0,0,0
1784546914796,2,500,500,1784546871496,0,0,0,0
1784546914796,3,700,500,1784546871496,0,0,0,0
1784546914796,4,400,673.205,1784546871496,0,0,0,0
1784546914796,5,400,326.795,1784546871496,0,0,0,0
1784546914896,2,500,500,1784546871496,0,0,0,0
1784546914896,3,700,500,1784546871496,0,0,0,0
1784546914896,4,400,673.205,1784546871496,0,0,0,0
1784546914896,5,400,326.795,1784546871496,0,0,0,0
1784546914996,2,500,500,1784546871496,0,0,0,0
1784546914996,3,700,500,1784546871496,0,0,0,0
1784546914996,4,400,673.205,1784546871496,0,0,0,0
1784546914996,5,400,326.795,1784546871496,0,0,0,0
1784546915096,2,500,500,1784546871496,0,0,0,0
1784546915096,3,700,500,1784546871496,0,0,0,0
1784546915096,4,400,673.205,1784546871496,0,0,0,0
1784546915096,5,400,326.795,1784546871496,0,0,0,0
1784546915196,2,500,500,1784546871496,0,0,0,0
1784546915196,3,700,500,1784546871496,0,0,0,0
1784546915196,4,400,673.205,1784546871496,0,0,0,0
1784546915196,5,400,326.795,1784546871496,0,0,0,0
1784546915296,2,500,500,1784546871496,0,0,0,0
1784546915296,3,700,500,1784546871496,0,0,0,0
1784546915296,4,400,673.205,1784546871496,0,0,0,0
1784546915296,5,400,326.795,1784546871496,0,0,0,0
1784546915396,2,500,500,1784546871496,0,0,0,0
1784546915396,3,700,500,1784546871496,0,0,0,0
1784546915396,4,400,673.205,1784546871496,0,0,0,0
1784546915396,5,400,326.795,1784546871496,0,0,0,0
1784546915496,2,500,500,1784546871496,0,0,0,0
1784546915496,3,700,500,1784546871496,0,0,0,0
1784546915496,4,400,673.205,1784546871496,0,0,0,0
1784546915496,5,400,326.795,1784546871496,0,0,0,0
1784546915596,2,500,500,1784546871496,0,0,0,0
1784546915596,3,700,500,1784546871496,0,0,0,0
1784546915596,4,400,673.205,1784546871496,0,0,0,0
1784546915596,5,400,326.795,1784546871496,0,0,0,0
1784546915696,2,500,500,1784546871496,0,0,0,0
1784546915696,3,700,500,1784546871496,0,0,0,0
1784546915696,4,400,673.205,1784546871496,0,0,0,0
1784546915696,5,400,326.795,1784546871496,0,0,0,0
1784546915796,2,500,500,1784546871496,0,0,0,0
1784546915796,3,700,500,1784546871496,0,0,0,0
1784546915796,4,400,673.205,1784546871496,0,0,0,0
1784546915796,5,400,326.795,1784546871496,0,0,0,0
1784546915896,2,500,500,1784546871496,0,0,0,0
1784546915896,3,700,500,1784546871496,0,0,0,0
1784546915896,4,400,673.205,1784546871496,0,0,0,0
1784546915896,5,400,326.795,1784546871496,0,0,0,0
1784546915996,2,500,500,1784546871496,0,0,0,0
1784546915996,3,700,500,1784546871496,0,0,0,0
1784546915996,4,400,673.205,1784546871496,0,0,0,0
1784546915996,5,400,326.795,1784546871496,0,0,0,0
1784546916096,2,500,500,1784546871496,0,0,0,0
1784546916096,3,700,500,1784546871496,0,0,0,0
1784546916096,4,400,673.205,1784546871496,0,0,0,0
1784546916096,5,400,326.795,1784546871496,0,0,0,0
1784546916196,2,500,500,1784546871496,0,0,0,0
1784546916196,3,700,500,1784546871496,0,0,0,0
1784546916196,4,400,673.205,1784546871496,0,0,0,0
1784546916196,5,400,326.795,1784546871496,0,0,0,0
1784546916296,2,500,500,1784546871496,0,0,0,0
1784546916296,3,700,500,1784546871496,0,0,0,0
1784546916296,4,400,673.205,1784546871496,0,0,0,0
1784546916296,5,400,326.795,1784546871496,0,0,0,0
1784546916396,2,500,500,1784546871496,0,0,0,0
1784546916396,3,700,500,1784546871496,0,0,0,0
1784546916396,4,400,673.205,1784546871496,0,0,0,0
1784546916396,5,400,326.795,1784546871496,0,0,0,0
1784546916496,2,500,500,1784546871496,0,0,0,0
1784546916496,3,700,500,1784546871496,0,0,0,0
1784546916496,4,400,673.205,1784546871496,0,0,0,0
1784546916496,5,400,326.795,1784546871496,0,0,0,0
1784546916596,2,500,500,1784546871496,0,0,0,0
1784546916596,3,700,500,1784546871496,0,0,0,0
1784546916596,4,400,673.205,1784546871496,0,0,0,0
1784546916596,5,400,326.795,1784546871496,0,0,0,0
1784546916696,2,500,500,1784546871496,0,0,0,0
1784546916696,3,700,500,1784546871496,0,0,0,0
1784546916696,4,400,673.205,1784546871496,0,0,0,0
1784546916696,5,400,326.795,1784546871496,0,0,0,0
1784546916796,2,500,500,1784546871496,0,0,0,0
1784546916796,3,700,500,1784546871496,0,0,0,0
1784546916796,4,400,673.205,1784546871496,0,0,0,0
1784546916796,5,400,326.795,1784546871496,0,0,0,0
1784546916896,2,500,500,1784546871496,0,0,0,0
1784546916896,3,700,500,1784546871496,0,0,0,0
1784546916896,4,400,673.205,1784546871496,0,0,0,0
1784546916896,5,400,326.795,1784546871496,0,0,0,0
1784546916996,2,500,500,1784546871496,0,0,0,0
1784546916996,3,700,500,1784546871496,0,0,0,0
1784546916996,4,400,673.205,1784546871496,0,0,0,0
1784546916996,5,400,326.795,1784546871496,0,0,0,0
1784546917096,2,500,500,1784546871496,0,0,0,0
1784546917096,3,700,500,1784546871496,0,0,0,0
1784546917096,4,400,673.205,1784546871496,0,0,0,0
1784546917096,5,400,326.795,1784546871496,0,0,0,0
1784546917196,2,500,500,1784546871496,0,0,0,0
1784546917196,3,700,500,1784546871496,0,0,0,0
1784546917196,4,400,673.205,1784546871496,0,0,0,0
1784546917196,5,400,326.795,1784546871496,0,0,0,0
1784546917296,2,500,500,1784546871496,0,0,0,0
1784546917296,3,700,500,1784546871496,0,0,0,0
1784546917296,4,400,673.205,1784546871496,0,0,0,0
1784546917296,5,400,326.795,1784546871496,0,0,0,0
1784546917396,2,500,500,1784546871496,0,0,0,0
1784546917396,3,700,500,1784546871496,0,0,0,0
1784546917396,4,400,673.205,1784546871496,0,0,0,0
1784546917396,5,400,326.795,1784546871496,0,0,0,0
1784546917496,2,500,500,1784546871496,0,0,0,0
1784546917496,3,700,500,1784546871496,0,0,0,0
1784546917496,4,400,673.205,1784546871496,0,0,0,0
1784546917496,5,400,326.795,1784546871496,0,0,0,0
1784546917596,2,500,500,1784546871496,0,0,0,0
1784546917596,3,700,500,1784546871496,0,0,0,0
1784546917596,4,400,673.205,1784546871496,0,0,0,0
1784546917596,5,400,326.795,1784546871496,0,0,0,0
1784546917696,2,500,500,1784546871496,0,0,0,0
1784546917696,3,700,500,1784546871496,0,0,0,0
1784546917696,4,400,673.205,1784546871496,0,0,0,0
1784546917696,5,400,326.795,1784546871496,0,0,0,0
1784546917796,2,500,500,1784546871496,0,0,0,0
1784546917796,3,700,500,1784546871496,0,0,0,0
1784546917796,4,400,673.205,1784546871496,0,0,0,0
1784546917796,5,400,326.795,1784546871496,0,0,0,0
1784546917896,2,500,500,1784546871496,0,0,0,0
1784546917896,3,700,500,1784546871496,0,0,0,0
1784546917896,4,400,673.205,1784546871496,0,0,0,0
1784546917896,5,400,326.795,1784546871496,0,0,0,0
1784546917996,2,500,500,1784546871496,0,0,0,0
1784546917996,3,700,500,1784546871496,0,0,0,0
1784546917996,4,400,673.205,1784546871496,0,0,0,0
1784546917996,5,400,326.795,1784546871496,0,0,0,0
1784546918096,2,500,500,1784546871496,0,0,0,0
1784546918096,3,700,500,1784546871496,0,0,0,0
1784546918096,4,400,673.205,1784546871496,0,0,0,0
1784546918096,5,400,326.795,1784546871496,0,0,0,0
1784546918196,2,500,500,1784546871496,0,0,0,0
1784546918196,3,700,500,1784546871496,0,0,0,0
1784546918196,4,400,673.205,1784546871496,0,0,0,0
1784546918196,5,400,326.795,1784546871496,0,0,0,0
1784546918296,2,500,500,1784546871496,0,0,0,0
1784546918296,3,700,500,1784546871496,0,0,0,0
1784546918296,4,400,673.205,1784546871496,0,0,0,0
1784546918296,5,400,326.795,1784546871496,0,0,0,0
1784546918396,2,500,500,1784546871496,0,0,0,0
1784546918396,3,700,500,1784546871496,0,0,0,0
1784546918396,4,400,673.205,1784546871496,0,0,0,0
1784546918396,5,400,326.795,1784546871496,0,0,0,0
1784546918496,2,500,500,1784546871496,0,0,0,0
1784546918496,3,700,500,1784546871496,0,0,0,0
1784546918496,4,400,673.205,1784546871496,0,0,0,0
1784546918496,5,400,326.795,1784546871496,0,0,0,0
1784546918596,2,500,500,1784546871496,0,0,0,0
1784546918596,3,700,500,1784546871496,0,0,0,0
1784546918596,4,400,673.205,1784546871496,0,0,0,0
1784546918596,5,400,326.795,1784546871496,0,0,0,0
1784546918696,2,500,500,1784546871496,0,0,0,0
1784546918696,3,700,500,1784546871496,0,0,0,0
1784546918696,4,400,673.205,1784546871496,0,0,0,0
1784546918696,5,400,326.795,1784546871496,0,0,0,0
1784546918796,2,500,500,1784546871496,0,0,0,0
1784546918796,3,700,500,1784546871496,0,0,0,0
1784546918796,4,400,673.205,1784546871496,0,0,0,0
1784546918796,5,400,326.795,1784546871496,0,0,0,0
1784546918896,2,500,500,1784546871496,0,0,0,0
1784546918896,3,700,500,1784546871496,0,0,0,0
1784546918896,4,400,673.205,1784546871496,0,0,0,0
1784546918896,5,400,326.795,1784546871496,0,0,0,0
1784546918996,2,500,500,1784546871496,0,0,0,0
1784546918996,3,700,500,1784546871496,0,0,0,0
1784546918996,4,400,673.205,1784546871496,0,0,0,0
1784546918996,5,400,326.795,1784546871496,0,0,0,0
1784546919096,2,500,500,1784546871496,0,0,0,0
1784546919096,3,700,500,1784546871496,0,0,0,0
1784546919096,4,400,673.205,1784546871496,0,0,0,0
1784546919096,5,400,326.795,1784546871496,0,0,0,0
1784546919196,2,500,500,1784546871496,0,0,0,0
1784546919196,3,700,500,1784546871496,0,0,0,0
1784546919196,4,400,673.205,1784546871496,0,0,0,0
1784546919196,5,400,326.795,1784546871496,0,0,0,0
1784546919296,2,500,500,1784546871496,0,0,0,0
1784546919296,3,700,500,1784546871496,0,0,0,0
1784546919296,4,400,673.205,1784546871496,0,0,0,0
1784546919296,5,400,326.795,1784546871496,0,0,0,0
1784546919396,2,500,500,1784546871496,0,0,0,0
1784546919396,3,700,500,1784546871496,0,0,0,0
1784546919396,4,400,673.205,1784546871496,0,0,0,0
1784546919396,5,400,326.795,1784546871496,0,0,0,0
1784546919496,2,500,500,1784546871496,0,0,0,0
1784546919496,3,700,500,1784546871496,0,0,0,0
1784546919496,4,400,673.205,1784546871496,0,0,0,0
1784546919496,5,400,326.795,1784546871496,0,0,0,0
1784546919596,2,500,500,1784546871496,0,0,0,0
1784546919596,3,700,500,1784546871496,0,0,0,0
1784546919596,4,400,673.205,1784546871496,0,0,0,0
1784546919596,5,400,326.795,1784546871496,0,0,0,0
1784546919696,2,500,500,1784546871496,0,0,0,0
1784546919696,3,700,500,1784546871496,0,0,0,0
1784546919696,4,400,673.205,1784546871496,0,0,0,0
1784546919696,5,400,326.795,1784546871496,0,0,0,0
1784546919796,2,500,500,1784546871496,0,0,0,0
1784546919796,3,700,500,1784546871496,0,0,0,0
1784546919796,4,400,673.205,1784546871496,0,0,0,0
1784546919796,5,400,326.795,1784546871496,0,0,0,0
1784546919896,2,500,500,1784546871496,0,0,0,0
1784546919896,3,700,500,1784546871496,0,0,0,0
1784546919896,4,400,673.205,1784546871496,0,0,0,0
1784546919896,5,400,326.795,1784546871496,0,0,0,0
1784546919996,2,500,500,1784546871496,0,0,0,0
1784546919996,3,700,500,1784546871496,0,0,0,0
1784546919996,4,400,673.205,1784546871496,0,0,0,0
1784546919996,5,400,326.795,1784546871496,0,0,0,0
1784546920096,2,500,500,1784546871496,0,0,0,0
1784546920096,3,700,500,1784546871496,0,0,0,0
1784546920096,4,400,673.205,1784546871496,0,0,0,0
1784546920096,5,400,326.795,1784546871496,0,0,0,0
1784546920196,2,500,500,1784546871496,0,0,0,0
1784546920196,3,700,500,1784546871496,0,0,0,0
1784546920196,4,400,673.205,1784546871496,0,0,0,0
1784546920196,5,400,326.795,1784546871496,0,0,0,0
1784546920296,2,500,500,1784546871496,0,0,0,0
1784546920296,3,700,500,1784546871496,0,0,0,0
1784546920296,4,400,673.205,1784546871496,0,0,0,0
1784546920296,5,400,326.795,1784546871496,0,0,0,0
1784546920396,2,500,500,1784546871496,0,0,0,0
1784546920396,3,700,500,1784546871496,0,0,0,0
1784546920396,4,400,673.205,1784546871496,0,0,0,0
1784546920396,5,400,326.795,1784546871496,0,0,0,0
1784546920496,2,500,500,1784546871496,0,0,0,0
1784546920496,3,700,500,1784546871496,0,0,0,0
1784546920496,4,400,673.205,1784546871496,0,0,0,0
1784546920496,5,400,326.795,1784546871496,0,0,0,0
1784546920596,2,500,500,1784546871496,0,0,0,0
1784546920596,3,700,500,1784546871496,0,0,0,0
1784546920596,4,400,673.205,1784546871496,0,0,0,0
1784546920596,5,400,326.795,1784546871496,0,0,0,0
1784546920696,2,500,500,1784546871496,0,0,0,0
1784546920696,3,700,500,1784546871496,0,0,0,0
1784546920696,4,400,673.205,1784546871496,0,0,0,0
1784546920696,5,400,326.795,1784546871496,0,0,0,0
1784546920796,2,500,500,1784546871496,0,0,0,0
1784546920796,3,700,500,1784546871496,0,0,0,0
1784546920796,4,400,673.205,1784546871496,0,0,0,0
1784546920796,5,400,326.795,1784546871496,0,0,0,0
1784546920896,2,500,500,1784546871496,0,0,0,0
1784546920896,3,700,500,1784546871496,0,0,0,0
1784546920896,4,400,673.205,1784546871496,0,0,0,0
1784546920896,5,400,326.795,1784546871496,0,0,0,0
1784546920996,2,500,500,1784546871496,0,0,0,0
1784546920996,3,700,500,1784546871496,0,0,0,0
1784546920996,4,400,673.205,1784546871496,0,0,0,0
1784546920996,5,400,326.795,1784546871496,0,0,0,0
1784546921096,2,500,500,1784546871496,0,0,0,0
1784546921096,3,700,500,1784546871496,0,0,0,0
1784546921096,4,400,673.205,1784546871496,0,0,0,0
1784546921096,5,400,326.795,1784546871496,0,0,0,0
1784546921196,2,500,500,1784546871496,0,0,0,0
1784546921196,3,700,500,1784546871496,0,0,0,0
1784546921196,4,400,673.205,1784546871496,0,0,0,0
1784546921196,5,400,326.795,1784546871496,0,0,0,0
1784546921296,2,500,500,1784546871496,0,0,0,0
1784546921296,3,700,500,1784546871496,0,0,0,0
1784546921296,4,400,673.205,1784546871496,0,0,0,0
1784546921296,5,400,326.795,1784546871496,0,0,0,0
1784546921396,2,500,500,1784546871496,0,0,0,0
1784546921396,3,700,500,1784546871496,0,0,0,0
1784546921396,4,400,673.205,1784546871496,0,0,0,0
1784546921396,5,400,326.795,1784546871496,0,0,0,0
1784546921496,2,500,500,1784546871496,0,0,0,0
1784546921496,3,700,500,1784546871496,0,0,0,0
1784546921496,4,400,673.205,1784546871496,0,0,0,0
1784546921496,5,400,326.795,1784546871496,0,0,0,0
1784546921596,2,500,500,1784546871496,0,0,0,0
1784546921596,3,700,500,1784546871496,0,0,0,0
1784546921596,4,400,673.205,1784546871496,0,0,0,0
1784546921596,5,400,326.795,1784546871496,0,0,0,0
1784546921696,2,500,500,1784546871496,0,0,0,0
1784546921696,3,700,500,1784546871496,0,0,0,0
1784546921696,4,400,673.205,1784546871496,0,0,0,0
1784546921696,5,400,326.795,1784546871496,0,0,0,0
1784546921796,2,500,500,1784546871496,0,0,0,0
1784546921796,3,700,500,1784546871496,0,0,0,0
1784546921796,4,400,673.205,1784546871496,0,0,0,0
1784546921796,5,400,326.795,1784546871496,0,0,0,0
1784546921896,2,500,500,1784546871496,0,0,0,0
1784546921896,3,700,500,1784546871496,0,0,0,0
1784546921896,4,400,673.205,1784546871496,0,0,0,0
1784546921896,5,400,326.795,1784546871496,0,0,0,0
1784546921996,2,500,500,1784546871496,0,0,0,0
1784546921996,3,700,500,1784546871496,0,0,0,0
1784546921996,4,400,673.205,1784546871496,0,0,0,0
1784546921996,5,400,326.795,1784546871496,0,0,0,0
1784546922096,2,500,500,1784546871496,0,0,0,0
1784546922096,3,700,500,1784546871496,0,0,0,0
1784546922096,4,400,673.205,1784546871496,0,0,0,0
1784546922096,5,400,326.795,1784546871496,0,0,0,0
1784546922196,2,500,500,1784546871496,0,0,0,0
1784546922196,3,700,500,1784546871496,0,0,0,0
1784546922196,4,400,673.205,1784546871496,0,0,0,0
1784546922196,5,400,326.795,1784546871496,0,0,0,0
1784546922296,2,500,500,1784546871496,0,0,0,0
1784546922296,3,700,500,1784546871496,0,0,0,0
1784546922296,4,400,673.205,1784546871496,0,0,0,0
1784546922296,5,400,326.795,1784546871496,0,0,0,0
1784546922396,2,500,500,1784546871496,0,0,0,0
1784546922396,3,700,500,1784546871496,0,0,0,0
1784546922396,4,400,673.205,1784546871496,0,0,0,0
1784546922396,5,400,326.795,1784546871496,0,0,0,0
1784546922496,2,500,500,1784546871496,0,0,0,0
1784546922496,3,700,500,1784546871496,0,0,0,0
1784546922496,4,400,673.205,1784546871496,0,0,0,0
1784546922496,5,400,326.795,1784546871496,0,0,0,0
1784546922596,2,500,500,1784546871496,0,0,0,0
1784546922596,3,700,500,1784546871496,0,0,0,0
1784546922596,4,400,673.205,1784546871496,0,0,0,0
1784546922596,5,400,326.795,1784546871496,0,0,0,0
1784546922696,2,500,500,1784546871496,0,0,0,0
1784546922696,3,700,500,1784546871496,0,0,0,0
1784546922696,4,400,673.205,1784546871496,0,0,0,0
1784546922696,5,400,326.795,1784546871496,0,0,0,0
1784546922796,2,500,500,1784546871496,0,0,0,0
1784546922796,3,700,500,1784546871496,0,0,0,0
1784546922796,4,400,673.205,1784546871496,0,0,0,0
1784546922796,5,400,326.795,1784546871496,0,0,0,0
1784546922896,2,500,500,1784546871496,0,0,0,0
1784546922896,3,700,500,1784546871496,0,0,0,0
1784546922896,4,400,673.205,1784546871496,0,0,0,0
1784546922896,5,400,326.795,1784546871496,0,0,0,0
1784546922996,2,500,500,1784546871496,0,0,0,0
1784546922996,3,700,500,1784546871496,0,0,0,0
1784546922996,4,400,673.205,1784546871496,0,0,0,0
1784546922996,5,400,326.795,1784546871496,0,0,0,0
1784546923096,2,500,500,1784546871496,0,0,0,0
1784546923096,3,700,500,1784546871496,0,0,0,0
1784546923096,4,400,673.205,1784546871496,0,0,0,0
1784546923096,5,400,326.795,1784546871496,0,0,0,0
1784546923196,2,500,500,1784546871496,0,0,0,0
1784546923196,3,700,500,1784546871496,0,0,0,0
1784546923196,4,400,673.205,1784546871496,0,0,0,0
1784546923196,5,400,326.795,1784546871496,0,0,0,0
1784546923296,2,500,500,1784546871496,0,0,0,0
1784546923296,3,700,500,1784546871496,0,0,0,0
1784546923296,4,400,673.205,1784546871496,0,0,0,0
1784546923296,5,400,326.795,1784546871496,0,0,0,0
1784546923396,2,500,500,1784546871496,0,0,0,0
1784546923396,3,700,500,1784546871496,0,0,0,0
1784546923396,4,400,673.205,1784546871496,0,0,0,0
1784546923396,5,400,326.795,1784546871496,0,0,0,0
1784546923496,2,500,500,1784546871496,0,0,0,0
1784546923496,3,700,500,1784546871496,0,0,0,0
1784546923496,4,400,673.205,1784546871496,0,0,0,0
1784546923496,5,400,326.795,1784546871496,0,0,0,0
1784546923596,2,500,500,1784546871496,0,0,0,0
1784546923596,3,700,500,1784546871496,0,0,0,0
1784546923596,4,400,673.205,1784546871496,0,0,0,0
1784546923596,5,400,326.795,1784546871496,0,0,0,0
1784546923696,2,500,500,1784546871496,0,0,0,0
1784546923696,3,700,500,1784546871496,0,0,0,0
1784546923696,4,400,673.205,1784546871496,0,0,0,0
1784546923696,5,400,326.795,1784546871496,0,0,0,0
1784546923796,2,500,500,1784546871496,0,0,0,0
1784546923796,3,700,500,1784546871496,0,0,0,0
1784546923796,4,400,673.205,1784546871496,0,0,0,0
1784546923796,5,400,326.795,1784546871496,0,0,0,0
1784546923896,2,500,500,1784546871496,0,0,0,0
1784546923896,3,700,500,1784546871496,0,0,0,0
1784546923896,4,400,673.205,1784546871496,0,0,0,0
1784546923896,5,400,326.795,1784546871496,0,0,0,0
1784546923996,2,500,500,1784546871496,0,0,0,0
1784546923996,3,700,500,1784546871496,0,0,0,0
1784546923996,4,400,673.205,1784546871496,0,0,0,0
1784546923996,5,400,326.795,1784546871496,0,0,0,0
1784546924096,2,500,500,1784546871496,0,0,0,0
1784546924096,3,700,500,1784546871496,0,0,0,0
1784546924096,4,400,673.205,1784546871496,0,0,0,0
1784546924096,5,400,326.795,1784546871496,0,0,0,0
1784546924196,2,500,500,1784546871496,0,0,0,0
1784546924196,3,700,500,1784546871496,0,0,0,0
1784546924196,4,400,673.205,1784546871496,0,0,0,0
1784546924196,5,400,326.795,1784546871496,0,0,0,0
1784546924296,2,500,500,1784546871496,0,0,0,0
1784546924296,3,700,500,1784546871496,0,0,0,0
1784546924296,4,400,673.205,1784546871496,0,0,0,0
1784546924296,5,400,326.795,1784546871496,0,0,0,0
1784546924396,2,500,500,1784546871496,0,0,0,0
1784546924396,3,700,500,1784546871496,0,0,0,0
1784546924396,4,400,673.205,1784546871496,0,0,0,0
1784546924396,5,400,326.795,1784546871496,0,0,0,0
1784546924496,2,500,500,1784546871496,0,0,0,0
1784546924496,3,700,500,1784546871496,0,0,0,0
1784546924496,4,400,673.205,1784546871496,0,0,0,0
1784546924496,5,400,326.795,1784546871496,0,0,0,0
1784546924596,2,500,500,1784546871496,0,0,0,0
1784546924596,3,700,500,1784546871496,0,0,0,0
1784546924596,4,400,673.205,1784546871496,0,0,0,0
1784546924596,5,400,326.795,1784546871496,0,0,0,0
1784546924696,2,500,500,1784546871496,0,0,0,0
1784546924696,3,700,500,1784546871496,0,0,0,0
1784546924696,4,400,673.205,1784546871496,0,0,0,0
1784546924696,5,400,326.795,1784546871496,0,0,0,0
1784546924796,2,500,500,1784546871496,0,0,0,0
1784546924796,3,700,500,1784546871496,0,0,0,0
1784546924796,4,400,673.205,1784546871496,0,0,0,0
1784546924796,5,400,326.795,1784546871496,0,0,0,0
1784546924896,2,500,500,1784546871496,0,0,0,0
1784546924896,3,700,500,1784546871496,0,0,0,0
1784546924896,4,400,673.205,1784546871496,0,0,0,0
1784546924896,5,400,326.795,1784546871496,0,0,0,0
1784546924996,2,500,500,1784546871496,0,0,0,0
1784546924996,3,700,500,1784546871496,0,0,0,0
1784546924996,4,400,673.205,1784546871496,0,0,0,0
1784546924996,5,400,326.795,1784546871496,0,0,0,0
1784546925096,2,500,500,1784546871496,0,0,0,0
1784546925096,3,700,500,1784546871496,0,0,0,0
1784546925096,4,400,673.205,1784546871496,0,0,0,0
1784546925096,5,400,326.795,1784546871496,0,0,0,0
1784546925196,2,500,500,1784546871496,0,0,0,0
1784546925196,3,700,500,1784546871496,0,0,0,0
1784546925196,4,400,673.205,1784546871496,0,0,0,0
1784546925196,5,400,326.795,1784546871496,0,0,0,0
1784546925296,2,500,500,1784546871496,0,0,0,0
1784546925296,3,700,500,1784546871496,0,0,0,0
1784546925296,4,400,673.205,1784546871496,0,0,0,0
1784546925296,5,400,326.795,1784546871496,0,0,0,0
1784546925396,2,500,500,1784546871496,0,0,0,0
1784546925396,3,700,500,1784546871496,0,0,0,0
1784546925396,4,400,673.205,1784546871496,0,0,0,0
1784546925396,5,400,326.795,1784546871496,0,0,0,0
1784546925496,2,500,500,1784546871496,0,0,0,0
1784546925496,3,700,500,1784546871496,0,0,0,0
1784546925496,4,400,673.205,1784546871496,0,0,0,0
1784546925496,5,400,326.795,1784546871496,0,0,0,0
1784546925596,2,500,500,1784546871496,0,0,0,0
1784546925596,3,700,500,1784546871496,0,0,0,0
1784546925596,4,400,673.205,1784546871496,0,0,0,0
1784546925596,5,400,326.795,1784546871496,0,0,0,0
1784546925696,2,500,500,1784546871496,0,0,0,0
1784546925696,3,700,500,1784546871496,0,0,0,0
1784546925696,4,400,673.205,1784546871496,0,0,0,0
1784546925696,5,400,326.795,1784546871496,0,0,0,0
1784546925796,2,500,500,1784546871496,0,0,0,0
1784546925796,3,700,500,1784546871496,0,0,0,0
1784546925796,4,400,673.205,1784546871496,0,0,0,0
1784546925796,5,400,326.795,1784546871496,0,0,0,0
1784546925896,2,500,500,1784546871496,0,0,0,0
1784546925896,3,700,500,1784546871496,0,0,0,0
1784546925896,4,400,673.205,1784546871496,0,0,0,0
1784546925896,5,400,326.795,1784546871496,0,0,0,0
1784546925996,2,500,500,1784546871496,0,0,0,0
1784546925996,3,700,500,1784546871496,0,0,0,0
1784546925996,4,400,673.205,1784546871496,0,0,0,0
1784546925996,5,400,326.795,1784546871496,0,0,0,0
1784546926096,2,500,500,1784546871496,0,0,0,0
1784546926096,3,700,500,1784546871496,0,0,0,0
1784546926096,4,400,673.205,1784546871496,0,0,0,0
1784546926096,5,400,326.795,1784546871496,0,0,0,0
1784546926196,2,500,500,1784546871496,0,0,0,0
1784546926196,3,700,500,1784546871496,0,0,0,0
1784546926196,4,400,673.205,1784546871496,0,0,0,0
1784546926196,5,400,326.795,1784546871496,0,0,0,0
1784546926296,2,500,500,1784546871496,0,0,0,0
1784546926296,3,700,500,1784546871496,0,0,0,0
1784546926296,4,400,673.205,1784546871496,0,0,0,0
1784546926296,5,400,326.795,1784546871496,0,0,0,0
1784546926396,2,500,500,1784546871496,0,0,0,0
1784546926396,3,700,500,1784546871496,0,0,0,0
1784546926396,4,400,673.205,1784546871496,0,0,0,0
1784546926396,5,400,326.795,1784546871496,0,0,0,0
1784546926496,2,500,500,1784546871496,0,0,0,0
1784546926496,3,700,500,1784546871496,0,0,0,0
1784546926496,4,400,673.205,1784546871496,0,0,0,0
1784546926496,5,400,326.795,1784546871496,0,0,0,0
1784546926596,2,500,500,1784546871496,0,0,0,0
1784546926596,3,700,500,1784546871496,0,0,0,0
1784546926596,4,400,673.205,1784546871496,0,0,0,0
1784546926596,5,400,326.795,1784546871496,0,0,0,0
1784546926696,2,500,500,1784546871496,0,0,0,0
1784546926696,3,700,500,1784546871496,0,0,0,0
1784546926696,4,400,673.205,1784546871496,0,0,0,0
1784546926696,5,400,326.795,1784546871496,0,0,0,0
1784546926796,2,500,500,1784546871496,0,0,0,0
1784546926796,3,700,500,1784546871496,0,0,0,0
1784546926796,4,400,673.205,1784546871496,0,0,0,0
1784546926796,5,400,326.795,1784546871496,0,0,0,0
1784546926896,2,500,500,1784546871496,0,0,0,0
1784546926896,3,700,500,1784546871496,0,0,0,0
1784546926896,4,400,673.205,1784546871496,0,0,0,0
1784546926896,5,400,326.795,1784546871496,0,0,0,0
1784546926996,2,500,500,1784546871496,0,0,0,0
1784546926996,3,700,500,1784546871496,0,0,0,0
1784546926996,4,400,673.205,1784546871496,0,0,0,0
1784546926996,5,400,326.795,1784546871496,0,0,0,0
1784546927096,2,500,500,1784546871496,0,0,0,0
1784546927096,3,700,500,1784546871496,0,0,0,0
1784546927096,4,400,673.205,1784546871496,0,0,0,0
1784546927096,5,400,326.795,1784546871496,0,0,0,0
1784546927196,2,500,500,1784546871496,0,0,0,0
1784546927196,3,700,500,1784546871496,0,0,0,0
1784546927196,4,400,673.205,1784546871496,0,0,0,0
1784546927196,5,400,326.795,1784546871496,0,0,0,0
1784546927296,2,500,500,1784546871496,0,0,0,0
1784546927296,3,700,500,1784546871496,0,0,0,0
1784546927296,4,400,673.205,1784546871496,0,0,0,0
1784546927296,5,400,326.795,1784546871496,0,0,0,0
1784546927396,2,500,500,1784546871496,0,0,0,0
1784546927396,3,700,500,1784546871496,0,0,0,0
1784546927396,4,400,673.205,1784546871496,0,0,0,0
1784546927396,5,400,326.795,1784546871496,0,0,0,0
1784546927496,2,500,500,1784546871496,0,0,0,0
1784546927496,3,700,500,1784546871496,0,0,0,0
1784546927496,4,400,673.205,1784546871496,0,0,0,0
1784546927496,5,400,326.795,1784546871496,0,0,0,0
1784546927596,2,500,500,1784546871496,0,0,0,0
1784546927596,3,700,500,1784546871496,0,0,0,0
1784546927596,4,400,673.205,1784546871496,0,0,0,0
1784546927596,5,400,326.795,1784546871496,0,0,0,0
1784546927696,2,500,500,1784546871496,0,0,0,0
1784546927696,3,700,500,1784546871496,0,0,0,0
1784546927696,4,400,673.205,1784546871496,0,0,0,0
1784546927696,5,400,326.795,1784546871496,0,0,0,0
1784546927796,2,500,500,1784546871496,0,0,0,0
1784546927796,3,700,500,1784546871496,0,0,0,0
1784546927796,4,400,673.205,1784546871496,0,0,0,0
1784546927796,5,400,326.795,1784546871496,0,0,0,0
1784546927896,2,500,500,1784546871496,0,0,0,0
1784546927896,3,700,500,1784546871496,0,0,0,0
1784546927896,4,400,673.205,1784546871496,0,0,0,0
1784546927896,5,400,326.795,1784546871496,0,0,0,0
1784546927996,2,500,500,1784546871496,0,0,0,0
1784546927996,3,700,500,1784546871496,0,0,0,0
1784546927996,4,400,673.205,1784546871496,0,0,0,0
1784546927996,5,400,326.795,1784546871496,0,0,0,0
1784546928096,2,500,500,1784546871496,0,0,0,0
1784546928096,3,700,500,1784546871496,0,0,0,0
1784546928096,4,400,673.205,1784546871496,0,0,0,0
1784546928096,5,400,326.795,1784546871496,0,0,0,0
1784546928196,2,500,500,1784546871496,0,0,0,0
1784546928196,3,700,500,1784546871496,0,0,0,0
1784546928196,4,400,673.205,1784546871496,0,0,0,0
1784546928196,5,400,326.795,1784546871496,0,0,0,0
1784546928296,2,500,500,1784546871496,0,0,0,0
1784546928296,3,700,500,1784546871496,0,0,0,0
1784546928296,4,400,673.205,1784546871496,0,0,0,0
1784546928296,5,400,326.795,1784546871496,0,0,0,0
1784546928396,2,500,500,1784546871496,0,0,0,0
1784546928396,3,700,500,1784546871496,0,0,0,0
1784546928396,4,400,673.205,1784546871496,0,0,0,0
1784546928396,5,400,326.795,1784546871496,0,0,0,0
1784546928496,2,500,500,1784546871496,0,0,0,0
1784546928496,3,700,500,1784546871496,0,0,0,0
1784546928496,4,400,673.205,1784546871496,0,0,0,0
1784546928496,5,400,326.795,1784546871496,0,0,0,0
1784546928596,2,500,500,1784546871496,0,0,0,0
1784546928596,3,700,500,1784546871496,0,0,0,0
1784546928596,4,400,673.205,1784546871496,0,0,0,0
1784546928596,5,400,326.795,1784546871496,0,0,0,0
1784546928696,2,500,500,1784546871496,0,0,0,0
1784546928696,3,700,500,1784546871496,0,0,0,0
1784546928696,4,400,673.205,1784546871496,0,0,0,0
1784546928696,5,400,326.795,1784546871496,0,0,0,0
1784546928796,2,500,500,1784546871496,0,0,0,0
1784546928796,3,700,500,1784546871496,0,0,0,0
1784546928796,4,400,673.205,1784546871496,0,0,0,0
1784546928796,5,400,326.795,1784546871496,0,0,0,0
1784546928896,2,500,500,1784546871496,0,0,0,0
1784546928896,3,700,500,1784546871496,0,0,0,0
1784546928896,4,400,673.205,1784546871496,0,0,0,0
1784546928896,5,400,326.795,1784546871496,0,0,0,0
1784546928996,2,500,500,1784546871496,0,0,0,0
1784546928996,3,700,500,1784546871496,0,0,0,0
1784546928996,4,400,673.205,1784546871496,0,0,0,0
1784546928996,5,400,326.795,1784546871496,0,0,0,0
1784546929096,2,500,500,1784546871496,0,0,0,0
1784546929096,3,700,500,1784546871496,0,0,0,0
1784546929096,4,400,673.205,1784546871496,0,0,0,0
1784546929096,5,400,326.795,1784546871496,0,0,0,0
1784546929196,2,500,500,1784546871496,0,0,0,0
1784546929196,3,700,500,1784546871496,0,0,0,0
1784546929196,4,400,673.205,1784546871496,0,0,0,0
1784546929196,5,400,326.795,1784546871496,0,0,0,0
1784546929296,2,500,500,1784546871496,0,0,0,0
1784546929296,3,700,500,1784546871496,0,0,0,0
1784546929296,4,400,673.205,1784546871496,0,0,0,0
1784546929296,5,400,326.795,1784546871496,0,0,0,0
1784546929396,2,500,500,1784546871496,0,0,0,0
1784546929396,3,700,500,1784546871496,0,0,0,0
1784546929396,4,400,673.205,1784546871496,0,0,0,0
1784546929396,5,400,326.795,1784546871496,0,0,0,0
1784546929496,2,500,500,1784546871496,0,0,0,0
1784546929496,3,700,500,1784546871496,0,0,0,0
1784546929496,4,400,673.205,1784546871496,0,0,0,0
1784546929496,5,400,326.795,1784546871496,0,0,0,0
1784546929596,2,500,500,1784546871496,0,0,0,0
1784546929596,3,700,500,1784546871496,0,0,0,0
1784546929596,4,400,673.205,1784546871496,0,0,0,0
1784546929596,5,400,326.795,1784546871496,0,0,0,0
1784546929696,2,500,500,1784546871496,0,0,0,0
1784546929696,3,700,500,1784546871496,0,0,0,0
1784546929696,4,400,673.205,1784546871496,0,0,0,0
1784546929696,5,400,326.795,1784546871496,0,0,0,0
1784546929796,2,500,500,1784546871496,0,0,0,0
1784546929796,3,700,500,1784546871496,0,0,0,0
1784546929796,4,400,673.205,1784546871496,0,0,0,0
1784546929796,5,400,326.795,1784546871496,0,0,0,0
1784546929896,2,500,500,1784546871496,0,0,0,0
1784546929896,3,700,500,1784546871496,0,0,0,0
1784546929896,4,400,673.205,1784546871496,0,0,0,0
1784546929896,5,400,326.795,1784546871496,0,0,0,0
1784546929996,2,500,500,1784546871496,0,0,0,0
1784546929996,3,700,500,1784546871496,0,0,0,0
1784546929996,4,400,673.205,1784546871496,0,0,0,0
1784546929996,5,400,326.795,1784546871496,0,0,0,0
1784546930096,2,500,500,1784546871496,0,0,0,0
1784546930096,3,700,500,1784546871496,0,0,0,0
1784546930096,4,400,673.205,1784546871496,0,0,0,0
1784546930096,5,400,326.795,1784546871496,0,0,0,0
1784546930196,2,500,500,1784546871496,0,0,0,0
1784546930196,3,700,500,1784546871496,0,0,0,0
1784546930196,4,400,673.205,1784546871496,0,0,0,0
1784546930196,5,400,326.795,1784546871496,0,0,0,0
1784546930296,2,500,500,1784546871496,0,0,0,0
1784546930296,3,700,500,1784546871496,0,0,0,0
1784546930296,4,400,673.205,1784546871496,0,0,0,0
1784546930296,5,400,326.795,1784546871496,0,0,0,0
1784546930396,2,500,500,1784546871496,0,0,0,0
1784546930396,3,700,500,1784546871496,0,0,0,0
1784546930396,4,400,673.205,1784546871496,0,0,0,0
1784546930396,5,400,326.795,1784546871496,0,0,0,0
1784546930496,2,500,500,1784546871496,0,0,0,0
1784546930496,3,700,500,1784546871496,0,0,0,0
1784546930496,4,400,673.205,1784546871496,0,0,0,0
1784546930496,5,400,326.795,1784546871496,0,0,0,0
1784546930596,2,500,500,1784546871496,0,0,0,0
1784546930596,3,700,500,1784546871496,0,0,0,0
1784546930596,4,400,673.205,1784546871496,0,0,0,0
1784546930596,5,400,326.795,1784546871496,0,0,0,0
1784546930696,2,500,500,1784546871496,0,0,0,0
1784546930696,3,700,500,1784546871496,0,0,0,0
1784546930696,4,400,673.205,1784546871496,0,0,0,0
1784546930696,5,400,326.795,1784546871496,0,0,0,0
1784546930796,2,500,500,1784546871496,0,0,0,0
1784546930796,3,700,500,1784546871496,0,0,0,0
1784546930796,4,400,673.205,1784546871496,0,0,0,0
1784546930796,5,400,326.795,1784546871496,0,0,0,0
1784546930896,2,500,500,1784546871496,0,0,0,0
1784546930896,3,700,500,1784546871496,0,0,0,0
1784546930896,4,400,673.205,1784546871496,0,0,0,0
1784546930896,5,400,326.795,1784546871496,0,0,0,0
1784546930996,2,500,500,1784546871496,0,0,0,0
1784546930996,3,700,500,1784546871496,0,0,0,0
1784546930996,4,400,673.205,1784546871496,0,0,0,0
1784546930996,5,400,326.795,1784546871496,0,0,0,0
1784546931096,2,500,500,1784546871496,0,0,0,0
1784546931096,3,700,500,1784546871496,0,0,0,0
1784546931096,4,400,673.205,1784546871496,0,0,0,0
1784546931096,5,400,326.795,1784546871496,0,0,0,0
1784546931196,2,500,500,1784546871496,0,0,0,0
1784546931196,3,700,500,1784546871496,0,0,0,0
1784546931196,4,400,673.205,1784546871496,0,0,0,0
1784546931196,5,400,326.795,1784546871496,0,0,0,0
1784546931296,2,500,500,1784546871496,0,0,0,0
1784546931296,3,700,500,1784546871496,0,0,0,0
1784546931296,4,400,673.205,1784546871496,0,0,0,0
1784546931296,5,400,326.795,1784546871496,0,0,0,0
1784546931396,2,500,500,1784546871496,0,0,0,0
1784546931396,3,700,500,1784546871496,0,0,0,0
1784546931396,4,400,673.205,1784546871496,0,0,0,0
1784546931396,5,400,326.795,1784546871496,0,0,0,0
1784546931496,2,500,500,1784546871496,0,0,0,0
1784546931496,3,700,500,1784546871496,0,0,0,0
1784546931496,4,400,673.205,1784546871496,0,0,0,0
1784546931496,5,400,326.795,1784546871496,0,0,0,0
1784546931596,2,500,500,1784546871496,0,0,0,0
1784546931596,3,700,500,1784546871496,0,0,0,0
1784546931596,4,400,673.205,1784546871496,0,0,0,0
1784546931596,5,400,326.795,1784546871496,0,0,0,0
1784546931696,2,500,500,1784546871496,0,0,0,0
1784546931696,3,700,500,1784546871496,0,0,0,0
1784546931696,4,400,673.205,1784546871496,0,0,0,0
1784546931696,5,400,326.795,1784546871496,0,0,0,0
1784546931796,2,500,500,1784546871496,0,0,0,0
1784546931796,3,700,500,1784546871496,0,0,0,0
1784546931796,4,400,673.205,1784546871496,0,0,0,0
1784546931796,5,400,326.795,1784546871496,0,0,0,0
1784546931896,2,500,500,1784546871496,0,0,0,0
1784546931896,3,700,500,1784546871496,0,0,0,0
1784546931896,4,400,673.205,1784546871496,0,0,0,0
1784546931896,5,400,326.795,1784546871496,0,0,0,0
1784546931996,2,500,500,1784546871496,0,0,0,0
1784546931996,3,700,500,1784546871496,0,0,0,0
1784546931996,4,400,673.205,1784546871496,0,0,0,0
1784546931996,5,400,326.795,1784546871496,0,0,0,0
1784546932096,2,500,500,1784546871496,0,0,0,0
1784546932096,3,700,500,1784546871496,0,0,0,0
1784546932096,4,400,673.205,1784546871496,0,0,0,0
1784546932096,5,400,326.795,1784546871496,0,0,0,0
1784546932196,2,500,500,1784546871496,0,0,0,0
1784546932196,3,700,500,1784546871496,0,0,0,0
1784546932196,4,400,673.205,1784546871496,0,0,0,0
1784546932196,5,400,326.795,1784546871496,0,0,0,0
1784546932296,2,500,500,1784546871496,0,0,0,0
1784546932296,3,700,500,1784546871496,0,0,0,0
1784546932296,4,400,673.205,1784546871496,0,0,0,0
1784546932296,5,400,326.795,1784546871496,0,0,0,0
1784546932396,2,500,500,1784546871496,0,0,0,0
1784546932396,3,700,500,1784546871496,0,0,0,0
1784546932396,4,400,673.205,1784546871496,0,0,0,0
1784546932396,5,400,326.795,1784546871496,0,0,0,0
1784546932496,2,500,500,1784546871496,0,0,0,0
1784546932496,3,700,500,1784546871496,0,0,0,0
1784546932496,4,400,673.205,1784546871496,0,0,0,0
1784546932496,5,400,326.795,1784546871496,0,0,0,0
1784546932596,2,500,500,1784546871496,0,0,0,0
1784546932596,3,700,500,1784546871496,0,0,0,0
1784546932596,4,400,673.205,1784546871496,0,0,0,0
1784546932596,5,400,326.795,1784546871496,0,0,0,0
1784546932696,2,500,500,1784546871496,0,0,0,0
1784546932696,3,700,500,1784546871496,0,0,0,0
1784546932696,4,400,673.205,1784546871496,0,0,0,0
1784546932696,5,400,326.795,1784546871496,0,0,0,0
1784546932796,2,500,500,1784546871496,0,0,0,0
1784546932796,3,700,500,1784546871496,0,0,0,0
1784546932796,4,400,673.205,1784546871496,0,0,0,0
1784546932796,5,400,326.795,1784546871496,0,0,0,0
1784546932896,2,500,500,1784546871496,0,0,0,0
1784546932896,3,700,500,1784546871496,0,0,0,0
1784546932896,4,400,673.205,1784546871496,0,0,0,0
1784546932896,5,400,326.795,1784546871496,0,0,0,0
1784546932996,2,500,500,1784546871496,0,0,0,0
1784546932996,3,700,500,1784546871496,0,0,0,0
1784546932996,4,400,673.205,1784546871496,0,0,0,0
1784546932996,5,400,326.795,1784546871496,0,0,0,0
1784546933096,2,500,500,1784546871496,0,0,0,0
1784546933096,3,700,500,1784546871496,0,0,0,0
1784546933096,4,400,673.205,1784546871496,0,0,0,0
1784546933096,5,400,326.795,1784546871496,0,0,0,0
1784546933196,2,500,500,1784546871496,0,0,0,0
1784546933196,3,700,500,1784546871496,0,0,0,0
1784546933196,4,400,673.205,1784546871496,0,0,0,0
1784546933196,5,400,326.795,1784546871496,0,0,0,0
1784546933296,2,500,500,1784546871496,0,0,0,0
1784546933296,3,700,500,1784546871496,0,0,0,0
1784546933296,4,400,673.205,1784546871496,0,0,0,0
1784546933296,5,400,326.795,1784546871496,0,0,0,0
1784546933396,2,500,500,1784546871496,0,0,0,0
1784546933396,3,700,500,1784546871496,0,0,0,0
1784546933396,4,400,673.205,1784546871496,0,0,0,0
1784546933396,5,400,326.795,1784546871496,0,0,0,0
1784546933496,2,500,500,1784546871496,0,0,0,0
1784546933496,3,700,500,1784546871496,0,0,0,0
1784546933496,4,400,673.205,1784546871496,0,0,0,0
1784546933496,5,400,326.795,1784546871496,0,0,0,0
1784546933596,2,500,500,1784546871496,0,0,0,0
1784546933596,3,700,500,1784546871496,0,0,0,0
1784546933596,4,400,673.205,1784546871496,0,0,0,0
1784546933596,5,400,326.795,1784546871496,0,0,0,0
1784546933696,2,500,500,1784546871496,0,0,0,0
1784546933696,3,700,500,1784546871496,0,0,0,0
1784546933696,4,400,673.205,1784546871496,0,0,0,0
1784546933696,5,400,326.795,1784546871496,0,0,0,0
1784546933796,2,500,500,1784546871496,0,0,0,0
1784546933796,3,700,500,1784546871496,0,0,0,0
1784546933796,4,400,673.205,1784546871496,0,0,0,0
1784546933796,5,400,326.795,1784546871496,0,0,0,0
1784546933896,2,500,500,1784546871496,0,0,0,0
1784546933896,3,700,500,1784546871496,0,0,0,0
1784546933896,4,400,673.205,1784546871496,0,0,0,0
1784546933896,5,400,326.795,1784546871496,0,0,0,0
1784546933996,2,500,500,1784546871496,0,0,0,0
1784546933996,3,700,500,1784546871496,0,0,0,0
1784546933996,4,400,673.205,1784546871496,0,0,0,0
1784546933996,5,400,326.795,1784546871496,0,0,0,0
1784546934096,2,500,500,1784546871496,0,0,0,0
1784546934096,3,700,500,1784546871496,0,0,0,0
1784546934096,4,400,673.205,1784546871496,0,0,0,0
1784546934096,5,400,326.795,1784546871496,0,0,0,0
1784546934196,2,500,500,1784546871496,0,0,0,0
1784546934196,3,700,500,1784546871496,0,0,0,0
1784546934196,4,400,673.205,1784546871496,0,0,0,0
1784546934196,5,400,326.795,1784546871496,0,0,0,0
1784546934296,2,500,500,1784546871496,0,0,0,0
1784546934296,3,700,500,1784546871496,0,0,0,0
1784546934296,4,400,673.205,1784546871496,0,0,0,0
1784546934296,5,400,326.795,1784546871496,0,0,0,0
1784546934396,2,500,500,1784546871496,0,0,0,0
1784546934396,3,700,500,1784546871496,0,0,0,0
1784546934396,4,400,673.205,1784546871496,0,0,0,0
1784546934396,5,400,326.795,1784546871496,0,0,0,0
1784546934496,2,500,500,1784546871496,0,0,0,0
1784546934496,3,700,500,1784546871496,0,0,0,0
1784546934496,4,400,673.205,1784546871496,0,0,0,0
1784546934496,5,400,326.795,1784546871496,0,0,0,0
1784546934596,2,500,500,1784546871496,0,0,0,0
1784546934596,3,700,500,1784546871496,0,0,0,0
1784546934596,4,400,673.205,1784546871496,0,0,0,0
1784546934596,5,400,326.795,1784546871496,0,0,0,0
1784546934696,2,500,500,1784546871496,0,0,0,0
1784546934696,3,700,500,1784546871496,0,0,0,0
1784546934696,4,400,673.205,1784546871496,0,0,0,0
1784546934696,5,400,326.795,1784546871496,0,0,0,0
1784546934796,2,500,500,1784546871496,0,0,0,0
1784546934796,3,700,500,1784546871496,0,0,0,0
1784546934796,4,400,673.205,1784546871496,0,0,0,0
1784546934796,5,400,326.795,1784546871496,0,0,0,0
1784546934896,2,500,500,1784546871496,0,0,0,0
1784546934896,3,700,500,1784546871496,0,0,0,0
1784546934896,4,400,673.205,1784546871496,0,0,0,0
1784546934896,5,400,326.795,1784546871496,0,0,0,0
1784546934996,2,500,500,1784546871496,0,0,0,0
1784546934996,3,700,500,1784546871496,0,0,0,0
1784546934996,4,400,673.205,1784546871496,0,0,0,0
1784546934996,5,400,326.795,1784546871496,0,0,0,0
1784546935096,2,500,500,1784546871496,0,0,0,0
1784546935096,3,700,500,1784546871496,0,0,0,0
1784546935096,4,400,673.205,1784546871496,0,0,0,0
1784546935096,5,400,326.795,1784546871496,0,0,0,0
1784546935196,2,500,500,1784546871496,0,0,0,0
1784546935196,3,700,500,1784546871496,0,0,0,0
1784546935196,4,400,673.205,1784546871496,0,0,0,0
1784546935196,5,400,326.795,1784546871496,0,0,0,0
1784546935296,2,500,500,1784546871496,0,0,0,0
1784546935296,3,700,500,1784546871496,0,0,0,0
1784546935296,4,400,673.205,1784546871496,0,0,0,0
1784546935296,5,400,326.795,1784546871496,0,0,0,0
1784546935396,2,500,500,1784546871496,0,0,0,0
1784546935396,3,700,500,1784546871496,0,0,0,0
1784546935396,4,400,673.205,1784546871496,0,0,0,0
1784546935396,5,400,326.795,1784546871496,0,0,0,0
1784546935496,2,500,500,1784546871496,0,0,0,0
1784546935496,3,700,500,1784546871496,0,0,0,0
1784546935496,4,400,673.205,1784546871496,0,0,0,0
1784546935496,5,400,326.795,1784546871496,0,0,0,0
1784546935596,2,500,500,1784546871496,0,0,0,0
1784546935596,3,700,500,1784546871496,0,0,0,0
1784546935596,4,400,673.205,1784546871496,0,0,0,0
1784546935596,5,400,326.795,1784546871496,0,0,0,0
1784546935696,2,500,500,1784546871496,0,0,0,0
1784546935696,3,700,500,1784546871496,0,0,0,0
1784546935696,4,400,673.205,1784546871496,0,0,0,0
1784546935696,5,400,326.795,1784546871496,0,0,0,0
1784546935796,2,500,500,1784546871496,0,0,0,0
1784546935796,3,700,500,1784546871496,0,0,0,0
1784546935796,4,400,673.205,1784546871496,0,0,0,0
1784546935796,5,400,326.795,1784546871496,0,0,0,0
1784546935896,2,500,500,1784546871496,0,0,0,0
1784546935896,3,700,500,1784546871496,0,0,0,0
1784546935896,4,400,673.205,1784546871496,0,0,0,0
1784546935896,5,400,326.795,1784546871496,0,0,0,0
1784546935996,2,500,500,1784546871496,0,0,0,0
1784546935996,3,700,500,1784546871496,0,0,0,0
1784546935996,4,400,673.205,1784546871496,0,0,0,0
1784546935996,5,400,326.795,1784546871496,0,0,0,0
1784546936096,2,500,500,1784546871496,0,0,0,0
1784546936096,3,700,500,1784546871496,0,0,0,0
1784546936096,4,400,673.205,1784546871496,0,0,0,0
1784546936096,5,400,326.795,1784546871496,0,0,0,0
1784546936196,2,500,500,1784546871496,0,0,0,0
1784546936196,3,700,500,1784546871496,0,0,0,0
1784546936196,4,400,673.205,1784546871496,0,0,0,0
1784546936196,5,400,326.795,1784546871496,0,0,0,0
1784546936296,2,500,500,1784546871496,0,0,0,0
1784546936296,3,700,500,1784546871496,0,0,0,0
1784546936296,4,400,673.205,1784546871496,0,0,0,0
1784546936296,5,400,326.795,1784546871496,0,0,0,0
1784546936396,2,500,500,1784546871496,0,0,0,0
1784546936396,3,700,500,1784546871496,0,0,0,0
1784546936396,4,400,673.205,1784546871496,0,0,0,0
1784546936396,5,400,326.795,1784546871496,0,0,0,0
1784546936496,2,500,500,1784546871496,0,0,0,0
1784546936496,3,700,500,1784546871496,0,0,0,0
1784546936496,4,400,673.205,1784546871496,0,0,0,0
1784546936496,5,400,326.795,1784546871496,0,0,0,0
1784546936596,2,500,500,1784546871496,0,0,0,0
1784546936596,3,700,500,1784546871496,0,0,0,0
1784546936596,4,400,673.205,1784546871496,0,0,0,0
1784546936596,5,400,326.795,1784546871496,0,0,0,0
1784546936696,2,500,500,1784546871496,0,0,0,0
1784546936696,3,700,500,1784546871496,0,0,0,0
1784546936696,4,400,673.205,1784546871496,0,0,0,0
1784546936696,5,400,326.795,1784546871496,0,0,0,0
1784546936796,2,500,500,1784546871496,0,0,0,0
1784546936796,3,700,500,1784546871496,0,0,0,0
1784546936796,4,400,673.205,1784546871496,0,0,0,0
1784546936796,5,400,326.795,1784546871496,0,0,0,0
1784546936896,2,500,500,1784546871496,0,0,0,0
1784546936896,3,700,500,1784546871496,0,0,0,0
1784546936896,4,400,673.205,1784546871496,0,0,0,0
1784546936896,5,400,326.795,1784546871496,0,0,0,0
1784546936996,2,500,500,1784546871496,0,0,0,0
1784546936996,3,700,500,1784546871496,0,0,0,0
1784546936996,4,400,673.205,1784546871496,0,0,0,0
1784546936996,5,400,326.795,1784546871496,0,0,0,0
1784546937096,2,500,500,1784546871496,0,0,0,0
1784546937096,3,700,500,1784546871496,0,0,0,0
1784546937096,4,400,673.205,1784546871496,0,0,0,0
1784546937096,5,400,326.795,1784546871496,0,0,0,0
1784546937196,2,500,500,1784546871496,0,0,0,0
1784546937196,3,700,500,1784546871496,0,0,0,0
1784546937196,4,400,673.205,1784546871496,0,0,0,0
1784546937196,5,400,326.795,1784546871496,0,0,0,0
1784546937296,2,500,500,1784546871496,0,0,0,0
1784546937296,3,700,500,1784546871496,0,0,0,0
1784546937296,4,400,673.205,1784546871496,0,0,0,0
1784546937296,5,400,326.795,1784546871496,0,0,0,0
1784546937396,2,500,500,1784546871496,0,0,0,0
1784546937396,3,700,500,1784546871496,0,0,0,0
1784546937396,4,400,673.205,1784546871496,0,0,0,0
1784546937396,5,400,326.795,1784546871496,0,0,0,0
1784546937496,2,500,500,1784546871496,0,0,0,0
1784546937496,3,700,500,1784546871496,0,0,0,0
1784546937496,4,400,673.205,1784546871496,0,0,0,0
1784546937496,5,400,326.795,1784546871496,0,0,0,0
1784546937596,2,500,500,1784546871496,0,0,0,0
1784546937596,3,700,500,1784546871496,0,0,0,0
1784546937596,4,400,673.205,1784546871496,0,0,0,0
1784546937596,5,400,326.795,1784546871496,0,0,0,0
1784546937696,2,500,500,1784546871496,0,0,0,0
1784546937696,3,700,500,1784546871496,0,0,0,0
1784546937696,4,400,673.205,1784546871496,0,0,0,0
1784546937696,5,400,326.795,1784546871496,0,0,0,0
1784546937796,2,500,500,1784546871496,0,0,0,0
1784546937796,3,700,500,1784546871496,0,0,0,0
1784546937796,4,400,673.205,1784546871496,0,0,0,0
1784546937796,5,400,326.795,1784546871496,0,0,0,0
1784546937896,2,500,500,1784546871496,0,0,0,0
1784546937896,3,700,500,1784546871496,0,0,0,0
1784546937896,4,400,673.205,1784546871496,0,0,0,0
1784546937896,5,400,326.795,1784546871496,0,0,0,0
1784546937996,2,500,500,1784546871496,0,0,0,0
1784546937996,3,700,500,1784546871496,0,0,0,0
1784546937996,4,400,673.205,1784546871496,0,0,0,0
1784546937996,5,400,326.795,1784546871496,0,0,0,0
1784546938096,2,500,500,1784546871496,0,0,0,0
1784546938096,3,700,500,1784546871496,0,0,0,0
1784546938096,4,400,673.205,1784546871496,0,0,0,0
1784546938096,5,400,326.795,1784546871496,0,0,0,0
1784546938196,2,500,500,1784546871496,0,0,0,0
1784546938196,3,700,500,1784546871496,0,0,0,0
1784546938196,4,400,673.205,1784546871496,0,0,0,0
1784546938196,5,400,326.795,1784546871496,0,0,0,0
1784546938296,2,500,500,1784546871496,0,0,0,0
1784546938296,3,700,500,1784546871496,0,0,0,0
1784546938296,4,400,673.205,1784546871496,0,0,0,0
1784546938296,5,400,326.795,1784546871496,0,0,0,0
1784546938396,2,500,500,1784546871496,0,0,0,0
1784546938396,3,700,500,1784546871496,0,0,0,0
1784546938396,4,400,673.205,1784546871496,0,0,0,0
1784546938396,5,400,326.795,1784546871496,0,0,0,0
1784546938496,2,500,500,1784546871496,0,0,0,0
1784546938496,3,700,500,1784546871496,0,0,0,0
1784546938496,4,400,673.205,1784546871496,0,0,0,0
1784546938496,5,400,326.795,1784546871496,0,0,0,0
1784546938596,2,500,500,1784546871496,0,0,0,0
1784546938596,3,700,500,1784546871496,0,0,0,0
1784546938596,4,400,673.205,1784546871496,0,0,0,0
1784546938596,5,400,326.795,1784546871496,0,0,0,0
1784546938696,2,500,500,1784546871496,0,0,0,0
1784546938696,3,700,500,1784546871496,0,0,0,0
1784546938696,4,400,673.205,1784546871496,0,0,0,0
1784546938696,5,400,326.795,1784546871496,0,0,0,0
1784546938796,2,500,500,1784546871496,0,0,0,0
1784546938796,3,700,500,1784546871496,0,0,0,0
1784546938796,4,400,673.205,1784546871496,0,0,0,0
1784546938796,5,400,326.795,1784546871496,0,0,0,0
1784546938896,2,500,500,1784546871496,0,0,0,0
1784546938896,3,700,500,1784546871496,0,0,0,0
1784546938896,4,400,673.205,1784546871496,0,0,0,0
1784546938896,5,400,326.795,1784546871496,0,0,0,0
1784546938996,2,500,500,1784546871496,0,0,0,0
1784546938996,3,700,500,1784546871496,0,0,0,0
1784546938996,4,400,673.205,1784546871496,0,0,0,0
1784546938996,5,400,326.795,1784546871496,0,0,0,0
1784546939096,2,500,500,1784546871496,0,0,0,0
1784546939096,3,700,500,1784546871496,0,0,0,0
1784546939096,4,400,673.205,1784546871496,0,0,0,0
1784546939096,5,400,326.795,1784546871496,0,0,0,0
1784546939196,2,500,500,1784546871496,0,0,0,0
1784546939196,3,700,500,1784546871496,0,0,0,0
1784546939196,4,400,673.205,1784546871496,0,0,0,0
1784546939196,5,400,326.795,1784546871496,0,0,0,0
1784546939296,2,500,500,1784546871496,0,0,0,0
1784546939296,3,700,500,1784546871496,0,0,0,0
1784546939296,4,400,673.205,1784546871496,0,0,0,0
1784546939296,5,400,326.795,1784546871496,0,0,0,0
1784546939396,2,500,500,1784546871496,0,0,0,0
1784546939396,3,700,500,1784546871496,0,0,0,0
1784546939396,4,400,673.205,1784546871496,0,0,0,0
1784546939396,5,400,326.795,1784546871496,0,0,0,0
1784546939496,2,500,500,1784546871496,0,0,0,0
1784546939496,3,700,500,1784546871496,0,0,0,0
1784546939496,4,400,673.205,1784546871496,0,0,0,0
1784546939496,5,400,326.795,1784546871496,0,0,0,0
1784546939596,2,500,500,1784546871496,0,0,0,0
1784546939596,3,700,500,1784546871496,0,0,0,0
1784546939596,4,400,673.205,1784546871496,0,0,0,0
1784546939596,5,400,326.795,1784546871496,0,0,0,0
1784546939696,2,500,500,1784546871496,0,0,0,0
1784546939696,3,700,500,1784546871496,0,0,0,0
1784546939696,4,400,673.205,1784546871496,0,0,0,0
1784546939696,5,400,326.795,1784546871496,0,0,0,0
1784546939796,2,500,500,1784546871496,0,0,0,0
1784546939796,3,700,500,1784546871496,0,0,0,0
1784546939796,4,400,673.205,1784546871496,0,0,0,0
1784546939796,5,400,326.795,1784546871496,0,0,0,0
1784546939896,2,500,500,1784546871496,0,0,0,0
1784546939896,3,700,500,1784546871496,0,0,0,0
1784546939896,4,400,673.205,1784546871496,0,0,0,0
1784546939896,5,400,326.795,1784546871496,0,0,0,0
1784546939996,2,500,500,1784546871496,0,0,0,0
1784546939996,3,700,500,1784546871496,0,0,0,0
1784546939996,4,400,673.205,1784546871496,0,0,0,0
1784546939996,5,400,326.795,1784546871496,0,0,0,0
1784546940096,2,500,500,1784546871496,0,0,0,0
1784546940096,3,700,500,1784546871496,0,0,0,0
1784546940096,4,400,673.205,1784546871496,0,0,0,0
1784546940096,5,400,326.795,1784546871496,0,0,0,0
1784546940196,2,500,500,1784546871496,0,0,0,0
1784546940196,3,700,500,1784546871496,0,0,0,0
1784546940196,4,400,673.205,1784546871496,0,0,0,0
1784546940196,5,400,326.795,1784546871496,0,0,0,0
1784546940296,2,500,500,1784546871496,0,0,0,0
1784546940296,3,700,500,1784546871496,0,0,0,0
1784546940296,4,400,673.205,1784546871496,0,0,0,0
1784546940296,5,400,326.795,1784546871496,0,0,0,0
1784546940396,2,500,500,1784546871496,0,0,0,0
1784546940396,3,700,500,1784546871496,0,0,0,0
1784546940396,4,400,673.205,1784546871496,0,0,0,0
1784546940396,5,400,326.795,1784546871496,0,0,0,0
1784546940496,2,500,500,1784546871496,0,0,0,0
1784546940496,3,700,500,1784546871496,0,0,0,0
1784546940496,4,400,673.205,1784546871496,0,0,0,0
1784546940496,5,400,326.795,1784546871496,0,0,0,0
1784546940596,2,500,500,1784546871496,0,0,0,0
1784546940596,3,700,500,1784546871496,0,0,0,0
1784546940596,4,400,673.205,1784546871496,0,0,0,0
1784546940596,5,400,326.795,1784546871496,0,0,0,0
1784546940696,2,500,500,1784546871496,0,0,0,0
1784546940696,3,700,500,1784546871496,0,0,0,0
1784546940696,4,400,673.205,1784546871496,0,0,0,0
1784546940696,5,400,326.795,1784546871496,0,0,0,0
1784546940796,2,500,500,1784546871496,0,0,0,0
1784546940796,3,700,500,1784546871496,0,0,0,0
1784546940796,4,400,673.205,1784546871496,0,0,0,0
1784546940796,5,400,326.795,1784546871496,0,0,0,0
1784546940896,2,500,500,1784546871496,0,0,0,0
1784546940896,3,700,500,1784546871496,0,0,0,0
1784546940896,4,400,673.205,1784546871496,0,0,0,0
1784546940896,5,400,326.795,1784546871496,0,0,0,0
1784546940996,2,500,500,1784546871496,0,0,0,0
1784546940996,3,700,500,1784546871496,0,0,0,0
1784546940996,4,400,673.205,1784546871496,0,0,0,0
1784546940996,5,400,326.795,1784546871496,0,0,0,0
1784546941096,2,500,500,1784546871496,0,0,0,0
1784546941096,3,700,500,1784546871496,0,0,0,0
1784546941096,4,400,673.205,1784546871496,0,0,0,0
1784546941096,5,400,326.795,1784546871496,0,0,0,0
1784546941196,2,500,500,1784546871496,0,0,0,0
1784546941196,3,700,500,1784546871496,0,0,0,0
1784546941196,4,400,673.205,1784546871496,0,0,0,0
1784546941196,5,400,326.795,1784546871496,0,0,0,0
1784546941296,2,500,500,1784546871496,0,0,0,0
1784546941296,3,700,500,1784546871496,0,0,0,0
1784546941296,4,400,673.205,1784546871496,0,0,0,0
1784546941296,5,400,326.795,1784546871496,0,0,0,0
1784546941396,2,500,500,1784546871496,0,0,0,0
1784546941396,3,700,500,1784546871496,0,0,0,0
1784546941396,4,400,673.205,1784546871496,0,0,0,0
1784546941396,5,400,326.795,1784546871496,0,0,0,0
1784546941496,2,500,500,1784546871496,0,0,0,0
1784546941496,3,700,500,1784546871496,0,0,0,0
1784546941496,4,400,673.205,1784546871496,0,0,0,0
1784546941496,5,400,326.795,1784546871496,0,0,0,0
1784546941596,2,500,500,1784546871496,0,0,0,0
1784546941596,3,700,500,1784546871496,0,0,0,0
1784546941596,4,400,673.205,1784546871496,0,0,0,0
1784546941596,5,400,326.795,1784546871496,0,0,0,0
1784546941696,2,500,500,1784546871496,0,0,0,0
1784546941696,3,700,500,1784546871496,0,0,0,0
1784546941696,4,400,673.205,1784546871496,0,0,0,0
1784546941696,5,400,326.795,1784546871496,0,0,0,0
1784546941796,2,500,500,1784546871496,0,0,0,0
1784546941796,3,700,500,1784546871496,0,0,0,0
1784546941796,4,400,673.205,1784546871496,0,0,0,0
1784546941796,5,400,326.795,1784546871496,0,0,0,0
1784546941896,2,500,500,1784546871496,0,0,0,0
1784546941896,3,700,500,1784546871496,0,0,0,0
1784546941896,4,400,673.205,1784546871496,0,0,0,0
1784546941896,5,400,326.795,1784546871496,0,0,0,0
1784546941996,2,500,500,1784546871496,0,0,0,0
1784546941996,3,700,500,1784546871496,0,0,0,0
1784546941996,4,400,673.205,1784546871496,0,0,0,0
1784546941996,5,400,326.795,1784546871496,0,0,0,0
1784546942096,2,500,500,1784546871496,0,0,0,0
1784546942096,3,700,500,1784546871496,0,0,0,0
1784546942096,4,400,673.205,1784546871496,0,0,0,0
1784546942096,5,400,326.795,1784546871496,0,0,0,0
1784546942196,2,500,500,1784546871496,0,0,0,0
1784546942196,3,700,500,1784546871496,0,0,0,0
1784546942196,4,400,673.205,1784546871496,0,0,0,0
1784546942196,5,400,326.795,1784546871496,0,0,0,0
1784546942296,2,500,500,1784546871496,0,0,0,0
1784546942296,3,700,500,1784546871496,0,0,0,0
1784546942296,4,400,673.205,1784546871496,0,0,0,0
1784546942296,5,400,326.795,1784546871496,0,0,0,0
1784546942396,2,500,500,1784546871496,0,0,0,0
1784546942396,3,700,500,1784546871496,0,0,0,0
1784546942396,4,400,673.205,1784546871496,0,0,0,0
1784546942396,5,400,326.795,1784546871496,0,0,0,0
1784546942496,2,500,500,1784546871496,0,0,0,0
1784546942496,3,700,500,1784546871496,0,0,0,0
1784546942496,4,400,673.205,1784546871496,0,0,0,0
1784546942496,5,400,326.795,1784546871496,0,0,0,0
1784546942596,2,500,500,1784546871496,0,0,0,0
1784546942596,3,700,500,1784546871496,0,0,0,0
1784546942596,4,400,673.205,1784546871496,0,0,0,0
1784546942596,5,400,326.795,1784546871496,0,0,0,0
1784546942696,2,500,500,1784546871496,0,0,0,0
1784546942696,3,700,500,1784546871496,0,0,0,0
1784546942696,4,400,673.205,1784546871496,0,0,0,0
1784546942696,5,400,326.795,1784546871496,0,0,0,0
1784546942796,2,500,500,1784546871496,0,0,0,0
1784546942796,3,700,500,1784546871496,0,0,0,0
1784546942796,4,400,673.205,1784546871496,0,0,0,0
1784546942796,5,400,326.795,1784546871496,0,0,0,0
1784546942896,2,500,500,1784546871496,0,0,0,0
1784546942896,3,700,500,1784546871496,0,0,0,0
1784546942896,4,400,673.205,1784546871496,0,0,0,0
1784546942896,5,400,326.795,1784546871496,0,0,0,0
1784546942996,2,500,500,1784546871496,0,0,0,0
1784546942996,3,700,500,1784546871496,0,0,0,0
1784546942996,4,400,673.205,1784546871496,0,0,0,0
1784546942996,5,400,326.795,1784546871496,0,0,0,0
1784546943096,2,500,500,1784546871496,0,0,0,0
1784546943096,3,700,500,1784546871496,0,0,0,0
1784546943096,4,400,673.205,1784546871496,0,0,0,0
1784546943096,5,400,326.795,1784546871496,0,0,0,0
1784546943196,2,500,500,1784546871496,0,0,0,0
1784546943196,3,700,500,1784546871496,0,0,0,0
1784546943196,4,400,673.205,1784546871496,0,0,0,0
1784546943196,5,400,326.795,1784546871496,0,0,0,0
1784546943296,2,500,500,1784546871496,0,0,0,0
1784546943296,3,700,500,1784546871496,0,0,0,0
1784546943296,4,400,673.205,1784546871496,0,0,0,0
1784546943296,5,400,326.795,1784546871496,0,0,0,0
1784546943396,2,500,500,1784546871496,0,0,0,0
1784546943396,3,700,500,1784546871496,0,0,0,0
1784546943396,4,400,673.205,1784546871496,0,0,0,0
1784546943396,5,400,326.795,1784546871496,0,0,0,0
1784546943496,2,500,500,1784546871496,0,0,0,0
1784546943496,3,700,500,1784546871496,0,0,0,0
1784546943496,4,400,673.205,1784546871496,0,0,0,0
1784546943496,5,400,326.795,1784546871496,0,0,0,0
1784546943596,2,500,500,1784546871496,0,0,0,0
1784546943596,3,700,500,1784546871496,0,0,0,0
1784546943596,4,400,673.205,1784546871496,0,0,0,0
1784546943596,5,400,326.795,1784546871496,0,0,0,0
1784546943696,2,500,500,1784546871496,0,0,0,0
1784546943696,3,700,500,1784546871496,0,0,0,0
1784546943696,4,400,673.205,1784546871496,0,0,0,0
1784546943696,5,400,326.795,1784546871496,0,0,0,0
1784546943796,2,500,500,1784546871496,0,0,0,0
1784546943796,3,700,500,1784546871496,0,0,0,0
1784546943796,4,400,673.205,1784546871496,0,0,0,0
1784546943796,5,400,326.795,1784546871496,0,0,0,0
1784546943896,2,500,500,1784546871496,0,0,0,0
1784546943896,3,700,500,1784546871496,0,0,0,0
1784546943896,4,400,673.205,1784546871496,0,0,0,0
1784546943896,5,400,326.795,1784546871496,0,0,0,0
1784546943996,2,500,500,1784546871496,0,0,0,0
1784546943996,3,700,500,1784546871496,0,0,0,0
1784546943996,4,400,673.205,1784546871496,0,0,0,0
1784546943996,5,400,326.795,1784546871496,0,0,0,0
1784546944096,2,500,500,1784546871496,0,0,0,0
1784546944096,3,700,500,1784546871496,0,0,0,0
1784546944096,4,400,673.205,1784546871496,0,0,0,0
1784546944096,5,400,326.795,1784546871496,0,0,0,0
1784546944196,2,500,500,1784546871496,0,0,0,0
1784546944196,3,700,500,1784546871496,0,0,0,0
1784546944196,4,400,673.205,1784546871496,0,0,0,0
1784546944196,5,400,326.795,1784546871496,0,0,0,0
1784546944296,2,500,500,1784546871496,0,0,0,0
1784546944296,3,700,500,1784546871496,0,0,0,0
1784546944296,4,400,673.205,1784546871496,0,0,0,0
1784546944296,5,400,326.795,1784546871496,0,0,0,0
1784546944396,2,500,500,1784546871496,0,0,0,0
1784546944396,3,700,500,1784546871496,0,0,0,0
1784546944396,4,400,673.205,1784546871496,0,0,0,0
1784546944396,5,400,326.795,1784546871496,0,0,0,0
1784546944496,2,500,500,1784546871496,0,0,0,0
1784546944496,3,700,500,1784546871496,0,0,0,0
1784546944496,4,400,673.205,1784546871496,0,0,0,0
1784546944496,5,400,326.795,1784546871496,0,0,0,0
1784546944596,2,500,500,1784546871496,0,0,0,0
1784546944596,3,700,500,1784546871496,0,0,0,0
1784546944596,4,400,673.205,1784546871496,0,0,0,0
1784546944596,5,400,326.795,1784546871496,0,0,0,0
1784546944696,2,500,500,1784546871496,0,0,0,0
1784546944696,3,700,500,1784546871496,0,0,0,0
1784546944696,4,400,673.205,1784546871496,0,0,0,0
1784546944696,5,400,326.795,1784546871496,0,0,0,0
1784546944796,2,500,500,1784546871496,0,0,0,0
1784546944796,3,700,500,1784546871496,0,0,0,0
1784546944796,4,400,673.205,1784546871496,0,0,0,0
1784546944796,5,400,326.795,1784546871496,0,0,0,0
1784546944896,2,500,500,1784546871496,0,0,0,0
1784546944896,3,700,500,1784546871496,0,0,0,0
1784546944896,4,400,673.205,1784546871496,0,0,0,0
1784546944896,5,400,326.795,1784546871496,0,0,0,0
1784546944996,2,500,500,1784546871496,0,0,0,0
1784546944996,3,700,500,1784546871496,0,0,0,0
1784546944996,4,400,673.205,1784546871496,0,0,0,0
1784546944996,5,400,326.795,1784546871496,0,0,0,0
1784546945096,2,500,500,1784546871496,0,0,0,0
1784546945096,3,700,500,1784546871496,0,0,0,0
1784546945096,4,400,673.205,1784546871496,0,0,0,0
1784546945096,5,400,326.795,1784546871496,0,0,0,0
1784546945196,2,500,500,1784546871496,0,0,0,0
1784546945196,3,700,500,1784546871496,0,0,0,0
1784546945196,4,400,673.205,1784546871496,0,0,0,0
1784546945196,5,400,326.795,1784546871496,0,0,0,0
1784546945296,2,500,500,1784546871496,0,0,0,0
1784546945296,3,700,500,1784546871496,0,0,0,0
1784546945296,4,400,673.205,1784546871496,0,0,0,0
1784546945296,5,400,326.795,1784546871496,0,0,0,0
1784546945396,2,500,500,1784546871496,0,0,0,0
1784546945396,3,700,500,1784546871496,0,0,0,0
1784546945396,4,400,673.205,1784546871496,0,0,0,0
1784546945396,5,400,326.795,1784546871496,0,0,0,0
1784546945496,2,500,500,1784546871496,0,0,0,0
1784546945496,3,700,500,1784546871496,0,0,0,0
1784546945496,4,400,673.205,1784546871496,0,0,0,0
1784546945496,5,400,326.795,1784546871496,0,0,0,0
1784546945596,2,500,500,1784546871496,0,0,0,0
1784546945596,3,700,500,1784546871496,0,0,0,0
1784546945596,4,400,673.205,1784546871496,0,0,0,0
1784546945596,5,400,326.795,1784546871496,0,0,0,0
1784546945696,2,500,500,1784546871496,0,0,0,0
1784546945696,3,700,500,1784546871496,0,0,0,0
1784546945696,4,400,673.205,1784546871496,0,0,0,0
1784546945696,5,400,326.795,1784546871496,0,0,0,0
1784546945796,2,500,500,1784546871496,0,0,0,0
1784546945796,3,700,500,1784546871496,0,0,0,0
1784546945796,4,400,673.205,1784546871496,0,0,0,0
1784546945796,5,400,326.795,1784546871496,0,0,0,0
1784546945896,2,500,500,1784546871496,0,0,0,0
1784546945896,3,700,500,1784546871496,0,0,0,0
1784546945896,4,400,673.205,1784546871496,0,0,0,0
1784546945896,5,400,326.795,1784546871496,0,0,0,0
1784546945996,2,500,500,1784546871496,0,0,0,0
1784546945996,3,700,500,1784546871496,0,0,0,0
1784546945996,4,400,673.205,1784546871496,0,0,0,0
1784546945996,5,400,326.795,1784546871496,0,0,0,0
1784546946096,2,500,500,1784546871496,0,0,0,0
1784546946096,3,700,500,1784546871496,0,0,0,0
1784546946096,4,400,673.205,1784546871496,0,0,0,0
1784546946096,5,400,326.795,1784546871496,0,0,0,0
1784546946196,2,500,500,1784546871496,0,0,0,0
1784546946196,3,700,500,1784546871496,0,0,0,0
1784546946196,4,400,673.205,1784546871496,0,0,0,0
1784546946196,5,400,326.795,1784546871496,0,0,0,0
1784546946296,2,500,500,1784546871496,0,0,0,0
1784546946296,3,700,500,1784546871496,0,0,0,0
1784546946296,4,400,673.205,1784546871496,0,0,0,0
1784546946296,5,400,326.795,1784546871496,0,0,0,0
1784546946396,2,500,500,1784546871496,0,0,0,0
1784546946396,3,700,500,1784546871496,0,0,0,0
1784546946396,4,400,673.205,1784546871496,0,0,0,0
1784546946396,5,400,326.795,1784546871496,0,0,0,0
1784546946496,2,500,500,1784546871496,0,0,0,0
1784546946496,3,700,500,1784546871496,0,0,0,0
1784546946496,4,400,673.205,1784546871496,0,0,0,0
1784546946496,5,400,326.795,1784546871496,0,0,0,0
1784546946596,2,500,500,1784546871496,0,0,0,0
1784546946596,3,700,500,1784546871496,0,0,0,0
1784546946596,4,400,673.205,1784546871496,0,0,0,0
1784546946596,5,400,326.795,1784546871496,0,0,0,0
1784546946696,2,500,500,1784546871496,0,0,0,0
1784546946696,3,700,500,1784546871496,0,0,0,0
1784546946696,4,400,673.205,1784546871496,0,0,0,0
1784546946696,5,400,326.795,1784546871496,0,0,0,0
1784546946796,2,500,500,1784546871496,0,0,0,0
1784546946796,3,700,500,1784546871496,0,0,0,0
1784546946796,4,400,673.205,1784546871496,0,0,0,0
1784546946796,5,400,326.795,1784546871496,0,0,0,0
1784546946896,2,500,500,1784546871496,0,0,0,0
1784546946896,3,700,500,1784546871496,0,0,0,0
1784546946896,4,400,673.205,1784546871496,0,0,0,0
1784546946896,5,400,326.795,1784546871496,0,0,0,0
1784546946996,2,500,500,1784546871496,0,0,0,0
1784546946996,3,700,500,1784546871496,0,0,0,0
1784546946996,4,400,673.205,1784546871496,0,0,0,0
1784546946996,5,400,326.795,1784546871496,0,0,0,0
1784546947096,2,500,500,1784546871496,0,0,0,0
1784546947096,3,700,500,1784546871496,0,0,0,0
1784546947096,4,400,673.205,1784546871496,0,0,0,0
1784546947096,5,400,326.795,1784546871496,0,0,0,0
1784546947196,2,500,500,1784546871496,0,0,0,0
1784546947196,3,700,500,1784546871496,0,0,0,0
1784546947196,4,400,673.205,1784546871496,0,0,0,0
1784546947196,5,400,326.795,1784546871496,0,0,0,0
1784546947296,2,500,500,1784546871496,0,0,0,0
1784546947296,3,700,500,1784546871496,0,0,0,0
1784546947296,4,400,673.205,1784546871496,0,0,0,0
1784546947296,5,400,326.795,1784546871496,0,0,0,0
1784546947396,2,500,500,1784546871496,0,0,0,0
1784546947396,3,700,500,1784546871496,0,0,0,0
1784546947396,4,400,673.205,1784546871496,0,0,0,0
1784546947396,5,400,326.795,1784546871496,0,0,0,0
1784546947496,2,500,500,1784546871496,0,0,0,0
1784546947496,3,700,500,1784546871496,0,0,0,0
1784546947496,4,400,673.205,1784546871496,0,0,0,0
1784546947496,5,400,326.795,1784546871496,0,0,0,0
1784546947596,2,500,500,1784546871496,0,0,0,0
1784546947596,3,700,500,1784546871496,0,0,0,0
1784546947596,4,400,673.205,1784546871496,0,0,0,0
1784546947596,5,400,326.795,1784546871496,0,0,0,0
1784546947696,2,500,500,1784546871496,0,0,0,0
1784546947696,3,700,500,1784546871496,0,0,0,0
1784546947696,4,400,673.205,1784546871496,0,0,0,0
1784546947696,5,400,326.795,1784546871496,0,0,0,0
