timestamp,id,x,y,type,cell,simid
1784546871496,1,537.09,260.954,mc,0,1784546871496
1784546871496,2,269.897,219.587,mc,0,1784546871496
1784546871496,3,469.762,371.584,mc,0,1784546871496
1784546871496,4,316.581,270.483,mc,0,1784546871496
1784546871496,5,754.82,319.729,mc,0,1784546871496
1784546871496,6,72.3764,371.115,mc,0,1784546871496
1784546871496,7,479.296,709.06,mc,0,1784546871496
1784546871496,8,293.03,500.422,mc,0,1784546871496
1784546871496,9,577.241,716.13,mc,0,1784546871496
1784546871496,10,300.979,491.77,mc,0,1784546871496
1784546871596,1,536.727,260.518,mc,5,1784546871496
1784546871596,2,270.292,219.462,mc,5,1784546871496
1784546871596,3,469.434,371.31,mc,3,1784546871496
1784546871596,4,316.052,270.282,mc,5,1784546871496
1784546871596,5,755.012,320.191,mc,3,1784546871496
1784546871596,6,72.6814,370.861,mc,5,1784546871496
1784546871596,7,479.055,708.869,mc,4,1784546871496
1784546871596,8,293.309,500.654,mc,4,1784546871496
1784546871596,9,577.847,716.1,mc,4,1784546871496
1784546871596,10,301.263,492.187,mc,5,1784546871496
1784546871696,1,536.365,260.083,mc,5,1784546871496
1784546871696,2,270.686,219.336,mc,5,1784546871496
1784546871696,3,469.107,371.037,mc,3,1784546871496
1784546871696,4,315.522,270.08,mc,5,1784546871496
1784546871696,5,755.205,320.654,mc,3,1784546871496
1784546871696,6,72.9864,370.608,mc,5,1784546871496
1784546871696,7,478.814,708.678,mc,4,1784546871496
1784546871696,8,293.588,500.886,mc,4,1784546871496
1784546871696,9,578.452,716.07,mc,4,1784546871496
1784546871696,10,301.547,492.605,mc,5,1784546871496
1784546871796,1,536.003,259.647,mc,5,1784546871496
1784546871796,2,271.081,219.211,mc,5,1784546871496
1784546871796,3,468.779,370.763,mc,3,1784546871496
1784546871796,4,314.993,269.879,mc,5,1784546871496
1784546871796,5,755.397,321.116,mc,3,1784546871496
1784546871796,6,73.2913,370.355,mc,5,1784546871496
1784546871796,7,478.573,708.487,mc,4,1784546871496
1784546871796,8,293.867,501.118,mc,4,1784546871496
1784546871796,9,579.058,716.04,mc,4,1784546871496
1784546871796,10,301.831,493.023,mc,5,1784546871496
1784546871896,1,535.641,259.212,mc,5,1784546871496
1784546871896,2,271.475,219.085,mc,5,1784546871496
1784546871896,3,468.451,370.489,mc,3,1784546871496
1784546871896,4,314.463,269.677,mc,5,1784546871496
1784546871896,5,755.589,321.578,mc,3,1784546871496
1784546871896,6,73.5963,370.102,mc,5,1784546871496
1784546871896,7,478.332,708.296,mc,4,1784546871496
1784546871896,8,294.147,501.35,mc,4,1784546871496
1784546871896,9,579.663,716.011,mc,4,1784546871496
1784546871896,10,302.115,493.44,mc,5,1784546871496
1784546871996,1,535.279,258.776,mc,5,1784546871496
1784546871996,2,271.869,218.96,mc,5,1784546871496
1784546871996,3,468.123,370.216,mc,3,1784546871496
1784546871996,4,313.934,269.475,mc,5,1784546871496
1784546871996,5,755.782,322.041,mc,3,1784546871496
1784546871996,6,73.9013,369.849,mc,5,1784546871496
1784546871996,7,478.091,708.105,mc,4,1784546871496
1784546871996,8,294.426,501.582,mc,4,1784546871496
1784546871996,9,580.269,715.981,mc,4,1784546871496
1784546871996,10,302.399,493.858,mc,5,1784546871496
1784546872096,1,534.917,258.34,mc,5,1784546871496
1784546872096,2,272.264,218.834,mc,5,1784546871496
1784546872096,3,467.796,369.942,mc,3,1784546871496
1784546872096,4,313.404,269.274,mc,5,1784546871496
1784546872096,5,755.974,322.503,mc,3,1784546871496
1784546872096,6,74.2063,369.596,mc,5,1784546871496
1784546872096,7,477.85,707.914,mc,4,1784546871496
1784546872096,8,294.705,501.814,mc,4,1784546871496
1784546872096,9,580.874,715.951,mc,4,1784546871496
1784546872096,10,302.683,494.275,mc,5,1784546871496
1784546872196,1,534.555,257.905,mc,5,1784546871496
1784546872196,2,272.658,218.709,mc,5,1784546871496
1784546872196,3,467.468,369.668,mc,3,1784546871496
1784546872196,4,312.875,269.072,mc,5,1784546871496
1784546872196,5,756.166,322.965,mc,3,1784546871496
1784546872196,6,74.5113,369.343,mc,5,1784546871496
1784546872196,7,477.609,707.723,mc,4,1784546871496
1784546872196,8,294.984,502.045,mc,4,1784546871496
1784546872196,9,581.48,715.921,mc,4,1784546871496
1784546872196,10,302.967,494.693,mc,5,1784546871496
1784546872296,1,534.193,257.469,mc,5,1784546871496
1784546872296,2,273.052,218.584,mc,5,1784546871496
1784546872296,3,467.14,369.395,mc,3,1784546871496
1784546872296,4,312.345,268.871,mc,5,1784546871496
1784546872296,5,756.359,323.428,mc,3,1784546871496
1784546872296,6,74.8163,369.089,mc,5,1784546871496
1784546872296,7,477.368,707.532,mc,4,1784546871496
1784546872296,8,295.263,502.277,mc,4,1784546871496
1784546872296,9,582.085,715.891,mc,4,1784546871496
1784546872296,10,303.25,495.111,mc,5,1784546871496
1784546872396,1,533.831,257.033,mc,5,1784546871496
1784546872396,2,273.447,218.458,mc,5,1784546871496
1784546872396,3,466.812,369.121,mc,3,1784546871496
1784546872396,4,311.815,268.669,mc,5,1784546871496
1784546872396,5,756.551,323.89,mc,3,1784546871496
1784546872396,6,75.1213,368.836,mc,5,1784546871496
1784546872396,7,477.127,707.341,mc,4,1784546871496
1784546872396,8,295.543,502.509,mc,4,1784546871496
1784546872396,9,582.691,715.861,mc,4,1784546871496
1784546872396,10,303.534,495.528,mc,5,1784546871496
1784546872496,1,533.469,256.598,mc,5,1784546871496
1784546872496,2,273.841,218.333,mc,5,1784546871496
1784546872496,3,466.485,368.847,mc,3,1784546871496
1784546872496,4,311.286,268.468,mc,5,1784546871496
1784546872496,5,756.743,324.352,mc,3,1784546871496
1784546872496,6,75.4263,368.583,mc,5,1784546871496
1784546872496,7,476.886,707.15,mc,4,1784546871496
1784546872496,8,295.822,502.741,mc,4,1784546871496
1784546872496,9,583.296,715.831,mc,4,1784546871496
1784546872496,10,303.818,495.946,mc,5,1784546871496
1784546872596,1,533.107,256.162,mc,5,1784546871496
1784546872596,2,274.236,218.207,mc,5,1784546871496
1784546872596,3,466.157,368.574,mc,3,1784546871496
1784546872596,4,310.756,268.266,mc,5,1784546871496
1784546872596,5,756.936,324.815,mc,3,1784546871496
1784546872596,6,75.7313,368.33,mc,5,1784546871496
1784546872596,7,476.645,706.959,mc,4,1784546871496
1784546872596,8,296.101,502.973,mc,4,1784546871496
1784546872596,9,583.902,715.801,mc,4,1784546871496
1784546872596,10,304.102,496.363,mc,5,1784546871496
1784546872696,1,532.745,255.727,mc,5,1784546871496
1784546872696,2,274.63,218.082,mc,5,1784546871496
1784546872696,3,465.829,368.3,mc,3,1784546871496
1784546872696,4,310.227,268.065,mc,5,1784546871496
1784546872696,5,757.128,325.277,mc,3,1784546871496
1784546872696,6,76.0363,368.077,mc,5,1784546871496
1784546872696,7,476.404,706.768,mc,4,1784546871496
1784546872696,8,296.38,503.205,mc,4,1784546871496
1784546872696,9,584.507,715.772,mc,4,1784546871496
1784546872696,10,304.386,496.781,mc,5,1784546871496
1784546872796,1,532.383,255.291,mc,5,1784546871496
1784546872796,2,275.024,217.956,mc,5,1784546871496
1784546872796,3,465.501,368.026,mc,3,1784546871496
1784546872796,4,309.697,267.863,mc,5,1784546871496
1784546872796,5,757.32,325.739,mc,3,1784546871496
1784546872796,6,76.3412,367.824,mc,5,1784546871496
1784546872796,7,476.163,706.577,mc,4,1784546871496
1784546872796,8,296.66,503.437,mc,4,1784546871496
1784546872796,9,585.113,715.742,mc,4,1784546871496
1784546872796,10,304.67,497.199,mc,5,1784546871496
1784546872896,1,532.021,254.855,mc,5,1784546871496
1784546872896,2,275.419,217.831,mc,5,1784546871496
1784546872896,3,465.174,367.753,mc,3,1784546871496
1784546872896,4,309.168,267.662,mc,5,1784546871496
1784546872896,5,757.513,326.202,mc,3,1784546871496
1784546872896,6,76.6462,367.571,mc,5,1784546871496
1784546872896,7,475.922,706.386,mc,4,1784546871496
1784546872896,8,296.939,503.669,mc,4,1784546871496
1784546872896,9,585.718,715.712,mc,4,1784546871496
1784546872896,10,304.954,497.616,mc,5,1784546871496
1784546872996,1,531.659,254.42,mc,5,1784546871496
1784546872996,2,275.813,217.705,mc,5,1784546871496
1784546872996,3,464.846,367.479,mc,3,1784546871496
1784546872996,4,308.638,267.46,mc,5,1784546871496
1784546872996,5,757.705,326.664,mc,3,1784546871496
1784546872996,6,76.9512,367.318,mc,5,1784546871496
1784546872996,7,475.681,706.195,mc,4,1784546871496
1784546872996,8,297.218,503.901,mc,4,1784546871496
1784546872996,9,586.324,715.682,mc,4,1784546871496
1784546872996,10,305.238,498.034,mc,5,1784546871496
1784546873096,1,531.297,253.984,mc,5,1784546871496
1784546873096,2,276.208,217.58,mc,5,1784546871496
1784546873096,3,464.518,367.205,mc,3,1784546871496
1784546873096,4,308.109,267.258,mc,5,1784546871496
1784546873096,5,757.898,327.126,mc,3,1784546871496
1784546873096,6,77.2562,367.064,mc,5,1784546871496
1784546873096,7,475.44,706.004,mc,4,1784546871496
1784546873096,8,297.497,504.133,mc,4,1784546871496
1784546873096,9,586.929,715.652,mc,4,1784546871496
1784546873096,10,305.522,498.451,mc,5,1784546871496
1784546873196,1,530.935,253.549,mc,5,1784546871496
1784546873196,2,276.602,217.454,mc,5,1784546871496
1784546873196,3,464.19,366.932,mc,3,1784546871496
1784546873196,4,307.579,267.057,mc,5,1784546871496
1784546873196,5,758.09,327.589,mc,3,1784546871496
1784546873196,6,77.5612,366.811,mc,5,1784546871496
1784546873196,7,475.199,705.813,mc,4,1784546871496
1784546873196,8,297.777,504.365,mc,4,1784546871496
1784546873196,9,587.535,715.622,mc,4,1784546871496
1784546873196,10,305.806,498.869,mc,5,1784546871496
1784546873296,1,530.573,253.113,mc,5,1784546871496
1784546873296,2,276.996,217.329,mc,5,1784546871496
1784546873296,3,463.863,366.658,mc,3,1784546871496
1784546873296,4,307.05,266.855,mc,5,1784546871496
1784546873296,5,758.282,328.051,mc,3,1784546871496
1784546873296,6,77.8662,366.558,mc,5,1784546871496
1784546873296,7,474.958,705.622,mc,4,1784546871496
1784546873296,8,298.056,504.597,mc,4,1784546871496
1784546873296,9,588.14,715.592,mc,4,1784546871496
1784546873296,10,306.09,499.287,mc,5,1784546871496
1784546873396,1,530.211,252.677,mc,5,1784546871496
1784546873396,2,277.391,217.203,mc,5,1784546871496
1784546873396,3,463.535,366.384,mc,3,1784546871496
1784546873396,4,306.52,266.654,mc,5,1784546871496
1784546873396,5,758.475,328.513,mc,3,1784546871496
1784546873396,6,78.1712,366.305,mc,5,1784546871496
1784546873396,7,474.717,705.431,mc,4,1784546871496
1784546873396,8,298.335,504.829,mc,4,1784546871496
1784546873396,9,588.745,715.562,mc,4,1784546871496
1784546873396,10,306.374,499.704,mc,5,1784546871496
1784546873496,1,529.849,252.242,mc,5,1784546871496
1784546873496,2,277.785,217.078,mc,5,1784546871496
1784546873496,3,463.207,366.111,mc,3,1784546871496
1784546873496,4,305.991,266.452,mc,5,1784546871496
1784546873496,5,758.667,328.976,mc,3,1784546871496
1784546873496,6,78.4762,366.052,mc,5,1784546871496
1784546873496,7,474.476,705.24,mc,4,1784546871496
1784546873496,8,298.614,505.061,mc,4,1784546871496
1784546873496,9,589.351,715.533,mc,4,1784546871496
1784546873496,10,306.657,500.122,mc,5,1784546871496
1784546873596,1,529.487,251.806,mc,5,1784546871496
1784546873596,2,278.18,216.953,mc,5,1784546871496
1784546873596,3,462.879,365.837,mc,3,1784546871496
1784546873596,4,305.461,266.251,mc,5,1784546871496
1784546873596,5,758.859,329.438,mc,3,1784546871496
1784546873596,6,78.7812,365.799,mc,5,1784546871496
1784546873596,7,474.235,705.049,mc,4,1784546871496
1784546873596,8,298.893,505.293,mc,4,1784546871496
1784546873596,9,589.956,715.503,mc,4,1784546871496
1784546873596,10,306.941,500.54,mc,5,1784546871496
1784546873696,1,529.125,251.371,mc,5,1784546871496
1784546873696,2,278.574,216.827,mc,5,1784546871496
1784546873696,3,462.552,365.563,mc,3,1784546871496
1784546873696,4,304.932,266.049,mc,5,1784546871496
1784546873696,5,759.052,329.9,mc,3,1784546871496
1784546873696,6,79.0862,365.546,mc,5,1784546871496
1784546873696,7,473.994,704.858,mc,4,1784546871496
1784546873696,8,299.173,505.525,mc,4,1784546871496
1784546873696,9,590.562,715.473,mc,4,1784546871496
1784546873696,10,307.225,500.957,mc,5,1784546871496
1784546873796,1,528.763,250.935,mc,5,1784546871496
1784546873796,2,278.968,216.702,mc,5,1784546871496
1784546873796,3,462.224,365.29,mc,3,1784546871496
1784546873796,4,304.402,265.848,mc,5,1784546871496
1784546873796,5,759.244,330.363,mc,3,1784546871496
1784546873796,6,79.3911,365.293,mc,5,1784546871496
1784546873796,7,473.753,704.667,mc,4,1784546871496
1784546873796,8,299.452,505.757,mc,4,1784546871496
1784546873796,9,591.167,715.443,mc,4,1784546871496
1784546873796,10,307.509,501.375,mc,5,1784546871496
1784546873896,1,528.401,250.499,mc,5,1784546871496
1784546873896,2,279.363,216.576,mc,5,1784546871496
1784546873896,3,461.896,365.016,mc,3,1784546871496
1784546873896,4,303.873,265.646,mc,5,1784546871496
1784546873896,5,759.436,330.825,mc,3,1784546871496
1784546873896,6,79.6961,365.039,mc,5,1784546871496
1784546873896,7,473.512,704.476,mc,4,1784546871496
1784546873896,8,299.731,505.989,mc,4,1784546871496
1784546873896,9,591.773,715.413,mc,4,1784546871496
1784546873896,10,307.793,501.792,mc,5,1784546871496
1784546873996,1,528.039,250.064,mc,5,1784546871496
1784546873996,2,279.757,216.451,mc,5,1784546871496
1784546873996,3,461.569,364.742,mc,3,1784546871496
1784546873996,4,303.343,265.445,mc,5,1784546871496
1784546873996,5,759.629,331.287,mc,3,1784546871496
1784546873996,6,80.0011,364.786,mc,5,1784546871496
1784546873996,7,473.272,704.285,mc,4,1784546871496
1784546873996,8,300.01,506.221,mc,4,1784546871496
1784546873996,9,592.378,715.383,mc,4,1784546871496
1784546873996,10,308.077,502.21,mc,5,1784546871496
1784546874096,1,527.677,249.628,mc,5,1784546871496
1784546874096,2,280.152,216.325,mc,5,1784546871496
1784546874096,3,461.241,364.469,mc,3,1784546871496
1784546874096,4,302.814,265.243,mc,5,1784546871496
1784546874096,5,759.821,331.75,mc,3,1784546871496
1784546874096,6,80.3061,364.533,mc,5,1784546871496
1784546874096,7,473.031,704.094,mc,4,1784546871496
1784546874096,8,300.29,506.453,mc,4,1784546871496
1784546874096,9,592.984,715.353,mc,4,1784546871496
1784546874096,10,308.361,502.628,mc,5,1784546871496
1784546874196,1,527.315,249.193,mc,5,1784546871496
1784546874196,2,280.546,216.2,mc,5,1784546871496
1784546874196,3,460.913,364.195,mc,3,1784546871496
1784546874196,4,302.284,265.041,mc,5,1784546871496
1784546874196,5,760.013,332.212,mc,3,1784546871496
1784546874196,6,80.6111,364.28,mc,5,1784546871496
1784546874196,7,472.79,703.903,mc,4,1784546871496
1784546874196,8,300.569,506.685,mc,4,1784546871496
1784546874196,9,593.589,715.323,mc,4,1784546871496
1784546874196,10,308.645,503.045,mc,5,1784546871496
1784546874296,1,526.953,248.757,mc,5,1784546871496
1784546874296,2,280.94,216.074,mc,5,1784546871496
1784546874296,3,460.585,363.921,mc,3,1784546871496
1784546874296,4,301.755,264.84,mc,5,1784546871496
1784546874296,5,760.206,332.674,mc,3,1784546871496
1784546874296,6,80.9161,364.027,mc,5,1784546871496
1784546874296,7,472.549,703.712,mc,4,1784546871496
1784546874296,8,300.848,506.917,mc,4,1784546871496
1784546874296,9,594.195,715.294,mc,4,1784546871496
1784546874296,10,308.929,503.463,mc,5,1784546871496
1784546874396,1,526.591,248.321,mc,5,1784546871496
1784546874396,2,281.335,215.949,mc,5,1784546871496
1784546874396,3,460.258,363.648,mc,3,1784546871496
1784546874396,4,301.225,264.638,mc,5,1784546871496
1784546874396,5,760.398,333.137,mc,3,1784546871496
1784546874396,6,81.2211,363.774,mc,5,1784546871496
1784546874396,7,472.308,703.521,mc,4,1784546871496
1784546874396,8,301.127,507.149,mc,4,1784546871496
1784546874396,9,594.8,715.264,mc,4,1784546871496
1784546874396,10,309.213,503.88,mc,5,1784546871496
1784546874496,1,526.229,247.886,mc,5,1784546871496
1784546874496,2,281.729,215.823,mc,5,1784546871496
1784546874496,3,459.93,363.374,mc,3,1784546871496
1784546874496,4,300.696,264.437,mc,5,1784546871496
1784546874496,5,760.591,333.599,mc,3,1784546871496
1784546874496,6,81.5261,363.521,mc,5,1784546871496
1784546874496,7,472.067,703.33,mc,4,1784546871496
1784546874496,8,301.407,507.381,mc,4,1784546871496
1784546874496,9,595.406,715.234,mc,4,1784546871496
1784546874496,10,309.497,504.298,mc,5,1784546871496
1784546874596,1,525.867,247.45,mc,5,1784546871496
1784546874596,2,282.124,215.698,mc,5,1784546871496
1784546874596,3,459.602,363.1,mc,3,1784546871496
1784546874596,4,300.166,264.235,mc,5,1784546871496
1784546874596,5,760.783,334.061,mc,3,1784546871496
1784546874596,6,81.8311,363.267,mc,5,1784546871496
1784546874596,7,471.826,703.139,mc,4,1784546871496
1784546874596,8,301.686,507.613,mc,4,1784546871496
1784546874596,9,596.011,715.204,mc,4,1784546871496
1784546874596,10,309.781,504.716,mc,5,1784546871496
1784546874696,1,525.505,247.015,mc,5,1784546871496
1784546874696,2,282.518,215.572,mc,5,1784546871496
1784546874696,3,459.274,362.827,mc,3,1784546871496
1784546874696,4,299.637,264.034,mc,5,1784546871496
1784546874696,5,760.975,334.523,mc,3,1784546871496
1784546874696,6,82.1361,363.014,mc,5,1784546871496
1784546874696,7,471.585,702.948,mc,4,1784546871496
1784546874696,8,301.965,507.845,mc,4,1784546871496
1784546874696,9,596.617,715.174,mc,4,1784546871496
1784546874696,10,310.064,505.133,mc,5,1784546871496
1784546874796,1,525.142,246.579,mc,5,1784546871496
1784546874796,2,282.912,215.447,mc,5,1784546871496
1784546874796,3,458.947,362.553,mc,3,1784546871496
1784546874796,4,299.107,263.832,mc,5,1784546871496
1784546874796,5,761.168,334.986,mc,3,1784546871496
1784546874796,6,82.441,362.761,mc,5,1784546871496
1784546874796,7,471.344,702.757,mc,4,1784546871496
1784546874796,8,302.244,508.077,mc,4,1784546871496
1784546874796,9,597.222,715.144,mc,4,1784546871496
1784546874796,10,310.348,505.551,mc,5,1784546871496
1784546874896,1,524.78,246.143,mc,5,1784546871496
1784546874896,2,283.307,215.322,mc,5,1784546871496
1784546874896,3,458.619,362.279,mc,3,1784546871496
1784546874896,4,298.578,263.631,mc,5,1784546871496
1784546874896,5,761.36,335.448,mc,3,1784546871496
1784546874896,6,82.746,362.508,mc,5,1784546871496
1784546874896,7,471.103,702.566,mc,4,1784546871496
1784546874896,8,302.523,508.309,mc,4,1784546871496
1784546874896,9,597.828,715.114,mc,4,1784546871496
1784546874896,10,310.632,505.968,mc,5,1784546871496
1784546874996,1,524.418,245.708,mc,5,1784546871496
1784546874996,2,283.701,215.196,mc,5,1784546871496
1784546874996,3,458.291,362.006,mc,3,1784546871496
1784546874996,4,298.048,263.429,mc,5,1784546871496
1784546874996,5,761.552,335.91,mc,3,1784546871496
1784546874996,6,83.051,362.255,mc,5,1784546871496
1784546874996,7,470.862,702.375,mc,4,1784546871496
1784546874996,8,302.803,508.541,mc,4,1784546871496
1784546874996,9,598.433,715.084,mc,4,1784546871496
1784546874996,10,310.916,506.386,mc,5,1784546871496
1784546875096,1,524.056,245.272,mc,5,1784546871496
1784546875096,2,284.095,215.071,mc,5,1784546871496
1784546875096,3,457.963,361.732,mc,3,1784546871496
1784546875096,4,297.519,263.228,mc,5,1784546871496
1784546875096,5,761.745,336.373,mc,3,1784546871496
1784546875096,6,83.356,362.002,mc,5,1784546871496
1784546875096,7,470.621,702.184,mc,4,1784546871496
1784546875096,8,303.082,508.773,mc,4,1784546871496
1784546875096,9,599.039,715.055,mc,4,1784546871496
1784546875096,10,311.2,506.804,mc,5,1784546871496
1784546875196,1,523.694,244.837,mc,5,1784546871496
1784546875196,2,284.49,214.945,mc,5,1784546871496
1784546875196,3,457.636,361.458,mc,3,1784546871496
1784546875196,4,296.989,263.026,mc,5,1784546871496
1784546875196,5,761.937,336.835,mc,3,1784546871496
1784546875196,6,83.661,361.749,mc,5,1784546871496
1784546875196,7,470.38,701.993,mc,4,1784546871496
1784546875196,8,303.361,509.005,mc,4,1784546871496
1784546875196,9,599.644,715.025,mc,4,1784546871496
1784546875196,10,311.484,507.221,mc,5,1784546871496
1784546875296,1,523.332,244.401,mc,5,1784546871496
1784546875296,2,284.884,214.82,mc,5,1784546871496
1784546875296,3,457.308,361.185,mc,3,1784546871496
1784546875296,4,296.46,262.824,mc,5,1784546871496
1784546875296,5,762.129,337.297,mc,3,1784546871496
1784546875296,6,83.966,361.496,mc,5,1784546871496
1784546875296,7,470.139,701.802,mc,4,1784546871496
1784546875296,8,303.64,509.237,mc,4,1784546871496
1784546875296,9,600.25,714.995,mc,4,1784546871496
1784546875296,10,311.768,507.639,mc,5,1784546871496
1784546875396,1,522.97,243.965,mc,5,1784546871496
1784546875396,2,285.279,214.694,mc,5,1784546871496
1784546875396,3,456.98,360.911,mc,3,1784546871496
1784546875396,4,295.93,262.623,mc,5,1784546871496
1784546875396,5,762.322,337.76,mc,3,1784546871496
1784546875396,6,84.271,361.242,mc,5,1784546871496
1784546875396,7,469.898,701.611,mc,4,1784546871496
1784546875396,8,303.92,509.469,mc,4,1784546871496
1784546875396,9,600.855,714.965,mc,4,1784546871496
1784546875396,10,312.052,508.057,mc,5,1784546871496
1784546875496,1,522.608,243.53,mc,5,1784546871496
1784546875496,2,285.673,214.569,mc,5,1784546871496
1784546875496,3,456.652,360.637,mc,3,1784546871496
1784546875496,4,295.401,262.421,mc,5,1784546871496
1784546875496,5,762.514,338.222,mc,3,1784546871496
1784546875496,6,84.576,360.989,mc,5,1784546871496
1784546875496,7,469.657,701.42,mc,4,1784546871496
1784546875496,8,304.199,509.701,mc,4,1784546871496
1784546875496,9,601.461,714.935,mc,4,1784546871496
1784546875496,10,312.336,508.474,mc,5,1784546871496
1784546875596,1,522.246,243.094,mc,5,1784546871496
1784546875596,2,286.067,214.443,mc,5,1784546871496
1784546875596,3,456.325,360.364,mc,3,1784546871496
1784546875596,4,294.871,262.22,mc,5,1784546871496
1784546875596,5,762.706,338.684,mc,3,1784546871496
1784546875596,6,84.881,360.736,mc,5,1784546871496
1784546875596,7,469.416,701.229,mc,4,1784546871496
1784546875596,8,304.478,509.933,mc,4,1784546871496
1784546875596,9,602.066,714.905,mc,4,1784546871496
1784546875596,10,312.62,508.892,mc,5,1784546871496
1784546875696,1,521.884,242.659,mc,5,1784546871496
1784546875696,2,286.462,214.318,mc,5,1784546871496
1784546875696,3,455.997,360.09,mc,3,1784546871496
1784546875696,4,294.342,262.018,mc,5,1784546871496
1784546875696,5,762.899,339.147,mc,3,1784546871496
1784546875696,6,85.186,360.483,mc,5,1784546871496
1784546875696,7,469.175,701.038,mc,4,1784546871496
1784546875696,8,304.757,510.165,mc,4,1784546871496
1784546875696,9,602.672,714.875,mc,4,1784546871496
1784546875696,10,312.904,509.309,mc,5,1784546871496
1784546875796,1,521.522,242.223,mc,5,1784546871496
1784546875796,2,286.856,214.192,mc,5,1784546871496
1784546875796,3,455.669,359.816,mc,3,1784546871496
1784546875796,4,293.812,261.817,mc,5,1784546871496
1784546875796,5,763.091,339.609,mc,3,1784546871496
1784546875796,6,85.4909,360.23,mc,5,1784546871496
1784546875796,7,468.934,700.847,mc,4,1784546871496
1784546875796,8,305.037,510.397,mc,4,1784546871496
1784546875796,9,603.277,714.845,mc,4,1784546871496
1784546875796,10,313.188,509.727,mc,5,1784546871496
1784546875896,1,521.16,241.787,mc,5,1784546871496
1784546875896,2,287.251,214.067,mc,5,1784546871496
1784546875896,3,455.341,359.543,mc,3,1784546871496
1784546875896,4,293.283,261.615,mc,5,1784546871496
1784546875896,5,763.283,340.071,mc,3,1784546871496
1784546875896,6,85.7959,359.977,mc,5,1784546871496
1784546875896,7,468.693,700.656,mc,4,1784546871496
1784546875896,8,305.316,510.629,mc,4,1784546871496
1784546875896,9,603.883,714.816,mc,4,1784546871496
1784546875896,10,313.471,510.145,mc,5,1784546871496
1784546875996,1,520.798,241.352,mc,5,1784546871496
1784546875996,2,287.645,213.941,mc,5,1784546871496
1784546875996,3,455.014,359.269,mc,3,1784546871496
1784546875996,4,292.753,261.414,mc,5,1784546871496
1784546875996,5,763.476,340.534,mc,3,1784546871496
1784546875996,6,86.1009,359.724,mc,5,1784546871496
1784546875996,7,468.452,700.465,mc,4,1784546871496
1784546875996,8,305.595,510.861,mc,4,1784546871496
1784546875996,9,604.488,714.786,mc,4,1784546871496
1784546875996,10,313.755,510.562,mc,5,1784546871496
1784546876096,1,520.436,240.916,mc,5,1784546871496
1784546876096,2,288.039,213.816,mc,5,1784546871496
1784546876096,3,454.686,358.995,mc,3,1784546871496
1784546876096,4,292.224,261.212,mc,5,1784546871496
1784546876096,5,763.668,340.996,mc,3,1784546871496
1784546876096,6,86.4059,359.47,mc,5,1784546871496
1784546876096,7,468.211,700.274,mc,4,1784546871496
1784546876096,8,305.874,511.093,mc,4,1784546871496
1784546876096,9,605.094,714.756,mc,4,1784546871496
1784546876096,10,314.039,510.98,mc,5,1784546871496
1784546876196,1,520.074,240.481,mc,5,1784546871496
1784546876196,2,288.434,213.691,mc,5,1784546871496
1784546876196,3,454.358,358.722,mc,3,1784546871496
1784546876196,4,291.694,261.011,mc,5,1784546871496
1784546876196,5,763.861,341.458,mc,3,1784546871496
1784546876196,6,86.7109,359.217,mc,5,1784546871496
1784546876196,7,467.97,700.083,mc,4,1784546871496
1784546876196,8,306.153,511.325,mc,4,1784546871496
1784546876196,9,605.699,714.726,mc,4,1784546871496
1784546876196,10,314.323,511.397,mc,5,1784546871496
1784546876296,1,519.712,240.045,mc,5,1784546871496
1784546876296,2,288.828,213.565,mc,5,1784546871496
1784546876296,3,454.03,358.448,mc,3,1784546871496
1784546876296,4,291.165,260.809,mc,5,1784546871496
1784546876296,5,764.053,341.921,mc,3,1784546871496
1784546876296,6,87.0159,358.964,mc,5,1784546871496
1784546876296,7,467.729,699.892,mc,4,1784546871496
1784546876296,8,306.433,511.557,mc,4,1784546871496
1784546876296,9,606.305,714.696,mc,4,1784546871496
1784546876296,10,314.607,511.815,mc,5,1784546871496
1784546876396,1,519.35,239.609,mc,5,1784546871496
1784546876396,2,289.223,213.44,mc,5,1784546871496
1784546876396,3,453.703,358.174,mc,3,1784546871496
1784546876396,4,290.635,260.607,mc,5,1784546871496
1784546876396,5,764.245,342.383,mc,3,1784546871496
1784546876396,6,87.3209,358.711,mc,5,1784546871496
1784546876396,7,467.488,699.701,mc,4,1784546871496
1784546876396,8,306.712,511.789,mc,4,1784546871496
1784546876396,9,606.91,714.666,mc,4,1784546871496
1784546876396,10,314.891,512.233,mc,5,1784546871496
1784546876496,1,518.988,239.174,mc,5,1784546871496
1784546876496,2,289.617,213.314,mc,5,1784546871496
1784546876496,3,453.375,357.901,mc,3,1784546871496
1784546876496,4,290.106,260.406,mc,5,1784546871496
1784546876496,5,764.438,342.845,mc,3,1784546871496
1784546876496,6,87.6259,358.458,mc,5,1784546871496
1784546876496,7,467.247,699.51,mc,4,1784546871496
1784546876496,8,306.991,512.021,mc,4,1784546871496
1784546876496,9,607.062,714.887,mc,4,1784546871496
1784546876496,10,315.175,512.65,mc,5,1784546871496
1784546876596,1,518.626,238.738,mc,5,1784546871496
1784546876596,2,290.011,213.189,mc,5,1784546871496
1784546876596,3,453.047,357.627,mc,3,1784546871496
1784546876596,4,289.576,260.204,mc,5,1784546871496
1784546876596,5,764.63,343.308,mc,3,1784546871496
1784546876596,6,87.9309,358.205,mc,5,1784546871496
1784546876596,7,467.006,699.319,mc,4,1784546871496
1784546876596,8,307.27,512.253,mc,4,1784546871496
1784546876596,9,606.783,715.344,mc,4,1784546871496
1784546876596,10,315.459,513.068,mc,5,1784546871496
1784546876696,1,518.264,238.303,mc,5,1784546871496
1784546876696,2,290.406,213.063,mc,5,1784546871496
1784546876696,3,452.719,357.353,mc,3,1784546871496
1784546876696,4,289.047,260.003,mc,5,1784546871496
1784546876696,5,764.822,343.77,mc,3,1784546871496
1784546876696,6,88.2359,357.952,mc,5,1784546871496
1784546876696,7,466.765,699.128,mc,4,1784546871496
1784546876696,8,307.55,512.485,mc,4,1784546871496
1784546876696,9,606.504,715.802,mc,4,1784546871496
1784546876696,10,315.743,513.485,mc,5,1784546871496
1784546876796,1,517.917,237.893,mc,5,1784546871496
1784546876796,2,290.8,212.938,mc,5,1784546871496
1784546876796,3,452.392,357.08,mc,3,1784546871496
1784546876796,4,288.546,259.828,mc,5,1784546871496
1784546876796,5,765.015,344.232,mc,3,1784546871496
1784546876796,6,88.5408,357.699,mc,5,1784546871496
1784546876796,7,466.524,698.937,mc,4,1784546871496
1784546876796,8,307.829,512.717,mc,4,1784546871496
1784546876796,9,606.226,716.26,mc,4,1784546871496
1784546876796,10,316.027,513.903,mc,5,1784546871496
1784546876896,1,518.001,238.2,mc,5,1784546871496
1784546876896,2,291.195,212.812,mc,5,1784546871496
1784546876896,3,452.064,356.806,mc,3,1784546871496
1784546876896,4,288.59,260.172,mc,5,1784546871496
1784546876896,5,765.207,344.695,mc,3,1784546871496
1784546876896,6,88.8458,357.445,mc,5,1784546871496
1784546876896,7,466.284,698.746,mc,4,1784546871496
1784546876896,8,308.108,512.949,mc,4,1784546871496
1784546876896,9,605.947,716.717,mc,4,1784546871496
1784546876896,10,316.311,514.321,mc,5,1784546871496
1784546876996,1,518.085,238.507,mc,5,1784546871496
1784546876996,2,291.589,212.687,mc,5,1784546871496
1784546876996,3,451.736,356.532,mc,3,1784546871496
1784546876996,4,288.635,260.515,mc,5,1784546871496
1784546876996,5,765.399,345.157,mc,3,1784546871496
1784546876996,6,89.1508,357.192,mc,5,1784546871496
1784546876996,7,466.043,698.555,mc,4,1784546871496
1784546876996,8,308.387,513.181,mc,4,1784546871496
1784546876996,9,605.668,717.175,mc,4,1784546871496
1784546876996,10,316.595,514.738,mc,5,1784546871496
1784546877096,1,518.168,238.814,mc,5,1784546871496
1784546877096,2,291.983,212.561,mc,5,1784546871496
1784546877096,3,451.409,356.259,mc,3,1784546871496
1784546877096,4,288.679,260.858,mc,5,1784546871496
1784546877096,5,765.592,345.619,mc,3,1784546871496
1784546877096,6,89.4558,356.939,mc,5,1784546871496
1784546877096,7,465.802,698.364,mc,4,1784546871496
1784546877096,8,308.667,513.413,mc,4,1784546871496
1784546877096,9,605.39,717.633,mc,4,1784546871496
1784546877096,10,316.878,515.156,mc,5,1784546871496
1784546877196,1,518.252,239.122,mc,5,1784546871496
1784546877196,2,292.378,212.436,mc,5,1784546871496
1784546877196,3,451.081,355.985,mc,3,1784546871496
1784546877196,4,288.724,261.202,mc,5,1784546871496
1784546877196,5,765.784,346.082,mc,3,1784546871496
1784546877196,6,89.7608,356.686,mc,5,1784546871496
1784546877196,7,465.561,698.173,mc,4,1784546871496
1784546877196,8,308.946,513.645,mc,4,1784546871496
1784546877196,9,605.111,718.09,mc,4,1784546871496
1784546877196,10,317.162,515.574,mc,5,1784546871496
1784546877296,1,518.336,239.429,mc,5,1784546871496
1784546877296,2,292.772,212.31,mc,5,1784546871496
1784546877296,3,450.753,355.712,mc,3,1784546871496
1784546877296,4,288.769,261.545,mc,5,1784546871496
1784546877296,5,765.976,346.544,mc,3,1784546871496
1784546877296,6,90.0658,356.433,mc,5,1784546871496
1784546877296,7,465.32,697.982,mc,4,1784546871496
1784546877296,8,309.225,513.877,mc,4,1784546871496
1784546877296,9,604.832,718.548,mc,4,1784546871496
1784546877296,10,317.446,515.991,mc,5,1784546871496
1784546877396,1,518.419,239.736,mc,5,1784546871496
1784546877396,2,293.167,212.185,mc,5,1784546871496
1784546877396,3,450.425,355.438,mc,3,1784546871496
1784546877396,4,288.813,261.888,mc,5,1784546871496
1784546877396,5,766.169,347.006,mc,3,1784546871496
1784546877396,6,90.3708,356.18,mc,5,1784546871496
1784546877396,7,465.079,697.791,mc,4,1784546871496
1784546877396,8,309.504,514.109,mc,4,1784546871496
1784546877396,9,604.554,719.006,mc,4,1784546871496
1784546877396,10,317.73,516.409,mc,5,1784546871496
1784546877496,1,518.503,240.044,mc,5,1784546871496
1784546877496,2,293.561,212.06,mc,5,1784546871496
1784546877496,3,450.098,355.164,mc,3,1784546871496
1784546877496,4,288.858,262.232,mc,5,1784546871496
1784546877496,5,766.334,347.482,mc,3,1784546871496
1784546877496,6,90.6758,355.927,mc,5,1784546871496
1784546877496,7,464.838,697.6,mc,4,1784546871496
1784546877496,8,309.783,514.341,mc,4,1784546871496
1784546877496,9,604.275,719.463,mc,4,1784546871496
1784546877496,10,317.707,516.258,mc,5,1784546871496
1784546877596,1,518.586,240.351,mc,5,1784546871496
1784546877596,2,293.955,211.934,mc,5,1784546871496
1784546877596,3,449.77,354.891,mc,3,1784546871496
1784546877596,4,288.903,262.575,mc,5,1784546871496
1784546877596,5,766.222,348.098,mc,3,1784546871496
1784546877596,6,90.9808,355.674,mc,5,1784546871496
1784546877596,7,464.597,697.409,mc,4,1784546871496
1784546877596,8,310.063,514.573,mc,4,1784546871496
1784546877596,9,603.996,719.921,mc,4,1784546871496
1784546877596,10,317.471,515.716,mc,5,1784546871496
1784546877696,1,518.67,240.658,mc,5,1784546871496
1784546877696,2,294.35,211.809,mc,5,1784546871496
1784546877696,3,449.442,354.617,mc,3,1784546871496
1784546877696,4,288.947,262.919,mc,5,1784546871496
1784546877696,5,766.109,348.714,mc,3,1784546871496
1784546877696,6,91.2858,355.42,mc,5,1784546871496
1784546877696,7,464.356,697.218,mc,4,1784546871496
1784546877696,8,310.342,514.805,mc,4,1784546871496
1784546877696,9,603.718,720.379,mc,4,1784546871496
1784546877696,10,317.235,515.174,mc,5,1784546871496
1784546877796,1,518.754,240.966,mc,5,1784546871496
1784546877796,2,294.744,211.683,mc,5,1784546871496
1784546877796,3,449.114,354.343,mc,3,1784546871496
1784546877796,4,288.992,263.262,mc,5,1784546871496
1784546877796,5,765.997,349.33,mc,3,1784546871496
1784546877796,6,91.5907,355.167,mc,5,1784546871496
1784546877796,7,464.115,697.027,mc,4,1784546871496
1784546877796,8,310.621,515.037,mc,4,1784546871496
1784546877796,9,603.439,720.836,mc,4,1784546871496
1784546877796,10,317,514.632,mc,5,1784546871496
1784546877896,1,518.837,241.273,mc,5,1784546871496
1784546877896,2,295.138,211.558,mc,5,1784546871496
1784546877896,3,448.787,354.07,mc,3,1784546871496
1784546877896,4,289.037,263.605,mc,5,1784546871496
1784546877896,5,765.885,349.946,mc,3,1784546871496
1784546877896,6,91.8957,354.914,mc,5,1784546871496
1784546877896,7,463.874,696.836,mc,4,1784546871496
1784546877896,8,310.9,515.269,mc,4,1784546871496
1784546877896,9,603.16,721.294,mc,4,1784546871496
1784546877896,10,316.764,514.09,mc,5,1784546871496
1784546877996,1,518.921,241.58,mc,5,1784546871496
1784546877996,2,295.533,211.432,mc,5,1784546871496
1784546877996,3,448.459,353.796,mc,3,1784546871496
1784546877996,4,289.081,263.949,mc,5,1784546871496
1784546877996,5,765.773,350.562,mc,3,1784546871496
1784546877996,6,92.2007,354.661,mc,5,1784546871496
1784546877996,7,463.633,696.645,mc,4,1784546871496
1784546877996,8,311.18,515.501,mc,4,1784546871496
1784546877996,9,602.882,721.752,mc,4,1784546871496
1784546877996,10,316.529,513.548,mc,5,1784546871496
1784546878096,1,519.005,241.888,mc,5,1784546871496
1784546878096,2,295.927,211.307,mc,5,1784546871496
1784546878096,3,448.131,353.522,mc,3,1784546871496
1784546878096,4,289.126,264.292,mc,5,1784546871496
1784546878096,5,765.661,351.178,mc,3,1784546871496
1784546878096,6,92.5057,354.408,mc,5,1784546871496
1784546878096,7,463.392,696.454,mc,4,1784546871496
1784546878096,8,311.459,515.733,mc,4,1784546871496
1784546878096,9,602.603,722.209,mc,4,1784546871496
1784546878096,10,316.293,513.007,mc,5,1784546871496
1784546878196,1,519.088,242.195,mc,5,1784546871496
1784546878196,2,296.322,211.181,mc,5,1784546871496
1784546878196,3,447.803,353.249,mc,3,1784546871496
1784546878196,4,289.17,264.635,mc,5,1784546871496
1784546878196,5,765.548,351.794,mc,3,1784546871496
1784546878196,6,92.8107,354.155,mc,5,1784546871496
1784546878196,7,463.151,696.263,mc,4,1784546871496
1784546878196,8,311.738,515.965,mc,4,1784546871496
1784546878196,9,602.324,722.667,mc,4,1784546871496
1784546878196,10,316.057,512.465,mc,5,1784546871496
1784546878296,1,519.172,242.502,mc,5,1784546871496
1784546878296,2,296.716,211.056,mc,5,1784546871496
1784546878296,3,447.476,352.975,mc,3,1784546871496
1784546878296,4,289.215,264.979,mc,5,1784546871496
1784546878296,5,765.436,352.41,mc,3,1784546871496
1784546878296,6,93.1157,353.902,mc,5,1784546871496
1784546878296,7,462.91,696.072,mc,4,1784546871496
1784546878296,8,312.017,516.197,mc,4,1784546871496
1784546878296,9,602.046,723.125,mc,4,1784546871496
1784546878296,10,315.822,511.923,mc,5,1784546871496
1784546878396,1,519.256,242.809,mc,5,1784546871496
1784546878396,2,297.11,210.93,mc,5,1784546871496
1784546878396,3,447.148,352.701,mc,3,1784546871496
1784546878396,4,289.26,265.322,mc,5,1784546871496
1784546878396,5,765.324,353.026,mc,3,1784546871496
1784546878396,6,93.4207,353.648,mc,5,1784546871496
1784546878396,7,462.669,695.881,mc,4,1784546871496
1784546878396,8,312.297,516.429,mc,4,1784546871496
1784546878396,9,601.767,723.582,mc,4,1784546871496
1784546878396,10,315.586,511.381,mc,5,1784546871496
1784546878496,1,519.339,243.117,mc,5,1784546871496
1784546878496,2,297.505,210.805,mc,5,1784546871496
1784546878496,3,446.82,352.428,mc,3,1784546871496
1784546878496,4,289.304,265.665,mc,5,1784546871496
1784546878496,5,765.212,353.642,mc,3,1784546871496
1784546878496,6,93.7257,353.395,mc,5,1784546871496
1784546878496,7,462.428,695.69,mc,4,1784546871496
1784546878496,8,312.576,516.661,mc,4,1784546871496
1784546878496,9,601.488,724.04,mc,4,1784546871496
1784546878496,10,315.351,510.839,mc,5,1784546871496
1784546878596,1,519.423,243.424,mc,5,1784546871496
1784546878596,2,297.899,210.679,mc,5,1784546871496
1784546878596,3,447.031,352.417,mc,3,1784546871496
1784546878596,4,289.349,266.009,mc,5,1784546871496
1784546878596,5,765.099,354.258,mc,3,1784546871496
1784546878596,6,94.0307,353.142,mc,5,1784546871496
1784546878596,7,462.187,695.499,mc,4,1784546871496
1784546878596,8,312.855,516.893,mc,4,1784546871496
1784546878596,9,601.21,724.498,mc,4,1784546871496
1784546878596,10,315.115,510.297,mc,5,1784546871496
1784546878696,1,519.507,243.731,mc,5,1784546871496
1784546878696,2,298.294,210.554,mc,5,1784546871496
1784546878696,3,447.433,352.499,mc,3,1784546871496
1784546878696,4,289.394,266.352,mc,5,1784546871496
1784546878696,5,764.987,354.874,mc,3,1784546871496
1784546878696,6,94.3357,352.889,mc,5,1784546871496
1784546878696,7,461.946,695.308,mc,4,1784546871496
1784546878696,8,313.134,517.125,mc,4,1784546871496
1784546878696,9,600.931,724.955,mc,4,1784546871496
1784546878696,10,314.879,509.755,mc,5,1784546871496
1784546878796,1,519.59,244.039,mc,5,1784546871496
1784546878796,2,298.312,210.638,mc,5,1784546871496
1784546878796,3,447.835,352.581,mc,3,1784546871496
1784546878796,4,289.438,266.696,mc,5,1784546871496
1784546878796,5,764.875,355.49,mc,3,1784546871496
1784546878796,6,94.6406,352.636,mc,5,1784546871496
1784546878796,7,461.705,695.117,mc,4,1784546871496
1784546878796,8,313.413,517.357,mc,4,1784546871496
1784546878796,9,600.652,725.413,mc,4,1784546871496
1784546878796,10,314.644,509.213,mc,5,1784546871496
1784546878896,1,519.674,244.346,mc,5,1784546871496
1784546878896,2,297.975,210.92,mc,5,1784546871496
1784546878896,3,448.237,352.664,mc,3,1784546871496
1784546878896,4,289.483,267.039,mc,5,1784546871496
1784546878896,5,764.763,356.106,mc,3,1784546871496
1784546878896,6,94.9456,352.383,mc,5,1784546871496
1784546878896,7,461.464,694.926,mc,4,1784546871496
1784546878896,8,313.693,517.589,mc,4,1784546871496
1784546878896,9,600.374,725.871,mc,4,1784546871496
1784546878896,10,314.408,508.671,mc,5,1784546871496
1784546878996,1,519.757,244.653,mc,5,1784546871496
1784546878996,2,297.637,211.203,mc,5,1784546871496
1784546878996,3,448.639,352.746,mc,3,1784546871496
1784546878996,4,289.527,267.382,mc,5,1784546871496
1784546878996,5,764.651,356.722,mc,3,1784546871496
1784546878996,6,95.2506,352.13,mc,5,1784546871496
1784546878996,7,461.223,694.735,mc,4,1784546871496
1784546878996,8,313.972,517.821,mc,4,1784546871496
1784546878996,9,600.095,726.328,mc,4,1784546871496
1784546878996,10,314.173,508.129,mc,5,1784546871496
1784546879096,1,519.841,244.961,mc,5,1784546871496
1784546879096,2,297.299,211.485,mc,5,1784546871496
1784546879096,3,449.041,352.829,mc,3,1784546871496
1784546879096,4,289.572,267.726,mc,5,1784546871496
1784546879096,5,764.538,357.338,mc,3,1784546871496
1784546879096,6,95.6084,352.038,mc,5,1784546871496
1784546879096,7,460.982,694.544,mc,4,1784546871496
1784546879096,8,314.251,518.053,mc,4,1784546871496
1784546879096,9,599.816,726.786,mc,4,1784546871496
1784546879096,10,313.937,507.587,mc,5,1784546871496
1784546879196,1,519.925,245.268,mc,5,1784546871496
1784546879196,2,296.961,211.767,mc,5,1784546871496
1784546879196,3,449.443,352.911,mc,3,1784546871496
1784546879196,4,289.617,268.069,mc,5,1784546871496
1784546879196,5,764.426,357.954,mc,3,1784546871496
1784546879196,6,96.0839,352.308,mc,5,1784546871496
1784546879196,7,460.741,694.353,mc,4,1784546871496
1784546879196,8,314.53,518.285,mc,4,1784546871496
1784546879196,9,599.538,727.244,mc,4,1784546871496
1784546879196,10,313.702,507.045,mc,5,1784546871496
1784546879296,1,520.008,245.575,mc,5,1784546871496
1784546879296,2,296.624,212.05,mc,5,1784546871496
1784546879296,3,449.845,352.993,mc,3,1784546871496
1784546879296,4,289.661,268.412,mc,5,1784546871496
1784546879296,5,764.314,358.57,mc,3,1784546871496
1784546879296,6,96.5594,352.578,mc,5,1784546871496
1784546879296,7,460.5,694.162,mc,4,1784546871496
1784546879296,8,314.81,518.517,mc,4,1784546871496
1784546879296,9,599.259,727.701,mc,4,1784546871496
1784546879296,10,313.466,506.503,mc,5,1784546871496
1784546879396,1,520.092,245.883,mc,5,1784546871496
1784546879396,2,296.286,212.332,mc,5,1784546871496
1784546879396,3,450.247,353.076,mc,3,1784546871496
1784546879396,4,289.706,268.756,mc,5,1784546871496
1784546879396,5,764.202,359.186,mc,3,1784546871496
1784546879396,6,97.0349,352.848,mc,5,1784546871496
1784546879396,7,460.259,693.971,mc,4,1784546871496
1784546879396,8,315.089,518.748,mc,4,1784546871496
1784546879396,9,598.98,728.159,mc,4,1784546871496
1784546879396,10,313.23,505.961,mc,5,1784546871496
1784546879496,1,520.176,246.19,mc,5,1784546871496
1784546879496,2,295.948,212.615,mc,5,1784546871496
1784546879496,3,450.649,353.158,mc,3,1784546871496
1784546879496,4,289.751,269.099,mc,5,1784546871496
1784546879496,5,764.089,359.802,mc,3,1784546871496
1784546879496,6,97.5104,353.118,mc,5,1784546871496
1784546879496,7,460.018,693.78,mc,4,1784546871496
1784546879496,8,315.368,518.98,mc,4,1784546871496
1784546879496,9,598.702,728.617,mc,4,1784546871496
1784546879496,10,312.995,505.419,mc,5,1784546871496
1784546879596,1,520.259,246.497,mc,5,1784546871496
1784546879596,2,295.61,212.897,mc,5,1784546871496
1784546879596,3,451.051,353.24,mc,3,1784546871496
1784546879596,4,289.795,269.443,mc,5,1784546871496
1784546879596,5,763.977,360.418,mc,3,1784546871496
1784546879596,6,97.9858,353.388,mc,5,1784546871496
1784546879596,7,459.777,693.589,mc,4,1784546871496
1784546879596,8,315.647,519.212,mc,4,1784546871496
1784546879596,9,598.423,729.074,mc,4,1784546871496
1784546879596,10,312.759,504.877,mc,5,1784546871496
1784546879696,1,520.343,246.804,mc,5,1784546871496
1784546879696,2,295.273,213.179,mc,5,1784546871496
1784546879696,3,451.453,353.323,mc,3,1784546871496
1784546879696,4,289.84,269.786,mc,5,1784546871496
1784546879696,5,763.865,361.034,mc,3,1784546871496
1784546879696,6,98.4613,353.658,mc,5,1784546871496
1784546879696,7,459.537,693.398,mc,4,1784546871496
1784546879696,8,315.926,519.444,mc,4,1784546871496
1784546879696,9,598.144,729.532,mc,4,1784546871496
1784546879696,10,312.524,504.335,mc,5,1784546871496
1784546879796,1,520.427,247.112,mc,5,1784546871496
1784546879796,2,294.935,213.462,mc,5,1784546871496
1784546879796,3,451.855,353.405,mc,3,1784546871496
1784546879796,4,289.884,270.129,mc,5,1784546871496
1784546879796,5,763.753,361.65,mc,3,1784546871496
1784546879796,6,98.9368,353.928,mc,5,1784546871496
1784546879796,7,459.296,693.207,mc,4,1784546871496
1784546879796,8,316.213,519.56,mc,4,1784546871496
1784546879796,9,597.866,729.99,mc,4,1784546871496
1784546879796,10,312.288,503.793,mc,5,1784546871496
1784546879896,1,520.51,247.419,mc,5,1784546871496
1784546879896,2,294.597,213.744,mc,5,1784546871496
1784546879896,3,452.257,353.488,mc,3,1784546871496
1784546879896,4,289.929,270.473,mc,5,1784546871496
1784546879896,5,763.641,362.266,mc,3,1784546871496
1784546879896,6,99.4123,354.197,mc,5,1784546871496
1784546879896,7,459.055,693.016,mc,4,1784546871496
1784546879896,8,316.512,519.469,mc,4,1784546871496
1784546879896,9,597.587,730.447,mc,4,1784546871496
1784546879896,10,312.052,503.251,mc,5,1784546871496
1784546879996,1,520.594,247.726,mc,5,1784546871496
1784546879996,2,294.259,214.027,mc,5,1784546871496
1784546879996,3,452.659,353.57,mc,3,1784546871496
1784546879996,4,289.974,270.816,mc,5,1784546871496
1784546879996,5,763.528,362.882,mc,3,1784546871496
1784546879996,6,99.8878,354.467,mc,5,1784546871496
1784546879996,7,458.814,692.825,mc,4,1784546871496
1784546879996,8,316.811,519.379,mc,4,1784546871496
1784546879996,9,597.308,730.905,mc,4,1784546871496
1784546879996,10,311.817,502.709,mc,5,1784546871496
1784546880096,1,520.678,248.034,mc,5,1784546871496
1784546880096,2,293.922,214.309,mc,5,1784546871496
1784546880096,3,453.061,353.652,mc,3,1784546871496
1784546880096,4,290.018,271.159,mc,5,1784546871496
1784546880096,5,763.416,363.498,mc,3,1784546871496
1784546880096,6,100.363,354.737,mc,5,1784546871496
1784546880096,7,458.573,692.634,mc,4,1784546871496
1784546880096,8,317.111,519.288,mc,4,1784546871496
1784546880096,9,597.03,731.363,mc,4,1784546871496
1784546880096,10,311.581,502.167,mc,5,1784546871496
1784546880196,1,520.761,248.341,mc,5,1784546871496
1784546880196,2,293.584,214.592,mc,5,1784546871496
1784546880196,3,453.463,353.735,mc,3,1784546871496
1784546880196,4,290.063,271.503,mc,5,1784546871496
1784546880196,5,763.304,364.114,mc,3,1784546871496
1784546880196,6,100.839,355.007,mc,5,1784546871496
1784546880196,7,458.332,692.443,mc,4,1784546871496
1784546880196,8,317.41,519.197,mc,4,1784546871496
1784546880196,9,596.751,731.82,mc,4,1784546871496
1784546880196,10,311.346,501.625,mc,5,1784546871496
1784546880296,1,520.845,248.648,mc,5,1784546871496
1784546880296,2,293.246,214.874,mc,5,1784546871496
1784546880296,3,453.865,353.817,mc,3,1784546871496
1784546880296,4,290.108,271.846,mc,5,1784546871496
1784546880296,5,763.192,364.73,mc,3,1784546871496
1784546880296,6,101.314,355.277,mc,5,1784546871496
1784546880296,7,458.091,692.252,mc,4,1784546871496
1784546880296,8,317.709,519.107,mc,4,1784546871496
1784546880296,9,596.472,732.278,mc,4,1784546871496
1784546880296,10,311.11,501.083,mc,5,1784546871496
1784546880396,1,520.928,248.956,mc,5,1784546871496
1784546880396,2,292.908,215.156,mc,5,1784546871496
1784546880396,3,454.267,353.899,mc,3,1784546871496
1784546880396,4,290.152,272.19,mc,5,1784546871496
1784546880396,5,763.079,365.346,mc,3,1784546871496
1784546880396,6,101.79,355.547,mc,5,1784546871496
1784546880396,7,457.85,692.061,mc,4,1784546871496
1784546880396,8,318.008,519.016,mc,4,1784546871496
1784546880396,9,596.193,732.735,mc,4,1784546871496
1784546880396,10,310.874,500.541,mc,5,1784546871496
1784546880496,1,521.012,249.263,mc,5,1784546871496
1784546880496,2,292.571,215.439,mc,5,1784546871496
1784546880496,3,454.669,353.982,mc,3,1784546871496
1784546880496,4,290.197,272.533,mc,5,1784546871496
1784546880496,5,762.967,365.962,mc,3,1784546871496
1784546880496,6,102.265,355.817,mc,5,1784546871496
1784546880496,7,457.609,691.87,mc,4,1784546871496
1784546880496,8,318.308,518.925,mc,4,1784546871496
1784546880496,9,595.915,733.193,mc,4,1784546871496
1784546880496,10,310.639,499.999,mc,5,1784546871496
1784546880596,1,521.096,249.57,mc,5,1784546871496
1784546880596,2,292.233,215.721,mc,5,1784546871496
1784546880596,3,455.071,354.064,mc,3,1784546871496
1784546880596,4,290.241,272.876,mc,5,1784546871496
1784546880596,5,762.855,366.578,mc,3,1784546871496
1784546880596,6,102.741,356.087,mc,5,1784546871496
1784546880596,7,457.368,691.679,mc,4,1784546871496
1784546880596,8,318.607,518.835,mc,4,1784546871496
1784546880596,9,595.636,733.651,mc,4,1784546871496
1784546880596,10,310.403,499.457,mc,5,1784546871496
1784546880696,1,521.179,249.877,mc,5,1784546871496
1784546880696,2,291.895,216.004,mc,5,1784546871496
1784546880696,3,455.473,354.147,mc,3,1784546871496
1784546880696,4,290.286,273.22,mc,5,1784546871496
1784546880696,5,762.743,367.194,mc,3,1784546871496
1784546880696,6,103.216,356.356,mc,5,1784546871496
1784546880696,7,457.127,691.488,mc,4,1784546871496
1784546880696,8,318.906,518.744,mc,4,1784546871496
1784546880696,9,595.357,734.108,mc,4,1784546871496
1784546880696,10,310.168,498.916,mc,5,1784546871496
1784546880796,1,521.263,250.185,mc,5,1784546871496
1784546880796,2,291.558,216.286,mc,5,1784546871496
1784546880796,3,455.875,354.229,mc,3,1784546871496
1784546880796,4,290.331,273.563,mc,5,1784546871496
1784546880796,5,762.631,367.81,mc,3,1784546871496
1784546880796,6,103.692,356.626,mc,5,1784546871496
1784546880796,7,456.886,691.297,mc,4,1784546871496
1784546880796,8,319.205,518.653,mc,4,1784546871496
1784546880796,9,595.079,734.566,mc,4,1784546871496
1784546880796,10,309.932,498.374,mc,5,1784546871496
1784546880896,1,521.347,250.492,mc,5,1784546871496
1784546880896,2,291.22,216.568,mc,5,1784546871496
1784546880896,3,456.277,354.311,mc,3,1784546871496
1784546880896,4,290.375,273.906,mc,5,1784546871496
1784546880896,5,762.518,368.426,mc,3,1784546871496
1784546880896,6,104.167,356.896,mc,5,1784546871496
1784546880896,7,456.645,691.106,mc,4,1784546871496
1784546880896,8,319.505,518.563,mc,4,1784546871496
1784546880896,9,594.8,735.024,mc,4,1784546871496
1784546880896,10,309.696,497.832,mc,5,1784546871496
1784546880996,1,521.43,250.799,mc,5,1784546871496
1784546880996,2,290.882,216.851,mc,5,1784546871496
1784546880996,3,456.679,354.394,mc,3,1784546871496
1784546880996,4,290.42,274.25,mc,5,1784546871496
1784546880996,5,762.406,369.042,mc,3,1784546871496
1784546880996,6,104.643,357.166,mc,5,1784546871496
1784546880996,7,456.404,690.915,mc,4,1784546871496
1784546880996,8,319.804,518.472,mc,4,1784546871496
1784546880996,9,594.521,735.481,mc,4,1784546871496
1784546880996,10,309.461,497.29,mc,5,1784546871496
1784546881096,1,521.514,251.107,mc,5,1784546871496
1784546881096,2,290.544,217.133,mc,5,1784546871496
1784546881096,3,457.081,354.476,mc,3,1784546871496
1784546881096,4,290.465,274.593,mc,5,1784546871496
1784546881096,5,762.294,369.658,mc,3,1784546871496
1784546881096,6,105.118,357.436,mc,5,1784546871496
1784546881096,7,456.163,690.724,mc,4,1784546871496
1784546881096,8,320.103,518.382,mc,4,1784546871496
1784546881096,9,594.243,735.939,mc,4,1784546871496
1784546881096,10,309.225,496.748,mc,5,1784546871496
1784546881196,1,521.598,251.414,mc,5,1784546871496
1784546881196,2,290.207,217.416,mc,5,1784546871496
1784546881196,3,457.483,354.558,mc,3,1784546871496
1784546881196,4,290.509,274.937,mc,5,1784546871496
1784546881196,5,762.182,370.274,mc,3,1784546871496
1784546881196,6,105.594,357.706,mc,5,1784546871496
1784546881196,7,455.922,690.533,mc,4,1784546871496
1784546881196,8,320.402,518.291,mc,4,1784546871496
1784546881196,9,593.964,736.397,mc,4,1784546871496
1784546881196,10,308.99,496.206,mc,5,1784546871496
1784546881296,1,521.681,251.721,mc,5,1784546871496
1784546881296,2,289.869,217.698,mc,5,1784546871496
1784546881296,3,457.885,354.641,mc,3,1784546871496
1784546881296,4,290.554,275.28,mc,5,1784546871496
1784546881296,5,762.069,370.89,mc,3,1784546871496
1784546881296,6,106.069,357.976,mc,5,1784546871496
1784546881296,7,455.838,690.279,mc,4,1784546871496
1784546881296,8,320.702,518.2,mc,4,1784546871496
1784546881296,9,593.685,736.854,mc,4,1784546871496
1784546881296,10,308.754,495.664,mc,5,1784546871496
1784546881396,1,521.765,252.029,mc,5,1784546871496
1784546881396,2,289.531,217.98,mc,5,1784546871496
1784546881396,3,458.287,354.723,mc,3,1784546871496
1784546881396,4,290.598,275.623,mc,5,1784546871496
1784546881396,5,761.957,371.506,mc,3,1784546871496
1784546881396,6,106.545,358.246,mc,5,1784546871496
1784546881396,7,455.959,689.943,mc,4,1784546871496
1784546881396,8,321.001,518.11,mc,4,1784546871496
1784546881396,9,593.407,737.312,mc,4,1784546871496
1784546881396,10,308.519,495.122,mc,5,1784546871496
1784546881496,1,521.849,252.336,mc,5,1784546871496
1784546881496,2,289.193,218.263,mc,5,1784546871496
1784546881496,3,458.689,354.806,mc,3,1784546871496
1784546881496,4,290.643,275.967,mc,5,1784546871496
1784546881496,5,761.845,372.122,mc,3,1784546871496
1784546881496,6,107.02,358.515,mc,5,1784546871496
1784546881496,7,456.08,689.607,mc,4,1784546871496
1784546881496,8,321.3,518.019,mc,4,1784546871496
1784546881496,9,593.128,737.77,mc,4,1784546871496
1784546881496,10,308.283,494.58,mc,5,1784546871496
1784546881596,1,521.932,252.643,mc,5,1784546871496
1784546881596,2,288.856,218.545,mc,5,1784546871496
1784546881596,3,459.091,354.888,mc,3,1784546871496
1784546881596,4,290.688,276.31,mc,5,1784546871496
1784546881596,5,761.733,372.738,mc,3,1784546871496
1784546881596,6,107.496,358.785,mc,5,1784546871496
1784546881596,7,456.201,689.27,mc,4,1784546871496
1784546881596,8,321.599,517.928,mc,4,1784546871496
1784546881596,9,592.849,738.227,mc,4,1784546871496
1784546881596,10,308.047,494.038,mc,5,1784546871496
1784546881696,1,522.016,252.951,mc,5,1784546871496
1784546881696,2,288.518,218.828,mc,5,1784546871496
1784546881696,3,459.493,354.97,mc,3,1784546871496
1784546881696,4,290.732,276.653,mc,5,1784546871496
1784546881696,5,761.621,373.354,mc,3,1784546871496
1784546881696,6,107.971,359.055,mc,5,1784546871496
1784546881696,7,456.322,688.934,mc,4,1784546871496
1784546881696,8,321.899,517.838,mc,4,1784546871496
1784546881696,9,592.571,738.685,mc,4,1784546871496
1784546881696,10,307.812,493.496,mc,5,1784546871496
1784546881796,1,522.099,253.258,mc,5,1784546871496
1784546881796,2,288.18,219.11,mc,5,1784546871496
1784546881796,3,459.895,355.053,mc,3,1784546871496
1784546881796,4,290.777,276.997,mc,5,1784546871496
1784546881796,5,761.508,373.97,mc,3,1784546871496
1784546881796,6,108.447,359.325,mc,5,1784546871496
1784546881796,7,456.443,688.598,mc,4,1784546871496
1784546881796,8,322.198,517.747,mc,4,1784546871496
1784546881796,9,592.292,739.143,mc,4,1784546871496
1784546881796,10,307.576,492.954,mc,5,1784546871496
1784546881896,1,522.183,253.565,mc,5,1784546871496
1784546881896,2,287.842,219.393,mc,5,1784546871496
1784546881896,3,460.297,355.135,mc,3,1784546871496
1784546881896,4,290.822,277.34,mc,5,1784546871496
1784546881896,5,761.396,374.586,mc,3,1784546871496
1784546881896,6,108.922,359.595,mc,5,1784546871496
1784546881896,7,456.564,688.261,mc,4,1784546871496
1784546881896,8,322.497,517.656,mc,4,1784546871496
1784546881896,9,592.013,739.6,mc,4,1784546871496
1784546881896,10,307.341,492.412,mc,5,1784546871496
1784546881996,1,522.267,253.872,mc,5,1784546871496
1784546881996,2,287.505,219.675,mc,5,1784546871496
1784546881996,3,460.699,355.218,mc,3,1784546871496
1784546881996,4,290.866,277.684,mc,5,1784546871496
1784546881996,5,761.284,375.202,mc,3,1784546871496
1784546881996,6,109.398,359.865,mc,5,1784546871496
1784546881996,7,456.685,687.925,mc,4,1784546871496
1784546881996,8,322.796,517.566,mc,4,1784546871496
1784546881996,9,591.735,740.058,mc,4,1784546871496
1784546881996,10,307.105,491.87,mc,5,1784546871496
1784546882096,1,522.35,254.18,mc,5,1784546871496
1784546882096,2,287.167,219.957,mc,5,1784546871496
1784546882096,3,461.101,355.3,mc,3,1784546871496
1784546882096,4,290.911,278.027,mc,5,1784546871496
1784546882096,5,761.172,375.818,mc,3,1784546871496
1784546882096,6,109.873,360.135,mc,5,1784546871496
1784546882096,7,456.806,687.588,mc,4,1784546871496
1784546882096,8,323.096,517.475,mc,4,1784546871496
1784546882096,9,591.458,740.031,mc,4,1784546871496
1784546882096,10,306.869,491.328,mc,5,1784546871496
1784546882196,1,522.434,254.487,mc,5,1784546871496
1784546882196,2,286.829,220.24,mc,5,1784546871496
1784546882196,3,461.503,355.382,mc,3,1784546871496
1784546882196,4,290.955,278.37,mc,5,1784546871496
1784546882196,5,761.059,376.434,mc,3,1784546871496
1784546882196,6,110.349,360.405,mc,5,1784546871496
1784546882196,7,456.927,687.252,mc,4,1784546871496
1784546882196,8,323.395,517.384,mc,4,1784546871496
1784546882196,9,591.184,739.565,mc,4,1784546871496
1784546882196,10,306.634,490.786,mc,5,1784546871496
1784546882296,1,522.518,254.794,mc,5,1784546871496
1784546882296,2,286.491,220.522,mc,5,1784546871496
1784546882296,3,461.905,355.465,mc,3,1784546871496
1784546882296,4,291,278.714,mc,5,1784546871496
1784546882296,5,761.029,376.861,mc,3,1784546871496
1784546882296,6,110.824,360.674,mc,5,1784546871496
1784546882296,7,457.048,686.916,mc,4,1784546871496
1784546882296,8,323.694,517.294,mc,4,1784546871496
1784546882296,9,590.909,739.1,mc,4,1784546871496
1784546882296,10,306.398,490.244,mc,5,1784546871496
1784546882396,1,522.601,255.102,mc,5,1784546871496
1784546882396,2,286.154,220.805,mc,5,1784546871496
1784546882396,3,462.307,355.547,mc,3,1784546871496
1784546882396,4,291.045,279.057,mc,5,1784546871496
1784546882396,5,761.379,376.404,mc,3,1784546871496
1784546882396,6,111.3,360.944,mc,5,1784546871496
1784546882396,7,457.169,686.579,mc,4,1784546871496
1784546882396,8,323.993,517.203,mc,4,1784546871496
1784546882396,9,590.635,738.635,mc,4,1784546871496
1784546882396,10,306.163,489.702,mc,5,1784546871496
1784546882496,1,522.685,255.409,mc,5,1784546871496
1784546882496,2,285.816,221.087,mc,5,1784546871496
1784546882496,3,462.709,355.629,mc,3,1784546871496
1784546882496,4,291.089,279.4,mc,5,1784546871496
1784546882496,5,761.73,375.947,mc,3,1784546871496
1784546882496,6,111.775,361.214,mc,5,1784546871496
1784546882496,7,457.29,686.243,mc,4,1784546871496
1784546882496,8,324.293,517.113,mc,4,1784546871496
1784546882496,9,590.36,738.169,mc,4,1784546871496
1784546882496,10,305.927,489.16,mc,5,1784546871496
1784546882596,1,522.769,255.716,mc,5,1784546871496
1784546882596,2,285.478,221.369,mc,5,1784546871496
1784546882596,3,463.111,355.712,mc,3,1784546871496
1784546882596,4,291.134,279.744,mc,5,1784546871496
1784546882596,5,762.08,375.49,mc,3,1784546871496
1784546882596,6,112.251,361.484,mc,5,1784546871496
1784546882596,7,457.411,685.907,mc,4,1784546871496
1784546882596,8,324.592,517.022,mc,4,1784546871496
1784546882596,9,590.086,737.704,mc,4,1784546871496
1784546882596,10,305.564,489.153,mc,5,1784546871496
1784546882696,1,522.852,256.024,mc,5,1784546871496
1784546882696,2,285.14,221.652,mc,5,1784546871496
1784546882696,3,463.513,355.794,mc,3,1784546871496
1784546882696,4,291.179,280.087,mc,5,1784546871496
1784546882696,5,762.431,375.033,mc,3,1784546871496
1784546882696,6,112.726,361.754,mc,5,1784546871496
1784546882696,7,457.532,685.57,mc,4,1784546871496
1784546882696,8,324.891,516.931,mc,4,1784546871496
1784546882696,9,589.812,737.239,mc,4,1784546871496
1784546882696,10,305.174,489.257,mc,5,1784546871496
1784546882796,1,522.936,256.331,mc,5,1784546871496
1784546882796,2,284.803,221.934,mc,5,1784546871496
1784546882796,3,463.915,355.877,mc,3,1784546871496
1784546882796,4,291.223,280.43,mc,5,1784546871496
1784546882796,5,762.781,374.577,mc,3,1784546871496
1784546882796,6,113.202,362.024,mc,5,1784546871496
1784546882796,7,457.653,685.234,mc,4,1784546871496
1784546882796,8,325.19,516.841,mc,4,1784546871496
1784546882796,9,589.537,736.773,mc,4,1784546871496
1784546882796,10,304.785,489.362,mc,5,1784546871496
1784546882896,1,523.02,256.638,mc,5,1784546871496
1784546882896,2,284.465,222.217,mc,5,1784546871496
1784546882896,3,464.317,355.959,mc,3,1784546871496
1784546882896,4,291.268,280.774,mc,5,1784546871496
1784546882896,5,763.132,374.12,mc,3,1784546871496
1784546882896,6,113.677,362.294,mc,5,1784546871496
1784546882896,7,457.774,684.898,mc,4,1784546871496
1784546882896,8,325.49,516.75,mc,4,1784546871496
1784546882896,9,589.263,736.308,mc,4,1784546871496
1784546882896,10,304.395,489.466,mc,5,1784546871496
1784546882996,1,523.103,256.945,mc,5,1784546871496
1784546882996,2,284.127,222.499,mc,5,1784546871496
1784546882996,3,464.719,356.041,mc,3,1784546871496
1784546882996,4,291.312,281.117,mc,5,1784546871496
1784546882996,5,763.482,373.663,mc,3,1784546871496
1784546882996,6,114.153,362.564,mc,5,1784546871496
1784546882996,7,457.895,684.561,mc,4,1784546871496
1784546882996,8,325.789,516.659,mc,4,1784546871496
1784546882996,9,588.988,735.843,mc,4,1784546871496
1784546882996,10,304.005,489.571,mc,5,1784546871496
1784546883096,1,523.187,257.253,mc,5,1784546871496
1784546883096,2,283.789,222.781,mc,5,1784546871496
1784546883096,3,465.12,356.124,mc,3,1784546871496
1784546883096,4,291.357,281.461,mc,5,1784546871496
1784546883096,5,763.833,373.206,mc,3,1784546871496
1784546883096,6,114.628,362.833,mc,5,1784546871496
1784546883096,7,458.016,684.225,mc,4,1784546871496
1784546883096,8,326.088,516.569,mc,4,1784546871496
1784546883096,9,588.714,735.377,mc,4,1784546871496
1784546883096,10,303.616,489.675,mc,5,1784546871496
1784546883196,1,523.271,257.56,mc,5,1784546871496
1784546883196,2,283.452,223.064,mc,5,1784546871496
1784546883196,3,465.522,356.206,mc,3,1784546871496
1784546883196,4,291.402,281.804,mc,5,1784546871496
1784546883196,5,764.183,372.749,mc,3,1784546871496
1784546883196,6,115.103,363.103,mc,5,1784546871496
1784546883196,7,458.137,683.888,mc,4,1784546871496
1784546883196,8,326.387,516.478,mc,4,1784546871496
1784546883196,9,588.439,734.912,mc,4,1784546871496
1784546883196,10,303.226,489.78,mc,5,1784546871496
1784546883296,1,523.354,257.867,mc,5,1784546871496
1784546883296,2,283.114,223.346,mc,5,1784546871496
1784546883296,3,465.924,356.288,mc,3,1784546871496
1784546883296,4,291.446,282.147,mc,5,1784546871496
1784546883296,5,764.534,372.292,mc,3,1784546871496
1784546883296,6,115.579,363.373,mc,5,1784546871496
1784546883296,7,458.258,683.552,mc,4,1784546871496
1784546883296,8,326.687,516.387,mc,4,1784546871496
1784546883296,9,588.165,734.446,mc,4,1784546871496
1784546883296,10,302.836,489.885,mc,5,1784546871496
1784546883396,1,523.438,258.175,mc,5,1784546871496
1784546883396,2,282.776,223.629,mc,5,1784546871496
1784546883396,3,466.326,356.371,mc,3,1784546871496
1784546883396,4,291.491,282.491,mc,5,1784546871496
1784546883396,5,764.885,371.835,mc,3,1784546871496
1784546883396,6,116.054,363.643,mc,5,1784546871496
1784546883396,7,458.379,683.216,mc,4,1784546871496
1784546883396,8,326.986,516.297,mc,4,1784546871496
1784546883396,9,587.89,733.981,mc,4,1784546871496
1784546883396,10,302.446,489.989,mc,5,1784546871496
1784546883496,1,523.521,258.482,mc,5,1784546871496
1784546883496,2,282.438,223.911,mc,5,1784546871496
1784546883496,3,466.728,356.453,mc,3,1784546871496
1784546883496,4,291.536,282.834,mc,5,1784546871496
1784546883496,5,765.235,371.378,mc,3,1784546871496
1784546883496,6,116.53,363.913,mc,5,1784546871496
1784546883496,7,458.5,682.879,mc,4,1784546871496
1784546883496,8,327.285,516.206,mc,4,1784546871496
1784546883496,9,587.616,733.516,mc,4,1784546871496
1784546883496,10,302.057,490.094,mc,5,1784546871496
1784546883596,1,523.605,258.789,mc,5,1784546871496
1784546883596,2,282.101,224.194,mc,5,1784546871496
1784546883596,3,467.13,356.536,mc,3,1784546871496
1784546883596,4,291.58,283.177,mc,5,1784546871496
1784546883596,5,765.586,370.921,mc,3,1784546871496
1784546883596,6,117.005,364.183,mc,5,1784546871496
1784546883596,7,458.621,682.543,mc,4,1784546871496
1784546883596,8,327.584,516.115,mc,4,1784546871496
1784546883596,9,587.341,733.05,mc,4,1784546871496
1784546883596,10,301.667,490.198,mc,5,1784546871496
1784546883696,1,523.689,259.097,mc,5,1784546871496
1784546883696,2,281.763,224.476,mc,5,1784546871496
1784546883696,3,467.532,356.618,mc,3,1784546871496
1784546883696,4,291.625,283.521,mc,5,1784546871496
1784546883696,5,765.936,370.464,mc,3,1784546871496
1784546883696,6,117.481,364.453,mc,5,1784546871496
1784546883696,7,458.742,682.207,mc,4,1784546871496
1784546883696,8,327.884,516.025,mc,4,1784546871496
1784546883696,9,587.067,732.585,mc,4,1784546871496
1784546883696,10,301.277,490.303,mc,5,1784546871496
1784546883796,1,523.772,259.404,mc,5,1784546871496
1784546883796,2,281.425,224.758,mc,5,1784546871496
1784546883796,3,467.934,356.7,mc,3,1784546871496
1784546883796,4,291.669,283.864,mc,5,1784546871496
1784546883796,5,766.287,370.007,mc,3,1784546871496
1784546883796,6,117.956,364.723,mc,5,1784546871496
1784546883796,7,458.863,681.87,mc,4,1784546871496
1784546883796,8,328.183,515.934,mc,4,1784546871496
1784546883796,9,586.792,732.12,mc,4,1784546871496
1784546883796,10,300.888,490.407,mc,5,1784546871496
1784546883896,1,523.856,259.711,mc,5,1784546871496
1784546883896,2,281.087,225.041,mc,5,1784546871496
1784546883896,3,468.336,356.783,mc,3,1784546871496
1784546883896,4,291.714,284.208,mc,5,1784546871496
1784546883896,5,766.637,369.55,mc,3,1784546871496
1784546883896,6,118.432,364.992,mc,5,1784546871496
1784546883896,7,458.984,681.534,mc,4,1784546871496
1784546883896,8,328.482,515.843,mc,4,1784546871496
1784546883896,9,586.518,731.654,mc,4,1784546871496
1784546883896,10,300.498,490.512,mc,5,1784546871496
1784546883996,1,523.94,260.019,mc,5,1784546871496
1784546883996,2,280.75,225.323,mc,5,1784546871496
1784546883996,3,468.738,356.865,mc,3,1784546871496
1784546883996,4,291.759,284.551,mc,5,1784546871496
1784546883996,5,766.988,369.094,mc,3,1784546871496
1784546883996,6,118.907,365.262,mc,5,1784546871496
1784546883996,7,459.105,681.198,mc,4,1784546871496
1784546883996,8,328.781,515.753,mc,4,1784546871496
1784546883996,9,586.243,731.189,mc,4,1784546871496
1784546883996,10,300.108,490.617,mc,5,1784546871496
1784546884096,1,524.023,260.326,mc,5,1784546871496
1784546884096,2,280.412,225.606,mc,5,1784546871496
1784546884096,3,469.14,356.948,mc,3,1784546871496
1784546884096,4,291.803,284.894,mc,5,1784546871496
1784546884096,5,767.338,368.637,mc,3,1784546871496
1784546884096,6,119.383,365.532,mc,5,1784546871496
1784546884096,7,459.226,680.861,mc,4,1784546871496
1784546884096,8,329.081,515.662,mc,4,1784546871496
1784546884096,9,585.969,730.724,mc,4,1784546871496
1784546884096,10,299.719,490.721,mc,5,1784546871496
1784546884196,1,524.107,260.633,mc,5,1784546871496
1784546884196,2,280.074,225.888,mc,5,1784546871496
1784546884196,3,469.542,357.03,mc,3,1784546871496
1784546884196,4,291.848,285.238,mc,5,1784546871496
1784546884196,5,767.689,368.18,mc,3,1784546871496
1784546884196,6,119.858,365.802,mc,5,1784546871496
1784546884196,7,459.347,680.525,mc,4,1784546871496
1784546884196,8,329.38,515.572,mc,4,1784546871496
1784546884196,9,585.695,730.258,mc,4,1784546871496
1784546884196,10,299.329,490.826,mc,5,1784546871496
1784546884296,1,524.191,260.94,mc,5,1784546871496
1784546884296,2,279.737,226.17,mc,5,1784546871496
1784546884296,3,469.944,357.112,mc,3,1784546871496
1784546884296,4,291.893,285.581,mc,5,1784546871496
1784546884296,5,768.039,367.723,mc,3,1784546871496
1784546884296,6,120.334,366.072,mc,5,1784546871496
1784546884296,7,459.468,680.188,mc,4,1784546871496
1784546884296,8,329.679,515.481,mc,4,1784546871496
1784546884296,9,585.42,729.793,mc,4,1784546871496
1784546884296,10,298.939,490.93,mc,5,1784546871496
1784546884396,1,524.274,261.248,mc,5,1784546871496
1784546884396,2,279.399,226.453,mc,5,1784546871496
1784546884396,3,470.346,357.195,mc,3,1784546871496
1784546884396,4,291.937,285.924,mc,5,1784546871496
1784546884396,5,768.39,367.266,mc,3,1784546871496
1784546884396,6,120.809,366.342,mc,5,1784546871496
1784546884396,7,459.589,679.852,mc,4,1784546871496
1784546884396,8,329.978,515.39,mc,4,1784546871496
1784546884396,9,585.146,729.328,mc,4,1784546871496
1784546884396,10,298.549,491.035,mc,5,1784546871496
1784546884496,1,524.358,261.555,mc,5,1784546871496
1784546884496,2,279.061,226.735,mc,5,1784546871496
1784546884496,3,470.748,357.277,mc,3,1784546871496
1784546884496,4,291.982,286.268,mc,5,1784546871496
1784546884496,5,768.741,366.809,mc,3,1784546871496
1784546884496,6,121.285,366.612,mc,5,1784546871496
1784546884496,7,459.71,679.516,mc,4,1784546871496
1784546884496,8,330.278,515.3,mc,4,1784546871496
1784546884496,9,584.871,728.862,mc,4,1784546871496
1784546884496,10,298.16,491.139,mc,5,1784546871496
1784546884596,1,524.442,261.862,mc,5,1784546871496
1784546884596,2,278.723,227.018,mc,5,1784546871496
1784546884596,3,471.15,357.359,mc,3,1784546871496
1784546884596,4,292.026,286.611,mc,5,1784546871496
1784546884596,5,769.091,366.352,mc,3,1784546871496
1784546884596,6,121.732,366.785,mc,5,1784546871496
1784546884596,7,459.832,679.179,mc,4,1784546871496
1784546884596,8,330.577,515.209,mc,4,1784546871496
1784546884596,9,584.597,728.397,mc,4,1784546871496
1784546884596,10,297.77,491.244,mc,5,1784546871496
1784546884696,1,524.525,262.17,mc,5,1784546871496
1784546884696,2,278.386,227.3,mc,5,1784546871496
1784546884696,3,471.552,357.442,mc,3,1784546871496
1784546884696,4,292.071,286.955,mc,5,1784546871496
1784546884696,5,769.442,365.895,mc,3,1784546871496
1784546884696,6,122.142,366.834,mc,5,1784546871496
1784546884696,7,459.953,678.843,mc,4,1784546871496
1784546884696,8,330.876,515.118,mc,4,1784546871496
1784546884696,9,584.322,727.932,mc,4,1784546871496
1784546884696,10,297.38,491.349,mc,5,1784546871496
1784546884796,1,524.609,262.477,mc,5,1784546871496
1784546884796,2,278.048,227.582,mc,5,1784546871496
1784546884796,3,471.954,357.524,mc,3,1784546871496
1784546884796,4,292.116,287.298,mc,5,1784546871496
1784546884796,5,769.792,365.438,mc,3,1784546871496
1784546884796,6,122.552,366.884,mc,5,1784546871496
1784546884796,7,460.074,678.507,mc,4,1784546871496
1784546884796,8,331.175,515.028,mc,4,1784546871496
1784546884796,9,584.048,727.466,mc,4,1784546871496
1784546884796,10,296.991,491.453,mc,5,1784546871496
1784546884896,1,524.692,262.784,mc,5,1784546871496
1784546884896,2,277.71,227.865,mc,5,1784546871496
1784546884896,3,472.356,357.607,mc,3,1784546871496
1784546884896,4,292.16,287.641,mc,5,1784546871496
1784546884896,5,770.143,364.981,mc,3,1784546871496
1784546884896,6,122.962,366.933,mc,5,1784546871496
1784546884896,7,460.195,678.17,mc,4,1784546871496
1784546884896,8,331.475,514.937,mc,4,1784546871496
1784546884896,9,583.773,727.001,mc,4,1784546871496
1784546884896,10,296.601,491.558,mc,5,1784546871496
1784546884996,1,524.776,263.092,mc,5,1784546871496
1784546884996,2,277.372,228.147,mc,5,1784546871496
1784546884996,3,472.758,357.689,mc,3,1784546871496
1784546884996,4,292.205,287.985,mc,5,1784546871496
1784546884996,5,770.493,364.524,mc,3,1784546871496
1784546884996,6,123.372,366.982,mc,5,1784546871496
1784546884996,7,460.316,677.834,mc,4,1784546871496
1784546884996,8,331.774,514.846,mc,4,1784546871496
1784546884996,9,583.499,726.535,mc,4,1784546871496
1784546884996,10,296.211,491.662,mc,5,1784546871496
1784546885096,1,524.86,263.399,mc,5,1784546871496
1784546885096,2,277.035,228.43,mc,5,1784546871496
1784546885096,3,473.16,357.771,mc,3,1784546871496
1784546885096,4,292.25,288.328,mc,5,1784546871496
1784546885096,5,770.844,364.068,mc,3,1784546871496
1784546885096,6,123.783,367.032,mc,5,1784546871496
1784546885096,7,460.437,677.498,mc,4,1784546871496
1784546885096,8,332.073,514.756,mc,4,1784546871496
1784546885096,9,583.224,726.07,mc,4,1784546871496
1784546885096,10,295.822,491.767,mc,5,1784546871496
1784546885196,1,524.943,263.706,mc,5,1784546871496
1784546885196,2,276.697,228.712,mc,5,1784546871496
1784546885196,3,473.562,357.854,mc,3,1784546871496
1784546885196,4,292.294,288.671,mc,5,1784546871496
1784546885196,5,771.194,363.611,mc,3,1784546871496
1784546885196,6,124.193,367.081,mc,5,1784546871496
1784546885196,7,460.558,677.161,mc,4,1784546871496
1784546885196,8,332.372,514.665,mc,4,1784546871496
1784546885196,9,582.95,725.605,mc,4,1784546871496
1784546885196,10,295.432,491.871,mc,5,1784546871496
1784546885296,1,525.027,264.014,mc,5,1784546871496
1784546885296,2,276.359,228.995,mc,5,1784546871496
1784546885296,3,473.964,357.936,mc,3,1784546871496
1784546885296,4,292.339,289.015,mc,5,1784546871496
1784546885296,5,771.545,363.154,mc,3,1784546871496
1784546885296,6,124.603,367.131,mc,5,1784546871496
1784546885296,7,460.679,676.825,mc,4,1784546871496
1784546885296,8,332.672,514.574,mc,4,1784546871496
1784546885296,9,582.675,725.139,mc,4,1784546871496
1784546885296,10,295.042,491.976,mc,5,1784546871496
1784546885396,1,525.111,264.321,mc,5,1784546871496
1784546885396,2,276.021,229.277,mc,5,1784546871496
1784546885396,3,474.366,358.018,mc,3,1784546871496
1784546885396,4,292.383,289.358,mc,5,1784546871496
1784546885396,5,771.895,362.697,mc,3,1784546871496
1784546885396,6,125.013,367.18,mc,5,1784546871496
1784546885396,7,460.8,676.488,mc,4,1784546871496
1784546885396,8,332.971,514.484,mc,4,1784546871496
1784546885396,9,582.401,724.674,mc,4,1784546871496
1784546885396,10,294.652,492.08,mc,5,1784546871496
1784546885496,1,525.194,264.628,mc,5,1784546871496
1784546885496,2,275.684,229.559,mc,5,1784546871496
1784546885496,3,474.768,358.101,mc,3,1784546871496
1784546885496,4,292.351,289.799,mc,5,1784546871496
1784546885496,5,772.246,362.24,mc,3,1784546871496
1784546885496,6,125.423,367.229,mc,5,1784546871496
1784546885496,7,460.921,676.152,mc,4,1784546871496
1784546885496,8,333.27,514.393,mc,4,1784546871496
1784546885496,9,582.126,724.209,mc,4,1784546871496
1784546885496,10,294.263,492.185,mc,5,1784546871496
1784546885596,1,525.278,264.935,mc,5,1784546871496
1784546885596,2,275.433,229.508,mc,5,1784546871496
1784546885596,3,475.17,358.183,mc,3,1784546871496
1784546885596,4,292.206,290.381,mc,5,1784546871496
1784546885596,5,772.597,361.783,mc,3,1784546871496
1784546885596,6,125.834,367.279,mc,5,1784546871496
1784546885596,7,461.042,675.816,mc,4,1784546871496
1784546885596,8,333.569,514.302,mc,4,1784546871496
1784546885596,9,581.852,723.743,mc,4,1784546871496
1784546885596,10,293.873,492.29,mc,5,1784546871496
1784546885696,1,525.362,265.243,mc,5,1784546871496
1784546885696,2,275.33,228.89,mc,5,1784546871496
1784546885696,3,475.572,358.266,mc,3,1784546871496
1784546885696,4,292.062,290.963,mc,5,1784546871496
1784546885696,5,772.947,361.326,mc,3,1784546871496
1784546885696,6,126.244,367.328,mc,5,1784546871496
1784546885696,7,461.163,675.479,mc,4,1784546871496
1784546885696,8,333.869,514.212,mc,4,1784546871496
1784546885696,9,581.578,723.278,mc,4,1784546871496
1784546885696,10,293.483,492.394,mc,5,1784546871496
1784546885796,1,525.445,265.55,mc,5,1784546871496
1784546885796,2,275.228,228.271,mc,5,1784546871496
1784546885796,3,475.974,358.348,mc,3,1784546871496
1784546885796,4,291.917,291.545,mc,5,1784546871496
1784546885796,5,773.298,360.869,mc,3,1784546871496
1784546885796,6,126.654,367.378,mc,5,1784546871496
1784546885796,7,461.284,675.143,mc,4,1784546871496
1784546885796,8,334.168,514.121,mc,4,1784546871496
1784546885796,9,581.303,722.813,mc,4,1784546871496
1784546885796,10,293.094,492.499,mc,5,1784546871496
1784546885896,1,525.529,265.857,mc,5,1784546871496
1784546885896,2,275.125,227.653,mc,5,1784546871496
1784546885896,3,476.077,358.632,mc,3,1784546871496
1784546885896,4,291.773,292.127,mc,5,1784546871496
1784546885896,5,773.648,360.412,mc,3,1784546871496
1784546885896,6,127.064,367.427,mc,5,1784546871496
1784546885896,7,461.405,674.807,mc,4,1784546871496
1784546885896,8,334.467,514.031,mc,4,1784546871496
1784546885896,9,581.029,722.347,mc,4,1784546871496
1784546885896,10,292.704,492.603,mc,5,1784546871496
1784546885996,1,525.613,266.165,mc,5,1784546871496
1784546885996,2,275.023,227.035,mc,5,1784546871496
1784546885996,3,476.003,359.034,mc,3,1784546871496
1784546885996,4,291.629,292.709,mc,5,1784546871496
1784546885996,5,773.999,359.955,mc,3,1784546871496
1784546885996,6,127.474,367.476,mc,5,1784546871496
1784546885996,7,461.526,674.47,mc,4,1784546871496
1784546885996,8,334.766,513.94,mc,4,1784546871496
1784546885996,9,580.754,721.882,mc,4,1784546871496
1784546885996,10,292.314,492.708,mc,5,1784546871496
1784546886096,1,525.696,266.472,mc,5,1784546871496
1784546886096,2,274.92,226.417,mc,5,1784546871496
1784546886096,3,475.93,359.437,mc,3,1784546871496
1784546886096,4,291.484,293.29,mc,5,1784546871496
1784546886096,5,774.349,359.498,mc,3,1784546871496
1784546886096,6,127.885,367.526,mc,5,1784546871496
1784546886096,7,461.647,674.134,mc,4,1784546871496
1784546886096,8,335.066,513.849,mc,4,1784546871496
1784546886096,9,580.48,721.417,mc,4,1784546871496
1784546886096,10,291.924,492.812,mc,5,1784546871496
1784546886196,1,525.78,266.779,mc,5,1784546871496
1784546886196,2,274.817,225.799,mc,5,1784546871496
1784546886196,3,475.856,359.84,mc,3,1784546871496
1784546886196,4,291.34,293.872,mc,5,1784546871496
1784546886196,5,774.7,359.041,mc,3,1784546871496
1784546886196,6,128.295,367.575,mc,5,1784546871496
1784546886196,7,461.768,673.798,mc,4,1784546871496
1784546886196,8,335.365,513.759,mc,4,1784546871496
1784546886196,9,580.205,720.951,mc,4,1784546871496
1784546886196,10,291.535,492.917,mc,5,1784546871496
1784546886296,1,525.687,267.356,mc,5,1784546871496
1784546886296,2,274.715,225.181,mc,5,1784546871496
1784546886296,3,475.782,360.242,mc,3,1784546871496
1784546886296,4,291.195,294.454,mc,5,1784546871496
1784546886296,5,775.05,358.585,mc,3,1784546871496
1784546886296,6,128.705,367.624,mc,5,1784546871496
1784546886296,7,461.889,673.461,mc,4,1784546871496
1784546886296,8,335.664,513.668,mc,4,1784546871496
1784546886296,9,579.931,720.486,mc,4,1784546871496
1784546886296,10,291.145,493.022,mc,5,1784546871496
1784546886396,1,525.56,267.985,mc,5,1784546871496
1784546886396,2,274.612,224.563,mc,5,1784546871496
1784546886396,3,475.709,360.645,mc,3,1784546871496
1784546886396,4,291.051,295.036,mc,5,1784546871496
1784546886396,5,775.401,358.128,mc,3,1784546871496
1784546886396,6,129.115,367.674,mc,5,1784546871496
1784546886396,7,462.01,673.125,mc,4,1784546871496
1784546886396,8,335.963,513.577,mc,4,1784546871496
1784546886396,9,579.656,720.021,mc,4,1784546871496
1784546886396,10,290.755,493.126,mc,5,1784546871496
1784546886496,1,525.432,268.614,mc,5,1784546871496
1784546886496,2,274.509,223.945,mc,5,1784546871496
1784546886496,3,475.635,361.047,mc,3,1784546871496
1784546886496,4,290.906,295.618,mc,5,1784546871496
1784546886496,5,775.751,357.671,mc,3,1784546871496
1784546886496,6,129.525,367.723,mc,5,1784546871496
1784546886496,7,462.131,672.788,mc,4,1784546871496
1784546886496,8,336.263,513.487,mc,4,1784546871496
1784546886496,9,579.382,719.555,mc,4,1784546871496
1784546886496,10,290.366,493.231,mc,5,1784546871496
1784546886596,1,525.305,269.243,mc,5,1784546871496
1784546886596,2,274.407,223.327,mc,5,1784546871496
1784546886596,3,475.561,361.45,mc,3,1784546871496
1784546886596,4,290.762,296.2,mc,5,1784546871496
1784546886596,5,776.102,357.214,mc,3,1784546871496
1784546886596,6,129.936,367.773,mc,5,1784546871496
1784546886596,7,462.252,672.452,mc,4,1784546871496
1784546886596,8,336.562,513.396,mc,4,1784546871496
1784546886596,9,579.107,719.09,mc,4,1784546871496
1784546886596,10,289.976,493.335,mc,5,1784546871496
1784546886696,1,525.178,269.872,mc,5,1784546871496
1784546886696,2,274.304,222.709,mc,5,1784546871496
1784546886696,3,475.488,361.853,mc,3,1784546871496
1784546886696,4,290.618,296.782,mc,5,1784546871496
1784546886696,5,776.453,356.757,mc,3,1784546871496
1784546886696,6,130.346,367.822,mc,5,1784546871496
1784546886696,7,462.373,672.116,mc,4,1784546871496
1784546886696,8,336.861,513.305,mc,4,1784546871496
1784546886696,9,578.833,718.624,mc,4,1784546871496
1784546886696,10,289.586,493.44,mc,5,1784546871496
1784546886796,1,525.051,270.502,mc,5,1784546871496
1784546886796,2,274.201,222.091,mc,5,1784546871496
1784546886796,3,475.414,362.255,mc,3,1784546871496
1784546886796,4,290.473,297.364,mc,5,1784546871496
1784546886796,5,776.803,356.3,mc,3,1784546871496
1784546886796,6,130.756,367.871,mc,5,1784546871496
1784546886796,7,462.494,671.779,mc,4,1784546871496
1784546886796,8,337.16,513.215,mc,4,1784546871496
1784546886796,9,578.558,718.159,mc,4,1784546871496
1784546886796,10,289.197,493.544,mc,5,1784546871496
1784546886896,1,524.924,271.131,mc,5,1784546871496
1784546886896,2,274.099,221.473,mc,5,1784546871496
1784546886896,3,475.34,362.658,mc,3,1784546871496
1784546886896,4,290.329,297.946,mc,5,1784546871496
1784546886896,5,777.154,355.843,mc,3,1784546871496
1784546886896,6,131.166,367.921,mc,5,1784546871496
1784546886896,7,462.615,671.443,mc,4,1784546871496
1784546886896,8,337.46,513.124,mc,4,1784546871496
1784546886896,9,578.284,717.694,mc,4,1784546871496
1784546886896,10,288.807,493.649,mc,5,1784546871496
1784546886996,1,524.797,271.76,mc,5,1784546871496
1784546886996,2,273.996,220.855,mc,5,1784546871496
1784546886996,3,475.267,363.06,mc,3,1784546871496
1784546886996,4,290.184,298.528,mc,5,1784546871496
1784546886996,5,777.504,355.386,mc,3,1784546871496
1784546886996,6,131.576,367.97,mc,5,1784546871496
1784546886996,7,462.736,671.107,mc,4,1784546871496
1784546886996,8,337.759,513.033,mc,4,1784546871496
1784546886996,9,578.009,717.228,mc,4,1784546871496
1784546886996,10,288.417,493.754,mc,5,1784546871496
1784546887096,1,524.669,272.389,mc,5,1784546871496
1784546887096,2,273.893,220.237,mc,5,1784546871496
1784546887096,3,475.193,363.463,mc,3,1784546871496
1784546887096,4,290.04,299.109,mc,5,1784546871496
1784546887096,5,777.855,354.929,mc,3,1784546871496
1784546887096,6,131.987,368.02,mc,5,1784546871496
1784546887096,7,462.857,670.77,mc,4,1784546871496
1784546887096,8,338.058,512.943,mc,4,1784546871496
1784546887096,9,577.735,716.763,mc,4,1784546871496
1784546887096,10,288.027,493.858,mc,5,1784546871496
1784546887196,1,524.542,273.018,mc,5,1784546871496
1784546887196,2,273.791,219.619,mc,5,1784546871496
1784546887196,3,475.119,363.866,mc,3,1784546871496
1784546887196,4,289.895,299.691,mc,5,1784546871496
1784546887196,5,778.205,354.472,mc,3,1784546871496
1784546887196,6,132.397,368.069,mc,5,1784546871496
1784546887196,7,462.978,670.434,mc,4,1784546871496
1784546887196,8,338.357,512.852,mc,4,1784546871496
1784546887196,9,577.461,716.298,mc,4,1784546871496
1784546887196,10,287.638,493.963,mc,5,1784546871496
1784546887296,1,524.415,273.647,mc,5,1784546871496
1784546887296,2,273.688,219.001,mc,5,1784546871496
1784546887296,3,475.046,364.268,mc,3,1784546871496
1784546887296,4,289.751,300.273,mc,5,1784546871496
1784546887296,5,778.556,354.015,mc,3,1784546871496
1784546887296,6,132.807,368.118,mc,5,1784546871496
1784546887296,7,463.099,670.097,mc,4,1784546871496
1784546887296,8,338.657,512.762,mc,4,1784546871496
1784546887296,9,577.186,715.832,mc,4,1784546871496
1784546887296,10,287.248,494.067,mc,5,1784546871496
1784546887396,1,524.288,274.276,mc,5,1784546871496
1784546887396,2,273.585,218.383,mc,5,1784546871496
1784546887396,3,474.972,364.671,mc,3,1784546871496
1784546887396,4,289.607,300.855,mc,5,1784546871496
1784546887396,5,778.906,353.558,mc,3,1784546871496
1784546887396,6,133.217,368.168,mc,5,1784546871496
1784546887396,7,463.22,669.761,mc,4,1784546871496
1784546887396,8,338.956,512.671,mc,4,1784546871496
1784546887396,9,576.912,715.367,mc,4,1784546871496
1784546887396,10,286.858,494.172,mc,5,1784546871496
1784546887496,1,524.161,274.905,mc,5,1784546871496
1784546887496,2,273.483,217.765,mc,5,1784546871496
1784546887496,3,474.898,365.074,mc,3,1784546871496
1784546887496,4,289.462,301.437,mc,5,1784546871496
1784546887496,5,779.229,353.18,mc,3,1784546871496
1784546887496,6,133.627,368.217,mc,5,1784546871496
1784546887496,7,463.341,669.425,mc,4,1784546871496
1784546887496,8,339.255,512.58,mc,4,1784546871496
1784546887496,9,576.637,714.902,mc,4,1784546871496
1784546887496,10,286.469,494.276,mc,5,1784546871496
1784546887596,1,524.034,275.534,mc,5,1784546871496
1784546887596,2,273.38,217.147,mc,5,1784546871496
1784546887596,3,474.825,365.476,mc,3,1784546871496
1784546887596,4,289.318,302.019,mc,5,1784546871496
1784546887596,5,779.245,353.67,mc,3,1784546871496
1784546887596,6,134.038,368.267,mc,5,1784546871496
1784546887596,7,463.462,669.088,mc,4,1784546871496
1784546887596,8,339.554,512.49,mc,4,1784546871496
1784546887596,9,576.363,714.436,mc,4,1784546871496
1784546887596,10,286.079,494.381,mc,5,1784546871496
1784546887696,1,523.907,276.163,mc,5,1784546871496
1784546887696,2,273.278,216.529,mc,5,1784546871496
1784546887696,3,474.751,365.879,mc,3,1784546871496
1784546887696,4,289.173,302.601,mc,5,1784546871496
1784546887696,5,779.26,354.16,mc,3,1784546871496
1784546887696,6,134.448,368.316,mc,5,1784546871496
1784546887696,7,463.583,668.752,mc,4,1784546871496
1784546887696,8,339.854,512.399,mc,4,1784546871496
1784546887696,9,576.705,714.188,mc,4,1784546871496
1784546887696,10,285.689,494.485,mc,5,1784546871496
1784546887796,1,523.779,276.792,mc,5,1784546871496
1784546887796,2,273.175,215.911,mc,5,1784546871496
1784546887796,3,474.677,366.281,mc,3,1784546871496
1784546887796,4,289.029,303.183,mc,5,1784546871496
1784546887796,5,779.276,354.65,mc,3,1784546871496
1784546887796,6,134.858,368.365,mc,5,1784546871496
1784546887796,7,463.704,668.416,mc,4,1784546871496
1784546887796,8,340.153,512.308,mc,4,1784546871496
1784546887796,9,577.049,713.94,mc,4,1784546871496
1784546887796,10,285.3,494.59,mc,5,1784546871496
1784546887896,1,523.652,277.421,mc,5,1784546871496
1784546887896,2,273.072,215.293,mc,5,1784546871496
1784546887896,3,474.604,366.684,mc,3,1784546871496
1784546887896,4,288.885,303.765,mc,5,1784546871496
1784546887896,5,779.291,355.14,mc,3,1784546871496
1784546887896,6,135.268,368.415,mc,5,1784546871496
1784546887896,7,463.825,668.079,mc,4,1784546871496
1784546887896,8,340.452,512.218,mc,4,1784546871496
1784546887896,9,577.393,713.692,mc,4,1784546871496
1784546887896,10,284.91,494.695,mc,5,1784546871496
1784546887996,1,523.525,278.05,mc,5,1784546871496
1784546887996,2,272.97,214.675,mc,5,1784546871496
1784546887996,3,474.53,367.087,mc,3,1784546871496
1784546887996,4,288.74,304.346,mc,5,1784546871496
1784546887996,5,779.306,355.629,mc,3,1784546871496
1784546887996,6,135.678,368.464,mc,5,1784546871496
1784546887996,7,463.946,667.743,mc,4,1784546871496
1784546887996,8,340.751,512.127,mc,4,1784546871496
1784546887996,9,577.737,713.444,mc,4,1784546871496
1784546887996,10,284.52,494.799,mc,5,1784546871496
1784546888096,1,523.398,278.679,mc,5,1784546871496
1784546888096,2,272.867,214.057,mc,5,1784546871496
1784546888096,3,474.456,367.489,mc,3,1784546871496
1784546888096,4,288.596,304.928,mc,5,1784546871496
1784546888096,5,779.322,356.119,mc,3,1784546871496
1784546888096,6,136.089,368.514,mc,5,1784546871496
1784546888096,7,464.067,667.407,mc,4,1784546871496
1784546888096,8,341.051,512.036,mc,4,1784546871496
1784546888096,9,578.082,713.196,mc,4,1784546871496
1784546888096,10,284.13,494.904,mc,5,1784546871496
1784546888196,1,523.271,279.308,mc,5,1784546871496
1784546888196,2,272.764,213.439,mc,5,1784546871496
1784546888196,3,474.383,367.892,mc,3,1784546871496
1784546888196,4,288.451,305.51,mc,5,1784546871496
1784546888196,5,779.337,356.609,mc,3,1784546871496
1784546888196,6,136.499,368.563,mc,5,1784546871496
1784546888196,7,464.188,667.07,mc,4,1784546871496
1784546888196,8,341.35,511.946,mc,4,1784546871496
1784546888196,9,578.426,712.948,mc,4,1784546871496
1784546888196,10,283.741,495.008,mc,5,1784546871496
1784546888296,1,523.144,279.937,mc,5,1784546871496
1784546888296,2,272.662,212.82,mc,5,1784546871496
1784546888296,3,474.309,368.294,mc,3,1784546871496
1784546888296,4,288.307,306.092,mc,5,1784546871496
1784546888296,5,779.353,357.099,mc,3,1784546871496
1784546888296,6,136.909,368.612,mc,5,1784546871496
1784546888296,7,464.309,666.734,mc,4,1784546871496
1784546888296,8,341.649,511.855,mc,4,1784546871496
1784546888296,9,578.77,712.7,mc,4,1784546871496
1784546888296,10,283.351,495.113,mc,5,1784546871496
1784546888396,1,523.016,280.566,mc,5,1784546871496
1784546888396,2,272.559,212.202,mc,5,1784546871496
1784546888396,3,474.235,368.697,mc,3,1784546871496
1784546888396,4,288.162,306.674,mc,5,1784546871496
1784546888396,5,779.368,357.589,mc,3,1784546871496
1784546888396,6,137.319,368.662,mc,5,1784546871496
1784546888396,7,464.43,666.397,mc,4,1784546871496
1784546888396,8,341.948,511.764,mc,4,1784546871496
1784546888396,9,579.114,712.452,mc,4,1784546871496
1784546888396,10,282.961,495.217,mc,5,1784546871496
1784546888496,1,522.889,281.195,mc,5,1784546871496
1784546888496,2,272.456,211.584,mc,5,1784546871496
1784546888496,3,474.161,369.1,mc,3,1784546871496
1784546888496,4,288.018,307.256,mc,5,1784546871496
1784546888496,5,779.384,358.079,mc,3,1784546871496
1784546888496,6,137.729,368.711,mc,5,1784546871496
1784546888496,7,464.551,666.061,mc,4,1784546871496
1784546888496,8,342.248,511.674,mc,4,1784546871496
1784546888496,9,579.458,712.204,mc,4,1784546871496
1784546888496,10,282.572,495.322,mc,5,1784546871496
1784546888596,1,522.762,281.824,mc,5,1784546871496
1784546888596,2,272.354,210.966,mc,5,1784546871496
1784546888596,3,474.088,369.502,mc,3,1784546871496
1784546888596,4,287.874,307.838,mc,5,1784546871496
1784546888596,5,779.399,358.569,mc,3,1784546871496
1784546888596,6,138.14,368.761,mc,5,1784546871496
1784546888596,7,464.672,665.725,mc,4,1784546871496
1784546888596,8,342.547,511.583,mc,4,1784546871496
1784546888596,9,579.802,711.956,mc,4,1784546871496
1784546888596,10,282.182,495.427,mc,5,1784546871496
1784546888696,1,522.635,282.453,mc,5,1784546871496
1784546888696,2,272.251,210.348,mc,5,1784546871496
1784546888696,3,474.014,369.905,mc,3,1784546871496
1784546888696,4,287.729,308.42,mc,5,1784546871496
1784546888696,5,779.415,359.059,mc,3,1784546871496
1784546888696,6,138.55,368.81,mc,5,1784546871496
1784546888696,7,464.793,665.388,mc,4,1784546871496
1784546888696,8,342.846,511.492,mc,4,1784546871496
1784546888696,9,580.147,711.708,mc,4,1784546871496
1784546888696,10,281.792,495.531,mc,5,1784546871496
1784546888796,1,522.508,283.082,mc,5,1784546871496
1784546888796,2,272.148,209.73,mc,5,1784546871496
1784546888796,3,473.94,370.308,mc,3,1784546871496
1784546888796,4,287.585,309.002,mc,5,1784546871496
1784546888796,5,779.43,359.549,mc,3,1784546871496
1784546888796,6,138.96,368.859,mc,5,1784546871496
1784546888796,7,464.914,665.052,mc,4,1784546871496
1784546888796,8,343.145,511.402,mc,4,1784546871496
1784546888796,9,580.491,711.46,mc,4,1784546871496
1784546888796,10,281.403,495.636,mc,5,1784546871496
1784546888896,1,522.381,283.711,mc,5,1784546871496
1784546888896,2,272.046,209.112,mc,5,1784546871496
1784546888896,3,473.867,370.71,mc,3,1784546871496
1784546888896,4,287.44,309.584,mc,5,1784546871496
1784546888896,5,779.446,360.038,mc,3,1784546871496
1784546888896,6,139.37,368.909,mc,5,1784546871496
1784546888896,7,465.035,664.716,mc,4,1784546871496
1784546888896,8,343.445,511.311,mc,4,1784546871496
1784546888896,9,580.835,711.212,mc,4,1784546871496
1784546888896,10,281.013,495.74,mc,5,1784546871496
1784546888996,1,522.254,284.34,mc,5,1784546871496
1784546888996,2,271.943,208.494,mc,5,1784546871496
1784546888996,3,473.793,371.113,mc,3,1784546871496
1784546888996,4,287.296,310.165,mc,5,1784546871496
1784546888996,5,779.461,360.528,mc,3,1784546871496
1784546888996,6,139.78,368.958,mc,5,1784546871496
1784546888996,7,465.156,664.379,mc,4,1784546871496
1784546888996,8,343.744,511.221,mc,4,1784546871496
1784546888996,9,581.179,710.964,mc,4,1784546871496
1784546888996,10,280.623,495.845,mc,5,1784546871496
1784546889096,1,522.126,284.969,mc,5,1784546871496
1784546889096,2,271.841,207.876,mc,5,1784546871496
1784546889096,3,473.719,371.515,mc,3,1784546871496
1784546889096,4,287.151,310.747,mc,5,1784546871496
1784546889096,5,779.477,361.018,mc,3,1784546871496
1784546889096,6,140.191,369.007,mc,5,1784546871496
1784546889096,7,465.277,664.043,mc,4,1784546871496
1784546889096,8,344.043,511.13,mc,4,1784546871496
1784546889096,9,581.523,710.716,mc,4,1784546871496
1784546889096,10,280.233,495.949,mc,5,1784546871496
1784546889196,1,521.999,285.598,mc,5,1784546871496
1784546889196,2,271.738,207.258,mc,5,1784546871496
1784546889196,3,473.646,371.918,mc,3,1784546871496
1784546889196,4,287.007,311.329,mc,5,1784546871496
1784546889196,5,779.492,361.508,mc,3,1784546871496
1784546889196,6,140.601,369.057,mc,5,1784546871496
1784546889196,7,465.398,663.707,mc,4,1784546871496
1784546889196,8,344.342,511.039,mc,4,1784546871496
1784546889196,9,581.867,710.468,mc,4,1784546871496
1784546889196,10,279.844,496.054,mc,5,1784546871496
1784546889296,1,521.872,286.227,mc,5,1784546871496
1784546889296,2,271.635,206.64,mc,5,1784546871496
1784546889296,3,473.572,372.321,mc,3,1784546871496
1784546889296,4,286.863,311.911,mc,5,1784546871496
1784546889296,5,779.508,361.998,mc,3,1784546871496
1784546889296,6,141.011,369.106,mc,5,1784546871496
1784546889296,7,465.519,663.37,mc,4,1784546871496
1784546889296,8,344.642,510.949,mc,4,1784546871496
1784546889296,9,582.211,710.22,mc,4,1784546871496
1784546889296,10,279.454,496.159,mc,5,1784546871496
1784546889396,1,521.745,286.856,mc,5,1784546871496
1784546889396,2,271.533,206.022,mc,5,1784546871496
1784546889396,3,473.498,372.723,mc,3,1784546871496
1784546889396,4,286.718,312.493,mc,5,1784546871496
1784546889396,5,779.523,362.488,mc,3,1784546871496
1784546889396,6,141.421,369.156,mc,5,1784546871496
1784546889396,7,465.641,663.034,mc,4,1784546871496
1784546889396,8,344.596,511.042,mc,4,1784546871496
1784546889396,9,582.556,709.972,mc,4,1784546871496
1784546889396,10,279.064,496.263,mc,5,1784546871496
1784546889496,1,521.618,287.485,mc,5,1784546871496
1784546889496,2,271.43,205.404,mc,5,1784546871496
1784546889496,3,473.425,373.126,mc,3,1784546871496
1784546889496,4,286.574,313.075,mc,5,1784546871496
1784546889496,5,779.539,362.978,mc,3,1784546871496
1784546889496,6,141.831,369.205,mc,5,1784546871496
1784546889496,7,465.762,662.697,mc,4,1784546871496
1784546889496,8,344.066,511.394,mc,4,1784546871496
1784546889496,9,582.9,709.724,mc,4,1784546871496
1784546889496,10,278.675,496.368,mc,5,1784546871496
1784546889596,1,521.491,288.114,mc,5,1784546871496
1784546889596,2,271.327,204.786,mc,5,1784546871496
1784546889596,3,473.351,373.528,mc,3,1784546871496
1784546889596,4,286.429,313.657,mc,5,1784546871496
1784546889596,5,779.554,363.468,mc,3,1784546871496
1784546889596,6,142.242,369.254,mc,5,1784546871496
1784546889596,7,465.883,662.361,mc,4,1784546871496
1784546889596,8,343.536,511.747,mc,4,1784546871496
1784546889596,9,583.244,709.476,mc,4,1784546871496
1784546889596,10,278.285,496.472,mc,5,1784546871496
1784546889696,1,521.363,288.743,mc,5,1784546871496
1784546889696,2,271.225,204.168,mc,5,1784546871496
1784546889696,3,473.277,373.931,mc,3,1784546871496
1784546889696,4,286.285,314.239,mc,5,1784546871496
1784546889696,5,779.569,363.958,mc,3,1784546871496
1784546889696,6,142.652,369.304,mc,5,1784546871496
1784546889696,7,465.839,661.94,mc,4,1784546871496
1784546889696,8,343.007,512.099,mc,4,1784546871496
1784546889696,9,583.588,709.228,mc,4,1784546871496
1784546889696,10,277.895,496.577,mc,5,1784546871496
1784546889796,1,521.236,289.372,mc,5,1784546871496
1784546889796,2,271.122,203.55,mc,5,1784546871496
1784546889796,3,473.204,374.334,mc,3,1784546871496
1784546889796,4,286.14,314.821,mc,5,1784546871496
1784546889796,5,779.585,364.447,mc,3,1784546871496
1784546889796,6,143.062,369.353,mc,5,1784546871496
1784546889796,7,465.637,661.439,mc,4,1784546871496
1784546889796,8,342.477,512.451,mc,4,1784546871496
1784546889796,9,583.932,708.98,mc,4,1784546871496
1784546889796,10,277.505,496.681,mc,5,1784546871496
1784546889896,1,521.109,290.002,mc,5,1784546871496
1784546889896,2,271.019,202.932,mc,5,1784546871496
1784546889896,3,473.13,374.736,mc,3,1784546871496
1784546889896,4,285.996,315.402,mc,5,1784546871496
1784546889896,5,779.6,364.937,mc,3,1784546871496
1784546889896,6,143.472,369.403,mc,5,1784546871496
1784546889896,7,465.436,660.937,mc,4,1784546871496
1784546889896,8,341.947,512.803,mc,4,1784546871496
1784546889896,9,584.276,708.732,mc,4,1784546871496
1784546889896,10,277.116,496.786,mc,5,1784546871496
1784546889996,1,520.982,290.631,mc,5,1784546871496
1784546889996,2,270.917,202.314,mc,5,1784546871496
1784546889996,3,473.056,375.139,mc,3,1784546871496
1784546889996,4,285.852,315.984,mc,5,1784546871496
1784546889996,5,779.616,365.427,mc,3,1784546871496
1784546889996,6,143.882,369.452,mc,5,1784546871496
1784546889996,7,465.234,660.436,mc,4,1784546871496
1784546889996,8,341.417,513.156,mc,4,1784546871496
1784546889996,9,584.621,708.484,mc,4,1784546871496
1784546889996,10,276.807,496.642,mc,5,1784546871496
1784546890096,1,520.855,291.26,mc,5,1784546871496
1784546890096,2,270.814,201.696,mc,5,1784546871496
1784546890096,3,472.983,375.542,mc,3,1784546871496
1784546890096,4,285.707,316.566,mc,5,1784546871496
1784546890096,5,779.631,365.917,mc,3,1784546871496
1784546890096,6,144.293,369.501,mc,5,1784546871496
1784546890096,7,465.033,659.934,mc,4,1784546871496
1784546890096,8,340.887,513.508,mc,4,1784546871496
1784546890096,9,584.965,708.236,mc,4,1784546871496
1784546890096,10,276.587,496.222,mc,5,1784546871496
1784546890196,1,520.728,291.889,mc,5,1784546871496
1784546890196,2,270.711,201.078,mc,5,1784546871496
1784546890196,3,472.909,375.944,mc,3,1784546871496
1784546890196,4,285.563,317.148,mc,5,1784546871496
1784546890196,5,779.647,366.407,mc,3,1784546871496
1784546890196,6,144.703,369.551,mc,5,1784546871496
1784546890196,7,464.831,659.433,mc,4,1784546871496
1784546890196,8,340.357,513.86,mc,4,1784546871496
1784546890196,9,585.309,707.988,mc,4,1784546871496
1784546890196,10,276.367,495.803,mc,5,1784546871496
1784546890296,1,520.601,292.518,mc,5,1784546871496
1784546890296,2,270.609,200.46,mc,5,1784546871496
1784546890296,3,472.835,376.347,mc,3,1784546871496
1784546890296,4,285.418,317.73,mc,5,1784546871496
1784546890296,5,779.662,366.897,mc,3,1784546871496
1784546890296,6,145.113,369.6,mc,5,1784546871496
1784546890296,7,464.63,658.931,mc,4,1784546871496
1784546890296,8,339.827,514.213,mc,4,1784546871496
1784546890296,9,585.653,707.74,mc,4,1784546871496
1784546890296,10,276.147,495.383,mc,5,1784546871496
1784546890396,1,520.473,293.147,mc,5,1784546871496
1784546890396,2,270.498,200.342,mc,5,1784546871496
1784546890396,3,472.762,376.749,mc,3,1784546871496
1784546890396,4,285.274,318.312,mc,5,1784546871496
1784546890396,5,779.678,367.387,mc,3,1784546871496
1784546890396,6,145.523,369.65,mc,5,1784546871496
1784546890396,7,464.428,658.429,mc,4,1784546871496
1784546890396,8,339.297,514.565,mc,4,1784546871496
1784546890396,9,585.997,707.492,mc,4,1784546871496
1784546890396,10,275.928,494.964,mc,5,1784546871496
1784546890496,1,520.346,293.776,mc,5,1784546871496
1784546890496,2,270.378,200.752,mc,5,1784546871496
1784546890496,3,472.688,377.152,mc,3,1784546871496
1784546890496,4,285.369,318.602,mc,5,1784546871496
1784546890496,5,779.693,367.877,mc,3,1784546871496
1784546890496,6,145.933,369.699,mc,5,1784546871496
1784546890496,7,464.226,657.928,mc,4,1784546871496
1784546890496,8,338.767,514.917,mc,4,1784546871496
1784546890496,9,586.341,707.244,mc,4,1784546871496
1784546890496,10,275.708,494.544,mc,5,1784546871496
1784546890596,1,520.219,294.405,mc,5,1784546871496
1784546890596,2,270.258,201.163,mc,5,1784546871496
1784546890596,3,472.614,377.555,mc,3,1784546871496
1784546890596,4,285.87,318.398,mc,5,1784546871496
1784546890596,5,779.709,368.366,mc,3,1784546871496
1784546890596,6,146.344,369.748,mc,5,1784546871496
1784546890596,7,464.025,657.426,mc,4,1784546871496
1784546890596,8,338.237,515.269,mc,4,1784546871496
1784546890596,9,586.685,706.996,mc,4,1784546871496
1784546890596,10,275.488,494.125,mc,5,1784546871496
1784546890696,1,520.092,295.034,mc,5,1784546871496
1784546890696,2,270.137,201.573,mc,5,1784546871496
1784546890696,3,472.54,377.957,mc,3,1784546871496
1784546890696,4,286.371,318.194,mc,5,1784546871496
1784546890696,5,779.724,368.856,mc,3,1784546871496
1784546890696,6,146.754,369.798,mc,5,1784546871496
1784546890696,7,463.823,656.925,mc,4,1784546871496
1784546890696,8,337.707,515.622,mc,4,1784546871496
1784546890696,9,587.03,706.748,mc,4,1784546871496
1784546890696,10,275.268,493.705,mc,5,1784546871496
1784546890796,1,519.965,295.663,mc,5,1784546871496
1784546890796,2,270.017,201.984,mc,5,1784546871496
1784546890796,3,472.467,378.36,mc,3,1784546871496
1784546890796,4,286.872,317.99,mc,5,1784546871496
1784546890796,5,779.74,369.346,mc,3,1784546871496
1784546890796,6,147.164,369.847,mc,5,1784546871496
1784546890796,7,463.622,656.423,mc,4,1784546871496
1784546890796,8,337.177,515.974,mc,4,1784546871496
1784546890796,9,587.374,706.5,mc,4,1784546871496
1784546890796,10,275.048,493.286,mc,5,1784546871496
1784546890896,1,519.798,296.215,mc,5,1784546871496
1784546890896,2,269.897,202.394,mc,5,1784546871496
1784546890896,3,472.393,378.763,mc,3,1784546871496
1784546890896,4,287.373,317.786,mc,5,1784546871496
1784546890896,5,779.755,369.836,mc,3,1784546871496
1784546890896,6,147.574,369.897,mc,5,1784546871496
1784546890896,7,463.42,655.922,mc,4,1784546871496
1784546890896,8,336.647,516.326,mc,4,1784546871496
1784546890896,9,587.718,706.252,mc,4,1784546871496
1784546890896,10,274.828,492.866,mc,5,1784546871496
1784546890996,1,519.241,296.013,mc,5,1784546871496
1784546890996,2,269.777,202.805,mc,5,1784546871496
1784546890996,3,472.319,379.165,mc,3,1784546871496
1784546890996,4,287.874,317.582,mc,5,1784546871496
1784546890996,5,779.771,370.326,mc,3,1784546871496
1784546890996,6,147.984,369.946,mc,5,1784546871496
1784546890996,7,463.219,655.42,mc,4,1784546871496
1784546890996,8,336.118,516.679,mc,4,1784546871496
1784546890996,9,588.062,706.004,mc,4,1784546871496
1784546890996,10,274.609,492.447,mc,5,1784546871496
1784546891096,1,518.684,295.811,mc,5,1784546871496
1784546891096,2,269.657,203.215,mc,5,1784546871496
1784546891096,3,472.246,379.568,mc,3,1784546871496
1784546891096,4,288.375,317.378,mc,5,1784546871496
1784546891096,5,779.786,370.816,mc,3,1784546871496
1784546891096,6,148.395,369.995,mc,5,1784546871496
1784546891096,7,463.017,654.919,mc,4,1784546871496
1784546891096,8,335.588,517.031,mc,4,1784546871496
1784546891096,9,588.406,705.756,mc,4,1784546871496
1784546891096,10,274.389,492.027,mc,5,1784546871496
1784546891196,1,518.126,295.608,mc,5,1784546871496
1784546891196,2,269.537,203.626,mc,5,1784546871496
1784546891196,3,472.172,379.97,mc,3,1784546871496
1784546891196,4,288.876,317.174,mc,5,1784546871496
1784546891196,5,779.802,371.306,mc,3,1784546871496
1784546891196,6,148.805,370.045,mc,5,1784546871496
1784546891196,7,462.816,654.417,mc,4,1784546871496
1784546891196,8,335.058,517.383,mc,4,1784546871496
1784546891196,9,588.75,705.508,mc,4,1784546871496
1784546891196,10,274.169,491.608,mc,5,1784546871496
1784546891296,1,517.569,295.406,mc,5,1784546871496
1784546891296,2,269.417,204.036,mc,5,1784546871496
1784546891296,3,472.098,380.373,mc,3,1784546871496
1784546891296,4,289.377,316.971,mc,5,1784546871496
1784546891296,5,779.817,371.796,mc,3,1784546871496
1784546891296,6,149.215,370.094,mc,5,1784546871496
1784546891296,7,462.614,653.915,mc,4,1784546871496
1784546891296,8,334.528,517.735,mc,4,1784546871496
1784546891296,9,589.094,705.26,mc,4,1784546871496
1784546891296,10,273.949,491.188,mc,5,1784546871496
1784546891396,1,517.012,295.204,mc,5,1784546871496
1784546891396,2,269.297,204.447,mc,5,1784546871496
1784546891396,3,472.025,380.776,mc,3,1784546871496
1784546891396,4,289.878,316.767,mc,5,1784546871496
1784546891396,5,779.832,372.286,mc,3,1784546871496
1784546891396,6,149.625,370.144,mc,5,1784546871496
1784546891396,7,462.412,653.414,mc,4,1784546871496
1784546891396,8,333.998,518.088,mc,4,1784546871496
1784546891396,9,589.439,705.012,mc,4,1784546871496
1784546891396,10,273.729,490.769,mc,5,1784546871496
1784546891496,1,516.455,295.001,mc,5,1784546871496
1784546891496,2,269.177,204.857,mc,5,1784546871496
1784546891496,3,471.951,381.178,mc,3,1784546871496
1784546891496,4,290.379,316.563,mc,5,1784546871496
1784546891496,5,779.848,372.775,mc,3,1784546871496
1784546891496,6,150.035,370.193,mc,5,1784546871496
1784546891496,7,462.211,652.912,mc,4,1784546871496
1784546891496,8,333.468,518.44,mc,4,1784546871496
1784546891496,9,589.783,704.764,mc,4,1784546871496
1784546891496,10,273.51,490.349,mc,5,1784546871496
1784546891596,1,515.897,294.799,mc,5,1784546871496
1784546891596,2,269.057,205.268,mc,5,1784546871496
1784546891596,3,471.877,381.581,mc,3,1784546871496
1784546891596,4,290.88,316.359,mc,5,1784546871496
1784546891596,5,779.863,373.265,mc,3,1784546871496
1784546891596,6,150.446,370.242,mc,5,1784546871496
1784546891596,7,462.009,652.411,mc,4,1784546871496
1784546891596,8,332.938,518.792,mc,4,1784546871496
1784546891596,9,590.127,704.516,mc,4,1784546871496
1784546891596,10,273.29,489.93,mc,5,1784546871496
1784546891696,1,515.34,294.596,mc,5,1784546871496
1784546891696,2,268.937,205.678,mc,5,1784546871496
1784546891696,3,471.804,381.983,mc,3,1784546871496
1784546891696,4,291.381,316.155,mc,5,1784546871496
1784546891696,5,779.879,373.755,mc,3,1784546871496
1784546891696,6,150.856,370.292,mc,5,1784546871496
1784546891696,7,461.808,651.909,mc,4,1784546871496
1784546891696,8,332.408,519.145,mc,4,1784546871496
1784546891696,9,590.471,704.268,mc,4,1784546871496
1784546891696,10,273.07,489.51,mc,5,1784546871496
1784546891796,1,514.783,294.394,mc,5,1784546871496
1784546891796,2,268.816,206.089,mc,5,1784546871496
1784546891796,3,471.73,382.386,mc,3,1784546871496
1784546891796,4,291.882,315.951,mc,5,1784546871496
1784546891796,5,779.894,374.245,mc,3,1784546871496
1784546891796,6,151.266,370.341,mc,5,1784546871496
1784546891796,7,461.606,651.408,mc,4,1784546871496
1784546891796,8,331.878,519.497,mc,4,1784546871496
1784546891796,9,590.815,704.02,mc,4,1784546871496
1784546891796,10,272.85,489.091,mc,5,1784546871496
1784546891896,1,514.226,294.192,mc,5,1784546871496
1784546891896,2,268.696,206.499,mc,5,1784546871496
1784546891896,3,471.656,382.789,mc,3,1784546871496
1784546891896,4,292.383,315.747,mc,5,1784546871496
1784546891896,5,779.91,374.735,mc,3,1784546871496
1784546891896,6,150.947,370.386,mc,5,1784546871496
1784546891896,7,461.405,650.906,mc,4,1784546871496
1784546891896,8,331.348,519.849,mc,4,1784546871496
1784546891896,9,591.159,703.772,mc,4,1784546871496
1784546891896,10,272.63,488.671,mc,5,1784546871496
1784546891996,1,513.668,293.989,mc,5,1784546871496
1784546891996,2,268.576,206.91,mc,5,1784546871496
1784546891996,3,471.583,383.191,mc,3,1784546871496
1784546891996,4,292.884,315.543,mc,5,1784546871496
1784546891996,5,779.925,375.225,mc,3,1784546871496
1784546891996,6,150.475,370.43,mc,5,1784546871496
1784546891996,7,461.203,650.405,mc,4,1784546871496
1784546891996,8,330.818,520.201,mc,4,1784546871496
1784546891996,9,591.504,703.524,mc,4,1784546871496
1784546891996,10,272.411,488.252,mc,5,1784546871496
1784546892096,1,513.111,293.787,mc,5,1784546871496
1784546892096,2,268.456,207.32,mc,5,1784546871496
1784546892096,3,471.509,383.594,mc,3,1784546871496
1784546892096,4,293.385,315.339,mc,5,1784546871496
1784546892096,5,779.941,375.715,mc,3,1784546871496
1784546892096,6,150.004,370.473,mc,5,1784546871496
1784546892096,7,461.002,649.903,mc,4,1784546871496
1784546892096,8,330.288,520.554,mc,4,1784546871496
1784546892096,9,591.848,703.276,mc,4,1784546871496
1784546892096,10,272.191,487.832,mc,5,1784546871496
1784546892196,1,512.554,293.584,mc,5,1784546871496
1784546892196,2,268.336,207.731,mc,5,1784546871496
1784546892196,3,471.435,383.997,mc,3,1784546871496
1784546892196,4,293.885,315.135,mc,5,1784546871496
1784546892196,5,779.956,376.205,mc,3,1784546871496
1784546892196,6,149.533,370.517,mc,5,1784546871496
1784546892196,7,460.8,649.401,mc,4,1784546871496
1784546892196,8,329.758,520.906,mc,4,1784546871496
1784546892196,9,592.192,703.028,mc,4,1784546871496
1784546892196,10,271.971,487.413,mc,5,1784546871496
1784546892296,1,511.997,293.382,mc,5,1784546871496
1784546892296,2,268.216,208.141,mc,5,1784546871496
1784546892296,3,471.362,384.399,mc,3,1784546871496
1784546892296,4,294.386,314.931,mc,5,1784546871496
1784546892296,5,779.972,376.695,mc,3,1784546871496
1784546892296,6,149.062,370.561,mc,5,1784546871496
1784546892296,7,460.598,648.9,mc,4,1784546871496
1784546892296,8,329.229,521.258,mc,4,1784546871496
1784546892296,9,592.536,702.78,mc,4,1784546871496
1784546892296,10,271.751,486.993,mc,5,1784546871496
1784546892396,1,511.44,293.18,mc,5,1784546871496
1784546892396,2,268.096,208.551,mc,5,1784546871496
1784546892396,3,471.288,384.802,mc,3,1784546871496
1784546892396,4,294.887,314.727,mc,5,1784546871496
1784546892396,5,779.987,377.184,mc,3,1784546871496
1784546892396,6,148.591,370.605,mc,5,1784546871496
1784546892396,7,460.397,648.398,mc,4,1784546871496
1784546892396,8,328.699,521.611,mc,4,1784546871496
1784546892396,9,592.88,702.532,mc,4,1784546871496
1784546892396,10,271.531,486.574,mc,5,1784546871496
1784546892496,1,510.882,292.977,mc,5,1784546871496
1784546892496,2,267.976,208.962,mc,5,1784546871496
1784546892496,3,471.214,385.204,mc,3,1784546871496
1784546892496,4,295.388,314.524,mc,5,1784546871496
1784546892496,5,780.003,377.674,mc,3,1784546871496
1784546892496,6,148.12,370.649,mc,5,1784546871496
1784546892496,7,460.195,647.897,mc,4,1784546871496
1784546892496,8,328.169,521.963,mc,4,1784546871496
1784546892496,9,593.224,702.284,mc,4,1784546871496
1784546892496,10,271.312,486.154,mc,5,1784546871496
1784546892596,1,510.325,292.775,mc,5,1784546871496
1784546892596,2,267.856,209.372,mc,5,1784546871496
1784546892596,3,471.141,385.607,mc,3,1784546871496
1784546892596,4,295.889,314.32,mc,5,1784546871496
1784546892596,5,780.018,378.164,mc,3,1784546871496
1784546892596,6,147.649,370.693,mc,5,1784546871496
1784546892596,7,459.994,647.395,mc,4,1784546871496
1784546892596,8,327.639,522.315,mc,4,1784546871496
1784546892596,9,593.568,702.036,mc,4,1784546871496
1784546892596,10,271.092,485.735,mc,5,1784546871496
1784546892696,1,509.768,292.572,mc,5,1784546871496
1784546892696,2,267.736,209.783,mc,5,1784546871496
1784546892696,3,471.067,386.01,mc,3,1784546871496
1784546892696,4,296.39,314.116,mc,5,1784546871496
1784546892696,5,780.034,378.654,mc,3,1784546871496
1784546892696,6,147.178,370.736,mc,5,1784546871496
1784546892696,7,459.792,646.894,mc,4,1784546871496
1784546892696,8,327.109,522.667,mc,4,1784546871496
1784546892696,9,593.913,701.788,mc,4,1784546871496
1784546892696,10,270.872,485.315,mc,5,1784546871496
1784546892796,1,509.211,292.37,mc,5,1784546871496
1784546892796,2,267.616,210.193,mc,5,1784546871496
1784546892796,3,470.993,386.412,mc,3,1784546871496
1784546892796,4,296.891,313.912,mc,5,1784546871496
1784546892796,5,780.049,379.144,mc,3,1784546871496
1784546892796,6,146.707,370.78,mc,5,1784546871496
1784546892796,7,459.591,646.392,mc,4,1784546871496
1784546892796,8,326.579,523.02,mc,4,1784546871496
1784546892796,9,594.257,701.54,mc,4,1784546871496
1784546892796,10,270.652,484.896,mc,5,1784546871496
1784546892896,1,508.653,292.168,mc,5,1784546871496
1784546892896,2,267.496,210.604,mc,5,1784546871496
1784546892896,3,470.92,386.815,mc,3,1784546871496
1784546892896,4,297.392,313.708,mc,5,1784546871496
1784546892896,5,780.065,379.634,mc,3,1784546871496
1784546892896,6,146.236,370.824,mc,5,1784546871496
1784546892896,7,459.389,645.891,mc,4,1784546871496
1784546892896,8,326.049,523.372,mc,4,1784546871496
1784546892896,9,594.601,701.292,mc,4,1784546871496
1784546892896,10,270.432,484.477,mc,5,1784546871496
1784546892996,1,508.096,291.965,mc,5,1784546871496
1784546892996,2,267.375,211.014,mc,5,1784546871496
1784546892996,3,470.846,387.217,mc,3,1784546871496
1784546892996,4,297.893,313.504,mc,5,1784546871496
1784546892996,5,780.08,380.124,mc,3,1784546871496
1784546892996,6,145.765,370.868,mc,5,1784546871496
1784546892996,7,459.188,645.389,mc,4,1784546871496
1784546892996,8,325.519,523.724,mc,4,1784546871496
1784546892996,9,594.945,701.044,mc,4,1784546871496
1784546892996,10,270.212,484.057,mc,5,1784546871496
1784546893096,1,507.539,291.763,mc,5,1784546871496
1784546893096,2,267.255,211.425,mc,5,1784546871496
1784546893096,3,470.772,387.62,mc,3,1784546871496
1784546893096,4,298.394,313.3,mc,5,1784546871496
1784546893096,5,780.095,380.614,mc,3,1784546871496
1784546893096,6,145.294,370.912,mc,5,1784546871496
1784546893096,7,458.986,644.887,mc,4,1784546871496
1784546893096,8,324.989,524.076,mc,4,1784546871496
1784546893096,9,595.289,700.796,mc,4,1784546871496
1784546893096,10,269.993,483.638,mc,5,1784546871496
1784546893196,1,506.982,291.56,mc,5,1784546871496
1784546893196,2,267.135,211.835,mc,5,1784546871496
1784546893196,3,470.737,387.726,mc,3,1784546871496
1784546893196,4,298.895,313.096,mc,5,1784546871496
1784546893196,5,780.111,381.103,mc,3,1784546871496
1784546893196,6,144.823,370.955,mc,5,1784546871496
1784546893196,7,458.784,644.386,mc,4,1784546871496
1784546893196,8,324.459,524.429,mc,4,1784546871496
1784546893196,9,595.633,700.548,mc,4,1784546871496
1784546893196,10,269.773,483.218,mc,5,1784546871496
1784546893296,1,506.424,291.358,mc,5,1784546871496
1784546893296,2,267.015,212.246,mc,5,1784546871496
1784546893296,3,470.78,387.238,mc,3,1784546871496
1784546893296,4,299.396,312.892,mc,5,1784546871496
1784546893296,5,780.126,381.593,mc,3,1784546871496
1784546893296,6,144.351,370.999,mc,5,1784546871496
1784546893296,7,458.583,643.884,mc,4,1784546871496
1784546893296,8,323.929,524.781,mc,4,1784546871496
1784546893296,9,595.978,700.3,mc,4,1784546871496
1784546893296,10,269.553,482.799,mc,5,1784546871496
1784546893396,1,505.867,291.156,mc,5,1784546871496
1784546893396,2,266.895,212.656,mc,5,1784546871496
1784546893396,3,470.823,386.75,mc,3,1784546871496
1784546893396,4,299.897,312.688,mc,5,1784546871496
1784546893396,5,780.142,382.083,mc,3,1784546871496
1784546893396,6,143.88,371.043,mc,5,1784546871496
1784546893396,7,458.381,643.383,mc,4,1784546871496
1784546893396,8,323.399,525.133,mc,4,1784546871496
1784546893396,9,596.322,700.052,mc,4,1784546871496
1784546893396,10,269.333,482.379,mc,5,1784546871496
1784546893496,1,505.31,290.953,mc,5,1784546871496
1784546893496,2,266.775,213.067,mc,5,1784546871496
1784546893496,3,470.865,386.263,mc,3,1784546871496
1784546893496,4,300.398,312.484,mc,5,1784546871496
1784546893496,5,780.157,382.573,mc,3,1784546871496
1784546893496,6,143.409,371.087,mc,5,1784546871496
1784546893496,7,458.18,642.881,mc,4,1784546871496
1784546893496,8,322.869,525.486,mc,4,1784546871496
1784546893496,9,596.666,699.804,mc,4,1784546871496
1784546893496,10,269.113,481.96,mc,5,1784546871496
1784546893596,1,504.753,290.751,mc,5,1784546871496
1784546893596,2,266.655,213.477,mc,5,1784546871496
1784546893596,3,470.908,385.775,mc,3,1784546871496
1784546893596,4,300.899,312.281,mc,5,1784546871496
1784546893596,5,780.173,383.063,mc,3,1784546871496
1784546893596,6,142.938,371.131,mc,5,1784546871496
1784546893596,7,457.978,642.38,mc,4,1784546871496
1784546893596,8,322.34,525.838,mc,4,1784546871496
1784546893596,9,597.01,699.556,mc,4,1784546871496
1784546893596,10,268.894,481.54,mc,5,1784546871496
1784546893696,1,504.195,290.548,mc,5,1784546871496
1784546893696,2,266.535,213.888,mc,5,1784546871496
1784546893696,3,470.951,385.287,mc,3,1784546871496
1784546893696,4,301.4,312.077,mc,5,1784546871496
1784546893696,5,780.254,383.709,mc,3,1784546871496
1784546893696,6,142.467,371.174,mc,5,1784546871496
1784546893696,7,457.777,641.878,mc,4,1784546871496
1784546893696,8,321.81,526.19,mc,4,1784546871496
1784546893696,9,597.354,699.308,mc,4,1784546871496
1784546893696,10,268.674,481.121,mc,5,1784546871496
1784546893796,1,503.638,290.346,mc,5,1784546871496
1784546893796,2,266.415,214.298,mc,5,1784546871496
1784546893796,3,470.994,384.799,mc,3,1784546871496
1784546893796,4,301.901,311.873,mc,5,1784546871496
1784546893796,5,780.345,384.378,mc,3,1784546871496
1784546893796,6,141.996,371.218,mc,5,1784546871496
1784546893796,7,457.575,641.377,mc,4,1784546871496
1784546893796,8,321.28,526.542,mc,4,1784546871496
1784546893796,9,597.698,699.06,mc,4,1784546871496
1784546893796,10,268.454,480.701,mc,5,1784546871496
1784546893896,1,503.081,290.144,mc,5,1784546871496
1784546893896,2,266.295,214.709,mc,5,1784546871496
1784546893896,3,471.036,384.311,mc,3,1784546871496
1784546893896,4,302.402,311.669,mc,5,1784546871496
1784546893896,5,780.436,385.047,mc,3,1784546871496
1784546893896,6,141.525,371.262,mc,5,1784546871496
1784546893896,7,457.374,640.875,mc,4,1784546871496
1784546893896,8,320.75,526.895,mc,4,1784546871496
1784546893896,9,598.042,698.812,mc,4,1784546871496
1784546893896,10,268.234,480.282,mc,5,1784546871496
1784546893996,1,502.524,289.941,mc,5,1784546871496
1784546893996,2,266.175,215.119,mc,5,1784546871496
1784546893996,3,471.079,383.824,mc,3,1784546871496
1784546893996,4,302.903,311.465,mc,5,1784546871496
1784546893996,5,780.527,385.716,mc,3,1784546871496
1784546893996,6,141.054,371.306,mc,5,1784546871496
1784546893996,7,457.172,640.373,mc,4,1784546871496
1784546893996,8,320.22,527.247,mc,4,1784546871496
1784546893996,9,598.387,698.564,mc,4,1784546871496
1784546893996,10,268.014,479.862,mc,5,1784546871496
1784546894096,1,501.966,289.739,mc,5,1784546871496
1784546894096,2,266.054,215.529,mc,5,1784546871496
1784546894096,3,471.122,383.336,mc,3,1784546871496
1784546894096,4,303.404,311.261,mc,5,1784546871496
1784546894096,5,780.617,386.385,mc,3,1784546871496
1784546894096,6,140.583,371.35,mc,5,1784546871496
1784546894096,7,456.97,639.872,mc,4,1784546871496
1784546894096,8,319.972,527.509,mc,4,1784546871496
1784546894096,9,598.731,698.316,mc,4,1784546871496
1784546894096,10,267.795,479.443,mc,5,1784546871496
1784546894196,1,501.409,289.536,mc,5,1784546871496
1784546894196,2,265.934,215.94,mc,5,1784546871496
1784546894196,3,471.164,382.848,mc,3,1784546871496
1784546894196,4,303.905,311.057,mc,5,1784546871496
1784546894196,5,780.708,387.054,mc,3,1784546871496
1784546894196,6,140.112,371.394,mc,5,1784546871496
1784546894196,7,456.769,639.37,mc,4,1784546871496
1784546894196,8,320.486,527.527,mc,4,1784546871496
1784546894196,9,599.075,698.068,mc,4,1784546871496
1784546894196,10,267.575,479.023,mc,5,1784546871496
1784546894296,1,500.852,289.334,mc,5,1784546871496
1784546894296,2,265.814,216.35,mc,5,1784546871496
1784546894296,3,471.207,382.36,mc,3,1784546871496
1784546894296,4,304.405,310.853,mc,5,1784546871496
1784546894296,5,780.799,387.723,mc,3,1784546871496
1784546894296,6,139.641,371.437,mc,5,1784546871496
1784546894296,7,456.567,638.869,mc,4,1784546871496
1784546894296,8,320.999,527.545,mc,4,1784546871496
1784546894296,9,599.419,697.82,mc,4,1784546871496
1784546894296,10,267.355,478.604,mc,5,1784546871496
1784546894396,1,500.295,289.132,mc,5,1784546871496
1784546894396,2,265.694,216.761,mc,5,1784546871496
1784546894396,3,471.25,381.873,mc,3,1784546871496
1784546894396,4,304.906,310.649,mc,5,1784546871496
1784546894396,5,780.89,388.392,mc,3,1784546871496
1784546894396,6,139.17,371.481,mc,5,1784546871496
1784546894396,7,456.366,638.367,mc,4,1784546871496
1784546894396,8,321.513,527.563,mc,4,1784546871496
1784546894396,9,599.763,697.572,mc,4,1784546871496
1784546894396,10,267.135,478.184,mc,5,1784546871496
1784546894496,1,499.737,288.929,mc,5,1784546871496
1784546894496,2,265.574,217.171,mc,5,1784546871496
1784546894496,3,471.292,381.385,mc,3,1784546871496
1784546894496,4,305.407,310.445,mc,5,1784546871496
1784546894496,5,780.981,389.06,mc,3,1784546871496
1784546894496,6,138.698,371.525,mc,5,1784546871496
1784546894496,7,456.164,637.866,mc,4,1784546871496
1784546894496,8,322.026,527.58,mc,4,1784546871496
1784546894496,9,600.107,697.324,mc,4,1784546871496
1784546894496,10,266.915,477.765,mc,5,1784546871496
1784546894596,1,499.18,288.727,mc,5,1784546871496
1784546894596,2,265.454,217.582,mc,5,1784546871496
1784546894596,3,471.335,380.897,mc,3,1784546871496
1784546894596,4,305.908,310.241,mc,5,1784546871496
1784546894596,5,781.072,389.729,mc,3,1784546871496
1784546894596,6,138.227,371.569,mc,5,1784546871496
1784546894596,7,455.963,637.364,mc,4,1784546871496
1784546894596,8,322.54,527.598,mc,4,1784546871496
1784546894596,9,600.451,697.076,mc,4,1784546871496
1784546894596,10,266.696,477.345,mc,5,1784546871496
1784546894696,1,498.623,288.524,mc,5,1784546871496
1784546894696,2,265.334,217.992,mc,5,1784546871496
1784546894696,3,471.378,380.409,mc,3,1784546871496
1784546894696,4,306.409,310.038,mc,5,1784546871496
1784546894696,5,781.162,390.398,mc,3,1784546871496
1784546894696,6,137.756,371.613,mc,5,1784546871496
1784546894696,7,455.761,636.863,mc,4,1784546871496
1784546894696,8,323.053,527.616,mc,4,1784546871496
1784546894696,9,600.725,697.034,mc,4,1784546871496
1784546894696,10,266.476,476.926,mc,5,1784546871496
1784546894796,1,498.066,288.322,mc,5,1784546871496
1784546894796,2,265.214,218.403,mc,5,1784546871496
1784546894796,3,471.421,379.921,mc,3,1784546871496
1784546894796,4,306.91,309.834,mc,5,1784546871496
1784546894796,5,781.253,391.067,mc,3,1784546871496
1784546894796,6,137.285,371.656,mc,5,1784546871496
1784546894796,7,455.56,636.361,mc,4,1784546871496
1784546894796,8,323.567,527.634,mc,4,1784546871496
1784546894796,9,600.81,697.536,mc,4,1784546871496
1784546894796,10,266.256,476.506,mc,5,1784546871496
1784546894896,1,497.509,288.12,mc,5,1784546871496
1784546894896,2,265.094,218.813,mc,5,1784546871496
1784546894896,3,471.463,379.434,mc,3,1784546871496
1784546894896,4,307.411,309.63,mc,5,1784546871496
1784546894896,5,781.344,391.736,mc,3,1784546871496
1784546894896,6,136.814,371.7,mc,5,1784546871496
1784546894896,7,455.358,635.859,mc,4,1784546871496
1784546894896,8,324.08,527.652,mc,4,1784546871496
1784546894896,9,600.895,698.038,mc,4,1784546871496
1784546894896,10,266.036,476.087,mc,5,1784546871496
1784546894996,1,496.951,287.917,mc,5,1784546871496
1784546894996,2,264.974,219.224,mc,5,1784546871496
1784546894996,3,471.506,378.946,mc,3,1784546871496
1784546894996,4,307.912,309.426,mc,5,1784546871496
1784546894996,5,781.435,392.405,mc,3,1784546871496
1784546894996,6,136.343,371.744,mc,5,1784546871496
1784546894996,7,455.156,635.358,mc,4,1784546871496
1784546894996,8,324.594,527.67,mc,4,1784546871496
1784546894996,9,600.98,698.54,mc,4,1784546871496
1784546894996,10,265.816,475.667,mc,5,1784546871496
1784546895096,1,496.394,287.715,mc,5,1784546871496
1784546895096,2,264.854,219.634,mc,5,1784546871496
1784546895096,3,471.549,378.458,mc,3,1784546871496
1784546895096,4,308.413,309.222,mc,5,1784546871496
1784546895096,5,781.526,393.074,mc,3,1784546871496
1784546895096,6,135.872,371.788,mc,5,1784546871496
1784546895096,7,454.955,634.856,mc,4,1784546871496
1784546895096,8,325.107,527.688,mc,4,1784546871496
1784546895096,9,601.066,699.041,mc,4,1784546871496
1784546895096,10,265.596,475.248,mc,5,1784546871496
1784546895196,1,495.837,287.513,mc,5,1784546871496
1784546895196,2,264.734,220.045,mc,5,1784546871496
1784546895196,3,471.591,377.97,mc,3,1784546871496
1784546895196,4,308.914,309.018,mc,5,1784546871496
1784546895196,5,781.616,393.743,mc,3,1784546871496
1784546895196,6,135.401,371.832,mc,5,1784546871496
1784546895196,7,454.748,634.36,mc,4,1784546871496
1784546895196,8,325.621,527.706,mc,4,1784546871496
1784546895196,9,601.151,699.543,mc,4,1784546871496
1784546895196,10,265.377,474.828,mc,5,1784546871496
1784546895296,1,495.28,287.31,mc,5,1784546871496
1784546895296,2,264.613,220.455,mc,5,1784546871496
1784546895296,3,471.634,377.483,mc,3,1784546871496
1784546895296,4,309.415,308.814,mc,5,1784546871496
1784546895296,5,781.707,394.411,mc,3,1784546871496
1784546895296,6,134.93,371.875,mc,5,1784546871496
1784546895296,7,454.095,634.329,mc,4,1784546871496
1784546895296,8,326.134,527.724,mc,4,1784546871496
1784546895296,9,601.236,700.045,mc,4,1784546871496
1784546895296,10,265.157,474.409,mc,5,1784546871496
1784546895396,1,494.722,287.108,mc,5,1784546871496
1784546895396,2,264.493,220.866,mc,5,1784546871496
1784546895396,3,471.677,376.995,mc,3,1784546871496
1784546895396,4,309.916,308.61,mc,5,1784546871496
1784546895396,5,781.798,395.08,mc,3,1784546871496
1784546895396,6,134.459,371.919,mc,5,1784546871496
1784546895396,7,453.442,634.298,mc,4,1784546871496
1784546895396,8,326.648,527.742,mc,4,1784546871496
1784546895396,9,601.321,700.547,mc,4,1784546871496
1784546895396,10,264.937,473.989,mc,5,1784546871496
1784546895496,1,494.165,286.905,mc,5,1784546871496
1784546895496,2,264.373,221.276,mc,5,1784546871496
1784546895496,3,471.72,376.507,mc,3,1784546871496
1784546895496,4,310.417,308.406,mc,5,1784546871496
1784546895496,5,781.889,395.749,mc,3,1784546871496
1784546895496,6,133.988,371.963,mc,5,1784546871496
1784546895496,7,452.788,634.267,mc,4,1784546871496
1784546895496,8,327.161,527.76,mc,4,1784546871496
1784546895496,9,601.407,701.049,mc,4,1784546871496
1784546895496,10,264.717,473.57,mc,5,1784546871496
1784546895596,1,493.608,286.703,mc,5,1784546871496
1784546895596,2,264.253,221.687,mc,5,1784546871496
1784546895596,3,471.762,376.019,mc,3,1784546871496
1784546895596,4,310.918,308.202,mc,5,1784546871496
1784546895596,5,781.98,396.418,mc,3,1784546871496
1784546895596,6,133.517,372.007,mc,5,1784546871496
1784546895596,7,452.135,634.237,mc,4,1784546871496
1784546895596,8,327.675,527.778,mc,4,1784546871496
1784546895596,9,601.492,701.551,mc,4,1784546871496
1784546895596,10,264.497,473.15,mc,5,1784546871496
1784546895696,1,493.051,286.501,mc,5,1784546871496
1784546895696,2,264.133,222.097,mc,5,1784546871496
1784546895696,3,471.805,375.531,mc,3,1784546871496
1784546895696,4,311.419,307.998,mc,5,1784546871496
1784546895696,5,782.07,397.087,mc,3,1784546871496
1784546895696,6,133.046,372.051,mc,5,1784546871496
1784546895696,7,451.481,634.206,mc,4,1784546871496
1784546895696,8,328.188,527.795,mc,4,1784546871496
1784546895696,9,601.577,702.052,mc,4,1784546871496
1784546895696,10,264.278,472.731,mc,5,1784546871496
1784546895796,1,492.493,286.298,mc,5,1784546871496
1784546895796,2,264.013,222.507,mc,5,1784546871496
1784546895796,3,471.848,375.044,mc,3,1784546871496
1784546895796,4,311.92,307.795,mc,5,1784546871496
1784546895796,5,782.161,397.756,mc,3,1784546871496
1784546895796,6,132.574,372.095,mc,5,1784546871496
1784546895796,7,450.828,634.175,mc,4,1784546871496
1784546895796,8,328.702,527.813,mc,4,1784546871496
1784546895796,9,601.662,702.554,mc,4,1784546871496
1784546895796,10,264.058,472.311,mc,5,1784546871496
1784546895896,1,491.936,286.096,mc,5,1784546871496
1784546895896,2,263.893,222.918,mc,5,1784546871496
1784546895896,3,471.89,374.556,mc,3,1784546871496
1784546895896,4,312.421,307.591,mc,5,1784546871496
1784546895896,5,782.252,398.425,mc,3,1784546871496
1784546895896,6,132.103,372.138,mc,5,1784546871496
1784546895896,7,450.174,634.144,mc,4,1784546871496
1784546895896,8,329.216,527.831,mc,4,1784546871496
1784546895896,9,601.748,703.056,mc,4,1784546871496
1784546895896,10,263.838,471.892,mc,5,1784546871496
1784546895996,1,491.451,286.202,mc,5,1784546871496
1784546895996,2,263.773,223.328,mc,5,1784546871496
1784546895996,3,471.933,374.068,mc,3,1784546871496
1784546895996,4,312.922,307.387,mc,5,1784546871496
1784546895996,5,782.343,399.094,mc,3,1784546871496
1784546895996,6,131.632,372.182,mc,5,1784546871496
1784546895996,7,449.521,634.113,mc,4,1784546871496
1784546895996,8,329.729,527.849,mc,4,1784546871496
1784546895996,9,601.833,703.558,mc,4,1784546871496
1784546895996,10,263.618,471.472,mc,5,1784546871496
1784546896096,1,491.04,286.629,mc,5,1784546871496
1784546896096,2,263.653,223.739,mc,5,1784546871496
1784546896096,3,471.976,373.58,mc,3,1784546871496
1784546896096,4,313.519,307.065,mc,5,1784546871496
1784546896096,5,782.434,399.763,mc,3,1784546871496
1784546896096,6,131.161,372.226,mc,5,1784546871496
1784546896096,7,448.867,634.083,mc,4,1784546871496
1784546896096,8,330.243,527.867,mc,4,1784546871496
1784546896096,9,601.918,704.06,mc,4,1784546871496
1784546896096,10,263.398,471.053,mc,5,1784546871496
1784546896196,1,490.629,287.056,mc,5,1784546871496
1784546896196,2,263.533,224.149,mc,5,1784546871496
1784546896196,3,472.018,373.093,mc,3,1784546871496
1784546896196,4,314.126,306.731,mc,5,1784546871496
1784546896196,5,782.525,400.431,mc,3,1784546871496
1784546896196,6,130.69,372.27,mc,5,1784546871496
1784546896196,7,448.214,634.052,mc,4,1784546871496
1784546896196,8,330.756,527.885,mc,4,1784546871496
1784546896196,9,602.003,704.562,mc,4,1784546871496
1784546896196,10,263.179,470.633,mc,5,1784546871496
1784546896296,1,490.218,287.484,mc,5,1784546871496
1784546896296,2,263.413,224.56,mc,5,1784546871496
1784546896296,3,472.061,372.605,mc,3,1784546871496
1784546896296,4,314.733,306.396,mc,5,1784546871496
1784546896296,5,782.615,401.1,mc,3,1784546871496
1784546896296,6,130.219,372.314,mc,5,1784546871496
1784546896296,7,447.561,634.021,mc,4,1784546871496
1784546896296,8,331.27,527.903,mc,4,1784546871496
1784546896296,9,602.089,705.063,mc,4,1784546871496
1784546896296,10,262.914,470.291,mc,5,1784546871496
1784546896396,1,489.808,287.911,mc,5,1784546871496
1784546896396,2,263.293,224.97,mc,5,1784546871496
1784546896396,3,472.104,372.117,mc,3,1784546871496
1784546896396,4,315.341,306.062,mc,5,1784546871496
1784546896396,5,782.706,401.769,mc,3,1784546871496
1784546896396,6,129.748,372.357,mc,5,1784546871496
1784546896396,7,446.907,633.99,mc,4,1784546871496
1784546896396,8,331.783,527.921,mc,4,1784546871496
1784546896396,9,602.174,705.565,mc,4,1784546871496
1784546896396,10,262.345,470.469,mc,5,1784546871496
1784546896496,1,489.397,288.338,mc,5,1784546871496
1784546896496,2,263.172,225.381,mc,5,1784546871496
1784546896496,3,472.147,371.629,mc,3,1784546871496
1784546896496,4,315.948,305.728,mc,5,1784546871496
1784546896496,5,782.797,402.438,mc,3,1784546871496
1784546896496,6,129.277,372.401,mc,5,1784546871496
1784546896496,7,446.254,633.959,mc,4,1784546871496
1784546896496,8,332.297,527.939,mc,4,1784546871496
1784546896496,9,602.259,706.067,mc,4,1784546871496
1784546896496,10,261.777,470.648,mc,5,1784546871496
1784546896596,1,488.986,288.766,mc,5,1784546871496
1784546896596,2,263.052,225.791,mc,5,1784546871496
1784546896596,3,472.189,371.141,mc,3,1784546871496
1784546896596,4,316.555,305.393,mc,5,1784546871496
1784546896596,5,782.888,403.107,mc,3,1784546871496
1784546896596,6,128.806,372.445,mc,5,1784546871496
1784546896596,7,445.6,633.929,mc,4,1784546871496
1784546896596,8,332.81,527.957,mc,4,1784546871496
1784546896596,9,602.344,706.569,mc,4,1784546871496
1784546896596,10,261.209,470.826,mc,5,1784546871496
1784546896696,1,488.575,289.193,mc,5,1784546871496
1784546896696,2,262.932,226.202,mc,5,1784546871496
1784546896696,3,472.232,370.654,mc,3,1784546871496
1784546896696,4,317.163,305.059,mc,5,1784546871496
1784546896696,5,782.979,403.776,mc,3,1784546871496
1784546896696,6,128.335,372.489,mc,5,1784546871496
1784546896696,7,444.947,633.898,mc,4,1784546871496
1784546896696,8,333.324,527.975,mc,4,1784546871496
1784546896696,9,602.43,707.071,mc,4,1784546871496
1784546896696,10,260.64,471.005,mc,5,1784546871496
1784546896796,1,488.165,289.62,mc,5,1784546871496
1784546896796,2,262.812,226.612,mc,5,1784546871496
1784546896796,3,472.275,370.166,mc,3,1784546871496
1784546896796,4,317.77,304.725,mc,5,1784546871496
1784546896796,5,783.069,404.445,mc,3,1784546871496
1784546896796,6,127.864,372.533,mc,5,1784546871496
1784546896796,7,444.293,633.867,mc,4,1784546871496
1784546896796,8,333.837,527.992,mc,4,1784546871496
1784546896796,9,602.515,707.572,mc,4,1784546871496
1784546896796,10,260.072,471.183,mc,5,1784546871496
1784546896896,1,487.754,290.048,mc,5,1784546871496
1784546896896,2,262.692,227.023,mc,5,1784546871496
1784546896896,3,472.317,369.678,mc,3,1784546871496
1784546896896,4,318.377,304.391,mc,5,1784546871496
1784546896896,5,783.16,405.114,mc,3,1784546871496
1784546896896,6,127.393,372.576,mc,5,1784546871496
1784546896896,7,443.64,633.836,mc,4,1784546871496
1784546896896,8,334.351,528.01,mc,4,1784546871496
1784546896896,9,602.6,708.074,mc,4,1784546871496
1784546896896,10,259.503,471.361,mc,5,1784546871496
1784546896996,1,487.343,290.475,mc,5,1784546871496
1784546896996,2,262.572,227.433,mc,5,1784546871496
1784546896996,3,472.36,369.19,mc,3,1784546871496
1784546896996,4,318.984,304.056,mc,5,1784546871496
1784546896996,5,783.251,405.782,mc,3,1784546871496
1784546896996,6,126.922,372.62,mc,5,1784546871496
1784546896996,7,442.986,633.805,mc,4,1784546871496
1784546896996,8,334.864,528.028,mc,4,1784546871496
1784546896996,9,602.685,708.576,mc,4,1784546871496
1784546896996,10,258.935,471.54,mc,5,1784546871496
1784546897096,1,486.933,290.902,mc,5,1784546871496
1784546897096,2,262.452,227.844,mc,5,1784546871496
1784546897096,3,472.403,368.703,mc,3,1784546871496
1784546897096,4,319.592,303.722,mc,5,1784546871496
1784546897096,5,783.342,406.451,mc,3,1784546871496
1784546897096,6,126.45,372.664,mc,5,1784546871496
1784546897096,7,442.333,633.775,mc,4,1784546871496
1784546897096,8,335.378,528.046,mc,4,1784546871496
1784546897096,9,602.771,709.078,mc,4,1784546871496
1784546897096,10,258.367,471.718,mc,5,1784546871496
1784546897196,1,486.522,291.33,mc,5,1784546871496
1784546897196,2,262.332,228.254,mc,5,1784546871496
1784546897196,3,472.446,368.215,mc,3,1784546871496
1784546897196,4,320.199,303.388,mc,5,1784546871496
1784546897196,5,783.433,407.12,mc,3,1784546871496
1784546897196,6,125.979,372.708,mc,5,1784546871496
1784546897196,7,441.68,633.744,mc,4,1784546871496
1784546897196,8,335.891,528.064,mc,4,1784546871496
1784546897196,9,602.856,709.58,mc,4,1784546871496
1784546897196,10,257.798,471.897,mc,5,1784546871496
1784546897296,1,486.111,291.757,mc,5,1784546871496
1784546897296,2,262.212,228.665,mc,5,1784546871496
1784546897296,3,472.488,367.727,mc,3,1784546871496
1784546897296,4,320.806,303.053,mc,5,1784546871496
1784546897296,5,783.523,407.789,mc,3,1784546871496
1784546897296,6,125.508,372.752,mc,5,1784546871496
1784546897296,7,441.026,633.713,mc,4,1784546871496
1784546897296,8,336.405,528.082,mc,4,1784546871496
1784546897296,9,602.941,710.082,mc,4,1784546871496
1784546897296,10,257.23,472.075,mc,5,1784546871496
1784546897396,1,485.7,292.184,mc,5,1784546871496
1784546897396,2,262.025,229.035,mc,5,1784546871496
1784546897396,3,472.531,367.239,mc,3,1784546871496
1784546897396,4,321.414,302.719,mc,5,1784546871496
1784546897396,5,783.614,408.458,mc,3,1784546871496
1784546897396,6,125.037,372.796,mc,5,1784546871496
1784546897396,7,440.373,633.682,mc,4,1784546871496
1784546897396,8,336.918,528.1,mc,4,1784546871496
1784546897396,9,603.026,710.583,mc,4,1784546871496
1784546897396,10,256.661,472.253,mc,5,1784546871496
1784546897496,1,485.29,292.612,mc,5,1784546871496
1784546897496,2,261.709,229.329,mc,5,1784546871496
1784546897496,3,472.574,366.751,mc,3,1784546871496
1784546897496,4,322.021,302.385,mc,5,1784546871496
1784546897496,5,783.705,409.127,mc,3,1784546871496
1784546897496,6,124.566,372.839,mc,5,1784546871496
1784546897496,7,439.719,633.651,mc,4,1784546871496
1784546897496,8,337.432,528.118,mc,4,1784546871496
1784546897496,9,603.112,711.085,mc,4,1784546871496
1784546897496,10,256.093,472.432,mc,5,1784546871496
1784546897596,1,484.879,293.039,mc,5,1784546871496
1784546897596,2,261.394,229.623,mc,5,1784546871496
1784546897596,3,472.616,366.264,mc,3,1784546871496
1784546897596,4,322.628,302.051,mc,5,1784546871496
1784546897596,5,783.796,409.796,mc,3,1784546871496
1784546897596,6,124.095,372.883,mc,5,1784546871496
1784546897596,7,439.066,633.621,mc,4,1784546871496
1784546897596,8,337.945,528.136,mc,4,1784546871496
1784546897596,9,603.197,711.587,mc,4,1784546871496
1784546897596,10,255.525,472.61,mc,5,1784546871496
1784546897696,1,484.468,293.466,mc,5,1784546871496
1784546897696,2,261.078,229.917,mc,5,1784546871496
1784546897696,3,472.659,365.776,mc,3,1784546871496
1784546897696,4,323.235,301.716,mc,5,1784546871496
1784546897696,5,783.887,410.465,mc,3,1784546871496
1784546897696,6,123.624,372.927,mc,5,1784546871496
1784546897696,7,438.412,633.59,mc,4,1784546871496
1784546897696,8,338.459,528.154,mc,4,1784546871496
1784546897696,9,603.282,712.089,mc,4,1784546871496
1784546897696,10,254.956,472.788,mc,5,1784546871496
1784546897796,1,484.057,293.894,mc,5,1784546871496
1784546897796,2,260.763,230.211,mc,5,1784546871496
1784546897796,3,472.702,365.288,mc,3,1784546871496
1784546897796,4,323.843,301.382,mc,5,1784546871496
1784546897796,5,783.978,411.133,mc,3,1784546871496
1784546897796,6,123.153,372.971,mc,5,1784546871496
1784546897796,7,437.759,633.559,mc,4,1784546871496
1784546897796,8,338.972,528.172,mc,4,1784546871496
1784546897796,9,603.367,712.591,mc,4,1784546871496
1784546897796,10,254.388,472.967,mc,5,1784546871496
1784546897896,1,483.647,294.321,mc,5,1784546871496
1784546897896,2,260.447,230.505,mc,5,1784546871496
1784546897896,3,472.745,364.8,mc,3,1784546871496
1784546897896,4,324.45,301.048,mc,5,1784546871496
1784546897896,5,784.068,411.802,mc,3,1784546871496
1784546897896,6,122.682,373.015,mc,5,1784546871496
1784546897896,7,437.105,633.528,mc,4,1784546871496
1784546897896,8,339.486,528.19,mc,4,1784546871496
1784546897896,9,603.453,713.092,mc,4,1784546871496
1784546897896,10,253.819,473.145,mc,5,1784546871496
1784546897996,1,483.236,294.748,mc,5,1784546871496
1784546897996,2,260.131,230.798,mc,5,1784546871496
1784546897996,3,472.787,364.313,mc,3,1784546871496
1784546897996,4,325.057,300.714,mc,5,1784546871496
1784546897996,5,784.159,412.471,mc,3,1784546871496
1784546897996,6,122.211,373.058,mc,5,1784546871496
1784546897996,7,436.452,633.497,mc,4,1784546871496
1784546897996,8,339.999,528.207,mc,4,1784546871496
1784546897996,9,603.538,713.594,mc,4,1784546871496
1784546897996,10,253.251,473.324,mc,5,1784546871496
1784546898096,1,482.825,295.176,mc,5,1784546871496
1784546898096,2,259.816,231.092,mc,5,1784546871496
1784546898096,3,472.83,363.825,mc,3,1784546871496
1784546898096,4,325.665,300.379,mc,5,1784546871496
1784546898096,5,784.269,413.009,mc,3,1784546871496
1784546898096,6,121.74,373.102,mc,5,1784546871496
1784546898096,7,435.799,633.467,mc,4,1784546871496
1784546898096,8,340.513,528.225,mc,4,1784546871496
1784546898096,9,603.623,714.096,mc,4,1784546871496
1784546898096,10,252.683,473.502,mc,5,1784546871496
1784546898196,1,482.414,295.603,mc,5,1784546871496
1784546898196,2,259.5,231.386,mc,5,1784546871496
1784546898196,3,472.873,363.337,mc,3,1784546871496
1784546898196,4,326.272,300.045,mc,5,1784546871496
1784546898196,5,784.404,413.373,mc,3,1784546871496
1784546898196,6,121.274,373.232,mc,5,1784546871496
1784546898196,7,435.145,633.436,mc,4,1784546871496
1784546898196,8,341.026,528.243,mc,4,1784546871496
1784546898196,9,603.708,714.598,mc,4,1784546871496
1784546898196,10,252.114,473.68,mc,5,1784546871496
1784546898296,1,482.004,296.03,mc,5,1784546871496
1784546898296,2,259.184,231.68,mc,5,1784546871496
1784546898296,3,472.915,362.849,mc,3,1784546871496
1784546898296,4,326.879,299.711,mc,5,1784546871496
1784546898296,5,784.539,413.737,mc,3,1784546871496
1784546898296,6,120.815,373.482,mc,5,1784546871496
1784546898296,7,434.492,633.405,mc,4,1784546871496
1784546898296,8,341.54,528.261,mc,4,1784546871496
1784546898296,9,603.794,715.1,mc,4,1784546871496
1784546898296,10,251.546,473.859,mc,5,1784546871496
1784546898396,1,481.593,296.458,mc,5,1784546871496
1784546898396,2,258.869,231.974,mc,5,1784546871496
1784546898396,3,472.958,362.361,mc,3,1784546871496
1784546898396,4,327.486,299.376,mc,5,1784546871496
1784546898396,5,784.674,414.102,mc,3,1784546871496
1784546898396,6,120.356,373.732,mc,5,1784546871496
1784546898396,7,433.838,633.374,mc,4,1784546871496
1784546898396,8,342.053,528.279,mc,4,1784546871496
1784546898396,9,603.879,715.602,mc,4,1784546871496
1784546898396,10,250.977,474.037,mc,5,1784546871496
1784546898496,1,481.182,296.885,mc,5,1784546871496
1784546898496,2,258.553,232.268,mc,5,1784546871496
1784546898496,3,473.001,361.874,mc,3,1784546871496
1784546898496,4,328.094,299.042,mc,5,1784546871496
1784546898496,5,784.809,414.466,mc,3,1784546871496
1784546898496,6,119.897,373.981,mc,5,1784546871496
1784546898496,7,433.185,633.343,mc,4,1784546871496
1784546898496,8,342.567,528.297,mc,4,1784546871496
1784546898496,9,603.964,716.103,mc,4,1784546871496
1784546898496,10,250.409,474.216,mc,5,1784546871496
1784546898596,1,480.772,297.312,mc,5,1784546871496
1784546898596,2,258.237,232.562,mc,5,1784546871496
1784546898596,3,473.043,361.386,mc,3,1784546871496
1784546898596,4,328.701,298.708,mc,5,1784546871496
1784546898596,5,784.944,414.83,mc,3,1784546871496
1784546898596,6,119.438,374.231,mc,5,1784546871496
1784546898596,7,432.531,633.312,mc,4,1784546871496
1784546898596,8,343.08,528.315,mc,4,1784546871496
1784546898596,9,604.049,716.605,mc,4,1784546871496
1784546898596,10,249.84,474.394,mc,5,1784546871496
1784546898696,1,480.361,297.74,mc,5,1784546871496
1784546898696,2,257.922,232.855,mc,5,1784546871496
1784546898696,3,473.086,360.898,mc,3,1784546871496
1784546898696,4,329.308,298.374,mc,5,1784546871496
1784546898696,5,785.079,415.194,mc,3,1784546871496
1784546898696,6,118.979,374.481,mc,5,1784546871496
1784546898696,7,431.878,633.282,mc,4,1784546871496
1784546898696,8,343.594,528.333,mc,4,1784546871496
1784546898696,9,604.135,717.107,mc,4,1784546871496
1784546898696,10,249.272,474.572,mc,5,1784546871496
1784546898796,1,479.95,298.167,mc,5,1784546871496
1784546898796,2,257.606,233.149,mc,5,1784546871496
1784546898796,3,473.129,360.41,mc,3,1784546871496
1784546898796,4,329.916,298.039,mc,5,1784546871496
1784546898796,5,785.214,415.559,mc,3,1784546871496
1784546898796,6,118.52,374.731,mc,5,1784546871496
1784546898796,7,431.224,633.251,mc,4,1784546871496
1784546898796,8,344.107,528.351,mc,4,1784546871496
1784546898796,9,604.22,717.609,mc,4,1784546871496
1784546898796,10,248.704,474.751,mc,5,1784546871496
1784546898896,1,479.539,298.594,mc,5,1784546871496
1784546898896,2,257.29,233.443,mc,5,1784546871496
1784546898896,3,473.172,359.923,mc,3,1784546871496
1784546898896,4,330.523,297.705,mc,5,1784546871496
1784546898896,5,785.349,415.923,mc,3,1784546871496
1784546898896,6,118.062,374.98,mc,5,1784546871496
1784546898896,7,430.571,633.22,mc,4,1784546871496
1784546898896,8,344.621,528.369,mc,4,1784546871496
1784546898896,9,604.305,718.111,mc,4,1784546871496
1784546898896,10,248.135,474.929,mc,5,1784546871496
1784546898996,1,479.129,299.022,mc,5,1784546871496
1784546898996,2,256.975,233.737,mc,5,1784546871496
1784546898996,3,473.214,359.435,mc,3,1784546871496
1784546898996,4,331.13,297.371,mc,5,1784546871496
1784546898996,5,785.484,416.287,mc,3,1784546871496
1784546898996,6,117.603,375.23,mc,5,1784546871496
1784546898996,7,429.918,633.189,mc,4,1784546871496
1784546898996,8,345.134,528.387,mc,4,1784546871496
1784546898996,9,604.39,718.612,mc,4,1784546871496
1784546898996,10,247.567,475.108,mc,5,1784546871496
1784546899096,1,478.718,299.449,mc,5,1784546871496
1784546899096,2,256.659,234.031,mc,5,1784546871496
1784546899096,3,473.257,358.947,mc,3,1784546871496
1784546899096,4,331.737,297.036,mc,5,1784546871496
1784546899096,5,785.619,416.652,mc,3,1784546871496
1784546899096,6,117.144,375.48,mc,5,1784546871496
1784546899096,7,429.264,633.158,mc,4,1784546871496
1784546899096,8,345.648,528.405,mc,4,1784546871496
1784546899096,9,604.476,719.114,mc,4,1784546871496
1784546899096,10,246.998,475.286,mc,5,1784546871496
1784546899196,1,478.307,299.876,mc,5,1784546871496
1784546899196,2,256.343,234.325,mc,5,1784546871496
1784546899196,3,473.3,358.459,mc,3,1784546871496
1784546899196,4,332.345,296.702,mc,5,1784546871496
1784546899196,5,785.754,417.016,mc,3,1784546871496
1784546899196,6,116.685,375.73,mc,5,1784546871496
1784546899196,7,428.611,633.128,mc,4,1784546871496
1784546899196,8,346.161,528.422,mc,4,1784546871496
1784546899196,9,604.561,719.616,mc,4,1784546871496
1784546899196,10,246.43,475.464,mc,5,1784546871496
1784546899296,1,477.896,300.304,mc,5,1784546871496
1784546899296,2,256.028,234.619,mc,5,1784546871496
1784546899296,3,473.321,358.03,mc,3,1784546871496
1784546899296,4,332.952,296.368,mc,5,1784546871496
1784546899296,5,785.889,417.38,mc,3,1784546871496
1784546899296,6,116.226,375.979,mc,5,1784546871496
1784546899296,7,427.957,633.097,mc,4,1784546871496
1784546899296,8,346.675,528.44,mc,4,1784546871496
1784546899296,9,604.646,720.118,mc,4,1784546871496
1784546899296,10,245.862,475.643,mc,5,1784546871496
1784546899396,1,477.486,300.731,mc,5,1784546871496
1784546899396,2,255.712,234.912,mc,5,1784546871496
1784546899396,3,473.027,358.459,mc,3,1784546871496
1784546899396,4,333.559,296.034,mc,5,1784546871496
1784546899396,5,786.024,417.744,mc,3,1784546871496
1784546899396,6,115.767,376.229,mc,5,1784546871496
1784546899396,7,427.304,633.066,mc,4,1784546871496
1784546899396,8,347.188,528.458,mc,4,1784546871496
1784546899396,9,604.731,720.62,mc,4,1784546871496
1784546899396,10,245.293,475.821,mc,5,1784546871496
1784546899496,1,477.075,301.158,mc,5,1784546871496
1784546899496,2,255.396,235.206,mc,5,1784546871496
1784546899496,3,472.734,358.888,mc,3,1784546871496
1784546899496,4,334.167,295.699,mc,5,1784546871496
1784546899496,5,786.159,418.109,mc,3,1784546871496
1784546899496,6,115.308,376.479,mc,5,1784546871496
1784546899496,7,426.65,633.035,mc,4,1784546871496
1784546899496,8,347.702,528.476,mc,4,1784546871496
1784546899496,9,604.817,721.122,mc,4,1784546871496
1784546899496,10,244.725,476,mc,5,1784546871496
1784546899596,1,476.664,301.586,mc,5,1784546871496
1784546899596,2,255.081,235.5,mc,5,1784546871496
1784546899596,3,472.441,359.317,mc,3,1784546871496
1784546899596,4,334.774,295.365,mc,5,1784546871496
1784546899596,5,786.294,418.473,mc,3,1784546871496
1784546899596,6,114.849,376.729,mc,5,1784546871496
1784546899596,7,425.997,633.004,mc,4,1784546871496
1784546899596,8,348.215,528.494,mc,4,1784546871496
1784546899596,9,604.902,721.623,mc,4,1784546871496
1784546899596,10,244.156,476.178,mc,5,1784546871496
1784546899696,1,476.253,302.013,mc,5,1784546871496
1784546899696,2,254.765,235.794,mc,5,1784546871496
1784546899696,3,472.148,359.746,mc,3,1784546871496
1784546899696,4,335.381,295.031,mc,5,1784546871496
1784546899696,5,786.429,418.837,mc,3,1784546871496
1784546899696,6,114.391,376.978,mc,5,1784546871496
1784546899696,7,425.343,632.974,mc,4,1784546871496
1784546899696,8,348.729,528.512,mc,4,1784546871496
1784546899696,9,604.987,722.125,mc,4,1784546871496
1784546899696,10,243.588,476.356,mc,5,1784546871496
1784546899796,1,475.843,302.44,mc,5,1784546871496
1784546899796,2,254.45,236.088,mc,5,1784546871496
1784546899796,3,471.854,360.174,mc,3,1784546871496
1784546899796,4,335.988,294.697,mc,5,1784546871496
1784546899796,5,786.564,419.201,mc,3,1784546871496
1784546899796,6,113.932,377.228,mc,5,1784546871496
1784546899796,7,424.852,632.872,mc,4,1784546871496
1784546899796,8,349.242,528.53,mc,4,1784546871496
1784546899796,9,605.072,722.627,mc,4,1784546871496
1784546899796,10,243.02,476.535,mc,5,1784546871496
1784546899896,1,475.432,302.868,mc,5,1784546871496
1784546899896,2,254.134,236.382,mc,5,1784546871496
1784546899896,3,471.561,360.603,mc,3,1784546871496
1784546899896,4,336.596,294.362,mc,5,1784546871496
1784546899896,5,786.699,419.566,mc,3,1784546871496
1784546899896,6,113.473,377.478,mc,5,1784546871496
1784546899896,7,425.271,632.369,mc,4,1784546871496
1784546899896,8,349.756,528.548,mc,4,1784546871496
1784546899896,9,605.158,723.129,mc,4,1784546871496
1784546899896,10,242.451,476.713,mc,5,1784546871496
1784546899996,1,475.021,303.295,mc,5,1784546871496
1784546899996,2,253.818,236.675,mc,5,1784546871496
1784546899996,3,471.268,361.032,mc,3,1784546871496
1784546899996,4,337.203,294.028,mc,5,1784546871496
1784546899996,5,786.834,419.93,mc,3,1784546871496
1784546899996,6,113.014,377.728,mc,5,1784546871496
1784546899996,7,425.689,631.866,mc,4,1784546871496
1784546899996,8,349.514,528.45,mc,4,1784546871496
1784546899996,9,605.243,723.631,mc,4,1784546871496
1784546899996,10,241.883,476.892,mc,5,1784546871496
1784546900096,1,474.611,303.722,mc,5,1784546871496
1784546900096,2,253.503,236.969,mc,5,1784546871496
1784546900096,3,470.974,361.461,mc,3,1784546871496
1784546900096,4,337.81,293.694,mc,5,1784546871496
1784546900096,5,786.969,420.294,mc,3,1784546871496
1784546900096,6,112.555,377.977,mc,5,1784546871496
1784546900096,7,426.108,631.363,mc,4,1784546871496
1784546900096,8,349.173,528.337,mc,4,1784546871496
1784546900096,9,605.328,724.133,mc,4,1784546871496
1784546900096,10,241.314,477.07,mc,5,1784546871496
1784546900196,1,474.2,304.15,mc,5,1784546871496
1784546900196,2,253.187,237.263,mc,5,1784546871496
1784546900196,3,470.681,361.889,mc,3,1784546871496
1784546900196,4,338.418,293.359,mc,5,1784546871496
1784546900196,5,787.104,420.659,mc,3,1784546871496
1784546900196,6,112.096,378.227,mc,5,1784546871496
1784546900196,7,426.526,630.86,mc,4,1784546871496
1784546900196,8,348.832,528.224,mc,4,1784546871496
1784546900196,9,605.413,724.634,mc,4,1784546871496
1784546900196,10,240.746,477.248,mc,5,1784546871496
1784546900296,1,473.789,304.577,mc,5,1784546871496
1784546900296,2,252.871,237.557,mc,5,1784546871496
1784546900296,3,470.388,362.318,mc,3,1784546871496
1784546900296,4,339.025,293.025,mc,5,1784546871496
1784546900296,5,787.239,421.023,mc,3,1784546871496
1784546900296,6,111.637,378.477,mc,5,1784546871496
1784546900296,7,426.945,630.358,mc,4,1784546871496
1784546900296,8,348.492,528.111,mc,4,1784546871496
1784546900296,9,605.499,725.136,mc,4,1784546871496
1784546900296,10,240.178,477.427,mc,5,1784546871496
1784546900396,1,473.378,305.004,mc,5,1784546871496
1784546900396,2,252.556,237.851,mc,5,1784546871496
1784546900396,3,470.094,362.747,mc,3,1784546871496
1784546900396,4,338.911,293.046,mc,5,1784546871496
1784546900396,5,787.375,421.387,mc,3,1784546871496
1784546900396,6,111.178,378.727,mc,5,1784546871496
1784546900396,7,427.363,629.855,mc,4,1784546871496
1784546900396,8,348.151,527.998,mc,4,1784546871496
1784546900396,9,605.584,725.638,mc,4,1784546871496
1784546900396,10,239.609,477.605,mc,5,1784546871496
1784546900496,1,472.968,305.432,mc,5,1784546871496
1784546900496,2,252.24,238.145,mc,5,1784546871496
1784546900496,3,469.801,363.176,mc,3,1784546871496
1784546900496,4,338.369,293.278,mc,5,1784546871496
1784546900496,5,787.51,421.751,mc,3,1784546871496
1784546900496,6,110.72,378.976,mc,5,1784546871496
1784546900496,7,427.782,629.352,mc,4,1784546871496
1784546900496,8,347.81,527.885,mc,4,1784546871496
1784546900496,9,605.669,726.14,mc,4,1784546871496
1784546900496,10,239.041,477.784,mc,5,1784546871496
1784546900596,1,472.557,305.859,mc,5,1784546871496
1784546900596,2,251.924,238.439,mc,5,1784546871496
1784546900596,3,469.508,363.605,mc,3,1784546871496
1784546900596,4,337.828,293.509,mc,5,1784546871496
1784546900596,5,787.645,422.116,mc,3,1784546871496
1784546900596,6,110.261,379.226,mc,5,1784546871496
1784546900596,7,428.2,628.849,mc,4,1784546871496
1784546900596,8,347.47,527.772,mc,4,1784546871496
1784546900596,9,605.52,726.575,mc,4,1784546871496
1784546900596,10,238.472,477.962,mc,5,1784546871496
1784546900696,1,472.146,306.286,mc,5,1784546871496
1784546900696,2,251.609,238.732,mc,5,1784546871496
1784546900696,3,469.214,364.033,mc,3,1784546871496
1784546900696,4,337.286,293.741,mc,5,1784546871496
1784546900696,5,787.78,422.48,mc,3,1784546871496
1784546900696,6,109.802,379.476,mc,5,1784546871496
1784546900696,7,428.619,628.347,mc,4,1784546871496
1784546900696,8,347.129,527.659,mc,4,1784546871496
1784546900696,9,604.909,726.878,mc,4,1784546871496
1784546900696,10,237.904,478.14,mc,5,1784546871496
1784546900796,1,471.735,306.714,mc,5,1784546871496
1784546900796,2,251.293,239.026,mc,5,1784546871496
1784546900796,3,468.921,364.462,mc,3,1784546871496
1784546900796,4,336.745,293.972,mc,5,1784546871496
1784546900796,5,787.915,422.844,mc,3,1784546871496
1784546900796,6,109.343,379.726,mc,5,1784546871496
1784546900796,7,429.037,627.844,mc,4,1784546871496
1784546900796,8,346.788,527.546,mc,4,1784546871496
1784546900796,9,604.299,727.182,mc,4,1784546871496
1784546900796,10,237.336,478.319,mc,5,1784546871496
1784546900896,1,471.325,307.141,mc,5,1784546871496
1784546900896,2,250.977,239.32,mc,5,1784546871496
1784546900896,3,468.628,364.891,mc,3,1784546871496
1784546900896,4,336.203,294.204,mc,5,1784546871496
1784546900896,5,788.05,423.208,mc,3,1784546871496
1784546900896,6,108.884,379.975,mc,5,1784546871496
1784546900896,7,429.456,627.341,mc,4,1784546871496
1784546900896,8,346.447,527.433,mc,4,1784546871496
1784546900896,9,603.688,727.485,mc,4,1784546871496
1784546900896,10,236.767,478.497,mc,5,1784546871496
1784546900996,1,470.914,307.569,mc,5,1784546871496
1784546900996,2,250.662,239.614,mc,5,1784546871496
1784546900996,3,468.334,365.32,mc,3,1784546871496
1784546900996,4,335.661,294.436,mc,5,1784546871496
1784546900996,5,788.185,423.573,mc,3,1784546871496
1784546900996,6,108.425,380.225,mc,5,1784546871496
1784546900996,7,429.874,626.838,mc,4,1784546871496
1784546900996,8,346.107,527.32,mc,4,1784546871496
1784546900996,9,603.077,727.789,mc,4,1784546871496
1784546900996,10,236.199,478.676,mc,5,1784546871496
1784546901096,1,470.88,307.895,mc,5,1784546871496
1784546901096,2,250.346,239.908,mc,5,1784546871496
1784546901096,3,468.041,365.748,mc,3,1784546871496
1784546901096,4,335.12,294.667,mc,5,1784546871496
1784546901096,5,788.32,423.937,mc,3,1784546871496
1784546901096,6,107.966,380.475,mc,5,1784546871496
1784546901096,7,430.293,626.336,mc,4,1784546871496
1784546901096,8,345.766,527.208,mc,4,1784546871496
1784546901096,9,602.466,728.092,mc,4,1784546871496
1784546901096,10,235.63,478.854,mc,5,1784546871496
1784546901196,1,470.9,308.208,mc,5,1784546871496
1784546901196,2,250.03,240.202,mc,5,1784546871496
1784546901196,3,467.748,366.177,mc,3,1784546871496
1784546901196,4,334.578,294.899,mc,5,1784546871496
1784546901196,5,788.455,424.301,mc,3,1784546871496
1784546901196,6,107.507,380.725,mc,5,1784546871496
1784546901196,7,430.711,625.833,mc,4,1784546871496
1784546901196,8,345.425,527.095,mc,4,1784546871496
1784546901196,9,601.855,728.396,mc,4,1784546871496
1784546901196,10,235.062,479.032,mc,5,1784546871496
1784546901296,1,470.92,308.521,mc,5,1784546871496
1784546901296,2,249.715,240.496,mc,5,1784546871496
1784546901296,3,467.454,366.606,mc,3,1784546871496
1784546901296,4,334.036,295.13,mc,5,1784546871496
1784546901296,5,788.59,424.666,mc,3,1784546871496
1784546901296,6,107.049,380.974,mc,5,1784546871496
1784546901296,7,431.13,625.33,mc,4,1784546871496
1784546901296,8,345.085,526.982,mc,4,1784546871496
1784546901296,9,601.244,728.699,mc,4,1784546871496
1784546901296,10,234.494,479.211,mc,5,1784546871496
1784546901396,1,470.939,308.834,mc,5,1784546871496
1784546901396,2,249.399,240.789,mc,5,1784546871496
1784546901396,3,467.161,367.035,mc,3,1784546871496
1784546901396,4,333.495,295.362,mc,5,1784546871496
1784546901396,5,788.725,425.03,mc,3,1784546871496
1784546901396,6,106.59,381.224,mc,5,1784546871496
1784546901396,7,431.548,624.827,mc,4,1784546871496
1784546901396,8,344.744,526.869,mc,4,1784546871496
1784546901396,9,600.634,729.003,mc,4,1784546871496
1784546901396,10,234.038,478.965,mc,5,1784546871496
1784546901496,1,470.959,309.146,mc,5,1784546871496
1784546901496,2,249.084,241.083,mc,5,1784546871496
1784546901496,3,466.868,367.464,mc,3,1784546871496
1784546901496,4,332.953,295.593,mc,5,1784546871496
1784546901496,5,788.86,425.394,mc,3,1784546871496
1784546901496,6,106.131,381.474,mc,5,1784546871496
1784546901496,7,431.967,624.325,mc,4,1784546871496
1784546901496,8,344.403,526.756,mc,4,1784546871496
1784546901496,9,600.023,729.306,mc,4,1784546871496
1784546901496,10,233.616,478.593,mc,5,1784546871496
1784546901596,1,470.979,309.459,mc,5,1784546871496
1784546901596,2,248.768,241.377,mc,5,1784546871496
1784546901596,3,466.574,367.892,mc,3,1784546871496
1784546901596,4,332.412,295.825,mc,5,1784546871496
1784546901596,5,788.995,425.758,mc,3,1784546871496
1784546901596,6,105.672,381.724,mc,5,1784546871496
1784546901596,7,432.385,623.822,mc,4,1784546871496
1784546901596,8,344.063,526.643,mc,4,1784546871496
1784546901596,9,599.412,729.609,mc,4,1784546871496
1784546901596,10,233.194,478.221,mc,5,1784546871496
1784546901696,1,470.999,309.772,mc,5,1784546871496
1784546901696,2,248.452,241.671,mc,5,1784546871496
1784546901696,3,466.281,368.321,mc,3,1784546871496
1784546901696,4,331.87,296.057,mc,5,1784546871496
1784546901696,5,789.13,426.123,mc,3,1784546871496
1784546901696,6,105.213,381.973,mc,5,1784546871496
1784546901696,7,432.804,623.319,mc,4,1784546871496
1784546901696,8,343.722,526.53,mc,4,1784546871496
1784546901696,9,598.801,729.913,mc,4,1784546871496
1784546901696,10,232.772,477.85,mc,5,1784546871496
1784546901796,1,471.018,310.084,mc,5,1784546871496
1784546901796,2,248.137,241.965,mc,5,1784546871496
1784546901796,3,465.988,368.75,mc,3,1784546871496
1784546901796,4,331.328,296.288,mc,5,1784546871496
1784546901796,5,789.265,426.487,mc,3,1784546871496
1784546901796,6,104.754,382.223,mc,5,1784546871496
1784546901796,7,433.222,622.816,mc,4,1784546871496
1784546901796,8,343.381,526.417,mc,4,1784546871496
1784546901796,9,598.19,730.216,mc,4,1784546871496
1784546901796,10,232.35,477.478,mc,5,1784546871496
1784546901896,1,471.038,310.397,mc,5,1784546871496
1784546901896,2,247.821,242.259,mc,5,1784546871496
1784546901896,3,465.694,369.179,mc,3,1784546871496
1784546901896,4,330.787,296.52,mc,5,1784546871496
1784546901896,5,789.4,426.851,mc,3,1784546871496
1784546901896,6,104.295,382.473,mc,5,1784546871496
1784546901896,7,433.641,622.314,mc,4,1784546871496
1784546901896,8,343.041,526.304,mc,4,1784546871496
1784546901896,9,597.579,730.52,mc,4,1784546871496
1784546901896,10,231.928,477.106,mc,5,1784546871496
1784546901996,1,471.058,310.71,mc,5,1784546871496
1784546901996,2,247.505,242.552,mc,5,1784546871496
1784546901996,3,465.401,369.608,mc,3,1784546871496
1784546901996,4,330.245,296.751,mc,5,1784546871496
1784546901996,5,789.535,427.216,mc,3,1784546871496
1784546901996,6,103.837,382.723,mc,5,1784546871496
1784546901996,7,434.059,621.811,mc,4,1784546871496
1784546901996,8,342.7,526.191,mc,4,1784546871496
1784546901996,9,596.969,730.823,mc,4,1784546871496
1784546901996,10,231.505,476.735,mc,5,1784546871496
1784546902096,1,471.078,311.023,mc,5,1784546871496
1784546902096,2,247.19,242.846,mc,5,1784546871496
1784546902096,3,465.108,370.036,mc,3,1784546871496
1784546902096,4,329.704,296.983,mc,5,1784546871496
1784546902096,5,789.67,427.58,mc,3,1784546871496
1784546902096,6,103.378,382.973,mc,5,1784546871496
1784546902096,7,434.478,621.308,mc,4,1784546871496
1784546902096,8,342.359,526.078,mc,4,1784546871496
1784546902096,9,596.358,731.127,mc,4,1784546871496
1784546902096,10,231.083,476.363,mc,5,1784546871496
1784546902196,1,471.097,311.335,mc,5,1784546871496
1784546902196,2,246.874,243.14,mc,5,1784546871496
1784546902196,3,464.814,370.465,mc,3,1784546871496
1784546902196,4,329.162,297.215,mc,5,1784546871496
1784546902196,5,789.805,427.944,mc,3,1784546871496
1784546902196,6,102.919,383.222,mc,5,1784546871496
1784546902196,7,434.896,620.805,mc,4,1784546871496
1784546902196,8,342.019,525.965,mc,4,1784546871496
1784546902196,9,595.747,731.43,mc,4,1784546871496
1784546902196,10,230.661,475.991,mc,5,1784546871496
1784546902296,1,471.117,311.648,mc,5,1784546871496
1784546902296,2,246.558,243.434,mc,5,1784546871496
1784546902296,3,464.521,370.894,mc,3,1784546871496
1784546902296,4,328.62,297.446,mc,5,1784546871496
1784546902296,5,789.94,428.308,mc,3,1784546871496
1784546902296,6,102.46,383.472,mc,5,1784546871496
1784546902296,7,435.315,620.302,mc,4,1784546871496
1784546902296,8,341.678,525.852,mc,4,1784546871496
1784546902296,9,595.136,731.734,mc,4,1784546871496
1784546902296,10,230.239,475.62,mc,5,1784546871496
1784546902396,1,471.137,311.961,mc,5,1784546871496
1784546902396,2,246.243,243.728,mc,5,1784546871496
1784546902396,3,464.228,371.323,mc,3,1784546871496
1784546902396,4,328.079,297.678,mc,5,1784546871496
1784546902396,5,790.075,428.673,mc,3,1784546871496
1784546902396,6,102.001,383.722,mc,5,1784546871496
1784546902396,7,435.733,619.8,mc,4,1784546871496
1784546902396,8,341.337,525.739,mc,4,1784546871496
1784546902396,9,594.525,732.037,mc,4,1784546871496
1784546902396,10,229.817,475.248,mc,5,1784546871496
1784546902496,1,471.157,312.273,mc,5,1784546871496
1784546902496,2,245.927,244.022,mc,5,1784546871496
1784546902496,3,463.934,371.751,mc,3,1784546871496
1784546902496,4,327.537,297.909,mc,5,1784546871496
1784546902496,5,790.21,429.037,mc,3,1784546871496
1784546902496,6,101.542,383.972,mc,5,1784546871496
1784546902496,7,436.152,619.297,mc,4,1784546871496
1784546902496,8,340.996,525.626,mc,4,1784546871496
1784546902496,9,593.914,732.341,mc,4,1784546871496
1784546902496,10,229.395,474.876,mc,5,1784546871496
1784546902596,1,471.176,312.586,mc,5,1784546871496
1784546902596,2,245.611,244.316,mc,5,1784546871496
1784546902596,3,463.641,372.18,mc,3,1784546871496
1784546902596,4,326.996,298.141,mc,5,1784546871496
1784546902596,5,790.345,429.401,mc,3,1784546871496
1784546902596,6,101.083,384.221,mc,5,1784546871496
1784546902596,7,436.57,618.794,mc,4,1784546871496
1784546902596,8,340.656,525.513,mc,4,1784546871496
1784546902596,9,593.304,732.644,mc,4,1784546871496
1784546902596,10,228.973,474.504,mc,5,1784546871496
1784546902696,1,471.196,312.899,mc,5,1784546871496
1784546902696,2,245.296,244.609,mc,5,1784546871496
1784546902696,3,463.348,372.609,mc,3,1784546871496
1784546902696,4,326.454,298.372,mc,5,1784546871496
1784546902696,5,790.48,429.765,mc,3,1784546871496
1784546902696,6,100.624,384.471,mc,5,1784546871496
1784546902696,7,436.989,618.291,mc,4,1784546871496
1784546902696,8,340.315,525.4,mc,4,1784546871496
1784546902696,9,592.693,732.948,mc,4,1784546871496
1784546902696,10,228.551,474.133,mc,5,1784546871496
1784546902796,1,471.216,313.212,mc,5,1784546871496
1784546902796,2,244.98,244.903,mc,5,1784546871496
1784546902796,3,463.054,373.038,mc,3,1784546871496
1784546902796,4,325.912,298.604,mc,5,1784546871496
1784546902796,5,790.615,430.13,mc,3,1784546871496
1784546902796,6,100.166,384.721,mc,5,1784546871496
1784546902796,7,437.407,617.789,mc,4,1784546871496
1784546902796,8,339.974,525.287,mc,4,1784546871496
1784546902796,9,592.082,733.251,mc,4,1784546871496
1784546902796,10,228.129,473.761,mc,5,1784546871496
1784546902896,1,471.236,313.524,mc,5,1784546871496
1784546902896,2,244.664,245.197,mc,5,1784546871496
1784546902896,3,462.761,373.467,mc,3,1784546871496
1784546902896,4,325.371,298.836,mc,5,1784546871496
1784546902896,5,790.75,430.494,mc,3,1784546871496
1784546902896,6,99.7066,384.971,mc,5,1784546871496
1784546902896,7,437.826,617.286,mc,4,1784546871496
1784546902896,8,339.634,525.174,mc,4,1784546871496
1784546902896,9,591.471,733.555,mc,4,1784546871496
1784546902896,10,227.706,473.389,mc,5,1784546871496
1784546902996,1,471.255,313.837,mc,5,1784546871496
1784546902996,2,244.349,245.491,mc,5,1784546871496
1784546902996,3,462.468,373.895,mc,3,1784546871496
1784546902996,4,324.829,299.067,mc,5,1784546871496
1784546902996,5,790.885,430.858,mc,3,1784546871496
1784546902996,6,99.2478,385.22,mc,5,1784546871496
1784546902996,7,438.244,616.783,mc,4,1784546871496
1784546902996,8,339.293,525.062,mc,4,1784546871496
1784546902996,9,590.86,733.858,mc,4,1784546871496
1784546902996,10,227.284,473.018,mc,5,1784546871496
1784546903096,1,471.275,314.15,mc,5,1784546871496
1784546903096,2,244.033,245.785,mc,5,1784546871496
1784546903096,3,462.174,374.324,mc,3,1784546871496
1784546903096,4,324.288,299.299,mc,5,1784546871496
1784546903096,5,791.02,431.223,mc,3,1784546871496
1784546903096,6,98.7889,385.47,mc,5,1784546871496
1784546903096,7,438.663,616.28,mc,4,1784546871496
1784546903096,8,338.952,524.949,mc,4,1784546871496
1784546903096,9,590.249,734.161,mc,4,1784546871496
1784546903096,10,226.862,472.646,mc,5,1784546871496
1784546903196,1,471.295,314.462,mc,5,1784546871496
1784546903196,2,243.717,246.079,mc,5,1784546871496
1784546903196,3,461.881,374.753,mc,3,1784546871496
1784546903196,4,323.746,299.53,mc,5,1784546871496
1784546903196,5,791.155,431.587,mc,3,1784546871496
1784546903196,6,98.33,385.72,mc,5,1784546871496
1784546903196,7,439.081,615.778,mc,4,1784546871496
1784546903196,8,338.612,524.836,mc,4,1784546871496
1784546903196,9,589.638,734.465,mc,4,1784546871496
1784546903196,10,226.44,472.274,mc,5,1784546871496
1784546903296,1,471.314,314.775,mc,5,1784546871496
1784546903296,2,243.402,246.373,mc,5,1784546871496
1784546903296,3,461.588,375.182,mc,3,1784546871496
1784546903296,4,323.204,299.762,mc,5,1784546871496
1784546903296,5,791.29,431.951,mc,3,1784546871496
1784546903296,6,97.8712,385.97,mc,5,1784546871496
1784546903296,7,439.5,615.275,mc,4,1784546871496
1784546903296,8,338.271,524.723,mc,4,1784546871496
1784546903296,9,589.028,734.768,mc,4,1784546871496
1784546903296,10,226.018,471.903,mc,5,1784546871496
1784546903396,1,471.334,315.088,mc,5,1784546871496
1784546903396,2,243.086,246.666,mc,5,1784546871496
1784546903396,3,461.294,375.61,mc,3,1784546871496
1784546903396,4,322.663,299.993,mc,5,1784546871496
1784546903396,5,791.425,432.315,mc,3,1784546871496
1784546903396,6,97.4123,386.219,mc,5,1784546871496
1784546903396,7,439.918,614.772,mc,4,1784546871496
1784546903396,8,337.93,524.61,mc,4,1784546871496
1784546903396,9,588.417,735.072,mc,4,1784546871496
1784546903396,10,225.596,471.531,mc,5,1784546871496
1784546903496,1,471.354,315.401,mc,5,1784546871496
1784546903496,2,242.771,246.96,mc,5,1784546871496
1784546903496,3,461.001,376.039,mc,3,1784546871496
1784546903496,4,322.121,300.225,mc,5,1784546871496
1784546903496,5,791.56,432.68,mc,3,1784546871496
1784546903496,6,96.9534,386.469,mc,5,1784546871496
1784546903496,7,440.337,614.269,mc,4,1784546871496
1784546903496,8,337.59,524.497,mc,4,1784546871496
1784546903496,9,587.806,735.375,mc,4,1784546871496
1784546903496,10,225.174,471.159,mc,5,1784546871496
1784546903596,1,471.374,315.713,mc,5,1784546871496
1784546903596,2,242.455,247.254,mc,5,1784546871496
1784546903596,3,460.708,376.468,mc,3,1784546871496
1784546903596,4,321.58,300.457,mc,5,1784546871496
1784546903596,5,791.695,433.044,mc,3,1784546871496
1784546903596,6,96.4945,386.719,mc,5,1784546871496
1784546903596,7,440.756,613.767,mc,4,1784546871496
1784546903596,8,337.249,524.384,mc,4,1784546871496
1784546903596,9,587.195,735.679,mc,4,1784546871496
1784546903596,10,224.752,470.788,mc,5,1784546871496
1784546903696,1,471.393,316.026,mc,5,1784546871496
1784546903696,2,242.139,247.548,mc,5,1784546871496
1784546903696,3,460.414,376.897,mc,3,1784546871496
1784546903696,4,321.038,300.688,mc,5,1784546871496
1784546903696,5,791.83,433.408,mc,3,1784546871496
1784546903696,6,96.0357,386.969,mc,5,1784546871496
1784546903696,7,441.174,613.264,mc,4,1784546871496
1784546903696,8,336.908,524.271,mc,4,1784546871496
1784546903696,9,586.584,735.982,mc,4,1784546871496
1784546903696,10,224.33,470.416,mc,5,1784546871496
1784546903796,1,471.413,316.339,mc,5,1784546871496
1784546903796,2,241.824,247.842,mc,5,1784546871496
1784546903796,3,460.121,377.326,mc,3,1784546871496
1784546903796,4,320.496,300.92,mc,5,1784546871496
1784546903796,5,791.965,433.772,mc,3,1784546871496
1784546903796,6,95.5768,387.218,mc,5,1784546871496
1784546903796,7,441.593,612.761,mc,4,1784546871496
1784546903796,8,336.568,524.158,mc,4,1784546871496
1784546903796,9,585.973,736.286,mc,4,1784546871496
1784546903796,10,223.908,470.044,mc,5,1784546871496
1784546903896,1,471.433,316.651,mc,5,1784546871496
1784546903896,2,241.508,248.136,mc,5,1784546871496
1784546903896,3,459.828,377.754,mc,3,1784546871496
1784546903896,4,319.955,301.151,mc,5,1784546871496
1784546903896,5,792.1,434.137,mc,3,1784546871496
1784546903896,6,95.1179,387.468,mc,5,1784546871496
1784546903896,7,442.011,612.258,mc,4,1784546871496
1784546903896,8,336.227,524.045,mc,4,1784546871496
1784546903896,9,585.363,736.589,mc,4,1784546871496
1784546903896,10,223.485,469.673,mc,5,1784546871496
1784546903996,1,471.453,316.964,mc,5,1784546871496
1784546903996,2,241.192,248.43,mc,5,1784546871496
1784546903996,3,459.534,378.183,mc,3,1784546871496
1784546903996,4,319.413,301.383,mc,5,1784546871496
1784546903996,5,792.235,434.501,mc,3,1784546871496
1784546903996,6,94.5671,387.077,mc,5,1784546871496
1784546903996,7,442.43,611.756,mc,4,1784546871496
1784546903996,8,335.886,523.932,mc,4,1784546871496
1784546903996,9,584.752,736.893,mc,4,1784546871496
1784546903996,10,223.063,469.301,mc,5,1784546871496
1784546904096,1,471.472,317.277,mc,5,1784546871496
1784546904096,2,240.877,248.723,mc,5,1784546871496
1784546904096,3,459.241,378.612,mc,3,1784546871496
1784546904096,4,318.872,301.615,mc,5,1784546871496
1784546904096,5,792.37,434.865,mc,3,1784546871496
1784546904096,6,94.0159,386.683,mc,5,1784546871496
1784546904096,7,442.848,611.253,mc,4,1784546871496
1784546904096,8,335.545,523.819,mc,4,1784546871496
1784546904096,9,584.141,737.196,mc,4,1784546871496
1784546904096,10,222.641,468.929,mc,5,1784546871496
1784546904196,1,471.492,317.59,mc,5,1784546871496
1784546904196,2,240.561,249.017,mc,5,1784546871496
1784546904196,3,458.948,379.041,mc,3,1784546871496
1784546904196,4,318.33,301.846,mc,5,1784546871496
1784546904196,5,792.505,435.23,mc,3,1784546871496
1784546904196,6,93.4646,386.289,mc,5,1784546871496
1784546904196,7,443.267,610.75,mc,4,1784546871496
1784546904196,8,335.205,523.706,mc,4,1784546871496
1784546904196,9,583.53,737.5,mc,4,1784546871496
1784546904196,10,222.219,468.557,mc,5,1784546871496
1784546904296,1,471.512,317.902,mc,5,1784546871496
1784546904296,2,240.245,249.311,mc,5,1784546871496
1784546904296,3,458.654,379.47,mc,3,1784546871496
1784546904296,4,317.788,302.078,mc,5,1784546871496
1784546904296,5,792.64,435.594,mc,3,1784546871496
1784546904296,6,92.9134,385.895,mc,5,1784546871496
1784546904296,7,443.685,610.247,mc,4,1784546871496
1784546904296,8,334.864,523.593,mc,4,1784546871496
1784546904296,9,582.919,737.803,mc,4,1784546871496
1784546904296,10,221.797,468.186,mc,5,1784546871496
1784546904396,1,471.532,318.215,mc,5,1784546871496
1784546904396,2,240.006,248.867,mc,5,1784546871496
1784546904396,3,458.361,379.898,mc,3,1784546871496
1784546904396,4,317.247,302.309,mc,5,1784546871496
1784546904396,5,792.775,435.958,mc,3,1784546871496
1784546904396,6,92.3621,385.501,mc,5,1784546871496
1784546904396,7,444.015,609.748,mc,4,1784546871496
1784546904396,8,334.523,523.48,mc,4,1784546871496
1784546904396,9,582.308,738.106,mc,4,1784546871496
1784546904396,10,221.375,467.814,mc,5,1784546871496
1784546904496,1,471.551,318.528,mc,5,1784546871496
1784546904496,2,239.788,248.209,mc,5,1784546871496
1784546904496,3,458.068,380.327,mc,3,1784546871496
1784546904496,4,316.705,302.541,mc,5,1784546871496
1784546904496,5,792.91,436.322,mc,3,1784546871496
1784546904496,6,91.8109,385.107,mc,5,1784546871496
1784546904496,7,444.13,609.257,mc,4,1784546871496
1784546904496,8,334.183,523.367,mc,4,1784546871496
1784546904496,9,581.698,738.41,mc,4,1784546871496
1784546904496,10,220.953,467.442,mc,5,1784546871496
1784546904596,1,471.571,318.84,mc,5,1784546871496
1784546904596,2,239.571,247.552,mc,5,1784546871496
1784546904596,3,457.775,380.756,mc,3,1784546871496
1784546904596,4,316.164,302.772,mc,5,1784546871496
1784546904596,5,793.045,436.687,mc,3,1784546871496
1784546904596,6,91.2596,384.712,mc,5,1784546871496
1784546904596,7,444.246,608.765,mc,4,1784546871496
1784546904596,8,333.842,523.254,mc,4,1784546871496
1784546904596,9,581.087,738.713,mc,4,1784546871496
1784546904596,10,220.531,467.071,mc,5,1784546871496
1784546904696,1,471.591,319.153,mc,5,1784546871496
1784546904696,2,239.353,246.894,mc,5,1784546871496
1784546904696,3,457.481,381.185,mc,3,1784546871496
1784546904696,4,315.622,303.004,mc,5,1784546871496
1784546904696,5,793.18,437.051,mc,3,1784546871496
1784546904696,6,90.7083,384.318,mc,5,1784546871496
1784546904696,7,444.361,608.274,mc,4,1784546871496
1784546904696,8,333.501,523.141,mc,4,1784546871496
1784546904696,9,580.476,739.017,mc,4,1784546871496
1784546904696,10,220.109,466.699,mc,5,1784546871496
1784546904796,1,471.611,319.466,mc,5,1784546871496
1784546904796,2,239.135,246.237,mc,5,1784546871496
1784546904796,3,457.188,381.613,mc,3,1784546871496
1784546904796,4,315.08,303.236,mc,5,1784546871496
1784546904796,5,793.315,437.415,mc,3,1784546871496
1784546904796,6,90.1571,383.924,mc,5,1784546871496
1784546904796,7,444.476,607.783,mc,4,1784546871496
1784546904796,8,333.161,523.028,mc,4,1784546871496
1784546904796,9,579.865,739.32,mc,4,1784546871496
1784546904796,10,219.686,466.327,mc,5,1784546871496
1784546904896,1,471.63,319.779,mc,5,1784546871496
1784546904896,2,238.918,245.579,mc,5,1784546871496
1784546904896,3,456.895,382.042,mc,3,1784546871496
1784546904896,4,314.539,303.467,mc,5,1784546871496
1784546904896,5,793.451,437.779,mc,3,1784546871496
1784546904896,6,89.6058,383.53,mc,5,1784546871496
1784546904896,7,444.591,607.291,mc,4,1784546871496
1784546904896,8,332.82,522.915,mc,4,1784546871496
1784546904896,9,579.254,739.624,mc,4,1784546871496
1784546904896,10,219.264,465.956,mc,5,1784546871496
1784546904996,1,471.65,320.091,mc,5,1784546871496
1784546904996,2,238.7,244.922,mc,5,1784546871496
1784546904996,3,456.601,382.471,mc,3,1784546871496
1784546904996,4,313.997,303.699,mc,5,1784546871496
1784546904996,5,793.586,438.144,mc,3,1784546871496
1784546904996,6,89.0546,383.136,mc,5,1784546871496
1784546904996,7,444.706,606.8,mc,4,1784546871496
1784546904996,8,332.479,522.803,mc,4,1784546871496
1784546904996,9,578.964,739.789,mc,4,1784546871496
1784546904996,10,218.842,465.584,mc,5,1784546871496
1784546905096,1,471.67,320.404,mc,5,1784546871496
1784546905096,2,238.482,244.264,mc,5,1784546871496
1784546905096,3,456.296,382.873,mc,3,1784546871496
1784546905096,4,313.456,303.93,mc,5,1784546871496
1784546905096,5,793.721,438.508,mc,3,1784546871496
1784546905096,6,88.5033,382.742,mc,5,1784546871496
1784546905096,7,444.821,606.309,mc,4,1784546871496
1784546905096,8,332.139,522.69,mc,4,1784546871496
1784546905096,9,579.261,739.7,mc,4,1784546871496
1784546905096,10,218.42,465.212,mc,5,1784546871496
1784546905196,1,471.69,320.717,mc,5,1784546871496
1784546905196,2,238.265,243.607,mc,5,1784546871496
1784546905196,3,455.965,383.218,mc,3,1784546871496
1784546905196,4,312.914,304.162,mc,5,1784546871496
1784546905196,5,793.856,438.872,mc,3,1784546871496
1784546905196,6,87.9521,382.348,mc,5,1784546871496
1784546905196,7,444.936,605.818,mc,4,1784546871496
1784546905196,8,331.798,522.577,mc,4,1784546871496
1784546905196,9,579.558,739.611,mc,4,1784546871496
1784546905196,10,217.998,464.841,mc,5,1784546871496
1784546905296,1,471.709,321.029,mc,5,1784546871496
1784546905296,2,238.047,242.949,mc,5,1784546871496
1784546905296,3,455.634,383.563,mc,3,1784546871496
1784546905296,4,312.372,304.394,mc,5,1784546871496
1784546905296,5,793.991,439.237,mc,3,1784546871496
1784546905296,6,87.4008,381.954,mc,5,1784546871496
1784546905296,7,445.051,605.326,mc,4,1784546871496
1784546905296,8,331.457,522.464,mc,4,1784546871496
1784546905296,9,579.856,739.522,mc,4,1784546871496
1784546905296,10,217.576,464.469,mc,5,1784546871496
1784546905396,1,471.729,321.342,mc,5,1784546871496
1784546905396,2,237.83,242.292,mc,5,1784546871496
1784546905396,3,455.303,383.908,mc,3,1784546871496
1784546905396,4,311.831,304.625,mc,5,1784546871496
1784546905396,5,794.126,439.601,mc,3,1784546871496
1784546905396,6,86.8496,381.559,mc,5,1784546871496
1784546905396,7,445.166,604.835,mc,4,1784546871496
1784546905396,8,331.117,522.351,mc,4,1784546871496
1784546905396,9,580.153,739.433,mc,4,1784546871496
1784546905396,10,217.154,464.097,mc,5,1784546871496
1784546905496,1,471.749,321.655,mc,5,1784546871496
1784546905496,2,237.612,241.635,mc,5,1784546871496
1784546905496,3,454.972,384.252,mc,3,1784546871496
1784546905496,4,311.962,305.011,mc,5,1784546871496
1784546905496,5,794.261,439.965,mc,3,1784546871496
1784546905496,6,86.2983,381.165,mc,5,1784546871496
1784546905496,7,445.281,604.344,mc,4,1784546871496
1784546905496,8,330.776,522.238,mc,4,1784546871496
1784546905496,9,580.451,739.344,mc,4,1784546871496
1784546905496,10,216.732,463.726,mc,5,1784546871496
1784546905596,1,471.769,321.968,mc,5,1784546871496
1784546905596,2,237.394,240.977,mc,5,1784546871496
1784546905596,3,454.641,384.597,mc,3,1784546871496
1784546905596,4,312.385,305.463,mc,5,1784546871496
1784546905596,5,794.396,440.329,mc,3,1784546871496
1784546905596,6,85.7471,380.771,mc,5,1784546871496
1784546905596,7,445.396,603.853,mc,4,1784546871496
1784546905596,8,330.435,522.125,mc,4,1784546871496
1784546905596,9,580.748,739.255,mc,4,1784546871496
1784546905596,10,216.31,463.354,mc,5,1784546871496
1784546905696,1,471.788,322.28,mc,5,1784546871496
1784546905696,2,237.177,240.32,mc,5,1784546871496
1784546905696,3,454.311,384.942,mc,3,1784546871496
1784546905696,4,312.808,305.916,mc,5,1784546871496
1784546905696,5,794.531,440.694,mc,3,1784546871496
1784546905696,6,85.1958,380.377,mc,5,1784546871496
1784546905696,7,445.511,603.361,mc,4,1784546871496
1784546905696,8,330.094,522.012,mc,4,1784546871496
1784546905696,9,581.046,739.166,mc,4,1784546871496
1784546905696,10,215.887,462.982,mc,5,1784546871496
1784546905796,1,471.808,322.593,mc,5,1784546871496
1784546905796,2,236.959,239.662,mc,5,1784546871496
1784546905796,3,453.98,385.287,mc,3,1784546871496
1784546905796,4,313.231,306.369,mc,5,1784546871496
1784546905796,5,794.698,441.046,mc,3,1784546871496
1784546905796,6,84.6445,379.983,mc,5,1784546871496
1784546905796,7,445.626,602.87,mc,4,1784546871496
1784546905796,8,329.754,521.899,mc,4,1784546871496
1784546905796,9,581.343,739.077,mc,4,1784546871496
1784546905796,10,215.465,462.61,mc,5,1784546871496
1784546905896,1,471.828,322.906,mc,5,1784546871496
1784546905896,2,236.742,239.005,mc,5,1784546871496
1784546905896,3,453.649,385.632,mc,3,1784546871496
1784546905896,4,313.654,306.821,mc,5,1784546871496
1784546905896,5,794.985,441.35,mc,3,1784546871496
1784546905896,6,84.0933,379.589,mc,5,1784546871496
1784546905896,7,445.742,602.379,mc,4,1784546871496
1784546905896,8,329.413,521.786,mc,4,1784546871496
1784546905896,9,581.64,738.988,mc,4,1784546871496
1784546905896,10,215.043,462.239,mc,5,1784546871496
1784546905996,1,471.848,323.218,mc,5,1784546871496
1784546905996,2,236.524,238.347,mc,5,1784546871496
1784546905996,3,453.318,385.977,mc,3,1784546871496
1784546905996,4,314.077,307.274,mc,5,1784546871496
1784546905996,5,795.272,441.655,mc,3,1784546871496
1784546905996,6,83.542,379.195,mc,5,1784546871496
1784546905996,7,445.857,601.888,mc,4,1784546871496
1784546905996,8,329.072,521.673,mc,4,1784546871496
1784546905996,9,581.938,738.899,mc,4,1784546871496
1784546905996,10,214.621,461.867,mc,5,1784546871496
1784546906096,1,471.867,323.531,mc,5,1784546871496
1784546906096,2,236.306,237.69,mc,5,1784546871496
1784546906096,3,452.987,386.321,mc,3,1784546871496
1784546906096,4,314.5,307.727,mc,5,1784546871496
1784546906096,5,795.56,441.96,mc,3,1784546871496
1784546906096,6,82.9908,378.801,mc,5,1784546871496
1784546906096,7,445.972,601.396,mc,4,1784546871496
1784546906096,8,328.732,521.56,mc,4,1784546871496
1784546906096,9,582.235,738.81,mc,4,1784546871496
1784546906096,10,214.199,461.495,mc,5,1784546871496
1784546906196,1,471.887,323.844,mc,5,1784546871496
1784546906196,2,236.089,237.032,mc,5,1784546871496
1784546906196,3,452.656,386.666,mc,3,1784546871496
1784546906196,4,314.923,308.179,mc,5,1784546871496
1784546906196,5,795.847,442.265,mc,3,1784546871496
1784546906196,6,82.4395,378.407,mc,5,1784546871496
1784546906196,7,446.087,600.905,mc,4,1784546871496
1784546906196,8,328.391,521.447,mc,4,1784546871496
1784546906196,9,582.533,738.721,mc,4,1784546871496
1784546906196,10,213.777,461.124,mc,5,1784546871496
1784546906296,1,471.907,324.157,mc,5,1784546871496
1784546906296,2,235.871,236.375,mc,5,1784546871496
1784546906296,3,452.325,387.011,mc,3,1784546871496
1784546906296,4,315.346,308.632,mc,5,1784546871496
1784546906296,5,796.134,442.57,mc,3,1784546871496
1784546906296,6,81.8883,378.012,mc,5,1784546871496
1784546906296,7,446.202,600.414,mc,4,1784546871496
1784546906296,8,328.05,521.334,mc,4,1784546871496
1784546906296,9,582.83,738.632,mc,4,1784546871496
1784546906296,10,213.355,460.752,mc,5,1784546871496
1784546906396,1,471.927,324.469,mc,5,1784546871496
1784546906396,2,235.654,235.717,mc,5,1784546871496
1784546906396,3,451.994,387.356,mc,3,1784546871496
1784546906396,4,315.769,309.085,mc,5,1784546871496
1784546906396,5,796.422,442.875,mc,3,1784546871496
1784546906396,6,81.337,377.618,mc,5,1784546871496
1784546906396,7,446.317,599.922,mc,4,1784546871496
1784546906396,8,327.71,521.221,mc,4,1784546871496
1784546906396,9,583.128,738.543,mc,4,1784546871496
1784546906396,10,212.933,460.38,mc,5,1784546871496
1784546906496,1,471.946,324.782,mc,5,1784546871496
1784546906496,2,235.436,235.06,mc,5,1784546871496
1784546906496,3,451.663,387.701,mc,3,1784546871496
1784546906496,4,316.192,309.537,mc,5,1784546871496
1784546906496,5,796.709,443.18,mc,3,1784546871496
1784546906496,6,80.7858,377.224,mc,5,1784546871496
1784546906496,7,446.432,599.431,mc,4,1784546871496
1784546906496,8,327.369,521.108,mc,4,1784546871496
1784546906496,9,583.425,738.454,mc,4,1784546871496
1784546906496,10,212.511,460.009,mc,5,1784546871496
1784546906596,1,471.966,325.095,mc,5,1784546871496
1784546906596,2,235.218,234.402,mc,5,1784546871496
1784546906596,3,451.333,388.045,mc,3,1784546871496
1784546906596,4,316.615,309.99,mc,5,1784546871496
1784546906596,5,796.996,443.485,mc,3,1784546871496
1784546906596,6,80.2345,376.83,mc,5,1784546871496
1784546906596,7,446.547,598.94,mc,4,1784546871496
1784546906596,8,327.028,520.995,mc,4,1784546871496
1784546906596,9,583.722,738.365,mc,4,1784546871496
1784546906596,10,212.089,459.637,mc,5,1784546871496
1784546906696,1,471.986,325.407,mc,5,1784546871496
1784546906696,2,235.001,233.745,mc,5,1784546871496
1784546906696,3,451.002,388.39,mc,3,1784546871496
1784546906696,4,317.038,310.442,mc,5,1784546871496
1784546906696,5,797.284,443.79,mc,3,1784546871496
1784546906696,6,79.6833,376.436,mc,5,1784546871496
1784546906696,7,446.662,598.449,mc,4,1784546871496
1784546906696,8,326.688,520.882,mc,4,1784546871496
1784546906696,9,584.02,738.276,mc,4,1784546871496
1784546906696,10,212.009,459.18,mc,5,1784546871496
1784546906796,1,472.006,325.72,mc,5,1784546871496
1784546906796,2,234.783,233.087,mc,5,1784546871496
1784546906796,3,450.671,388.735,mc,3,1784546871496
1784546906796,4,317.461,310.895,mc,5,1784546871496
1784546906796,5,797.571,444.095,mc,3,1784546871496
1784546906796,6,79.132,376.042,mc,5,1784546871496
1784546906796,7,446.777,597.957,mc,4,1784546871496
1784546906796,8,326.347,520.769,mc,4,1784546871496
1784546906796,9,584.317,738.187,mc,4,1784546871496
1784546906796,10,212.38,458.611,mc,5,1784546871496
1784546906896,1,472.025,326.033,mc,5,1784546871496
1784546906896,2,234.565,232.43,mc,5,1784546871496
1784546906896,3,450.34,389.08,mc,3,1784546871496
1784546906896,4,317.884,311.348,mc,5,1784546871496
1784546906896,5,797.858,444.4,mc,3,1784546871496
1784546906896,6,78.5807,375.648,mc,5,1784546871496
1784546906896,7,446.892,597.466,mc,4,1784546871496
1784546906896,8,326.006,520.656,mc,4,1784546871496
1784546906896,9,584.615,738.098,mc,4,1784546871496
1784546906896,10,212.751,458.042,mc,5,1784546871496
1784546906996,1,472.045,326.346,mc,5,1784546871496
1784546906996,2,234.348,231.773,mc,5,1784546871496
1784546906996,3,450.009,389.425,mc,3,1784546871496
1784546906996,4,318.307,311.8,mc,5,1784546871496
1784546906996,5,798.146,444.705,mc,3,1784546871496
1784546906996,6,78.0295,375.254,mc,5,1784546871496
1784546906996,7,447.007,596.975,mc,4,1784546871496
1784546906996,8,325.666,520.544,mc,4,1784546871496
1784546906996,9,584.912,738.009,mc,4,1784546871496
1784546906996,10,213.123,457.473,mc,5,1784546871496
1784546907096,1,472.065,326.658,mc,5,1784546871496
1784546907096,2,234.13,231.115,mc,5,1784546871496
1784546907096,3,449.678,389.77,mc,3,1784546871496
1784546907096,4,318.73,312.253,mc,5,1784546871496
1784546907096,5,798.433,445.01,mc,3,1784546871496
1784546907096,6,77.4782,374.859,mc,5,1784546871496
1784546907096,7,447.122,596.484,mc,4,1784546871496
1784546907096,8,325.325,520.431,mc,4,1784546871496
1784546907096,9,585.21,737.92,mc,4,1784546871496
1784546907096,10,213.494,456.904,mc,5,1784546871496
1784546907196,1,472.085,326.971,mc,5,1784546871496
1784546907196,2,233.913,230.458,mc,5,1784546871496
1784546907196,3,449.347,390.114,mc,3,1784546871496
1784546907196,4,319.153,312.706,mc,5,1784546871496
1784546907196,5,798.72,445.315,mc,3,1784546871496
1784546907196,6,76.927,374.465,mc,5,1784546871496
1784546907196,7,447.237,595.992,mc,4,1784546871496
1784546907196,8,324.984,520.318,mc,4,1784546871496
1784546907196,9,585.507,737.831,mc,4,1784546871496
1784546907196,10,213.865,456.335,mc,5,1784546871496
1784546907296,1,472.104,327.284,mc,5,1784546871496
1784546907296,2,233.695,229.8,mc,5,1784546871496
1784546907296,3,449.016,390.459,mc,3,1784546871496
1784546907296,4,319.576,313.158,mc,5,1784546871496
1784546907296,5,799.008,445.619,mc,3,1784546871496
1784546907296,6,76.3757,374.071,mc,5,1784546871496
1784546907296,7,447.353,595.501,mc,4,1784546871496
1784546907296,8,324.643,520.205,mc,4,1784546871496
1784546907296,9,585.804,737.742,mc,4,1784546871496
1784546907296,10,214.236,455.766,mc,5,1784546871496
1784546907396,1,472.124,327.596,mc,5,1784546871496
1784546907396,2,233.477,229.143,mc,5,1784546871496
1784546907396,3,448.685,390.804,mc,3,1784546871496
1784546907396,4,319.999,313.611,mc,5,1784546871496
1784546907396,5,799.295,445.924,mc,3,1784546871496
1784546907396,6,75.8245,373.677,mc,5,1784546871496
1784546907396,7,447.468,595.01,mc,4,1784546871496
1784546907396,8,324.303,520.092,mc,4,1784546871496
1784546907396,9,586.102,737.653,mc,4,1784546871496
1784546907396,10,214.608,455.197,mc,5,1784546871496
1784546907496,1,472.144,327.909,mc,5,1784546871496
1784546907496,2,233.26,228.485,mc,5,1784546871496
1784546907496,3,448.355,391.149,mc,3,1784546871496
1784546907496,4,320.422,314.064,mc,5,1784546871496
1784546907496,5,799.582,446.229,mc,3,1784546871496
1784546907496,6,75.2732,373.283,mc,5,1784546871496
1784546907496,7,447.583,594.519,mc,4,1784546871496
1784546907496,8,323.962,519.979,mc,4,1784546871496
1784546907496,9,586.399,737.564,mc,4,1784546871496
1784546907496,10,214.979,454.628,mc,5,1784546871496
1784546907596,1,472.163,328.222,mc,5,1784546871496
1784546907596,2,233.042,227.828,mc,5,1784546871496
1784546907596,3,448.024,391.494,mc,3,1784546871496
1784546907596,4,320.845,314.516,mc,5,1784546871496
1784546907596,5,799.87,446.534,mc,3,1784546871496
1784546907596,6,74.722,372.889,mc,5,1784546871496
1784546907596,7,447.698,594.027,mc,4,1784546871496
1784546907596,8,323.621,519.866,mc,4,1784546871496
1784546907596,9,586.697,737.475,mc,4,1784546871496
1784546907596,10,215.35,454.059,mc,5,1784546871496
1784546907696,1,472.183,328.535,mc,5,1784546871496
1784546907696,2,232.825,227.17,mc,5,1784546871496
1784546907696,3,447.693,391.839,mc,3,1784546871496
1784546907696,4,321.268,314.969,mc,5,1784546871496
1784546907696,5,800.157,446.839,mc,3,1784546871496
1784546907696,6,74.1707,372.495,mc,5,1784546871496
1784546907696,7,447.813,593.536,mc,4,1784546871496
1784546907696,8,323.281,519.753,mc,4,1784546871496
1784546907696,9,586.994,737.386,mc,4,1784546871496
1784546907696,10,215.721,453.49,mc,5,1784546871496
1784546907796,1,472.203,328.847,mc,5,1784546871496
1784546907796,2,232.607,226.513,mc,5,1784546871496
1784546907796,3,447.362,392.183,mc,3,1784546871496
1784546907796,4,321.691,315.421,mc,5,1784546871496
1784546907796,5,800.444,447.144,mc,3,1784546871496
1784546907796,6,73.6195,372.101,mc,5,1784546871496
1784546907796,7,447.928,593.045,mc,4,1784546871496
1784546907796,8,322.94,519.64,mc,4,1784546871496
1784546907796,9,587.292,737.297,mc,4,1784546871496
1784546907796,10,216.093,452.921,mc,5,1784546871496
1784546907896,1,472.223,329.16,mc,5,1784546871496
1784546907896,2,232.389,225.855,mc,5,1784546871496
1784546907896,3,447.031,392.528,mc,3,1784546871496
1784546907896,4,322.114,315.874,mc,5,1784546871496
1784546907896,5,800.732,447.449,mc,3,1784546871496
1784546907896,6,73.0682,371.706,mc,5,1784546871496
1784546907896,7,448.043,592.553,mc,4,1784546871496
1784546907896,8,322.599,519.527,mc,4,1784546871496
1784546907896,9,587.589,737.208,mc,4,1784546871496
1784546907896,10,216.464,452.352,mc,5,1784546871496
1784546907996,1,472.242,329.473,mc,5,1784546871496
1784546907996,2,232.172,225.198,mc,5,1784546871496
1784546907996,3,446.7,392.873,mc,3,1784546871496
1784546907996,4,322.537,316.327,mc,5,1784546871496
1784546907996,5,801.019,447.754,mc,3,1784546871496
1784546907996,6,72.5169,371.312,mc,5,1784546871496
1784546907996,7,448.158,592.062,mc,4,1784546871496
1784546907996,8,322.259,519.414,mc,4,1784546871496
1784546907996,9,587.887,737.119,mc,4,1784546871496
1784546907996,10,216.835,451.783,mc,5,1784546871496
1784546908096,1,472.262,329.786,mc,5,1784546871496
1784546908096,2,231.954,224.54,mc,5,1784546871496
1784546908096,3,446.369,393.218,mc,3,1784546871496
1784546908096,4,322.96,316.779,mc,5,1784546871496
1784546908096,5,801.306,448.059,mc,3,1784546871496
1784546908096,6,71.9657,370.918,mc,5,1784546871496
1784546908096,7,448.273,591.571,mc,4,1784546871496
1784546908096,8,321.918,519.301,mc,4,1784546871496
1784546908096,9,588.184,737.03,mc,4,1784546871496
1784546908096,10,217.207,451.214,mc,5,1784546871496
1784546908196,1,472.282,330.098,mc,5,1784546871496
1784546908196,2,231.736,223.883,mc,5,1784546871496
1784546908196,3,446.038,393.563,mc,3,1784546871496
1784546908196,4,323.383,317.232,mc,5,1784546871496
1784546908196,5,801.594,448.364,mc,3,1784546871496
1784546908196,6,71.4144,370.524,mc,5,1784546871496
1784546908196,7,448.388,591.08,mc,4,1784546871496
1784546908196,8,321.577,519.188,mc,4,1784546871496
1784546908196,9,588.481,736.941,mc,4,1784546871496
1784546908196,10,217.578,450.645,mc,5,1784546871496
1784546908296,1,472.302,330.411,mc,5,1784546871496
1784546908296,2,231.519,223.225,mc,5,1784546871496
1784546908296,3,445.707,393.908,mc,3,1784546871496
1784546908296,4,323.806,317.685,mc,5,1784546871496
1784546908296,5,801.881,448.669,mc,3,1784546871496
1784546908296,6,70.8632,370.13,mc,5,1784546871496
1784546908296,7,448.503,590.588,mc,4,1784546871496
1784546908296,8,321.395,519.272,mc,4,1784546871496
1784546908296,9,588.779,736.852,mc,4,1784546871496
1784546908296,10,217.949,450.076,mc,5,1784546871496
1784546908396,1,472.321,330.724,mc,5,1784546871496
1784546908396,2,231.301,222.568,mc,5,1784546871496
1784546908396,3,445.377,394.252,mc,3,1784546871496
1784546908396,4,324.229,318.137,mc,5,1784546871496
1784546908396,5,802.168,448.974,mc,3,1784546871496
1784546908396,6,70.8632,370.384,mc,5,1784546871496
1784546908396,7,448.618,590.097,mc,4,1784546871496
1784546908396,8,321.581,519.811,mc,4,1784546871496
1784546908396,9,589.076,736.763,mc,4,1784546871496
1784546908396,10,218.32,449.507,mc,5,1784546871496
1784546908496,1,472.341,331.036,mc,5,1784546871496
1784546908496,2,231.084,221.911,mc,5,1784546871496
1784546908496,3,445.046,394.597,mc,3,1784546871496
1784546908496,4,324.652,318.59,mc,5,1784546871496
1784546908496,5,802.456,449.279,mc,3,1784546871496
1784546908496,6,71.0727,370.885,mc,5,1784546871496
1784546908496,7,448.733,589.606,mc,4,1784546871496
1784546908496,8,321.766,520.351,mc,4,1784546871496
1784546908496,9,589.374,736.674,mc,4,1784546871496
1784546908496,10,218.692,448.938,mc,5,1784546871496
1784546908596,1,472.361,331.349,mc,5,1784546871496
1784546908596,2,230.866,221.253,mc,5,1784546871496
1784546908596,3,444.715,394.942,mc,3,1784546871496
1784546908596,4,325.075,319.043,mc,5,1784546871496
1784546908596,5,802.743,449.584,mc,3,1784546871496
1784546908596,6,71.2822,371.386,mc,5,1784546871496
1784546908596,7,448.848,589.115,mc,4,1784546871496
1784546908596,8,321.951,520.89,mc,4,1784546871496
1784546908596,9,589.671,736.585,mc,4,1784546871496
1784546908596,10,219.063,448.369,mc,5,1784546871496
1784546908696,1,472.381,331.662,mc,5,1784546871496
1784546908696,2,230.502,220.971,mc,5,1784546871496
1784546908696,3,444.384,395.287,mc,3,1784546871496
1784546908696,4,325.498,319.495,mc,5,1784546871496
1784546908696,5,803.03,449.889,mc,3,1784546871496
1784546908696,6,71.4918,371.887,mc,5,1784546871496
1784546908696,7,448.964,588.623,mc,4,1784546871496
1784546908696,8,322.137,521.43,mc,4,1784546871496
1784546908696,9,589.969,736.496,mc,4,1784546871496
1784546908696,10,219.434,447.8,mc,5,1784546871496
1784546908796,1,472.4,331.975,mc,5,1784546871496
1784546908796,2,229.965,221.133,mc,5,1784546871496
1784546908796,3,444.053,395.632,mc,3,1784546871496
1784546908796,4,325.921,319.948,mc,5,1784546871496
1784546908796,5,803.318,450.193,mc,3,1784546871496
1784546908796,6,71.7013,372.389,mc,5,1784546871496
1784546908796,7,449.079,588.132,mc,4,1784546871496
1784546908796,8,322.322,521.969,mc,4,1784546871496
1784546908796,9,590.266,736.407,mc,4,1784546871496
1784546908796,10,219.805,447.231,mc,5,1784546871496
1784546908896,1,472.42,332.287,mc,5,1784546871496
1784546908896,2,229.428,221.295,mc,5,1784546871496
1784546908896,3,443.722,395.977,mc,3,1784546871496
1784546908896,4,326.344,320.4,mc,5,1784546871496
1784546908896,5,803.605,450.498,mc,3,1784546871496
1784546908896,6,71.9108,372.89,mc,5,1784546871496
1784546908896,7,449.194,587.641,mc,4,1784546871496
1784546908896,8,322.508,522.509,mc,4,1784546871496
1784546908896,9,590.563,736.318,mc,4,1784546871496
1784546908896,10,220.177,446.662,mc,5,1784546871496
1784546908996,1,472.44,332.6,mc,5,1784546871496
1784546908996,2,228.891,221.457,mc,5,1784546871496
1784546908996,3,443.391,396.321,mc,3,1784546871496
1784546908996,4,326.767,320.853,mc,5,1784546871496
1784546908996,5,803.892,450.803,mc,3,1784546871496
1784546908996,6,72.1204,373.391,mc,5,1784546871496
1784546908996,7,449.309,587.149,mc,4,1784546871496
1784546908996,8,322.693,523.048,mc,4,1784546871496
1784546908996,9,590.861,736.229,mc,4,1784546871496
1784546908996,10,220.548,446.093,mc,5,1784546871496
1784546909096,1,472.46,332.913,mc,5,1784546871496
1784546909096,2,228.354,221.619,mc,5,1784546871496
1784546909096,3,443.06,396.666,mc,3,1784546871496
1784546909096,4,327.19,321.306,mc,5,1784546871496
1784546909096,5,804.18,451.108,mc,3,1784546871496
1784546909096,6,72.3299,373.892,mc,5,1784546871496
1784546909096,7,449.424,586.658,mc,4,1784546871496
1784546909096,8,322.879,523.588,mc,4,1784546871496
1784546909096,9,591.158,736.14,mc,4,1784546871496
1784546909096,10,220.919,445.524,mc,5,1784546871496
1784546909196,1,472.479,333.225,mc,5,1784546871496
1784546909196,2,227.817,221.781,mc,5,1784546871496
1784546909196,3,442.729,397.011,mc,3,1784546871496
1784546909196,4,327.613,321.758,mc,5,1784546871496
1784546909196,5,804.467,451.413,mc,3,1784546871496
1784546909196,6,72.5395,374.393,mc,5,1784546871496
1784546909196,7,449.539,586.167,mc,4,1784546871496
1784546909196,8,323.064,524.127,mc,4,1784546871496
1784546909196,9,591.456,736.051,mc,4,1784546871496
1784546909196,10,221.29,444.955,mc,5,1784546871496
1784546909296,1,472.499,333.538,mc,5,1784546871496
1784546909296,2,227.28,221.943,mc,5,1784546871496
1784546909296,3,442.398,397.356,mc,3,1784546871496
1784546909296,4,328.036,322.211,mc,5,1784546871496
1784546909296,5,804.754,451.718,mc,3,1784546871496
1784546909296,6,72.749,374.894,mc,5,1784546871496
1784546909296,7,449.654,585.676,mc,4,1784546871496
1784546909296,8,323.249,524.667,mc,4,1784546871496
1784546909296,9,591.753,735.962,mc,4,1784546871496
1784546909296,10,221.662,444.386,mc,5,1784546871496
1784546909396,1,472.519,333.851,mc,5,1784546871496
1784546909396,2,226.743,222.106,mc,5,1784546871496
1784546909396,3,442.068,397.701,mc,3,1784546871496
1784546909396,4,328.459,322.664,mc,5,1784546871496
1784546909396,5,805.042,452.023,mc,3,1784546871496
1784546909396,6,72.9585,375.395,mc,5,1784546871496
1784546909396,7,449.769,585.184,mc,4,1784546871496
1784546909396,8,323.435,525.206,mc,4,1784546871496
1784546909396,9,592.051,735.873,mc,4,1784546871496
1784546909396,10,222.033,443.817,mc,5,1784546871496
1784546909496,1,472.539,334.164,mc,5,1784546871496
1784546909496,2,226.206,222.268,mc,5,1784546871496
1784546909496,3,441.737,398.045,mc,3,1784546871496
1784546909496,4,328.882,323.116,mc,5,1784546871496
1784546909496,5,805.329,452.328,mc,3,1784546871496
1784546909496,6,73.1681,375.896,mc,5,1784546871496
1784546909496,7,449.884,584.693,mc,4,1784546871496
1784546909496,8,323.62,525.746,mc,4,1784546871496
1784546909496,9,592.348,735.784,mc,4,1784546871496
1784546909496,10,222.404,443.248,mc,5,1784546871496
1784546909596,1,472.558,334.476,mc,5,1784546871496
1784546909596,2,225.669,222.43,mc,5,1784546871496
1784546909596,3,441.406,398.39,mc,3,1784546871496
1784546909596,4,329.305,323.569,mc,5,1784546871496
1784546909596,5,805.616,452.633,mc,3,1784546871496
1784546909596,6,73.3776,376.397,mc,5,1784546871496
1784546909596,7,449.999,584.202,mc,4,1784546871496
1784546909596,8,323.806,526.285,mc,4,1784546871496
1784546909596,9,592.645,735.695,mc,4,1784546871496
1784546909596,10,222.776,442.679,mc,5,1784546871496
1784546909696,1,472.578,334.789,mc,5,1784546871496
1784546909696,2,225.132,222.592,mc,5,1784546871496
1784546909696,3,441.075,398.735,mc,3,1784546871496
1784546909696,4,329.728,324.022,mc,5,1784546871496
1784546909696,5,805.903,452.938,mc,3,1784546871496
1784546909696,6,73.5871,376.898,mc,5,1784546871496
1784546909696,7,450.114,583.711,mc,4,1784546871496
1784546909696,8,323.991,526.825,mc,4,1784546871496
1784546909696,9,592.943,735.606,mc,4,1784546871496
1784546909696,10,223.147,442.11,mc,5,1784546871496
1784546909796,1,472.598,335.102,mc,5,1784546871496
1784546909796,2,224.595,222.754,mc,5,1784546871496
1784546909796,3,440.744,399.08,mc,3,1784546871496
1784546909796,4,330.151,324.474,mc,5,1784546871496
1784546909796,5,806.191,453.243,mc,3,1784546871496
1784546909796,6,73.7967,377.399,mc,5,1784546871496
1784546909796,7,450.229,583.219,mc,4,1784546871496
1784546909796,8,324.177,527.364,mc,4,1784546871496
1784546909796,9,593.24,735.517,mc,4,1784546871496
1784546909796,10,223.518,441.541,mc,5,1784546871496
1784546909896,1,472.618,335.414,mc,5,1784546871496
1784546909896,2,224.058,222.916,mc,5,1784546871496
1784546909896,3,440.413,399.425,mc,3,1784546871496
1784546909896,4,330.574,324.927,mc,5,1784546871496
1784546909896,5,806.478,453.548,mc,3,1784546871496
1784546909896,6,74.0062,377.9,mc,5,1784546871496
1784546909896,7,450.344,582.728,mc,4,1784546871496
1784546909896,8,324.362,527.904,mc,4,1784546871496
1784546909896,9,593.538,735.428,mc,4,1784546871496
1784546909896,10,223.889,440.972,mc,5,1784546871496
1784546909996,1,472.637,335.727,mc,5,1784546871496
1784546909996,2,223.52,223.079,mc,5,1784546871496
1784546909996,3,440.082,399.77,mc,3,1784546871496
1784546909996,4,330.997,325.379,mc,5,1784546871496
1784546909996,5,806.765,453.853,mc,3,1784546871496
1784546909996,6,74.2157,378.401,mc,5,1784546871496
1784546909996,7,450.459,582.237,mc,4,1784546871496
1784546909996,8,324.548,528.443,mc,4,1784546871496
1784546909996,9,593.835,735.339,mc,4,1784546871496
1784546909996,10,224.261,440.403,mc,5,1784546871496
1784546910096,1,472.657,336.04,mc,5,1784546871496
1784546910096,2,222.983,223.241,mc,5,1784546871496
1784546910096,3,439.751,400.114,mc,3,1784546871496
1784546910096,4,331.42,325.832,mc,5,1784546871496
1784546910096,5,807.053,454.158,mc,3,1784546871496
1784546910096,6,74.4253,378.902,mc,5,1784546871496
1784546910096,7,450.575,581.746,mc,4,1784546871496
1784546910096,8,324.733,528.983,mc,4,1784546871496
1784546910096,9,594.133,735.25,mc,4,1784546871496
1784546910096,10,224.632,439.834,mc,5,1784546871496
1784546910196,1,472.677,336.353,mc,5,1784546871496
1784546910196,2,222.446,223.403,mc,5,1784546871496
1784546910196,3,439.42,400.459,mc,3,1784546871496
1784546910196,4,331.843,326.285,mc,5,1784546871496
1784546910196,5,807.34,454.463,mc,3,1784546871496
1784546910196,6,74.6348,379.403,mc,5,1784546871496
1784546910196,7,450.69,581.254,mc,4,1784546871496
1784546910196,8,324.918,529.522,mc,4,1784546871496
1784546910196,9,594.43,735.161,mc,4,1784546871496
1784546910196,10,225.003,439.265,mc,5,1784546871496
1784546910296,1,472.697,336.665,mc,5,1784546871496
1784546910296,2,221.909,223.565,mc,5,1784546871496
1784546910296,3,439.09,400.804,mc,3,1784546871496
1784546910296,4,332.23,326.567,mc,5,1784546871496
1784546910296,5,807.627,454.767,mc,3,1784546871496
1784546910296,6,74.8444,379.904,mc,5,1784546871496
1784546910296,7,450.805,580.763,mc,4,1784546871496
1784546910296,8,325.104,530.062,mc,4,1784546871496
1784546910296,9,594.727,735.072,mc,4,1784546871496
1784546910296,10,225.374,438.696,mc,5,1784546871496
1784546910396,1,472.716,336.978,mc,5,1784546871496
1784546910396,2,221.372,223.727,mc,5,1784546871496
1784546910396,3,438.759,401.149,mc,3,1784546871496
1784546910396,4,332.521,326.398,mc,5,1784546871496
1784546910396,5,807.915,455.072,mc,3,1784546871496
1784546910396,6,75.0539,380.405,mc,5,1784546871496
1784546910396,7,450.885,580.403,mc,4,1784546871496
1784546910396,8,325.289,530.601,mc,4,1784546871496
1784546910396,9,595.025,734.983,mc,4,1784546871496
1784546910396,10,225.746,438.127,mc,5,1784546871496
1784546910496,1,472.736,337.291,mc,5,1784546871496
1784546910496,2,220.835,223.889,mc,5,1784546871496
1784546910496,3,438.428,401.494,mc,3,1784546871496
1784546910496,4,332.812,326.229,mc,5,1784546871496
1784546910496,5,808.202,455.377,mc,3,1784546871496
1784546910496,6,75.2634,380.906,mc,5,1784546871496
1784546910496,7,450.958,580.07,mc,4,1784546871496
1784546910496,8,325.475,531.141,mc,4,1784546871496
1784546910496,9,595.322,734.894,mc,4,1784546871496
1784546910496,10,226.117,437.558,mc,5,1784546871496
1784546910596,1,472.799,337.536,mc,5,1784546871496
1784546910596,2,220.298,224.051,mc,5,1784546871496
1784546910596,3,438.097,401.839,mc,3,1784546871496
1784546910596,4,333.103,326.06,mc,5,1784546871496
1784546910596,5,808.489,455.682,mc,3,1784546871496
1784546910596,6,75.473,381.407,mc,5,1784546871496
1784546910596,7,451.031,579.736,mc,4,1784546871496
1784546910596,8,325.66,531.68,mc,4,1784546871496
1784546910596,9,595.62,734.805,mc,4,1784546871496
1784546910596,10,226.488,436.989,mc,5,1784546871496
1784546910696,1,473.146,337.342,mc,5,1784546871496
1784546910696,2,219.761,224.214,mc,5,1784546871496
1784546910696,3,437.766,402.183,mc,3,1784546871496
1784546910696,4,333.394,325.891,mc,5,1784546871496
1784546910696,5,808.777,455.987,mc,3,1784546871496
1784546910696,6,75.6825,381.908,mc,5,1784546871496
1784546910696,7,451.105,579.402,mc,4,1784546871496
1784546910696,8,325.846,532.22,mc,4,1784546871496
1784546910696,9,595.917,734.716,mc,4,1784546871496
1784546910696,10,226.86,436.42,mc,5,1784546871496
1784546910796,1,473.493,337.147,mc,5,1784546871496
1784546910796,2,219.224,224.376,mc,5,1784546871496
1784546910796,3,437.435,402.528,mc,3,1784546871496
1784546910796,4,333.686,325.722,mc,5,1784546871496
1784546910796,5,809.064,456.292,mc,3,1784546871496
1784546910796,6,75.892,382.409,mc,5,1784546871496
1784546910796,7,451.178,579.069,mc,4,1784546871496
1784546910796,8,326.031,532.759,mc,4,1784546871496
1784546910796,9,596.215,734.627,mc,4,1784546871496
1784546910796,10,227.231,435.851,mc,5,1784546871496
1784546910896,1,473.84,336.953,mc,5,1784546871496
1784546910896,2,218.687,224.538,mc,5,1784546871496
1784546910896,3,437.104,402.873,mc,3,1784546871496
1784546910896,4,333.977,325.553,mc,5,1784546871496
1784546910896,5,809.351,456.597,mc,3,1784546871496
1784546910896,6,76.1016,382.91,mc,5,1784546871496
1784546910896,7,451.251,578.735,mc,4,1784546871496
1784546910896,8,326.216,533.299,mc,4,1784546871496
1784546910896,9,596.512,734.538,mc,4,1784546871496
1784546910896,10,227.602,435.282,mc,5,1784546871496
1784546910996,1,474.188,336.758,mc,5,1784546871496
1784546910996,2,218.15,224.7,mc,5,1784546871496
1784546910996,3,436.773,403.218,mc,3,1784546871496
1784546910996,4,334.268,325.383,mc,5,1784546871496
1784546910996,5,809.639,456.902,mc,3,1784546871496
1784546910996,6,76.3111,383.411,mc,5,1784546871496
1784546910996,7,451.324,578.402,mc,4,1784546871496
1784546910996,8,326.402,533.838,mc,4,1784546871496
1784546910996,9,596.81,734.449,mc,4,1784546871496
1784546910996,10,227.973,434.713,mc,5,1784546871496
1784546911096,1,474.535,336.563,mc,5,1784546871496
1784546911096,2,217.613,224.862,mc,5,1784546871496
1784546911096,3,436.442,403.563,mc,3,1784546871496
1784546911096,4,334.559,325.214,mc,5,1784546871496
1784546911096,5,809.926,457.207,mc,3,1784546871496
1784546911096,6,76.5206,383.912,mc,5,1784546871496
1784546911096,7,451.398,578.068,mc,4,1784546871496
1784546911096,8,326.587,534.378,mc,4,1784546871496
1784546911096,9,597.107,734.36,mc,4,1784546871496
1784546911096,10,228.206,434.407,mc,5,1784546871496
1784546911196,1,474.882,336.369,mc,5,1784546871496
1784546911196,2,217.076,225.024,mc,5,1784546871496
1784546911196,3,436.112,403.908,mc,3,1784546871496
1784546911196,4,334.85,325.045,mc,5,1784546871496
1784546911196,5,810.213,457.512,mc,3,1784546871496
1784546911196,6,76.7302,384.413,mc,5,1784546871496
1784546911196,7,451.471,577.734,mc,4,1784546871496
1784546911196,8,326.773,534.917,mc,4,1784546871496
1784546911196,9,597.404,734.271,mc,4,1784546871496
1784546911196,10,228.075,434.789,mc,5,1784546871496
1784546911296,1,475.229,336.174,mc,5,1784546871496
1784546911296,2,216.539,225.186,mc,5,1784546871496
1784546911296,3,435.781,404.252,mc,3,1784546871496
1784546911296,4,335.141,324.876,mc,5,1784546871496
1784546911296,5,810.501,457.817,mc,3,1784546871496
1784546911296,6,76.9397,384.914,mc,5,1784546871496
1784546911296,7,451.544,577.401,mc,4,1784546871496
1784546911296,8,326.958,535.457,mc,4,1784546871496
1784546911296,9,597.702,734.182,mc,4,1784546871496
1784546911296,10,227.944,435.172,mc,5,1784546871496
1784546911396,1,475.576,335.979,mc,5,1784546871496
1784546911396,2,216.002,225.349,mc,5,1784546871496
1784546911396,3,435.651,404.205,mc,3,1784546871496
1784546911396,4,335.432,324.707,mc,5,1784546871496
1784546911396,5,810.788,458.122,mc,3,1784546871496
1784546911396,6,77.1493,385.415,mc,5,1784546871496
1784546911396,7,451.617,577.067,mc,4,1784546871496
1784546911396,8,327.144,535.996,mc,4,1784546871496
1784546911396,9,597.999,734.093,mc,4,1784546871496
1784546911396,10,227.814,435.555,mc,5,1784546871496
1784546911496,1,475.923,335.785,mc,5,1784546871496
1784546911496,2,215.464,225.511,mc,5,1784546871496
1784546911496,3,435.69,403.831,mc,3,1784546871496
1784546911496,4,335.723,324.538,mc,5,1784546871496
1784546911496,5,811.075,458.427,mc,3,1784546871496
1784546911496,6,77.3588,385.916,mc,5,1784546871496
1784546911496,7,451.69,576.734,mc,4,1784546871496
1784546911496,8,327.329,536.536,mc,4,1784546871496
1784546911496,9,598.297,734.004,mc,4,1784546871496
1784546911496,10,227.683,435.938,mc,5,1784546871496
1784546911596,1,476.271,335.59,mc,5,1784546871496
1784546911596,2,214.927,225.673,mc,5,1784546871496
1784546911596,3,435.729,403.456,mc,3,1784546871496
1784546911596,4,336.014,324.368,mc,5,1784546871496
1784546911596,5,811.363,458.732,mc,3,1784546871496
1784546911596,6,77.5683,386.417,mc,5,1784546871496
1784546911596,7,451.764,576.4,mc,4,1784546871496
1784546911596,8,327.515,537.075,mc,4,1784546871496
1784546911596,9,598.594,733.915,mc,4,1784546871496
1784546911596,10,227.552,436.321,mc,5,1784546871496
1784546911696,1,476.618,335.396,mc,5,1784546871496
1784546911696,2,214.39,225.835,mc,5,1784546871496
1784546911696,3,435.768,403.081,mc,3,1784546871496
1784546911696,4,336.305,324.199,mc,5,1784546871496
1784546911696,5,811.65,459.036,mc,3,1784546871496
1784546911696,6,77.7779,386.918,mc,5,1784546871496
1784546911696,7,451.837,576.067,mc,4,1784546871496
1784546911696,8,327.7,537.615,mc,4,1784546871496
1784546911696,9,598.892,733.826,mc,4,1784546871496
1784546911696,10,227.421,436.703,mc,5,1784546871496
1784546911796,1,476.965,335.201,mc,5,1784546871496
1784546911796,2,213.853,225.997,mc,5,1784546871496
1784546911796,3,435.807,402.706,mc,3,1784546871496
1784546911796,4,336.597,324.03,mc,5,1784546871496
1784546911796,5,811.937,459.341,mc,3,1784546871496
1784546911796,6,77.9874,387.419,mc,5,1784546871496
1784546911796,7,451.91,575.733,mc,4,1784546871496
1784546911796,8,327.885,538.154,mc,4,1784546871496
1784546911796,9,599.189,733.737,mc,4,1784546871496
1784546911796,10,227.29,437.086,mc,5,1784546871496
1784546911896,1,477.312,335.006,mc,5,1784546871496
1784546911896,2,213.316,226.159,mc,5,1784546871496
1784546911896,3,435.846,402.331,mc,3,1784546871496
1784546911896,4,336.888,323.861,mc,5,1784546871496
1784546911896,5,812.225,459.646,mc,3,1784546871496
1784546911896,6,78.1969,387.921,mc,5,1784546871496
1784546911896,7,451.983,575.399,mc,4,1784546871496
1784546911896,8,328.071,538.694,mc,4,1784546871496
1784546911896,9,599.486,733.648,mc,4,1784546871496
1784546911896,10,227.16,437.469,mc,5,1784546871496
1784546911996,1,477.659,334.812,mc,5,1784546871496
1784546911996,2,212.779,226.322,mc,5,1784546871496
1784546911996,3,435.885,401.956,mc,3,1784546871496
1784546911996,4,337.179,323.692,mc,5,1784546871496
1784546911996,5,812.512,459.951,mc,3,1784546871496
1784546911996,6,78.4065,388.422,mc,5,1784546871496
1784546911996,7,452.057,575.066,mc,4,1784546871496
1784546911996,8,328.256,539.234,mc,4,1784546871496
1784546911996,9,599.784,733.559,mc,4,1784546871496
1784546911996,10,227.029,437.852,mc,5,1784546871496
1784546912096,1,478.006,334.617,mc,5,1784546871496
1784546912096,2,212.242,226.484,mc,5,1784546871496
1784546912096,3,435.924,401.581,mc,3,1784546871496
1784546912096,4,337.47,323.523,mc,5,1784546871496
1784546912096,5,812.799,460.256,mc,3,1784546871496
1784546912096,6,78.616,388.923,mc,5,1784546871496
1784546912096,7,452.13,574.732,mc,4,1784546871496
1784546912096,8,328.442,539.773,mc,4,1784546871496
1784546912096,9,600.081,733.47,mc,4,1784546871496
1784546912096,10,226.898,438.235,mc,5,1784546871496
1784546912196,1,478.353,334.423,mc,5,1784546871496
1784546912196,2,211.705,226.646,mc,5,1784546871496
1784546912196,3,435.963,401.206,mc,3,1784546871496
1784546912196,4,337.761,323.354,mc,5,1784546871496
1784546912196,5,813.087,460.561,mc,3,1784546871496
1784546912196,6,78.8256,389.424,mc,5,1784546871496
1784546912196,7,452.203,574.399,mc,4,1784546871496
1784546912196,8,328.627,540.313,mc,4,1784546871496
1784546912196,9,600.379,733.381,mc,4,1784546871496
1784546912196,10,226.767,438.617,mc,5,1784546871496
1784546912296,1,478.701,334.228,mc,5,1784546871496
1784546912296,2,211.168,226.808,mc,5,1784546871496
1784546912296,3,436.003,400.832,mc,3,1784546871496
1784546912296,4,338.052,323.184,mc,5,1784546871496
1784546912296,5,813.374,460.866,mc,3,1784546871496
1784546912296,6,79.0351,389.925,mc,5,1784546871496
1784546912296,7,452.276,574.065,mc,4,1784546871496
1784546912296,8,328.813,540.852,mc,4,1784546871496
1784546912296,9,600.676,733.292,mc,4,1784546871496
1784546912296,10,226.636,439,mc,5,1784546871496
1784546912396,1,479.048,334.033,mc,5,1784546871496
1784546912396,2,210.631,226.97,mc,5,1784546871496
1784546912396,3,436.042,400.457,mc,3,1784546871496
1784546912396,4,338.343,323.015,mc,5,1784546871496
1784546912396,5,813.661,461.171,mc,3,1784546871496
1784546912396,6,79.2446,390.426,mc,5,1784546871496
1784546912396,7,452.35,573.731,mc,4,1784546871496
1784546912396,8,328.998,541.392,mc,4,1784546871496
1784546912396,9,600.974,733.203,mc,4,1784546871496
1784546912396,10,226.506,439.383,mc,5,1784546871496
1784546912496,1,479.395,333.839,mc,5,1784546871496
1784546912496,2,210.094,227.132,mc,5,1784546871496
1784546912496,3,436.081,400.082,mc,3,1784546871496
1784546912496,4,338.634,322.846,mc,5,1784546871496
1784546912496,5,813.949,461.476,mc,3,1784546871496
1784546912496,6,79.4542,390.927,mc,5,1784546871496
1784546912496,7,452.423,573.398,mc,4,1784546871496
1784546912496,8,329.183,541.931,mc,4,1784546871496
1784546912496,9,601.271,733.114,mc,4,1784546871496
1784546912496,10,226.375,439.766,mc,5,1784546871496
1784546912596,1,479.742,333.644,mc,5,1784546871496
1784546912596,2,209.557,227.294,mc,5,1784546871496
1784546912596,3,436.12,399.707,mc,3,1784546871496
1784546912596,4,338.925,322.677,mc,5,1784546871496
1784546912596,5,814.236,461.781,mc,3,1784546871496
1784546912596,6,79.6637,391.428,mc,5,1784546871496
1784546912596,7,452.496,573.064,mc,4,1784546871496
1784546912596,8,329.369,542.471,mc,4,1784546871496
1784546912596,9,601.568,733.025,mc,4,1784546871496
1784546912596,10,226.244,440.149,mc,5,1784546871496
1784546912696,1,480.089,333.45,mc,5,1784546871496
1784546912696,2,209.02,227.457,mc,5,1784546871496
1784546912696,3,436.159,399.332,mc,3,1784546871496
1784546912696,4,339.217,322.508,mc,5,1784546871496
1784546912696,5,814.523,462.086,mc,3,1784546871496
1784546912696,6,79.8732,391.929,mc,5,1784546871496
1784546912696,7,452.569,572.731,mc,4,1784546871496
1784546912696,8,329.554,543.01,mc,4,1784546871496
1784546912696,9,601.866,732.936,mc,4,1784546871496
1784546912696,10,226.113,440.531,mc,5,1784546871496
1784546912796,1,480.436,333.255,mc,5,1784546871496
1784546912796,2,208.483,227.619,mc,5,1784546871496
1784546912796,3,436.198,398.957,mc,3,1784546871496
1784546912796,4,339.508,322.339,mc,5,1784546871496
1784546912796,5,814.811,462.391,mc,3,1784546871496
1784546912796,6,80.0828,392.43,mc,5,1784546871496
1784546912796,7,452.643,572.397,mc,4,1784546871496
1784546912796,8,329.74,543.55,mc,4,1784546871496
1784546912796,9,602.163,732.847,mc,4,1784546871496
1784546912796,10,225.982,440.914,mc,5,1784546871496
1784546912896,1,480.784,333.06,mc,5,1784546871496
1784546912896,2,207.946,227.781,mc,5,1784546871496
1784546912896,3,436.237,398.582,mc,3,1784546871496
1784546912896,4,339.799,322.169,mc,5,1784546871496
1784546912896,5,815.098,462.696,mc,3,1784546871496
1784546912896,6,80.2923,392.931,mc,5,1784546871496
1784546912896,7,452.716,572.063,mc,4,1784546871496
1784546912896,8,329.925,544.089,mc,4,1784546871496
1784546912896,9,602.461,732.758,mc,4,1784546871496
1784546912896,10,225.851,441.297,mc,5,1784546871496
1784546912996,1,481.131,332.866,mc,5,1784546871496
1784546912996,2,207.408,227.943,mc,5,1784546871496
1784546912996,3,436.276,398.207,mc,3,1784546871496
1784546912996,4,340.09,322,mc,5,1784546871496
1784546912996,5,815.334,463.082,mc,3,1784546871496
1784546912996,6,80.5018,393.432,mc,5,1784546871496
1784546912996,7,452.789,571.73,mc,4,1784546871496
1784546912996,8,330.111,544.629,mc,4,1784546871496
1784546912996,9,602.758,732.669,mc,4,1784546871496
1784546912996,10,225.721,441.68,mc,5,1784546871496
1784546913096,1,481.478,332.671,mc,5,1784546871496
1784546913096,2,206.871,228.105,mc,5,1784546871496
1784546913096,3,436.315,397.833,mc,3,1784546871496
1784546913096,4,340.381,321.831,mc,5,1784546871496
1784546913096,5,815.537,463.522,mc,3,1784546871496
1784546913096,6,80.7114,393.933,mc,5,1784546871496
1784546913096,7,452.862,571.396,mc,4,1784546871496
1784546913096,8,330.296,545.168,mc,4,1784546871496
1784546913096,9,603.056,732.58,mc,4,1784546871496
1784546913096,10,225.59,442.063,mc,5,1784546871496
1784546913196,1,481.825,332.476,mc,5,1784546871496
1784546913196,2,206.334,228.267,mc,5,1784546871496
1784546913196,3,436.354,397.458,mc,3,1784546871496
1784546913196,4,340.672,321.662,mc,5,1784546871496
1784546913196,5,815.739,463.962,mc,3,1784546871496
1784546913196,6,80.9209,394.434,mc,5,1784546871496
1784546913196,7,452.936,571.063,mc,4,1784546871496
1784546913196,8,330.481,545.708,mc,4,1784546871496
1784546913196,9,603.353,732.491,mc,4,1784546871496
1784546913196,10,225.459,442.445,mc,5,1784546871496
1784546913296,1,482.172,332.282,mc,5,1784546871496
1784546913296,2,205.797,228.43,mc,5,1784546871496
1784546913296,3,436.393,397.083,mc,3,1784546871496
1784546913296,4,340.963,321.493,mc,5,1784546871496
1784546913296,5,815.942,464.401,mc,3,1784546871496
1784546913296,6,81.1305,394.935,mc,5,1784546871496
1784546913296,7,453.009,570.729,mc,4,1784546871496
1784546913296,8,330.667,546.247,mc,4,1784546871496
1784546913296,9,603.65,732.402,mc,4,1784546871496
1784546913296,10,225.328,442.828,mc,5,1784546871496
1784546913396,1,482.519,332.087,mc,5,1784546871496
1784546913396,2,205.26,228.592,mc,5,1784546871496
1784546913396,3,436.432,396.708,mc,3,1784546871496
1784546913396,4,341.254,321.324,mc,5,1784546871496
1784546913396,5,816.145,464.841,mc,3,1784546871496
1784546913396,6,81.34,395.436,mc,5,1784546871496
1784546913396,7,453.082,570.396,mc,4,1784546871496
1784546913396,8,330.852,546.787,mc,4,1784546871496
1784546913396,9,603.948,732.313,mc,4,1784546871496
1784546913396,10,225.197,443.211,mc,5,1784546871496
1784546913496,1,482.867,331.893,mc,5,1784546871496
1784546913496,2,204.723,228.754,mc,5,1784546871496
1784546913496,3,436.471,396.333,mc,3,1784546871496
1784546913496,4,341.545,321.155,mc,5,1784546871496
1784546913496,5,816.347,465.28,mc,3,1784546871496
1784546913496,6,81.5495,395.937,mc,5,1784546871496
1784546913496,7,453.155,570.062,mc,4,1784546871496
1784546913496,8,331.038,547.326,mc,4,1784546871496
1784546913496,9,604.245,732.224,mc,4,1784546871496
1784546913496,10,225.067,443.594,mc,5,1784546871496
1784546913596,1,483.214,331.698,mc,5,1784546871496
1784546913596,2,204.186,228.916,mc,5,1784546871496
1784546913596,3,436.51,395.958,mc,3,1784546871496
1784546913596,4,341.837,320.985,mc,5,1784546871496
1784546913596,5,816.55,465.72,mc,3,1784546871496
1784546913596,6,81.7591,396.438,mc,5,1784546871496
1784546913596,7,453.228,569.728,mc,4,1784546871496
1784546913596,8,330.647,547.529,mc,4,1784546871496
1784546913596,9,604.543,732.135,mc,4,1784546871496
1784546913596,10,224.936,443.976,mc,5,1784546871496
1784546913696,1,483.561,331.503,mc,5,1784546871496
1784546913696,2,203.649,229.078,mc,5,1784546871496
1784546913696,3,436.549,395.583,mc,3,1784546871496
1784546913696,4,342.128,320.816,mc,5,1784546871496
1784546913696,5,816.752,466.16,mc,3,1784546871496
1784546913696,6,81.9686,396.939,mc,5,1784546871496
1784546913696,7,453.302,569.395,mc,4,1784546871496
1784546913696,8,330.026,547.596,mc,4,1784546871496
1784546913696,9,604.84,732.046,mc,4,1784546871496
1784546913696,10,224.805,444.359,mc,5,1784546871496
1784546913796,1,483.908,331.309,mc,5,1784546871496
1784546913796,2,203.112,229.24,mc,5,1784546871496
1784546913796,3,436.588,395.209,mc,3,1784546871496
1784546913796,4,342.419,320.647,mc,5,1784546871496
1784546913796,5,816.955,466.599,mc,3,1784546871496
1784546913796,6,82.1781,397.44,mc,5,1784546871496
1784546913796,7,453.375,569.061,mc,4,1784546871496
1784546913796,8,329.405,547.664,mc,4,1784546871496
1784546913796,9,605.138,731.957,mc,4,1784546871496
1784546913796,10,224.674,444.742,mc,5,1784546871496
1784546913896,1,484.255,331.114,mc,5,1784546871496
1784546913896,2,202.575,229.402,mc,5,1784546871496
1784546913896,3,436.627,394.834,mc,3,1784546871496
1784546913896,4,342.71,320.478,mc,5,1784546871496
1784546913896,5,817.158,467.039,mc,3,1784546871496
1784546913896,6,81.9964,397.546,mc,5,1784546871496
1784546913896,7,453.448,568.728,mc,4,1784546871496
1784546913896,8,328.784,547.732,mc,4,1784546871496
1784546913896,9,605.435,731.868,mc,4,1784546871496
1784546913896,10,224.543,445.125,mc,5,1784546871496
1784546913996,1,484.602,330.92,mc,5,1784546871496
1784546913996,2,202.038,229.565,mc,5,1784546871496
1784546913996,3,436.666,394.459,mc,3,1784546871496
1784546913996,4,343.001,320.309,mc,5,1784546871496
1784546913996,5,817.36,467.478,mc,3,1784546871496
1784546913996,6,81.3981,397.231,mc,5,1784546871496
1784546913996,7,453.521,568.394,mc,4,1784546871496
1784546913996,8,328.163,547.8,mc,4,1784546871496
1784546913996,9,605.733,731.779,mc,4,1784546871496
1784546913996,10,224.413,445.508,mc,5,1784546871496
1784546914096,1,484.949,330.725,mc,5,1784546871496
1784546914096,2,202.504,229.659,mc,5,1784546871496
1784546914096,3,436.705,394.084,mc,3,1784546871496
1784546914096,4,343.292,320.14,mc,5,1784546871496
1784546914096,5,817.563,467.918,mc,3,1784546871496
1784546914096,6,80.7997,396.917,mc,5,1784546871496
1784546914096,7,453.595,568.06,mc,4,1784546871496
1784546914096,8,327.542,547.868,mc,4,1784546871496
1784546914096,9,606.03,731.69,mc,4,1784546871496
1784546914096,10,224.282,445.89,mc,5,1784546871496
1784546914196,1,485.297,330.53,mc,5,1784546871496
1784546914196,2,202.987,229.753,mc,5,1784546871496
1784546914196,3,436.744,393.709,mc,3,1784546871496
1784546914196,4,343.583,319.97,mc,5,1784546871496
1784546914196,5,817.766,468.358,mc,3,1784546871496
1784546914196,6,80.2014,396.602,mc,5,1784546871496
1784546914196,7,453.668,567.727,mc,4,1784546871496
1784546914196,8,326.921,547.936,mc,4,1784546871496
1784546914196,9,606.327,731.601,mc,4,1784546871496
1784546914196,10,224.151,446.273,mc,5,1784546871496
1784546914296,1,485.644,330.336,mc,5,1784546871496
1784546914296,2,203.471,229.847,mc,5,1784546871496
1784546914296,3,436.783,393.334,mc,3,1784546871496
1784546914296,4,343.874,319.801,mc,5,1784546871496
1784546914296,5,817.968,468.797,mc,3,1784546871496
1784546914296,6,79.6031,396.287,mc,5,1784546871496
1784546914296,7,453.741,567.393,mc,4,1784546871496
1784546914296,8,326.3,548.004,mc,4,1784546871496
1784546914296,9,606.625,731.512,mc,4,1784546871496
1784546914296,10,224.02,446.656,mc,5,1784546871496
1784546914396,1,485.991,330.141,mc,5,1784546871496
1784546914396,2,203.954,229.941,mc,5,1784546871496
1784546914396,3,436.822,392.959,mc,3,1784546871496
1784546914396,4,344.165,319.632,mc,5,1784546871496
1784546914396,5,818.171,469.237,mc,3,1784546871496
1784546914396,6,79.0047,395.972,mc,5,1784546871496
1784546914396,7,453.814,567.06,mc,4,1784546871496
1784546914396,8,325.679,548.071,mc,4,1784546871496
1784546914396,9,606.922,731.423,mc,4,1784546871496
1784546914396,10,223.889,447.039,mc,5,1784546871496
1784546914496,1,486.338,329.946,mc,5,1784546871496
1784546914496,2,204.438,230.034,mc,5,1784546871496
1784546914496,3,436.861,392.584,mc,3,1784546871496
1784546914496,4,344.457,319.463,mc,5,1784546871496
1784546914496,5,818.374,469.676,mc,3,1784546871496
1784546914496,6,78.4064,395.657,mc,5,1784546871496
1784546914496,7,453.888,566.726,mc,4,1784546871496
1784546914496,8,325.058,548.139,mc,4,1784546871496
1784546914496,9,607.22,731.334,mc,4,1784546871496
1784546914496,10,223.759,447.422,mc,5,1784546871496
1784546914596,1,486.685,329.752,mc,5,1784546871496
1784546914596,2,204.922,230.128,mc,5,1784546871496
1784546914596,3,436.9,392.21,mc,3,1784546871496
1784546914596,4,344.748,319.294,mc,5,1784546871496
1784546914596,5,818.576,470.116,mc,3,1784546871496
1784546914596,6,77.8081,395.343,mc,5,1784546871496
1784546914596,7,453.961,566.392,mc,4,1784546871496
1784546914596,8,324.438,548.207,mc,4,1784546871496
1784546914596,9,607.517,731.245,mc,4,1784546871496
1784546914596,10,223.628,447.804,mc,5,1784546871496
1784546914696,1,487.032,329.557,mc,5,1784546871496
1784546914696,2,205.405,230.222,mc,5,1784546871496
1784546914696,3,436.94,391.835,mc,3,1784546871496
1784546914696,4,345.039,319.125,mc,5,1784546871496
1784546914696,5,818.779,470.556,mc,3,1784546871496
1784546914696,6,77.2098,395.028,mc,5,1784546871496
1784546914696,7,454.034,566.059,mc,4,1784546871496
1784546914696,8,323.817,548.275,mc,4,1784546871496
1784546914696,9,607.906,731.049,mc,4,1784546871496
1784546914696,10,223.497,448.187,mc,5,1784546871496
1784546914796,1,487.38,329.363,mc,5,1784546871496
1784546914796,2,205.889,230.315,mc,5,1784546871496
1784546914796,3,436.979,391.46,mc,3,1784546871496
1784546914796,4,345.33,318.956,mc,5,1784546871496
1784546914796,5,818.982,470.995,mc,3,1784546871496
1784546914796,6,76.6114,394.713,mc,5,1784546871496
1784546914796,7,454.107,565.725,mc,4,1784546871496
1784546914796,8,323.196,548.343,mc,4,1784546871496
1784546914796,9,608.33,730.812,mc,4,1784546871496
1784546914796,10,223.366,448.57,mc,5,1784546871496
1784546914896,1,487.727,329.168,mc,5,1784546871496
1784546914896,2,206.372,230.409,mc,5,1784546871496
1784546914896,3,437.018,391.085,mc,3,1784546871496
1784546914896,4,345.621,318.786,mc,5,1784546871496
1784546914896,5,819.184,471.435,mc,3,1784546871496
1784546914896,6,76.0131,394.398,mc,5,1784546871496
1784546914896,7,454.181,565.392,mc,4,1784546871496
1784546914896,8,322.575,548.411,mc,4,1784546871496
1784546914896,9,608.753,730.576,mc,4,1784546871496
1784546914896,10,223.235,448.953,mc,5,1784546871496
1784546914996,1,488.074,328.973,mc,5,1784546871496
1784546914996,2,206.856,230.503,mc,5,1784546871496
1784546914996,3,437.057,390.71,mc,3,1784546871496
1784546914996,4,345.912,318.617,mc,5,1784546871496
1784546914996,5,819.387,471.875,mc,3,1784546871496
1784546914996,6,75.4148,394.084,mc,5,1784546871496
1784546914996,7,454.254,565.058,mc,4,1784546871496
1784546914996,8,321.954,548.479,mc,4,1784546871496
1784546914996,9,609.177,730.339,mc,4,1784546871496
1784546914996,10,223.105,449.336,mc,5,1784546871496
1784546915096,1,488.421,328.779,mc,5,1784546871496
1784546915096,2,207.34,230.597,mc,5,1784546871496
1784546915096,3,437.096,390.335,mc,3,1784546871496
1784546915096,4,346.203,318.448,mc,5,1784546871496
1784546915096,5,819.589,472.314,mc,3,1784546871496
1784546915096,6,74.8165,393.769,mc,5,1784546871496
1784546915096,7,454.327,564.725,mc,4,1784546871496
1784546915096,8,321.333,548.546,mc,4,1784546871496
1784546915096,9,609.601,730.103,mc,4,1784546871496
1784546915096,10,222.974,449.718,mc,5,1784546871496
1784546915196,1,488.768,328.584,mc,5,1784546871496
1784546915196,2,207.823,230.69,mc,5,1784546871496
1784546915196,3,437.135,389.96,mc,3,1784546871496
1784546915196,4,346.494,318.279,mc,5,1784546871496
1784546915196,5,819.792,472.754,mc,3,1784546871496
1784546915196,6,74.2181,393.454,mc,5,1784546871496
1784546915196,7,454.4,564.391,mc,4,1784546871496
1784546915196,8,320.712,548.614,mc,4,1784546871496
1784546915196,9,610.024,729.866,mc,4,1784546871496
1784546915196,10,222.843,450.101,mc,5,1784546871496
1784546915296,1,489.115,328.39,mc,5,1784546871496
1784546915296,2,208.307,230.784,mc,5,1784546871496
1784546915296,3,437.174,389.585,mc,3,1784546871496
1784546915296,4,346.785,318.11,mc,5,1784546871496
1784546915296,5,819.995,473.193,mc,3,1784546871496
1784546915296,6,73.6198,393.139,mc,5,1784546871496
1784546915296,7,454.474,564.057,mc,4,1784546871496
1784546915296,8,320.091,548.682,mc,4,1784546871496
1784546915296,9,610.448,729.629,mc,4,1784546871496
1784546915296,10,222.712,450.484,mc,5,1784546871496
1784546915396,1,489.462,328.195,mc,5,1784546871496
1784546915396,2,208.79,230.878,mc,5,1784546871496
1784546915396,3,437.213,389.211,mc,3,1784546871496
1784546915396,4,347.076,317.941,mc,5,1784546871496
1784546915396,5,820.197,473.633,mc,3,1784546871496
1784546915396,6,73.0215,392.825,mc,5,1784546871496
1784546915396,7,454.547,563.724,mc,4,1784546871496
1784546915396,8,319.47,548.75,mc,4,1784546871496
1784546915396,9,610.872,729.393,mc,4,1784546871496
1784546915396,10,222.581,450.867,mc,5,1784546871496
1784546915496,1,489.81,328,mc,5,1784546871496
1784546915496,2,209.274,230.971,mc,5,1784546871496
1784546915496,3,437.252,388.836,mc,3,1784546871496
1784546915496,4,347.368,317.771,mc,5,1784546871496
1784546915496,5,820.4,474.073,mc,3,1784546871496
1784546915496,6,72.4231,392.51,mc,5,1784546871496
1784546915496,7,454.62,563.39,mc,4,1784546871496
1784546915496,8,318.849,548.818,mc,4,1784546871496
1784546915496,9,611.296,729.156,mc,4,1784546871496
1784546915496,10,222.45,451.25,mc,5,1784546871496
1784546915596,1,490.157,327.806,mc,5,1784546871496
1784546915596,2,209.758,231.065,mc,5,1784546871496
1784546915596,3,437.291,388.461,mc,3,1784546871496
1784546915596,4,347.659,317.602,mc,5,1784546871496
1784546915596,5,820.603,474.512,mc,3,1784546871496
1784546915596,6,71.8248,392.195,mc,5,1784546871496
1784546915596,7,454.693,563.057,mc,4,1784546871496
1784546915596,8,318.228,548.886,mc,4,1784546871496
1784546915596,9,611.719,728.92,mc,4,1784546871496
1784546915596,10,222.32,451.632,mc,5,1784546871496
1784546915696,1,490.504,327.611,mc,5,1784546871496
1784546915696,2,210.241,231.159,mc,5,1784546871496
1784546915696,3,437.33,388.086,mc,3,1784546871496
1784546915696,4,347.95,317.433,mc,5,1784546871496
1784546915696,5,820.805,474.952,mc,3,1784546871496
1784546915696,6,71.2265,391.88,mc,5,1784546871496
1784546915696,7,454.766,562.723,mc,4,1784546871496
1784546915696,8,317.607,548.954,mc,4,1784546871496
1784546915696,9,612.143,728.683,mc,4,1784546871496
1784546915696,10,222.189,452.015,mc,5,1784546871496
1784546915796,1,490.851,327.416,mc,5,1784546871496
1784546915796,2,210.725,231.253,mc,5,1784546871496
1784546915796,3,437.369,387.711,mc,3,1784546871496
1784546915796,4,348.241,317.264,mc,5,1784546871496
1784546915796,5,821.008,475.391,mc,3,1784546871496
1784546915796,6,70.6282,391.566,mc,5,1784546871496
1784546915796,7,454.84,562.389,mc,4,1784546871496
1784546915796,8,316.986,549.021,mc,4,1784546871496
1784546915796,9,612.567,728.446,mc,4,1784546871496
1784546915796,10,222.058,452.398,mc,5,1784546871496
1784546915896,1,491.198,327.222,mc,5,1784546871496
1784546915896,2,211.208,231.346,mc,5,1784546871496
1784546915896,3,437.408,387.336,mc,3,1784546871496
1784546915896,4,348.532,317.095,mc,5,1784546871496
1784546915896,5,821.211,475.831,mc,3,1784546871496
1784546915896,6,70.0298,391.251,mc,5,1784546871496
1784546915896,7,454.913,562.056,mc,4,1784546871496
1784546915896,8,316.365,549.089,mc,4,1784546871496
1784546915896,9,612.99,728.21,mc,4,1784546871496
1784546915896,10,221.927,452.781,mc,5,1784546871496
1784546915996,1,491.545,327.027,mc,5,1784546871496
1784546915996,2,211.692,231.44,mc,5,1784546871496
1784546915996,3,437.447,386.961,mc,3,1784546871496
1784546915996,4,348.823,316.926,mc,5,1784546871496
1784546915996,5,821.413,476.271,mc,3,1784546871496
1784546915996,6,69.4315,390.936,mc,5,1784546871496
1784546915996,7,454.986,561.722,mc,4,1784546871496
1784546915996,8,315.744,549.157,mc,4,1784546871496
1784546915996,9,613.414,727.973,mc,4,1784546871496
1784546915996,10,221.796,453.164,mc,5,1784546871496
1784546916096,1,491.893,326.833,mc,5,1784546871496
1784546916096,2,212.176,231.534,mc,5,1784546871496
1784546916096,3,437.486,386.587,mc,3,1784546871496
1784546916096,4,349.114,316.757,mc,5,1784546871496
1784546916096,5,821.616,476.71,mc,3,1784546871496
1784546916096,6,68.8332,390.621,mc,5,1784546871496
1784546916096,7,455.059,561.389,mc,4,1784546871496
1784546916096,8,315.123,549.225,mc,4,1784546871496
1784546916096,9,613.838,727.737,mc,4,1784546871496
1784546916096,10,221.666,453.546,mc,5,1784546871496
1784546916196,1,492.24,326.638,mc,5,1784546871496
1784546916196,2,212.659,231.627,mc,5,1784546871496
1784546916196,3,437.525,386.212,mc,3,1784546871496
1784546916196,4,349.405,316.587,mc,5,1784546871496
1784546916196,5,821.819,477.15,mc,3,1784546871496
1784546916196,6,68.2349,390.307,mc,5,1784546871496
1784546916196,7,455.133,561.055,mc,4,1784546871496
1784546916196,8,314.502,549.293,mc,4,1784546871496
1784546916196,9,614.261,727.5,mc,4,1784546871496
1784546916196,10,221.535,453.929,mc,5,1784546871496
1784546916296,1,492.587,326.443,mc,5,1784546871496
1784546916296,2,213.143,231.721,mc,5,1784546871496
1784546916296,3,437.564,385.837,mc,3,1784546871496
1784546916296,4,349.696,316.418,mc,5,1784546871496
1784546916296,5,822.021,477.589,mc,3,1784546871496
1784546916296,6,67.6365,389.992,mc,5,1784546871496
1784546916296,7,455.206,560.722,mc,4,1784546871496
1784546916296,8,313.881,549.361,mc,4,1784546871496
1784546916296,9,614.685,727.263,mc,4,1784546871496
1784546916296,10,221.404,454.312,mc,5,1784546871496
1784546916396,1,492.934,326.249,mc,5,1784546871496
1784546916396,2,213.626,231.815,mc,5,1784546871496
1784546916396,3,437.603,385.462,mc,3,1784546871496
1784546916396,4,349.988,316.249,mc,5,1784546871496
1784546916396,5,822.224,478.029,mc,3,1784546871496
1784546916396,6,67.0382,389.677,mc,5,1784546871496
1784546916396,7,455.279,560.388,mc,4,1784546871496
1784546916396,8,313.26,549.428,mc,4,1784546871496
1784546916396,9,615.109,727.027,mc,4,1784546871496
1784546916396,10,221.273,454.695,mc,5,1784546871496
1784546916496,1,493.281,326.054,mc,5,1784546871496
1784546916496,2,214.11,231.909,mc,5,1784546871496
1784546916496,3,437.642,385.087,mc,3,1784546871496
1784546916496,4,350.279,316.08,mc,5,1784546871496
1784546916496,5,822.427,478.469,mc,3,1784546871496
1784546916496,6,66.4399,389.362,mc,5,1784546871496
1784546916496,7,455.352,560.054,mc,4,1784546871496
1784546916496,8,312.639,549.496,mc,4,1784546871496
1784546916496,9,615.533,726.79,mc,4,1784546871496
1784546916496,10,221.142,455.078,mc,5,1784546871496
1784546916596,1,493.628,325.86,mc,5,1784546871496
1784546916596,2,214.594,232.002,mc,5,1784546871496
1784546916596,3,437.681,384.712,mc,3,1784546871496
1784546916596,4,350.57,315.911,mc,5,1784546871496
1784546916596,5,822.629,478.908,mc,3,1784546871496
1784546916596,6,65.8415,389.048,mc,5,1784546871496
1784546916596,7,455.426,559.721,mc,4,1784546871496
1784546916596,8,312.018,549.564,mc,4,1784546871496
1784546916596,9,615.956,726.554,mc,4,1784546871496
1784546916596,10,221.012,455.46,mc,5,1784546871496
1784546916696,1,493.975,325.665,mc,5,1784546871496
1784546916696,2,215.077,232.096,mc,5,1784546871496
1784546916696,3,437.72,384.337,mc,3,1784546871496
1784546916696,4,350.861,315.742,mc,5,1784546871496
1784546916696,5,822.832,479.348,mc,3,1784546871496
1784546916696,6,65.2432,388.733,mc,5,1784546871496
1784546916696,7,455.499,559.387,mc,4,1784546871496
1784546916696,8,311.397,549.632,mc,4,1784546871496
1784546916696,9,616.38,726.317,mc,4,1784546871496
1784546916696,10,220.881,455.843,mc,5,1784546871496
1784546916796,1,494.323,325.47,mc,5,1784546871496
1784546916796,2,215.561,232.19,mc,5,1784546871496
1784546916796,3,437.759,383.962,mc,3,1784546871496
1784546916796,4,351.152,315.572,mc,5,1784546871496
1784546916796,5,823.034,479.788,mc,3,1784546871496
1784546916796,6,64.6449,388.418,mc,5,1784546871496
1784546916796,7,455.572,559.054,mc,4,1784546871496
1784546916796,8,310.776,549.7,mc,4,1784546871496
1784546916796,9,616.804,726.08,mc,4,1784546871496
1784546916796,10,220.75,456.226,mc,5,1784546871496
1784546916896,1,494.67,325.276,mc,5,1784546871496
1784546916896,2,216.044,232.283,mc,5,1784546871496
1784546916896,3,437.798,383.588,mc,3,1784546871496
1784546916896,4,351.443,315.403,mc,5,1784546871496
1784546916896,5,823.237,480.227,mc,3,1784546871496
1784546916896,6,64.0466,388.103,mc,5,1784546871496
1784546916896,7,455.645,558.72,mc,4,1784546871496
1784546916896,8,310.156,549.768,mc,4,1784546871496
1784546916896,9,617.227,725.844,mc,4,1784546871496
1784546916896,10,220.619,456.609,mc,5,1784546871496
1784546916996,1,495.017,325.081,mc,5,1784546871496
1784546916996,2,216.528,232.377,mc,5,1784546871496
1784546916996,3,437.838,383.213,mc,3,1784546871496
1784546916996,4,351.734,315.234,mc,5,1784546871496
1784546916996,5,823.44,480.667,mc,3,1784546871496
1784546916996,6,63.4482,387.788,mc,5,1784546871496
1784546916996,7,455.719,558.386,mc,4,1784546871496
1784546916996,8,309.535,549.836,mc,4,1784546871496
1784546916996,9,617.651,725.607,mc,4,1784546871496
1784546916996,10,220.488,456.992,mc,5,1784546871496
1784546917096,1,495.364,324.886,mc,5,1784546871496
1784546917096,2,217.012,232.471,mc,5,1784546871496
1784546917096,3,437.877,382.838,mc,3,1784546871496
1784546917096,4,352.025,315.065,mc,5,1784546871496
1784546917096,5,823.642,481.106,mc,3,1784546871496
1784546917096,6,62.8499,387.474,mc,5,1784546871496
1784546917096,7,455.792,558.053,mc,4,1784546871496
1784546917096,8,308.914,549.903,mc,4,1784546871496
1784546917096,9,618.075,725.371,mc,4,1784546871496
1784546917096,10,220.358,457.374,mc,5,1784546871496
1784546917196,1,495.711,324.692,mc,5,1784546871496
1784546917196,2,217.495,232.565,mc,5,1784546871496
1784546917196,3,437.916,382.463,mc,3,1784546871496
1784546917196,4,352.316,314.896,mc,5,1784546871496
1784546917196,5,823.845,481.546,mc,3,1784546871496
1784546917196,6,62.2516,387.159,mc,5,1784546871496
1784546917196,7,455.865,557.719,mc,4,1784546871496
1784546917196,8,308.293,549.971,mc,4,1784546871496
1784546917196,9,618.499,725.134,mc,4,1784546871496
1784546917196,10,220.227,457.757,mc,5,1784546871496
1784546917296,1,496.058,324.497,mc,5,1784546871496
1784546917296,2,217.979,232.658,mc,5,1784546871496
1784546917296,3,437.955,382.088,mc,3,1784546871496
1784546917296,4,352.608,314.727,mc,5,1784546871496
1784546917296,5,824.048,481.986,mc,3,1784546871496
1784546917296,6,61.6533,386.844,mc,5,1784546871496
1784546917296,7,455.938,557.386,mc,4,1784546871496
1784546917296,8,307.672,550.039,mc,4,1784546871496
1784546917296,9,618.922,724.897,mc,4,1784546871496
1784546917296,10,220.096,458.14,mc,5,1784546871496
1784546917396,1,496.406,324.303,mc,5,1784546871496
1784546917396,2,218.462,232.752,mc,5,1784546871496
1784546917396,3,437.994,381.713,mc,3,1784546871496
1784546917396,4,352.899,314.558,mc,5,1784546871496
1784546917396,5,824.25,482.425,mc,3,1784546871496
1784546917396,6,61.0549,386.529,mc,5,1784546871496
1784546917396,7,456.012,557.052,mc,4,1784546871496
1784546917396,8,307.051,550.107,mc,4,1784546871496
1784546917396,9,619.346,724.661,mc,4,1784546871496
1784546917396,10,219.965,458.523,mc,5,1784546871496
1784546917496,1,496.753,324.108,mc,5,1784546871496
1784546917496,2,218.946,232.846,mc,5,1784546871496
1784546917496,3,438.033,381.338,mc,3,1784546871496
1784546917496,4,353.19,314.388,mc,5,1784546871496
1784546917496,5,824.453,482.865,mc,3,1784546871496
1784546917496,6,60.4566,386.215,mc,5,1784546871496
1784546917496,7,456.085,556.718,mc,4,1784546871496
1784546917496,8,306.43,550.175,mc,4,1784546871496
1784546917496,9,619.77,724.424,mc,4,1784546871496
1784546917496,10,219.834,458.906,mc,5,1784546871496
1784546917596,1,497.1,323.913,mc,5,1784546871496
1784546917596,2,219.43,232.939,mc,5,1784546871496
1784546917596,3,438.072,380.963,mc,3,1784546871496
1784546917596,4,353.481,314.219,mc,5,1784546871496
1784546917596,5,824.656,483.304,mc,3,1784546871496
1784546917596,6,59.8583,385.9,mc,5,1784546871496
1784546917596,7,456.158,556.385,mc,4,1784546871496
1784546917596,8,305.809,550.243,mc,4,1784546871496
1784546917596,9,620.193,724.188,mc,4,1784546871496
1784546917596,10,219.703,459.288,mc,5,1784546871496
1784546917696,1,497.447,323.719,mc,5,1784546871496
1784546917696,2,219.913,233.033,mc,5,1784546871496
1784546917696,3,438.111,380.589,mc,3,1784546871496
1784546917696,4,353.772,314.05,mc,5,1784546871496
1784546917696,5,824.858,483.744,mc,3,1784546871496
1784546917696,6,59.2599,385.585,mc,5,1784546871496
1784546917696,7,456.231,556.051,mc,4,1784546871496
1784546917696,8,305.188,550.311,mc,4,1784546871496
1784546917696,9,620.617,723.951,mc,4,1784546871496
1784546917696,10,219.573,459.671,mc,5,1784546871496
1784546917796,1,497.794,323.524,mc,5,1784546871496
1784546917796,2,220.397,233.127,mc,5,1784546871496
1784546917796,3,438.15,380.214,mc,3,1784546871496
1784546917796,4,354.063,313.881,mc,5,1784546871496
1784546917796,5,825.061,484.184,mc,3,1784546871496
1784546917796,6,58.6616,385.27,mc,5,1784546871496
1784546917796,7,456.304,555.718,mc,4,1784546871496
1784546917796,8,304.567,550.378,mc,4,1784546871496
1784546917796,9,621.041,723.714,mc,4,1784546871496
1784546917796,10,219.442,460.054,mc,5,1784546871496
1784546917896,1,498.141,323.33,mc,5,1784546871496
1784546917896,2,220.88,233.221,mc,5,1784546871496
1784546917896,3,438.189,379.839,mc,3,1784546871496
1784546917896,4,354.354,313.712,mc,5,1784546871496
1784546917896,5,825.264,484.623,mc,3,1784546871496
1784546917896,6,58.0633,384.956,mc,5,1784546871496
1784546917896,7,456.378,555.384,mc,4,1784546871496
1784546917896,8,303.946,550.446,mc,4,1784546871496
1784546917896,9,621.465,723.478,mc,4,1784546871496
1784546917896,10,219.311,460.437,mc,5,1784546871496
1784546917996,1,498.488,323.135,mc,5,1784546871496
1784546917996,2,221.364,233.314,mc,5,1784546871496
1784546917996,3,438.228,379.464,mc,3,1784546871496
1784546917996,4,354.645,313.543,mc,5,1784546871496
1784546917996,5,825.466,485.063,mc,3,1784546871496
1784546917996,6,57.465,384.641,mc,5,1784546871496
1784546917996,7,456.451,555.051,mc,4,1784546871496
1784546917996,8,303.325,550.514,mc,4,1784546871496
1784546917996,9,621.888,723.241,mc,4,1784546871496
1784546917996,10,219.18,460.82,mc,5,1784546871496
1784546918096,1,498.836,322.94,mc,5,1784546871496
1784546918096,2,221.848,233.408,mc,5,1784546871496
1784546918096,3,438.267,379.089,mc,3,1784546871496
1784546918096,4,354.936,313.373,mc,5,1784546871496
1784546918096,5,825.669,485.502,mc,3,1784546871496
1784546918096,6,56.8666,384.326,mc,5,1784546871496
1784546918096,7,456.524,554.717,mc,4,1784546871496
1784546918096,8,302.704,550.582,mc,4,1784546871496
1784546918096,9,622.312,723.005,mc,4,1784546871496
1784546918096,10,219.049,461.202,mc,5,1784546871496
1784546918196,1,499.208,323.106,mc,5,1784546871496
1784546918196,2,222.331,233.502,mc,5,1784546871496
1784546918196,3,438.306,378.714,mc,3,1784546871496
1784546918196,4,355.228,313.204,mc,5,1784546871496
1784546918196,5,825.871,485.942,mc,3,1784546871496
1784546918196,6,56.2683,384.011,mc,5,1784546871496
1784546918196,7,456.597,554.383,mc,4,1784546871496
1784546918196,8,302.083,550.65,mc,4,1784546871496
1784546918196,9,622.736,722.768,mc,4,1784546871496
1784546918196,10,218.919,461.585,mc,5,1784546871496
1784546918296,1,499.59,323.39,mc,5,1784546871496
1784546918296,2,222.815,233.595,mc,5,1784546871496
1784546918296,3,438.345,378.339,mc,3,1784546871496
1784546918296,4,355.519,313.035,mc,5,1784546871496
1784546918296,5,826.074,486.382,mc,3,1784546871496
1784546918296,6,55.777,383.7,mc,5,1784546871496
1784546918296,7,456.671,554.05,mc,4,1784546871496
1784546918296,8,301.462,550.718,mc,4,1784546871496
1784546918296,9,623.159,722.531,mc,4,1784546871496
1784546918296,10,218.788,461.968,mc,5,1784546871496
1784546918396,1,499.971,323.674,mc,5,1784546871496
1784546918396,2,223.298,233.689,mc,5,1784546871496
1784546918396,3,438.384,377.964,mc,3,1784546871496
1784546918396,4,355.81,312.866,mc,5,1784546871496
1784546918396,5,826.277,486.821,mc,3,1784546871496
1784546918396,6,56.1495,383.418,mc,5,1784546871496
1784546918396,7,456.744,553.716,mc,4,1784546871496
1784546918396,8,300.991,550.939,mc,4,1784546871496
1784546918396,9,623.583,722.295,mc,4,1784546871496
1784546918396,10,218.657,462.351,mc,5,1784546871496
1784546918496,1,500.352,323.958,mc,5,1784546871496
1784546918496,2,223.782,233.783,mc,5,1784546871496
1784546918496,3,438.423,377.59,mc,3,1784546871496
1784546918496,4,356.101,312.697,mc,5,1784546871496
1784546918496,5,826.479,487.261,mc,3,1784546871496
1784546918496,6,56.522,383.136,mc,5,1784546871496
1784546918496,7,456.817,553.383,mc,4,1784546871496
1784546918496,8,300.588,551.23,mc,4,1784546871496
1784546918496,9,624.007,722.058,mc,4,1784546871496
1784546918496,10,218.511,462.667,mc,5,1784546871496
1784546918596,1,500.733,324.242,mc,5,1784546871496
1784546918596,2,224.266,233.877,mc,5,1784546871496
1784546918596,3,438.462,377.215,mc,3,1784546871496
1784546918596,4,356.392,312.528,mc,5,1784546871496
1784546918596,5,826.682,487.701,mc,3,1784546871496
1784546918596,6,56.8945,382.854,mc,5,1784546871496
1784546918596,7,456.89,553.049,mc,4,1784546871496
1784546918596,8,300.185,551.521,mc,4,1784546871496
1784546918596,9,624.431,721.822,mc,4,1784546871496
1784546918596,10,218.25,462.476,mc,5,1784546871496
1784546918696,1,501.115,324.527,mc,5,1784546871496
1784546918696,2,224.749,233.97,mc,5,1784546871496
1784546918696,3,438.501,376.84,mc,3,1784546871496
1784546918696,4,356.683,312.359,mc,5,1784546871496
1784546918696,5,826.885,488.14,mc,3,1784546871496
1784546918696,6,57.267,382.572,mc,5,1784546871496
1784546918696,7,456.964,552.715,mc,4,1784546871496
1784546918696,8,299.782,551.813,mc,4,1784546871496
1784546918696,9,624.854,721.585,mc,4,1784546871496
1784546918696,10,217.989,462.285,mc,5,1784546871496
1784546918796,1,501.496,324.811,mc,5,1784546871496
1784546918796,2,225.233,234.064,mc,5,1784546871496
1784546918796,3,438.54,376.465,mc,3,1784546871496
1784546918796,4,356.974,312.189,mc,5,1784546871496
1784546918796,5,827.087,488.58,mc,3,1784546871496
1784546918796,6,57.6395,382.29,mc,5,1784546871496
1784546918796,7,457.037,552.382,mc,4,1784546871496
1784546918796,8,299.379,552.104,mc,4,1784546871496
1784546918796,9,625.278,721.348,mc,4,1784546871496
1784546918796,10,217.727,462.094,mc,5,1784546871496
1784546918896,1,501.877,325.095,mc,5,1784546871496
1784546918896,2,225.716,234.158,mc,5,1784546871496
1784546918896,3,438.579,376.09,mc,3,1784546871496
1784546918896,4,357.265,312.02,mc,5,1784546871496
1784546918896,5,827.29,489.019,mc,3,1784546871496
1784546918896,6,58.012,382.008,mc,5,1784546871496
1784546918896,7,457.11,552.048,mc,4,1784546871496
1784546918896,8,298.976,552.395,mc,4,1784546871496
1784546918896,9,625.702,721.112,mc,4,1784546871496
1784546918896,10,217.466,461.903,mc,5,1784546871496
1784546918996,1,502.259,325.379,mc,5,1784546871496
1784546918996,2,226.2,234.251,mc,5,1784546871496
1784546918996,3,438.618,375.715,mc,3,1784546871496
1784546918996,4,357.556,311.851,mc,5,1784546871496
1784546918996,5,827.493,489.459,mc,3,1784546871496
1784546918996,6,58.3845,381.726,mc,5,1784546871496
1784546918996,7,457.183,551.715,mc,4,1784546871496
1784546918996,8,298.573,552.686,mc,4,1784546871496
1784546918996,9,626.125,720.875,mc,4,1784546871496
1784546918996,10,217.205,461.712,mc,5,1784546871496
1784546919096,1,502.64,325.663,mc,5,1784546871496
1784546919096,2,226.684,234.345,mc,5,1784546871496
1784546919096,3,438.657,375.34,mc,3,1784546871496
1784546919096,4,357.847,311.682,mc,5,1784546871496
1784546919096,5,827.695,489.899,mc,3,1784546871496
1784546919096,6,58.757,381.444,mc,5,1784546871496
1784546919096,7,457.257,551.381,mc,4,1784546871496
1784546919096,8,298.17,552.977,mc,4,1784546871496
1784546919096,9,626.549,720.639,mc,4,1784546871496
1784546919096,10,216.944,461.521,mc,5,1784546871496
1784546919196,1,503.021,325.947,mc,5,1784546871496
1784546919196,2,227.167,234.439,mc,5,1784546871496
1784546919196,3,438.696,374.966,mc,3,1784546871496
1784546919196,4,358.16,311.523,mc,5,1784546871496
1784546919196,5,827.43,490.144,mc,3,1784546871496
1784546919196,6,59.1295,381.162,mc,5,1784546871496
1784546919196,7,457.621,551.309,mc,4,1784546871496
1784546919196,8,297.767,553.268,mc,4,1784546871496
1784546919196,9,626.973,720.402,mc,4,1784546871496
1784546919196,10,216.683,461.33,mc,5,1784546871496
1784546919296,1,503.402,326.232,mc,5,1784546871496
1784546919296,2,227.651,234.533,mc,5,1784546871496
1784546919296,3,438.735,374.591,mc,3,1784546871496
1784546919296,4,358.578,311.416,mc,5,1784546871496
1784546919296,5,826.892,490.277,mc,3,1784546871496
1784546919296,6,59.502,380.88,mc,5,1784546871496
1784546919296,7,457.987,551.239,mc,4,1784546871496
1784546919296,8,297.364,553.56,mc,4,1784546871496
1784546919296,9,627.397,720.165,mc,4,1784546871496
1784546919296,10,216.421,461.138,mc,5,1784546871496
1784546919396,1,503.784,326.516,mc,5,1784546871496
1784546919396,2,228.134,234.626,mc,5,1784546871496
1784546919396,3,439.012,374.695,mc,3,1784546871496
1784546919396,4,358.997,311.309,mc,5,1784546871496
1784546919396,5,826.354,490.409,mc,3,1784546871496
1784546919396,6,59.8745,380.598,mc,5,1784546871496
1784546919396,7,458.353,551.169,mc,4,1784546871496
1784546919396,8,296.961,553.851,mc,4,1784546871496
1784546919396,9,627.82,719.929,mc,4,1784546871496
1784546919396,10,216.16,460.947,mc,5,1784546871496
1784546919496,1,504.165,326.8,mc,5,1784546871496
1784546919496,2,228.618,234.72,mc,5,1784546871496
1784546919496,3,439.302,374.826,mc,3,1784546871496
1784546919496,4,359.415,311.203,mc,5,1784546871496
1784546919496,5,825.816,490.542,mc,3,1784546871496
1784546919496,6,60.247,380.316,mc,5,1784546871496
1784546919496,7,458.719,551.099,mc,4,1784546871496
1784546919496,8,296.558,554.142,mc,4,1784546871496
1784546919496,9,628.244,719.692,mc,4,1784546871496
1784546919496,10,215.899,460.756,mc,5,1784546871496
1784546919596,1,504.546,327.084,mc,5,1784546871496
1784546919596,2,229.102,234.814,mc,5,1784546871496
1784546919596,3,439.592,374.957,mc,3,1784546871496
1784546919596,4,359.833,311.096,mc,5,1784546871496
1784546919596,5,825.278,490.674,mc,3,1784546871496
1784546919596,6,60.6195,380.034,mc,5,1784546871496
1784546919596,7,459.085,551.028,mc,4,1784546871496
1784546919596,8,296.155,554.433,mc,4,1784546871496
1784546919596,9,628.668,719.456,mc,4,1784546871496
1784546919596,10,215.638,460.565,mc,5,1784546871496
1784546919696,1,504.927,327.368,mc,5,1784546871496
1784546919696,2,229.585,234.907,mc,5,1784546871496
1784546919696,3,439.882,375.088,mc,3,1784546871496
1784546919696,4,360.251,310.989,mc,5,1784546871496
1784546919696,5,824.74,490.806,mc,3,1784546871496
1784546919696,6,60.992,379.752,mc,5,1784546871496
1784546919696,7,459.451,550.958,mc,4,1784546871496
1784546919696,8,295.752,554.724,mc,4,1784546871496
1784546919696,9,629.091,719.219,mc,4,1784546871496
1784546919696,10,215.377,460.374,mc,5,1784546871496
1784546919796,1,505.309,327.652,mc,5,1784546871496
1784546919796,2,230.069,235.001,mc,5,1784546871496
1784546919796,3,440.172,375.219,mc,3,1784546871496
1784546919796,4,360.67,310.882,mc,5,1784546871496
1784546919796,5,824.202,490.939,mc,3,1784546871496
1784546919796,6,61.3645,379.471,mc,5,1784546871496
1784546919796,7,459.817,550.888,mc,4,1784546871496
1784546919796,8,295.349,555.015,mc,4,1784546871496
1784546919796,9,629.515,718.982,mc,4,1784546871496
1784546919796,10,215.115,460.183,mc,5,1784546871496
1784546919896,1,505.69,327.937,mc,5,1784546871496
1784546919896,2,230.552,235.095,mc,5,1784546871496
1784546919896,3,440.462,375.35,mc,3,1784546871496
1784546919896,4,361.088,310.775,mc,5,1784546871496
1784546919896,5,823.664,491.071,mc,3,1784546871496
1784546919896,6,61.737,379.189,mc,5,1784546871496
1784546919896,7,460.183,550.818,mc,4,1784546871496
1784546919896,8,294.947,555.307,mc,4,1784546871496
1784546919896,9,629.939,718.746,mc,4,1784546871496
1784546919896,10,214.854,459.992,mc,5,1784546871496
1784546919996,1,506.071,328.221,mc,5,1784546871496
1784546919996,2,231.036,235.189,mc,5,1784546871496
1784546919996,3,440.752,375.481,mc,3,1784546871496
1784546919996,4,361.506,310.668,mc,5,1784546871496
1784546919996,5,823.126,491.204,mc,3,1784546871496
1784546919996,6,62.1095,378.907,mc,5,1784546871496
1784546919996,7,460.549,550.747,mc,4,1784546871496
1784546919996,8,294.544,555.598,mc,4,1784546871496
1784546919996,9,630.362,718.509,mc,4,1784546871496
1784546919996,10,214.593,459.801,mc,5,1784546871496
1784546920096,1,506.452,328.505,mc,5,1784546871496
1784546920096,2,231.489,235.311,mc,5,1784546871496
1784546920096,3,441.042,375.612,mc,3,1784546871496
1784546920096,4,361.924,310.561,mc,5,1784546871496
1784546920096,5,822.588,491.336,mc,3,1784546871496
1784546920096,6,62.482,378.625,mc,5,1784546871496
1784546920096,7,460.915,550.677,mc,4,1784546871496
1784546920096,8,294.141,555.889,mc,4,1784546871496
1784546920096,9,630.786,718.273,mc,4,1784546871496
1784546920096,10,214.332,459.61,mc,5,1784546871496
1784546920196,1,506.834,328.789,mc,5,1784546871496
1784546920196,2,231.596,235.758,mc,5,1784546871496
1784546920196,3,441.332,375.743,mc,3,1784546871496
1784546920196,4,362.343,310.454,mc,5,1784546871496
1784546920196,5,822.05,491.469,mc,3,1784546871496
1784546920196,6,62.8545,378.343,mc,5,1784546871496
1784546920196,7,461.281,550.607,mc,4,1784546871496
1784546920196,8,293.738,556.18,mc,4,1784546871496
1784546920196,9,631.21,718.036,mc,4,1784546871496
1784546920196,10,214.07,459.419,mc,5,1784546871496
1784546920296,1,507.215,329.073,mc,5,1784546871496
1784546920296,2,231.704,236.206,mc,5,1784546871496
1784546920296,3,441.622,375.874,mc,3,1784546871496
1784546920296,4,362.761,310.347,mc,5,1784546871496
1784546920296,5,821.512,491.601,mc,3,1784546871496
1784546920296,6,63.227,378.061,mc,5,1784546871496
1784546920296,7,461.647,550.537,mc,4,1784546871496
1784546920296,8,293.335,556.471,mc,4,1784546871496
1784546920296,9,631.634,717.799,mc,4,1784546871496
1784546920296,10,213.809,459.228,mc,5,1784546871496
1784546920396,1,507.596,329.357,mc,5,1784546871496
1784546920396,2,231.811,236.654,mc,5,1784546871496
1784546920396,3,441.912,376.005,mc,3,1784546871496
1784546920396,4,363.179,310.24,mc,5,1784546871496
1784546920396,5,820.974,491.734,mc,3,1784546871496
1784546920396,6,63.5995,377.779,mc,5,1784546871496
1784546920396,7,462.014,550.467,mc,4,1784546871496
1784546920396,8,292.932,556.762,mc,4,1784546871496
1784546920396,9,632.057,717.563,mc,4,1784546871496
1784546920396,10,213.548,459.037,mc,5,1784546871496
1784546920496,1,507.977,329.642,mc,5,1784546871496
1784546920496,2,231.918,237.101,mc,5,1784546871496
1784546920496,3,442.202,376.136,mc,3,1784546871496
1784546920496,4,363.597,310.133,mc,5,1784546871496
1784546920496,5,820.436,491.866,mc,3,1784546871496
1784546920496,6,63.9721,377.497,mc,5,1784546871496
1784546920496,7,462.38,550.396,mc,4,1784546871496
1784546920496,8,292.529,557.054,mc,4,1784546871496
1784546920496,9,632.481,717.326,mc,4,1784546871496
1784546920496,10,213.287,458.846,mc,5,1784546871496
1784546920596,1,508.359,329.926,mc,5,1784546871496
1784546920596,2,232.025,237.549,mc,5,1784546871496
1784546920596,3,442.492,376.267,mc,3,1784546871496
1784546920596,4,364.016,310.026,mc,5,1784546871496
1784546920596,5,819.898,491.999,mc,3,1784546871496
1784546920596,6,64.3446,377.215,mc,5,1784546871496
1784546920596,7,462.746,550.326,mc,4,1784546871496
1784546920596,8,292.126,557.345,mc,4,1784546871496
1784546920596,9,632.905,717.09,mc,4,1784546871496
1784546920596,10,213.026,458.654,mc,5,1784546871496
1784546920696,1,508.74,330.21,mc,5,1784546871496
1784546920696,2,232.133,237.997,mc,5,1784546871496
1784546920696,3,442.782,376.398,mc,3,1784546871496
1784546920696,4,364.434,309.919,mc,5,1784546871496
1784546920696,5,819.36,492.131,mc,3,1784546871496
1784546920696,6,64.7171,376.933,mc,5,1784546871496
1784546920696,7,463.112,550.256,mc,4,1784546871496
1784546920696,8,291.723,557.636,mc,4,1784546871496
1784546920696,9,633.328,716.853,mc,4,1784546871496
1784546920696,10,212.764,458.463,mc,5,1784546871496
1784546920796,1,509.121,330.494,mc,5,1784546871496
1784546920796,2,232.24,238.444,mc,5,1784546871496
1784546920796,3,443.072,376.529,mc,3,1784546871496
1784546920796,4,364.852,309.812,mc,5,1784546871496
1784546920796,5,818.822,492.264,mc,3,1784546871496
1784546920796,6,65.0896,376.651,mc,5,1784546871496
1784546920796,7,463.478,550.186,mc,4,1784546871496
1784546920796,8,291.32,557.927,mc,4,1784546871496
1784546920796,9,633.752,716.616,mc,4,1784546871496
1784546920796,10,212.503,458.272,mc,5,1784546871496
1784546920896,1,509.503,330.778,mc,5,1784546871496
1784546920896,2,232.347,238.892,mc,5,1784546871496
1784546920896,3,443.361,376.66,mc,3,1784546871496
1784546920896,4,365.27,309.705,mc,5,1784546871496
1784546920896,5,818.284,492.396,mc,3,1784546871496
1784546920896,6,65.4621,376.369,mc,5,1784546871496
1784546920896,7,463.844,550.115,mc,4,1784546871496
1784546920896,8,290.917,558.218,mc,4,1784546871496
1784546920896,9,633.512,716.473,mc,4,1784546871496
1784546920896,10,212.242,458.081,mc,5,1784546871496
1784546920996,1,509.884,331.062,mc,5,1784546871496
1784546920996,2,232.454,239.339,mc,5,1784546871496
1784546920996,3,443.651,376.791,mc,3,1784546871496
1784546920996,4,365.689,309.599,mc,5,1784546871496
1784546920996,5,817.746,492.529,mc,3,1784546871496
1784546920996,6,65.8346,376.087,mc,5,1784546871496
1784546920996,7,464.21,550.045,mc,4,1784546871496
1784546920996,8,290.514,558.509,mc,4,1784546871496
1784546920996,9,633.202,716.339,mc,4,1784546871496
1784546920996,10,211.981,457.89,mc,5,1784546871496
1784546921096,1,510.265,331.347,mc,5,1784546871496
1784546921096,2,232.562,239.787,mc,5,1784546871496
1784546921096,3,443.941,376.922,mc,3,1784546871496
1784546921096,4,366.107,309.492,mc,5,1784546871496
1784546921096,5,817.208,492.661,mc,3,1784546871496
1784546921096,6,66.2071,375.805,mc,5,1784546871496
1784546921096,7,464.576,549.975,mc,4,1784546871496
1784546921096,8,290.111,558.801,mc,4,1784546871496
1784546921096,9,632.891,716.206,mc,4,1784546871496
1784546921096,10,211.719,457.699,mc,5,1784546871496
1784546921196,1,510.646,331.631,mc,5,1784546871496
1784546921196,2,232.669,240.235,mc,5,1784546871496
1784546921196,3,444.231,377.053,mc,3,1784546871496
1784546921196,4,366.525,309.385,mc,5,1784546871496
1784546921196,5,816.67,492.794,mc,3,1784546871496
1784546921196,6,66.5796,375.523,mc,5,1784546871496
1784546921196,7,464.942,549.905,mc,4,1784546871496
1784546921196,8,289.708,559.092,mc,4,1784546871496
1784546921196,9,632.581,716.072,mc,4,1784546871496
1784546921196,10,211.458,457.508,mc,5,1784546871496
1784546921296,1,511.028,331.915,mc,5,1784546871496
1784546921296,2,232.776,240.682,mc,5,1784546871496
1784546921296,3,444.521,377.184,mc,3,1784546871496
1784546921296,4,366.943,309.278,mc,5,1784546871496
1784546921296,5,816.132,492.926,mc,3,1784546871496
1784546921296,6,66.9521,375.241,mc,5,1784546871496
1784546921296,7,465.308,549.834,mc,4,1784546871496
1784546921296,8,289.305,559.383,mc,4,1784546871496
1784546921296,9,632.271,715.939,mc,4,1784546871496
1784546921296,10,211.197,457.317,mc,5,1784546871496
1784546921396,1,511.409,332.199,mc,5,1784546871496
1784546921396,2,232.884,241.13,mc,5,1784546871496
1784546921396,3,444.811,377.315,mc,3,1784546871496
1784546921396,4,367.362,309.171,mc,5,1784546871496
1784546921396,5,815.594,493.059,mc,3,1784546871496
1784546921396,6,67.3246,374.959,mc,5,1784546871496
1784546921396,7,465.674,549.764,mc,4,1784546871496
1784546921396,8,288.902,559.674,mc,4,1784546871496
1784546921396,9,631.961,715.805,mc,4,1784546871496
1784546921396,10,210.936,457.126,mc,5,1784546871496
1784546921496,1,511.79,332.483,mc,5,1784546871496
1784546921496,2,232.991,241.578,mc,5,1784546871496
1784546921496,3,445.101,377.446,mc,3,1784546871496
1784546921496,4,367.78,309.064,mc,5,1784546871496
1784546921496,5,815.056,493.191,mc,3,1784546871496
1784546921496,6,67.6971,374.677,mc,5,1784546871496
1784546921496,7,466.04,549.694,mc,4,1784546871496
1784546921496,8,288.499,559.965,mc,4,1784546871496
1784546921496,9,631.651,715.672,mc,4,1784546871496
1784546921496,10,210.675,456.935,mc,5,1784546871496
1784546921596,1,512.171,332.767,mc,5,1784546871496
1784546921596,2,233.098,242.025,mc,5,1784546871496
1784546921596,3,445.391,377.577,mc,3,1784546871496
1784546921596,4,368.198,308.957,mc,5,1784546871496
1784546921596,5,814.518,493.324,mc,3,1784546871496
1784546921596,6,68.0696,374.395,mc,5,1784546871496
1784546921596,7,466.406,549.624,mc,4,1784546871496
1784546921596,8,288.096,560.256,mc,4,1784546871496
1784546921596,9,631.34,715.538,mc,4,1784546871496
1784546921596,10,210.413,456.744,mc,5,1784546871496
1784546921696,1,512.553,333.052,mc,5,1784546871496
1784546921696,2,233.205,242.473,mc,5,1784546871496
1784546921696,3,445.681,377.708,mc,3,1784546871496
1784546921696,4,368.616,308.85,mc,5,1784546871496
1784546921696,5,813.98,493.456,mc,3,1784546871496
1784546921696,6,68.4421,374.113,mc,5,1784546871496
1784546921696,7,466.772,549.554,mc,4,1784546871496
1784546921696,8,287.693,560.548,mc,4,1784546871496
1784546921696,9,631.03,715.405,mc,4,1784546871496
1784546921696,10,210.152,456.553,mc,5,1784546871496
1784546921796,1,512.934,333.336,mc,5,1784546871496
1784546921796,2,233.313,242.92,mc,5,1784546871496
1784546921796,3,445.971,377.839,mc,3,1784546871496
1784546921796,4,369.035,308.743,mc,5,1784546871496
1784546921796,5,813.442,493.589,mc,3,1784546871496
1784546921796,6,68.8146,373.831,mc,5,1784546871496
1784546921796,7,467.138,549.483,mc,4,1784546871496
1784546921796,8,287.29,560.839,mc,4,1784546871496
1784546921796,9,630.72,715.271,mc,4,1784546871496
1784546921796,10,209.891,456.361,mc,5,1784546871496
1784546921896,1,513.315,333.62,mc,5,1784546871496
1784546921896,2,233.42,243.368,mc,5,1784546871496
1784546921896,3,446.261,377.97,mc,3,1784546871496
1784546921896,4,369.453,308.636,mc,5,1784546871496
1784546921896,5,812.904,493.721,mc,3,1784546871496
1784546921896,6,69.1871,373.549,mc,5,1784546871496
1784546921896,7,467.504,549.413,mc,4,1784546871496
1784546921896,8,286.887,561.13,mc,4,1784546871496
1784546921896,9,630.41,715.137,mc,4,1784546871496
1784546921896,10,209.63,456.17,mc,5,1784546871496
1784546921996,1,513.696,333.904,mc,5,1784546871496
1784546921996,2,233.527,243.816,mc,5,1784546871496
1784546921996,3,446.551,378.101,mc,3,1784546871496
1784546921996,4,369.871,308.529,mc,5,1784546871496
1784546921996,5,812.366,493.854,mc,3,1784546871496
1784546921996,6,69.5596,373.267,mc,5,1784546871496
1784546921996,7,467.87,549.343,mc,4,1784546871496
1784546921996,8,286.484,561.421,mc,4,1784546871496
1784546921996,9,630.099,715.004,mc,4,1784546871496
1784546921996,10,209.368,455.979,mc,5,1784546871496
1784546922096,1,514.078,334.188,mc,5,1784546871496
1784546922096,2,233.634,244.263,mc,5,1784546871496
1784546922096,3,446.841,378.232,mc,3,1784546871496
1784546922096,4,370.289,308.422,mc,5,1784546871496
1784546922096,5,811.828,493.986,mc,3,1784546871496
1784546922096,6,69.9321,372.985,mc,5,1784546871496
1784546922096,7,468.236,549.273,mc,4,1784546871496
1784546922096,8,286.081,561.712,mc,4,1784546871496
1784546922096,9,629.789,714.87,mc,4,1784546871496
1784546922096,10,209.107,455.788,mc,5,1784546871496
1784546922196,1,514.459,334.472,mc,5,1784546871496
1784546922196,2,233.742,244.711,mc,5,1784546871496
1784546922196,3,447.131,378.363,mc,3,1784546871496
1784546922196,4,370.708,308.315,mc,5,1784546871496
1784546922196,5,811.29,494.118,mc,3,1784546871496
1784546922196,6,70.3046,372.703,mc,5,1784546871496
1784546922196,7,468.602,549.202,mc,4,1784546871496
1784546922196,8,285.678,562.003,mc,4,1784546871496
1784546922196,9,629.479,714.737,mc,4,1784546871496
1784546922196,10,208.846,455.597,mc,5,1784546871496
1784546922296,1,514.84,334.757,mc,5,1784546871496
1784546922296,2,233.849,245.158,mc,5,1784546871496
1784546922296,3,447.421,378.494,mc,3,1784546871496
1784546922296,4,371.126,308.208,mc,5,1784546871496
1784546922296,5,810.752,494.251,mc,3,1784546871496
1784546922296,6,70.6771,372.421,mc,5,1784546871496
1784546922296,7,468.968,549.132,mc,4,1784546871496
1784546922296,8,285.275,562.295,mc,4,1784546871496
1784546922296,9,629.169,714.603,mc,4,1784546871496
1784546922296,10,208.585,455.406,mc,5,1784546871496
1784546922396,1,515.221,335.041,mc,5,1784546871496
1784546922396,2,233.956,245.606,mc,5,1784546871496
1784546922396,3,447.711,378.625,mc,3,1784546871496
1784546922396,4,371.544,308.101,mc,5,1784546871496
1784546922396,5,810.214,494.383,mc,3,1784546871496
1784546922396,6,71.0496,372.139,mc,5,1784546871496
1784546922396,7,469.335,549.062,mc,4,1784546871496
1784546922396,8,284.872,562.586,mc,4,1784546871496
1784546922396,9,628.858,714.47,mc,4,1784546871496
1784546922396,10,208.324,455.215,mc,5,1784546871496
1784546922496,1,515.603,335.325,mc,5,1784546871496
1784546922496,2,234.063,246.054,mc,5,1784546871496
1784546922496,3,448.001,378.756,mc,3,1784546871496
1784546922496,4,371.962,307.995,mc,5,1784546871496
1784546922496,5,809.676,494.516,mc,3,1784546871496
1784546922496,6,71.4221,371.857,mc,5,1784546871496
1784546922496,7,469.701,548.992,mc,4,1784546871496
1784546922496,8,284.469,562.877,mc,4,1784546871496
1784546922496,9,628.548,714.336,mc,4,1784546871496
1784546922496,10,208.062,455.024,mc,5,1784546871496
1784546922596,1,515.984,335.609,mc,5,1784546871496
1784546922596,2,234.171,246.501,mc,5,1784546871496
1784546922596,3,448.291,378.887,mc,3,1784546871496
1784546922596,4,372.381,307.888,mc,5,1784546871496
1784546922596,5,809.138,494.648,mc,3,1784546871496
1784546922596,6,71.7946,371.575,mc,5,1784546871496
1784546922596,7,470.067,548.921,mc,4,1784546871496
1784546922596,8,284.066,563.168,mc,4,1784546871496
1784546922596,9,628.238,714.203,mc,4,1784546871496
1784546922596,10,207.801,454.833,mc,5,1784546871496
1784546922696,1,516.365,335.893,mc,5,1784546871496
1784546922696,2,234.278,246.949,mc,5,1784546871496
1784546922696,3,448.581,379.018,mc,3,1784546871496
1784546922696,4,372.799,307.781,mc,5,1784546871496
1784546922696,5,808.6,494.781,mc,3,1784546871496
1784546922696,6,72.1671,371.293,mc,5,1784546871496
1784546922696,7,470.433,548.851,mc,4,1784546871496
1784546922696,8,283.663,563.459,mc,4,1784546871496
1784546922696,9,627.928,714.069,mc,4,1784546871496
1784546922696,10,207.54,454.642,mc,5,1784546871496
1784546922796,1,516.747,336.177,mc,5,1784546871496
1784546922796,2,234.385,247.397,mc,5,1784546871496
1784546922796,3,448.871,379.149,mc,3,1784546871496
1784546922796,4,373.217,307.674,mc,5,1784546871496
1784546922796,5,808.062,494.913,mc,3,1784546871496
1784546922796,6,72.5396,371.011,mc,5,1784546871496
1784546922796,7,470.799,548.781,mc,4,1784546871496
1784546922796,8,283.26,563.75,mc,4,1784546871496
1784546922796,9,627.618,713.936,mc,4,1784546871496
1784546922796,10,207.279,454.451,mc,5,1784546871496
1784546922896,1,517.128,336.462,mc,5,1784546871496
1784546922896,2,234.492,247.844,mc,5,1784546871496
1784546922896,3,449.16,379.28,mc,3,1784546871496
1784546922896,4,373.635,307.567,mc,5,1784546871496
1784546922896,5,807.524,495.046,mc,3,1784546871496
1784546922896,6,72.9121,370.729,mc,5,1784546871496
1784546922896,7,471.165,548.711,mc,4,1784546871496
1784546922896,8,282.857,564.042,mc,4,1784546871496
1784546922896,9,627.307,713.802,mc,4,1784546871496
1784546922896,10,207.018,454.26,mc,5,1784546871496
1784546922996,1,517.509,336.746,mc,5,1784546871496
1784546922996,2,234.6,248.292,mc,5,1784546871496
1784546922996,3,449.45,379.411,mc,3,1784546871496
1784546922996,4,374.054,307.46,mc,5,1784546871496
1784546922996,5,806.986,495.178,mc,3,1784546871496
1784546922996,6,73.2846,370.447,mc,5,1784546871496
1784546922996,7,471.531,548.641,mc,4,1784546871496
1784546922996,8,282.454,564.333,mc,4,1784546871496
1784546922996,9,626.997,713.668,mc,4,1784546871496
1784546922996,10,206.756,454.068,mc,5,1784546871496
1784546923096,1,517.89,337.03,mc,5,1784546871496
1784546923096,2,234.707,248.739,mc,5,1784546871496
1784546923096,3,449.74,379.542,mc,3,1784546871496
1784546923096,4,374.472,307.353,mc,5,1784546871496
1784546923096,5,806.448,495.311,mc,3,1784546871496
1784546923096,6,73.6571,370.165,mc,5,1784546871496
1784546923096,7,471.897,548.57,mc,4,1784546871496
1784546923096,8,282.051,564.624,mc,4,1784546871496
1784546923096,9,626.687,713.535,mc,4,1784546871496
1784546923096,10,206.495,453.877,mc,5,1784546871496
1784546923196,1,518.272,337.314,mc,5,1784546871496
1784546923196,2,234.814,249.187,mc,5,1784546871496
1784546923196,3,450.03,379.673,mc,3,1784546871496
1784546923196,4,374.89,307.246,mc,5,1784546871496
1784546923196,5,805.91,495.443,mc,3,1784546871496
1784546923196,6,74.0296,369.883,mc,5,1784546871496
1784546923196,7,472.263,548.5,mc,4,1784546871496
1784546923196,8,281.648,564.915,mc,4,1784546871496
1784546923196,9,626.377,713.401,mc,4,1784546871496
1784546923196,10,206.234,453.686,mc,5,1784546871496
1784546923296,1,518.653,337.598,mc,5,1784546871496
1784546923296,2,234.921,249.635,mc,5,1784546871496
1784546923296,3,450.32,379.804,mc,3,1784546871496
1784546923296,4,375.308,307.139,mc,5,1784546871496
1784546923296,5,805.372,495.576,mc,3,1784546871496
1784546923296,6,74.4021,369.601,mc,5,1784546871496
1784546923296,7,472.629,548.43,mc,4,1784546871496
1784546923296,8,281.245,565.206,mc,4,1784546871496
1784546923296,9,626.066,713.268,mc,4,1784546871496
1784546923296,10,205.973,453.495,mc,5,1784546871496
1784546923396,1,519.034,337.882,mc,5,1784546871496
1784546923396,2,235.029,250.082,mc,5,1784546871496
1784546923396,3,450.61,379.935,mc,3,1784546871496
1784546923396,4,375.727,307.032,mc,5,1784546871496
1784546923396,5,804.834,495.708,mc,3,1784546871496
1784546923396,6,74.7746,369.319,mc,5,1784546871496
1784546923396,7,472.995,548.36,mc,4,1784546871496
1784546923396,8,280.842,565.497,mc,4,1784546871496
1784546923396,9,625.756,713.134,mc,4,1784546871496
1784546923396,10,205.711,453.304,mc,5,1784546871496
1784546923496,1,519.415,338.167,mc,5,1784546871496
1784546923496,2,235.136,250.53,mc,5,1784546871496
1784546923496,3,450.9,380.066,mc,3,1784546871496
1784546923496,4,376.145,306.925,mc,5,1784546871496
1784546923496,5,804.296,495.841,mc,3,1784546871496
1784546923496,6,75.1472,369.037,mc,5,1784546871496
1784546923496,7,473.361,548.289,mc,4,1784546871496
1784546923496,8,280.44,565.789,mc,4,1784546871496
1784546923496,9,625.446,713.001,mc,4,1784546871496
1784546923496,10,205.45,453.113,mc,5,1784546871496
1784546923596,1,519.797,338.451,mc,5,1784546871496
1784546923596,2,235.243,250.978,mc,5,1784546871496
1784546923596,3,451.19,380.198,mc,3,1784546871496
1784546923596,4,376.563,306.818,mc,5,1784546871496
1784546923596,5,803.758,495.973,mc,3,1784546871496
1784546923596,6,75.5197,368.755,mc,5,1784546871496
1784546923596,7,473.727,548.219,mc,4,1784546871496
1784546923596,8,280.037,566.08,mc,4,1784546871496
1784546923596,9,625.136,712.867,mc,4,1784546871496
1784546923596,10,205.189,452.922,mc,5,1784546871496
1784546923696,1,520.178,338.735,mc,5,1784546871496
1784546923696,2,235.35,251.425,mc,5,1784546871496
1784546923696,3,451.48,380.329,mc,3,1784546871496
1784546923696,4,376.982,306.711,mc,5,1784546871496
1784546923696,5,803.22,496.106,mc,3,1784546871496
1784546923696,6,75.8922,368.473,mc,5,1784546871496
1784546923696,7,474.093,548.149,mc,4,1784546871496
1784546923696,8,279.634,566.371,mc,4,1784546871496
1784546923696,9,624.826,712.734,mc,4,1784546871496
1784546923696,10,204.928,452.731,mc,5,1784546871496
1784546923796,1,520.559,339.019,mc,5,1784546871496
1784546923796,2,235.458,251.873,mc,5,1784546871496
1784546923796,3,451.77,380.46,mc,3,1784546871496
1784546923796,4,377.4,306.604,mc,5,1784546871496
1784546923796,5,802.682,496.238,mc,3,1784546871496
1784546923796,6,76.2647,368.191,mc,5,1784546871496
1784546923796,7,474.459,548.079,mc,4,1784546871496
1784546923796,8,279.231,566.662,mc,4,1784546871496
1784546923796,9,624.515,712.6,mc,4,1784546871496
1784546923796,10,204.667,452.54,mc,5,1784546871496
1784546923896,1,520.94,339.303,mc,5,1784546871496
1784546923896,2,235.565,252.32,mc,5,1784546871496
1784546923896,3,452.06,380.591,mc,3,1784546871496
1784546923896,4,377.818,306.497,mc,5,1784546871496
1784546923896,5,802.144,496.371,mc,3,1784546871496
1784546923896,6,76.6372,367.909,mc,5,1784546871496
1784546923896,7,474.825,548.008,mc,4,1784546871496
1784546923896,8,278.828,566.953,mc,4,1784546871496
1784546923896,9,624.205,712.466,mc,4,1784546871496
1784546923896,10,204.405,452.349,mc,5,1784546871496
1784546923996,1,521.322,339.587,mc,5,1784546871496
1784546923996,2,235.672,252.768,mc,5,1784546871496
1784546923996,3,452.35,380.722,mc,3,1784546871496
1784546923996,4,378.236,306.391,mc,5,1784546871496
1784546923996,5,801.606,496.503,mc,3,1784546871496
1784546923996,6,77.0097,367.627,mc,5,1784546871496
1784546923996,7,475.191,547.938,mc,4,1784546871496
1784546923996,8,278.425,567.244,mc,4,1784546871496
1784546923996,9,623.895,712.333,mc,4,1784546871496
1784546923996,10,204.144,452.158,mc,5,1784546871496
1784546924096,1,521.703,339.872,mc,5,1784546871496
1784546924096,2,235.779,253.216,mc,5,1784546871496
1784546924096,3,452.64,380.853,mc,3,1784546871496
1784546924096,4,378.655,306.284,mc,5,1784546871496
1784546924096,5,801.068,496.636,mc,3,1784546871496
1784546924096,6,77.3822,367.345,mc,5,1784546871496
1784546924096,7,475.557,547.868,mc,4,1784546871496
1784546924096,8,278.022,567.536,mc,4,1784546871496
1784546924096,9,623.585,712.199,mc,4,1784546871496
1784546924096,10,203.883,451.967,mc,5,1784546871496
1784546924196,1,522.084,340.156,mc,5,1784546871496
1784546924196,2,235.887,253.663,mc,5,1784546871496
1784546924196,3,452.93,380.984,mc,3,1784546871496
1784546924196,4,379.073,306.177,mc,5,1784546871496
1784546924196,5,800.53,496.768,mc,3,1784546871496
1784546924196,6,77.7547,367.063,mc,5,1784546871496
1784546924196,7,475.923,547.798,mc,4,1784546871496
1784546924196,8,277.619,567.827,mc,4,1784546871496
1784546924196,9,623.274,712.066,mc,4,1784546871496
1784546924196,10,203.622,451.776,mc,5,1784546871496
1784546924296,1,522.465,340.44,mc,5,1784546871496
1784546924296,2,235.994,254.111,mc,5,1784546871496
1784546924296,3,453.22,381.115,mc,3,1784546871496
1784546924296,4,379.491,306.07,mc,5,1784546871496
1784546924296,5,799.992,496.901,mc,3,1784546871496
1784546924296,6,78.1272,366.781,mc,5,1784546871496
1784546924296,7,476.289,547.727,mc,4,1784546871496
1784546924296,8,277.216,568.118,mc,4,1784546871496
1784546924296,9,622.964,711.932,mc,4,1784546871496
1784546924296,10,203.36,451.584,mc,5,1784546871496
1784546924396,1,522.847,340.724,mc,5,1784546871496
1784546924396,2,236.101,254.558,mc,5,1784546871496
1784546924396,3,453.51,381.246,mc,3,1784546871496
1784546924396,4,379.909,305.963,mc,5,1784546871496
1784546924396,5,799.454,497.033,mc,3,1784546871496
1784546924396,6,78.4997,366.499,mc,5,1784546871496
1784546924396,7,476.656,547.657,mc,4,1784546871496
1784546924396,8,277.141,568.329,mc,4,1784546871496
1784546924396,9,622.654,711.799,mc,4,1784546871496
1784546924396,10,203.099,451.393,mc,5,1784546871496
1784546924496,1,523.244,340.851,mc,5,1784546871496
1784546924496,2,236.208,255.006,mc,5,1784546871496
1784546924496,3,453.8,381.377,mc,3,1784546871496
1784546924496,4,380.328,305.856,mc,5,1784546871496
1784546924496,5,798.916,497.166,mc,3,1784546871496
1784546924496,6,78.8722,366.217,mc,5,1784546871496
1784546924496,7,477.022,547.587,mc,4,1784546871496
1784546924496,8,277.691,568.389,mc,4,1784546871496
1784546924496,9,622.344,711.665,mc,4,1784546871496
1784546924496,10,202.838,451.202,mc,5,1784546871496
1784546924596,1,523.649,340.898,mc,5,1784546871496
1784546924596,2,236.316,255.454,mc,5,1784546871496
1784546924596,3,454.09,381.508,mc,3,1784546871496
1784546924596,4,380.746,305.749,mc,5,1784546871496
1784546924596,5,798.781,497.444,mc,3,1784546871496
1784546924596,6,79.2447,365.936,mc,5,1784546871496
1784546924596,7,477.388,547.517,mc,4,1784546871496
1784546924596,8,278.24,568.449,mc,4,1784546871496
1784546924596,9,622.034,711.532,mc,4,1784546871496
1784546924596,10,202.577,451.011,mc,5,1784546871496
1784546924696,1,524.054,340.944,mc,5,1784546871496
1784546924696,2,236.423,255.901,mc,5,1784546871496
1784546924696,3,454.38,381.639,mc,3,1784546871496
1784546924696,4,381.164,305.642,mc,5,1784546871496
1784546924696,5,799.069,497.877,mc,3,1784546871496
1784546924696,6,79.6172,365.654,mc,5,1784546871496
1784546924696,7,477.754,547.447,mc,4,1784546871496
1784546924696,8,278.789,568.508,mc,4,1784546871496
1784546924696,9,621.723,711.398,mc,4,1784546871496
1784546924696,10,202.316,450.82,mc,5,1784546871496
1784546924796,1,524.459,340.991,mc,5,1784546871496
1784546924796,2,236.53,256.349,mc,5,1784546871496
1784546924796,3,454.67,381.77,mc,3,1784546871496
1784546924796,4,381.582,305.535,mc,5,1784546871496
1784546924796,5,799.357,498.309,mc,3,1784546871496
1784546924796,6,79.1809,365.562,mc,5,1784546871496
1784546924796,7,478.12,547.376,mc,4,1784546871496
1784546924796,8,279.339,568.568,mc,4,1784546871496
1784546924796,9,621.413,711.265,mc,4,1784546871496
1784546924796,10,202.054,450.629,mc,5,1784546871496
1784546924896,1,524.864,341.038,mc,5,1784546871496
1784546924896,2,236.637,256.797,mc,5,1784546871496
1784546924896,3,454.96,381.901,mc,3,1784546871496
1784546924896,4,382.001,305.428,mc,5,1784546871496
1784546924896,5,799.646,498.741,mc,3,1784546871496
1784546924896,6,78.652,365.492,mc,5,1784546871496
1784546924896,7,478.486,547.306,mc,4,1784546871496
1784546924896,8,279.888,568.628,mc,4,1784546871496
1784546924896,9,621.103,711.131,mc,4,1784546871496
1784546924896,10,201.793,450.438,mc,5,1784546871496
1784546924996,1,525.269,341.084,mc,5,1784546871496
1784546924996,2,236.745,257.244,mc,5,1784546871496
1784546924996,3,455.249,382.032,mc,3,1784546871496
1784546924996,4,382.419,305.321,mc,5,1784546871496
1784546924996,5,799.934,499.174,mc,3,1784546871496
1784546924996,6,78.123,365.422,mc,5,1784546871496
1784546924996,7,478.852,547.236,mc,4,1784546871496
1784546924996,8,280.438,568.688,mc,4,1784546871496
1784546924996,9,620.793,710.997,mc,4,1784546871496
1784546924996,10,201.532,450.247,mc,5,1784546871496
1784546925096,1,525.674,341.131,mc,5,1784546871496
1784546925096,2,236.852,257.692,mc,5,1784546871496
1784546925096,3,455.539,382.163,mc,3,1784546871496
1784546925096,4,382.837,305.214,mc,5,1784546871496
1784546925096,5,800.222,499.606,mc,3,1784546871496
1784546925096,6,77.5941,365.352,mc,5,1784546871496
1784546925096,7,479.218,547.166,mc,4,1784546871496
1784546925096,8,280.987,568.747,mc,4,1784546871496
1784546925096,9,620.482,710.864,mc,4,1784546871496
1784546925096,10,201.271,450.056,mc,5,1784546871496
1784546925196,1,526.079,341.178,mc,5,1784546871496
1784546925196,2,236.959,258.139,mc,5,1784546871496
1784546925196,3,455.829,382.294,mc,3,1784546871496
1784546925196,4,383.255,305.107,mc,5,1784546871496
1784546925196,5,800.511,500.039,mc,3,1784546871496
1784546925196,6,77.0651,365.282,mc,5,1784546871496
1784546925196,7,479.584,547.095,mc,4,1784546871496
1784546925196,8,281.537,568.807,mc,4,1784546871496
1784546925196,9,620.172,710.73,mc,4,1784546871496
1784546925196,10,201.01,449.865,mc,5,1784546871496
1784546925296,1,526.484,341.224,mc,5,1784546871496
1784546925296,2,237.066,258.587,mc,5,1784546871496
1784546925296,3,456.119,382.425,mc,3,1784546871496
1784546925296,4,383.674,305,mc,5,1784546871496
1784546925296,5,800.799,500.471,mc,3,1784546871496
1784546925296,6,76.5362,365.212,mc,5,1784546871496
1784546925296,7,479.95,547.025,mc,4,1784546871496
1784546925296,8,282.086,568.867,mc,4,1784546871496
1784546925296,9,619.862,710.597,mc,4,1784546871496
1784546925296,10,200.748,449.674,mc,5,1784546871496
1784546925396,1,526.889,341.271,mc,5,1784546871496
1784546925396,2,237.174,259.035,mc,5,1784546871496
1784546925396,3,456.409,382.556,mc,3,1784546871496
1784546925396,4,384.092,304.894,mc,5,1784546871496
1784546925396,5,801.088,500.904,mc,3,1784546871496
1784546925396,6,76.0072,365.143,mc,5,1784546871496
1784546925396,7,480.316,546.955,mc,4,1784546871496
1784546925396,8,282.636,568.926,mc,4,1784546871496
1784546925396,9,619.552,710.463,mc,4,1784546871496
1784546925396,10,200.487,449.483,mc,5,1784546871496
1784546925496,1,527.294,341.317,mc,5,1784546871496
1784546925496,2,237.281,259.482,mc,5,1784546871496
1784546925496,3,456.699,382.687,mc,3,1784546871496
1784546925496,4,384.51,304.787,mc,5,1784546871496
1784546925496,5,801.376,501.336,mc,3,1784546871496
1784546925496,6,75.4782,365.073,mc,5,1784546871496
1784546925496,7,480.682,546.885,mc,4,1784546871496
1784546925496,8,283.185,568.986,mc,4,1784546871496
1784546925496,9,619.242,710.33,mc,4,1784546871496
1784546925496,10,200.226,449.291,mc,5,1784546871496
1784546925596,1,527.698,341.364,mc,5,1784546871496
1784546925596,2,237.388,259.93,mc,5,1784546871496
1784546925596,3,456.989,382.818,mc,3,1784546871496
1784546925596,4,384.928,304.68,mc,5,1784546871496
1784546925596,5,801.664,501.768,mc,3,1784546871496
1784546925596,6,74.9493,365.003,mc,5,1784546871496
1784546925596,7,481.048,546.814,mc,4,1784546871496
1784546925596,8,283.735,569.046,mc,4,1784546871496
1784546925596,9,618.931,710.196,mc,4,1784546871496
1784546925596,10,199.965,449.1,mc,5,1784546871496
1784546925696,1,528.103,341.411,mc,5,1784546871496
1784546925696,2,237.495,260.377,mc,5,1784546871496
1784546925696,3,457.279,382.949,mc,3,1784546871496
1784546925696,4,385.347,304.573,mc,5,1784546871496
1784546925696,5,801.953,502.201,mc,3,1784546871496
1784546925696,6,74.4203,364.933,mc,5,1784546871496
1784546925696,7,481.414,546.744,mc,4,1784546871496
1784546925696,8,284.284,569.105,mc,4,1784546871496
1784546925696,9,618.621,710.063,mc,4,1784546871496
1784546925696,10,199.703,448.909,mc,5,1784546871496
1784546925796,1,528.508,341.457,mc,5,1784546871496
1784546925796,2,237.603,260.825,mc,5,1784546871496
1784546925796,3,457.569,383.08,mc,3,1784546871496
1784546925796,4,385.765,304.466,mc,5,1784546871496
1784546925796,5,802.241,502.633,mc,3,1784546871496
1784546925796,6,73.8914,364.863,mc,5,1784546871496
1784546925796,7,481.78,546.674,mc,4,1784546871496
1784546925796,8,284.834,569.165,mc,4,1784546871496
1784546925796,9,618.311,709.929,mc,4,1784546871496
1784546925796,10,199.442,448.718,mc,5,1784546871496
1784546925896,1,528.913,341.504,mc,5,1784546871496
1784546925896,2,237.71,261.273,mc,5,1784546871496
1784546925896,3,457.859,383.211,mc,3,1784546871496
1784546925896,4,386.183,304.359,mc,5,1784546871496
1784546925896,5,802.529,503.066,mc,3,1784546871496
1784546925896,6,73.3624,364.793,mc,5,1784546871496
1784546925896,7,482.146,546.604,mc,4,1784546871496
1784546925896,8,285.383,569.225,mc,4,1784546871496
1784546925896,9,618.001,709.795,mc,4,1784546871496
1784546925896,10,199.181,448.527,mc,5,1784546871496
1784546925996,1,529.318,341.551,mc,5,1784546871496
1784546925996,2,237.817,261.72,mc,5,1784546871496
1784546925996,3,458.149,383.342,mc,3,1784546871496
1784546925996,4,386.601,304.252,mc,5,1784546871496
1784546925996,5,802.818,503.498,mc,3,1784546871496
1784546925996,6,72.8335,364.723,mc,5,1784546871496
1784546925996,7,482.512,546.534,mc,4,1784546871496
1784546925996,8,285.933,569.284,mc,4,1784546871496
1784546925996,9,617.69,709.662,mc,4,1784546871496
1784546925996,10,198.92,448.336,mc,5,1784546871496
1784546926096,1,529.723,341.597,mc,5,1784546871496
1784546926096,2,237.924,262.168,mc,5,1784546871496
1784546926096,3,458.439,383.473,mc,3,1784546871496
1784546926096,4,387.02,304.145,mc,5,1784546871496
1784546926096,5,803.106,503.931,mc,3,1784546871496
1784546926096,6,72.3045,364.653,mc,5,1784546871496
1784546926096,7,482.878,546.463,mc,4,1784546871496
1784546926096,8,286.482,569.344,mc,4,1784546871496
1784546926096,9,617.38,709.528,mc,4,1784546871496
1784546926096,10,198.659,448.145,mc,5,1784546871496
1784546926196,1,530.128,341.644,mc,5,1784546871496
1784546926196,2,238.032,262.616,mc,5,1784546871496
1784546926196,3,458.729,383.604,mc,3,1784546871496
1784546926196,4,387.202,304.369,mc,5,1784546871496
1784546926196,5,803.395,504.363,mc,3,1784546871496
1784546926196,6,71.7755,364.584,mc,5,1784546871496
1784546926196,7,483.244,546.393,mc,4,1784546871496
1784546926196,8,287.031,569.404,mc,4,1784546871496
1784546926196,9,617.07,709.395,mc,4,1784546871496
1784546926196,10,198.397,447.954,mc,5,1784546871496
1784546926296,1,530.533,341.691,mc,5,1784546871496
1784546926296,2,238.139,263.063,mc,5,1784546871496
1784546926296,3,459.019,383.735,mc,3,1784546871496
1784546926296,4,387.272,304.751,mc,5,1784546871496
1784546926296,5,803.683,504.795,mc,3,1784546871496
1784546926296,6,71.2466,364.514,mc,5,1784546871496
1784546926296,7,483.61,546.323,mc,4,1784546871496
1784546926296,8,287.581,569.464,mc,4,1784546871496
1784546926296,9,616.76,709.261,mc,4,1784546871496
1784546926296,10,198.136,447.763,mc,5,1784546871496
1784546926396,1,530.938,341.737,mc,5,1784546871496
1784546926396,2,238.246,263.511,mc,5,1784546871496
1784546926396,3,459.309,383.866,mc,3,1784546871496
1784546926396,4,387.343,305.133,mc,5,1784546871496
1784546926396,5,803.971,505.228,mc,3,1784546871496
1784546926396,6,70.7176,364.444,mc,5,1784546871496
1784546926396,7,483.977,546.253,mc,4,1784546871496
1784546926396,8,288.13,569.523,mc,4,1784546871496
1784546926396,9,616.45,709.128,mc,4,1784546871496
1784546926396,10,197.875,447.572,mc,5,1784546871496
1784546926496,1,531.343,341.784,mc,5,1784546871496
1784546926496,2,238.353,263.958,mc,5,1784546871496
1784546926496,3,459.599,383.997,mc,3,1784546871496
1784546926496,4,387.413,305.514,mc,5,1784546871496
1784546926496,5,804.26,505.66,mc,3,1784546871496
1784546926496,6,70.1887,364.374,mc,5,1784546871496
1784546926496,7,484.343,546.182,mc,4,1784546871496
1784546926496,8,288.68,569.583,mc,4,1784546871496
1784546926496,9,616.139,708.994,mc,4,1784546871496
1784546926496,10,197.614,447.381,mc,5,1784546871496
1784546926596,1,531.748,341.831,mc,5,1784546871496
1784546926596,2,238.461,264.406,mc,5,1784546871496
1784546926596,3,459.889,384.128,mc,3,1784546871496
1784546926596,4,387.483,305.896,mc,5,1784546871496
1784546926596,5,804.548,506.093,mc,3,1784546871496
1784546926596,6,69.6597,364.304,mc,5,1784546871496
1784546926596,7,484.709,546.112,mc,4,1784546871496
1784546926596,8,289.229,569.643,mc,4,1784546871496
1784546926596,9,615.829,708.861,mc,4,1784546871496
1784546926596,10,197.352,447.19,mc,5,1784546871496
1784546926696,1,532.153,341.877,mc,5,1784546871496
1784546926696,2,238.753,264.159,mc,5,1784546871496
1784546926696,3,460.179,384.259,mc,3,1784546871496
1784546926696,4,387.554,306.278,mc,5,1784546871496
1784546926696,5,804.836,506.525,mc,3,1784546871496
1784546926696,6,69.1307,364.234,mc,5,1784546871496
1784546926696,7,485.075,546.042,mc,4,1784546871496
1784546926696,8,289.779,569.702,mc,4,1784546871496
1784546926696,9,615.519,708.727,mc,4,1784546871496
1784546926696,10,197.091,446.998,mc,5,1784546871496
1784546926796,1,532.558,341.924,mc,5,1784546871496
1784546926796,2,239.064,263.839,mc,5,1784546871496
1784546926796,3,460.469,384.39,mc,3,1784546871496
1784546926796,4,387.624,306.659,mc,5,1784546871496
1784546926796,5,805.125,506.958,mc,3,1784546871496
1784546926796,6,68.6018,364.164,mc,5,1784546871496
1784546926796,7,485.441,545.972,mc,4,1784546871496
1784546926796,8,290.328,569.762,mc,4,1784546871496
1784546926796,9,615.209,708.594,mc,4,1784546871496
1784546926796,10,196.83,446.807,mc,5,1784546871496
1784546926896,1,532.963,341.971,mc,5,1784546871496
1784546926896,2,239.376,263.519,mc,5,1784546871496
1784546926896,3,460.759,384.521,mc,3,1784546871496
1784546926896,4,387.694,307.041,mc,5,1784546871496
1784546926896,5,805.413,507.39,mc,3,1784546871496
1784546926896,6,68.0728,364.094,mc,5,1784546871496
1784546926896,7,485.807,545.901,mc,4,1784546871496
1784546926896,8,290.878,569.822,mc,4,1784546871496
1784546926896,9,614.898,708.46,mc,4,1784546871496
1784546926896,10,196.569,446.616,mc,5,1784546871496
1784546926996,1,533.368,342.017,mc,5,1784546871496
1784546926996,2,239.687,263.199,mc,5,1784546871496
1784546926996,3,461.048,384.652,mc,3,1784546871496
1784546926996,4,387.765,307.423,mc,5,1784546871496
1784546926996,5,805.702,507.822,mc,3,1784546871496
1784546926996,6,67.5439,364.025,mc,5,1784546871496
1784546926996,7,486.173,545.831,mc,4,1784546871496
1784546926996,8,291.427,569.881,mc,4,1784546871496
1784546926996,9,614.588,708.326,mc,4,1784546871496
1784546926996,10,196.308,446.425,mc,5,1784546871496
1784546927096,1,533.773,342.064,mc,5,1784546871496
1784546927096,2,239.999,262.879,mc,5,1784546871496
1784546927096,3,461.338,384.783,mc,3,1784546871496
1784546927096,4,387.835,307.805,mc,5,1784546871496
1784546927096,5,805.99,508.255,mc,3,1784546871496
1784546927096,6,67.0149,363.955,mc,5,1784546871496
1784546927096,7,486.539,545.761,mc,4,1784546871496
1784546927096,8,291.977,569.941,mc,4,1784546871496
1784546927096,9,614.278,708.193,mc,4,1784546871496
1784546927096,10,196.046,446.234,mc,5,1784546871496
1784546927196,1,534.178,342.111,mc,5,1784546871496
1784546927196,2,240.31,262.559,mc,5,1784546871496
1784546927196,3,461.628,384.914,mc,3,1784546871496
1784546927196,4,387.905,308.186,mc,5,1784546871496
1784546927196,5,806.278,508.687,mc,3,1784546871496
1784546927196,6,66.486,363.885,mc,5,1784546871496
1784546927196,7,486.953,545.727,mc,4,1784546871496
1784546927196,8,292.526,570.001,mc,4,1784546871496
1784546927196,9,613.968,708.059,mc,4,1784546871496
1784546927196,10,195.785,446.043,mc,5,1784546871496
1784546927296,1,534.583,342.157,mc,5,1784546871496
1784546927296,2,240.622,262.239,mc,5,1784546871496
1784546927296,3,461.918,385.045,mc,3,1784546871496
1784546927296,4,387.975,308.568,mc,5,1784546871496
1784546927296,5,806.567,509.12,mc,3,1784546871496
1784546927296,6,65.957,363.815,mc,5,1784546871496
1784546927296,7,487.415,545.727,mc,4,1784546871496
1784546927296,8,293.076,570.061,mc,4,1784546871496
1784546927296,9,613.658,707.926,mc,4,1784546871496
1784546927296,10,195.524,445.852,mc,5,1784546871496
1784546927396,1,534.988,342.204,mc,5,1784546871496
1784546927396,2,240.933,261.919,mc,5,1784546871496
1784546927396,3,462.208,385.176,mc,3,1784546871496
1784546927396,4,388.046,308.95,mc,5,1784546871496
1784546927396,5,806.855,509.552,mc,3,1784546871496
1784546927396,6,65.428,363.745,mc,5,1784546871496
1784546927396,7,487.877,545.727,mc,4,1784546871496
1784546927396,8,293.625,570.12,mc,4,1784546871496
1784546927396,9,613.347,707.792,mc,4,1784546871496
1784546927396,10,195.263,445.661,mc,5,1784546871496
1784546927496,1,535.393,342.251,mc,5,1784546871496
1784546927496,2,241.245,261.599,mc,5,1784546871496
1784546927496,3,462.498,385.307,mc,3,1784546871496
1784546927496,4,388.116,309.332,mc,5,1784546871496
1784546927496,5,807.143,509.985,mc,3,1784546871496
1784546927496,6,64.8991,363.675,mc,5,1784546871496
1784546927496,7,488.339,545.728,mc,4,1784546871496
1784546927496,8,294.175,570.18,mc,4,1784546871496
1784546927496,9,613.037,707.659,mc,4,1784546871496
1784546927496,10,195.002,445.47,mc,5,1784546871496
1784546927596,1,535.798,342.297,mc,5,1784546871496
1784546927596,2,241.556,261.279,mc,5,1784546871496
1784546927596,3,462.788,385.438,mc,3,1784546871496
1784546927596,4,388.186,309.713,mc,5,1784546871496
1784546927596,5,807.432,510.417,mc,3,1784546871496
1784546927596,6,64.3701,363.605,mc,5,1784546871496
1784546927596,7,488.8,545.728,mc,4,1784546871496
1784546927596,8,294.724,570.24,mc,4,1784546871496
1784546927596,9,612.727,707.525,mc,4,1784546871496
1784546927596,10,194.74,445.279,mc,5,1784546871496
1784546927696,1,536.203,342.344,mc,5,1784546871496
1784546927696,2,241.868,260.959,mc,5,1784546871496
1784546927696,3,463.078,385.569,mc,3,1784546871496
1784546927696,4,388.257,310.095,mc,5,1784546871496
1784546927696,5,807.72,510.849,mc,3,1784546871496
1784546927696,6,63.8412,363.535,mc,5,1784546871496
1784546927696,7,489.262,545.728,mc,4,1784546871496
1784546927696,8,295.273,570.299,mc,4,1784546871496
1784546927696,9,612.417,707.392,mc,4,1784546871496
1784546927696,10,194.479,445.088,mc,5,1784546871496
1784546927796,1,536.608,342.39,mc,5,1784546871496
1784546927796,2,242.179,260.639,mc,5,1784546871496
1784546927796,3,463.368,385.7,mc,3,1784546871496
1784546927796,4,388.327,310.477,mc,5,1784546871496
1784546927796,5,808.009,511.282,mc,3,1784546871496
1784546927796,6,63.3122,363.466,mc,5,1784546871496
1784546927796,7,489.724,545.729,mc,4,1784546871496
1784546927796,8,295.823,570.359,mc,4,1784546871496
1784546927796,9,612.106,707.258,mc,4,1784546871496
1784546927796,10,194.245,445.206,mc,5,1784546871496
1784546927896,1,537.013,342.437,mc,5,1784546871496
1784546927896,2,242.491,260.319,mc,5,1784546871496
1784546927896,3,463.658,385.831,mc,3,1784546871496
1784546927896,4,388.397,310.858,mc,5,1784546871496
1784546927896,5,808.297,511.714,mc,3,1784546871496
1784546927896,6,62.7832,363.396,mc,5,1784546871496
1784546927896,7,490.186,545.729,mc,4,1784546871496
1784546927896,8,296.372,570.419,mc,4,1784546871496
1784546927896,9,611.796,707.124,mc,4,1784546871496
1784546927896,10,194.047,445.749,mc,5,1784546871496
1784546927996,1,537.418,342.484,mc,5,1784546871496
1784546927996,2,242.802,259.999,mc,5,1784546871496
1784546927996,3,463.948,385.962,mc,3,1784546871496
1784546927996,4,388.468,311.24,mc,5,1784546871496
1784546927996,5,808.585,512.147,mc,3,1784546871496
1784546927996,6,62.2543,363.326,mc,5,1784546871496
1784546927996,7,490.647,545.729,mc,4,1784546871496
1784546927996,8,296.922,570.478,mc,4,1784546871496
1784546927996,9,611.486,706.991,mc,4,1784546871496
1784546927996,10,193.849,446.292,mc,5,1784546871496
1784546928096,1,537.823,342.53,mc,5,1784546871496
1784546928096,2,243.114,259.679,mc,5,1784546871496
1784546928096,3,464.238,386.093,mc,3,1784546871496
1784546928096,4,388.538,311.622,mc,5,1784546871496
1784546928096,5,808.874,512.579,mc,3,1784546871496
1784546928096,6,61.7253,363.256,mc,5,1784546871496
1784546928096,7,491.109,545.73,mc,4,1784546871496
1784546928096,8,297.471,570.538,mc,4,1784546871496
1784546928096,9,611.176,706.857,mc,4,1784546871496
1784546928096,10,193.652,446.835,mc,5,1784546871496
1784546928196,1,538.228,342.577,mc,5,1784546871496
1784546928196,2,243.425,259.359,mc,5,1784546871496
1784546928196,3,464.528,386.224,mc,3,1784546871496
1784546928196,4,388.608,312.004,mc,5,1784546871496
1784546928196,5,809.162,513.012,mc,3,1784546871496
1784546928196,6,61.1964,363.186,mc,5,1784546871496
1784546928196,7,491.571,545.73,mc,4,1784546871496
1784546928196,8,298.021,570.598,mc,4,1784546871496
1784546928196,9,610.866,706.724,mc,4,1784546871496
1784546928196,10,193.454,447.378,mc,5,1784546871496
1784546928296,1,538.633,342.624,mc,5,1784546871496
1784546928296,2,243.737,259.039,mc,5,1784546871496
1784546928296,3,464.818,386.355,mc,3,1784546871496
1784546928296,4,388.679,312.385,mc,5,1784546871496
1784546928296,5,809.45,513.444,mc,3,1784546871496
1784546928296,6,60.6674,363.116,mc,5,1784546871496
1784546928296,7,492.033,545.73,mc,4,1784546871496
1784546928296,8,298.57,570.658,mc,4,1784546871496
1784546928296,9,610.555,706.59,mc,4,1784546871496
1784546928296,10,193.256,447.921,mc,5,1784546871496
1784546928396,1,539.038,342.67,mc,5,1784546871496
1784546928396,2,244.048,258.719,mc,5,1784546871496
1784546928396,3,465.108,386.486,mc,3,1784546871496
1784546928396,4,388.749,312.767,mc,5,1784546871496
1784546928396,5,809.739,513.876,mc,3,1784546871496
1784546928396,6,60.1385,363.046,mc,5,1784546871496
1784546928396,7,492.494,545.73,mc,4,1784546871496
1784546928396,8,299.12,570.717,mc,4,1784546871496
1784546928396,9,610.245,706.457,mc,4,1784546871496
1784546928396,10,193.059,448.464,mc,5,1784546871496
1784546928496,1,539.443,342.717,mc,5,1784546871496
1784546928496,2,244.36,258.399,mc,5,1784546871496
1784546928496,3,465.398,386.617,mc,3,1784546871496
1784546928496,4,388.819,313.149,mc,5,1784546871496
1784546928496,5,810.027,514.309,mc,3,1784546871496
1784546928496,6,59.6095,362.976,mc,5,1784546871496
1784546928496,7,492.956,545.731,mc,4,1784546871496
1784546928496,8,299.669,570.777,mc,4,1784546871496
1784546928496,9,609.935,706.323,mc,4,1784546871496
1784546928496,10,192.861,449.007,mc,5,1784546871496
1784546928596,1,539.848,342.764,mc,5,1784546871496
1784546928596,2,244.671,258.079,mc,5,1784546871496
1784546928596,3,465.688,386.748,mc,3,1784546871496
1784546928596,4,388.889,313.531,mc,5,1784546871496
1784546928596,5,810.316,514.741,mc,3,1784546871496
1784546928596,6,59.0805,362.907,mc,5,1784546871496
1784546928596,7,493.418,545.731,mc,4,1784546871496
1784546928596,8,300.219,570.837,mc,4,1784546871496
1784546928596,9,609.625,706.19,mc,4,1784546871496
1784546928596,10,192.663,449.55,mc,5,1784546871496
1784546928696,1,540.253,342.81,mc,5,1784546871496
1784546928696,2,244.983,257.759,mc,5,1784546871496
1784546928696,3,465.978,386.879,mc,3,1784546871496
1784546928696,4,388.96,313.912,mc,5,1784546871496
1784546928696,5,810.604,515.174,mc,3,1784546871496
1784546928696,6,58.5516,362.837,mc,5,1784546871496
1784546928696,7,493.879,545.731,mc,4,1784546871496
1784546928696,8,300.768,570.896,mc,4,1784546871496
1784546928696,9,609.314,706.056,mc,4,1784546871496
1784546928696,10,192.466,450.093,mc,5,1784546871496
1784546928796,1,540.658,342.857,mc,5,1784546871496
1784546928796,2,245.294,257.439,mc,5,1784546871496
1784546928796,3,465.701,386.848,mc,3,1784546871496
1784546928796,4,389.03,314.294,mc,5,1784546871496
1784546928796,5,810.892,515.606,mc,3,1784546871496
1784546928796,6,58.0226,362.767,mc,5,1784546871496
1784546928796,7,494.341,545.732,mc,4,1784546871496
1784546928796,8,301.318,570.956,mc,4,1784546871496
1784546928796,9,609.004,705.923,mc,4,1784546871496
1784546928796,10,192.268,450.635,mc,5,1784546871496
1784546928896,1,541.063,342.904,mc,5,1784546871496
1784546928896,2,245.606,257.119,mc,5,1784546871496
1784546928896,3,465.131,386.734,mc,3,1784546871496
1784546928896,4,389.1,314.676,mc,5,1784546871496
1784546928896,5,811.181,516.039,mc,3,1784546871496
1784546928896,6,57.4937,362.697,mc,5,1784546871496
1784546928896,7,494.803,545.732,mc,4,1784546871496
1784546928896,8,301.867,571.016,mc,4,1784546871496
1784546928896,9,608.694,705.789,mc,4,1784546871496
1784546928896,10,192.07,451.178,mc,5,1784546871496
1784546928996,1,541.468,342.95,mc,5,1784546871496
1784546928996,2,245.917,256.799,mc,5,1784546871496
1784546928996,3,464.561,386.62,mc,3,1784546871496
1784546928996,4,389.171,315.057,mc,5,1784546871496
1784546928996,5,811.469,516.471,mc,3,1784546871496
1784546928996,6,56.9647,362.627,mc,5,1784546871496
1784546928996,7,495.265,545.732,mc,4,1784546871496
1784546928996,8,302.416,571.075,mc,4,1784546871496
1784546928996,9,608.384,705.655,mc,4,1784546871496
1784546928996,10,191.873,451.721,mc,5,1784546871496
1784546929096,1,541.873,342.997,mc,5,1784546871496
1784546929096,2,246.229,256.479,mc,5,1784546871496
1784546929096,3,463.992,386.506,mc,3,1784546871496
1784546929096,4,389.241,315.439,mc,5,1784546871496
1784546929096,5,811.757,516.903,mc,3,1784546871496
1784546929096,6,56.4357,362.557,mc,5,1784546871496
1784546929096,7,495.726,545.733,mc,4,1784546871496
1784546929096,8,302.966,571.135,mc,4,1784546871496
1784546929096,9,608.073,705.522,mc,4,1784546871496
1784546929096,10,191.675,452.264,mc,5,1784546871496
1784546929196,1,542.278,343.044,mc,5,1784546871496
1784546929196,2,246.54,256.159,mc,5,1784546871496
1784546929196,3,463.422,386.392,mc,3,1784546871496
1784546929196,4,389.311,315.821,mc,5,1784546871496
1784546929196,5,812.046,517.336,mc,3,1784546871496
1784546929196,6,55.9068,362.487,mc,5,1784546871496
1784546929196,7,496.188,545.733,mc,4,1784546871496
1784546929196,8,303.515,571.195,mc,4,1784546871496
1784546929196,9,607.763,705.388,mc,4,1784546871496
1784546929196,10,191.477,452.807,mc,5,1784546871496
1784546929296,1,542.683,343.09,mc,5,1784546871496
1784546929296,2,246.852,255.839,mc,5,1784546871496
1784546929296,3,462.853,386.278,mc,3,1784546871496
1784546929296,4,389.382,316.203,mc,5,1784546871496
1784546929296,5,812.334,517.768,mc,3,1784546871496
1784546929296,6,55.3778,362.417,mc,5,1784546871496
1784546929296,7,496.65,545.733,mc,4,1784546871496
1784546929296,8,304.065,571.254,mc,4,1784546871496
1784546929296,9,607.453,705.255,mc,4,1784546871496
1784546929296,10,191.28,453.35,mc,5,1784546871496
1784546929396,1,543.088,343.137,mc,5,1784546871496
1784546929396,2,247.163,255.519,mc,5,1784546871496
1784546929396,3,462.283,386.164,mc,3,1784546871496
1784546929396,4,389.452,316.584,mc,5,1784546871496
1784546929396,5,812.623,518.201,mc,3,1784546871496
1784546929396,6,54.8489,362.348,mc,5,1784546871496
1784546929396,7,497.112,545.734,mc,4,1784546871496
1784546929396,8,304.614,571.314,mc,4,1784546871496
1784546929396,9,607.143,705.121,mc,4,1784546871496
1784546929396,10,191.082,453.893,mc,5,1784546871496
1784546929496,1,543.493,343.184,mc,5,1784546871496
1784546929496,2,247.475,255.199,mc,5,1784546871496
1784546929496,3,461.713,386.05,mc,3,1784546871496
1784546929496,4,389.522,316.966,mc,5,1784546871496
1784546929496,5,812.911,518.633,mc,3,1784546871496
1784546929496,6,54.3199,362.278,mc,5,1784546871496
1784546929496,7,497.573,545.734,mc,4,1784546871496
1784546929496,8,305.164,571.374,mc,4,1784546871496
1784546929496,9,606.833,704.988,mc,4,1784546871496
1784546929496,10,190.884,454.436,mc,5,1784546871496
1784546929596,1,543.898,343.23,mc,5,1784546871496
1784546929596,2,247.786,254.879,mc,5,1784546871496
1784546929596,3,461.144,385.936,mc,3,1784546871496
1784546929596,4,389.593,317.348,mc,5,1784546871496
1784546929596,5,813.199,519.066,mc,3,1784546871496
1784546929596,6,53.791,362.208,mc,5,1784546871496
1784546929596,7,498.035,545.734,mc,4,1784546871496
1784546929596,8,305.713,571.434,mc,4,1784546871496
1784546929596,9,606.522,704.854,mc,4,1784546871496
1784546929596,10,190.687,454.979,mc,5,1784546871496
1784546929696,1,544.303,343.277,mc,5,1784546871496
1784546929696,2,248.098,254.558,mc,5,1784546871496
1784546929696,3,460.574,385.822,mc,3,1784546871496
1784546929696,4,389.663,317.73,mc,5,1784546871496
1784546929696,5,813.488,519.498,mc,3,1784546871496
1784546929696,6,53.262,362.138,mc,5,1784546871496
1784546929696,7,498.497,545.735,mc,4,1784546871496
1784546929696,8,306.263,571.493,mc,4,1784546871496
1784546929696,9,606.212,704.73,mc,4,1784546871496
1784546929696,10,190.489,455.522,mc,5,1784546871496
1784546929796,1,544.708,343.324,mc,5,1784546871496
1784546929796,2,248.409,254.238,mc,5,1784546871496
1784546929796,3,460.005,385.708,mc,3,1784546871496
1784546929796,4,389.733,318.111,mc,5,1784546871496
1784546929796,5,813.776,519.93,mc,3,1784546871496
1784546929796,6,52.733,362.068,mc,5,1784546871496
1784546929796,7,498.959,545.735,mc,4,1784546871496
1784546929796,8,306.771,571.594,mc,4,1784546871496
1784546929796,9,605.895,704.708,mc,4,1784546871496
1784546929796,10,190.291,456.065,mc,5,1784546871496
1784546929896,1,545.113,343.37,mc,5,1784546871496
1784546929896,2,248.72,253.918,mc,5,1784546871496
1784546929896,3,459.435,385.594,mc,3,1784546871496
1784546929896,4,389.803,318.493,mc,5,1784546871496
1784546929896,5,814.064,520.363,mc,3,1784546871496
1784546929896,6,52.2041,361.998,mc,5,1784546871496
1784546929896,7,499.42,545.735,mc,4,1784546871496
1784546929896,8,306.7,572.272,mc,4,1784546871496
1784546929896,9,605.578,704.686,mc,4,1784546871496
1784546929896,10,190.094,456.608,mc,5,1784546871496
1784546929996,1,545.518,343.417,mc,5,1784546871496
1784546929996,2,249.032,253.598,mc,5,1784546871496
1784546929996,3,458.866,385.48,mc,3,1784546871496
1784546929996,4,389.874,318.875,mc,5,1784546871496
1784546929996,5,814.353,520.795,mc,3,1784546871496
1784546929996,6,51.6751,361.928,mc,5,1784546871496
1784546929996,7,499.882,545.736,mc,4,1784546871496
1784546929996,8,306.629,572.95,mc,4,1784546871496
1784546929996,9,605.262,704.665,mc,4,1784546871496
1784546929996,10,189.896,457.15,mc,5,1784546871496
1784546930096,1,545.923,343.463,mc,5,1784546871496
1784546930096,2,249.343,253.278,mc,5,1784546871496
1784546930096,3,458.296,385.366,mc,3,1784546871496
1784546930096,4,389.944,319.256,mc,5,1784546871496
1784546930096,5,814.641,521.228,mc,3,1784546871496
1784546930096,6,51.1462,361.858,mc,5,1784546871496
1784546930096,7,500.344,545.736,mc,4,1784546871496
1784546930096,8,306.557,573.628,mc,4,1784546871496
1784546930096,9,604.945,704.643,mc,4,1784546871496
1784546930096,10,189.698,457.693,mc,5,1784546871496
1784546930196,1,546.327,343.51,mc,5,1784546871496
1784546930196,2,249.655,252.958,mc,5,1784546871496
1784546930196,3,457.726,385.252,mc,3,1784546871496
1784546930196,4,390.014,319.638,mc,5,1784546871496
1784546930196,5,814.93,521.66,mc,3,1784546871496
1784546930196,6,50.6172,361.789,mc,5,1784546871496
1784546930196,7,500.806,545.736,mc,4,1784546871496
1784546930196,8,306.486,574.306,mc,4,1784546871496
1784546930196,9,604.628,704.621,mc,4,1784546871496
1784546930196,10,189.501,458.236,mc,5,1784546871496
1784546930296,1,546.732,343.557,mc,5,1784546871496
1784546930296,2,249.966,252.638,mc,5,1784546871496
1784546930296,3,457.157,385.138,mc,3,1784546871496
1784546930296,4,390.085,320.02,mc,5,1784546871496
1784546930296,5,815.218,522.092,mc,3,1784546871496
1784546930296,6,50.0883,361.719,mc,5,1784546871496
1784546930296,7,501.267,545.737,mc,4,1784546871496
1784546930296,8,306.415,574.985,mc,4,1784546871496
1784546930296,9,604.312,704.599,mc,4,1784546871496
1784546930296,10,189.303,458.779,mc,5,1784546871496
1784546930396,1,547.137,343.603,mc,5,1784546871496
1784546930396,2,250.278,252.318,mc,5,1784546871496
1784546930396,3,456.587,385.024,mc,3,1784546871496
1784546930396,4,390.155,320.402,mc,5,1784546871496
1784546930396,5,815.523,522.162,mc,3,1784546871496
1784546930396,6,49.5756,361.655,mc,5,1784546871496
1784546930396,7,501.729,545.737,mc,4,1784546871496
1784546930396,8,306.343,575.663,mc,4,1784546871496
1784546930396,9,603.995,704.578,mc,4,1784546871496
1784546930396,10,189.105,459.322,mc,5,1784546871496
1784546930496,1,547.542,343.65,mc,5,1784546871496
1784546930496,2,250.589,251.998,mc,5,1784546871496
1784546930496,3,456.018,384.91,mc,3,1784546871496
1784546930496,4,390.225,320.783,mc,5,1784546871496
1784546930496,5,815.833,522.123,mc,3,1784546871496
1784546930496,6,49.0711,361.593,mc,5,1784546871496
1784546930496,7,502.191,545.737,mc,4,1784546871496
1784546930496,8,306.272,576.341,mc,4,1784546871496
1784546930496,9,603.679,704.556,mc,4,1784546871496
1784546930496,10,188.908,459.865,mc,5,1784546871496
1784546930596,1,547.947,343.697,mc,5,1784546871496
1784546930596,2,250.901,251.678,mc,5,1784546871496
1784546930596,3,455.448,384.796,mc,3,1784546871496
1784546930596,4,390.296,321.165,mc,5,1784546871496
1784546930596,5,816.144,522.084,mc,3,1784546871496
1784546930596,6,48.5665,361.532,mc,5,1784546871496
1784546930596,7,502.653,545.738,mc,4,1784546871496
1784546930596,8,306.201,577.019,mc,4,1784546871496
1784546930596,9,603.362,704.534,mc,4,1784546871496
1784546930596,10,188.71,460.408,mc,5,1784546871496
1784546930696,1,548.352,343.743,mc,5,1784546871496
1784546930696,2,251.212,251.358,mc,5,1784546871496
1784546930696,3,454.879,384.682,mc,3,1784546871496
1784546930696,4,390.366,321.547,mc,5,1784546871496
1784546930696,5,816.454,522.045,mc,3,1784546871496
1784546930696,6,48.0619,361.471,mc,5,1784546871496
1784546930696,7,503.114,545.738,mc,4,1784546871496
1784546930696,8,306.129,577.698,mc,4,1784546871496
1784546930696,9,603.045,704.513,mc,4,1784546871496
1784546930696,10,188.512,460.951,mc,5,1784546871496
1784546930796,1,548.757,343.79,mc,5,1784546871496
1784546930796,2,251.524,251.038,mc,5,1784546871496
1784546930796,3,454.309,384.568,mc,3,1784546871496
1784546930796,4,390.436,321.929,mc,5,1784546871496
1784546930796,5,816.764,522.005,mc,3,1784546871496
1784546930796,6,47.5574,361.409,mc,5,1784546871496
1784546930796,7,503.576,545.738,mc,4,1784546871496
1784546930796,8,306.058,578.376,mc,4,1784546871496
1784546930796,9,602.729,704.491,mc,4,1784546871496
1784546930796,10,188.315,461.494,mc,5,1784546871496
1784546930896,1,549.162,343.837,mc,5,1784546871496
1784546930896,2,251.835,250.718,mc,5,1784546871496
1784546930896,3,453.739,384.454,mc,3,1784546871496
1784546930896,4,390.507,322.31,mc,5,1784546871496
1784546930896,5,817.075,521.966,mc,3,1784546871496
1784546930896,6,47.0528,361.348,mc,5,1784546871496
1784546930896,7,504.038,545.739,mc,4,1784546871496
1784546930896,8,305.987,579.054,mc,4,1784546871496
1784546930896,9,602.412,704.469,mc,4,1784546871496
1784546930896,10,188.117,462.037,mc,5,1784546871496
1784546930996,1,549.567,343.883,mc,5,1784546871496
1784546930996,2,252.147,250.398,mc,5,1784546871496
1784546930996,3,453.17,384.34,mc,3,1784546871496
1784546930996,4,390.577,322.692,mc,5,1784546871496
1784546930996,5,817.385,521.927,mc,3,1784546871496
1784546930996,6,46.5482,361.287,mc,5,1784546871496
1784546930996,7,504.499,545.739,mc,4,1784546871496
1784546930996,8,305.915,579.732,mc,4,1784546871496
1784546930996,9,602.095,704.448,mc,4,1784546871496
1784546930996,10,187.919,462.58,mc,5,1784546871496
1784546931096,1,549.972,343.93,mc,5,1784546871496
1784546931096,2,252.458,250.078,mc,5,1784546871496
1784546931096,3,452.6,384.226,mc,3,1784546871496
1784546931096,4,390.647,323.074,mc,5,1784546871496
1784546931096,5,817.695,521.888,mc,3,1784546871496
1784546931096,6,46.0436,361.225,mc,5,1784546871496
1784546931096,7,504.961,545.739,mc,4,1784546871496
1784546931096,8,305.844,580.411,mc,4,1784546871496
1784546931096,9,601.779,704.426,mc,4,1784546871496
1784546931096,10,187.722,463.123,mc,5,1784546871496
1784546931196,1,550.377,343.977,mc,5,1784546871496
1784546931196,2,252.77,249.758,mc,5,1784546871496
1784546931196,3,452.031,384.112,mc,3,1784546871496
1784546931196,4,390.717,323.455,mc,5,1784546871496
1784546931196,5,818.005,521.849,mc,3,1784546871496
1784546931196,6,45.5391,361.164,mc,5,1784546871496
1784546931196,7,505.423,545.74,mc,4,1784546871496
1784546931196,8,305.773,581.089,mc,4,1784546871496
1784546931196,9,601.462,704.404,mc,4,1784546871496
1784546931196,10,187.524,463.665,mc,5,1784546871496
1784546931296,1,550.782,344.023,mc,5,1784546871496
1784546931296,2,253.081,249.438,mc,5,1784546871496
1784546931296,3,451.461,383.998,mc,3,1784546871496
1784546931296,4,390.788,323.837,mc,5,1784546871496
1784546931296,5,818.316,521.809,mc,3,1784546871496
1784546931296,6,45.0345,361.103,mc,5,1784546871496
1784546931296,7,505.885,545.74,mc,4,1784546871496
1784546931296,8,305.701,581.767,mc,4,1784546871496
1784546931296,9,601.145,704.382,mc,4,1784546871496
1784546931296,10,187.326,464.208,mc,5,1784546871496
1784546931396,1,551.187,344.07,mc,5,1784546871496
1784546931396,2,253.393,249.118,mc,5,1784546871496
1784546931396,3,450.892,383.884,mc,3,1784546871496
1784546931396,4,390.858,324.219,mc,5,1784546871496
1784546931396,5,818.626,521.77,mc,3,1784546871496
1784546931396,6,44.5299,361.041,mc,5,1784546871496
1784546931396,7,506.346,545.74,mc,4,1784546871496
1784546931396,8,305.63,582.445,mc,4,1784546871496
1784546931396,9,600.829,704.361,mc,4,1784546871496
1784546931396,10,187.129,464.751,mc,5,1784546871496
1784546931496,1,551.592,344.117,mc,5,1784546871496
1784546931496,2,253.704,248.798,mc,5,1784546871496
1784546931496,3,450.322,383.77,mc,3,1784546871496
1784546931496,4,390.928,324.601,mc,5,1784546871496
1784546931496,5,818.936,521.731,mc,3,1784546871496
1784546931496,6,44.0254,360.98,mc,5,1784546871496
1784546931496,7,506.808,545.741,mc,4,1784546871496
1784546931496,8,305.559,583.124,mc,4,1784546871496
1784546931496,9,600.512,704.339,mc,4,1784546871496
1784546931496,10,186.931,465.294,mc,5,1784546871496
1784546931596,1,551.997,344.163,mc,5,1784546871496
1784546931596,2,254.016,248.478,mc,5,1784546871496
1784546931596,3,449.752,383.656,mc,3,1784546871496
1784546931596,4,390.999,324.982,mc,5,1784546871496
1784546931596,5,819.247,521.692,mc,3,1784546871496
1784546931596,6,43.5208,360.919,mc,5,1784546871496
1784546931596,7,507.27,545.741,mc,4,1784546871496
1784546931596,8,305.487,583.802,mc,4,1784546871496
1784546931596,9,600.196,704.317,mc,4,1784546871496
1784546931596,10,186.733,465.837,mc,5,1784546871496
1784546931696,1,552.402,344.21,mc,5,1784546871496
1784546931696,2,254.327,248.158,mc,5,1784546871496
1784546931696,3,449.183,383.542,mc,3,1784546871496
1784546931696,4,391.069,325.364,mc,5,1784546871496
1784546931696,5,819.557,521.652,mc,3,1784546871496
1784546931696,6,43.0162,360.857,mc,5,1784546871496
1784546931696,7,507.732,545.741,mc,4,1784546871496
1784546931696,8,305.416,584.48,mc,4,1784546871496
1784546931696,9,599.879,704.296,mc,4,1784546871496
1784546931696,10,186.536,466.38,mc,5,1784546871496
1784546931796,1,552.787,344.298,mc,5,1784546871496
1784546931796,2,254.639,247.838,mc,5,1784546871496
1784546931796,3,448.613,383.428,mc,3,1784546871496
1784546931796,4,391.139,325.746,mc,5,1784546871496
1784546931796,5,819.867,521.613,mc,3,1784546871496
1784546931796,6,42.5117,360.796,mc,5,1784546871496
1784546931796,7,508.193,545.742,mc,4,1784546871496
1784546931796,8,305.345,585.158,mc,4,1784546871496
1784546931796,9,599.562,704.274,mc,4,1784546871496
1784546931796,10,186.338,466.923,mc,5,1784546871496
1784546931896,1,552.905,344.935,mc,5,1784546871496
1784546931896,2,254.95,247.518,mc,5,1784546871496
1784546931896,3,448.044,383.314,mc,3,1784546871496
1784546931896,4,391.21,326.128,mc,5,1784546871496
1784546931896,5,820.177,521.574,mc,3,1784546871496
1784546931896,6,42.0071,360.735,mc,5,1784546871496
1784546931896,7,508.655,545.742,mc,4,1784546871496
1784546931896,8,305.273,585.837,mc,4,1784546871496
1784546931896,9,599.246,704.252,mc,4,1784546871496
1784546931896,10,186.14,467.466,mc,5,1784546871496
1784546931996,1,553.023,345.571,mc,5,1784546871496
1784546931996,2,255.262,247.198,mc,5,1784546871496
1784546931996,3,447.474,383.2,mc,3,1784546871496
1784546931996,4,391.28,326.509,mc,5,1784546871496
1784546931996,5,820.488,521.535,mc,3,1784546871496
1784546931996,6,41.5025,360.674,mc,5,1784546871496
1784546931996,7,509.117,545.742,mc,4,1784546871496
1784546931996,8,305.202,586.515,mc,4,1784546871496
1784546931996,9,598.929,704.231,mc,4,1784546871496
1784546931996,10,185.943,468.009,mc,5,1784546871496
1784546932096,1,553.141,346.207,mc,5,1784546871496
1784546932096,2,255.573,246.878,mc,5,1784546871496
1784546932096,3,446.905,383.086,mc,3,1784546871496
1784546932096,4,391.35,326.891,mc,5,1784546871496
1784546932096,5,820.798,521.496,mc,3,1784546871496
1784546932096,6,40.9979,360.612,mc,5,1784546871496
1784546932096,7,509.579,545.743,mc,4,1784546871496
1784546932096,8,305.131,587.193,mc,4,1784546871496
1784546932096,9,598.612,704.209,mc,4,1784546871496
1784546932096,10,185.745,468.552,mc,5,1784546871496
1784546932196,1,553.259,346.843,mc,5,1784546871496
1784546932196,2,255.885,246.558,mc,5,1784546871496
1784546932196,3,446.335,382.972,mc,3,1784546871496
1784546932196,4,391.421,327.273,mc,5,1784546871496
1784546932196,5,821.108,521.456,mc,3,1784546871496
1784546932196,6,40.4934,360.551,mc,5,1784546871496
1784546932196,7,510.04,545.743,mc,4,1784546871496
1784546932196,8,305.059,587.871,mc,4,1784546871496
1784546932196,9,598.296,704.187,mc,4,1784546871496
1784546932196,10,185.547,469.095,mc,5,1784546871496
1784546932296,1,553.377,347.48,mc,5,1784546871496
1784546932296,2,256.196,246.238,mc,5,1784546871496
1784546932296,3,445.765,382.858,mc,3,1784546871496
1784546932296,4,391.491,327.654,mc,5,1784546871496
1784546932296,5,821.419,521.417,mc,3,1784546871496
1784546932296,6,39.9888,360.49,mc,5,1784546871496
1784546932296,7,510.502,545.743,mc,4,1784546871496
1784546932296,8,304.988,588.55,mc,4,1784546871496
1784546932296,9,597.979,704.165,mc,4,1784546871496
1784546932296,10,185.35,469.638,mc,5,1784546871496
1784546932396,1,553.495,348.116,mc,5,1784546871496
1784546932396,2,256.508,245.918,mc,5,1784546871496
1784546932396,3,445.196,382.744,mc,3,1784546871496
1784546932396,4,391.561,328.036,mc,5,1784546871496
1784546932396,5,821.729,521.378,mc,3,1784546871496
1784546932396,6,39.4842,360.428,mc,5,1784546871496
1784546932396,7,510.964,545.744,mc,4,1784546871496
1784546932396,8,304.917,589.228,mc,4,1784546871496
1784546932396,9,597.662,704.144,mc,4,1784546871496
1784546932396,10,185.152,470.18,mc,5,1784546871496
1784546932496,1,553.613,348.752,mc,5,1784546871496
1784546932496,2,256.819,245.598,mc,5,1784546871496
1784546932496,3,444.626,382.63,mc,3,1784546871496
1784546932496,4,391.631,328.418,mc,5,1784546871496
1784546932496,5,822.039,521.339,mc,3,1784546871496
1784546932496,6,38.9797,360.367,mc,5,1784546871496
1784546932496,7,511.426,545.744,mc,4,1784546871496
1784546932496,8,304.845,589.906,mc,4,1784546871496
1784546932496,9,597.346,704.122,mc,4,1784546871496
1784546932496,10,184.954,470.723,mc,5,1784546871496
1784546932596,1,553.731,349.389,mc,5,1784546871496
1784546932596,2,257.131,245.278,mc,5,1784546871496
1784546932596,3,444.057,382.516,mc,3,1784546871496
1784546932596,4,391.702,328.8,mc,5,1784546871496
1784546932596,5,822.35,521.299,mc,3,1784546871496
1784546932596,6,38.4751,360.306,mc,5,1784546871496
1784546932596,7,511.887,545.744,mc,4,1784546871496
1784546932596,8,304.774,590.584,mc,4,1784546871496
1784546932596,9,597.029,704.1,mc,4,1784546871496
1784546932596,10,184.757,471.266,mc,5,1784546871496
1784546932696,1,553.849,350.025,mc,5,1784546871496
1784546932696,2,257.442,244.958,mc,5,1784546871496
1784546932696,3,443.487,382.402,mc,3,1784546871496
1784546932696,4,391.772,329.181,mc,5,1784546871496
1784546932696,5,822.66,521.26,mc,3,1784546871496
1784546932696,6,37.9705,360.244,mc,5,1784546871496
1784546932696,7,512.349,545.745,mc,4,1784546871496
1784546932696,8,304.703,591.263,mc,4,1784546871496
1784546932696,9,596.713,704.079,mc,4,1784546871496
1784546932696,10,184.559,471.809,mc,5,1784546871496
1784546932796,1,553.967,350.661,mc,5,1784546871496
1784546932796,2,257.754,244.637,mc,5,1784546871496
1784546932796,3,442.917,382.288,mc,3,1784546871496
1784546932796,4,391.842,329.563,mc,5,1784546871496
1784546932796,5,822.97,521.221,mc,3,1784546871496
1784546932796,6,37.466,360.183,mc,5,1784546871496
1784546932796,7,512.811,545.745,mc,4,1784546871496
1784546932796,8,304.631,591.941,mc,4,1784546871496
1784546932796,9,596.396,704.057,mc,4,1784546871496
1784546932796,10,184.361,472.352,mc,5,1784546871496
1784546932896,1,554.085,351.297,mc,5,1784546871496
1784546932896,2,258.065,244.317,mc,5,1784546871496
1784546932896,3,442.348,382.174,mc,3,1784546871496
1784546932896,4,391.913,329.945,mc,5,1784546871496
1784546932896,5,823.28,521.182,mc,3,1784546871496
1784546932896,6,36.9614,360.122,mc,5,1784546871496
1784546932896,7,513.273,545.745,mc,4,1784546871496
1784546932896,8,304.56,592.619,mc,4,1784546871496
1784546932896,9,596.079,704.035,mc,4,1784546871496
1784546932896,10,184.164,472.895,mc,5,1784546871496
1784546932996,1,554.203,351.934,mc,5,1784546871496
1784546932996,2,258.377,243.997,mc,5,1784546871496
1784546932996,3,441.778,382.06,mc,3,1784546871496
1784546932996,4,391.983,330.327,mc,5,1784546871496
1784546932996,5,823.591,521.142,mc,3,1784546871496
1784546932996,6,36.4568,360.06,mc,5,1784546871496
1784546932996,7,513.734,545.746,mc,4,1784546871496
1784546932996,8,304.489,593.297,mc,4,1784546871496
1784546932996,9,595.763,704.014,mc,4,1784546871496
1784546932996,10,184.123,472.893,mc,5,1784546871496
1784546933096,1,554.321,352.57,mc,5,1784546871496
1784546933096,2,258.688,243.677,mc,5,1784546871496
1784546933096,3,441.209,381.946,mc,3,1784546871496
1784546933096,4,392.053,330.708,mc,5,1784546871496
1784546933096,5,823.901,521.103,mc,3,1784546871496
1784546933096,6,35.9522,359.999,mc,5,1784546871496
1784546933096,7,514.196,545.746,mc,4,1784546871496
1784546933096,8,304.417,593.976,mc,4,1784546871496
1784546933096,9,595.446,703.992,mc,4,1784546871496
1784546933096,10,184.239,472.344,mc,5,1784546871496
1784546933196,1,554.439,353.206,mc,5,1784546871496
1784546933196,2,259,243.357,mc,5,1784546871496
1784546933196,3,440.639,381.832,mc,3,1784546871496
1784546933196,4,392.124,331.09,mc,5,1784546871496
1784546933196,5,824.211,521.064,mc,3,1784546871496
1784546933196,6,35.4477,359.938,mc,5,1784546871496
1784546933196,7,514.658,545.746,mc,4,1784546871496
1784546933196,8,304.346,594.654,mc,4,1784546871496
1784546933196,9,595.129,703.97,mc,4,1784546871496
1784546933196,10,184.356,471.794,mc,5,1784546871496
1784546933296,1,554.557,353.843,mc,5,1784546871496
1784546933296,2,259.311,243.037,mc,5,1784546871496
1784546933296,3,440.07,381.718,mc,3,1784546871496
1784546933296,4,392.194,331.472,mc,5,1784546871496
1784546933296,5,824.522,521.025,mc,3,1784546871496
1784546933296,6,34.9431,359.876,mc,5,1784546871496
1784546933296,7,515.119,545.747,mc,4,1784546871496
1784546933296,8,304.275,595.332,mc,4,1784546871496
1784546933296,9,594.813,703.948,mc,4,1784546871496
1784546933296,10,184.473,471.245,mc,5,1784546871496
1784546933396,1,554.675,354.479,mc,5,1784546871496
1784546933396,2,259.491,243.306,mc,5,1784546871496
1784546933396,3,439.5,381.604,mc,3,1784546871496
1784546933396,4,392.264,331.853,mc,5,1784546871496
1784546933396,5,824.832,520.986,mc,3,1784546871496
1784546933396,6,34.4385,359.815,mc,5,1784546871496
1784546933396,7,515.581,545.747,mc,4,1784546871496
1784546933396,8,304.203,596.01,mc,4,1784546871496
1784546933396,9,594.496,703.927,mc,4,1784546871496
1784546933396,10,184.589,470.696,mc,5,1784546871496
1784546933496,1,554.793,355.115,mc,5,1784546871496
1784546933496,2,259.623,243.792,mc,5,1784546871496
1784546933496,3,438.93,381.49,mc,3,1784546871496
1784546933496,4,392.335,332.235,mc,5,1784546871496
1784546933496,5,825.142,520.946,mc,3,1784546871496
1784546933496,6,33.934,359.754,mc,5,1784546871496
1784546933496,7,516.043,545.747,mc,4,1784546871496
1784546933496,8,304.132,596.688,mc,4,1784546871496
1784546933496,9,594.179,703.905,mc,4,1784546871496
1784546933496,10,184.706,470.147,mc,5,1784546871496
1784546933596,1,554.911,355.751,mc,5,1784546871496
1784546933596,2,259.754,244.278,mc,5,1784546871496
1784546933596,3,438.361,381.376,mc,3,1784546871496
1784546933596,4,392.405,332.617,mc,5,1784546871496
1784546933596,5,825.452,520.907,mc,3,1784546871496
1784546933596,6,33.4294,359.692,mc,5,1784546871496
1784546933596,7,516.505,545.748,mc,4,1784546871496
1784546933596,8,304.061,597.367,mc,4,1784546871496
1784546933596,9,593.863,703.883,mc,4,1784546871496
1784546933596,10,184.823,469.598,mc,5,1784546871496
1784546933696,1,555.03,356.388,mc,5,1784546871496
1784546933696,2,259.885,244.765,mc,5,1784546871496
1784546933696,3,437.791,381.262,mc,3,1784546871496
1784546933696,4,392.475,332.999,mc,5,1784546871496
1784546933696,5,825.763,520.868,mc,3,1784546871496
1784546933696,6,32.9248,359.631,mc,5,1784546871496
1784546933696,7,516.852,545.562,mc,4,1784546871496
1784546933696,8,303.989,598.045,mc,4,1784546871496
1784546933696,9,593.546,703.862,mc,4,1784546871496
1784546933696,10,184.939,469.048,mc,5,1784546871496
1784546933796,1,555.148,357.024,mc,5,1784546871496
1784546933796,2,260.017,245.251,mc,5,1784546871496
1784546933796,3,437.222,381.148,mc,3,1784546871496
1784546933796,4,392.545,333.38,mc,5,1784546871496
1784546933796,5,826.073,520.829,mc,3,1784546871496
1784546933796,6,32.4202,359.57,mc,5,1784546871496
1784546933796,7,517.099,545.215,mc,4,1784546871496
1784546933796,8,303.918,598.723,mc,4,1784546871496
1784546933796,9,593.23,703.84,mc,4,1784546871496
1784546933796,10,185.056,468.499,mc,5,1784546871496
1784546933896,1,555.266,357.66,mc,5,1784546871496
1784546933896,2,260.148,245.737,mc,5,1784546871496
1784546933896,3,436.662,381.031,mc,3,1784546871496
1784546933896,4,392.793,333.44,mc,5,1784546871496
1784546933896,5,826.383,520.789,mc,3,1784546871496
1784546933896,6,31.9157,359.509,mc,5,1784546871496
1784546933896,7,517.346,544.868,mc,4,1784546871496
1784546933896,8,303.847,599.401,mc,4,1784546871496
1784546933896,9,592.913,703.818,mc,4,1784546871496
1784546933896,10,185.173,467.95,mc,5,1784546871496
1784546933996,1,555.384,358.297,mc,5,1784546871496
1784546933996,2,260.28,246.223,mc,5,1784546871496
1784546933996,3,436.854,380.717,mc,3,1784546871496
1784546933996,4,393.32,332.99,mc,5,1784546871496
1784546933996,5,826.694,520.75,mc,3,1784546871496
1784546933996,6,31.4111,359.447,mc,5,1784546871496
1784546933996,7,517.593,544.521,mc,4,1784546871496
1784546933996,8,303.775,600.08,mc,4,1784546871496
1784546933996,9,592.596,703.796,mc,4,1784546871496
1784546933996,10,185.289,467.401,mc,5,1784546871496
1784546934096,1,555.502,358.933,mc,5,1784546871496
1784546934096,2,260.411,246.71,mc,5,1784546871496
1784546934096,3,437.045,380.402,mc,3,1784546871496
1784546934096,4,393.847,332.539,mc,5,1784546871496
1784546934096,5,827.004,520.711,mc,3,1784546871496
1784546934096,6,30.9065,359.386,mc,5,1784546871496
1784546934096,7,517.84,544.174,mc,4,1784546871496
1784546934096,8,303.704,600.758,mc,4,1784546871496
1784546934096,9,592.28,703.775,mc,4,1784546871496
1784546934096,10,185.406,466.852,mc,5,1784546871496
1784546934196,1,555.62,359.569,mc,5,1784546871496
1784546934196,2,260.542,247.196,mc,5,1784546871496
1784546934196,3,437.237,380.088,mc,3,1784546871496
1784546934196,4,394.374,332.089,mc,5,1784546871496
1784546934196,5,827.314,520.672,mc,3,1784546871496
1784546934196,6,30.402,359.325,mc,5,1784546871496
1784546934196,7,518.087,543.827,mc,4,1784546871496
1784546934196,8,303.624,601.347,mc,4,1784546871496
1784546934196,9,591.963,703.753,mc,4,1784546871496
1784546934196,10,185.523,466.303,mc,5,1784546871496
1784546934296,1,555.738,360.205,mc,5,1784546871496
1784546934296,2,260.674,247.682,mc,5,1784546871496
1784546934296,3,437.428,379.773,mc,3,1784546871496
1784546934296,4,394.901,331.639,mc,5,1784546871496
1784546934296,5,827.624,520.633,mc,3,1784546871496
1784546934296,6,29.8974,359.263,mc,5,1784546871496
1784546934296,7,518.335,543.48,mc,4,1784546871496
1784546934296,8,303.434,600.858,mc,4,1784546871496
1784546934296,9,591.646,703.731,mc,4,1784546871496
1784546934296,10,185.639,465.753,mc,5,1784546871496
1784546934396,1,555.856,360.842,mc,5,1784546871496
1784546934396,2,260.805,248.168,mc,5,1784546871496
1784546934396,3,437.62,379.459,mc,3,1784546871496
1784546934396,4,395.428,331.189,mc,5,1784546871496
1784546934396,5,827.935,520.593,mc,3,1784546871496
1784546934396,6,29.3928,359.202,mc,5,1784546871496
1784546934396,7,518.582,543.133,mc,4,1784546871496
1784546934396,8,303.244,600.369,mc,4,1784546871496
1784546934396,9,591.33,703.71,mc,4,1784546871496
1784546934396,10,185.756,465.204,mc,5,1784546871496
1784546934496,1,555.974,361.478,mc,5,1784546871496
1784546934496,2,260.936,248.655,mc,5,1784546871496
1784546934496,3,437.811,379.144,mc,3,1784546871496
1784546934496,4,395.955,330.738,mc,5,1784546871496
1784546934496,5,828.245,520.554,mc,3,1784546871496
1784546934496,6,28.8883,359.141,mc,5,1784546871496
1784546934496,7,518.829,542.786,mc,4,1784546871496
1784546934496,8,303.053,599.881,mc,4,1784546871496
1784546934496,9,591.013,703.688,mc,4,1784546871496
1784546934496,10,185.873,464.655,mc,5,1784546871496
1784546934596,1,556.092,362.114,mc,5,1784546871496
1784546934596,2,261.068,249.141,mc,5,1784546871496
1784546934596,3,438.003,378.83,mc,3,1784546871496
1784546934596,4,396.482,330.288,mc,5,1784546871496
1784546934596,5,828.555,520.515,mc,3,1784546871496
1784546934596,6,28.3837,359.079,mc,5,1784546871496
1784546934596,7,519.076,542.438,mc,4,1784546871496
1784546934596,8,302.863,599.392,mc,4,1784546871496
1784546934596,9,590.696,703.666,mc,4,1784546871496
1784546934596,10,185.989,464.106,mc,5,1784546871496
1784546934696,1,556.21,362.751,mc,5,1784546871496
1784546934696,2,261.199,249.627,mc,5,1784546871496
1784546934696,3,438.194,378.516,mc,3,1784546871496
1784546934696,4,397.009,329.838,mc,5,1784546871496
1784546934696,5,828.866,520.476,mc,3,1784546871496
1784546934696,6,27.8791,359.018,mc,5,1784546871496
1784546934696,7,519.323,542.091,mc,4,1784546871496
1784546934696,8,302.673,598.903,mc,4,1784546871496
1784546934696,9,590.38,703.645,mc,4,1784546871496
1784546934696,10,186.106,463.557,mc,5,1784546871496
1784546934796,1,556.328,363.387,mc,5,1784546871496
1784546934796,2,261.331,250.114,mc,5,1784546871496
1784546934796,3,438.386,378.201,mc,3,1784546871496
1784546934796,4,397.536,329.388,mc,5,1784546871496
1784546934796,5,829.176,520.436,mc,3,1784546871496
1784546934796,6,27.3745,358.957,mc,5,1784546871496
1784546934796,7,519.57,541.744,mc,4,1784546871496
1784546934796,8,302.483,598.414,mc,4,1784546871496
1784546934796,9,590.063,703.623,mc,4,1784546871496
1784546934796,10,186.223,463.007,mc,5,1784546871496
1784546934896,1,556.446,364.023,mc,5,1784546871496
1784546934896,2,261.462,250.6,mc,5,1784546871496
1784546934896,3,438.577,377.887,mc,3,1784546871496
1784546934896,4,398.063,328.937,mc,5,1784546871496
1784546934896,5,829.486,520.397,mc,3,1784546871496
1784546934896,6,26.87,358.895,mc,5,1784546871496
1784546934896,7,519.817,541.397,mc,4,1784546871496
1784546934896,8,302.293,597.925,mc,4,1784546871496
1784546934896,9,589.747,703.601,mc,4,1784546871496
1784546934896,10,186.339,462.458,mc,5,1784546871496
1784546934996,1,556.564,364.659,mc,5,1784546871496
1784546934996,2,261.593,251.086,mc,5,1784546871496
1784546934996,3,438.768,377.572,mc,3,1784546871496
1784546934996,4,398.59,328.487,mc,5,1784546871496
1784546934996,5,829.796,520.358,mc,3,1784546871496
1784546934996,6,26.3654,358.834,mc,5,1784546871496
1784546934996,7,520.064,541.05,mc,4,1784546871496
1784546934996,8,302.103,597.436,mc,4,1784546871496
1784546934996,9,589.43,703.579,mc,4,1784546871496
1784546934996,10,186.456,461.909,mc,5,1784546871496
1784546935096,1,556.682,365.296,mc,5,1784546871496
1784546935096,2,261.725,251.572,mc,5,1784546871496
1784546935096,3,438.96,377.258,mc,3,1784546871496
1784546935096,4,399.117,328.037,mc,5,1784546871496
1784546935096,5,830.107,520.319,mc,3,1784546871496
1784546935096,6,25.8608,358.773,mc,5,1784546871496
1784546935096,7,520.312,540.703,mc,4,1784546871496
1784546935096,8,301.913,596.948,mc,4,1784546871496
1784546935096,9,589.113,703.558,mc,4,1784546871496
1784546935096,10,186.573,461.36,mc,5,1784546871496
1784546935196,1,556.8,365.932,mc,5,1784546871496
1784546935196,2,261.856,252.059,mc,5,1784546871496
1784546935196,3,439.151,376.944,mc,3,1784546871496
1784546935196,4,399.644,327.587,mc,5,1784546871496
1784546935196,5,830.417,520.279,mc,3,1784546871496
1784546935196,6,25.3563,358.711,mc,5,1784546871496
1784546935196,7,520.559,540.356,mc,4,1784546871496
1784546935196,8,301.723,596.459,mc,4,1784546871496
1784546935196,9,588.797,703.536,mc,4,1784546871496
1784546935196,10,186.689,460.811,mc,5,1784546871496
1784546935296,1,556.918,366.568,mc,5,1784546871496
1784546935296,2,261.988,252.545,mc,5,1784546871496
1784546935296,3,439.343,376.629,mc,3,1784546871496
1784546935296,4,400.171,327.136,mc,5,1784546871496
1784546935296,5,830.727,520.24,mc,3,1784546871496
1784546935296,6,24.8517,358.65,mc,5,1784546871496
1784546935296,7,520.806,540.009,mc,4,1784546871496
1784546935296,8,301.533,595.97,mc,4,1784546871496
1784546935296,9,588.48,703.514,mc,4,1784546871496
1784546935296,10,186.806,460.262,mc,5,1784546871496
1784546935396,1,557.036,367.205,mc,5,1784546871496
1784546935396,2,262.119,253.031,mc,5,1784546871496
1784546935396,3,439.534,376.315,mc,3,1784546871496
1784546935396,4,400.699,326.686,mc,5,1784546871496
1784546935396,5,831.038,520.201,mc,3,1784546871496
1784546935396,6,24.3471,358.589,mc,5,1784546871496
1784546935396,7,521.053,539.662,mc,4,1784546871496
1784546935396,8,301.343,595.481,mc,4,1784546871496
1784546935396,9,588.163,703.493,mc,4,1784546871496
1784546935396,10,186.923,459.712,mc,5,1784546871496
1784546935496,1,557.154,367.841,mc,5,1784546871496
1784546935496,2,262.25,253.518,mc,5,1784546871496
1784546935496,3,439.726,376,mc,3,1784546871496
1784546935496,4,401.226,326.236,mc,5,1784546871496
1784546935496,5,831.348,520.162,mc,3,1784546871496
1784546935496,6,23.8426,358.528,mc,5,1784546871496
1784546935496,7,521.3,539.314,mc,4,1784546871496
1784546935496,8,301.153,594.992,mc,4,1784546871496
1784546935496,9,587.847,703.471,mc,4,1784546871496
1784546935496,10,187.039,459.163,mc,5,1784546871496
1784546935596,1,557.272,368.477,mc,5,1784546871496
1784546935596,2,262.382,254.004,mc,5,1784546871496
1784546935596,3,439.917,375.686,mc,3,1784546871496
1784546935596,4,401.753,325.786,mc,5,1784546871496
1784546935596,5,831.658,520.123,mc,3,1784546871496
1784546935596,6,23.338,358.466,mc,5,1784546871496
1784546935596,7,521.547,538.967,mc,4,1784546871496
1784546935596,8,300.963,594.503,mc,4,1784546871496
1784546935596,9,587.53,703.449,mc,4,1784546871496
1784546935596,10,187.156,458.614,mc,5,1784546871496
1784546935696,1,557.39,369.113,mc,5,1784546871496
1784546935696,2,262.513,254.49,mc,5,1784546871496
1784546935696,3,440.109,375.372,mc,3,1784546871496
1784546935696,4,402.28,325.335,mc,5,1784546871496
1784546935696,5,831.968,520.083,mc,3,1784546871496
1784546935696,6,22.8334,358.405,mc,5,1784546871496
1784546935696,7,521.794,538.62,mc,4,1784546871496
1784546935696,8,300.773,594.014,mc,4,1784546871496
1784546935696,9,587.213,703.428,mc,4,1784546871496
1784546935696,10,187.273,458.065,mc,5,1784546871496
1784546935796,1,557.508,369.75,mc,5,1784546871496
1784546935796,2,262.644,254.976,mc,5,1784546871496
1784546935796,3,440.3,375.057,mc,3,1784546871496
1784546935796,4,402.807,324.885,mc,5,1784546871496
1784546935796,5,832.279,520.044,mc,3,1784546871496
1784546935796,6,22.3288,358.344,mc,5,1784546871496
1784546935796,7,522.041,538.273,mc,4,1784546871496
1784546935796,8,300.583,593.526,mc,4,1784546871496
1784546935796,9,586.897,703.406,mc,4,1784546871496
1784546935796,10,187.389,457.516,mc,5,1784546871496
1784546935896,1,557.626,370.386,mc,5,1784546871496
1784546935896,2,262.776,255.463,mc,5,1784546871496
1784546935896,3,440.492,374.743,mc,3,1784546871496
1784546935896,4,403.334,324.435,mc,5,1784546871496
1784546935896,5,832.589,520.005,mc,3,1784546871496
1784546935896,6,21.8243,358.282,mc,5,1784546871496
1784546935896,7,522.289,537.926,mc,4,1784546871496
1784546935896,8,300.393,593.037,mc,4,1784546871496
1784546935896,9,586.58,703.384,mc,4,1784546871496
1784546935896,10,187.506,456.966,mc,5,1784546871496
1784546935996,1,557.744,371.022,mc,5,1784546871496
1784546935996,2,262.907,255.949,mc,5,1784546871496
1784546935996,3,440.683,374.428,mc,3,1784546871496
1784546935996,4,403.861,323.985,mc,5,1784546871496
1784546935996,5,832.899,519.966,mc,3,1784546871496
1784546935996,6,21.3197,358.221,mc,5,1784546871496
1784546935996,7,522.536,537.579,mc,4,1784546871496
1784546935996,8,300.203,592.548,mc,4,1784546871496
1784546935996,9,586.264,703.362,mc,4,1784546871496
1784546935996,10,187.623,456.417,mc,5,1784546871496
1784546936096,1,557.862,371.658,mc,5,1784546871496
1784546936096,2,263.039,256.435,mc,5,1784546871496
1784546936096,3,440.874,374.114,mc,3,1784546871496
1784546936096,4,404.388,323.534,mc,5,1784546871496
1784546936096,5,833.21,519.926,mc,3,1784546871496
1784546936096,6,20.8151,358.16,mc,5,1784546871496
1784546936096,7,522.783,537.232,mc,4,1784546871496
1784546936096,8,300.013,592.059,mc,4,1784546871496
1784546936096,9,585.947,703.341,mc,4,1784546871496
1784546936096,10,187.739,455.868,mc,5,1784546871496
1784546936196,1,557.98,372.295,mc,5,1784546871496
1784546936196,2,263.17,256.922,mc,5,1784546871496
1784546936196,3,441.066,373.8,mc,3,1784546871496
1784546936196,4,404.915,323.084,mc,5,1784546871496
1784546936196,5,833.52,519.887,mc,3,1784546871496
1784546936196,6,20.3106,358.098,mc,5,1784546871496
1784546936196,7,523.03,536.885,mc,4,1784546871496
1784546936196,8,299.823,591.57,mc,4,1784546871496
1784546936196,9,585.63,703.319,mc,4,1784546871496
1784546936196,10,187.856,455.319,mc,5,1784546871496
1784546936296,1,558.098,372.931,mc,5,1784546871496
1784546936296,2,263.301,257.408,mc,5,1784546871496
1784546936296,3,441.257,373.485,mc,3,1784546871496
1784546936296,4,405.442,322.634,mc,5,1784546871496
1784546936296,5,833.83,519.848,mc,3,1784546871496
1784546936296,6,20.4409,357.842,mc,5,1784546871496
1784546936296,7,523.277,536.538,mc,4,1784546871496
1784546936296,8,299.633,591.081,mc,4,1784546871496
1784546936296,9,585.314,703.297,mc,4,1784546871496
1784546936296,10,187.973,454.77,mc,5,1784546871496
1784546936396,1,558.217,373.567,mc,5,1784546871496
1784546936396,2,263.433,257.894,mc,5,1784546871496
1784546936396,3,441.449,373.171,mc,3,1784546871496
1784546936396,4,405.969,322.184,mc,5,1784546871496
1784546936396,5,834.14,519.809,mc,3,1784546871496
1784546936396,6,20.916,357.48,mc,5,1784546871496
1784546936396,7,523.524,536.19,mc,4,1784546871496
1784546936396,8,299.443,590.592,mc,4,1784546871496
1784546936396,9,584.997,703.276,mc,4,1784546871496
1784546936396,10,188.089,454.22,mc,5,1784546871496
1784546936496,1,558.063,373.474,mc,5,1784546871496
1784546936496,2,263.564,258.38,mc,5,1784546871496
1784546936496,3,441.64,372.856,mc,3,1784546871496
1784546936496,4,406.496,321.733,mc,5,1784546871496
1784546936496,5,834.451,519.77,mc,3,1784546871496
1784546936496,6,21.3911,357.117,mc,5,1784546871496
1784546936496,7,523.771,535.843,mc,4,1784546871496
1784546936496,8,299.253,590.104,mc,4,1784546871496
1784546936496,9,584.68,703.254,mc,4,1784546871496
1784546936496,10,188.206,453.671,mc,5,1784546871496
1784546936596,1,557.799,373.086,mc,5,1784546871496
1784546936596,2,263.695,258.867,mc,5,1784546871496
1784546936596,3,441.832,372.542,mc,3,1784546871496
1784546936596,4,407.023,321.283,mc,5,1784546871496
1784546936596,5,834.761,519.73,mc,3,1784546871496
1784546936596,6,21.8663,356.755,mc,5,1784546871496
1784546936596,7,524.019,535.496,mc,4,1784546871496
1784546936596,8,299.063,589.615,mc,4,1784546871496
1784546936596,9,584.364,703.232,mc,4,1784546871496
1784546936596,10,188.323,453.122,mc,5,1784546871496
1784546936696,1,557.535,372.699,mc,5,1784546871496
1784546936696,2,263.827,259.353,mc,5,1784546871496
1784546936696,3,442.023,372.228,mc,3,1784546871496
1784546936696,4,407.55,320.833,mc,5,1784546871496
1784546936696,5,835.071,519.691,mc,3,1784546871496
1784546936696,6,22.3414,356.393,mc,5,1784546871496
1784546936696,7,524.266,535.149,mc,4,1784546871496
1784546936696,8,298.872,589.126,mc,4,1784546871496
1784546936696,9,584.047,703.211,mc,4,1784546871496
1784546936696,10,188.439,452.573,mc,5,1784546871496
1784546936796,1,557.272,372.311,mc,5,1784546871496
1784546936796,2,263.958,259.839,mc,5,1784546871496
1784546936796,3,442.215,371.913,mc,3,1784546871496
1784546936796,4,408.077,320.383,mc,5,1784546871496
1784546936796,5,835.382,519.652,mc,3,1784546871496
1784546936796,6,22.8166,356.03,mc,5,1784546871496
1784546936796,7,524.513,534.802,mc,4,1784546871496
1784546936796,8,298.682,588.637,mc,4,1784546871496
1784546936796,9,583.73,703.189,mc,4,1784546871496
1784546936796,10,188.556,452.024,mc,5,1784546871496
1784546936896,1,557.008,371.924,mc,5,1784546871496
1784546936896,2,264.09,260.325,mc,5,1784546871496
1784546936896,3,442.406,371.599,mc,3,1784546871496
1784546936896,4,408.604,319.932,mc,5,1784546871496
1784546936896,5,835.692,519.613,mc,3,1784546871496
1784546936896,6,23.2917,355.668,mc,5,1784546871496
1784546936896,7,524.76,534.455,mc,4,1784546871496
1784546936896,8,298.492,588.148,mc,4,1784546871496
1784546936896,9,583.414,703.167,mc,4,1784546871496
1784546936896,10,188.673,451.475,mc,5,1784546871496
1784546936996,1,556.745,371.536,mc,5,1784546871496
1784546936996,2,264.221,260.812,mc,5,1784546871496
1784546936996,3,442.597,371.284,mc,3,1784546871496
1784546936996,4,409.132,319.482,mc,5,1784546871496
1784546936996,5,836.002,519.573,mc,3,1784546871496
1784546936996,6,23.7668,355.306,mc,5,1784546871496
1784546936996,7,525.007,534.108,mc,4,1784546871496
1784546936996,8,298.302,587.659,mc,4,1784546871496
1784546936996,9,583.097,703.145,mc,4,1784546871496
1784546936996,10,188.789,450.925,mc,5,1784546871496
1784546937096,1,556.481,371.148,mc,5,1784546871496
1784546937096,2,264.352,261.298,mc,5,1784546871496
1784546937096,3,442.789,370.97,mc,3,1784546871496
1784546937096,4,409.659,319.032,mc,5,1784546871496
1784546937096,5,836.313,519.534,mc,3,1784546871496
1784546937096,6,24.242,354.944,mc,5,1784546871496
1784546937096,7,525.254,533.761,mc,4,1784546871496
1784546937096,8,298.112,587.17,mc,4,1784546871496
1784546937096,9,582.781,703.124,mc,4,1784546871496
1784546937096,10,188.906,450.376,mc,5,1784546871496
1784546937196,1,556.217,370.761,mc,5,1784546871496
1784546937196,2,264.484,261.784,mc,5,1784546871496
1784546937196,3,442.98,370.656,mc,3,1784546871496
1784546937196,4,410.186,318.581,mc,5,1784546871496
1784546937196,5,836.623,519.495,mc,3,1784546871496
1784546937196,6,24.7171,354.581,mc,5,1784546871496
1784546937196,7,525.501,533.414,mc,4,1784546871496
1784546937196,8,297.922,586.682,mc,4,1784546871496
1784546937196,9,582.464,703.102,mc,4,1784546871496
1784546937196,10,189.023,449.827,mc,5,1784546871496
1784546937296,1,555.954,370.373,mc,5,1784546871496
1784546937296,2,264.615,262.271,mc,5,1784546871496
1784546937296,3,443.172,370.341,mc,3,1784546871496
1784546937296,4,410.713,318.131,mc,5,1784546871496
1784546937296,5,836.933,519.456,mc,3,1784546871496
1784546937296,6,25.1923,354.219,mc,5,1784546871496
1784546937296,7,525.748,533.066,mc,4,1784546871496
1784546937296,8,297.732,586.193,mc,4,1784546871496
1784546937296,9,582.147,703.08,mc,4,1784546871496
1784546937296,10,189.139,449.278,mc,5,1784546871496
1784546937396,1,555.69,369.986,mc,5,1784546871496
1784546937396,2,264.746,262.757,mc,5,1784546871496
1784546937396,3,443.363,370.027,mc,3,1784546871496
1784546937396,4,411.24,317.681,mc,5,1784546871496
1784546937396,5,837.243,519.417,mc,3,1784546871496
1784546937396,6,25.6674,353.857,mc,5,1784546871496
1784546937396,7,525.996,532.719,mc,4,1784546871496
1784546937396,8,297.542,585.704,mc,4,1784546871496
1784546937396,9,581.831,703.059,mc,4,1784546871496
1784546937396,10,189.256,448.729,mc,5,1784546871496
1784546937496,1,555.426,369.598,mc,5,1784546871496
1784546937496,2,264.878,263.243,mc,5,1784546871496
1784546937496,3,443.555,369.712,mc,3,1784546871496
1784546937496,4,411.767,317.231,mc,5,1784546871496
1784546937496,5,837.554,519.377,mc,3,1784546871496
1784546937496,6,26.1426,353.494,mc,5,1784546871496
1784546937496,7,526.243,532.372,mc,4,1784546871496
1784546937496,8,297.352,585.215,mc,4,1784546871496
1784546937496,9,581.514,703.037,mc,4,1784546871496
1784546937496,10,189.373,448.179,mc,5,1784546871496
1784546937596,1,555.163,369.211,mc,5,1784546871496
1784546937596,2,265.009,263.729,mc,5,1784546871496
1784546937596,3,443.746,369.398,mc,3,1784546871496
1784546937596,4,412.294,316.78,mc,5,1784546871496
1784546937596,5,837.864,519.338,mc,3,1784546871496
1784546937596,6,26.6177,353.132,mc,5,1784546871496
1784546937596,7,526.49,532.025,mc,4,1784546871496
1784546937596,8,297.162,584.726,mc,4,1784546871496
1784546937596,9,581.197,703.015,mc,4,1784546871496
1784546937596,10,189.489,447.63,mc,5,1784546871496
1784546937696,1,554.899,368.823,mc,5,1784546871496
1784546937696,2,265.141,264.216,mc,5,1784546871496
1784546937696,3,443.938,369.084,mc,3,1784546871496
1784546937696,4,412.821,316.33,mc,5,1784546871496
1784546937696,5,838.174,519.299,mc,3,1784546871496
1784546937696,6,27.0928,352.77,mc,5,1784546871496
1784546937696,7,526.737,531.678,mc,4,1784546871496
1784546937696,8,296.972,584.237,mc,4,1784546871496
1784546937696,9,580.881,702.994,mc,4,1784546871496
1784546937696,10,189.606,447.081,mc,5,1784546871496
1784546937796,1,554.636,368.436,mc,5,1784546871496
1784546937796,2,265.272,264.702,mc,5,1784546871496
1784546937796,3,444.129,368.769,mc,3,1784546871496
1784546937796,4,413.348,315.88,mc,5,1784546871496
1784546937796,5,838.485,519.26,mc,3,1784546871496
1784546937796,6,27.568,352.408,mc,5,1784546871496
1784546937796,7,526.984,531.331,mc,4,1784546871496
1784546937796,8,296.782,583.749,mc,4,1784546871496
1784546937796,9,580.564,702.972,mc,4,1784546871496
1784546937796,10,189.723,446.532,mc,5,1784546871496
1784546937896,1,554.372,368.048,mc,5,1784546871496
1784546937896,2,265.403,265.188,mc,5,1784546871496
1784546937896,3,444.321,368.455,mc,3,1784546871496
1784546937896,4,413.875,315.43,mc,5,1784546871496
1784546937896,5,838.795,519.22,mc,3,1784546871496
1784546937896,6,28.0431,352.045,mc,5,1784546871496
1784546937896,7,527.231,530.984,mc,4,1784546871496
1784546937896,8,296.592,583.26,mc,4,1784546871496
1784546937896,9,580.247,702.95,mc,4,1784546871496
1784546937896,10,189.839,445.983,mc,5,1784546871496
1784546937996,1,554.108,367.66,mc,5,1784546871496
1784546937996,2,265.535,265.675,mc,5,1784546871496
1784546937996,3,444.512,368.14,mc,3,1784546871496
1784546937996,4,414.402,314.979,mc,5,1784546871496
1784546937996,5,839.105,519.181,mc,3,1784546871496
1784546937996,6,28.5183,351.683,mc,5,1784546871496
1784546937996,7,527.478,530.637,mc,4,1784546871496
1784546937996,8,296.402,582.771,mc,4,1784546871496
1784546937996,9,579.931,702.928,mc,4,1784546871496
1784546937996,10,189.956,445.434,mc,5,1784546871496
1784546938096,1,553.845,367.273,mc,5,1784546871496
1784546938096,2,265.666,266.161,mc,5,1784546871496
1784546938096,3,444.703,367.826,mc,3,1784546871496
1784546938096,4,414.929,314.529,mc,5,1784546871496
1784546938096,5,839.415,519.142,mc,3,1784546871496
1784546938096,6,28.9934,351.321,mc,5,1784546871496
1784546938096,7,527.726,530.29,mc,4,1784546871496
1784546938096,8,296.212,582.282,mc,4,1784546871496
1784546938096,9,579.614,702.907,mc,4,1784546871496
1784546938096,10,190.073,444.884,mc,5,1784546871496
1784546938196,1,553.581,366.885,mc,5,1784546871496
1784546938196,2,265.798,266.647,mc,5,1784546871496
1784546938196,3,444.895,367.512,mc,3,1784546871496
1784546938196,4,415.447,314.106,mc,5,1784546871496
1784546938196,5,839.726,519.103,mc,3,1784546871496
1784546938196,6,29.4685,350.958,mc,5,1784546871496
1784546938196,7,527.973,529.942,mc,4,1784546871496
1784546938196,8,296.022,581.793,mc,4,1784546871496
1784546938196,9,579.298,702.885,mc,4,1784546871496
1784546938196,10,190.189,444.335,mc,5,1784546871496
1784546938296,1,553.318,366.498,mc,5,1784546871496
1784546938296,2,265.929,267.133,mc,5,1784546871496
1784546938296,3,445.086,367.197,mc,3,1784546871496
1784546938296,4,415.889,313.899,mc,5,1784546871496
1784546938296,5,840.036,519.063,mc,3,1784546871496
1784546938296,6,29.9437,350.596,mc,5,1784546871496
1784546938296,7,528.22,529.595,mc,4,1784546871496
1784546938296,8,295.832,581.304,mc,4,1784546871496
1784546938296,9,578.981,702.863,mc,4,1784546871496
1784546938296,10,190.262,443.844,mc,5,1784546871496
1784546938396,1,553.054,366.11,mc,5,1784546871496
1784546938396,2,266.06,267.62,mc,5,1784546871496
1784546938396,3,445.278,366.883,mc,3,1784546871496
1784546938396,4,416.332,313.693,mc,5,1784546871496
1784546938396,5,840.346,519.024,mc,3,1784546871496
1784546938396,6,30.4188,350.234,mc,5,1784546871496
1784546938396,7,528.467,529.248,mc,4,1784546871496
1784546938396,8,295.642,580.815,mc,4,1784546871496
1784546938396,9,578.664,702.842,mc,4,1784546871496
1784546938396,10,189.703,444.184,mc,5,1784546871496
1784546938496,1,552.79,365.723,mc,5,1784546871496
1784546938496,2,266.192,268.106,mc,5,1784546871496
1784546938496,3,445.469,366.568,mc,3,1784546871496
1784546938496,4,416.774,313.486,mc,5,1784546871496
1784546938496,5,840.657,518.985,mc,3,1784546871496
1784546938496,6,30.894,349.871,mc,5,1784546871496
1784546938496,7,528.714,528.901,mc,4,1784546871496
1784546938496,8,295.452,580.327,mc,4,1784546871496
1784546938496,9,578.348,702.82,mc,4,1784546871496
1784546938496,10,189.144,444.525,mc,5,1784546871496
1784546938596,1,552.527,365.335,mc,5,1784546871496
1784546938596,2,266.323,268.592,mc,5,1784546871496
1784546938596,3,445.661,366.254,mc,3,1784546871496
1784546938596,4,417.216,313.28,mc,5,1784546871496
1784546938596,5,840.967,518.946,mc,3,1784546871496
1784546938596,6,31.3691,349.509,mc,5,1784546871496
1784546938596,7,528.961,528.554,mc,4,1784546871496
1784546938596,8,295.262,579.838,mc,4,1784546871496
1784546938596,9,578.031,702.798,mc,4,1784546871496
1784546938596,10,188.585,444.865,mc,5,1784546871496
1784546938696,1,552.263,364.948,mc,5,1784546871496
1784546938696,2,266.454,269.079,mc,5,1784546871496
1784546938696,3,445.852,365.94,mc,3,1784546871496
1784546938696,4,417.658,313.073,mc,5,1784546871496
1784546938696,5,841.277,518.907,mc,3,1784546871496
1784546938696,6,31.8443,349.147,mc,5,1784546871496
1784546938696,7,529.208,528.207,mc,4,1784546871496
1784546938696,8,295.072,579.349,mc,4,1784546871496
1784546938696,9,577.714,702.777,mc,4,1784546871496
1784546938696,10,188.026,445.206,mc,5,1784546871496
1784546938796,1,552,364.56,mc,5,1784546871496
1784546938796,2,266.586,269.565,mc,5,1784546871496
1784546938796,3,446.044,365.625,mc,3,1784546871496
1784546938796,4,418.101,312.867,mc,5,1784546871496
1784546938796,5,841.587,518.867,mc,3,1784546871496
1784546938796,6,32.3194,348.785,mc,5,1784546871496
1784546938796,7,529.455,527.86,mc,4,1784546871496
1784546938796,8,294.882,578.86,mc,4,1784546871496
1784546938796,9,577.398,702.755,mc,4,1784546871496
1784546938796,10,187.467,445.546,mc,5,1784546871496
1784546938896,1,551.736,364.172,mc,5,1784546871496
1784546938896,2,266.717,270.051,mc,5,1784546871496
1784546938896,3,446.235,365.311,mc,3,1784546871496
1784546938896,4,418.543,312.66,mc,5,1784546871496
1784546938896,5,841.898,518.828,mc,3,1784546871496
1784546938896,6,32.7945,348.422,mc,5,1784546871496
1784546938896,7,529.703,527.513,mc,4,1784546871496
1784546938896,8,294.691,578.371,mc,4,1784546871496
1784546938896,9,577.081,702.733,mc,4,1784546871496
1784546938896,10,186.908,445.886,mc,5,1784546871496
1784546938996,1,551.472,363.785,mc,5,1784546871496
1784546938996,2,266.849,270.537,mc,5,1784546871496
1784546938996,3,446.427,364.996,mc,3,1784546871496
1784546938996,4,418.985,312.454,mc,5,1784546871496
1784546938996,5,842.208,518.789,mc,3,1784546871496
1784546938996,6,33.2697,348.06,mc,5,1784546871496
1784546938996,7,529.95,527.166,mc,4,1784546871496
1784546938996,8,294.501,577.882,mc,4,1784546871496
1784546938996,9,576.764,702.711,mc,4,1784546871496
1784546938996,10,186.349,446.227,mc,5,1784546871496
1784546939096,1,551.209,363.397,mc,5,1784546871496
1784546939096,2,266.98,271.024,mc,5,1784546871496
1784546939096,3,446.618,364.682,mc,3,1784546871496
1784546939096,4,419.428,312.247,mc,5,1784546871496
1784546939096,5,842.518,518.75,mc,3,1784546871496
1784546939096,6,33.7448,347.698,mc,5,1784546871496
1784546939096,7,530.197,526.818,mc,4,1784546871496
1784546939096,8,294.311,577.393,mc,4,1784546871496
1784546939096,9,576.448,702.69,mc,4,1784546871496
1784546939096,10,185.79,446.567,mc,5,1784546871496
1784546939196,1,550.945,363.01,mc,5,1784546871496
1784546939196,2,267.111,271.51,mc,5,1784546871496
1784546939196,3,446.809,364.368,mc,3,1784546871496
1784546939196,4,419.87,312.041,mc,5,1784546871496
1784546939196,5,842.829,518.71,mc,3,1784546871496
1784546939196,6,34.22,347.335,mc,5,1784546871496
1784546939196,7,530.444,526.471,mc,4,1784546871496
1784546939196,8,294.121,576.905,mc,4,1784546871496
1784546939196,9,575.955,702.821,mc,4,1784546871496
1784546939196,10,185.231,446.908,mc,5,1784546871496
1784546939296,1,550.682,362.622,mc,5,1784546871496
1784546939296,2,267.318,271.9,mc,5,1784546871496
1784546939296,3,447.001,364.053,mc,3,1784546871496
1784546939296,4,420.312,311.834,mc,5,1784546871496
1784546939296,5,843.139,518.671,mc,3,1784546871496
1784546939296,6,34.6951,346.973,mc,5,1784546871496
1784546939296,7,530.691,526.124,mc,4,1784546871496
1784546939296,8,293.931,576.416,mc,4,1784546871496
1784546939296,9,575.322,703.075,mc,4,1784546871496
1784546939296,10,184.671,447.248,mc,5,1784546871496
1784546939396,1,550.418,362.235,mc,5,1784546871496
1784546939396,2,267.885,271.826,mc,5,1784546871496
1784546939396,3,447.192,363.739,mc,3,1784546871496
1784546939396,4,420.754,311.628,mc,5,1784546871496
1784546939396,5,843.449,518.632,mc,3,1784546871496
1784546939396,6,35.1702,346.611,mc,5,1784546871496
1784546939396,7,530.938,525.777,mc,4,1784546871496
1784546939396,8,293.741,575.927,mc,4,1784546871496
1784546939396,9,574.689,703.328,mc,4,1784546871496
1784546939396,10,184.112,447.588,mc,5,1784546871496
1784546939496,1,550.154,361.847,mc,5,1784546871496
1784546939496,2,268.452,271.752,mc,5,1784546871496
1784546939496,3,447.384,363.424,mc,3,1784546871496
1784546939496,4,421.197,311.421,mc,5,1784546871496
1784546939496,5,843.759,518.593,mc,3,1784546871496
1784546939496,6,35.6454,346.248,mc,5,1784546871496
1784546939496,7,531.185,525.43,mc,4,1784546871496
1784546939496,8,293.551,575.438,mc,4,1784546871496
1784546939496,9,574.056,703.581,mc,4,1784546871496
1784546939496,10,183.553,447.929,mc,5,1784546871496
1784546939596,1,549.891,361.46,mc,5,1784546871496
1784546939596,2,269.019,271.678,mc,5,1784546871496
1784546939596,3,447.575,363.11,mc,3,1784546871496
1784546939596,4,421.639,311.215,mc,5,1784546871496
1784546939596,5,844.07,518.554,mc,3,1784546871496
1784546939596,6,36.1205,345.886,mc,5,1784546871496
1784546939596,7,531.432,525.083,mc,4,1784546871496
1784546939596,8,293.361,574.949,mc,4,1784546871496
1784546939596,9,573.423,703.835,mc,4,1784546871496
1784546939596,10,182.994,448.269,mc,5,1784546871496
1784546939696,1,549.627,361.072,mc,5,1784546871496
1784546939696,2,269.586,271.604,mc,5,1784546871496
1784546939696,3,447.767,362.796,mc,3,1784546871496
1784546939696,4,422.081,311.008,mc,5,1784546871496
1784546939696,5,844.38,518.514,mc,3,1784546871496
1784546939696,6,36.5957,345.524,mc,5,1784546871496
1784546939696,7,531.68,524.736,mc,4,1784546871496
1784546939696,8,293.171,574.46,mc,4,1784546871496
1784546939696,9,572.79,704.088,mc,4,1784546871496
1784546939696,10,182.435,448.609,mc,5,1784546871496
1784546939796,1,549.364,360.684,mc,5,1784546871496
1784546939796,2,270.153,271.53,mc,5,1784546871496
1784546939796,3,447.958,362.481,mc,3,1784546871496
1784546939796,4,422.524,310.802,mc,5,1784546871496
1784546939796,5,844.69,518.475,mc,3,1784546871496
1784546939796,6,37.0708,345.162,mc,5,1784546871496
1784546939796,7,531.927,524.389,mc,4,1784546871496
1784546939796,8,292.981,573.972,mc,4,1784546871496
1784546939796,9,572.157,704.341,mc,4,1784546871496
1784546939796,10,181.876,448.95,mc,5,1784546871496
1784546939896,1,549.1,360.297,mc,5,1784546871496
1784546939896,2,270.72,271.456,mc,5,1784546871496
1784546939896,3,448.15,362.167,mc,3,1784546871496
1784546939896,4,422.966,310.595,mc,5,1784546871496
1784546939896,5,845.001,518.436,mc,3,1784546871496
1784546939896,6,37.546,344.799,mc,5,1784546871496
1784546939896,7,532.174,524.042,mc,4,1784546871496
1784546939896,8,292.791,573.483,mc,4,1784546871496
1784546939896,9,571.524,704.595,mc,4,1784546871496
1784546939896,10,181.317,449.29,mc,5,1784546871496
1784546939996,1,548.836,359.909,mc,5,1784546871496
1784546939996,2,271.287,271.382,mc,5,1784546871496
1784546939996,3,448.341,361.852,mc,3,1784546871496
1784546939996,4,423.408,310.389,mc,5,1784546871496
1784546939996,5,844.947,518.185,mc,3,1784546871496
1784546939996,6,38.0211,344.437,mc,5,1784546871496
1784546939996,7,532.421,523.694,mc,4,1784546871496
1784546939996,8,292.808,572.841,mc,4,1784546871496
1784546939996,9,570.891,704.848,mc,4,1784546871496
1784546939996,10,180.758,449.631,mc,5,1784546871496
1784546940096,1,548.573,359.522,mc,5,1784546871496
1784546940096,2,271.854,271.309,mc,5,1784546871496
1784546940096,3,448.532,361.538,mc,3,1784546871496
1784546940096,4,423.85,310.182,mc,5,1784546871496
1784546940096,5,844.829,517.896,mc,3,1784546871496
1784546940096,6,38.4962,344.075,mc,5,1784546871496
1784546940096,7,532.668,523.347,mc,4,1784546871496
1784546940096,8,292.853,572.179,mc,4,1784546871496
1784546940096,9,570.258,705.101,mc,4,1784546871496
1784546940096,10,180.199,449.971,mc,5,1784546871496
1784546940196,1,548.309,359.134,mc,5,1784546871496
1784546940196,2,272.421,271.235,mc,5,1784546871496
1784546940196,3,448.724,361.224,mc,3,1784546871496
1784546940196,4,424.293,309.976,mc,5,1784546871496
1784546940196,5,844.71,517.606,mc,3,1784546871496
1784546940196,6,38.9714,343.712,mc,5,1784546871496
1784546940196,7,532.915,523,mc,4,1784546871496
1784546940196,8,292.899,571.516,mc,4,1784546871496
1784546940196,9,569.625,705.355,mc,4,1784546871496
1784546940196,10,179.64,450.311,mc,5,1784546871496
1784546940296,1,548.046,358.747,mc,5,1784546871496
1784546940296,2,272.988,271.161,mc,5,1784546871496
1784546940296,3,448.915,360.909,mc,3,1784546871496
1784546940296,4,424.735,309.769,mc,5,1784546871496
1784546940296,5,844.592,517.317,mc,3,1784546871496
1784546940296,6,39.4465,343.35,mc,5,1784546871496
1784546940296,7,533.162,522.653,mc,4,1784546871496
1784546940296,8,292.944,570.853,mc,4,1784546871496
1784546940296,9,568.992,705.608,mc,4,1784546871496
1784546940296,10,179.081,450.652,mc,5,1784546871496
1784546940396,1,547.782,358.359,mc,5,1784546871496
1784546940396,2,273.555,271.087,mc,5,1784546871496
1784546940396,3,449.107,360.595,mc,3,1784546871496
1784546940396,4,425.177,309.563,mc,5,1784546871496
1784546940396,5,844.474,517.028,mc,3,1784546871496
1784546940396,6,39.9217,342.988,mc,5,1784546871496
1784546940396,7,533.41,522.306,mc,4,1784546871496
1784546940396,8,292.99,570.191,mc,4,1784546871496
1784546940396,9,568.359,705.862,mc,4,1784546871496
1784546940396,10,178.522,450.992,mc,5,1784546871496
1784546940496,1,547.518,357.971,mc,5,1784546871496
1784546940496,2,274.122,271.013,mc,5,1784546871496
1784546940496,3,449.298,360.28,mc,3,1784546871496
1784546940496,4,425.62,309.356,mc,5,1784546871496
1784546940496,5,844.355,516.739,mc,3,1784546871496
1784546940496,6,40.3968,342.626,mc,5,1784546871496
1784546940496,7,533.657,521.959,mc,4,1784546871496
1784546940496,8,293.035,569.528,mc,4,1784546871496
1784546940496,9,567.726,706.115,mc,4,1784546871496
1784546940496,10,177.963,451.333,mc,5,1784546871496
1784546940596,1,547.255,357.584,mc,5,1784546871496
1784546940596,2,274.689,270.939,mc,5,1784546871496
1784546940596,3,449.49,359.966,mc,3,1784546871496
1784546940596,4,426.062,309.15,mc,5,1784546871496
1784546940596,5,844.237,516.45,mc,3,1784546871496
1784546940596,6,40.8719,342.263,mc,5,1784546871496
1784546940596,7,533.904,521.612,mc,4,1784546871496
1784546940596,8,293.08,568.865,mc,4,1784546871496
1784546940596,9,567.093,706.368,mc,4,1784546871496
1784546940596,10,177.404,451.673,mc,5,1784546871496
1784546940696,1,546.991,357.196,mc,5,1784546871496
1784546940696,2,275.256,270.865,mc,5,1784546871496
1784546940696,3,449.681,359.652,mc,3,1784546871496
1784546940696,4,426.504,308.943,mc,5,1784546871496
1784546940696,5,844.118,516.161,mc,3,1784546871496
1784546940696,6,41.3471,341.901,mc,5,1784546871496
1784546940696,7,534.039,521.287,mc,4,1784546871496
1784546940696,8,293.126,568.203,mc,4,1784546871496
1784546940696,9,566.46,706.622,mc,4,1784546871496
1784546940696,10,176.845,452.013,mc,5,1784546871496
1784546940796,1,546.728,356.809,mc,5,1784546871496
1784546940796,2,275.823,270.791,mc,5,1784546871496
1784546940796,3,449.873,359.337,mc,3,1784546871496
1784546940796,4,426.947,308.737,mc,5,1784546871496
1784546940796,5,844,515.872,mc,3,1784546871496
1784546940796,6,41.8222,341.539,mc,5,1784546871496
1784546940796,7,533.409,521.115,mc,4,1784546871496
1784546940796,8,293.171,567.54,mc,4,1784546871496
1784546940796,9,565.827,706.875,mc,4,1784546871496
1784546940796,10,176.286,452.354,mc,5,1784546871496
1784546940896,1,546.464,356.421,mc,5,1784546871496
1784546940896,2,276.39,270.717,mc,5,1784546871496
1784546940896,3,450.064,359.023,mc,3,1784546871496
1784546940896,4,427.389,308.53,mc,5,1784546871496
1784546940896,5,843.881,515.583,mc,3,1784546871496
1784546940896,6,42.2974,341.176,mc,5,1784546871496
1784546940896,7,532.78,520.943,mc,4,1784546871496
1784546940896,8,293.217,566.877,mc,4,1784546871496
1784546940896,9,565.194,707.128,mc,4,1784546871496
1784546940896,10,175.727,452.694,mc,5,1784546871496
1784546940996,1,546.2,356.034,mc,5,1784546871496
1784546940996,2,276.957,270.643,mc,5,1784546871496
1784546940996,3,450.256,358.708,mc,3,1784546871496
1784546940996,4,427.831,308.324,mc,5,1784546871496
1784546940996,5,843.763,515.293,mc,3,1784546871496
1784546940996,6,42.7725,340.814,mc,5,1784546871496
1784546940996,7,532.151,520.771,mc,4,1784546871496
1784546940996,8,293.262,566.215,mc,4,1784546871496
1784546940996,9,564.561,707.382,mc,4,1784546871496
1784546940996,10,175.168,453.035,mc,5,1784546871496
1784546941096,1,545.937,355.646,mc,5,1784546871496
1784546941096,2,277.524,270.57,mc,5,1784546871496
1784546941096,3,450.447,358.394,mc,3,1784546871496
1784546941096,4,428.273,308.117,mc,5,1784546871496
1784546941096,5,843.644,515.004,mc,3,1784546871496
1784546941096,6,43.2477,340.452,mc,5,1784546871496
1784546941096,7,531.522,520.598,mc,4,1784546871496
1784546941096,8,293.308,565.552,mc,4,1784546871496
1784546941096,9,563.928,707.635,mc,4,1784546871496
1784546941096,10,174.609,453.375,mc,5,1784546871496
1784546941196,1,545.673,355.259,mc,5,1784546871496
1784546941196,2,278.091,270.496,mc,5,1784546871496
1784546941196,3,450.638,358.079,mc,3,1784546871496
1784546941196,4,428.716,307.911,mc,5,1784546871496
1784546941196,5,843.526,514.715,mc,3,1784546871496
1784546941196,6,43.7228,340.089,mc,5,1784546871496
1784546941196,7,530.892,520.426,mc,4,1784546871496
1784546941196,8,293.353,564.89,mc,4,1784546871496
1784546941196,9,563.295,707.888,mc,4,1784546871496
1784546941196,10,174.05,453.715,mc,5,1784546871496
1784546941296,1,545.41,354.871,mc,5,1784546871496
1784546941296,2,278.658,270.422,mc,5,1784546871496
1784546941296,3,450.83,357.765,mc,3,1784546871496
1784546941296,4,429.158,307.704,mc,5,1784546871496
1784546941296,5,843.407,514.426,mc,3,1784546871496
1784546941296,6,43.8365,340.041,mc,5,1784546871496
1784546941296,7,530.263,520.254,mc,4,1784546871496
1784546941296,8,293.399,564.227,mc,4,1784546871496
1784546941296,9,562.662,708.142,mc,4,1784546871496
1784546941296,10,173.491,454.056,mc,5,1784546871496
1784546941396,1,545.146,354.483,mc,5,1784546871496
1784546941396,2,279.225,270.348,mc,5,1784546871496
1784546941396,3,451.021,357.451,mc,3,1784546871496
1784546941396,4,429.6,307.498,mc,5,1784546871496
1784546941396,5,843.289,514.137,mc,3,1784546871496
1784546941396,6,43.4897,340.392,mc,5,1784546871496
1784546941396,7,529.634,520.082,mc,4,1784546871496
1784546941396,8,293.444,563.564,mc,4,1784546871496
1784546941396,9,562.029,708.395,mc,4,1784546871496
1784546941396,10,172.932,454.396,mc,5,1784546871496
1784546941496,1,544.882,354.096,mc,5,1784546871496
1784546941496,2,279.792,270.274,mc,5,1784546871496
1784546941496,3,451.213,357.136,mc,3,1784546871496
1784546941496,4,430.043,307.291,mc,5,1784546871496
1784546941496,5,843.171,513.848,mc,3,1784546871496
1784546941496,6,43.1429,340.743,mc,5,1784546871496
1784546941496,7,529.005,519.91,mc,4,1784546871496
1784546941496,8,293.49,562.902,mc,4,1784546871496
1784546941496,9,561.396,708.648,mc,4,1784546871496
1784546941496,10,172.373,454.737,mc,5,1784546871496
1784546941596,1,544.619,353.708,mc,5,1784546871496
1784546941596,2,280.359,270.2,mc,5,1784546871496
1784546941596,3,451.404,356.822,mc,3,1784546871496
1784546941596,4,430.485,307.085,mc,5,1784546871496
1784546941596,5,843.052,513.559,mc,3,1784546871496
1784546941596,6,42.7961,341.095,mc,5,1784546871496
1784546941596,7,528.375,519.737,mc,4,1784546871496
1784546941596,8,293.535,562.239,mc,4,1784546871496
1784546941596,9,560.763,708.902,mc,4,1784546871496
1784546941596,10,171.814,455.077,mc,5,1784546871496
1784546941696,1,544.355,353.321,mc,5,1784546871496
1784546941696,2,280.926,270.126,mc,5,1784546871496
1784546941696,3,451.596,356.507,mc,3,1784546871496
1784546941696,4,430.927,306.878,mc,5,1784546871496
1784546941696,5,842.934,513.269,mc,3,1784546871496
1784546941696,6,42.4493,341.446,mc,5,1784546871496
1784546941696,7,527.746,519.565,mc,4,1784546871496
1784546941696,8,293.58,561.576,mc,4,1784546871496
1784546941696,9,560.13,709.155,mc,4,1784546871496
1784546941696,10,171.254,455.417,mc,5,1784546871496
1784546941796,1,544.092,352.933,mc,5,1784546871496
1784546941796,2,281.493,270.052,mc,5,1784546871496
1784546941796,3,451.787,356.193,mc,3,1784546871496
1784546941796,4,431.369,306.672,mc,5,1784546871496
1784546941796,5,842.815,512.98,mc,3,1784546871496
1784546941796,6,42.1025,341.797,mc,5,1784546871496
1784546941796,7,527.117,519.393,mc,4,1784546871496
1784546941796,8,293.626,560.914,mc,4,1784546871496
1784546941796,9,559.497,709.408,mc,4,1784546871496
1784546941796,10,170.695,455.758,mc,5,1784546871496
1784546941896,1,543.828,352.546,mc,5,1784546871496
1784546941896,2,282.06,269.978,mc,5,1784546871496
1784546941896,3,451.979,355.879,mc,3,1784546871496
1784546941896,4,431.812,306.465,mc,5,1784546871496
1784546941896,5,842.697,512.691,mc,3,1784546871496
1784546941896,6,41.7557,342.149,mc,5,1784546871496
1784546941896,7,526.487,519.221,mc,4,1784546871496
1784546941896,8,293.671,560.251,mc,4,1784546871496
1784546941896,9,558.864,709.662,mc,4,1784546871496
1784546941896,10,170.136,456.098,mc,5,1784546871496
1784546941996,1,543.564,352.158,mc,5,1784546871496
1784546941996,2,282.627,269.905,mc,5,1784546871496
1784546941996,3,452.17,355.564,mc,3,1784546871496
1784546941996,4,432.254,306.259,mc,5,1784546871496
1784546941996,5,842.578,512.402,mc,3,1784546871496
1784546941996,6,41.4089,342.5,mc,5,1784546871496
1784546941996,7,525.858,519.049,mc,4,1784546871496
1784546941996,8,293.717,559.588,mc,4,1784546871496
1784546941996,9,558.231,709.915,mc,4,1784546871496
1784546941996,10,169.577,456.439,mc,5,1784546871496
1784546942096,1,543.301,351.771,mc,5,1784546871496
1784546942096,2,283.194,269.831,mc,5,1784546871496
1784546942096,3,452.394,355.7,mc,3,1784546871496
1784546942096,4,432.696,306.052,mc,5,1784546871496
1784546942096,5,842.46,512.113,mc,3,1784546871496
1784546942096,6,41.0621,342.851,mc,5,1784546871496
1784546942096,7,525.229,518.876,mc,4,1784546871496
1784546942096,8,293.762,558.926,mc,4,1784546871496
1784546942096,9,557.598,710.169,mc,4,1784546871496
1784546942096,10,169.018,456.779,mc,5,1784546871496
1784546942196,1,543.037,351.383,mc,5,1784546871496
1784546942196,2,283.761,269.757,mc,5,1784546871496
1784546942196,3,452.648,356.258,mc,3,1784546871496
1784546942196,4,433.139,305.846,mc,5,1784546871496
1784546942196,5,842.341,511.824,mc,3,1784546871496
1784546942196,6,40.7152,343.203,mc,5,1784546871496
1784546942196,7,524.6,518.704,mc,4,1784546871496
1784546942196,8,293.808,558.263,mc,4,1784546871496
1784546942196,9,556.965,710.422,mc,4,1784546871496
1784546942196,10,168.459,457.119,mc,5,1784546871496
1784546942296,1,542.774,350.995,mc,5,1784546871496
1784546942296,2,284.328,269.683,mc,5,1784546871496
1784546942296,3,452.902,356.816,mc,3,1784546871496
1784546942296,4,433.581,305.639,mc,5,1784546871496
1784546942296,5,842.223,511.535,mc,3,1784546871496
1784546942296,6,40.3684,343.554,mc,5,1784546871496
1784546942296,7,523.97,518.532,mc,4,1784546871496
1784546942296,8,293.853,557.6,mc,4,1784546871496
1784546942296,9,556.332,710.675,mc,4,1784546871496
1784546942296,10,167.9,457.46,mc,5,1784546871496
1784546942396,1,542.51,350.608,mc,5,1784546871496
1784546942396,2,284.895,269.609,mc,5,1784546871496
1784546942396,3,453.156,357.374,mc,3,1784546871496
1784546942396,4,434.023,305.433,mc,5,1784546871496
1784546942396,5,842.105,511.246,mc,3,1784546871496
1784546942396,6,40.0216,343.905,mc,5,1784546871496
1784546942396,7,523.341,518.36,mc,4,1784546871496
1784546942396,8,293.899,556.938,mc,4,1784546871496
1784546942396,9,555.699,710.929,mc,4,1784546871496
1784546942396,10,167.341,457.8,mc,5,1784546871496
1784546942496,1,542.246,350.22,mc,5,1784546871496
1784546942496,2,285.462,269.535,mc,5,1784546871496
1784546942496,3,453.41,357.932,mc,3,1784546871496
1784546942496,4,434.465,305.226,mc,5,1784546871496
1784546942496,5,841.986,510.956,mc,3,1784546871496
1784546942496,6,39.6748,344.257,mc,5,1784546871496
1784546942496,7,522.712,518.188,mc,4,1784546871496
1784546942496,8,293.944,556.275,mc,4,1784546871496
1784546942496,9,555.066,711.182,mc,4,1784546871496
1784546942496,10,166.782,458.141,mc,5,1784546871496
1784546942596,1,541.983,349.833,mc,5,1784546871496
1784546942596,2,286.029,269.461,mc,5,1784546871496
1784546942596,3,453.664,358.49,mc,3,1784546871496
1784546942596,4,434.908,305.02,mc,5,1784546871496
1784546942596,5,841.868,510.667,mc,3,1784546871496
1784546942596,6,39.328,344.608,mc,5,1784546871496
1784546942596,7,522.083,518.015,mc,4,1784546871496
1784546942596,8,293.99,555.613,mc,4,1784546871496
1784546942596,9,554.433,711.435,mc,4,1784546871496
1784546942596,10,166.223,458.481,mc,5,1784546871496
1784546942696,1,541.719,349.445,mc,5,1784546871496
1784546942696,2,286.596,269.387,mc,5,1784546871496
1784546942696,3,453.918,359.048,mc,3,1784546871496
1784546942696,4,435.35,304.813,mc,5,1784546871496
1784546942696,5,841.749,510.378,mc,3,1784546871496
1784546942696,6,38.9812,344.959,mc,5,1784546871496
1784546942696,7,521.453,517.843,mc,4,1784546871496
1784546942696,8,294.035,554.95,mc,4,1784546871496
1784546942696,9,553.801,711.689,mc,4,1784546871496
1784546942696,10,165.664,458.821,mc,5,1784546871496
1784546942796,1,541.456,349.058,mc,5,1784546871496
1784546942796,2,287.163,269.313,mc,5,1784546871496
1784546942796,3,454.172,359.606,mc,3,1784546871496
1784546942796,4,435.792,304.607,mc,5,1784546871496
1784546942796,5,841.631,510.089,mc,3,1784546871496
1784546942796,6,38.6344,345.31,mc,5,1784546871496
1784546942796,7,520.824,517.671,mc,4,1784546871496
1784546942796,8,294.08,554.287,mc,4,1784546871496
1784546942796,9,553.168,711.942,mc,4,1784546871496
1784546942796,10,165.105,459.162,mc,5,1784546871496
1784546942896,1,541.411,348.598,mc,5,1784546871496
1784546942896,2,287.73,269.239,mc,5,1784546871496
1784546942896,3,454.426,360.164,mc,3,1784546871496
1784546942896,4,436.235,304.4,mc,5,1784546871496
1784546942896,5,841.512,509.8,mc,3,1784546871496
1784546942896,6,38.2876,345.662,mc,5,1784546871496
1784546942896,7,520.195,517.499,mc,4,1784546871496
1784546942896,8,294.126,553.625,mc,4,1784546871496
1784546942896,9,552.535,712.195,mc,4,1784546871496
1784546942896,10,164.578,459.368,mc,5,1784546871496
1784546942996,1,541.456,348.109,mc,5,1784546871496
1784546942996,2,288.297,269.166,mc,5,1784546871496
1784546942996,3,454.68,360.722,mc,3,1784546871496
1784546942996,4,436.677,304.194,mc,5,1784546871496
1784546942996,5,841.394,509.511,mc,3,1784546871496
1784546942996,6,37.9408,346.013,mc,5,1784546871496
1784546942996,7,519.566,517.327,mc,4,1784546871496
1784546942996,8,294.171,552.962,mc,4,1784546871496
1784546942996,9,551.902,712.449,mc,4,1784546871496
1784546942996,10,164.159,459.126,mc,5,1784546871496
1784546943096,1,541.502,347.619,mc,5,1784546871496
1784546943096,2,288.863,269.092,mc,5,1784546871496
1784546943096,3,454.934,361.28,mc,3,1784546871496
1784546943096,4,437.119,303.987,mc,5,1784546871496
1784546943096,5,841.275,509.222,mc,3,1784546871496
1784546943096,6,37.594,346.364,mc,5,1784546871496
1784546943096,7,518.936,517.155,mc,4,1784546871496
1784546943096,8,294.217,552.299,mc,4,1784546871496
1784546943096,9,551.269,712.702,mc,4,1784546871496
1784546943096,10,163.74,458.884,mc,5,1784546871496
1784546943196,1,541.547,347.129,mc,5,1784546871496
1784546943196,2,289.43,269.018,mc,5,1784546871496
1784546943196,3,455.188,361.838,mc,3,1784546871496
1784546943196,4,437.561,303.781,mc,5,1784546871496
1784546943196,5,841.157,508.933,mc,3,1784546871496
1784546943196,6,37.2471,346.716,mc,5,1784546871496
1784546943196,7,518.307,516.982,mc,4,1784546871496
1784546943196,8,294.262,551.637,mc,4,1784546871496
1784546943196,9,550.636,712.955,mc,4,1784546871496
1784546943196,10,163.322,458.641,mc,5,1784546871496
1784546943296,1,541.593,346.64,mc,5,1784546871496
1784546943296,2,289.997,268.944,mc,5,1784546871496
1784546943296,3,455.442,362.396,mc,3,1784546871496
1784546943296,4,438.004,303.574,mc,5,1784546871496
1784546943296,5,841.039,508.643,mc,3,1784546871496
1784546943296,6,36.9003,347.067,mc,5,1784546871496
1784546943296,7,517.678,516.81,mc,4,1784546871496
1784546943296,8,294.308,550.974,mc,4,1784546871496
1784546943296,9,550.003,713.209,mc,4,1784546871496
1784546943296,10,162.903,458.399,mc,5,1784546871496
1784546943396,1,541.638,346.15,mc,5,1784546871496
1784546943396,2,290.564,268.87,mc,5,1784546871496
1784546943396,3,455.697,362.954,mc,3,1784546871496
1784546943396,4,438.446,303.368,mc,5,1784546871496
1784546943396,5,840.92,508.354,mc,3,1784546871496
1784546943396,6,36.5535,347.418,mc,5,1784546871496
1784546943396,7,517.048,516.638,mc,4,1784546871496
1784546943396,8,294.353,550.311,mc,4,1784546871496
1784546943396,9,549.37,713.462,mc,4,1784546871496
1784546943396,10,162.484,458.157,mc,5,1784546871496
1784546943496,1,541.684,345.661,mc,5,1784546871496
1784546943496,2,291.131,268.796,mc,5,1784546871496
1784546943496,3,455.951,363.512,mc,3,1784546871496
1784546943496,4,438.888,303.161,mc,5,1784546871496
1784546943496,5,840.802,508.065,mc,3,1784546871496
1784546943496,6,36.2067,347.77,mc,5,1784546871496
1784546943496,7,516.419,516.466,mc,4,1784546871496
1784546943496,8,294.399,549.649,mc,4,1784546871496
1784546943496,9,548.737,713.716,mc,4,1784546871496
1784546943496,10,162.065,457.915,mc,5,1784546871496
1784546943596,1,541.729,345.171,mc,5,1784546871496
1784546943596,2,291.698,268.722,mc,5,1784546871496
1784546943596,3,456.205,364.07,mc,3,1784546871496
1784546943596,4,439.331,302.955,mc,5,1784546871496
1784546943596,5,840.683,507.776,mc,3,1784546871496
1784546943596,6,35.8599,348.121,mc,5,1784546871496
1784546943596,7,515.79,516.294,mc,4,1784546871496
1784546943596,8,294.444,548.986,mc,4,1784546871496
1784546943596,9,548.281,713.521,mc,4,1784546871496
1784546943596,10,161.646,457.673,mc,5,1784546871496
1784546943696,1,541.775,344.682,mc,5,1784546871496
1784546943696,2,292.265,268.648,mc,5,1784546871496
1784546943696,3,456.459,364.628,mc,3,1784546871496
1784546943696,4,439.773,302.748,mc,5,1784546871496
1784546943696,5,840.565,507.487,mc,3,1784546871496
1784546943696,6,35.5131,348.472,mc,5,1784546871496
1784546943696,7,515.161,516.121,mc,4,1784546871496
1784546943696,8,294.489,548.324,mc,4,1784546871496
1784546943696,9,547.967,712.97,mc,4,1784546871496
1784546943696,10,161.227,457.43,mc,5,1784546871496
1784546943796,1,541.82,344.192,mc,5,1784546871496
1784546943796,2,292.832,268.574,mc,5,1784546871496
1784546943796,3,456.713,365.187,mc,3,1784546871496
1784546943796,4,440.215,302.542,mc,5,1784546871496
1784546943796,5,840.446,507.198,mc,3,1784546871496
1784546943796,6,35.1663,348.824,mc,5,1784546871496
1784546943796,7,514.531,515.949,mc,4,1784546871496
1784546943796,8,294.535,547.661,mc,4,1784546871496
1784546943796,9,547.654,712.418,mc,4,1784546871496
1784546943796,10,160.808,457.188,mc,5,1784546871496
