timestamp_ms,ue_id,serving_cell_id,neighbor_cell_id,metric_type,sinr_db
1760464862696,6,5,,L3Serving,3.00
1760464862696,6,5,4,L3Neighbor,16.00
1760464862696,6,5,2,L3Neighbor,9.00
1760464862696,8,5,,L3Serving,3.00
1760464862696,8,5,4,L3Neighbor,12.00
1760464862696,8,5,3,L3Neighbor,-4.00
1760464862696,2,5,,L3Serving,27.00
1760464862696,2,5,2,L3Neighbor,0.00
1760464862696,2,5,4,L3Neighbor,0.00
1760464862696,4,5,,L3Serving,2.00
1760464862696,4,5,4,L3Neighbor,1.00
1760464862696,4,5,2,L3Neighbor,-4.00
1760464862696,1,5,,L3Serving,8.00
1760464862696,1,5,2,L3Neighbor,-4.00
1760464862696,1,5,4,L3Neighbor,-13.00
1760464862696,3,5,,L3Serving,22.00
1760464862696,3,5,2,L3Neighbor,10.00
1760464862696,3,5,4,L3Neighbor,5.00
1760464862911,10,4,,L3Serving,-13.00
1760464862911,7,4,,L3Serving,24.00
1760464862911,7,4,3,L3Neighbor,10.00
1760464862911,7,4,2,L3Neighbor,7.00
1760464862911,9,4,,L3Serving,0.00
1760464862911,9,4,3,L3Neighbor,8.00
1760464862911,9,4,2,L3Neighbor,2.00
1760464863039,5,3,,L3Serving,0.00
1760464881429,4,5,,L3Serving,1.00
1760464881429,4,5,4,L3Neighbor,4.00
1760464881429,4,5,3,L3Neighbor,-7.00
1760464881429,6,5,,L3Serving,4.00
1760464881429,6,5,4,L3Neighbor,17.00
1760464881429,6,5,2,L3Neighbor,8.00
1760464881429,3,5,,L3Serving,25.00
1760464881429,3,5,2,L3Neighbor,12.00
1760464881429,3,5,4,L3Neighbor,7.00
1760464881429,2,5,,L3Serving,29.00
1760464881429,2,5,2,L3Neighbor,0.00
1760464881429,2,5,4,L3Neighbor,0.00
1760464881429,1,5,,L3Serving,9.00
1760464881429,1,5,2,L3Neighbor,-1.00
1760464881429,1,5,3,L3Neighbor,-10.00
1760464881429,8,5,,L3Serving,6.00
1760464881429,8,5,4,L3Neighbor,14.00
1760464881429,8,5,2,L3Neighbor,-6.00
1760464881616,10,4,,L3Serving,-12.00
1760464881616,9,4,,L3Serving,1.00
1760464881616,9,4,3,L3Neighbor,9.00
1760464881616,9,4,2,L3Neighbor,5.00
1760464881616,7,4,,L3Serving,22.00
1760464881616,7,4,3,L3Neighbor,14.00
1760464881616,7,4,2,L3Neighbor,9.00
1760464881739,5,3,,L3Serving,0.00
1760464905503,2,5,,L3Serving,27.00
1760464905503,2,5,2,L3Neighbor,4.00
1760464905503,2,5,4,L3Neighbor,-3.00
1760464905503,8,5,,L3Serving,4.00
1760464905503,8,5,2,L3Neighbor,33.00
1760464905503,8,5,4,L3Neighbor,9.00
1760464905503,1,5,,L3Serving,31.00
1760464905503,1,5,2,L3Neighbor,11.00
1760464905503,1,5,3,L3Neighbor,-10.00
1760464905503,6,5,,L3Serving,0.00
1760464905503,6,5,4,L3Neighbor,18.00
1760464905503,6,5,2,L3Neighbor,12.00
1760464905503,3,5,,L3Serving,24.00
1760464905503,3,5,2,L3Neighbor,12.00
1760464905503,3,5,4,L3Neighbor,9.00
1760464905503,4,5,,L3Serving,4.00
1760464905503,4,5,4,L3Neighbor,-1.00
1760464905503,4,5,3,L3Neighbor,-6.00
1760464905697,10,4,,L3Serving,-14.00
1760464905697,9,4,,L3Serving,6.00
1760464905697,9,4,3,L3Neighbor,7.00
1760464905697,9,4,5,L3Neighbor,2.00
1760464905697,7,4,,L3Serving,38.00
1760464905697,7,4,3,L3Neighbor,9.00
1760464905697,7,4,2,L3Neighbor,2.00
1760464905818,5,3,,L3Serving,-2.00
1760464929120,8,5,,L3Serving,5.00
1760464929120,8,5,2,L3Neighbor,33.00
1760464929120,8,5,4,L3Neighbor,8.00
1760464929120,1,5,,L3Serving,31.00
1760464929120,1,5,2,L3Neighbor,9.00
1760464929120,1,5,3,L3Neighbor,-8.00
1760464929120,6,5,,L3Serving,0.00
1760464929120,6,5,4,L3Neighbor,17.00
1760464929120,6,5,2,L3Neighbor,11.00
1760464929120,3,5,,L3Serving,27.00
1760464929120,3,5,2,L3Neighbor,15.00
1760464929120,3,5,4,L3Neighbor,8.00
1760464929120,4,5,,L3Serving,5.00
1760464929120,4,5,4,L3Neighbor,0.00
1760464929120,4,5,3,L3Neighbor,-4.00
1760464929120,2,5,,L3Serving,31.00
1760464929120,2,5,2,L3Neighbor,6.00
1760464929120,2,5,4,L3Neighbor,-3.00
1760464929350,7,4,,L3Serving,39.00
1760464929350,7,4,3,L3Neighbor,12.00
1760464929350,7,4,2,L3Neighbor,0.00
1760464929350,10,4,,L3Serving,-15.00
1760464929350,9,4,,L3Serving,4.00
1760464929350,9,4,3,L3Neighbor,4.00
1760464929350,9,4,5,L3Neighbor,4.00
1760464929487,5,3,,L3Serving,-1.00
1760464929487,5,3,2,L3Neighbor,8.00
1760464929487,5,3,5,L3Neighbor,0.00
1760464954896,1,5,,L3Serving,10.00
1760464954896,1,5,2,L3Neighbor,7.00
1760464954896,1,5,4,L3Neighbor,-10.00
1760464954896,3,5,,L3Serving,22.00
1760464954896,3,5,2,L3Neighbor,18.00
1760464954896,3,5,4,L3Neighbor,8.00
1760464954896,8,5,,L3Serving,6.00
1760464954896,8,5,2,L3Neighbor,35.00
1760464954896,8,5,4,L3Neighbor,11.00
1760464954896,4,5,,L3Serving,7.00
1760464954896,4,5,4,L3Neighbor,0.00
1760464954896,4,5,2,L3Neighbor,-6.00
1760464954896,2,5,,L3Serving,-3.00
1760464954896,2,5,2,L3Neighbor,0.00
1760464954896,2,5,4,L3Neighbor,-2.00
1760464954896,6,5,,L3Serving,5.00
1760464954896,6,5,4,L3Neighbor,21.00
1760464954896,6,5,2,L3Neighbor,11.00
1760464955096,9,4,,L3Serving,3.00
1760464955096,9,4,2,L3Neighbor,7.00
1760464955096,9,4,3,L3Neighbor,5.00
1760464955096,7,4,,L3Serving,32.00
1760464955096,7,4,2,L3Neighbor,10.00
1760464955096,7,4,3,L3Neighbor,8.00
1760464955096,10,4,,L3Serving,-12.00
1760464955229,5,3,,L3Serving,0.00
1760464977575,6,5,,L3Serving,4.00
1760464977575,6,5,4,L3Neighbor,20.00
1760464977575,6,5,2,L3Neighbor,10.00
1760464977575,4,5,,L3Serving,7.00
1760464977575,4,5,4,L3Neighbor,-1.00
1760464977575,4,5,3,L3Neighbor,-3.00
1760464977575,8,5,,L3Serving,7.00
1760464977575,8,5,2,L3Neighbor,34.00
1760464977575,8,5,4,L3Neighbor,9.00
1760464977575,1,5,,L3Serving,10.00
1760464977575,1,5,2,L3Neighbor,8.00
1760464977575,1,5,4,L3Neighbor,-10.00
1760464977575,3,5,,L3Serving,23.00
1760464977575,3,5,2,L3Neighbor,16.00
1760464977575,3,5,4,L3Neighbor,9.00
1760464977575,2,5,,L3Serving,-6.00
1760464977575,2,5,4,L3Neighbor,-1.00
1760464977575,2,5,2,L3Neighbor,-1.00
1760464977778,9,4,,L3Serving,4.00
1760464977778,9,4,2,L3Neighbor,7.00
1760464977778,9,4,3,L3Neighbor,6.00
1760464977778,7,4,,L3Serving,32.00
1760464977778,7,4,3,L3Neighbor,10.00
1760464977778,7,4,2,L3Neighbor,7.00
1760464977778,10,4,,L3Serving,-11.00
1760464977903,5,3,,L3Serving,2.00
1760464999612,8,5,,L3Serving,7.00
1760464999612,8,5,2,L3Neighbor,8.00
1760464999612,8,5,4,L3Neighbor,8.00
1760464999612,3,5,,L3Serving,25.00
1760464999612,3,5,2,L3Neighbor,14.00
1760464999612,3,5,4,L3Neighbor,6.00
1760464999612,4,5,,L3Serving,8.00
1760464999612,4,5,2,L3Neighbor,18.00
1760464999612,4,5,3,L3Neighbor,10.00
1760464999612,6,5,,L3Serving,-1.00
1760464999612,6,5,4,L3Neighbor,13.00
1760464999612,6,5,2,L3Neighbor,11.00
1760464999612,2,5,,L3Serving,-1.00
1760464999612,1,5,,L3Serving,34.00
1760464999612,1,5,2,L3Neighbor,13.00
1760464999612,1,5,3,L3Neighbor,-8.00
1760464999813,10,4,,L3Serving,-13.00
1760464999813,9,4,,L3Serving,7.00
1760464999813,9,4,3,L3Neighbor,4.00
1760464999813,9,4,5,L3Neighbor,4.00
1760464999813,7,4,,L3Serving,30.00
1760464999813,7,4,3,L3Neighbor,8.00
1760464999813,7,4,2,L3Neighbor,4.00
1760464999987,5,3,,L3Serving,1.00
1760464999987,5,3,2,L3Neighbor,35.00
1760464999987,5,3,5,L3Neighbor,13.00
1760465019971,6,5,,L3Serving,-5.00
1760465019971,3,5,,L3Serving,28.00
1760465019971,3,5,2,L3Neighbor,15.00
1760465019971,3,5,4,L3Neighbor,3.00
1760465019971,8,5,,L3Serving,5.00
1760465019971,8,5,4,L3Neighbor,10.00
1760465019971,8,5,2,L3Neighbor,9.00
1760465019971,4,5,,L3Serving,5.00
1760465019971,4,5,2,L3Neighbor,16.00
1760465019971,4,5,3,L3Neighbor,13.00
1760465019971,1,5,,L3Serving,36.00
1760465019971,1,5,2,L3Neighbor,8.00
1760465019971,1,5,4,L3Neighbor,-7.00
1760465019971,2,5,,L3Serving,-1.00
1760465019971,2,5,4,L3Neighbor,3.00
1760465019971,2,5,2,L3Neighbor,-1.00
1760465020147,10,4,,L3Serving,-12.00
1760465020147,7,4,,L3Serving,30.00
1760465020147,7,4,3,L3Neighbor,9.00
1760465020147,7,4,2,L3Neighbor,5.00
1760465020147,9,4,,L3Serving,8.00
1760465020147,9,4,5,L3Neighbor,4.00
1760465020147,9,4,2,L3Neighbor,3.00
1760465020281,5,3,,L3Serving,5.00
1760465020281,5,3,2,L3Neighbor,33.00
1760465020281,5,3,5,L3Neighbor,12.00
1760465042401,4,5,,L3Serving,1.00
1760465042401,4,5,2,L3Neighbor,19.00
1760465042401,4,5,4,L3Neighbor,-2.00
1760465042401,8,5,,L3Serving,-4.00
1760465042401,3,5,,L3Serving,34.00
1760465042401,3,5,2,L3Neighbor,17.00
1760465042401,3,5,4,L3Neighbor,6.00
1760465042401,6,5,,L3Serving,-1.00
1760465042401,2,5,,L3Serving,-1.00
1760465042401,2,5,2,L3Neighbor,-2.00
1760465042401,2,5,4,L3Neighbor,-3.00
1760465042401,1,5,,L3Serving,28.00
1760465042401,1,5,2,L3Neighbor,7.00
1760465042401,1,5,3,L3Neighbor,-1.00
1760465042582,10,4,,L3Serving,-14.00
1760465042582,9,4,,L3Serving,3.00
1760465042582,9,4,5,L3Neighbor,8.00
1760465042582,9,4,2,L3Neighbor,0.00
1760465042582,7,4,,L3Serving,41.00
1760465042582,7,4,3,L3Neighbor,9.00
1760465042582,7,4,2,L3Neighbor,7.00
1760465042693,5,3,,L3Serving,9.00
1760465042693,5,3,5,L3Neighbor,3.00
1760465042693,5,3,2,L3Neighbor,-4.00
1760465063836,1,5,,L3Serving,27.00
1760465063836,1,5,2,L3Neighbor,7.00
1760465063836,1,5,3,L3Neighbor,-1.00
1760465063836,8,5,,L3Serving,-2.00
1760465063836,3,5,,L3Serving,33.00
1760465063836,3,5,2,L3Neighbor,18.00
1760465063836,3,5,4,L3Neighbor,7.00
1760465063836,4,5,,L3Serving,2.00
1760465063836,4,5,2,L3Neighbor,20.00
1760465063836,4,5,4,L3Neighbor,0.00
1760465063836,6,5,,L3Serving,2.00
1760465063836,6,5,4,L3Neighbor,13.00
1760465063836,6,5,2,L3Neighbor,7.00
1760465063836,2,5,,L3Serving,-4.00
1760465063836,2,5,4,L3Neighbor,-3.00
1760465063836,2,5,2,L3Neighbor,-4.00
1760465064022,9,4,,L3Serving,5.00
1760465064022,9,4,5,L3Neighbor,7.00
1760465064022,9,4,2,L3Neighbor,-1.00
1760465064022,10,4,,L3Serving,-17.00
1760465064022,7,4,,L3Serving,42.00
1760465064022,7,4,2,L3Neighbor,5.00
1760465064022,7,4,3,L3Neighbor,5.00
1760465064176,5,3,,L3Serving,5.00
1760465064176,5,3,5,L3Neighbor,1.00
1760465064176,5,3,2,L3Neighbor,-4.00
1760465085155,6,5,,L3Serving,4.00
1760465085155,6,5,4,L3Neighbor,18.00
1760465085155,6,5,3,L3Neighbor,3.00
1760465085155,4,5,,L3Serving,1.00
1760465085155,4,5,2,L3Neighbor,13.00
1760465085155,4,5,4,L3Neighbor,2.00
1760465085155,1,5,,L3Serving,38.00
1760465085155,1,5,2,L3Neighbor,8.00
1760465085155,1,5,3,L3Neighbor,-4.00
1760465085155,3,5,,L3Serving,28.00
1760465085155,3,5,2,L3Neighbor,11.00
1760465085155,3,5,4,L3Neighbor,7.00
1760465085155,2,5,,L3Serving,-9.00
1760465085155,2,5,4,L3Neighbor,-3.00
1760465085155,2,5,2,L3Neighbor,-9.00
1760465085155,8,5,,L3Serving,8.00
1760465085155,8,5,4,L3Neighbor,8.00
1760465085155,8,5,2,L3Neighbor,4.00
1760465085358,10,4,,L3Serving,-11.00
1760465085358,7,4,,L3Serving,7.00
1760465085358,7,4,3,L3Neighbor,5.00
1760465085358,7,4,2,L3Neighbor,3.00
1760465085358,9,4,,L3Serving,30.00
1760465085358,9,4,2,L3Neighbor,34.00
1760465085358,9,4,5,L3Neighbor,9.00
1760465085485,5,3,,L3Serving,10.00
1760465085485,5,3,5,L3Neighbor,3.00
1760465085485,5,3,2,L3Neighbor,0.00
1760465105380,3,5,,L3Serving,27.00
1760465105380,3,5,2,L3Neighbor,14.00
1760465105380,3,5,4,L3Neighbor,10.00
1760465105380,2,5,,L3Serving,-8.00
1760465105380,2,5,4,L3Neighbor,0.00
1760465105380,2,5,2,L3Neighbor,-7.00
1760465105380,6,5,,L3Serving,5.00
1760465105380,6,5,4,L3Neighbor,19.00
1760465105380,6,5,2,L3Neighbor,3.00
1760465105380,1,5,,L3Serving,37.00
1760465105380,1,5,2,L3Neighbor,8.00
1760465105380,1,5,3,L3Neighbor,-6.00
1760465105380,4,5,,L3Serving,4.00
1760465105380,4,5,2,L3Neighbor,10.00
1760465105380,4,5,4,L3Neighbor,1.00
1760465105380,8,5,,L3Serving,8.00
1760465105380,8,5,4,L3Neighbor,10.00
1760465105380,8,5,2,L3Neighbor,6.00
1760465105635,7,4,,L3Serving,7.00
1760465105635,7,4,3,L3Neighbor,5.00
1760465105635,7,4,2,L3Neighbor,3.00
1760465105635,10,4,,L3Serving,-12.00
1760465105635,9,4,,L3Serving,29.00
1760465105635,9,4,2,L3Neighbor,35.00
1760465105635,9,4,5,L3Neighbor,14.00
1760465105819,5,3,,L3Serving,6.00
1760465105819,5,3,5,L3Neighbor,5.00
1760465105819,5,3,2,L3Neighbor,-2.00
1760465126629,1,5,,L3Serving,20.00
1760465126629,1,5,2,L3Neighbor,11.00
1760465126629,1,5,3,L3Neighbor,-4.00
1760465126629,2,5,,L3Serving,42.00
1760465126629,2,5,2,L3Neighbor,25.00
1760465126629,2,5,3,L3Neighbor,-4.00
1760465126629,8,5,,L3Serving,10.00
1760465126629,8,5,4,L3Neighbor,8.00
1760465126629,8,5,2,L3Neighbor,6.00
1760465126629,4,5,,L3Serving,26.00
1760465126629,4,5,2,L3Neighbor,11.00
1760465126629,4,5,4,L3Neighbor,1.00
1760465126629,6,5,,L3Serving,3.00
1760465126629,6,5,4,L3Neighbor,16.00
1760465126629,6,5,2,L3Neighbor,10.00
1760465126629,3,5,,L3Serving,32.00
1760465126629,3,5,2,L3Neighbor,12.00
1760465126629,3,5,4,L3Neighbor,12.00
1760465126860,10,4,,L3Serving,35.00
1760465126860,10,4,3,L3Neighbor,10.00
1760465126860,10,4,2,L3Neighbor,6.00
1760465126860,9,4,,L3Serving,31.00
1760465126860,9,4,5,L3Neighbor,6.00
1760465126860,9,4,2,L3Neighbor,-5.00
1760465126860,7,4,,L3Serving,6.00
1760465126860,7,4,3,L3Neighbor,10.00
1760465126860,7,4,2,L3Neighbor,2.00
1760465126978,5,3,,L3Serving,2.00
1760465126978,5,3,5,L3Neighbor,5.00
1760465126978,5,3,4,L3Neighbor,1.00
1760465147847,8,5,,L3Serving,7.00
1760465147847,8,5,4,L3Neighbor,9.00
1760465147847,8,5,2,L3Neighbor,5.00
1760465147847,6,5,,L3Serving,3.00
1760465147847,1,5,,L3Serving,18.00
1760465147847,1,5,2,L3Neighbor,10.00
1760465147847,1,5,3,L3Neighbor,-2.00
1760465147847,3,5,,L3Serving,31.00
1760465147847,3,5,2,L3Neighbor,13.00
1760465147847,3,5,4,L3Neighbor,12.00
1760465147847,2,5,,L3Serving,41.00
1760465147847,2,5,2,L3Neighbor,25.00
1760465147847,2,5,3,L3Neighbor,-8.00
1760465147847,4,5,,L3Serving,25.00
1760465147847,4,5,2,L3Neighbor,10.00
1760465147847,4,5,4,L3Neighbor,1.00
1760465148038,10,4,,L3Serving,34.00
1760465148038,10,4,3,L3Neighbor,11.00
1760465148038,10,4,2,L3Neighbor,8.00
1760465148038,7,4,,L3Serving,6.00
1760465148038,7,4,3,L3Neighbor,11.00
1760465148038,7,4,5,L3Neighbor,5.00
1760465148038,9,4,,L3Serving,32.00
1760465148038,9,4,5,L3Neighbor,5.00
1760465148038,9,4,2,L3Neighbor,-2.00
1760465148168,5,3,,L3Serving,3.00
1760465148168,5,3,5,L3Neighbor,5.00
1760465148168,5,3,4,L3Neighbor,-2.00
1760465169244,4,5,,L3Serving,14.00
1760465169244,4,5,2,L3Neighbor,7.00
1760465169244,4,5,4,L3Neighbor,1.00
1760465169244,6,5,,L3Serving,7.00
1760465169244,6,5,4,L3Neighbor,18.00
1760465169244,6,5,2,L3Neighbor,5.00
1760465169244,8,5,,L3Serving,4.00
1760465169244,8,5,4,L3Neighbor,9.00
1760465169244,8,5,2,L3Neighbor,2.00
1760465169244,3,5,,L3Serving,30.00
1760465169244,3,5,2,L3Neighbor,30.00
1760465169244,3,5,4,L3Neighbor,14.00
1760465169244,2,5,,L3Serving,7.00
1760465169244,2,5,4,L3Neighbor,-3.00
1760465169244,2,5,2,L3Neighbor,-7.00
1760465169244,1,5,,L3Serving,23.00
1760465169244,1,5,2,L3Neighbor,7.00
1760465169244,1,5,3,L3Neighbor,-7.00
1760465169492,7,4,,L3Serving,32.00
1760465169492,7,4,2,L3Neighbor,34.00
1760465169492,7,4,3,L3Neighbor,4.00
1760465169492,9,4,,L3Serving,-1.00
1760465169492,9,4,5,L3Neighbor,3.00
1760465169492,9,4,3,L3Neighbor,-6.00
1760465169492,10,4,,L3Serving,-1.00
1760465169660,5,3,,L3Serving,8.00
1760465169660,5,3,5,L3Neighbor,7.00
1760465169660,5,3,4,L3Neighbor,0.00
1760465189562,1,5,,L3Serving,22.00
1760465189562,1,5,2,L3Neighbor,8.00
1760465189562,1,5,3,L3Neighbor,-6.00
1760465189562,6,5,,L3Serving,5.00
1760465189562,6,5,4,L3Neighbor,18.00
1760465189562,6,5,2,L3Neighbor,5.00
1760465189562,3,5,,L3Serving,28.00
1760465189562,3,5,2,L3Neighbor,31.00
1760465189562,3,5,4,L3Neighbor,13.00
1760465189562,4,5,,L3Serving,13.00
1760465189562,4,5,2,L3Neighbor,7.00
1760465189562,4,5,4,L3Neighbor,1.00
1760465189562,8,5,,L3Serving,5.00
1760465189562,8,5,4,L3Neighbor,9.00
1760465189562,8,5,2,L3Neighbor,4.00
1760465189562,2,5,,L3Serving,9.00
1760465189562,2,5,4,L3Neighbor,-3.00
1760465189562,2,5,2,L3Neighbor,-5.00
1760465189748,7,4,,L3Serving,31.00
1760465189748,7,4,2,L3Neighbor,34.00
1760465189748,7,4,3,L3Neighbor,4.00
1760465189748,9,4,,L3Serving,-2.00
1760465189748,9,4,5,L3Neighbor,3.00
1760465189748,9,4,3,L3Neighbor,-5.00
1760465189748,10,4,,L3Serving,0.00
1760465189867,5,3,,L3Serving,7.00
1760465189867,5,3,5,L3Neighbor,6.00
1760465189867,5,3,4,L3Neighbor,-1.00
1760465210240,1,5,,L3Serving,21.00
1760465210240,1,5,2,L3Neighbor,10.00
1760465210240,1,5,4,L3Neighbor,6.00
1760465210240,4,5,,L3Serving,14.00
1760465210240,4,5,2,L3Neighbor,2.00
1760465210240,4,5,4,L3Neighbor,-3.00
1760465210240,8,5,,L3Serving,31.00
1760465210240,8,5,4,L3Neighbor,7.00
1760465210240,8,5,2,L3Neighbor,4.00
1760465210240,2,5,,L3Serving,8.00
1760465210240,2,5,3,L3Neighbor,16.00
1760465210240,2,5,2,L3Neighbor,-4.00
1760465210240,6,5,,L3Serving,2.00
1760465210240,3,5,,L3Serving,27.00
1760465210240,3,5,4,L3Neighbor,10.00
1760465210240,3,5,2,L3Neighbor,1.00
1760465210429,10,4,,L3Serving,33.00
1760465210429,10,4,5,L3Neighbor,39.00
1760465210429,10,4,2,L3Neighbor,14.00
1760465210429,7,4,,L3Serving,22.00
1760465210429,7,4,2,L3Neighbor,16.00
1760465210429,7,4,3,L3Neighbor,11.00
1760465210429,9,4,,L3Serving,-1.00
1760465210429,9,4,5,L3Neighbor,5.00
1760465210429,9,4,2,L3Neighbor,-3.00
1760465210567,5,3,,L3Serving,4.00
1760465210567,5,3,2,L3Neighbor,27.00
1760465210567,5,3,5,L3Neighbor,8.00
1760465229148,6,5,,L3Serving,2.00
1760465229148,2,5,,L3Serving,12.00
1760465229148,2,5,3,L3Neighbor,16.00
1760465229148,2,5,2,L3Neighbor,-6.00
1760465229148,8,5,,L3Serving,29.00
1760465229148,8,5,4,L3Neighbor,7.00
1760465229148,8,5,2,L3Neighbor,6.00
1760465229148,3,5,,L3Serving,25.00
1760465229148,3,5,4,L3Neighbor,9.00
1760465229148,3,5,2,L3Neighbor,7.00
1760465229148,1,5,,L3Serving,23.00
1760465229148,1,5,4,L3Neighbor,5.00
1760465229148,1,5,2,L3Neighbor,3.00
1760465229148,4,5,,L3Serving,15.00
1760465229148,4,5,2,L3Neighbor,1.00
1760465229148,4,5,4,L3Neighbor,-1.00
1760465229397,10,4,,L3Serving,32.00
1760465229397,10,4,5,L3Neighbor,39.00
1760465229397,10,4,2,L3Neighbor,15.00
1760465229397,9,4,,L3Serving,-1.00
1760465229397,9,4,5,L3Neighbor,3.00
1760465229397,9,4,2,L3Neighbor,-1.00
1760465229397,7,4,,L3Serving,21.00
1760465229397,7,4,2,L3Neighbor,16.00
1760465229397,7,4,3,L3Neighbor,11.00
1760465229514,5,3,,L3Serving,7.00
1760465229514,5,3,2,L3Neighbor,25.00
1760465229514,5,3,5,L3Neighbor,6.00
1760465249059,8,5,,L3Serving,8.00
1760465249059,8,5,4,L3Neighbor,10.00
1760465249059,8,5,2,L3Neighbor,3.00
1760465249059,6,5,,L3Serving,3.00
1760465249059,6,5,4,L3Neighbor,9.00
1760465249059,6,5,3,L3Neighbor,1.00
1760465249059,1,5,,L3Serving,19.00
1760465249059,1,5,2,L3Neighbor,7.00
1760465249059,1,5,3,L3Neighbor,2.00
1760465249059,2,5,,L3Serving,5.00
1760465249059,2,5,4,L3Neighbor,-2.00
1760465249059,2,5,3,L3Neighbor,-5.00
1760465249059,3,5,,L3Serving,48.00
1760465249059,3,5,4,L3Neighbor,16.00
1760465249059,3,5,2,L3Neighbor,5.00
1760465249059,4,5,,L3Serving,19.00
1760465249059,4,5,2,L3Neighbor,1.00
1760465249059,4,5,4,L3Neighbor,0.00
1760465249288,7,4,,L3Serving,24.00
1760465249288,7,4,2,L3Neighbor,27.00
1760465249288,7,4,3,L3Neighbor,7.00
1760465249288,10,4,,L3Serving,13.00
1760465249288,10,4,5,L3Neighbor,26.00
1760465249288,10,4,2,L3Neighbor,12.00
1760465249288,9,4,,L3Serving,-2.00
1760465249288,9,4,2,L3Neighbor,0.00
1760465249288,9,4,5,L3Neighbor,-1.00
1760465249442,5,3,,L3Serving,9.00
1760465249442,5,3,5,L3Neighbor,2.00
1760465249442,5,3,2,L3Neighbor,2.00
1760465269033,3,5,,L3Serving,46.00
1760465269033,3,5,4,L3Neighbor,16.00
1760465269033,3,5,2,L3Neighbor,4.00
1760465269033,2,5,,L3Serving,8.00
1760465269033,2,5,4,L3Neighbor,-1.00
1760465269033,2,5,3,L3Neighbor,-5.00
1760465269033,1,5,,L3Serving,20.00
1760465269033,1,5,2,L3Neighbor,5.00
1760465269033,1,5,3,L3Neighbor,2.00
1760465269033,6,5,,L3Serving,4.00
1760465269033,6,5,4,L3Neighbor,6.00
1760465269033,6,5,3,L3Neighbor,2.00
1760465269033,4,5,,L3Serving,19.00
1760465269033,4,5,2,L3Neighbor,2.00
1760465269033,4,5,4,L3Neighbor,-5.00
1760465269033,8,5,,L3Serving,9.00
1760465269033,8,5,4,L3Neighbor,11.00
1760465269033,8,5,2,L3Neighbor,0.00
1760465269218,10,4,,L3Serving,13.00
1760465269218,10,4,5,L3Neighbor,27.00
1760465269218,10,4,2,L3Neighbor,12.00
1760465269218,9,4,,L3Serving,-2.00
1760465269218,9,4,5,L3Neighbor,0.00
1760465269218,9,4,3,L3Neighbor,-2.00
1760465269218,7,4,,L3Serving,25.00
1760465269218,7,4,2,L3Neighbor,27.00
1760465269218,7,4,3,L3Neighbor,7.00
1760465269384,5,3,,L3Serving,10.00
1760465269384,5,3,2,L3Neighbor,4.00
1760465269384,5,3,5,L3Neighbor,3.00
1760465288133,3,5,,L3Serving,38.00
1760465288133,3,5,4,L3Neighbor,11.00
1760465288133,3,5,2,L3Neighbor,8.00
1760465288133,1,5,,L3Serving,21.00
1760465288133,1,5,2,L3Neighbor,6.00
1760465288133,1,5,3,L3Neighbor,0.00
1760465288133,8,5,,L3Serving,10.00
1760465288133,8,5,4,L3Neighbor,12.00
1760465288133,8,5,2,L3Neighbor,5.00
1760465288133,2,5,,L3Serving,7.00
1760465288133,2,5,3,L3Neighbor,-2.00
1760465288133,2,5,4,L3Neighbor,-5.00
1760465288133,4,5,,L3Serving,30.00
1760465288133,4,5,2,L3Neighbor,3.00
1760465288133,4,5,4,L3Neighbor,-3.00
1760465288133,6,5,,L3Serving,2.00
1760465288133,6,5,4,L3Neighbor,11.00
1760465288133,6,5,3,L3Neighbor,2.00
1760465288377,7,4,,L3Serving,37.00
1760465288377,7,4,2,L3Neighbor,14.00
1760465288377,7,4,3,L3Neighbor,8.00
1760465288377,9,4,,L3Serving,-5.00
1760465288377,10,4,,L3Serving,29.00
1760465288377,10,4,5,L3Neighbor,33.00
1760465288377,10,4,2,L3Neighbor,10.00
1760465288522,5,3,,L3Serving,8.00
1760465288522,5,3,4,L3Neighbor,21.00
1760465288522,5,3,5,L3Neighbor,3.00
1760465307667,3,5,,L3Serving,35.00
1760465307667,3,5,4,L3Neighbor,13.00
1760465307667,3,5,2,L3Neighbor,7.00
1760465307667,8,5,,L3Serving,12.00
1760465307667,8,5,4,L3Neighbor,13.00
1760465307667,8,5,2,L3Neighbor,3.00
1760465307667,1,5,,L3Serving,25.00
1760465307667,1,5,2,L3Neighbor,11.00
1760465307667,1,5,3,L3Neighbor,0.00
1760465307667,4,5,,L3Serving,32.00
1760465307667,4,5,2,L3Neighbor,1.00
1760465307667,4,5,4,L3Neighbor,-1.00
1760465307667,6,5,,L3Serving,3.00
1760465307667,6,5,4,L3Neighbor,7.00
1760465307667,6,5,3,L3Neighbor,4.00
1760465307667,2,5,,L3Serving,6.00
1760465307667,2,5,3,L3Neighbor,-3.00
1760465307667,2,5,4,L3Neighbor,-6.00
1760465307892,7,4,,L3Serving,37.00
1760465307892,7,4,2,L3Neighbor,15.00
1760465307892,7,4,3,L3Neighbor,8.00
1760465307892,10,4,,L3Serving,30.00
1760465307892,10,4,5,L3Neighbor,32.00
1760465307892,10,4,2,L3Neighbor,11.00
1760465307892,9,4,,L3Serving,-2.00
1760465308066,5,3,,L3Serving,8.00
1760465308066,5,3,4,L3Neighbor,23.00
1760465308066,5,3,5,L3Neighbor,5.00
1760465329150,6,5,,L3Serving,-2.00
1760465329150,6,5,4,L3Neighbor,9.00
1760465329150,6,5,3,L3Neighbor,8.00
1760465329150,1,5,,L3Serving,22.00
1760465329150,1,5,2,L3Neighbor,10.00
1760465329150,1,5,3,L3Neighbor,1.00
1760465329150,2,5,,L3Serving,7.00
1760465329150,2,5,4,L3Neighbor,-2.00
1760465329150,2,5,3,L3Neighbor,-5.00
1760465329150,3,5,,L3Serving,31.00
1760465329150,3,5,4,L3Neighbor,8.00
1760465329150,3,5,2,L3Neighbor,7.00
1760465329150,4,5,,L3Serving,21.00
1760465329150,4,5,4,L3Neighbor,20.00
1760465329150,4,5,2,L3Neighbor,3.00
1760465329150,8,5,,L3Serving,13.00
1760465329150,8,5,2,L3Neighbor,35.00
1760465329150,8,5,4,L3Neighbor,13.00
1760465329344,9,4,,L3Serving,-1.00
1760465329344,9,4,5,L3Neighbor,13.00
1760465329344,9,4,3,L3Neighbor,-2.00
1760465329344,10,4,,L3Serving,36.00
1760465329344,10,4,5,L3Neighbor,26.00
1760465329344,10,4,2,L3Neighbor,12.00
1760465329344,7,4,,L3Serving,34.00
1760465329344,7,4,2,L3Neighbor,14.00
1760465329344,7,4,3,L3Neighbor,11.00
1760465329476,5,3,,L3Serving,9.00
1760465329476,5,3,5,L3Neighbor,4.00
1760465329476,5,3,2,L3Neighbor,0.00
1760465349030,2,5,,L3Serving,8.00
1760465349030,2,5,4,L3Neighbor,0.00
1760465349030,2,5,3,L3Neighbor,-3.00
1760465349030,3,5,,L3Serving,30.00
1760465349030,3,5,2,L3Neighbor,10.00
1760465349030,3,5,4,L3Neighbor,9.00
1760465349030,1,5,,L3Serving,24.00
1760465349030,1,5,2,L3Neighbor,9.00
1760465349030,1,5,3,L3Neighbor,2.00
1760465349030,8,5,,L3Serving,12.00
1760465349030,8,5,2,L3Neighbor,37.00
1760465349030,8,5,4,L3Neighbor,16.00
1760465349030,4,5,,L3Serving,21.00
1760465349030,4,5,4,L3Neighbor,22.00
1760465349030,4,5,2,L3Neighbor,4.00
1760465349030,6,5,,L3Serving,-1.00
1760465349030,6,5,4,L3Neighbor,10.00
1760465349030,6,5,3,L3Neighbor,4.00
1760465349256,10,4,,L3Serving,35.00
1760465349256,10,4,5,L3Neighbor,27.00
1760465349256,10,4,2,L3Neighbor,12.00
1760465349256,9,4,,L3Serving,-4.00
1760465349256,9,4,5,L3Neighbor,11.00
1760465349256,9,4,2,L3Neighbor,-1.00
1760465349256,7,4,,L3Serving,31.00
1760465349256,7,4,3,L3Neighbor,12.00
1760465349256,7,4,2,L3Neighbor,11.00
1760465349397,5,3,,L3Serving,8.00
1760465349397,5,3,5,L3Neighbor,2.00
1760465349397,5,3,2,L3Neighbor,-1.00
1760465368879,8,5,,L3Serving,6.00
1760465368879,8,5,4,L3Neighbor,15.00
1760465368879,8,5,2,L3Neighbor,8.00
1760465368879,2,5,,L3Serving,30.00
1760465368879,2,5,4,L3Neighbor,-2.00
1760465368879,2,5,2,L3Neighbor,-5.00
1760465368879,3,5,,L3Serving,27.00
1760465368879,3,5,4,L3Neighbor,8.00
1760465368879,3,5,2,L3Neighbor,4.00
1760465368879,1,5,,L3Serving,36.00
1760465368879,1,5,2,L3Neighbor,4.00
1760465368879,1,5,4,L3Neighbor,-3.00
1760465368879,4,5,,L3Serving,36.00
1760465368879,4,5,4,L3Neighbor,17.00
1760465368879,4,5,2,L3Neighbor,-1.00
1760465368879,6,5,,L3Serving,0.00
1760465368879,6,5,4,L3Neighbor,8.00
1760465368879,6,5,3,L3Neighbor,3.00
1760465369095,9,4,,L3Serving,-4.00
1760465369095,10,4,,L3Serving,31.00
1760465369095,10,4,5,L3Neighbor,28.00
1760465369095,10,4,3,L3Neighbor,26.00
1760465369095,7,4,,L3Serving,45.00
1760465369095,7,4,2,L3Neighbor,15.00
1760465369095,7,4,3,L3Neighbor,11.00
1760465369225,5,3,,L3Serving,7.00
1760465369225,5,3,5,L3Neighbor,4.00
1760465369225,5,3,2,L3Neighbor,0.00
1760465388919,6,5,,L3Serving,1.00
1760465388919,6,5,4,L3Neighbor,11.00
1760465388919,6,5,3,L3Neighbor,3.00
1760465388919,4,5,,L3Serving,37.00
1760465388919,4,5,4,L3Neighbor,18.00
1760465388919,4,5,2,L3Neighbor,-1.00
1760465388919,2,5,,L3Serving,31.00
1760465388919,2,5,3,L3Neighbor,-3.00
1760465388919,2,5,4,L3Neighbor,-5.00
1760465388919,1,5,,L3Serving,36.00
1760465388919,1,5,2,L3Neighbor,9.00
1760465388919,1,5,4,L3Neighbor,-3.00
1760465388919,3,5,,L3Serving,26.00
1760465388919,3,5,4,L3Neighbor,7.00
1760465388919,3,5,2,L3Neighbor,4.00
1760465388919,8,5,,L3Serving,8.00
1760465388919,8,5,4,L3Neighbor,15.00
1760465388919,8,5,2,L3Neighbor,9.00
1760465389154,7,4,,L3Serving,45.00
1760465389154,7,4,2,L3Neighbor,13.00
1760465389154,7,4,3,L3Neighbor,13.00
1760465389154,9,4,,L3Serving,-1.00
1760465389154,9,4,2,L3Neighbor,1.00
1760465389154,9,4,3,L3Neighbor,-2.00
1760465389154,10,4,,L3Serving,32.00
1760465389154,10,4,5,L3Neighbor,27.00
1760465389154,10,4,3,L3Neighbor,26.00
1760465389290,5,3,,L3Serving,7.00
1760465389290,5,3,5,L3Neighbor,4.00
1760465389290,5,3,2,L3Neighbor,0.00
1760465409595,6,5,,L3Serving,4.00
1760465409595,6,5,4,L3Neighbor,9.00
1760465409595,6,5,3,L3Neighbor,0.00
1760465409595,3,5,,L3Serving,39.00
1760465409595,3,5,2,L3Neighbor,7.00
1760465409595,3,5,4,L3Neighbor,4.00
1760465409595,1,5,,L3Serving,17.00
1760465409595,1,5,2,L3Neighbor,14.00
1760465409595,1,5,3,L3Neighbor,0.00
1760465409595,4,5,,L3Serving,37.00
1760465409595,4,5,4,L3Neighbor,14.00
1760465409595,4,5,2,L3Neighbor,2.00
1760465409595,8,5,,L3Serving,11.00
1760465409595,8,5,4,L3Neighbor,15.00
1760465409595,8,5,2,L3Neighbor,10.00
1760465409595,2,5,,L3Serving,26.00
1760465409595,2,5,2,L3Neighbor,-4.00
1760465409595,2,5,4,L3Neighbor,-9.00
1760465409786,10,4,,L3Serving,18.00
1760465409786,10,4,5,L3Neighbor,26.00
1760465409786,10,4,2,L3Neighbor,14.00
1760465409786,7,4,,L3Serving,29.00
1760465409786,7,4,2,L3Neighbor,14.00
1760465409786,7,4,3,L3Neighbor,10.00
1760465409786,9,4,,L3Serving,-2.00
1760465409786,9,4,2,L3Neighbor,3.00
1760465409786,9,4,3,L3Neighbor,1.00
1760465409894,5,3,,L3Serving,8.00
1760465409894,5,3,5,L3Neighbor,6.00
1760465409894,5,3,2,L3Neighbor,-5.00
1760465429287,2,5,,L3Serving,27.00
1760465429287,2,5,2,L3Neighbor,-3.00
1760465429287,2,5,4,L3Neighbor,-7.00
1760465429287,6,5,,L3Serving,3.00
1760465429287,6,5,4,L3Neighbor,8.00
1760465429287,6,5,3,L3Neighbor,0.00
1760465429287,1,5,,L3Serving,18.00
1760465429287,1,5,2,L3Neighbor,16.00
1760465429287,1,5,3,L3Neighbor,0.00
1760465429287,3,5,,L3Serving,41.00
1760465429287,3,5,2,L3Neighbor,8.00
1760465429287,3,5,4,L3Neighbor,6.00
1760465429287,8,5,,L3Serving,11.00
1760465429287,8,5,4,L3Neighbor,12.00
1760465429287,8,5,2,L3Neighbor,12.00
1760465429287,4,5,,L3Serving,38.00
1760465429287,4,5,4,L3Neighbor,15.00
1760465429287,4,5,2,L3Neighbor,0.00
1760465429500,10,4,,L3Serving,17.00
1760465429500,10,4,5,L3Neighbor,23.00
1760465429500,10,4,2,L3Neighbor,19.00
1760465429500,7,4,,L3Serving,27.00
1760465429500,7,4,2,L3Neighbor,12.00
1760465429500,7,4,3,L3Neighbor,10.00
1760465429500,9,4,,L3Serving,-1.00
1760465429702,5,3,,L3Serving,6.00
1760465429702,5,3,5,L3Neighbor,7.00
1760465429702,5,3,2,L3Neighbor,-5.00
1760465449703,4,5,,L3Serving,37.00
1760465449703,4,5,4,L3Neighbor,18.00
1760465449703,4,5,2,L3Neighbor,-2.00
1760465449703,8,5,,L3Serving,6.00
1760465449703,8,5,2,L3Neighbor,15.00
1760465449703,8,5,4,L3Neighbor,14.00
1760465449703,1,5,,L3Serving,22.00
1760465449703,1,5,2,L3Neighbor,13.00
1760465449703,1,5,3,L3Neighbor,0.00
1760465449703,6,5,,L3Serving,-1.00
1760465449703,6,5,4,L3Neighbor,10.00
1760465449703,6,5,3,L3Neighbor,0.00
1760465449703,2,5,,L3Serving,25.00
1760465449703,2,5,4,L3Neighbor,-3.00
1760465449703,2,5,2,L3Neighbor,-3.00
1760465449703,3,5,,L3Serving,24.00
1760465449703,3,5,2,L3Neighbor,15.00
1760465449703,3,5,4,L3Neighbor,10.00
1760465449917,9,4,,L3Serving,0.00
1760465449917,9,4,2,L3Neighbor,1.00
1760465449917,9,4,5,L3Neighbor,0.00
1760465449917,7,4,,L3Serving,31.00
1760465449917,7,4,2,L3Neighbor,10.00
1760465449917,7,4,3,L3Neighbor,9.00
1760465449917,10,4,,L3Serving,17.00
1760465449917,10,4,5,L3Neighbor,24.00
1760465449917,10,4,2,L3Neighbor,17.00
1760465450107,5,3,,L3Serving,5.00
1760465450107,5,3,5,L3Neighbor,13.00
1760465450107,5,3,2,L3Neighbor,0.00
1760465469528,8,5,,L3Serving,3.00
1760465469528,8,5,2,L3Neighbor,14.00
1760465469528,8,5,4,L3Neighbor,13.00
1760465469528,3,5,,L3Serving,25.00
1760465469528,3,5,2,L3Neighbor,16.00
1760465469528,3,5,4,L3Neighbor,9.00
1760465469528,2,5,,L3Serving,25.00
1760465469528,2,5,4,L3Neighbor,-2.00
1760465469528,2,5,3,L3Neighbor,-2.00
1760465469528,4,5,,L3Serving,38.00
1760465469528,4,5,4,L3Neighbor,20.00
1760465469528,4,5,2,L3Neighbor,0.00
1760465469528,6,5,,L3Serving,-2.00
1760465469528,6,5,4,L3Neighbor,9.00
1760465469528,6,5,3,L3Neighbor,-3.00
1760465469528,1,5,,L3Serving,22.00
1760465469528,1,5,2,L3Neighbor,14.00
1760465469528,1,5,3,L3Neighbor,0.00
1760465469841,7,4,,L3Serving,30.00
1760465469841,7,4,2,L3Neighbor,16.00
1760465469841,7,4,3,L3Neighbor,7.00
1760465469841,9,4,,L3Serving,0.00
1760465469841,9,4,2,L3Neighbor,2.00
1760465469841,9,4,5,L3Neighbor,0.00
1760465469841,10,4,,L3Serving,16.00
1760465469841,10,4,5,L3Neighbor,22.00
1760465469841,10,4,2,L3Neighbor,16.00
1760465469994,5,3,,L3Serving,6.00
1760465469994,5,3,5,L3Neighbor,15.00
1760465469994,5,3,2,L3Neighbor,-1.00
1760465489948,6,5,,L3Serving,-3.00
1760465489948,6,5,4,L3Neighbor,6.00
1760465489948,6,5,3,L3Neighbor,0.00
1760465489948,8,5,,L3Serving,9.00
1760465489948,8,5,4,L3Neighbor,16.00
1760465489948,8,5,2,L3Neighbor,15.00
1760465489948,4,5,,L3Serving,11.00
1760465489948,4,5,4,L3Neighbor,18.00
1760465489948,4,5,2,L3Neighbor,3.00
1760465489948,2,5,,L3Serving,23.00
1760465489948,2,5,2,L3Neighbor,0.00
1760465489948,2,5,4,L3Neighbor,-1.00
1760465489948,3,5,,L3Serving,24.00
1760465489948,3,5,4,L3Neighbor,4.00
1760465489948,3,5,3,L3Neighbor,2.00
1760465489948,1,5,,L3Serving,38.00
1760465489948,1,5,2,L3Neighbor,17.00
1760465489948,1,5,3,L3Neighbor,0.00
1760465490195,9,4,,L3Serving,-4.00
1760465490195,7,4,,L3Serving,26.00
1760465490195,7,4,2,L3Neighbor,11.00
1760465490195,7,4,3,L3Neighbor,10.00
1760465490195,10,4,,L3Serving,18.00
1760465490195,10,4,5,L3Neighbor,25.00
1760465490195,10,4,2,L3Neighbor,18.00
1760465490335,5,3,,L3Serving,9.00
1760465490335,5,3,5,L3Neighbor,8.00
1760465490335,5,3,2,L3Neighbor,-1.00
1760465509167,2,5,,L3Serving,21.00
1760465509167,2,5,4,L3Neighbor,-1.00
1760465509167,2,5,2,L3Neighbor,-1.00
1760465509167,3,5,,L3Serving,26.00
1760465509167,3,5,2,L3Neighbor,2.00
1760465509167,3,5,3,L3Neighbor,1.00
1760465509167,8,5,,L3Serving,8.00
1760465509167,8,5,4,L3Neighbor,15.00
1760465509167,8,5,2,L3Neighbor,9.00
1760465509167,1,5,,L3Serving,37.00
1760465509167,1,5,2,L3Neighbor,17.00
1760465509167,1,5,3,L3Neighbor,-1.00
1760465509167,4,5,,L3Serving,7.00
1760465509167,4,5,4,L3Neighbor,18.00
1760465509167,4,5,2,L3Neighbor,2.00
1760465509167,6,5,,L3Serving,-2.00
1760465509167,6,5,4,L3Neighbor,5.00
1760465509167,6,5,3,L3Neighbor,0.00
1760465509384,9,4,,L3Serving,-3.00
1760465509384,7,4,,L3Serving,23.00
1760465509384,7,4,3,L3Neighbor,13.00
1760465509384,7,4,2,L3Neighbor,9.00
1760465509384,10,4,,L3Serving,18.00
1760465509384,10,4,5,L3Neighbor,22.00
1760465509384,10,4,2,L3Neighbor,17.00
1760465509521,5,3,,L3Serving,7.00
1760465509521,5,3,5,L3Neighbor,6.00
1760465509521,5,3,2,L3Neighbor,0.00
1760465528611,3,5,,L3Serving,35.00
1760465528611,3,5,4,L3Neighbor,6.00
1760465528611,3,5,2,L3Neighbor,1.00
1760465528611,1,5,,L3Serving,17.00
1760465528611,1,5,2,L3Neighbor,14.00
1760465528611,1,5,3,L3Neighbor,0.00
1760465528611,4,5,,L3Serving,2.00
1760465528611,4,5,4,L3Neighbor,17.00
1760465528611,4,5,3,L3Neighbor,-2.00
1760465528611,8,5,,L3Serving,4.00
1760465528611,8,5,4,L3Neighbor,12.00
1760465528611,8,5,2,L3Neighbor,11.00
1760465528611,2,5,,L3Serving,24.00
1760465528611,2,5,4,L3Neighbor,22.00
1760465528611,2,5,2,L3Neighbor,-6.00
1760465528611,6,5,,L3Serving,-3.00
1760465528611,6,5,4,L3Neighbor,9.00
1760465528611,6,5,3,L3Neighbor,1.00
1760465528909,9,4,,L3Serving,-4.00
1760465528909,10,4,,L3Serving,22.00
1760465528909,10,4,5,L3Neighbor,24.00
1760465528909,10,4,2,L3Neighbor,15.00
1760465528909,7,4,,L3Serving,25.00
1760465528909,7,4,3,L3Neighbor,20.00
1760465528909,7,4,2,L3Neighbor,10.00
1760465529023,5,3,,L3Serving,9.00
1760465529023,5,3,5,L3Neighbor,6.00
1760465529023,5,3,2,L3Neighbor,-2.00
1760465548971,4,5,,L3Serving,3.00
1760465548971,4,5,4,L3Neighbor,16.00
1760465548971,4,5,3,L3Neighbor,-4.00
1760465548971,2,5,,L3Serving,23.00
1760465548971,2,5,4,L3Neighbor,20.00
1760465548971,2,5,2,L3Neighbor,-8.00
1760465548971,1,5,,L3Serving,20.00
1760465548971,1,5,2,L3Neighbor,13.00
1760465548971,1,5,3,L3Neighbor,1.00
1760465548971,6,5,,L3Serving,-4.00
1760465548971,6,5,4,L3Neighbor,12.00
1760465548971,6,5,3,L3Neighbor,-2.00
1760465548971,8,5,,L3Serving,5.00
1760465548971,8,5,4,L3Neighbor,13.00
1760465548971,8,5,2,L3Neighbor,12.00
1760465548971,3,5,,L3Serving,38.00
1760465548971,3,5,4,L3Neighbor,5.00
1760465548971,3,5,2,L3Neighbor,4.00
1760465549209,9,4,,L3Serving,-4.00
1760465549209,10,4,,L3Serving,21.00
1760465549209,10,4,5,L3Neighbor,25.00
1760465549209,10,4,2,L3Neighbor,15.00
1760465549209,7,4,,L3Serving,29.00
1760465549209,7,4,3,L3Neighbor,19.00
1760465549209,7,4,2,L3Neighbor,11.00
1760465549330,5,3,,L3Serving,12.00
1760465549330,5,3,5,L3Neighbor,6.00
1760465549330,5,3,2,L3Neighbor,-2.00
1760465569167,8,5,,L3Serving,8.00
1760465569167,8,5,2,L3Neighbor,15.00
1760465569167,8,5,4,L3Neighbor,9.00
1760465569167,2,5,,L3Serving,19.00
1760465569167,2,5,3,L3Neighbor,13.00
1760465569167,2,5,4,L3Neighbor,1.00
1760465569167,4,5,,L3Serving,20.00
1760465569167,4,5,2,L3Neighbor,29.00
1760465569167,4,5,4,L3Neighbor,15.00
1760465569167,6,5,,L3Serving,-5.00
1760465569167,6,5,4,L3Neighbor,9.00
1760465569167,6,5,3,L3Neighbor,-5.00
1760465569167,3,5,,L3Serving,37.00
1760465569167,3,5,4,L3Neighbor,7.00
1760465569167,3,5,3,L3Neighbor,4.00
1760465569167,1,5,,L3Serving,19.00
1760465569167,1,5,2,L3Neighbor,13.00
1760465569167,1,5,3,L3Neighbor,0.00
1760465569371,9,4,,L3Serving,-1.00
1760465569371,9,4,5,L3Neighbor,5.00
1760465569371,9,4,3,L3Neighbor,2.00
1760465569371,10,4,,L3Serving,18.00
1760465569371,10,4,2,L3Neighbor,26.00
1760465569371,10,4,5,L3Neighbor,17.00
1760465569371,7,4,,L3Serving,29.00
1760465569371,7,4,2,L3Neighbor,14.00
1760465569371,7,4,3,L3Neighbor,10.00
1760465569504,5,3,,L3Serving,4.00
1760465569504,5,3,2,L3Neighbor,22.00
1760465569504,5,3,5,L3Neighbor,7.00
1760465587786,3,5,,L3Serving,40.00
1760465587786,3,5,4,L3Neighbor,7.00
1760465587786,3,5,3,L3Neighbor,4.00
1760465587786,2,5,,L3Serving,20.00
1760465587786,2,5,3,L3Neighbor,13.00
1760465587786,2,5,4,L3Neighbor,4.00
1760465587786,6,5,,L3Serving,-5.00
1760465587786,6,5,4,L3Neighbor,11.00
1760465587786,6,5,3,L3Neighbor,-6.00
1760465587786,4,5,,L3Serving,21.00
1760465587786,4,5,2,L3Neighbor,27.00
1760465587786,4,5,4,L3Neighbor,17.00
1760465587786,8,5,,L3Serving,8.00
1760465587786,8,5,2,L3Neighbor,15.00
1760465587786,8,5,4,L3Neighbor,10.00
1760465587786,1,5,,L3Serving,18.00
1760465587786,1,5,2,L3Neighbor,15.00
1760465587786,1,5,3,L3Neighbor,2.00
1760465588007,10,4,,L3Serving,17.00
1760465588007,10,4,2,L3Neighbor,27.00
1760465588007,10,4,5,L3Neighbor,15.00
1760465588007,9,4,,L3Serving,-1.00
1760465588007,9,4,3,L3Neighbor,3.00
1760465588007,9,4,5,L3Neighbor,3.00
1760465588007,7,4,,L3Serving,28.00
1760465588007,7,4,2,L3Neighbor,12.00
1760465588007,7,4,3,L3Neighbor,11.00
1760465588117,5,3,,L3Serving,8.00
1760465588117,5,3,2,L3Neighbor,24.00
1760465588117,5,3,5,L3Neighbor,6.00
1760465609543,8,5,,L3Serving,5.00
1760465609543,8,5,2,L3Neighbor,19.00
1760465609543,8,5,4,L3Neighbor,12.00
1760465609543,2,5,,L3Serving,25.00
1760465609543,2,5,4,L3Neighbor,0.00
1760465609543,2,5,2,L3Neighbor,-2.00
1760465609543,4,5,,L3Serving,-9.00
1760465609543,1,5,,L3Serving,17.00
1760465609543,1,5,2,L3Neighbor,21.00
1760465609543,1,5,3,L3Neighbor,1.00
1760465609543,3,5,,L3Serving,47.00
1760465609543,3,5,4,L3Neighbor,7.00
1760465609543,3,5,2,L3Neighbor,0.00
1760465609543,6,5,,L3Serving,-10.00
1760465609543,6,5,4,L3Neighbor,10.00
1760465609543,6,5,3,L3Neighbor,-9.00
1760465609756,10,4,,L3Serving,13.00
1760465609756,10,4,2,L3Neighbor,24.00
1760465609756,10,4,5,L3Neighbor,19.00
1760465609756,9,4,,L3Serving,-6.00
1760465609756,7,4,,L3Serving,12.00
1760465609756,7,4,3,L3Neighbor,9.00
1760465609756,7,4,2,L3Neighbor,8.00
1760465609899,5,3,,L3Serving,17.00
1760465609899,5,3,5,L3Neighbor,4.00
1760465609899,5,3,2,L3Neighbor,-4.00
1760465629920,3,5,,L3Serving,47.00
1760465629920,3,5,4,L3Neighbor,7.00
1760465629920,3,5,3,L3Neighbor,-1.00
1760465629920,4,5,,L3Serving,-10.00
1760465629920,2,5,,L3Serving,29.00
1760465629920,2,5,4,L3Neighbor,2.00
1760465629920,2,5,2,L3Neighbor,-5.00
1760465629920,6,5,,L3Serving,-9.00
1760465629920,6,5,4,L3Neighbor,9.00
1760465629920,6,5,3,L3Neighbor,-11.00
1760465629920,1,5,,L3Serving,18.00
1760465629920,1,5,2,L3Neighbor,18.00
1760465629920,1,5,3,L3Neighbor,4.00
1760465629920,8,5,,L3Serving,3.00
1760465629920,8,5,2,L3Neighbor,19.00
1760465629920,8,5,4,L3Neighbor,10.00
1760465630164,7,4,,L3Serving,13.00
1760465630164,7,4,3,L3Neighbor,13.00
1760465630164,7,4,2,L3Neighbor,8.00
1760465630164,9,4,,L3Serving,-8.00
1760465630164,10,4,,L3Serving,10.00
1760465630164,10,4,2,L3Neighbor,25.00
1760465630164,10,4,5,L3Neighbor,19.00
1760465630298,5,3,,L3Serving,15.00
1760465630298,5,3,5,L3Neighbor,7.00
1760465630298,5,3,2,L3Neighbor,-5.00
1760465648171,1,5,,L3Serving,14.00
1760465648171,1,5,3,L3Neighbor,29.00
1760465648171,1,5,2,L3Neighbor,20.00
1760465648171,8,5,,L3Serving,37.00
1760465648171,8,5,2,L3Neighbor,16.00
1760465648171,8,5,4,L3Neighbor,6.00
1760465648171,6,5,,L3Serving,-4.00
1760465648171,6,5,3,L3Neighbor,20.00
1760465648171,6,5,4,L3Neighbor,8.00
1760465648171,3,5,,L3Serving,22.00
1760465648171,3,5,3,L3Neighbor,28.00
1760465648171,3,5,4,L3Neighbor,4.00
1760465648171,4,5,,L3Serving,0.00
1760465648171,4,5,4,L3Neighbor,8.00
1760465648171,4,5,3,L3Neighbor,-2.00
1760465648171,2,5,,L3Serving,20.00
1760465648171,2,5,4,L3Neighbor,1.00
1760465648171,2,5,3,L3Neighbor,-4.00
1760465648387,9,4,,L3Serving,-9.00
1760465648387,10,4,,L3Serving,11.00
1760465648387,10,4,2,L3Neighbor,25.00
1760465648387,10,4,5,L3Neighbor,17.00
1760465648387,7,4,,L3Serving,43.00
1760465648387,7,4,2,L3Neighbor,36.00
1760465648387,7,4,3,L3Neighbor,14.00
1760465648580,5,3,,L3Serving,9.00
1760465648580,5,3,5,L3Neighbor,7.00
1760465648580,5,3,2,L3Neighbor,-1.00
1760465665783,2,5,,L3Serving,23.00
1760465665783,2,5,4,L3Neighbor,1.00
1760465665783,2,5,3,L3Neighbor,-2.00
1760465665783,3,5,,L3Serving,24.00
1760465665783,3,5,3,L3Neighbor,25.00
1760465665783,3,5,4,L3Neighbor,3.00
1760465665783,6,5,,L3Serving,-4.00
1760465665783,6,5,3,L3Neighbor,19.00
1760465665783,6,5,4,L3Neighbor,6.00
1760465665783,8,5,,L3Serving,37.00
1760465665783,8,5,2,L3Neighbor,16.00
1760465665783,8,5,4,L3Neighbor,6.00
1760465665783,4,5,,L3Serving,3.00
1760465665783,4,5,4,L3Neighbor,7.00
1760465665783,4,5,3,L3Neighbor,-2.00
1760465665783,1,5,,L3Serving,13.00
1760465665783,1,5,3,L3Neighbor,30.00
1760465665783,1,5,2,L3Neighbor,18.00
1760465666081,9,4,,L3Serving,-11.00
1760465666081,7,4,,L3Serving,42.00
1760465666081,7,4,2,L3Neighbor,35.00
1760465666081,7,4,3,L3Neighbor,12.00
1760465666081,10,4,,L3Serving,12.00
1760465666081,10,4,2,L3Neighbor,26.00
1760465666081,10,4,5,L3Neighbor,17.00
1760465666225,5,3,,L3Serving,10.00
1760465666225,5,3,5,L3Neighbor,4.00
1760465666225,5,3,2,L3Neighbor,-1.00
1760465684771,3,5,,L3Serving,24.00
1760465684771,3,5,4,L3Neighbor,7.00
1760465684771,3,5,2,L3Neighbor,2.00
1760465684771,2,5,,L3Serving,26.00
1760465684771,2,5,4,L3Neighbor,2.00
1760465684771,2,5,2,L3Neighbor,-2.00
1760465684771,4,5,,L3Serving,0.00
1760465684771,4,5,4,L3Neighbor,4.00
1760465684771,4,5,2,L3Neighbor,0.00
1760465684771,8,5,,L3Serving,4.00
1760465684771,8,5,2,L3Neighbor,20.00
1760465684771,8,5,4,L3Neighbor,8.00
1760465684771,1,5,,L3Serving,40.00
1760465684771,1,5,2,L3Neighbor,18.00
1760465684771,1,5,3,L3Neighbor,0.00
1760465684771,6,5,,L3Serving,-8.00
1760465684771,6,5,4,L3Neighbor,6.00
1760465684771,6,5,3,L3Neighbor,-7.00
1760465685054,10,4,,L3Serving,14.00
1760465685054,10,4,2,L3Neighbor,28.00
1760465685054,10,4,5,L3Neighbor,21.00
1760465685054,7,4,,L3Serving,28.00
1760465685054,7,4,2,L3Neighbor,26.00
1760465685054,7,4,3,L3Neighbor,15.00
1760465685054,9,4,,L3Serving,-6.00
1760465685184,5,3,,L3Serving,11.00
1760465685184,5,3,2,L3Neighbor,28.00
1760465685184,5,3,5,L3Neighbor,2.00
1760465703834,4,5,,L3Serving,0.00
1760465703834,4,5,4,L3Neighbor,5.00
1760465703834,4,5,2,L3Neighbor,0.00
1760465703834,6,5,,L3Serving,-10.00
1760465703834,6,5,4,L3Neighbor,7.00
1760465703834,6,5,3,L3Neighbor,-8.00
1760465703834,3,5,,L3Serving,24.00
1760465703834,3,5,4,L3Neighbor,6.00
1760465703834,3,5,2,L3Neighbor,2.00
1760465703834,1,5,,L3Serving,41.00
1760465703834,1,5,2,L3Neighbor,22.00
1760465703834,1,5,3,L3Neighbor,2.00
1760465703834,2,5,,L3Serving,26.00
1760465703834,2,5,4,L3Neighbor,0.00
1760465703834,2,5,2,L3Neighbor,0.00
1760465703834,8,5,,L3Serving,3.00
1760465703834,8,5,2,L3Neighbor,19.00
1760465703834,8,5,4,L3Neighbor,8.00
1760465704052,10,4,,L3Serving,15.00
1760465704052,10,4,2,L3Neighbor,26.00
1760465704052,10,4,5,L3Neighbor,19.00
1760465704052,7,4,,L3Serving,29.00
1760465704052,7,4,2,L3Neighbor,26.00
1760465704052,7,4,3,L3Neighbor,12.00
1760465704052,9,4,,L3Serving,-5.00
1760465704265,5,3,,L3Serving,9.00
1760465704265,5,3,2,L3Neighbor,24.00
1760465704265,5,3,5,L3Neighbor,-1.00
1760465722164,4,5,,L3Serving,31.00
1760465722164,4,5,4,L3Neighbor,8.00
1760465722164,4,5,2,L3Neighbor,-3.00
1760465722164,2,5,,L3Serving,37.00
1760465722164,2,5,4,L3Neighbor,0.00
1760465722164,2,5,2,L3Neighbor,0.00
1760465722164,1,5,,L3Serving,0.00
1760465722164,1,5,2,L3Neighbor,17.00
1760465722164,1,5,3,L3Neighbor,0.00
1760465722164,8,5,,L3Serving,9.00
1760465722164,8,5,2,L3Neighbor,14.00
1760465722164,8,5,4,L3Neighbor,7.00
1760465722164,6,5,,L3Serving,-5.00
1760465722164,6,5,4,L3Neighbor,5.00
1760465722164,6,5,3,L3Neighbor,-9.00
1760465722164,3,5,,L3Serving,27.00
1760465722164,3,5,4,L3Neighbor,6.00
1760465722164,3,5,3,L3Neighbor,0.00
1760465722339,10,4,,L3Serving,12.00
1760465722339,10,4,2,L3Neighbor,21.00
1760465722339,10,4,5,L3Neighbor,20.00
1760465722339,9,4,,L3Serving,-3.00
1760465722339,7,4,,L3Serving,34.00
1760465722339,7,4,3,L3Neighbor,7.00
1760465722339,7,4,5,L3Neighbor,-10.00
1760465722459,5,3,,L3Serving,17.00
1760465722459,5,3,2,L3Neighbor,9.00
1760465722459,5,3,5,L3Neighbor,0.00
1760465739176,3,5,,L3Serving,26.00
1760465739176,3,5,4,L3Neighbor,7.00
1760465739176,3,5,2,L3Neighbor,0.00
1760465739176,4,5,,L3Serving,31.00
1760465739176,4,5,4,L3Neighbor,3.00
1760465739176,4,5,2,L3Neighbor,0.00
1760465739176,2,5,,L3Serving,35.00
1760465739176,2,5,4,L3Neighbor,0.00
1760465739176,2,5,2,L3Neighbor,0.00
1760465739176,6,5,,L3Serving,-5.00
1760465739176,6,5,4,L3Neighbor,5.00
1760465739176,6,5,3,L3Neighbor,-8.00
1760465739176,8,5,,L3Serving,9.00
1760465739176,8,5,2,L3Neighbor,15.00
1760465739176,8,5,4,L3Neighbor,5.00
1760465739176,1,5,,L3Serving,0.00
1760465739176,1,5,2,L3Neighbor,17.00
1760465739176,1,5,3,L3Neighbor,-1.00
1760465739391,7,4,,L3Serving,32.00
1760465739391,7,4,3,L3Neighbor,7.00
1760465739391,7,4,5,L3Neighbor,-7.00
1760465739391,9,4,,L3Serving,1.00
1760465739391,9,4,2,L3Neighbor,13.00
1760465739391,9,4,3,L3Neighbor,6.00
1760465739391,10,4,,L3Serving,10.00
1760465739391,10,4,2,L3Neighbor,25.00
1760465739391,10,4,5,L3Neighbor,21.00
1760465739568,5,3,,L3Serving,19.00
1760465739568,5,3,2,L3Neighbor,6.00
1760465739568,5,3,5,L3Neighbor,0.00
1760465760177,6,5,,L3Serving,-9.00
1760465760177,6,5,4,L3Neighbor,5.00
1760465760177,6,5,3,L3Neighbor,-5.00
1760465760177,2,5,,L3Serving,21.00
1760465760177,2,5,4,L3Neighbor,0.00
1760465760177,2,5,2,L3Neighbor,-1.00
1760465760177,4,5,,L3Serving,17.00
1760465760177,4,5,4,L3Neighbor,6.00
1760465760177,4,5,2,L3Neighbor,1.00
1760465760177,1,5,,L3Serving,1.00
1760465760177,1,5,2,L3Neighbor,21.00
1760465760177,1,5,3,L3Neighbor,0.00
1760465760177,3,5,,L3Serving,30.00
1760465760177,3,5,4,L3Neighbor,9.00
1760465760177,3,5,3,L3Neighbor,4.00
1760465760177,8,5,,L3Serving,3.00
1760465760177,8,5,2,L3Neighbor,14.00
1760465760177,8,5,4,L3Neighbor,6.00
1760465760383,9,4,,L3Serving,-6.00
1760465760383,7,4,,L3Serving,36.00
1760465760383,7,4,3,L3Neighbor,9.00
1760465760383,7,4,5,L3Neighbor,-6.00
1760465760383,10,4,,L3Serving,14.00
1760465760383,10,4,2,L3Neighbor,24.00
1760465760383,10,4,5,L3Neighbor,17.00
1760465760500,5,3,,L3Serving,2.00
1760465760500,5,3,2,L3Neighbor,10.00
1760465760500,5,3,5,L3Neighbor,-1.00
1760465779866,4,5,,L3Serving,18.00
1760465779866,4,5,4,L3Neighbor,6.00
1760465779866,4,5,2,L3Neighbor,0.00
1760465779866,6,5,,L3Serving,-11.00
1760465779866,6,5,4,L3Neighbor,5.00
1760465779866,6,5,3,L3Neighbor,-3.00
1760465779866,3,5,,L3Serving,30.00
1760465779866,3,5,4,L3Neighbor,10.00
1760465779866,3,5,3,L3Neighbor,3.00
1760465779866,2,5,,L3Serving,18.00
1760465779866,2,5,4,L3Neighbor,0.00
1760465779866,2,5,2,L3Neighbor,-1.00
1760465779866,1,5,,L3Serving,-1.00
1760465779866,1,5,2,L3Neighbor,21.00
1760465779866,1,5,3,L3Neighbor,-2.00
1760465779866,8,5,,L3Serving,4.00
1760465779866,8,5,2,L3Neighbor,13.00
1760465779866,8,5,4,L3Neighbor,5.00
1760465780044,10,4,,L3Serving,13.00
1760465780044,10,4,2,L3Neighbor,20.00
1760465780044,10,4,5,L3Neighbor,14.00
1760465780044,7,4,,L3Serving,35.00
1760465780044,7,4,3,L3Neighbor,11.00
1760465780044,7,4,5,L3Neighbor,-5.00
1760465780044,9,4,,L3Serving,-7.00
1760465780156,5,3,,L3Serving,3.00
1760465780156,5,3,2,L3Neighbor,9.00
1760465780156,5,3,5,L3Neighbor,1.00
1760465800016,8,5,,L3Serving,3.00
1760465800016,8,5,2,L3Neighbor,32.00
1760465800016,8,5,4,L3Neighbor,4.00
1760465800016,1,5,,L3Serving,3.00
1760465800016,1,5,2,L3Neighbor,19.00
1760465800016,1,5,3,L3Neighbor,-2.00
1760465800016,2,5,,L3Serving,21.00
1760465800016,2,5,4,L3Neighbor,0.00
1760465800016,2,5,2,L3Neighbor,0.00
1760465800016,6,5,,L3Serving,-6.00
1760465800016,6,5,3,L3Neighbor,18.00
1760465800016,6,5,4,L3Neighbor,6.00
1760465800016,3,5,,L3Serving,23.00
1760465800016,3,5,4,L3Neighbor,9.00
1760465800016,3,5,3,L3Neighbor,-2.00
1760465800016,4,5,,L3Serving,40.00
1760465800016,4,5,4,L3Neighbor,1.00
1760465800016,4,5,3,L3Neighbor,-8.00
1760465800296,10,4,,L3Serving,12.00
1760465800296,10,4,2,L3Neighbor,32.00
1760465800296,10,4,5,L3Neighbor,17.00
1760465800296,7,4,,L3Serving,33.00
1760465800296,7,4,3,L3Neighbor,8.00
1760465800296,7,4,5,L3Neighbor,-4.00
1760465800296,9,4,,L3Serving,-3.00
1760465800422,5,3,,L3Serving,7.00
1760465800422,5,3,2,L3Neighbor,9.00
1760465800422,5,3,5,L3Neighbor,-2.00
1760465819116,6,5,,L3Serving,-7.00
1760465819116,6,5,3,L3Neighbor,18.00
1760465819116,6,5,4,L3Neighbor,6.00
1760465819116,2,5,,L3Serving,20.00
1760465819116,2,5,2,L3Neighbor,0.00
1760465819116,2,5,4,L3Neighbor,-2.00
1760465819116,8,5,,L3Serving,1.00
1760465819116,8,5,2,L3Neighbor,32.00
1760465819116,8,5,4,L3Neighbor,4.00
1760465819116,1,5,,L3Serving,3.00
1760465819116,1,5,2,L3Neighbor,17.00
1760465819116,1,5,3,L3Neighbor,-1.00
1760465819116,3,5,,L3Serving,22.00
1760465819116,3,5,4,L3Neighbor,12.00
1760465819116,3,5,2,L3Neighbor,0.00
1760465819116,4,5,,L3Serving,40.00
1760465819116,4,5,4,L3Neighbor,6.00
1760465819116,4,5,3,L3Neighbor,-7.00
1760465819376,9,4,,L3Serving,-7.00
1760465819376,10,4,,L3Serving,13.00
1760465819376,10,4,2,L3Neighbor,31.00
1760465819376,10,4,5,L3Neighbor,11.00
1760465819376,7,4,,L3Serving,34.00
1760465819376,7,4,3,L3Neighbor,10.00
1760465819376,7,4,5,L3Neighbor,-3.00
1760465819484,5,3,,L3Serving,6.00
1760465819484,5,3,2,L3Neighbor,8.00
1760465819484,5,3,5,L3Neighbor,-3.00
1760465837818,1,5,,L3Serving,4.00
1760465837818,1,5,2,L3Neighbor,19.00
1760465837818,1,5,3,L3Neighbor,-2.00
1760465837818,3,5,,L3Serving,23.00
1760465837818,3,5,4,L3Neighbor,28.00
1760465837818,3,5,2,L3Neighbor,0.00
1760465837818,8,5,,L3Serving,1.00
1760465837818,8,5,4,L3Neighbor,5.00
1760465837818,8,5,2,L3Neighbor,0.00
1760465837818,4,5,,L3Serving,7.00
1760465837818,4,5,4,L3Neighbor,13.00
1760465837818,4,5,3,L3Neighbor,-7.00
1760465837818,6,5,,L3Serving,-8.00
1760465837818,6,5,4,L3Neighbor,26.00
1760465837818,6,5,3,L3Neighbor,10.00
1760465837818,2,5,,L3Serving,5.00
1760465837818,2,5,2,L3Neighbor,29.00
1760465837818,2,5,4,L3Neighbor,-1.00
1760465838026,10,4,,L3Serving,23.00
1760465838026,10,4,2,L3Neighbor,9.00
1760465838026,10,4,3,L3Neighbor,9.00
1760465838026,9,4,,L3Serving,-5.00
1760465838026,9,4,3,L3Neighbor,16.00
1760465838026,9,4,2,L3Neighbor,11.00
1760465838026,7,4,,L3Serving,45.00
1760465838026,7,4,5,L3Neighbor,14.00
1760465838026,7,4,3,L3Neighbor,7.00
1760465838160,5,3,,L3Serving,0.00
1760465838160,5,3,2,L3Neighbor,7.00
1760465838160,5,3,5,L3Neighbor,-1.00
1760465858250,1,5,,L3Serving,2.00
1760465858250,1,5,2,L3Neighbor,19.00
1760465858250,1,5,3,L3Neighbor,-2.00
1760465858250,4,5,,L3Serving,4.00
1760465858250,4,5,4,L3Neighbor,8.00
1760465858250,4,5,3,L3Neighbor,-4.00
1760465858250,3,5,,L3Serving,25.00
1760465858250,3,5,4,L3Neighbor,26.00
1760465858250,3,5,2,L3Neighbor,1.00
1760465858250,8,5,,L3Serving,0.00
1760465858250,8,5,4,L3Neighbor,5.00
1760465858250,8,5,2,L3Neighbor,0.00
1760465858250,6,5,,L3Serving,-6.00
1760465858250,6,5,4,L3Neighbor,28.00
1760465858250,6,5,3,L3Neighbor,10.00
1760465858250,2,5,,L3Serving,6.00
1760465858250,2,5,2,L3Neighbor,30.00
1760465858250,2,5,4,L3Neighbor,0.00
1760465858440,9,4,,L3Serving,-5.00
1760465858440,9,4,3,L3Neighbor,16.00
1760465858440,9,4,2,L3Neighbor,12.00
1760465858440,10,4,,L3Serving,21.00
1760465858440,10,4,2,L3Neighbor,9.00
1760465858440,10,4,3,L3Neighbor,6.00
1760465858440,7,4,,L3Serving,46.00
1760465858440,7,4,5,L3Neighbor,11.00
1760465858440,7,4,3,L3Neighbor,7.00
1760465858550,5,3,,L3Serving,-2.00
1760465858550,5,3,2,L3Neighbor,2.00
1760465858550,5,3,5,L3Neighbor,-3.00
1760465879217,8,5,,L3Serving,1.00
1760465879217,8,5,4,L3Neighbor,5.00
1760465879217,8,5,2,L3Neighbor,0.00
1760465879217,2,5,,L3Serving,6.00
1760465879217,2,5,2,L3Neighbor,4.00
1760465879217,2,5,4,L3Neighbor,-4.00
1760465879217,1,5,,L3Serving,1.00
1760465879217,1,5,2,L3Neighbor,12.00
1760465879217,1,5,3,L3Neighbor,0.00
1760465879217,4,5,,L3Serving,3.00
1760465879217,4,5,4,L3Neighbor,3.00
1760465879217,4,5,3,L3Neighbor,-6.00
1760465879217,6,5,,L3Serving,-5.00
1760465879217,6,5,3,L3Neighbor,9.00
1760465879217,6,5,4,L3Neighbor,-11.00
1760465879217,3,5,,L3Serving,49.00
1760465879217,3,5,4,L3Neighbor,3.00
1760465879217,3,5,2,L3Neighbor,0.00
1760465879477,10,4,,L3Serving,20.00
1760465879477,10,4,3,L3Neighbor,10.00
1760465879477,10,4,2,L3Neighbor,10.00
1760465879477,7,4,,L3Serving,22.00
1760465879477,7,4,3,L3Neighbor,5.00
1760465879477,7,4,5,L3Neighbor,-9.00
1760465879477,9,4,,L3Serving,-2.00
1760465879477,9,4,2,L3Neighbor,13.00
1760465879477,9,4,5,L3Neighbor,0.00
1760465879619,5,3,,L3Serving,2.00
1760465879619,5,3,4,L3Neighbor,7.00
1760465879619,5,3,2,L3Neighbor,0.00
1760465898772,8,5,,L3Serving,0.00
1760465898772,8,5,4,L3Neighbor,5.00
1760465898772,8,5,2,L3Neighbor,0.00
1760465898772,6,5,,L3Serving,-6.00
1760465898772,6,5,3,L3Neighbor,11.00
1760465898772,6,5,4,L3Neighbor,-11.00
1760465898772,4,5,,L3Serving,0.00
1760465898772,4,5,4,L3Neighbor,2.00
1760465898772,4,5,3,L3Neighbor,-9.00
1760465898772,1,5,,L3Serving,-2.00
1760465898772,1,5,2,L3Neighbor,11.00
1760465898772,1,5,3,L3Neighbor,1.00
1760465898772,2,5,,L3Serving,5.00
1760465898772,2,5,2,L3Neighbor,3.00
1760465898772,2,5,4,L3Neighbor,-4.00
1760465898772,3,5,,L3Serving,49.00
1760465898772,3,5,2,L3Neighbor,4.00
1760465898772,3,5,4,L3Neighbor,0.00
1760465898988,9,4,,L3Serving,-2.00
1760465898988,10,4,,L3Serving,20.00
1760465898988,10,4,3,L3Neighbor,9.00
1760465898988,10,4,2,L3Neighbor,8.00
1760465898988,7,4,,L3Serving,22.00
1760465898988,7,4,3,L3Neighbor,4.00
1760465898988,7,4,5,L3Neighbor,-10.00
1760465899135,5,3,,L3Serving,5.00
1760465899135,5,3,4,L3Neighbor,6.00
1760465899135,5,3,2,L3Neighbor,0.00
1760465918474,2,5,,L3Serving,49.00
1760465918474,2,5,4,L3Neighbor,21.00
1760465918474,2,5,2,L3Neighbor,2.00
1760465918474,1,5,,L3Serving,0.00
1760465918474,1,5,2,L3Neighbor,18.00
1760465918474,1,5,3,L3Neighbor,3.00
1760465918474,8,5,,L3Serving,25.00
1760465918474,8,5,4,L3Neighbor,2.00
1760465918474,8,5,2,L3Neighbor,-1.00
1760465918474,4,5,,L3Serving,35.00
1760465918474,4,5,4,L3Neighbor,6.00
1760465918474,4,5,3,L3Neighbor,-9.00
1760465918474,3,5,,L3Serving,22.00
1760465918474,3,5,2,L3Neighbor,39.00
1760465918474,3,5,4,L3Neighbor,4.00
1760465918474,6,5,,L3Serving,-10.00
1760465918474,6,5,3,L3Neighbor,16.00
1760465918474,6,5,2,L3Neighbor,-9.00
1760465918736,10,4,,L3Serving,16.00
1760465918736,10,4,2,L3Neighbor,8.00
1760465918736,10,4,3,L3Neighbor,3.00
1760465918736,9,4,,L3Serving,-6.00
1760465918736,9,4,2,L3Neighbor,14.00
1760465918736,9,4,5,L3Neighbor,-2.00
1760465918736,7,4,,L3Serving,17.00
1760465918736,7,4,3,L3Neighbor,1.00
1760465918736,7,4,5,L3Neighbor,-7.00
1760465918882,5,3,,L3Serving,1.00
1760465918882,5,3,5,L3Neighbor,25.00
1760465918882,5,3,2,L3Neighbor,0.00
1760465938052,2,5,,L3Serving,49.00
1760465938052,2,5,4,L3Neighbor,21.00
1760465938052,2,5,2,L3Neighbor,0.00
1760465938052,1,5,,L3Serving,0.00
1760465938052,1,5,2,L3Neighbor,18.00
1760465938052,1,5,3,L3Neighbor,2.00
1760465938052,3,5,,L3Serving,21.00
1760465938052,3,5,2,L3Neighbor,40.00
1760465938052,3,5,4,L3Neighbor,4.00
1760465938052,4,5,,L3Serving,35.00
1760465938052,4,5,4,L3Neighbor,4.00
1760465938052,4,5,2,L3Neighbor,-8.00
1760465938052,8,5,,L3Serving,25.00
1760465938052,8,5,4,L3Neighbor,2.00
1760465938052,8,5,2,L3Neighbor,-2.00
1760465938052,6,5,,L3Serving,-10.00
1760465938052,6,5,3,L3Neighbor,15.00
1760465938052,6,5,2,L3Neighbor,-8.00
1760465938293,7,4,,L3Serving,15.00
1760465938293,7,4,3,L3Neighbor,2.00
1760465938293,7,4,5,L3Neighbor,-5.00
1760465938293,9,4,,L3Serving,-7.00
1760465938293,10,4,,L3Serving,16.00
1760465938293,10,4,2,L3Neighbor,9.00
1760465938293,10,4,3,L3Neighbor,0.00
1760465938505,5,3,,L3Serving,0.00
1760465938505,5,3,5,L3Neighbor,26.00
1760465938505,5,3,2,L3Neighbor,0.00
1760465957852,2,5,,L3Serving,-1.00
1760465957852,2,5,3,L3Neighbor,21.00
1760465957852,2,5,4,L3Neighbor,7.00
1760465957852,3,5,,L3Serving,22.00
1760465957852,3,5,3,L3Neighbor,21.00
1760465957852,3,5,4,L3Neighbor,7.00
1760465957852,4,5,,L3Serving,27.00
1760465957852,4,5,4,L3Neighbor,1.00
1760465957852,4,5,3,L3Neighbor,-8.00
1760465957852,1,5,,L3Serving,-2.00
1760465957852,8,5,,L3Serving,14.00
1760465957852,8,5,4,L3Neighbor,1.00
1760465957852,8,5,2,L3Neighbor,0.00
1760465957852,6,5,,L3Serving,-7.00
1760465957852,6,5,4,L3Neighbor,20.00
1760465957852,6,5,2,L3Neighbor,-13.00
1760465958056,7,4,,L3Serving,16.00
1760465958056,7,4,2,L3Neighbor,24.00
1760465958056,7,4,3,L3Neighbor,7.00
1760465958056,9,4,,L3Serving,-8.00
1760465958056,10,4,,L3Serving,20.00
1760465958056,10,4,2,L3Neighbor,6.00
1760465958056,10,4,3,L3Neighbor,2.00
1760465958163,5,3,,L3Serving,1.00
1760465958163,5,3,2,L3Neighbor,8.00
1760465958163,5,3,5,L3Neighbor,5.00
1760465978608,4,5,,L3Serving,28.00
1760465978608,4,5,4,L3Neighbor,0.00
1760465978608,4,5,2,L3Neighbor,-5.00
1760465978608,3,5,,L3Serving,22.00
1760465978608,3,5,3,L3Neighbor,21.00
1760465978608,3,5,4,L3Neighbor,2.00
1760465978608,8,5,,L3Serving,14.00
1760465978608,8,5,2,L3Neighbor,0.00
1760465978608,8,5,4,L3Neighbor,0.00
1760465978608,2,5,,L3Serving,0.00
1760465978608,2,5,3,L3Neighbor,20.00
1760465978608,2,5,4,L3Neighbor,6.00
1760465978608,6,5,,L3Serving,-8.00
1760465978608,6,5,4,L3Neighbor,20.00
1760465978608,6,5,2,L3Neighbor,-11.00
1760465978608,1,5,,L3Serving,-2.00
1760465978608,1,5,2,L3Neighbor,15.00
1760465978608,1,5,3,L3Neighbor,11.00
1760465978812,9,4,,L3Serving,-9.00
1760465978812,7,4,,L3Serving,18.00
1760465978812,7,4,2,L3Neighbor,25.00
1760465978812,7,4,3,L3Neighbor,7.00
1760465978812,10,4,,L3Serving,18.00
1760465978812,10,4,2,L3Neighbor,9.00
1760465978812,10,4,3,L3Neighbor,2.00
1760465978925,5,3,,L3Serving,0.00
1760465978925,5,3,2,L3Neighbor,10.00
1760465978925,5,3,5,L3Neighbor,5.00
1760465998721,3,5,,L3Serving,23.00
1760465998721,3,5,3,L3Neighbor,5.00
1760465998721,3,5,2,L3Neighbor,0.00
1760465998721,4,5,,L3Serving,29.00
1760465998721,4,5,4,L3Neighbor,-1.00
1760465998721,4,5,2,L3Neighbor,-4.00
1760465998721,6,5,,L3Serving,-5.00
1760465998721,6,5,4,L3Neighbor,10.00
1760465998721,6,5,2,L3Neighbor,-14.00
1760465998721,8,5,,L3Serving,16.00
1760465998721,8,5,4,L3Neighbor,3.00
1760465998721,8,5,2,L3Neighbor,1.00
1760465998721,1,5,,L3Serving,-1.00
1760465998721,1,5,2,L3Neighbor,20.00
1760465998721,1,5,3,L3Neighbor,9.00
1760465998721,2,5,,L3Serving,-4.00
1760465998721,2,5,4,L3Neighbor,11.00
1760465998721,2,5,2,L3Neighbor,-2.00
1760465998988,7,4,,L3Serving,35.00
1760465998988,7,4,2,L3Neighbor,7.00
1760465998988,7,4,3,L3Neighbor,4.00
1760465998988,10,4,,L3Serving,20.00
1760465998988,10,4,2,L3Neighbor,11.00
1760465998988,10,4,5,L3Neighbor,4.00
1760465998988,9,4,,L3Serving,-8.00
1760465999159,5,3,,L3Serving,0.00
1760465999159,5,3,2,L3Neighbor,7.00
1760465999159,5,3,5,L3Neighbor,6.00
1760466015925,2,5,,L3Serving,-8.00
1760466015925,2,5,4,L3Neighbor,12.00
1760466015925,2,5,2,L3Neighbor,-2.00
1760466015925,8,5,,L3Serving,18.00
1760466015925,8,5,2,L3Neighbor,4.00
1760466015925,8,5,4,L3Neighbor,3.00
1760466015925,4,5,,L3Serving,27.00
1760466015925,4,5,4,L3Neighbor,0.00
1760466015925,4,5,2,L3Neighbor,-5.00
1760466015925,1,5,,L3Serving,-1.00
1760466015925,1,5,2,L3Neighbor,17.00
1760466015925,1,5,3,L3Neighbor,8.00
1760466015925,3,5,,L3Serving,23.00
1760466015925,3,5,3,L3Neighbor,4.00
1760466015925,3,5,2,L3Neighbor,1.00
1760466015925,6,5,,L3Serving,-5.00
1760466015925,6,5,4,L3Neighbor,10.00
1760466015925,6,5,2,L3Neighbor,-12.00
1760466016143,9,4,,L3Serving,-7.00
1760466016143,7,4,,L3Serving,35.00
1760466016143,7,4,2,L3Neighbor,8.00
1760466016143,7,4,3,L3Neighbor,4.00
1760466016143,10,4,,L3Serving,21.00
1760466016143,10,4,2,L3Neighbor,10.00
1760466016143,10,4,5,L3Neighbor,7.00
1760466016305,5,3,,L3Serving,-3.00
1760466016305,5,3,2,L3Neighbor,8.00
1760466016305,5,3,5,L3Neighbor,7.00
1760466034967,3,5,,L3Serving,23.00
1760466034967,3,5,3,L3Neighbor,6.00
1760466034967,3,5,4,L3Neighbor,3.00
1760466034967,1,5,,L3Serving,-9.00
1760466034967,2,5,,L3Serving,0.00
1760466034967,2,5,4,L3Neighbor,12.00
1760466034967,2,5,2,L3Neighbor,-2.00
1760466034967,8,5,,L3Serving,25.00
1760466034967,8,5,2,L3Neighbor,3.00
1760466034967,8,5,4,L3Neighbor,1.00
1760466034967,6,5,,L3Serving,-7.00
1760466034967,6,5,4,L3Neighbor,25.00
1760466034967,6,5,2,L3Neighbor,-15.00
1760466034967,4,5,,L3Serving,23.00
1760466034967,4,5,4,L3Neighbor,0.00
1760466034967,4,5,2,L3Neighbor,-5.00
1760466035175,7,4,,L3Serving,15.00
1760466035175,7,4,2,L3Neighbor,8.00
1760466035175,7,4,3,L3Neighbor,7.00
1760466035175,10,4,,L3Serving,19.00
1760466035175,10,4,3,L3Neighbor,21.00
1760466035175,10,4,2,L3Neighbor,9.00
1760466035175,9,4,,L3Serving,-6.00
1760466035304,5,3,,L3Serving,-3.00
1760466035304,5,3,5,L3Neighbor,7.00
1760466035304,5,3,2,L3Neighbor,1.00
1760466053898,3,5,,L3Serving,24.00
1760466053898,3,5,3,L3Neighbor,4.00
1760466053898,3,5,4,L3Neighbor,2.00
1760466053898,1,5,,L3Serving,-7.00
1760466053898,8,5,,L3Serving,25.00
1760466053898,8,5,2,L3Neighbor,2.00
1760466053898,8,5,4,L3Neighbor,1.00
1760466053898,4,5,,L3Serving,23.00
1760466053898,4,5,4,L3Neighbor,2.00
1760466053898,4,5,2,L3Neighbor,-1.00
1760466053898,6,5,,L3Serving,-7.00
1760466053898,6,5,4,L3Neighbor,24.00
1760466053898,6,5,2,L3Neighbor,-11.00
1760466053898,2,5,,L3Serving,-1.00
1760466053898,2,5,4,L3Neighbor,12.00
1760466053898,2,5,2,L3Neighbor,-1.00
1760466054095,9,4,,L3Serving,-10.00
1760466054095,10,4,,L3Serving,19.00
1760466054095,10,4,3,L3Neighbor,21.00
1760466054095,10,4,2,L3Neighbor,12.00
1760466054095,7,4,,L3Serving,13.00
1760466054095,7,4,3,L3Neighbor,8.00
1760466054095,7,4,2,L3Neighbor,7.00
1760466054239,5,3,,L3Serving,-3.00
1760466054239,5,3,5,L3Neighbor,5.00
1760466054239,5,3,2,L3Neighbor,1.00
1760466072889,8,5,,L3Serving,24.00
1760466072889,8,5,2,L3Neighbor,3.00
1760466072889,8,5,4,L3Neighbor,0.00
1760466072889,3,5,,L3Serving,24.00
1760466072889,3,5,2,L3Neighbor,5.00
1760466072889,3,5,3,L3Neighbor,2.00
1760466072889,2,5,,L3Serving,-6.00
1760466072889,2,5,4,L3Neighbor,13.00
1760466072889,2,5,2,L3Neighbor,0.00
1760466072889,4,5,,L3Serving,23.00
1760466072889,4,5,2,L3Neighbor,25.00
1760466072889,4,5,3,L3Neighbor,20.00
1760466072889,6,5,,L3Serving,-12.00
1760466072889,6,5,4,L3Neighbor,-12.00
1760466072889,6,5,2,L3Neighbor,-15.00
1760466072889,1,5,,L3Serving,-5.00
1760466073134,10,4,,L3Serving,12.00
1760466073134,10,4,2,L3Neighbor,18.00
1760466073134,10,4,5,L3Neighbor,6.00
1760466073134,9,4,,L3Serving,-12.00
1760466073134,7,4,,L3Serving,16.00
1760466073134,7,4,3,L3Neighbor,10.00
1760466073134,7,4,2,L3Neighbor,7.00
1760466073336,5,3,,L3Serving,-6.00
1760466073336,5,3,2,L3Neighbor,9.00
1760466073336,5,3,5,L3Neighbor,3.00
1760466091002,8,5,,L3Serving,23.00
1760466091002,8,5,2,L3Neighbor,3.00
1760466091002,8,5,4,L3Neighbor,-1.00
1760466091002,6,5,,L3Serving,-12.00
1760466091002,6,5,4,L3Neighbor,-9.00
1760466091002,6,5,2,L3Neighbor,-15.00
1760466091002,1,5,,L3Serving,-6.00
1760466091002,4,5,,L3Serving,25.00
1760466091002,4,5,2,L3Neighbor,25.00
1760466091002,4,5,3,L3Neighbor,19.00
1760466091002,2,5,,L3Serving,-6.00
1760466091002,2,5,4,L3Neighbor,13.00
1760466091002,2,5,2,L3Neighbor,0.00
1760466091002,3,5,,L3Serving,25.00
1760466091002,3,5,2,L3Neighbor,6.00
1760466091002,3,5,4,L3Neighbor,2.00
1760466091226,9,4,,L3Serving,-13.00
1760466091226,7,4,,L3Serving,17.00
1760466091226,7,4,3,L3Neighbor,10.00
1760466091226,7,4,2,L3Neighbor,6.00
1760466091226,10,4,,L3Serving,14.00
1760466091226,10,4,2,L3Neighbor,12.00
1760466091226,10,4,5,L3Neighbor,2.00
1760466091350,5,3,,L3Serving,-5.00
1760466091350,5,3,2,L3Neighbor,6.00
1760466091350,5,3,5,L3Neighbor,0.00
1760466109825,2,5,,L3Serving,-8.00
1760466109825,2,5,4,L3Neighbor,13.00
1760466109825,2,5,2,L3Neighbor,-6.00
1760466109825,1,5,,L3Serving,-7.00
1760466109825,4,5,,L3Serving,22.00
1760466109825,4,5,2,L3Neighbor,12.00
1760466109825,4,5,4,L3Neighbor,0.00
1760466109825,8,5,,L3Serving,29.00
1760466109825,8,5,4,L3Neighbor,3.00
1760466109825,8,5,2,L3Neighbor,0.00
1760466109825,3,5,,L3Serving,23.00
1760466109825,3,5,2,L3Neighbor,29.00
1760466109825,3,5,3,L3Neighbor,19.00
1760466109825,6,5,,L3Serving,-9.00
1760466109825,6,5,4,L3Neighbor,-6.00
1760466109825,6,5,2,L3Neighbor,-16.00
1760466110135,7,4,,L3Serving,19.00
1760466110135,7,4,3,L3Neighbor,9.00
1760466110135,7,4,2,L3Neighbor,8.00
1760466110135,9,4,,L3Serving,-8.00
1760466110135,10,4,,L3Serving,15.00
1760466110135,10,4,2,L3Neighbor,11.00
1760466110135,10,4,5,L3Neighbor,4.00
1760466110252,5,3,,L3Serving,-3.00
1760466110252,5,3,2,L3Neighbor,26.00
1760466110252,5,3,5,L3Neighbor,-1.00
1760466128048,8,5,,L3Serving,29.00
1760466128048,8,5,4,L3Neighbor,4.00
1760466128048,8,5,2,L3Neighbor,0.00
1760466128048,4,5,,L3Serving,21.00
1760466128048,4,5,2,L3Neighbor,10.00
1760466128048,4,5,4,L3Neighbor,-3.00
1760466128048,2,5,,L3Serving,-10.00
1760466128048,2,5,4,L3Neighbor,13.00
1760466128048,2,5,2,L3Neighbor,-5.00
1760466128048,6,5,,L3Serving,-10.00
1760466128048,6,5,4,L3Neighbor,-5.00
1760466128048,6,5,2,L3Neighbor,-16.00
1760466128048,1,5,,L3Serving,-8.00
1760466128048,3,5,,L3Serving,24.00
1760466128048,3,5,2,L3Neighbor,24.00
1760466128048,3,5,3,L3Neighbor,21.00
1760466128223,9,4,,L3Serving,-9.00
1760466128223,10,4,,L3Serving,11.00
1760466128223,10,4,2,L3Neighbor,8.00
1760466128223,10,4,5,L3Neighbor,5.00
1760466128223,7,4,,L3Serving,19.00
1760466128223,7,4,2,L3Neighbor,7.00
1760466128223,7,4,3,L3Neighbor,6.00
1760466128362,5,3,,L3Serving,-3.00
1760466128362,5,3,2,L3Neighbor,26.00
1760466128362,5,3,5,L3Neighbor,4.00
1760466145631,3,5,,L3Serving,22.00
1760466145631,3,5,2,L3Neighbor,19.00
1760466145631,3,5,3,L3Neighbor,3.00
1760466145631,1,5,,L3Serving,-6.00
1760466145631,6,5,,L3Serving,-6.00
1760466145631,6,5,4,L3Neighbor,-8.00
1760466145631,6,5,2,L3Neighbor,-17.00
1760466145631,8,5,,L3Serving,11.00
1760466145631,8,5,2,L3Neighbor,2.00
1760466145631,8,5,4,L3Neighbor,1.00
1760466145631,2,5,,L3Serving,-7.00
1760466145631,2,5,4,L3Neighbor,10.00
1760466145631,2,5,2,L3Neighbor,-3.00
1760466145631,4,5,,L3Serving,22.00
1760466145631,4,5,2,L3Neighbor,9.00
1760466145631,4,5,3,L3Neighbor,-4.00
1760466145859,10,4,,L3Serving,23.00
1760466145859,10,4,2,L3Neighbor,16.00
1760466145859,10,4,3,L3Neighbor,4.00
1760466145859,9,4,,L3Serving,-8.00
1760466145859,7,4,,L3Serving,19.00
1760466145859,7,4,2,L3Neighbor,7.00
1760466145859,7,4,3,L3Neighbor,6.00
1760466146008,5,3,,L3Serving,-2.00
1760466146008,5,3,5,L3Neighbor,11.00
1760466146008,5,3,4,L3Neighbor,-9.00
1760466164264,1,5,,L3Serving,-10.00
1760466164264,3,5,,L3Serving,23.00
1760466164264,3,5,2,L3Neighbor,18.00
1760466164264,3,5,3,L3Neighbor,5.00
1760466164264,2,5,,L3Serving,-2.00
1760466164264,2,5,4,L3Neighbor,11.00
1760466164264,2,5,2,L3Neighbor,-2.00
1760466164264,4,5,,L3Serving,20.00
1760466164264,4,5,2,L3Neighbor,8.00
1760466164264,4,5,4,L3Neighbor,0.00
1760466164264,8,5,,L3Serving,12.00
1760466164264,8,5,2,L3Neighbor,0.00
1760466164264,8,5,4,L3Neighbor,-1.00
1760466164264,6,5,,L3Serving,-6.00
1760466164264,6,5,4,L3Neighbor,-9.00
1760466164264,6,5,2,L3Neighbor,-21.00
1760466164468,10,4,,L3Serving,24.00
1760466164468,10,4,2,L3Neighbor,11.00
1760466164468,10,4,3,L3Neighbor,2.00
1760466164468,9,4,,L3Serving,-10.00
1760466164468,7,4,,L3Serving,17.00
1760466164468,7,4,2,L3Neighbor,7.00
1760466164468,7,4,3,L3Neighbor,5.00
1760466164615,5,3,,L3Serving,0.00
1760466164615,5,3,5,L3Neighbor,11.00
1760466164615,5,3,4,L3Neighbor,-11.00
1760466183318,8,5,,L3Serving,9.00
1760466183318,8,5,4,L3Neighbor,1.00
1760466183318,8,5,2,L3Neighbor,-2.00
1760466183318,6,5,,L3Serving,-3.00
1760466183318,6,5,4,L3Neighbor,-5.00
1760466183318,6,5,2,L3Neighbor,-21.00
1760466183318,4,5,,L3Serving,21.00
1760466183318,4,5,2,L3Neighbor,5.00
1760466183318,4,5,4,L3Neighbor,-1.00
1760466183318,3,5,,L3Serving,25.00
1760466183318,3,5,2,L3Neighbor,11.00
1760466183318,3,5,4,L3Neighbor,0.00
1760466183318,2,5,,L3Serving,-1.00
1760466183318,2,5,4,L3Neighbor,20.00
1760466183318,2,5,2,L3Neighbor,-4.00
1760466183318,1,5,,L3Serving,-11.00
1760466183580,10,4,,L3Serving,7.00
1760466183580,10,4,2,L3Neighbor,10.00
1760466183580,10,4,5,L3Neighbor,3.00
1760466183580,7,4,,L3Serving,20.00
1760466183580,7,4,2,L3Neighbor,7.00
1760466183580,7,4,3,L3Neighbor,5.00
1760466183580,9,4,,L3Serving,-12.00
1760466183689,5,3,,L3Serving,-4.00
1760466183689,5,3,5,L3Neighbor,5.00
1760466183689,5,3,4,L3Neighbor,0.00
1760466207410,4,5,,L3Serving,20.00
1760466207410,4,5,2,L3Neighbor,4.00
1760466207410,4,5,4,L3Neighbor,-1.00
1760466207410,6,5,,L3Serving,-5.00
1760466207410,6,5,4,L3Neighbor,-7.00
1760466207410,6,5,2,L3Neighbor,-22.00
1760466207410,1,5,,L3Serving,-9.00
1760466207410,3,5,,L3Serving,25.00
1760466207410,3,5,2,L3Neighbor,13.00
1760466207410,3,5,4,L3Neighbor,2.00
1760466207410,2,5,,L3Serving,-3.00
1760466207410,2,5,4,L3Neighbor,15.00
1760466207410,2,5,2,L3Neighbor,-6.00
1760466207410,8,5,,L3Serving,11.00
1760466207410,8,5,4,L3Neighbor,0.00
1760466207410,8,5,2,L3Neighbor,-1.00
1760466207696,7,4,,L3Serving,21.00
1760466207696,7,4,3,L3Neighbor,8.00
1760466207696,7,4,2,L3Neighbor,6.00
1760466207696,9,4,,L3Serving,-7.00
1760466207696,10,4,,L3Serving,12.00
1760466207696,10,4,2,L3Neighbor,9.00
1760466207696,10,4,3,L3Neighbor,4.00
1760466207827,5,3,,L3Serving,-6.00
1760466207827,5,3,5,L3Neighbor,6.00
1760466207827,5,3,4,L3Neighbor,-1.00
1760466232236,1,5,,L3Serving,-4.00
1760466232236,8,5,,L3Serving,10.00
1760466232236,8,5,3,L3Neighbor,25.00
1760466232236,8,5,2,L3Neighbor,-2.00
1760466232236,4,5,,L3Serving,19.00
1760466232236,4,5,2,L3Neighbor,2.00
1760466232236,4,5,3,L3Neighbor,0.00
1760466232236,6,5,,L3Serving,-7.00
1760466232236,6,5,4,L3Neighbor,-6.00
1760466232236,6,5,2,L3Neighbor,-19.00
1760466232236,3,5,,L3Serving,26.00
1760466232236,3,5,2,L3Neighbor,12.00
1760466232236,3,5,3,L3Neighbor,5.00
1760466232236,2,5,,L3Serving,-5.00
1760466232236,2,5,4,L3Neighbor,16.00
1760466232236,2,5,2,L3Neighbor,-1.00
1760466232433,10,4,,L3Serving,7.00
1760466232433,10,4,3,L3Neighbor,11.00
1760466232433,10,4,2,L3Neighbor,9.00
1760466232433,7,4,,L3Serving,25.00
1760466232433,7,4,3,L3Neighbor,10.00
1760466232433,7,4,2,L3Neighbor,7.00
1760466232433,9,4,,L3Serving,-4.00
1760466232548,5,3,,L3Serving,-1.00
1760466232548,5,3,5,L3Neighbor,12.00
1760466232548,5,3,4,L3Neighbor,-7.00
1760466254232,8,5,,L3Serving,9.00
1760466254232,8,5,3,L3Neighbor,25.00
1760466254232,8,5,2,L3Neighbor,0.00
1760466254232,3,5,,L3Serving,28.00
1760466254232,3,5,2,L3Neighbor,15.00
1760466254232,3,5,3,L3Neighbor,4.00
1760466254232,6,5,,L3Serving,-10.00
1760466254232,6,5,4,L3Neighbor,-6.00
1760466254232,6,5,2,L3Neighbor,-20.00
1760466254232,2,5,,L3Serving,-2.00
1760466254232,2,5,4,L3Neighbor,19.00
1760466254232,2,5,2,L3Neighbor,0.00
1760466254232,4,5,,L3Serving,20.00
1760466254232,4,5,2,L3Neighbor,3.00
1760466254232,4,5,3,L3Neighbor,2.00
1760466254232,1,5,,L3Serving,-4.00
1760466254469,9,4,,L3Serving,-3.00
1760466254469,10,4,,L3Serving,5.00
1760466254469,10,4,2,L3Neighbor,7.00
1760466254469,10,4,3,L3Neighbor,6.00
1760466254469,7,4,,L3Serving,28.00
1760466254469,7,4,3,L3Neighbor,9.00
1760466254469,7,4,2,L3Neighbor,8.00
1760466254583,5,3,,L3Serving,-2.00
1760466254583,5,3,5,L3Neighbor,7.00
1760466254583,5,3,4,L3Neighbor,-8.00
1760466277519,6,5,,L3Serving,-5.00
1760466277519,6,5,4,L3Neighbor,-3.00
1760466277519,6,5,3,L3Neighbor,-20.00
1760466277519,8,5,,L3Serving,7.00
1760466277519,8,5,3,L3Neighbor,6.00
1760466277519,8,5,2,L3Neighbor,-3.00
1760466277519,3,5,,L3Serving,32.00
1760466277519,3,5,2,L3Neighbor,21.00
1760466277519,3,5,3,L3Neighbor,4.00
1760466277519,4,5,,L3Serving,24.00
1760466277519,4,5,4,L3Neighbor,6.00
1760466277519,4,5,2,L3Neighbor,5.00
1760466277519,1,5,,L3Serving,-6.00
1760466277519,2,5,,L3Serving,-1.00
1760466277519,2,5,4,L3Neighbor,20.00
1760466277519,2,5,2,L3Neighbor,-1.00
1760466277730,7,4,,L3Serving,39.00
1760466277730,7,4,3,L3Neighbor,11.00
1760466277730,7,4,2,L3Neighbor,3.00
1760466277730,10,4,,L3Serving,7.00
1760466277730,10,4,5,L3Neighbor,25.00
1760466277730,10,4,2,L3Neighbor,6.00
1760466277730,9,4,,L3Serving,-6.00
1760466277873,5,3,,L3Serving,-2.00
1760466277873,5,3,5,L3Neighbor,2.00
1760466277873,5,3,4,L3Neighbor,-5.00
1760466297508,1,5,,L3Serving,-6.00
1760466297508,2,5,,L3Serving,0.00
1760466297508,2,5,4,L3Neighbor,18.00
1760466297508,2,5,2,L3Neighbor,1.00
1760466297508,4,5,,L3Serving,21.00
1760466297508,4,5,2,L3Neighbor,6.00
1760466297508,4,5,4,L3Neighbor,1.00
1760466297508,3,5,,L3Serving,32.00
1760466297508,3,5,2,L3Neighbor,20.00
1760466297508,3,5,3,L3Neighbor,3.00
1760466297508,8,5,,L3Serving,7.00
1760466297508,8,5,3,L3Neighbor,5.00
1760466297508,8,5,4,L3Neighbor,-1.00
1760466297508,6,5,,L3Serving,-5.00
1760466297508,6,5,4,L3Neighbor,-5.00
1760466297508,6,5,3,L3Neighbor,-22.00
1760466297692,10,4,,L3Serving,8.00
1760466297692,10,4,5,L3Neighbor,24.00
1760466297692,10,4,3,L3Neighbor,7.00
1760466297692,9,4,,L3Serving,-3.00
1760466297692,7,4,,L3Serving,38.00
1760466297692,7,4,3,L3Neighbor,13.00
1760466297692,7,4,2,L3Neighbor,1.00
1760466297818,5,3,,L3Serving,-1.00
1760466297818,5,3,5,L3Neighbor,1.00
1760466297818,5,3,4,L3Neighbor,-6.00
1760466317518,2,5,,L3Serving,1.00
1760466317518,2,5,4,L3Neighbor,10.00
1760466317518,2,5,2,L3Neighbor,0.00
1760466317518,4,5,,L3Serving,15.00
1760466317518,4,5,2,L3Neighbor,3.00
1760466317518,4,5,3,L3Neighbor,0.00
1760466317518,8,5,,L3Serving,10.00
1760466317518,8,5,2,L3Neighbor,3.00
1760466317518,8,5,3,L3Neighbor,2.00
1760466317518,6,5,,L3Serving,-10.00
1760466317518,6,5,4,L3Neighbor,-7.00
1760466317518,6,5,3,L3Neighbor,-19.00
1760466317518,3,5,,L3Serving,42.00
1760466317518,3,5,2,L3Neighbor,34.00
1760466317518,3,5,4,L3Neighbor,2.00
1760466317518,1,5,,L3Serving,0.00
1760466317518,1,5,2,L3Neighbor,10.00
1760466317518,1,5,4,L3Neighbor,6.00
1760466317760,10,4,,L3Serving,7.00
1760466317760,10,4,5,L3Neighbor,10.00
1760466317760,10,4,2,L3Neighbor,7.00
1760466317760,9,4,,L3Serving,-5.00
1760466317760,7,4,,L3Serving,18.00
1760466317760,7,4,3,L3Neighbor,13.00
1760466317760,7,4,2,L3Neighbor,6.00
1760466317901,5,3,,L3Serving,-8.00
1760466317901,5,3,5,L3Neighbor,-1.00
1760466317901,5,3,4,L3Neighbor,-13.00
1760466338461,2,5,,L3Serving,0.00
1760466338461,2,5,4,L3Neighbor,10.00
1760466338461,2,5,2,L3Neighbor,1.00
1760466338461,3,5,,L3Serving,42.00
1760466338461,3,5,2,L3Neighbor,35.00
1760466338461,3,5,4,L3Neighbor,3.00
1760466338461,4,5,,L3Serving,12.00
1760466338461,4,5,2,L3Neighbor,8.00
1760466338461,4,5,3,L3Neighbor,1.00
1760466338461,8,5,,L3Serving,13.00
1760466338461,8,5,3,L3Neighbor,5.00
1760466338461,8,5,2,L3Neighbor,4.00
1760466338461,6,5,,L3Serving,-10.00
1760466338461,6,5,4,L3Neighbor,-6.00
1760466338461,6,5,3,L3Neighbor,-19.00
1760466338461,1,5,,L3Serving,0.00
1760466338461,1,5,2,L3Neighbor,10.00
1760466338461,1,5,4,L3Neighbor,6.00
1760466338721,9,4,,L3Serving,-5.00
1760466338721,10,4,,L3Serving,5.00
1760466338721,7,4,,L3Serving,15.00
1760466338721,7,4,3,L3Neighbor,11.00
1760466338721,7,4,2,L3Neighbor,5.00
1760466338853,5,3,,L3Serving,-7.00
1760466338853,5,3,5,L3Neighbor,0.00
1760466338853,5,3,2,L3Neighbor,-15.00
1760466359589,8,5,,L3Serving,10.00
1760466359589,8,5,2,L3Neighbor,3.00
1760466359589,8,5,3,L3Neighbor,-1.00
1760466359589,2,5,,L3Serving,13.00
1760466359589,2,5,4,L3Neighbor,12.00
1760466359589,2,5,2,L3Neighbor,1.00
1760466359589,6,5,,L3Serving,-9.00
1760466359589,6,5,4,L3Neighbor,0.00
1760466359589,6,5,3,L3Neighbor,-22.00
1760466359589,3,5,,L3Serving,36.00
1760466359589,3,5,2,L3Neighbor,23.00
1760466359589,3,5,4,L3Neighbor,4.00
1760466359589,4,5,,L3Serving,18.00
1760466359589,4,5,2,L3Neighbor,20.00
1760466359589,4,5,3,L3Neighbor,6.00
1760466359589,1,5,,L3Serving,-4.00
1760466359864,10,4,,L3Serving,9.00
1760466359864,10,4,2,L3Neighbor,31.00
1760466359864,10,4,5,L3Neighbor,6.00
1760466359864,7,4,,L3Serving,35.00
1760466359864,7,4,3,L3Neighbor,11.00
1760466359864,7,4,2,L3Neighbor,5.00
1760466359864,9,4,,L3Serving,-2.00
1760466360000,5,3,,L3Serving,0.00
1760466360000,5,3,5,L3Neighbor,0.00
1760466360000,5,3,4,L3Neighbor,-9.00
1760466382280,3,5,,L3Serving,34.00
1760466382280,3,5,2,L3Neighbor,23.00
1760466382280,3,5,4,L3Neighbor,2.00
1760466382280,4,5,,L3Serving,19.00
1760466382280,4,5,2,L3Neighbor,15.00
1760466382280,4,5,3,L3Neighbor,4.00
1760466382280,1,5,,L3Serving,-2.00
1760466382280,8,5,,L3Serving,9.00
1760466382280,8,5,2,L3Neighbor,3.00
1760466382280,8,5,3,L3Neighbor,1.00
1760466382280,6,5,,L3Serving,-7.00
1760466382280,6,5,4,L3Neighbor,1.00
1760466382280,6,5,2,L3Neighbor,-21.00
1760466382280,2,5,,L3Serving,15.00
1760466382280,2,5,4,L3Neighbor,10.00
1760466382280,2,5,2,L3Neighbor,2.00
1760466382510,7,4,,L3Serving,36.00
1760466382510,7,4,3,L3Neighbor,11.00
1760466382510,7,4,2,L3Neighbor,4.00
1760466382510,9,4,,L3Serving,0.00
1760466382510,10,4,,L3Serving,5.00
1760466382618,5,3,,L3Serving,0.00
1760466382618,5,3,5,L3Neighbor,-2.00
1760466382618,5,3,4,L3Neighbor,-10.00
1760466403838,1,5,,L3Serving,-3.00
1760466403838,3,5,,L3Serving,35.00
1760466403838,3,5,2,L3Neighbor,12.00
1760466403838,3,5,4,L3Neighbor,5.00
1760466403838,2,5,,L3Serving,13.00
1760466403838,2,5,4,L3Neighbor,9.00
1760466403838,2,5,2,L3Neighbor,3.00
1760466403838,4,5,,L3Serving,20.00
1760466403838,4,5,4,L3Neighbor,4.00
1760466403838,4,5,2,L3Neighbor,3.00
1760466403838,6,5,,L3Serving,33.00
1760466403838,6,5,4,L3Neighbor,1.00
1760466403838,6,5,3,L3Neighbor,-18.00
1760466403838,8,5,,L3Serving,9.00
1760466403838,8,5,2,L3Neighbor,3.00
1760466403838,8,5,3,L3Neighbor,0.00
1760466404032,9,4,,L3Serving,-2.00
1760466404032,10,4,,L3Serving,11.00
1760466404032,10,4,5,L3Neighbor,21.00
1760466404032,10,4,2,L3Neighbor,13.00
1760466404032,7,4,,L3Serving,40.00
1760466404032,7,4,3,L3Neighbor,8.00
1760466404032,7,4,2,L3Neighbor,5.00
1760466404142,5,3,,L3Serving,-4.00
1760466404142,5,3,5,L3Neighbor,0.00
1760466404142,5,3,2,L3Neighbor,-7.00
1760466422533,3,5,,L3Serving,35.00
1760466422533,3,5,2,L3Neighbor,14.00
1760466422533,3,5,4,L3Neighbor,3.00
1760466422533,4,5,,L3Serving,21.00
1760466422533,4,5,2,L3Neighbor,6.00
1760466422533,4,5,4,L3Neighbor,5.00
1760466422533,8,5,,L3Serving,9.00
1760466422533,8,5,2,L3Neighbor,5.00
1760466422533,8,5,3,L3Neighbor,0.00
1760466422533,2,5,,L3Serving,11.00
1760466422533,2,5,4,L3Neighbor,10.00
1760466422533,2,5,2,L3Neighbor,4.00
1760466422533,6,5,,L3Serving,35.00
1760466422533,6,5,4,L3Neighbor,1.00
1760466422533,6,5,3,L3Neighbor,-16.00
1760466422533,1,5,,L3Serving,-1.00
1760466422533,1,5,2,L3Neighbor,4.00
1760466422533,1,5,4,L3Neighbor,3.00
1760466422727,9,4,,L3Serving,-2.00
1760466422727,10,4,,L3Serving,8.00
1760466422727,7,4,,L3Serving,39.00
1760466422727,7,4,3,L3Neighbor,11.00
1760466422727,7,4,2,L3Neighbor,6.00
1760466422849,5,3,,L3Serving,-3.00
1760466422849,5,3,5,L3Neighbor,0.00
1760466422849,5,3,2,L3Neighbor,-10.00
1760466443188,1,5,,L3Serving,0.00
1760466443188,1,5,4,L3Neighbor,7.00
1760466443188,1,5,2,L3Neighbor,2.00
1760466443188,2,5,,L3Serving,14.00
1760466443188,2,5,4,L3Neighbor,8.00
1760466443188,2,5,2,L3Neighbor,3.00
1760466443188,3,5,,L3Serving,28.00
1760466443188,3,5,2,L3Neighbor,18.00
1760466443188,3,5,3,L3Neighbor,-1.00
1760466443188,6,5,,L3Serving,-7.00
1760466443188,6,5,4,L3Neighbor,1.00
1760466443188,6,5,3,L3Neighbor,-15.00
1760466443188,8,5,,L3Serving,7.00
1760466443188,8,5,2,L3Neighbor,2.00
1760466443188,8,5,3,L3Neighbor,0.00
1760466443188,4,5,,L3Serving,18.00
1760466443188,4,5,3,L3Neighbor,5.00
1760466443188,4,5,4,L3Neighbor,4.00
1760466443399,10,4,,L3Serving,0.00
1760466443399,7,4,,L3Serving,20.00
1760466443399,7,4,3,L3Neighbor,13.00
1760466443399,7,4,2,L3Neighbor,3.00
1760466443399,9,4,,L3Serving,-1.00
1760466443504,5,3,,L3Serving,-6.00
1760466443504,5,3,5,L3Neighbor,0.00
1760466443504,5,3,2,L3Neighbor,-4.00
1760466462938,8,5,,L3Serving,7.00
1760466462938,8,5,2,L3Neighbor,2.00
1760466462938,8,5,3,L3Neighbor,1.00
1760466462938,6,5,,L3Serving,-10.00
1760466462938,6,5,4,L3Neighbor,2.00
1760466462938,6,5,3,L3Neighbor,-15.00
1760466462938,2,5,,L3Serving,15.00
1760466462938,2,5,4,L3Neighbor,8.00
1760466462938,2,5,2,L3Neighbor,0.00
1760466462938,4,5,,L3Serving,20.00
1760466462938,4,5,4,L3Neighbor,7.00
1760466462938,4,5,2,L3Neighbor,4.00
1760466462938,1,5,,L3Serving,-1.00
1760466462938,1,5,4,L3Neighbor,5.00
1760466462938,1,5,2,L3Neighbor,0.00
1760466462938,3,5,,L3Serving,26.00
1760466462938,3,5,2,L3Neighbor,19.00
1760466462938,3,5,3,L3Neighbor,-2.00
1760466463160,10,4,,L3Serving,0.00
1760466463160,9,4,,L3Serving,0.00
1760466463160,7,4,,L3Serving,19.00
1760466463160,7,4,3,L3Neighbor,13.00
1760466463160,7,4,2,L3Neighbor,2.00
1760466463273,5,3,,L3Serving,-9.00
1760466463273,5,3,5,L3Neighbor,-1.00
1760466463273,5,3,2,L3Neighbor,-6.00
1760466480913,1,5,,L3Serving,0.00
1760466480913,6,5,,L3Serving,-13.00
1760466480913,6,5,4,L3Neighbor,0.00
1760466480913,6,5,3,L3Neighbor,-18.00
1760466480913,3,5,,L3Serving,43.00
1760466480913,3,5,2,L3Neighbor,16.00
1760466480913,3,5,3,L3Neighbor,0.00
1760466480913,8,5,,L3Serving,5.00
1760466480913,8,5,3,L3Neighbor,4.00
1760466480913,8,5,2,L3Neighbor,3.00
1760466480913,2,5,,L3Serving,7.00
1760466480913,2,5,4,L3Neighbor,13.00
1760466480913,2,5,2,L3Neighbor,-2.00
1760466480913,4,5,,L3Serving,18.00
1760466480913,4,5,4,L3Neighbor,9.00
1760466480913,4,5,2,L3Neighbor,3.00
1760466481143,7,4,,L3Serving,37.00
1760466481143,7,4,3,L3Neighbor,11.00
1760466481143,7,4,2,L3Neighbor,8.00
1760466481143,10,4,,L3Serving,8.00
1760466481143,9,4,,L3Serving,2.00
1760466481143,9,4,2,L3Neighbor,14.00
1760466481143,9,4,3,L3Neighbor,2.00
1760466481267,5,3,,L3Serving,-6.00
1760466481267,5,3,5,L3Neighbor,0.00
1760466481267,5,3,2,L3Neighbor,-8.00
1760466499029,1,5,,L3Serving,-1.00
1760466499029,4,5,,L3Serving,16.00
1760466499029,4,5,4,L3Neighbor,9.00
1760466499029,4,5,2,L3Neighbor,7.00
1760466499029,8,5,,L3Serving,3.00
1760466499029,8,5,2,L3Neighbor,6.00
1760466499029,8,5,3,L3Neighbor,3.00
1760466499029,3,5,,L3Serving,43.00
1760466499029,3,5,2,L3Neighbor,16.00
1760466499029,3,5,3,L3Neighbor,0.00
1760466499029,2,5,,L3Serving,9.00
1760466499029,2,5,4,L3Neighbor,13.00
1760466499029,2,5,2,L3Neighbor,-5.00
1760466499029,6,5,,L3Serving,-13.00
1760466499029,6,5,4,L3Neighbor,1.00
1760466499029,6,5,3,L3Neighbor,-16.00
1760466499266,10,4,,L3Serving,9.00
1760466499266,7,4,,L3Serving,37.00
1760466499266,7,4,3,L3Neighbor,11.00
1760466499266,7,4,2,L3Neighbor,9.00
1760466499266,9,4,,L3Serving,2.00
1760466499266,9,4,2,L3Neighbor,14.00
1760466499266,9,4,5,L3Neighbor,2.00
1760466499391,5,3,,L3Serving,-5.00
1760466499391,5,3,5,L3Neighbor,0.00
1760466499391,5,3,2,L3Neighbor,-8.00
1760466518527,4,5,,L3Serving,28.00
1760466518527,4,5,4,L3Neighbor,9.00
1760466518527,4,5,2,L3Neighbor,5.00
1760466518527,1,5,,L3Serving,0.00
1760466518527,1,5,4,L3Neighbor,6.00
1760466518527,1,5,3,L3Neighbor,2.00
1760466518527,8,5,,L3Serving,8.00
1760466518527,8,5,3,L3Neighbor,6.00
1760466518527,8,5,2,L3Neighbor,5.00
1760466518527,3,5,,L3Serving,30.00
1760466518527,3,5,2,L3Neighbor,37.00
1760466518527,3,5,4,L3Neighbor,-6.00
1760466518527,2,5,,L3Serving,13.00
1760466518527,2,5,2,L3Neighbor,25.00
1760466518527,2,5,4,L3Neighbor,22.00
1760466518527,6,5,,L3Serving,-17.00
1760466518527,6,5,4,L3Neighbor,11.00
1760466518527,6,5,3,L3Neighbor,-21.00
1760466518757,7,4,,L3Serving,17.00
1760466518757,7,4,3,L3Neighbor,10.00
1760466518757,7,4,2,L3Neighbor,6.00
1760466518757,9,4,,L3Serving,30.00
1760466518757,9,4,2,L3Neighbor,17.00
1760466518757,9,4,3,L3Neighbor,4.00
1760466518757,10,4,,L3Serving,3.00
1760466518888,5,3,,L3Serving,-7.00
1760466518888,5,3,5,L3Neighbor,0.00
1760466518888,5,3,4,L3Neighbor,-7.00
1760466536984,1,5,,L3Serving,-1.00
1760466536984,1,5,4,L3Neighbor,9.00
1760466536984,1,5,3,L3Neighbor,1.00
1760466536984,3,5,,L3Serving,29.00
1760466536984,3,5,2,L3Neighbor,37.00
1760466536984,3,5,4,L3Neighbor,-7.00
1760466536984,8,5,,L3Serving,11.00
1760466536984,8,5,2,L3Neighbor,9.00
1760466536984,8,5,3,L3Neighbor,4.00
1760466536984,6,5,,L3Serving,-16.00
1760466536984,6,5,4,L3Neighbor,8.00
1760466536984,6,5,3,L3Neighbor,-21.00
1760466536984,2,5,,L3Serving,12.00
1760466536984,2,5,2,L3Neighbor,27.00
1760466536984,2,5,4,L3Neighbor,21.00
1760466536984,4,5,,L3Serving,29.00
1760466536984,4,5,4,L3Neighbor,7.00
1760466536984,4,5,2,L3Neighbor,7.00
1760466537164,10,4,,L3Serving,3.00
1760466537164,9,4,,L3Serving,33.00
1760466537164,9,4,2,L3Neighbor,11.00
1760466537164,9,4,5,L3Neighbor,4.00
1760466537164,7,4,,L3Serving,21.00
1760466537164,7,4,3,L3Neighbor,12.00
1760466537164,7,4,2,L3Neighbor,6.00
1760466537292,5,3,,L3Serving,-6.00
1760466537292,5,3,5,L3Neighbor,0.00
1760466537292,5,3,2,L3Neighbor,-9.00
1760466553819,2,5,,L3Serving,11.00
1760466553819,2,5,2,L3Neighbor,-5.00
1760466553819,2,5,3,L3Neighbor,-11.00
1760466553819,6,5,,L3Serving,-13.00
1760466553819,6,5,4,L3Neighbor,5.00
1760466553819,6,5,3,L3Neighbor,-20.00
1760466553819,1,5,,L3Serving,-4.00
1760466553819,1,5,4,L3Neighbor,4.00
1760466553819,1,5,3,L3Neighbor,-2.00
1760466553819,3,5,,L3Serving,26.00
1760466553819,3,5,4,L3Neighbor,12.00
1760466553819,3,5,2,L3Neighbor,10.00
1760466553819,8,5,,L3Serving,9.00
1760466553819,8,5,4,L3Neighbor,31.00
1760466553819,8,5,2,L3Neighbor,6.00
1760466553819,4,5,,L3Serving,21.00
1760466553819,4,5,2,L3Neighbor,3.00
1760466553819,4,5,4,L3Neighbor,3.00
1760466554065,9,4,,L3Serving,21.00
1760466554065,9,4,2,L3Neighbor,17.00
1760466554065,9,4,3,L3Neighbor,7.00
1760466554065,7,4,,L3Serving,21.00
1760466554065,7,4,3,L3Neighbor,9.00
1760466554065,7,4,2,L3Neighbor,8.00
1760466554065,10,4,,L3Serving,0.00
1760466554192,5,3,,L3Serving,-9.00
1760466554192,5,3,5,L3Neighbor,-2.00
1760466554192,5,3,2,L3Neighbor,-10.00
1760466570938,2,5,,L3Serving,11.00
1760466570938,2,5,2,L3Neighbor,-4.00
1760466570938,2,5,4,L3Neighbor,-11.00
1760466570938,3,5,,L3Serving,25.00
1760466570938,3,5,2,L3Neighbor,14.00
1760466570938,3,5,4,L3Neighbor,7.00
1760466570938,6,5,,L3Serving,-11.00
1760466570938,6,5,4,L3Neighbor,6.00
1760466570938,6,5,3,L3Neighbor,-22.00
1760466570938,4,5,,L3Serving,19.00
1760466570938,4,5,2,L3Neighbor,3.00
1760466570938,4,5,4,L3Neighbor,1.00
1760466570938,8,5,,L3Serving,11.00
1760466570938,8,5,4,L3Neighbor,31.00
1760466570938,8,5,2,L3Neighbor,5.00
1760466570938,1,5,,L3Serving,-4.00
1760466570938,1,5,4,L3Neighbor,4.00
1760466570938,1,5,3,L3Neighbor,-2.00
1760466571205,9,4,,L3Serving,15.00
1760466571205,9,4,2,L3Neighbor,15.00
1760466571205,9,4,5,L3Neighbor,6.00
1760466571205,10,4,,L3Serving,2.00
1760466571205,7,4,,L3Serving,20.00
1760466571205,7,4,3,L3Neighbor,8.00
1760466571205,7,4,2,L3Neighbor,7.00
1760466571320,5,3,,L3Serving,-8.00
1760466571320,5,3,5,L3Neighbor,-5.00
1760466571320,5,3,2,L3Neighbor,-11.00
1760466589481,4,5,,L3Serving,19.00
1760466589481,4,5,4,L3Neighbor,4.00
1760466589481,4,5,2,L3Neighbor,2.00
1760466589481,3,5,,L3Serving,43.00
1760466589481,3,5,2,L3Neighbor,14.00
1760466589481,3,5,3,L3Neighbor,-4.00
1760466589481,1,5,,L3Serving,-9.00
1760466589481,2,5,,L3Serving,12.00
1760466589481,2,5,2,L3Neighbor,0.00
1760466589481,2,5,4,L3Neighbor,-7.00
1760466589481,8,5,,L3Serving,27.00
1760466589481,8,5,2,L3Neighbor,37.00
1760466589481,8,5,4,L3Neighbor,6.00
1760466589481,6,5,,L3Serving,-10.00
1760466589481,6,5,4,L3Neighbor,17.00
1760466589481,6,5,3,L3Neighbor,-16.00
1760466589693,10,4,,L3Serving,2.00
1760466589693,10,4,2,L3Neighbor,15.00
1760466589693,10,4,3,L3Neighbor,5.00
1760466589693,7,4,,L3Serving,25.00
1760466589693,7,4,3,L3Neighbor,9.00
1760466589693,7,4,2,L3Neighbor,0.00
1760466589693,9,4,,L3Serving,20.00
1760466589693,9,4,2,L3Neighbor,6.00
1760466589693,9,4,5,L3Neighbor,6.00
1760466589807,5,3,,L3Serving,-3.00
1760466606758,2,5,,L3Serving,13.00
1760466606758,2,5,2,L3Neighbor,3.00
1760466606758,2,5,4,L3Neighbor,-8.00
1760466606758,6,5,,L3Serving,-8.00
1760466606758,6,5,4,L3Neighbor,16.00
1760466606758,6,5,3,L3Neighbor,-15.00
1760466606758,3,5,,L3Serving,43.00
1760466606758,3,5,2,L3Neighbor,19.00
1760466606758,3,5,4,L3Neighbor,-6.00
1760466606758,8,5,,L3Serving,26.00
1760466606758,8,5,2,L3Neighbor,36.00
1760466606758,8,5,4,L3Neighbor,7.00
1760466606758,1,5,,L3Serving,-10.00
1760466606758,4,5,,L3Serving,18.00
1760466606758,4,5,4,L3Neighbor,5.00
1760466606758,4,5,2,L3Neighbor,0.00
1760466606988,10,4,,L3Serving,1.00
1760466606988,10,4,2,L3Neighbor,15.00
1760466606988,10,4,3,L3Neighbor,4.00
1760466606988,7,4,,L3Serving,23.00
1760466606988,7,4,3,L3Neighbor,10.00
1760466606988,7,4,2,L3Neighbor,-1.00
1760466606988,9,4,,L3Serving,20.00
1760466606988,9,4,2,L3Neighbor,9.00
1760466606988,9,4,5,L3Neighbor,5.00
1760466607119,5,3,,L3Serving,-1.00
1760466607119,5,3,2,L3Neighbor,25.00
1760466607119,5,3,4,L3Neighbor,21.00
1760466625015,6,5,,L3Serving,-10.00
1760466625015,6,5,4,L3Neighbor,-6.00
1760466625015,6,5,3,L3Neighbor,-16.00
1760466625015,1,5,,L3Serving,-10.00
1760466625015,4,5,,L3Serving,14.00
1760466625015,4,5,2,L3Neighbor,1.00
1760466625015,4,5,3,L3Neighbor,1.00
1760466625015,2,5,,L3Serving,7.00
1760466625015,2,5,2,L3Neighbor,-4.00
1760466625015,2,5,4,L3Neighbor,-8.00
1760466625015,8,5,,L3Serving,7.00
1760466625015,8,5,2,L3Neighbor,8.00
1760466625015,8,5,4,L3Neighbor,6.00
1760466625015,3,5,,L3Serving,37.00
1760466625015,3,5,2,L3Neighbor,25.00
1760466625015,3,5,4,L3Neighbor,-5.00
1760466625286,10,4,,L3Serving,43.00
1760466625286,10,4,2,L3Neighbor,12.00
1760466625286,10,4,3,L3Neighbor,7.00
1760466625286,9,4,,L3Serving,34.00
1760466625286,9,4,2,L3Neighbor,25.00
1760466625286,9,4,5,L3Neighbor,9.00
1760466625286,7,4,,L3Serving,24.00
1760466625286,7,4,3,L3Neighbor,15.00
1760466625286,7,4,2,L3Neighbor,3.00
1760466625439,5,3,,L3Serving,-6.00
1760466625439,5,3,2,L3Neighbor,-4.00
1760466625439,5,3,5,L3Neighbor,-5.00
1760466644651,3,5,,L3Serving,32.00
1760466644651,3,5,2,L3Neighbor,25.00
1760466644651,3,5,4,L3Neighbor,-5.00
1760466644651,1,5,,L3Serving,-8.00
1760466644651,4,5,,L3Serving,15.00
1760466644651,4,5,3,L3Neighbor,1.00
1760466644651,4,5,2,L3Neighbor,0.00
1760466644651,6,5,,L3Serving,-11.00
1760466644651,6,5,4,L3Neighbor,-6.00
1760466644651,6,5,3,L3Neighbor,-16.00
1760466644651,2,5,,L3Serving,10.00
1760466644651,2,5,2,L3Neighbor,3.00
1760466644651,2,5,4,L3Neighbor,-5.00
1760466644651,8,5,,L3Serving,6.00
1760466644651,8,5,2,L3Neighbor,9.00
1760466644651,8,5,4,L3Neighbor,7.00
1760466644862,10,4,,L3Serving,42.00
1760466644862,10,4,2,L3Neighbor,8.00
1760466644862,10,4,3,L3Neighbor,8.00
1760466644862,9,4,,L3Serving,34.00
1760466644862,9,4,2,L3Neighbor,26.00
1760466644862,9,4,3,L3Neighbor,7.00
1760466644862,7,4,,L3Serving,28.00
1760466644862,7,4,3,L3Neighbor,16.00
1760466644862,7,4,2,L3Neighbor,3.00
1760466644978,5,3,,L3Serving,-9.00
1760466644978,5,3,2,L3Neighbor,-4.00
1760466644978,5,3,5,L3Neighbor,-4.00
1760466663864,4,5,,L3Serving,17.00
1760466663864,4,5,3,L3Neighbor,3.00
1760466663864,4,5,4,L3Neighbor,1.00
1760466663864,8,5,,L3Serving,32.00
1760466663864,8,5,2,L3Neighbor,10.00
1760466663864,8,5,4,L3Neighbor,8.00
1760466663864,2,5,,L3Serving,10.00
1760466663864,2,5,2,L3Neighbor,0.00
1760466663864,2,5,4,L3Neighbor,-7.00
1760466663864,3,5,,L3Serving,37.00
1760466663864,3,5,2,L3Neighbor,12.00
1760466663864,3,5,4,L3Neighbor,-5.00
1760466663864,1,5,,L3Serving,-9.00
1760466663864,6,5,,L3Serving,-10.00
1760466663864,6,5,4,L3Neighbor,-5.00
1760466663864,6,5,3,L3Neighbor,-21.00
1760466664104,9,4,,L3Serving,11.00
1760466664104,9,4,3,L3Neighbor,7.00
1760466664104,9,4,5,L3Neighbor,4.00
1760466664104,7,4,,L3Serving,42.00
1760466664104,7,4,2,L3Neighbor,31.00
1760466664104,7,4,3,L3Neighbor,9.00
1760466664104,10,4,,L3Serving,12.00
1760466664104,10,4,2,L3Neighbor,7.00
1760466664104,10,4,3,L3Neighbor,5.00
1760466664239,5,3,,L3Serving,-6.00
1760466664239,5,3,2,L3Neighbor,25.00
1760466664239,5,3,5,L3Neighbor,-8.00
1760466681692,6,5,,L3Serving,-11.00
1760466681692,6,5,4,L3Neighbor,-6.00
1760466681692,6,5,3,L3Neighbor,-17.00
1760466681692,1,5,,L3Serving,-8.00
1760466681692,2,5,,L3Serving,10.00
1760466681692,2,5,2,L3Neighbor,1.00
1760466681692,2,5,4,L3Neighbor,-5.00
1760466681692,8,5,,L3Serving,32.00
1760466681692,8,5,2,L3Neighbor,11.00
1760466681692,8,5,4,L3Neighbor,9.00
1760466681692,4,5,,L3Serving,18.00
1760466681692,4,5,3,L3Neighbor,5.00
1760466681692,4,5,2,L3Neighbor,0.00
1760466681692,3,5,,L3Serving,37.00
1760466681692,3,5,2,L3Neighbor,12.00
1760466681692,3,5,3,L3Neighbor,-5.00
1760466682052,5,3,,L3Serving,-4.00
1760466682052,5,3,2,L3Neighbor,25.00
1760466682052,5,3,5,L3Neighbor,-9.00
1760466681917,9,4,,L3Serving,11.00
1760466681917,9,4,3,L3Neighbor,6.00
1760466681917,9,4,5,L3Neighbor,5.00
1760466681917,7,4,,L3Serving,42.00
1760466681917,7,4,2,L3Neighbor,32.00
1760466681917,7,4,3,L3Neighbor,6.00
1760466681917,10,4,,L3Serving,11.00
1760466681917,10,4,2,L3Neighbor,5.00
1760466681917,10,4,3,L3Neighbor,5.00
1760466699615,3,5,,L3Serving,25.00
1760466699615,3,5,2,L3Neighbor,11.00
1760466699615,3,5,4,L3Neighbor,-1.00
1760466699615,8,5,,L3Serving,33.00
1760466699615,8,5,4,L3Neighbor,12.00
1760466699615,8,5,2,L3Neighbor,7.00
1760466699615,2,5,,L3Serving,39.00
1760466699615,2,5,2,L3Neighbor,6.00
1760466699615,2,5,4,L3Neighbor,-8.00
1760466699615,4,5,,L3Serving,19.00
1760466699615,4,5,3,L3Neighbor,5.00
1760466699615,4,5,2,L3Neighbor,5.00
1760466699615,6,5,,L3Serving,-9.00
1760466699615,6,5,4,L3Neighbor,-4.00
1760466699615,6,5,3,L3Neighbor,-20.00
1760466699615,1,5,,L3Serving,-5.00
1760466699847,7,4,,L3Serving,40.00
1760466699847,7,4,2,L3Neighbor,13.00
1760466699847,7,4,3,L3Neighbor,7.00
1760466699847,10,4,,L3Serving,14.00
1760466699847,10,4,2,L3Neighbor,7.00
1760466699847,10,4,5,L3Neighbor,-2.00
1760466699847,9,4,,L3Serving,8.00
1760466699847,9,4,5,L3Neighbor,10.00
1760466699847,9,4,3,L3Neighbor,4.00
1760466699987,5,3,,L3Serving,-4.00
1760466699987,5,3,2,L3Neighbor,-5.00
1760466699987,5,3,5,L3Neighbor,-7.00
1760466719619,2,5,,L3Serving,39.00
1760466719619,2,5,2,L3Neighbor,5.00
1760466719619,2,5,4,L3Neighbor,-9.00
1760466719619,6,5,,L3Serving,-11.00
1760466719619,6,5,4,L3Neighbor,-7.00
1760466719619,6,5,3,L3Neighbor,-19.00
1760466719619,4,5,,L3Serving,21.00
1760466719619,4,5,2,L3Neighbor,5.00
1760466719619,4,5,3,L3Neighbor,3.00
1760466719619,8,5,,L3Serving,33.00
1760466719619,8,5,4,L3Neighbor,11.00
1760466719619,8,5,2,L3Neighbor,9.00
1760466719619,1,5,,L3Serving,-7.00
1760466719619,3,5,,L3Serving,27.00
1760466719619,3,5,2,L3Neighbor,11.00
1760466719619,3,5,3,L3Neighbor,-2.00
1760466719815,9,4,,L3Serving,8.00
1760466719815,9,4,5,L3Neighbor,9.00
1760466719815,9,4,3,L3Neighbor,3.00
1760466719815,10,4,,L3Serving,14.00
1760466719815,10,4,2,L3Neighbor,4.00
1760466719815,10,4,5,L3Neighbor,-2.00
1760466719815,7,4,,L3Serving,40.00
1760466719815,7,4,2,L3Neighbor,13.00
1760466719815,7,4,3,L3Neighbor,9.00
1760466719931,5,3,,L3Serving,-4.00
1760466719931,5,3,5,L3Neighbor,-8.00
1760466719931,5,3,4,L3Neighbor,-10.00
1760466737861,3,5,,L3Serving,25.00
1760466737861,3,5,2,L3Neighbor,11.00
1760466737861,3,5,3,L3Neighbor,1.00
1760466737861,1,5,,L3Serving,41.00
1760466737861,1,5,2,L3Neighbor,12.00
1760466737861,1,5,4,L3Neighbor,10.00
1760466737861,4,5,,L3Serving,21.00
1760466737861,4,5,4,L3Neighbor,1.00
1760466737861,4,5,3,L3Neighbor,0.00
1760466737861,6,5,,L3Serving,-9.00
1760466737861,6,5,4,L3Neighbor,-2.00
1760466737861,6,5,3,L3Neighbor,-17.00
1760466737861,2,5,,L3Serving,6.00
1760466737861,2,5,2,L3Neighbor,-1.00
1760466737861,2,5,4,L3Neighbor,-10.00
1760466737861,8,5,,L3Serving,10.00
1760466737861,8,5,2,L3Neighbor,16.00
1760466737861,8,5,4,L3Neighbor,15.00
1760466738111,10,4,,L3Serving,11.00
1760466738111,10,4,2,L3Neighbor,0.00
1760466738111,10,4,5,L3Neighbor,-2.00
1760466738111,7,4,,L3Serving,25.00
1760466738111,7,4,2,L3Neighbor,35.00
1760466738111,7,4,5,L3Neighbor,19.00
1760466738111,9,4,,L3Serving,43.00
1760466738111,9,4,5,L3Neighbor,7.00
1760466738111,9,4,3,L3Neighbor,2.00
1760466738212,5,3,,L3Serving,-6.00
1760466738212,5,3,5,L3Neighbor,-2.00
1760466738212,5,3,4,L3Neighbor,-6.00
1760466756722,8,5,,L3Serving,8.00
1760466756722,8,5,4,L3Neighbor,15.00
1760466756722,8,5,2,L3Neighbor,14.00
1760466756722,4,5,,L3Serving,18.00
1760466756722,4,5,3,L3Neighbor,3.00
1760466756722,4,5,4,L3Neighbor,2.00
1760466756722,3,5,,L3Serving,26.00
1760466756722,3,5,2,L3Neighbor,8.00
1760466756722,3,5,3,L3Neighbor,1.00
1760466756722,6,5,,L3Serving,-8.00
1760466756722,6,5,4,L3Neighbor,-2.00
1760466756722,6,5,3,L3Neighbor,-14.00
1760466756722,1,5,,L3Serving,42.00
1760466756722,1,5,4,L3Neighbor,11.00
1760466756722,1,5,2,L3Neighbor,10.00
1760466756722,2,5,,L3Serving,5.00
1760466756722,2,5,2,L3Neighbor,0.00
1760466756722,2,5,4,L3Neighbor,-9.00
1760466756938,7,4,,L3Serving,27.00
1760466756938,7,4,2,L3Neighbor,34.00
1760466756938,7,4,5,L3Neighbor,19.00
1760466756938,10,4,,L3Serving,9.00
1760466756938,10,4,2,L3Neighbor,4.00
1760466756938,10,4,5,L3Neighbor,0.00
1760466756938,9,4,,L3Serving,44.00
1760466756938,9,4,5,L3Neighbor,8.00
1760466756938,9,4,3,L3Neighbor,4.00
1760466757049,5,3,,L3Serving,-5.00
1760466757049,5,3,4,L3Neighbor,-4.00
1760466757049,5,3,5,L3Neighbor,-6.00
1760466775590,3,5,,L3Serving,32.00
1760466775590,3,5,2,L3Neighbor,31.00
1760466775590,3,5,3,L3Neighbor,-8.00
1760466775590,2,5,,L3Serving,2.00
1760466775590,2,5,2,L3Neighbor,4.00
1760466775590,2,5,4,L3Neighbor,-9.00
1760466775590,8,5,,L3Serving,12.00
1760466775590,8,5,4,L3Neighbor,13.00
1760466775590,8,5,2,L3Neighbor,6.00
1760466775590,4,5,,L3Serving,14.00
1760466775590,4,5,2,L3Neighbor,5.00
1760466775590,4,5,4,L3Neighbor,1.00
1760466775590,1,5,,L3Serving,5.00
1760466775590,1,5,2,L3Neighbor,12.00
1760466775590,1,5,4,L3Neighbor,9.00
1760466775590,6,5,,L3Serving,-11.00
1760466775590,6,5,4,L3Neighbor,13.00
1760466775590,6,5,3,L3Neighbor,-17.00
1760466775853,10,4,,L3Serving,9.00
1760466775853,10,4,5,L3Neighbor,35.00
1760466775853,10,4,2,L3Neighbor,5.00
1760466775853,9,4,,L3Serving,13.00
1760466775853,9,4,5,L3Neighbor,16.00
1760466775853,9,4,3,L3Neighbor,5.00
1760466775853,7,4,,L3Serving,47.00
1760466775853,7,4,3,L3Neighbor,6.00
1760466775853,7,4,2,L3Neighbor,2.00
1760466775975,5,3,,L3Serving,-1.00
1760466775975,5,3,2,L3Neighbor,-4.00
1760466775975,5,3,4,L3Neighbor,-7.00
1760466793207,8,5,,L3Serving,12.00
1760466793207,8,5,4,L3Neighbor,13.00
1760466793207,8,5,2,L3Neighbor,6.00
1760466793207,6,5,,L3Serving,-12.00
1760466793207,6,5,4,L3Neighbor,13.00
1760466793207,6,5,3,L3Neighbor,-20.00
1760466793207,1,5,,L3Serving,4.00
1760466793207,1,5,2,L3Neighbor,11.00
1760466793207,1,5,4,L3Neighbor,8.00
1760466793207,2,5,,L3Serving,2.00
1760466793207,2,5,2,L3Neighbor,1.00
1760466793207,2,5,4,L3Neighbor,-10.00
1760466793207,3,5,,L3Serving,31.00
1760466793207,3,5,2,L3Neighbor,31.00
1760466793207,3,5,4,L3Neighbor,-10.00
1760466793207,4,5,,L3Serving,18.00
1760466793207,4,5,2,L3Neighbor,0.00
1760466793207,4,5,3,L3Neighbor,0.00
1760466793427,7,4,,L3Serving,46.00
1760466793427,7,4,3,L3Neighbor,5.00
1760466793427,7,4,2,L3Neighbor,4.00
1760466793427,9,4,,L3Serving,10.00
1760466793427,9,4,5,L3Neighbor,14.00
1760466793427,9,4,3,L3Neighbor,1.00
1760466793427,10,4,,L3Serving,8.00
1760466793427,10,4,5,L3Neighbor,33.00
1760466793427,10,4,2,L3Neighbor,5.00
1760466793547,5,3,,L3Serving,3.00
1760466793547,5,3,2,L3Neighbor,-3.00
1760466793547,5,3,5,L3Neighbor,-7.00
1760466812390,2,5,,L3Serving,2.00
1760466812390,2,5,2,L3Neighbor,-3.00
1760466812390,2,5,4,L3Neighbor,-4.00
1760466812390,1,5,,L3Serving,0.00
1760466812390,1,5,2,L3Neighbor,11.00
1760466812390,1,5,4,L3Neighbor,11.00
1760466812390,4,5,,L3Serving,24.00
1760466812390,4,5,4,L3Neighbor,3.00
1760466812390,4,5,2,L3Neighbor,-1.00
1760466812390,3,5,,L3Serving,29.00
1760466812390,3,5,2,L3Neighbor,8.00
1760466812390,3,5,3,L3Neighbor,0.00
1760466812390,6,5,,L3Serving,-9.00
1760466812390,6,5,4,L3Neighbor,-10.00
1760466812390,6,5,3,L3Neighbor,-18.00
1760466812390,8,5,,L3Serving,8.00
1760466812390,8,5,2,L3Neighbor,12.00
1760466812390,8,5,4,L3Neighbor,11.00
1760466812595,9,4,,L3Serving,36.00
1760466812595,9,4,5,L3Neighbor,7.00
1760466812595,9,4,3,L3Neighbor,1.00
1760466812595,7,4,,L3Serving,47.00
1760466812595,7,4,2,L3Neighbor,9.00
1760466812595,7,4,3,L3Neighbor,8.00
1760466812595,10,4,,L3Serving,19.00
1760466812595,10,4,5,L3Neighbor,17.00
1760466812595,10,4,2,L3Neighbor,1.00
1760466812713,5,3,,L3Serving,0.00
1760466812713,5,3,2,L3Neighbor,0.00
1760466812713,5,3,5,L3Neighbor,-4.00
1760466831015,1,5,,L3Serving,3.00
1760466831015,1,5,4,L3Neighbor,14.00
1760466831015,1,5,2,L3Neighbor,12.00
1760466831015,4,5,,L3Serving,23.00
1760466831015,4,5,4,L3Neighbor,2.00
1760466831015,4,5,2,L3Neighbor,-1.00
1760466831015,6,5,,L3Serving,-9.00
1760466831015,6,5,4,L3Neighbor,-10.00
1760466831015,6,5,3,L3Neighbor,-17.00
1760466831015,8,5,,L3Serving,10.00
1760466831015,8,5,4,L3Neighbor,11.00
1760466831015,8,5,2,L3Neighbor,10.00
1760466831015,2,5,,L3Serving,1.00
1760466831015,2,5,2,L3Neighbor,-4.00
1760466831015,2,5,4,L3Neighbor,-6.00
1760466831015,3,5,,L3Serving,29.00
1760466831015,3,5,2,L3Neighbor,7.00
1760466831015,3,5,3,L3Neighbor,0.00
1760466831235,7,4,,L3Serving,47.00
1760466831235,7,4,2,L3Neighbor,8.00
1760466831235,7,4,3,L3Neighbor,5.00
1760466831235,10,4,,L3Serving,25.00
1760466831235,10,4,5,L3Neighbor,17.00
1760466831235,10,4,2,L3Neighbor,4.00
1760466831235,9,4,,L3Serving,37.00
1760466831235,9,4,5,L3Neighbor,5.00
1760466831235,9,4,3,L3Neighbor,4.00
1760466831349,5,3,,L3Serving,0.00
1760466831349,5,3,2,L3Neighbor,-2.00
1760466831349,5,3,4,L3Neighbor,-3.00
1760466851622,8,5,,L3Serving,10.00
1760466851622,8,5,4,L3Neighbor,11.00
1760466851622,8,5,2,L3Neighbor,9.00
1760466851622,3,5,,L3Serving,32.00
1760466851622,3,5,2,L3Neighbor,4.00
1760466851622,3,5,3,L3Neighbor,-2.00
1760466851622,6,5,,L3Serving,-6.00
1760466851622,6,5,4,L3Neighbor,-10.00
1760466851622,6,5,3,L3Neighbor,-14.00
1760466851622,2,5,,L3Serving,0.00
1760466851622,2,5,2,L3Neighbor,-2.00
1760466851622,2,5,4,L3Neighbor,-6.00
1760466851622,1,5,,L3Serving,6.00
1760466851622,1,5,2,L3Neighbor,11.00
1760466851622,1,5,4,L3Neighbor,10.00
1760466851622,4,5,,L3Serving,15.00
1760466851622,4,5,2,L3Neighbor,2.00
1760466851622,4,5,3,L3Neighbor,-3.00
1760466851848,10,4,,L3Serving,11.00
1760466851848,10,4,5,L3Neighbor,17.00
1760466851848,10,4,2,L3Neighbor,0.00
1760466851848,7,4,,L3Serving,30.00
1760466851848,7,4,2,L3Neighbor,5.00
1760466851848,7,4,3,L3Neighbor,1.00
1760466851848,9,4,,L3Serving,-3.00
1760466851848,9,4,5,L3Neighbor,8.00
1760466851848,9,4,3,L3Neighbor,6.00
1760466851997,5,3,,L3Serving,0.00
1760466851997,5,3,2,L3Neighbor,-2.00
1760466851997,5,3,5,L3Neighbor,-5.00
1760466870592,3,5,,L3Serving,32.00
1760466870592,3,5,2,L3Neighbor,4.00
1760466870592,3,5,3,L3Neighbor,0.00
1760466870592,8,5,,L3Serving,9.00
1760466870592,8,5,2,L3Neighbor,11.00
1760466870592,8,5,4,L3Neighbor,9.00
1760466870592,2,5,,L3Serving,0.00
1760466870592,2,5,2,L3Neighbor,-1.00
1760466870592,2,5,4,L3Neighbor,-6.00
1760466870592,6,5,,L3Serving,-7.00
1760466870592,6,5,3,L3Neighbor,-11.00
1760466870592,6,5,4,L3Neighbor,-11.00
1760466870592,4,5,,L3Serving,15.00
1760466870592,4,5,2,L3Neighbor,2.00
1760466870592,4,5,3,L3Neighbor,-3.00
1760466870592,1,5,,L3Serving,7.00
1760466870592,1,5,2,L3Neighbor,13.00
1760466870592,1,5,4,L3Neighbor,9.00
1760466870827,7,4,,L3Serving,28.00
1760466870827,7,4,2,L3Neighbor,5.00
1760466870827,7,4,3,L3Neighbor,1.00
1760466870827,10,4,,L3Serving,10.00
1760466870827,10,4,5,L3Neighbor,18.00
1760466870827,10,4,2,L3Neighbor,2.00
1760466870827,9,4,,L3Serving,-3.00
1760466870827,9,4,5,L3Neighbor,8.00
1760466870827,9,4,3,L3Neighbor,6.00
1760466870965,5,3,,L3Serving,0.00
1760466870965,5,3,5,L3Neighbor,-3.00
1760466870965,5,3,2,L3Neighbor,-4.00
1760466889448,4,5,,L3Serving,12.00
1760466889448,4,5,2,L3Neighbor,1.00
1760466889448,4,5,3,L3Neighbor,0.00
1760466889448,1,5,,L3Serving,39.00
1760466889448,1,5,4,L3Neighbor,14.00
1760466889448,1,5,2,L3Neighbor,11.00
1760466889448,2,5,,L3Serving,23.00
1760466889448,2,5,2,L3Neighbor,-2.00
1760466889448,2,5,4,L3Neighbor,-3.00
1760466889448,3,5,,L3Serving,34.00
1760466889448,3,5,2,L3Neighbor,6.00
1760466889448,3,5,3,L3Neighbor,-4.00
1760466889448,8,5,,L3Serving,35.00
1760466889448,8,5,4,L3Neighbor,10.00
1760466889448,8,5,2,L3Neighbor,8.00
1760466889448,6,5,,L3Serving,-12.00
1760466889448,6,5,4,L3Neighbor,-10.00
1760466889448,6,5,3,L3Neighbor,-14.00
1760466889662,10,4,,L3Serving,18.00
1760466889662,10,4,5,L3Neighbor,18.00
1760466889662,10,4,2,L3Neighbor,2.00
1760466889662,7,4,,L3Serving,40.00
1760466889662,7,4,2,L3Neighbor,3.00
1760466889662,7,4,3,L3Neighbor,3.00
1760466889662,9,4,,L3Serving,-6.00
1760466889785,5,3,,L3Serving,-4.00
1760466889785,5,3,4,L3Neighbor,0.00
1760466889785,5,3,2,L3Neighbor,-1.00
1760466907039,6,5,,L3Serving,-13.00
1760466907039,6,5,4,L3Neighbor,-9.00
1760466907039,6,5,3,L3Neighbor,-10.00
1760466907039,2,5,,L3Serving,23.00
1760466907039,2,5,4,L3Neighbor,-1.00
1760466907039,2,5,2,L3Neighbor,-3.00
1760466907039,8,5,,L3Serving,36.00
1760466907039,8,5,4,L3Neighbor,10.00
1760466907039,8,5,2,L3Neighbor,7.00
1760466907039,4,5,,L3Serving,14.00
1760466907039,4,5,2,L3Neighbor,3.00
1760466907039,4,5,3,L3Neighbor,-1.00
1760466907039,3,5,,L3Serving,34.00
1760466907039,3,5,2,L3Neighbor,6.00
1760466907039,3,5,3,L3Neighbor,-6.00
1760466907039,1,5,,L3Serving,38.00
1760466907039,1,5,4,L3Neighbor,13.00
1760466907039,1,5,2,L3Neighbor,7.00
1760466907240,9,4,,L3Serving,-2.00
1760466907240,9,4,5,L3Neighbor,7.00
1760466907240,9,4,3,L3Neighbor,4.00
1760466907240,7,4,,L3Serving,41.00
1760466907240,7,4,2,L3Neighbor,7.00
1760466907240,7,4,3,L3Neighbor,1.00
1760466907240,10,4,,L3Serving,21.00
1760466907240,10,4,5,L3Neighbor,15.00
1760466907240,10,4,2,L3Neighbor,5.00
1760466907428,5,3,,L3Serving,-4.00
1760466907428,5,3,2,L3Neighbor,0.00
1760466907428,5,3,4,L3Neighbor,-1.00
1760466925534,3,5,,L3Serving,32.00
1760466925534,3,5,2,L3Neighbor,9.00
1760466925534,3,5,3,L3Neighbor,-4.00
1760466925534,6,5,,L3Serving,-4.00
1760466925534,6,5,4,L3Neighbor,-8.00
1760466925534,6,5,3,L3Neighbor,-10.00
1760466925534,1,5,,L3Serving,5.00
1760466925534,1,5,2,L3Neighbor,13.00
1760466925534,1,5,4,L3Neighbor,12.00
1760466925534,4,5,,L3Serving,20.00
1760466925534,4,5,2,L3Neighbor,6.00
1760466925534,4,5,3,L3Neighbor,0.00
1760466925534,2,5,,L3Serving,20.00
1760466925534,2,5,2,L3Neighbor,0.00
1760466925534,2,5,4,L3Neighbor,-5.00
1760466925534,8,5,,L3Serving,6.00
1760466925534,8,5,4,L3Neighbor,11.00
1760466925534,8,5,2,L3Neighbor,10.00
1760466925728,7,4,,L3Serving,46.00
1760466925728,7,4,2,L3Neighbor,18.00
1760466925728,7,4,3,L3Neighbor,2.00
1760466925728,10,4,,L3Serving,22.00
1760466925728,10,4,5,L3Neighbor,15.00
1760466925728,10,4,2,L3Neighbor,12.00
1760466925728,9,4,,L3Serving,38.00
1760466925728,9,4,3,L3Neighbor,6.00
1760466925728,9,4,5,L3Neighbor,5.00
1760466925885,5,3,,L3Serving,4.00
1760466925885,5,3,5,L3Neighbor,20.00
1760466925885,5,3,2,L3Neighbor,0.00
1760466943389,2,5,,L3Serving,20.00
1760466943389,2,5,2,L3Neighbor,-4.00
1760466943389,2,5,3,L3Neighbor,-11.00
1760466943389,1,5,,L3Serving,6.00
1760466943389,1,5,4,L3Neighbor,15.00
1760466943389,1,5,2,L3Neighbor,14.00
1760466943389,8,5,,L3Serving,6.00
1760466943389,8,5,4,L3Neighbor,13.00
1760466943389,8,5,2,L3Neighbor,11.00
1760466943389,6,5,,L3Serving,-5.00
1760466943389,6,5,4,L3Neighbor,-8.00
1760466943389,6,5,3,L3Neighbor,-10.00
1760466943389,3,5,,L3Serving,29.00
1760466943389,3,5,2,L3Neighbor,7.00
1760466943389,3,5,3,L3Neighbor,-2.00
1760466943389,4,5,,L3Serving,16.00
1760466943389,4,5,2,L3Neighbor,4.00
1760466943389,4,5,3,L3Neighbor,0.00
1760466943599,9,4,,L3Serving,39.00
1760466943599,9,4,3,L3Neighbor,7.00
1760466943599,9,4,5,L3Neighbor,6.00
1760466943599,10,4,,L3Serving,22.00
1760466943599,10,4,5,L3Neighbor,19.00
1760466943599,10,4,2,L3Neighbor,14.00
1760466943599,7,4,,L3Serving,48.00
1760466943599,7,4,2,L3Neighbor,19.00
1760466943599,7,4,3,L3Neighbor,2.00
1760466943718,5,3,,L3Serving,5.00
1760466943718,5,3,5,L3Neighbor,20.00
1760466943718,5,3,4,L3Neighbor,1.00
1760466962156,4,5,,L3Serving,14.00
1760466962156,4,5,2,L3Neighbor,6.00
1760466962156,4,5,4,L3Neighbor,0.00
1760466962156,6,5,,L3Serving,-3.00
1760466962156,6,5,4,L3Neighbor,-7.00
1760466962156,6,5,3,L3Neighbor,-9.00
1760466962156,1,5,,L3Serving,6.00
1760466962156,1,5,4,L3Neighbor,13.00
1760466962156,1,5,2,L3Neighbor,10.00
1760466962156,8,5,,L3Serving,34.00
1760466962156,8,5,2,L3Neighbor,16.00
1760466962156,8,5,4,L3Neighbor,15.00
1760466962156,3,5,,L3Serving,36.00
1760466962156,3,5,2,L3Neighbor,1.00
1760466962156,3,5,3,L3Neighbor,-5.00
1760466962156,2,5,,L3Serving,0.00
1760466962156,2,5,4,L3Neighbor,-2.00
1760466962156,2,5,2,L3Neighbor,-3.00
1760466962353,9,4,,L3Serving,40.00
1760466962353,9,4,5,L3Neighbor,5.00
1760466962353,9,4,3,L3Neighbor,3.00
1760466962353,7,4,,L3Serving,46.00
1760466962353,7,4,2,L3Neighbor,12.00
1760466962353,7,4,3,L3Neighbor,1.00
1760466962353,10,4,,L3Serving,16.00
1760466962353,10,4,5,L3Neighbor,19.00
1760466962353,10,4,2,L3Neighbor,9.00
1760466962512,5,3,,L3Serving,1.00
1760466962512,5,3,2,L3Neighbor,4.00
1760466962512,5,3,5,L3Neighbor,1.00
1760466979651,4,5,,L3Serving,15.00
1760466979651,4,5,4,L3Neighbor,3.00
1760466979651,4,5,2,L3Neighbor,2.00
1760466979651,6,5,,L3Serving,-5.00
1760466979651,6,5,4,L3Neighbor,-9.00
1760466979651,6,5,3,L3Neighbor,-9.00
1760466979651,2,5,,L3Serving,1.00
1760466979651,2,5,4,L3Neighbor,0.00
1760466979651,2,5,2,L3Neighbor,-3.00
1760466979651,1,5,,L3Serving,6.00
1760466979651,1,5,4,L3Neighbor,11.00
1760466979651,1,5,2,L3Neighbor,7.00
1760466979651,3,5,,L3Serving,40.00
1760466979651,3,5,2,L3Neighbor,0.00
1760466979651,3,5,3,L3Neighbor,-5.00
1760466979651,8,5,,L3Serving,33.00
1760466979651,8,5,2,L3Neighbor,13.00
1760466979651,8,5,4,L3Neighbor,13.00
1760466979834,10,4,,L3Serving,18.00
1760466979834,10,4,5,L3Neighbor,19.00
1760466979834,10,4,2,L3Neighbor,12.00
1760466979834,9,4,,L3Serving,41.00
1760466979834,9,4,5,L3Neighbor,6.00
1760466979834,9,4,3,L3Neighbor,3.00
1760466979834,7,4,,L3Serving,46.00
1760466979834,7,4,2,L3Neighbor,9.00
1760466979834,7,4,3,L3Neighbor,1.00
1760466979941,5,3,,L3Serving,-1.00
1760466997691,1,5,,L3Serving,9.00
1760466997691,1,5,4,L3Neighbor,13.00
1760466997691,1,5,2,L3Neighbor,8.00
1760466997691,3,5,,L3Serving,35.00
1760466997691,3,5,2,L3Neighbor,2.00
1760466997691,3,5,3,L3Neighbor,-9.00
1760466997691,4,5,,L3Serving,18.00
1760466997691,4,5,4,L3Neighbor,3.00
1760466997691,4,5,3,L3Neighbor,0.00
1760466997691,8,5,,L3Serving,36.00
1760466997691,8,5,4,L3Neighbor,22.00
1760466997691,8,5,2,L3Neighbor,12.00
1760466997691,6,5,,L3Serving,-8.00
1760466997691,6,5,3,L3Neighbor,-5.00
1760466997691,6,5,4,L3Neighbor,-12.00
1760466997691,2,5,,L3Serving,39.00
1760466997691,2,5,4,L3Neighbor,2.00
1760466997691,2,5,2,L3Neighbor,-3.00
1760466997920,9,4,,L3Serving,0.00
1760466997920,9,4,5,L3Neighbor,6.00
1760466997920,9,4,3,L3Neighbor,4.00
1760466997920,10,4,,L3Serving,19.00
1760466997920,10,4,3,L3Neighbor,25.00
1760466997920,10,4,5,L3Neighbor,15.00
1760466997920,7,4,,L3Serving,34.00
1760466997920,7,4,2,L3Neighbor,9.00
1760466997920,7,4,3,L3Neighbor,2.00
1760466998064,5,3,,L3Serving,8.00
1760466998064,5,3,5,L3Neighbor,4.00
1760466998064,5,3,4,L3Neighbor,0.00
1760467016327,2,5,,L3Serving,38.00
1760467016327,2,5,4,L3Neighbor,-1.00
1760467016327,2,5,2,L3Neighbor,-6.00
1760467016327,8,5,,L3Serving,36.00
1760467016327,8,5,4,L3Neighbor,24.00
1760467016327,8,5,2,L3Neighbor,13.00
1760467016327,6,5,,L3Serving,-7.00
1760467016327,6,5,3,L3Neighbor,-5.00
1760467016327,6,5,4,L3Neighbor,-14.00
1760467016327,4,5,,L3Serving,20.00
1760467016327,4,5,4,L3Neighbor,2.00
1760467016327,4,5,3,L3Neighbor,0.00
1760467016327,1,5,,L3Serving,11.00
1760467016327,1,5,4,L3Neighbor,11.00
1760467016327,1,5,2,L3Neighbor,8.00
1760467016327,3,5,,L3Serving,33.00
1760467016327,3,5,2,L3Neighbor,-1.00
1760467016327,3,5,3,L3Neighbor,-8.00
1760467016539,10,4,,L3Serving,20.00
1760467016539,10,4,3,L3Neighbor,25.00
1760467016539,10,4,5,L3Neighbor,16.00
1760467016539,7,4,,L3Serving,34.00
1760467016539,7,4,2,L3Neighbor,8.00
1760467016539,7,4,3,L3Neighbor,4.00
1760467016539,9,4,,L3Serving,0.00
1760467016668,5,3,,L3Serving,3.00
1760467016668,5,3,5,L3Neighbor,3.00
1760467016668,5,3,2,L3Neighbor,0.00
1760467033933,3,5,,L3Serving,48.00
1760467033933,3,5,2,L3Neighbor,2.00
1760467033933,3,5,3,L3Neighbor,-6.00
1760467033933,4,5,,L3Serving,15.00
1760467033933,4,5,4,L3Neighbor,4.00
1760467033933,4,5,2,L3Neighbor,1.00
1760467033933,1,5,,L3Serving,9.00
1760467033933,1,5,4,L3Neighbor,11.00
1760467033933,1,5,2,L3Neighbor,6.00
1760467033933,6,5,,L3Serving,-13.00
1760467033933,6,5,3,L3Neighbor,-4.00
1760467033933,6,5,4,L3Neighbor,-11.00
1760467033933,8,5,,L3Serving,9.00
1760467033933,8,5,2,L3Neighbor,17.00
1760467033933,8,5,3,L3Neighbor,0.00
1760467033933,2,5,,L3Serving,16.00
1760467033933,2,5,4,L3Neighbor,2.00
1760467033933,2,5,3,L3Neighbor,-9.00
1760467034152,10,4,,L3Serving,22.00
1760467034152,10,4,5,L3Neighbor,24.00
1760467034152,10,4,3,L3Neighbor,16.00
1760467034152,9,4,,L3Serving,3.00
1760467034152,9,4,5,L3Neighbor,5.00
1760467034152,9,4,3,L3Neighbor,4.00
1760467034152,7,4,,L3Serving,35.00
1760467034152,7,4,2,L3Neighbor,7.00
1760467034152,7,4,3,L3Neighbor,2.00
1760467034285,5,3,,L3Serving,4.00
1760467034285,5,3,4,L3Neighbor,3.00
1760467034285,5,3,2,L3Neighbor,-1.00
1760467052623,3,5,,L3Serving,47.00
1760467052623,3,5,2,L3Neighbor,1.00
1760467052623,3,5,3,L3Neighbor,-5.00
1760467052623,1,5,,L3Serving,9.00
1760467052623,1,5,4,L3Neighbor,12.00
1760467052623,1,5,2,L3Neighbor,6.00
1760467052623,6,5,,L3Serving,-12.00
1760467052623,6,5,3,L3Neighbor,-4.00
1760467052623,6,5,4,L3Neighbor,-8.00
1760467052623,2,5,,L3Serving,15.00
1760467052623,2,5,4,L3Neighbor,3.00
1760467052623,2,5,2,L3Neighbor,-6.00
1760467052623,8,5,,L3Serving,9.00
1760467052623,8,5,2,L3Neighbor,15.00
1760467052623,8,5,3,L3Neighbor,0.00
1760467052623,4,5,,L3Serving,17.00
1760467052623,4,5,4,L3Neighbor,6.00
1760467052623,4,5,3,L3Neighbor,2.00
1760467052829,10,4,,L3Serving,15.00
1760467052829,10,4,5,L3Neighbor,26.00
1760467052829,10,4,3,L3Neighbor,16.00
1760467052829,9,4,,L3Serving,4.00
1760467052829,9,4,5,L3Neighbor,5.00
1760467052829,9,4,3,L3Neighbor,5.00
1760467052829,7,4,,L3Serving,35.00
1760467052829,7,4,2,L3Neighbor,7.00
1760467052829,7,4,3,L3Neighbor,5.00
1760467053066,5,3,,L3Serving,3.00
1760467053066,5,3,4,L3Neighbor,3.00
1760467053066,5,3,5,L3Neighbor,0.00
1760467071677,2,5,,L3Serving,17.00
1760467071677,2,5,4,L3Neighbor,5.00
1760467071677,2,5,2,L3Neighbor,-3.00
1760467071677,1,5,,L3Serving,10.00
1760467071677,1,5,2,L3Neighbor,16.00
1760467071677,1,5,4,L3Neighbor,14.00
1760467071677,4,5,,L3Serving,19.00
1760467071677,4,5,4,L3Neighbor,6.00
1760467071677,4,5,2,L3Neighbor,0.00
1760467071677,3,5,,L3Serving,36.00
1760467071677,3,5,2,L3Neighbor,0.00
1760467071677,3,5,3,L3Neighbor,-3.00
1760467071677,8,5,,L3Serving,7.00
1760467071677,8,5,2,L3Neighbor,32.00
1760467071677,8,5,3,L3Neighbor,-1.00
1760467071677,6,5,,L3Serving,-12.00
1760467071953,7,4,,L3Serving,48.00
1760467071953,7,4,2,L3Neighbor,11.00
1760467071953,7,4,3,L3Neighbor,2.00
1760467071953,10,4,,L3Serving,16.00
1760467071953,10,4,5,L3Neighbor,19.00
1760467071953,10,4,2,L3Neighbor,9.00
1760467071953,9,4,,L3Serving,7.00
1760467071953,9,4,5,L3Neighbor,12.00
1760467071953,9,4,2,L3Neighbor,4.00
1760467072065,5,3,,L3Serving,4.00
1760467072065,5,3,2,L3Neighbor,3.00
1760467072065,5,3,5,L3Neighbor,1.00
1760467090293,1,5,,L3Serving,9.00
1760467090293,1,5,2,L3Neighbor,16.00
1760467090293,1,5,4,L3Neighbor,12.00
1760467090293,3,5,,L3Serving,34.00
1760467090293,3,5,2,L3Neighbor,2.00
1760467090293,3,5,3,L3Neighbor,-1.00
1760467090293,6,5,,L3Serving,-8.00
1760467090293,6,5,2,L3Neighbor,20.00
1760467090293,6,5,4,L3Neighbor,-8.00
1760467090293,4,5,,L3Serving,16.00
1760467090293,4,5,2,L3Neighbor,2.00
1760467090293,4,5,4,L3Neighbor,0.00
1760467090293,2,5,,L3Serving,18.00
1760467090293,2,5,4,L3Neighbor,7.00
1760467090293,2,5,2,L3Neighbor,-4.00
1760467090293,8,5,,L3Serving,9.00
1760467090293,8,5,2,L3Neighbor,29.00
1760467090293,8,5,3,L3Neighbor,-1.00
1760467090596,10,4,,L3Serving,18.00
1760467090596,10,4,5,L3Neighbor,20.00
1760467090596,10,4,2,L3Neighbor,8.00
1760467090596,7,4,,L3Serving,49.00
1760467090596,7,4,2,L3Neighbor,8.00
1760467090596,7,4,3,L3Neighbor,4.00
1760467090596,9,4,,L3Serving,5.00
1760467090596,9,4,5,L3Neighbor,7.00
1760467090596,9,4,2,L3Neighbor,2.00
1760467090720,5,3,,L3Serving,3.00
1760467090720,5,3,2,L3Neighbor,5.00
1760467090720,5,3,4,L3Neighbor,2.00
1760467107912,6,5,,L3Serving,-3.00
1760467107912,6,5,2,L3Neighbor,18.00
1760467107912,6,5,3,L3Neighbor,-9.00
1760467107912,3,5,,L3Serving,38.00
1760467107912,3,5,2,L3Neighbor,5.00
1760467107912,3,5,3,L3Neighbor,-10.00
1760467107912,1,5,,L3Serving,3.00
1760467107912,1,5,4,L3Neighbor,13.00
1760467107912,1,5,2,L3Neighbor,6.00
1760467107912,2,5,,L3Serving,23.00
1760467107912,2,5,2,L3Neighbor,35.00
1760467107912,2,5,4,L3Neighbor,6.00
1760467107912,4,5,,L3Serving,16.00
1760467107912,4,5,2,L3Neighbor,7.00
1760467107912,4,5,4,L3Neighbor,4.00
1760467107912,8,5,,L3Serving,10.00
1760467107912,8,5,4,L3Neighbor,34.00
1760467107912,8,5,2,L3Neighbor,4.00
1760467108160,7,4,,L3Serving,31.00
1760467108160,7,4,5,L3Neighbor,6.00
1760467108160,7,4,2,L3Neighbor,6.00
1760467108160,10,4,,L3Serving,9.00
1760467108160,9,4,,L3Serving,4.00
1760467108160,9,4,2,L3Neighbor,19.00
1760467108160,9,4,5,L3Neighbor,8.00
1760467108270,5,3,,L3Serving,6.00
1760467108270,5,3,2,L3Neighbor,28.00
1760467108270,5,3,4,L3Neighbor,4.00
1760467125328,3,5,,L3Serving,37.00
1760467125328,3,5,2,L3Neighbor,5.00
1760467125328,3,5,3,L3Neighbor,-8.00
1760467125328,2,5,,L3Serving,23.00
1760467125328,2,5,2,L3Neighbor,33.00
1760467125328,2,5,4,L3Neighbor,6.00
1760467125328,8,5,,L3Serving,10.00
1760467125328,8,5,4,L3Neighbor,33.00
1760467125328,8,5,2,L3Neighbor,4.00
1760467125328,6,5,,L3Serving,-4.00
1760467125328,6,5,2,L3Neighbor,19.00
1760467125328,6,5,4,L3Neighbor,-8.00
1760467125328,1,5,,L3Serving,5.00
1760467125328,1,5,4,L3Neighbor,14.00
1760467125328,1,5,2,L3Neighbor,7.00
1760467125328,4,5,,L3Serving,14.00
1760467125328,4,5,2,L3Neighbor,5.00
1760467125328,4,5,4,L3Neighbor,1.00
1760467125626,10,4,,L3Serving,10.00
1760467125626,7,4,,L3Serving,33.00
1760467125626,7,4,5,L3Neighbor,8.00
1760467125626,7,4,2,L3Neighbor,7.00
1760467125626,9,4,,L3Serving,8.00
1760467125626,9,4,2,L3Neighbor,20.00
1760467125626,9,4,3,L3Neighbor,5.00
1760467125746,5,3,,L3Serving,5.00
1760467125746,5,3,2,L3Neighbor,28.00
1760467125746,5,3,4,L3Neighbor,4.00
1760467143164,6,5,,L3Serving,-3.00
1760467143164,6,5,2,L3Neighbor,15.00
1760467143164,6,5,4,L3Neighbor,-6.00
1760467143164,8,5,,L3Serving,9.00
1760467143164,8,5,4,L3Neighbor,10.00
1760467143164,8,5,3,L3Neighbor,-1.00
1760467143164,4,5,,L3Serving,14.00
1760467143164,4,5,4,L3Neighbor,1.00
1760467143164,4,5,2,L3Neighbor,-1.00
1760467143164,1,5,,L3Serving,39.00
1760467143164,1,5,4,L3Neighbor,13.00
1760467143164,1,5,2,L3Neighbor,4.00
1760467143164,3,5,,L3Serving,41.00
1760467143164,3,5,2,L3Neighbor,3.00
1760467143164,3,5,3,L3Neighbor,-6.00
1760467143164,2,5,,L3Serving,9.00
1760467143164,2,5,2,L3Neighbor,21.00
1760467143164,2,5,4,L3Neighbor,6.00
1760467143390,9,4,,L3Serving,6.00
1760467143390,9,4,3,L3Neighbor,18.00
1760467143390,9,4,2,L3Neighbor,4.00
1760467143390,10,4,,L3Serving,5.00
1760467143390,7,4,,L3Serving,46.00
1760467143390,7,4,2,L3Neighbor,12.00
1760467143390,7,4,5,L3Neighbor,4.00
1760467143525,5,3,,L3Serving,20.00
1760467143525,5,3,2,L3Neighbor,6.00
1760467143525,5,3,5,L3Neighbor,-1.00
1760467159945,6,5,,L3Serving,-2.00
1760467159945,6,5,2,L3Neighbor,14.00
1760467159945,6,5,4,L3Neighbor,-6.00
1760467159945,2,5,,L3Serving,12.00
1760467159945,2,5,2,L3Neighbor,21.00
1760467159945,2,5,4,L3Neighbor,7.00
1760467159945,4,5,,L3Serving,13.00
1760467159945,4,5,4,L3Neighbor,3.00
1760467159945,4,5,3,L3Neighbor,0.00
1760467159945,1,5,,L3Serving,41.00
1760467159945,1,5,4,L3Neighbor,13.00
1760467159945,1,5,2,L3Neighbor,4.00
1760467159945,8,5,,L3Serving,9.00
1760467159945,8,5,4,L3Neighbor,9.00
1760467159945,8,5,3,L3Neighbor,-1.00
1760467159945,3,5,,L3Serving,41.00
1760467159945,3,5,2,L3Neighbor,5.00
1760467159945,3,5,3,L3Neighbor,-5.00
1760467160136,9,4,,L3Serving,5.00
1760467160136,9,4,3,L3Neighbor,19.00
1760467160136,9,4,5,L3Neighbor,4.00
1760467160136,7,4,,L3Serving,44.00
1760467160136,7,4,2,L3Neighbor,12.00
1760467160136,7,4,5,L3Neighbor,3.00
1760467160136,10,4,,L3Serving,7.00
1760467160272,5,3,,L3Serving,19.00
1760467160272,5,3,2,L3Neighbor,6.00
1760467160272,5,3,5,L3Neighbor,0.00
1760467177632,2,5,,L3Serving,15.00
1760467177632,2,5,2,L3Neighbor,23.00
1760467177632,2,5,4,L3Neighbor,20.00
1760467177632,6,5,,L3Serving,4.00
1760467177632,6,5,3,L3Neighbor,17.00
1760467177632,6,5,2,L3Neighbor,17.00
1760467177632,3,5,,L3Serving,43.00
1760467177632,3,5,2,L3Neighbor,5.00
1760467177632,3,5,3,L3Neighbor,-9.00
1760467177632,4,5,,L3Serving,7.00
1760467177632,4,5,4,L3Neighbor,1.00
1760467177632,4,5,2,L3Neighbor,1.00
1760467177632,1,5,,L3Serving,15.00
1760467177632,1,5,4,L3Neighbor,11.00
1760467177632,1,5,2,L3Neighbor,2.00
1760467177632,8,5,,L3Serving,7.00
1760467177632,8,5,4,L3Neighbor,8.00
1760467177632,8,5,2,L3Neighbor,0.00
1760467177874,10,4,,L3Serving,5.00
1760467177874,9,4,,L3Serving,0.00
1760467177874,7,4,,L3Serving,33.00
1760467177874,7,4,2,L3Neighbor,10.00
1760467177874,7,4,5,L3Neighbor,3.00
1760467178029,5,3,,L3Serving,35.00
1760467178029,5,3,2,L3Neighbor,9.00
1760467178029,5,3,4,L3Neighbor,5.00
1760467195168,4,5,,L3Serving,6.00
1760467195168,4,5,4,L3Neighbor,2.00
1760467195168,4,5,2,L3Neighbor,0.00
1760467195168,8,5,,L3Serving,10.00
1760467195168,8,5,4,L3Neighbor,8.00
1760467195168,8,5,3,L3Neighbor,-3.00
1760467195168,3,5,,L3Serving,42.00
1760467195168,3,5,2,L3Neighbor,5.00
1760467195168,3,5,3,L3Neighbor,-8.00
1760467195168,1,5,,L3Serving,16.00
1760467195168,1,5,4,L3Neighbor,14.00
1760467195168,1,5,2,L3Neighbor,2.00
1760467195168,6,5,,L3Serving,0.00
1760467195168,6,5,2,L3Neighbor,19.00
1760467195168,6,5,3,L3Neighbor,18.00
1760467195168,2,5,,L3Serving,18.00
1760467195168,2,5,2,L3Neighbor,22.00
1760467195168,2,5,4,L3Neighbor,20.00
1760467195405,10,4,,L3Serving,6.00
1760467195405,7,4,,L3Serving,35.00
1760467195405,7,4,2,L3Neighbor,5.00
1760467195405,7,4,5,L3Neighbor,4.00
1760467195405,9,4,,L3Serving,2.00
1760467195405,9,4,2,L3Neighbor,23.00
1760467195405,9,4,5,L3Neighbor,1.00
1760467195529,5,3,,L3Serving,35.00
1760467195529,5,3,2,L3Neighbor,8.00
1760467195529,5,3,4,L3Neighbor,4.00
1760467212121,4,5,,L3Serving,15.00
1760467212121,4,5,4,L3Neighbor,-1.00
1760467212121,4,5,3,L3Neighbor,-5.00
1760467212121,6,5,,L3Serving,0.00
1760467212121,6,5,2,L3Neighbor,15.00
1760467212121,6,5,3,L3Neighbor,6.00
1760467212121,1,5,,L3Serving,18.00
1760467212121,1,5,3,L3Neighbor,34.00
1760467212121,1,5,4,L3Neighbor,11.00
1760467212121,3,5,,L3Serving,43.00
1760467212121,3,5,2,L3Neighbor,6.00
1760467212121,3,5,3,L3Neighbor,0.00
1760467212121,8,5,,L3Serving,11.00
1760467212121,8,5,2,L3Neighbor,38.00
1760467212121,8,5,4,L3Neighbor,9.00
1760467212121,2,5,,L3Serving,22.00
1760467212121,2,5,2,L3Neighbor,-1.00
1760467212121,2,5,4,L3Neighbor,-5.00
1760467212343,9,4,,L3Serving,3.00
1760467212343,9,4,5,L3Neighbor,0.00
1760467212343,9,4,3,L3Neighbor,0.00
1760467212343,7,4,,L3Serving,42.00
1760467212343,7,4,2,L3Neighbor,12.00
1760467212343,7,4,5,L3Neighbor,6.00
1760467212343,10,4,,L3Serving,9.00
1760467212343,10,4,5,L3Neighbor,26.00
1760467212343,10,4,3,L3Neighbor,14.00
1760467212444,5,3,,L3Serving,21.00
1760467212444,5,3,2,L3Neighbor,5.00
1760467212444,5,3,5,L3Neighbor,0.00
1760467229039,3,5,,L3Serving,44.00
1760467229039,3,5,2,L3Neighbor,0.00
1760467229039,3,5,3,L3Neighbor,0.00
1760467229039,2,5,,L3Serving,23.00
1760467229039,2,5,3,L3Neighbor,-3.00
1760467229039,2,5,2,L3Neighbor,-3.00
1760467229039,4,5,,L3Serving,9.00
1760467229039,4,5,4,L3Neighbor,3.00
1760467229039,4,5,3,L3Neighbor,-3.00
1760467229039,6,5,,L3Serving,-3.00
1760467229039,6,5,2,L3Neighbor,14.00
1760467229039,6,5,3,L3Neighbor,4.00
1760467229039,1,5,,L3Serving,21.00
1760467229039,1,5,3,L3Neighbor,35.00
1760467229039,1,5,4,L3Neighbor,11.00
1760467229039,8,5,,L3Serving,9.00
1760467229039,8,5,2,L3Neighbor,38.00
1760467229039,8,5,4,L3Neighbor,10.00
1760467229234,7,4,,L3Serving,41.00
1760467229234,7,4,2,L3Neighbor,12.00
1760467229234,7,4,5,L3Neighbor,4.00
1760467229234,10,4,,L3Serving,14.00
1760467229234,10,4,5,L3Neighbor,24.00
1760467229234,10,4,3,L3Neighbor,13.00
1760467229234,9,4,,L3Serving,4.00
1760467229234,9,4,5,L3Neighbor,1.00
1760467229234,9,4,3,L3Neighbor,-2.00
1760467229366,5,3,,L3Serving,21.00
1760467229366,5,3,5,L3Neighbor,1.00
1760467229366,5,3,4,L3Neighbor,0.00
1760467247441,2,5,,L3Serving,14.00
1760467247441,2,5,4,L3Neighbor,4.00
1760467247441,2,5,2,L3Neighbor,0.00
1760467247441,8,5,,L3Serving,9.00
1760467247441,8,5,2,L3Neighbor,37.00
1760467247441,8,5,4,L3Neighbor,12.00
1760467247441,6,5,,L3Serving,-6.00
1760467247441,6,5,2,L3Neighbor,17.00
1760467247441,6,5,3,L3Neighbor,4.00
1760467247441,3,5,,L3Serving,43.00
1760467247441,3,5,2,L3Neighbor,7.00
1760467247441,3,5,3,L3Neighbor,0.00
1760467247441,1,5,,L3Serving,24.00
1760467247441,1,5,4,L3Neighbor,7.00
1760467247441,1,5,2,L3Neighbor,4.00
1760467247441,4,5,,L3Serving,15.00
1760467247441,4,5,4,L3Neighbor,1.00
1760467247441,4,5,2,L3Neighbor,-2.00
1760467247629,7,4,,L3Serving,26.00
1760467247629,7,4,2,L3Neighbor,25.00
1760467247629,7,4,5,L3Neighbor,3.00
1760467247629,10,4,,L3Serving,13.00
1760467247629,10,4,5,L3Neighbor,26.00
1760467247629,10,4,2,L3Neighbor,10.00
1760467247629,9,4,,L3Serving,3.00
1760467247629,9,4,3,L3Neighbor,24.00
1760467247629,9,4,5,L3Neighbor,0.00
1760467247745,5,3,,L3Serving,19.00
1760467247745,5,3,5,L3Neighbor,9.00
1760467247745,5,3,2,L3Neighbor,1.00
1760467266495,6,5,,L3Serving,-7.00
1760467266495,6,5,2,L3Neighbor,17.00
1760467266495,6,5,3,L3Neighbor,6.00
1760467266495,2,5,,L3Serving,15.00
1760467266495,2,5,4,L3Neighbor,7.00
1760467266495,2,5,2,L3Neighbor,1.00
1760467266495,8,5,,L3Serving,11.00
1760467266495,8,5,2,L3Neighbor,35.00
1760467266495,8,5,4,L3Neighbor,12.00
1760467266495,1,5,,L3Serving,28.00
1760467266495,1,5,4,L3Neighbor,6.00
1760467266495,1,5,3,L3Neighbor,3.00
1760467266495,4,5,,L3Serving,15.00
1760467266495,4,5,4,L3Neighbor,1.00
1760467266495,4,5,2,L3Neighbor,1.00
1760467266495,3,5,,L3Serving,44.00
1760467266495,3,5,2,L3Neighbor,7.00
1760467266495,3,5,3,L3Neighbor,-1.00
1760467266722,10,4,,L3Serving,12.00
1760467266722,10,4,5,L3Neighbor,24.00
1760467266722,10,4,3,L3Neighbor,11.00
1760467266722,9,4,,L3Serving,4.00
1760467266722,9,4,3,L3Neighbor,24.00
1760467266722,9,4,5,L3Neighbor,1.00
1760467266722,7,4,,L3Serving,27.00
1760467266722,7,4,2,L3Neighbor,26.00
1760467266722,7,4,5,L3Neighbor,3.00
1760467266882,5,3,,L3Serving,15.00
1760467266882,5,3,5,L3Neighbor,11.00
1760467266882,5,3,2,L3Neighbor,0.00
1760467284029,8,5,,L3Serving,11.00
1760467284029,8,5,4,L3Neighbor,12.00
1760467284029,8,5,2,L3Neighbor,10.00
1760467284029,3,5,,L3Serving,44.00
1760467284029,3,5,2,L3Neighbor,10.00
1760467284029,3,5,3,L3Neighbor,-3.00
1760467284029,1,5,,L3Serving,28.00
1760467284029,1,5,2,L3Neighbor,27.00
1760467284029,1,5,4,L3Neighbor,7.00
1760467284029,2,5,,L3Serving,19.00
1760467284029,2,5,2,L3Neighbor,1.00
1760467284029,2,5,3,L3Neighbor,-6.00
1760467284029,6,5,,L3Serving,-2.00
1760467284029,6,5,2,L3Neighbor,24.00
1760467284029,6,5,3,L3Neighbor,2.00
1760467284029,4,5,,L3Serving,11.00
1760467284029,4,5,2,L3Neighbor,0.00
1760467284029,4,5,4,L3Neighbor,-1.00
1760467284239,9,4,,L3Serving,3.00
1760467284239,9,4,3,L3Neighbor,15.00
1760467284239,9,4,5,L3Neighbor,1.00
1760467284239,7,4,,L3Serving,34.00
1760467284239,7,4,3,L3Neighbor,10.00
1760467284239,7,4,5,L3Neighbor,1.00
1760467284239,10,4,,L3Serving,13.00
1760467284239,10,4,2,L3Neighbor,28.00
1760467284239,10,4,5,L3Neighbor,24.00
1760467284371,5,3,,L3Serving,9.00
1760467284371,5,3,2,L3Neighbor,6.00
1760467284371,5,3,4,L3Neighbor,5.00
1760467301499,4,5,,L3Serving,12.00
1760467301499,4,5,2,L3Neighbor,0.00
1760467301499,4,5,4,L3Neighbor,0.00
1760467301499,1,5,,L3Serving,28.00
1760467301499,1,5,2,L3Neighbor,27.00
1760467301499,1,5,4,L3Neighbor,8.00
1760467301499,6,5,,L3Serving,-1.00
1760467301499,6,5,2,L3Neighbor,23.00
1760467301499,6,5,3,L3Neighbor,1.00
1760467301499,2,5,,L3Serving,16.00
1760467301499,2,5,2,L3Neighbor,1.00
1760467301499,2,5,4,L3Neighbor,-9.00
1760467301499,8,5,,L3Serving,10.00
1760467301499,8,5,4,L3Neighbor,12.00
1760467301499,8,5,2,L3Neighbor,8.00
1760467301499,3,5,,L3Serving,44.00
1760467301499,3,5,2,L3Neighbor,11.00
1760467301499,3,5,3,L3Neighbor,-1.00
1760467301779,10,4,,L3Serving,12.00
1760467301779,10,4,2,L3Neighbor,28.00
1760467301779,10,4,5,L3Neighbor,21.00
1760467301779,9,4,,L3Serving,1.00
1760467301779,9,4,3,L3Neighbor,16.00
1760467301779,9,4,5,L3Neighbor,1.00
1760467301779,7,4,,L3Serving,32.00
1760467301779,7,4,3,L3Neighbor,11.00
1760467301779,7,4,5,L3Neighbor,2.00
1760467301915,5,3,,L3Serving,11.00
1760467301915,5,3,2,L3Neighbor,7.00
1760467301915,5,3,4,L3Neighbor,6.00
1760467319991,2,5,,L3Serving,20.00
1760467319991,2,5,2,L3Neighbor,0.00
1760467319991,2,5,4,L3Neighbor,-4.00
1760467319991,4,5,,L3Serving,13.00
1760467319991,4,5,2,L3Neighbor,3.00
1760467319991,4,5,4,L3Neighbor,2.00
1760467319991,3,5,,L3Serving,36.00
1760467319991,3,5,2,L3Neighbor,16.00
1760467319991,3,5,3,L3Neighbor,-4.00
1760467319991,6,5,,L3Serving,-11.00
1760467319991,8,5,,L3Serving,40.00
1760467319991,8,5,2,L3Neighbor,29.00
1760467319991,8,5,4,L3Neighbor,12.00
1760467319991,1,5,,L3Serving,35.00
1760467319991,1,5,4,L3Neighbor,11.00
1760467319991,1,5,2,L3Neighbor,9.00
1760467320177,7,4,,L3Serving,31.00
1760467320177,7,4,3,L3Neighbor,5.00
1760467320177,7,4,5,L3Neighbor,0.00
1760467320177,9,4,,L3Serving,0.00
1760467320177,9,4,3,L3Neighbor,4.00
1760467320177,9,4,5,L3Neighbor,3.00
1760467320177,10,4,,L3Serving,14.00
1760467320177,10,4,5,L3Neighbor,25.00
1760467320177,10,4,2,L3Neighbor,12.00
1760467320329,5,3,,L3Serving,17.00
1760467320329,5,3,2,L3Neighbor,6.00
1760467320329,5,3,4,L3Neighbor,4.00
1760467338376,2,5,,L3Serving,19.00
1760467338376,2,5,2,L3Neighbor,3.00
1760467338376,2,5,4,L3Neighbor,0.00
1760467338376,4,5,,L3Serving,16.00
1760467338376,4,5,4,L3Neighbor,1.00
1760467338376,4,5,3,L3Neighbor,0.00
1760467338376,6,5,,L3Serving,-9.00
1760467338376,6,5,3,L3Neighbor,4.00
1760467338376,6,5,4,L3Neighbor,0.00
1760467338376,1,5,,L3Serving,36.00
1760467338376,1,5,4,L3Neighbor,10.00
1760467338376,1,5,2,L3Neighbor,8.00
1760467338376,8,5,,L3Serving,40.00
1760467338376,8,5,2,L3Neighbor,30.00
1760467338376,8,5,4,L3Neighbor,12.00
1760467338376,3,5,,L3Serving,36.00
1760467338376,3,5,2,L3Neighbor,15.00
1760467338376,3,5,3,L3Neighbor,-6.00
1760467338564,9,4,,L3Serving,3.00
1760467338564,9,4,3,L3Neighbor,4.00
1760467338564,9,4,5,L3Neighbor,3.00
1760467338564,7,4,,L3Serving,31.00
1760467338564,7,4,3,L3Neighbor,5.00
1760467338564,7,4,5,L3Neighbor,2.00
1760467338564,10,4,,L3Serving,12.00
1760467338564,10,4,5,L3Neighbor,22.00
1760467338564,10,4,2,L3Neighbor,10.00
1760467338679,5,3,,L3Serving,13.00
1760467338679,5,3,2,L3Neighbor,7.00
1760467338679,5,3,4,L3Neighbor,3.00
1760467356671,3,5,,L3Serving,26.00
1760467356671,3,5,2,L3Neighbor,14.00
1760467356671,3,5,3,L3Neighbor,-4.00
1760467356671,6,5,,L3Serving,25.00
1760467356671,6,5,3,L3Neighbor,3.00
1760467356671,6,5,4,L3Neighbor,-5.00
1760467356671,1,5,,L3Serving,19.00
1760467356671,1,5,2,L3Neighbor,9.00
1760467356671,1,5,4,L3Neighbor,8.00
1760467356671,4,5,,L3Serving,14.00
1760467356671,4,5,4,L3Neighbor,-1.00
1760467356671,4,5,2,L3Neighbor,-4.00
1760467356671,8,5,,L3Serving,7.00
1760467356671,8,5,4,L3Neighbor,12.00
1760467356671,8,5,2,L3Neighbor,7.00
1760467356671,2,5,,L3Serving,26.00
1760467356671,2,5,4,L3Neighbor,0.00
1760467356671,2,5,2,L3Neighbor,0.00
1760467356924,7,4,,L3Serving,31.00
1760467356924,7,4,2,L3Neighbor,35.00
1760467356924,7,4,3,L3Neighbor,11.00
1760467356924,9,4,,L3Serving,3.00
1760467356924,9,4,2,L3Neighbor,33.00
1760467356924,9,4,3,L3Neighbor,5.00
1760467356924,10,4,,L3Serving,10.00
1760467357093,5,3,,L3Serving,19.00
1760467357093,5,3,5,L3Neighbor,15.00
1760467357093,5,3,2,L3Neighbor,4.00
1760467375796,2,5,,L3Serving,23.00
1760467375796,2,5,4,L3Neighbor,0.00
1760467375796,2,5,2,L3Neighbor,-1.00
1760467375796,8,5,,L3Serving,8.00
1760467375796,8,5,4,L3Neighbor,10.00
1760467375796,8,5,2,L3Neighbor,7.00
1760467375796,3,5,,L3Serving,26.00
1760467375796,3,5,2,L3Neighbor,14.00
1760467375796,3,5,3,L3Neighbor,-6.00
1760467375796,6,5,,L3Serving,24.00
1760467375796,6,5,3,L3Neighbor,3.00
1760467375796,6,5,4,L3Neighbor,-5.00
1760467375796,1,5,,L3Serving,20.00
1760467375796,1,5,4,L3Neighbor,7.00
1760467375796,1,5,2,L3Neighbor,7.00
1760467375796,4,5,,L3Serving,13.00
1760467375796,4,5,4,L3Neighbor,-1.00
1760467375796,4,5,2,L3Neighbor,-5.00
1760467376001,10,4,,L3Serving,9.00
1760467376001,10,4,3,L3Neighbor,25.00
1760467376001,10,4,5,L3Neighbor,18.00
1760467376001,7,4,,L3Serving,30.00
1760467376001,7,4,2,L3Neighbor,36.00
1760467376001,7,4,3,L3Neighbor,10.00
1760467376001,9,4,,L3Serving,3.00
1760467376001,9,4,2,L3Neighbor,34.00
1760467376001,9,4,3,L3Neighbor,3.00
1760467376115,5,3,,L3Serving,15.00
1760467376115,5,3,5,L3Neighbor,14.00
1760467376115,5,3,2,L3Neighbor,9.00
1760467393310,8,5,,L3Serving,21.00
1760467393310,8,5,3,L3Neighbor,25.00
1760467393310,8,5,4,L3Neighbor,10.00
1760467393310,2,5,,L3Serving,0.00
1760467393310,2,5,2,L3Neighbor,0.00
1760467393310,2,5,4,L3Neighbor,-2.00
1760467393310,3,5,,L3Serving,42.00
1760467393310,3,5,2,L3Neighbor,14.00
1760467393310,3,5,3,L3Neighbor,-8.00
1760467393310,6,5,,L3Serving,0.00
1760467393310,6,5,4,L3Neighbor,17.00
1760467393310,6,5,3,L3Neighbor,2.00
1760467393310,1,5,,L3Serving,19.00
1760467393310,1,5,3,L3Neighbor,7.00
1760467393310,1,5,4,L3Neighbor,6.00
1760467393310,4,5,,L3Serving,19.00
1760467393310,4,5,4,L3Neighbor,5.00
1760467393310,4,5,2,L3Neighbor,-3.00
1760467393509,9,4,,L3Serving,2.00
1760467393509,9,4,3,L3Neighbor,2.00
1760467393509,9,4,2,L3Neighbor,0.00
1760467393509,7,4,,L3Serving,44.00
1760467393509,7,4,3,L3Neighbor,10.00
1760467393509,7,4,2,L3Neighbor,7.00
1760467393509,10,4,,L3Serving,26.00
1760467393509,10,4,5,L3Neighbor,18.00
1760467393509,10,4,2,L3Neighbor,10.00
1760467393639,5,3,,L3Serving,10.00
1760467393639,5,3,2,L3Neighbor,15.00
1760467393639,5,3,4,L3Neighbor,6.00
1760467412891,3,5,,L3Serving,42.00
1760467412891,3,5,2,L3Neighbor,16.00
1760467412891,3,5,3,L3Neighbor,-7.00
1760467412891,8,5,,L3Serving,22.00
1760467412891,8,5,3,L3Neighbor,24.00
1760467412891,8,5,4,L3Neighbor,10.00
1760467412891,2,5,,L3Serving,0.00
1760467412891,2,5,2,L3Neighbor,-3.00
1760467412891,2,5,4,L3Neighbor,-4.00
1760467412891,6,5,,L3Serving,0.00
1760467412891,6,5,4,L3Neighbor,17.00
1760467412891,6,5,3,L3Neighbor,0.00
1760467412891,4,5,,L3Serving,17.00
1760467412891,4,5,4,L3Neighbor,1.00
1760467412891,4,5,2,L3Neighbor,0.00
1760467412891,1,5,,L3Serving,18.00
1760467412891,1,5,3,L3Neighbor,8.00
1760467412891,1,5,4,L3Neighbor,7.00
1760467413092,9,4,,L3Serving,-1.00
1760467413092,9,4,3,L3Neighbor,1.00
1760467413092,9,4,2,L3Neighbor,0.00
1760467413092,7,4,,L3Serving,42.00
1760467413092,7,4,3,L3Neighbor,8.00
1760467413092,7,4,2,L3Neighbor,8.00
1760467413092,10,4,,L3Serving,22.00
1760467413092,10,4,5,L3Neighbor,14.00
1760467413092,10,4,2,L3Neighbor,9.00
1760467413203,5,3,,L3Serving,14.00
1760467413203,5,3,2,L3Neighbor,17.00
1760467413203,5,3,4,L3Neighbor,3.00
1760467432388,1,5,,L3Serving,19.00
1760467432388,1,5,4,L3Neighbor,7.00
1760467432388,1,5,3,L3Neighbor,6.00
1760467432388,8,5,,L3Serving,8.00
1760467432388,8,5,3,L3Neighbor,24.00
1760467432388,8,5,4,L3Neighbor,10.00
1760467432388,6,5,,L3Serving,-4.00
1760467432388,6,5,3,L3Neighbor,0.00
1760467432388,6,5,4,L3Neighbor,-3.00
1760467432388,3,5,,L3Serving,42.00
1760467432388,3,5,2,L3Neighbor,29.00
1760467432388,3,5,3,L3Neighbor,-5.00
1760467432388,2,5,,L3Serving,2.00
1760467432388,2,5,2,L3Neighbor,-4.00
1760467432388,2,5,3,L3Neighbor,-6.00
1760467432388,4,5,,L3Serving,12.00
1760467432388,4,5,4,L3Neighbor,0.00
1760467432388,4,5,2,L3Neighbor,-1.00
1760467432605,10,4,,L3Serving,15.00
1760467432605,10,4,2,L3Neighbor,7.00
1760467432605,10,4,5,L3Neighbor,3.00
1760467432605,9,4,,L3Serving,38.00
1760467432605,9,4,3,L3Neighbor,5.00
1760467432605,9,4,2,L3Neighbor,0.00
1760467432605,7,4,,L3Serving,39.00
1760467432605,7,4,3,L3Neighbor,9.00
1760467432605,7,4,2,L3Neighbor,8.00
1760467432757,5,3,,L3Serving,16.00
1760467432757,5,3,2,L3Neighbor,14.00
1760467432757,5,3,4,L3Neighbor,4.00
1760467449434,3,5,,L3Serving,43.00
1760467449434,3,5,2,L3Neighbor,28.00
1760467449434,3,5,3,L3Neighbor,-5.00
1760467449434,8,5,,L3Serving,7.00
1760467449434,8,5,3,L3Neighbor,24.00
1760467449434,8,5,4,L3Neighbor,5.00
1760467449434,4,5,,L3Serving,14.00
1760467449434,4,5,2,L3Neighbor,2.00
1760467449434,4,5,4,L3Neighbor,2.00
1760467449434,2,5,,L3Serving,1.00
1760467449434,2,5,2,L3Neighbor,-3.00
1760467449434,2,5,3,L3Neighbor,-6.00
1760467449434,1,5,,L3Serving,18.00
1760467449434,1,5,3,L3Neighbor,7.00
1760467449434,1,5,4,L3Neighbor,5.00
1760467449434,6,5,,L3Serving,-7.00
1760467449434,6,5,4,L3Neighbor,0.00
1760467449434,6,5,3,L3Neighbor,-2.00
1760467449631,9,4,,L3Serving,38.00
1760467449631,9,4,3,L3Neighbor,5.00
1760467449631,9,4,5,L3Neighbor,0.00
1760467449631,7,4,,L3Serving,41.00
1760467449631,7,4,2,L3Neighbor,14.00
1760467449631,7,4,3,L3Neighbor,8.00
1760467449631,10,4,,L3Serving,14.00
1760467449631,10,4,5,L3Neighbor,7.00
1760467449631,10,4,2,L3Neighbor,7.00
1760467449759,5,3,,L3Serving,16.00
1760467449759,5,3,2,L3Neighbor,12.00
1760467449759,5,3,4,L3Neighbor,2.00
1760467466885,4,5,,L3Serving,15.00
1760467466885,4,5,2,L3Neighbor,2.00
1760467466885,4,5,4,L3Neighbor,0.00
1760467466885,8,5,,L3Serving,11.00
1760467466885,8,5,2,L3Neighbor,9.00
1760467466885,8,5,4,L3Neighbor,8.00
1760467466885,2,5,,L3Serving,1.00
1760467466885,2,5,2,L3Neighbor,-3.00
1760467466885,2,5,4,L3Neighbor,-5.00
1760467466885,6,5,,L3Serving,-10.00
1760467466885,6,5,4,L3Neighbor,0.00
1760467466885,6,5,3,L3Neighbor,0.00
1760467466885,1,5,,L3Serving,19.00
1760467466885,1,5,3,L3Neighbor,13.00
1760467466885,1,5,4,L3Neighbor,9.00
1760467466885,3,5,,L3Serving,32.00
1760467466885,3,5,2,L3Neighbor,16.00
1760467466885,3,5,3,L3Neighbor,-7.00
1760467467091,7,4,,L3Serving,40.00
1760467467091,7,4,2,L3Neighbor,14.00
1760467467091,7,4,3,L3Neighbor,6.00
1760467467091,10,4,,L3Serving,23.00
1760467467091,10,4,3,L3Neighbor,6.00
1760467467091,10,4,5,L3Neighbor,2.00
1760467467091,9,4,,L3Serving,-4.00
1760467467270,5,3,,L3Serving,13.00
1760467467270,5,3,2,L3Neighbor,12.00
1760467467270,5,3,4,L3Neighbor,4.00
1760467486142,4,5,,L3Serving,16.00
1760467486142,4,5,2,L3Neighbor,1.00
1760467486142,4,5,4,L3Neighbor,-1.00
1760467486142,8,5,,L3Serving,12.00
1760467486142,8,5,2,L3Neighbor,10.00
1760467486142,8,5,4,L3Neighbor,5.00
1760467486142,6,5,,L3Serving,-14.00
1760467486142,6,5,3,L3Neighbor,0.00
1760467486142,6,5,4,L3Neighbor,0.00
1760467486142,3,5,,L3Serving,30.00
1760467486142,3,5,2,L3Neighbor,15.00
1760467486142,3,5,3,L3Neighbor,-5.00
1760467486142,2,5,,L3Serving,0.00
1760467486142,2,5,2,L3Neighbor,-2.00
1760467486142,2,5,3,L3Neighbor,-5.00
1760467486142,1,5,,L3Serving,19.00
1760467486142,1,5,3,L3Neighbor,11.00
1760467486142,1,5,4,L3Neighbor,11.00
1760467486350,7,4,,L3Serving,40.00
1760467486350,7,4,2,L3Neighbor,14.00
1760467486350,7,4,3,L3Neighbor,3.00
1760467486350,10,4,,L3Serving,24.00
1760467486350,10,4,3,L3Neighbor,7.00
1760467486350,10,4,5,L3Neighbor,5.00
1760467486350,9,4,,L3Serving,-5.00
1760467486471,5,3,,L3Serving,12.00
1760467486471,5,3,2,L3Neighbor,11.00
1760467486471,5,3,4,L3Neighbor,3.00
1760467505153,8,5,,L3Serving,15.00
1760467505153,8,5,2,L3Neighbor,7.00
1760467505153,8,5,4,L3Neighbor,4.00
1760467505153,3,5,,L3Serving,34.00
1760467505153,3,5,2,L3Neighbor,13.00
1760467505153,3,5,3,L3Neighbor,-6.00
1760467505153,6,5,,L3Serving,-14.00
1760467505153,6,5,4,L3Neighbor,5.00
1760467505153,6,5,3,L3Neighbor,2.00
1760467505153,1,5,,L3Serving,24.00
1760467505153,1,5,4,L3Neighbor,9.00
1760467505153,1,5,3,L3Neighbor,3.00
1760467505153,2,5,,L3Serving,1.00
1760467505153,2,5,2,L3Neighbor,-4.00
1760467505153,2,5,3,L3Neighbor,-5.00
1760467505153,4,5,,L3Serving,11.00
1760467505153,4,5,4,L3Neighbor,4.00
1760467505153,4,5,2,L3Neighbor,0.00
1760467505335,10,4,,L3Serving,19.00
1760467505335,10,4,5,L3Neighbor,10.00
1760467505335,10,4,3,L3Neighbor,6.00
1760467505335,9,4,,L3Serving,-6.00
1760467505335,7,4,,L3Serving,39.00
1760467505335,7,4,2,L3Neighbor,14.00
1760467505335,7,4,3,L3Neighbor,4.00
1760467505462,5,3,,L3Serving,11.00
1760467505462,5,3,2,L3Neighbor,11.00
1760467505462,5,3,4,L3Neighbor,0.00
1760467524078,1,5,,L3Serving,26.00
1760467524078,1,5,4,L3Neighbor,10.00
1760467524078,1,5,3,L3Neighbor,9.00
1760467524078,4,5,,L3Serving,14.00
1760467524078,4,5,4,L3Neighbor,1.00
1760467524078,4,5,2,L3Neighbor,0.00
1760467524078,2,5,,L3Serving,0.00
1760467524078,2,5,3,L3Neighbor,-4.00
1760467524078,2,5,2,L3Neighbor,-6.00
1760467524078,6,5,,L3Serving,-11.00
1760467524078,6,5,4,L3Neighbor,7.00
1760467524078,6,5,3,L3Neighbor,1.00
1760467524078,3,5,,L3Serving,32.00
1760467524078,3,5,2,L3Neighbor,12.00
1760467524078,3,5,3,L3Neighbor,-4.00
1760467524078,8,5,,L3Serving,16.00
1760467524078,8,5,2,L3Neighbor,8.00
1760467524078,8,5,4,L3Neighbor,6.00
1760467524315,9,4,,L3Serving,-5.00
1760467524315,10,4,,L3Serving,19.00
1760467524315,10,4,5,L3Neighbor,7.00
1760467524315,10,4,3,L3Neighbor,4.00
1760467524315,7,4,,L3Serving,39.00
1760467524315,7,4,2,L3Neighbor,13.00
1760467524315,7,4,3,L3Neighbor,6.00
1760467524433,5,3,,L3Serving,14.00
1760467524433,5,3,2,L3Neighbor,9.00
1760467524433,5,3,4,L3Neighbor,0.00
1760467542368,1,5,,L3Serving,20.00
1760467542368,1,5,3,L3Neighbor,6.00
1760467542368,1,5,4,L3Neighbor,5.00
1760467542368,2,5,,L3Serving,3.00
1760467542368,2,5,2,L3Neighbor,-1.00
1760467542368,2,5,4,L3Neighbor,-5.00
1760467542368,3,5,,L3Serving,29.00
1760467542368,3,5,2,L3Neighbor,30.00
1760467542368,3,5,4,L3Neighbor,-9.00
1760467542368,6,5,,L3Serving,-7.00
1760467542368,6,5,4,L3Neighbor,6.00
1760467542368,6,5,3,L3Neighbor,0.00
1760467542368,4,5,,L3Serving,19.00
1760467542368,4,5,2,L3Neighbor,3.00
1760467542368,4,5,4,L3Neighbor,0.00
1760467542368,8,5,,L3Serving,13.00
1760467542368,8,5,2,L3Neighbor,34.00
1760467542368,8,5,4,L3Neighbor,5.00
1760467542584,9,4,,L3Serving,-6.00
1760467542584,10,4,,L3Serving,21.00
1760467542584,10,4,5,L3Neighbor,10.00
1760467542584,10,4,2,L3Neighbor,4.00
1760467542584,7,4,,L3Serving,22.00
1760467542584,7,4,2,L3Neighbor,10.00
1760467542584,7,4,3,L3Neighbor,7.00
1760467542706,5,3,,L3Serving,17.00
1760467542706,5,3,2,L3Neighbor,9.00
1760467542706,5,3,5,L3Neighbor,-3.00
1760467561627,4,5,,L3Serving,16.00
1760467561627,4,5,2,L3Neighbor,3.00
1760467561627,4,5,4,L3Neighbor,-1.00
1760467561627,2,5,,L3Serving,4.00
1760467561627,2,5,2,L3Neighbor,0.00
1760467561627,2,5,4,L3Neighbor,-6.00
1760467561627,3,5,,L3Serving,25.00
1760467561627,3,5,2,L3Neighbor,31.00
1760467561627,3,5,3,L3Neighbor,-8.00
1760467561627,1,5,,L3Serving,22.00
1760467561627,1,5,3,L3Neighbor,11.00
1760467561627,1,5,2,L3Neighbor,4.00
1760467561627,8,5,,L3Serving,15.00
1760467561627,8,5,2,L3Neighbor,33.00
1760467561627,8,5,4,L3Neighbor,6.00
1760467561627,6,5,,L3Serving,-7.00
1760467561627,6,5,4,L3Neighbor,8.00
1760467561627,6,5,3,L3Neighbor,0.00
1760467561853,9,4,,L3Serving,-8.00
1760467561853,10,4,,L3Serving,20.00
1760467561853,10,4,5,L3Neighbor,9.00
1760467561853,10,4,2,L3Neighbor,4.00
1760467561853,7,4,,L3Serving,22.00
1760467561853,7,4,2,L3Neighbor,14.00
1760467561853,7,4,3,L3Neighbor,9.00
1760467562005,5,3,,L3Serving,17.00
1760467562005,5,3,2,L3Neighbor,9.00
1760467562005,5,3,5,L3Neighbor,-2.00
1760467579623,8,5,,L3Serving,9.00
1760467579623,8,5,2,L3Neighbor,16.00
1760467579623,8,5,4,L3Neighbor,5.00
1760467579623,3,5,,L3Serving,25.00
1760467579623,3,5,2,L3Neighbor,9.00
1760467579623,3,5,3,L3Neighbor,-2.00
1760467579623,4,5,,L3Serving,17.00
1760467579623,4,5,2,L3Neighbor,0.00
1760467579623,4,5,4,L3Neighbor,-5.00
1760467579623,2,5,,L3Serving,0.00
1760467579623,2,5,2,L3Neighbor,-2.00
1760467579623,2,5,4,L3Neighbor,-3.00
1760467579623,1,5,,L3Serving,42.00
1760467579623,1,5,3,L3Neighbor,11.00
1760467579623,1,5,4,L3Neighbor,5.00
1760467579623,6,5,,L3Serving,-4.00
1760467579623,6,5,4,L3Neighbor,7.00
1760467579623,6,5,3,L3Neighbor,4.00
1760467579804,7,4,,L3Serving,45.00
1760467579804,7,4,2,L3Neighbor,11.00
1760467579804,7,4,3,L3Neighbor,8.00
1760467579804,9,4,,L3Serving,36.00
1760467579804,9,4,5,L3Neighbor,6.00
1760467579804,9,4,2,L3Neighbor,4.00
1760467579804,10,4,,L3Serving,34.00
1760467579804,10,4,3,L3Neighbor,30.00
1760467579804,10,4,5,L3Neighbor,10.00
1760467579911,5,3,,L3Serving,35.00
1760467579911,5,3,2,L3Neighbor,12.00
1760467579911,5,3,4,L3Neighbor,-3.00
1760467598357,6,5,,L3Serving,-8.00
1760467598357,6,5,4,L3Neighbor,9.00
1760467598357,6,5,3,L3Neighbor,4.00
1760467598357,1,5,,L3Serving,43.00
1760467598357,1,5,3,L3Neighbor,11.00
1760467598357,1,5,4,L3Neighbor,6.00
1760467598357,8,5,,L3Serving,9.00
1760467598357,8,5,2,L3Neighbor,14.00
1760467598357,8,5,4,L3Neighbor,5.00
1760467598357,2,5,,L3Serving,2.00
1760467598357,2,5,2,L3Neighbor,0.00
1760467598357,2,5,4,L3Neighbor,-3.00
1760467598357,3,5,,L3Serving,25.00
1760467598357,3,5,2,L3Neighbor,10.00
1760467598357,3,5,3,L3Neighbor,-4.00
1760467598357,4,5,,L3Serving,19.00
1760467598357,4,5,2,L3Neighbor,0.00
1760467598357,4,5,3,L3Neighbor,-5.00
1760467598557,9,4,,L3Serving,36.00
1760467598557,9,4,5,L3Neighbor,6.00
1760467598557,9,4,2,L3Neighbor,4.00
1760467598557,7,4,,L3Serving,44.00
1760467598557,7,4,2,L3Neighbor,13.00
1760467598557,7,4,3,L3Neighbor,8.00
1760467598557,10,4,,L3Serving,33.00
1760467598557,10,4,3,L3Neighbor,31.00
1760467598557,10,4,5,L3Neighbor,9.00
1760467598665,5,3,,L3Serving,35.00
1760467598665,5,3,2,L3Neighbor,12.00
1760467598665,5,3,4,L3Neighbor,0.00
1760467618968,1,5,,L3Serving,12.00
1760467618968,1,5,3,L3Neighbor,14.00
1760467618968,1,5,4,L3Neighbor,6.00
1760467618968,4,5,,L3Serving,21.00
1760467618968,4,5,2,L3Neighbor,2.00
1760467618968,4,5,4,L3Neighbor,-5.00
1760467618968,3,5,,L3Serving,30.00
1760467618968,3,5,2,L3Neighbor,13.00
1760467618968,3,5,3,L3Neighbor,-3.00
1760467618968,8,5,,L3Serving,6.00
1760467618968,8,5,2,L3Neighbor,16.00
1760467618968,8,5,4,L3Neighbor,13.00
1760467618968,2,5,,L3Serving,0.00
1760467618968,2,5,2,L3Neighbor,0.00
1760467618968,2,5,4,L3Neighbor,0.00
1760467618968,6,5,,L3Serving,-3.00
1760467618968,6,5,4,L3Neighbor,11.00
1760467618968,6,5,3,L3Neighbor,1.00
1760467619150,10,4,,L3Serving,10.00
1760467619150,10,4,2,L3Neighbor,7.00
1760467619150,10,4,5,L3Neighbor,7.00
1760467619150,7,4,,L3Serving,22.00
1760467619150,7,4,2,L3Neighbor,12.00
1760467619150,7,4,3,L3Neighbor,8.00
1760467619150,9,4,,L3Serving,-3.00
1760467619255,5,3,,L3Serving,7.00
1760467619255,5,3,2,L3Neighbor,13.00
1760467619255,5,3,4,L3Neighbor,6.00
1760467637947,4,5,,L3Serving,21.00
1760467637947,4,5,2,L3Neighbor,0.00
1760467637947,4,5,4,L3Neighbor,-3.00
1760467637947,3,5,,L3Serving,29.00
1760467637947,3,5,2,L3Neighbor,12.00
1760467637947,3,5,3,L3Neighbor,-2.00
1760467637947,8,5,,L3Serving,6.00
1760467637947,8,5,2,L3Neighbor,18.00
1760467637947,8,5,4,L3Neighbor,11.00
1760467637947,6,5,,L3Serving,-1.00
1760467637947,6,5,4,L3Neighbor,13.00
1760467637947,6,5,3,L3Neighbor,2.00
1760467637947,1,5,,L3Serving,13.00
1760467637947,1,5,3,L3Neighbor,12.00
1760467637947,1,5,4,L3Neighbor,6.00
1760467637947,2,5,,L3Serving,0.00
1760467637947,2,5,2,L3Neighbor,2.00
1760467637947,2,5,3,L3Neighbor,-2.00
1760467638178,7,4,,L3Serving,21.00
1760467638178,7,4,3,L3Neighbor,9.00
1760467638178,7,4,2,L3Neighbor,7.00
1760467638178,9,4,,L3Serving,0.00
1760467638178,10,4,,L3Serving,10.00
1760467638178,10,4,5,L3Neighbor,8.00
1760467638178,10,4,2,L3Neighbor,6.00
1760467638330,5,3,,L3Serving,7.00
1760467638330,5,3,2,L3Neighbor,13.00
1760467638330,5,3,4,L3Neighbor,5.00
1760467658810,2,5,,L3Serving,3.00
1760467658810,2,5,4,L3Neighbor,18.00
1760467658810,2,5,2,L3Neighbor,-2.00
1760467658810,6,5,,L3Serving,-1.00
1760467658810,6,5,4,L3Neighbor,7.00
1760467658810,6,5,3,L3Neighbor,0.00
1760467658810,3,5,,L3Serving,22.00
1760467658810,3,5,2,L3Neighbor,3.00
1760467658810,3,5,3,L3Neighbor,0.00
1760467658810,4,5,,L3Serving,24.00
1760467658810,4,5,2,L3Neighbor,0.00
1760467658810,4,5,4,L3Neighbor,-2.00
1760467658810,1,5,,L3Serving,43.00
1760467658810,1,5,3,L3Neighbor,5.00
1760467658810,1,5,4,L3Neighbor,4.00
1760467658810,8,5,,L3Serving,10.00
1760467658810,8,5,2,L3Neighbor,18.00
1760467658810,8,5,4,L3Neighbor,9.00
1760467659027,9,4,,L3Serving,29.00
1760467659027,9,4,5,L3Neighbor,5.00
1760467659027,9,4,3,L3Neighbor,3.00
1760467659027,10,4,,L3Serving,11.00
1760467659027,10,4,5,L3Neighbor,12.00
1760467659027,10,4,2,L3Neighbor,-4.00
1760467659027,7,4,,L3Serving,45.00
1760467659027,7,4,3,L3Neighbor,15.00
1760467659027,7,4,2,L3Neighbor,14.00
1760467659165,5,3,,L3Serving,5.00
1760467659165,5,3,2,L3Neighbor,17.00
1760467659165,5,3,4,L3Neighbor,4.00
1760467680953,4,5,,L3Serving,23.00
1760467680953,4,5,2,L3Neighbor,0.00
1760467680953,4,5,4,L3Neighbor,-1.00
1760467680953,2,5,,L3Serving,4.00
1760467680953,2,5,4,L3Neighbor,18.00
1760467680953,2,5,2,L3Neighbor,-1.00
1760467680953,3,5,,L3Serving,21.00
1760467680953,3,5,2,L3Neighbor,4.00
1760467680953,3,5,3,L3Neighbor,1.00
1760467680953,8,5,,L3Serving,8.00
1760467680953,8,5,2,L3Neighbor,17.00
1760467680953,8,5,4,L3Neighbor,10.00
1760467680953,6,5,,L3Serving,-4.00
1760467680953,6,5,4,L3Neighbor,1.00
1760467680953,6,5,3,L3Neighbor,0.00
1760467680953,1,5,,L3Serving,42.00
1760467680953,1,5,3,L3Neighbor,7.00
1760467680953,1,5,4,L3Neighbor,4.00
1760467681149,10,4,,L3Serving,7.00
1760467681149,10,4,5,L3Neighbor,9.00
1760467681149,10,4,2,L3Neighbor,0.00
1760467681149,7,4,,L3Serving,45.00
1760467681149,7,4,2,L3Neighbor,12.00
1760467681149,7,4,3,L3Neighbor,12.00
1760467681149,9,4,,L3Serving,30.00
1760467681149,9,4,3,L3Neighbor,6.00
1760467681149,9,4,5,L3Neighbor,4.00
1760467681260,5,3,,L3Serving,5.00
1760467681260,5,3,2,L3Neighbor,18.00
1760467681260,5,3,4,L3Neighbor,5.00
1760467700000,8,5,,L3Serving,5.00
1760467700000,2,5,,L3Serving,3.00
1760467700000,2,5,2,L3Neighbor,2.00
1760467700000,2,5,4,L3Neighbor,-2.00
1760467700000,4,5,,L3Serving,40.00
1760467700000,4,5,2,L3Neighbor,4.00
1760467700000,4,5,4,L3Neighbor,-7.00
1760467700000,1,5,,L3Serving,12.00
1760467700000,1,5,2,L3Neighbor,11.00
1760467700000,1,5,3,L3Neighbor,11.00
1760467700000,6,5,,L3Serving,-3.00
1760467700000,6,5,4,L3Neighbor,7.00
1760467700000,6,5,3,L3Neighbor,1.00
1760467700000,3,5,,L3Serving,27.00
1760467700000,3,5,2,L3Neighbor,13.00
1760467700000,3,5,3,L3Neighbor,-1.00
1760467700252,9,4,,L3Serving,0.00
1760467700252,10,4,,L3Serving,-3.00
1760467700252,10,4,5,L3Neighbor,13.00
1760467700252,10,4,2,L3Neighbor,0.00
1760467700252,7,4,,L3Serving,46.00
1760467700252,7,4,2,L3Neighbor,11.00
1760467700252,7,4,3,L3Neighbor,10.00
1760467700352,5,3,,L3Serving,5.00
1760467700352,5,3,4,L3Neighbor,4.00
1760467700352,5,3,5,L3Neighbor,2.00
1760467719318,1,5,,L3Serving,11.00
1760467719318,1,5,3,L3Neighbor,13.00
1760467719318,1,5,2,L3Neighbor,10.00
1760467719318,4,5,,L3Serving,39.00
1760467719318,4,5,2,L3Neighbor,0.00
1760467719318,4,5,4,L3Neighbor,-6.00
1760467719318,3,5,,L3Serving,27.00
1760467719318,3,5,2,L3Neighbor,12.00
1760467719318,3,5,3,L3Neighbor,-2.00
1760467719318,2,5,,L3Serving,2.00
1760467719318,2,5,2,L3Neighbor,2.00
1760467719318,2,5,4,L3Neighbor,-3.00
1760467719318,6,5,,L3Serving,0.00
1760467719318,6,5,4,L3Neighbor,8.00
1760467719318,6,5,3,L3Neighbor,0.00
1760467719318,8,5,,L3Serving,6.00
1760467719318,8,5,2,L3Neighbor,32.00
1760467719318,8,5,4,L3Neighbor,12.00
1760467719515,7,4,,L3Serving,47.00
1760467719515,7,4,2,L3Neighbor,12.00
1760467719515,7,4,3,L3Neighbor,12.00
1760467719515,9,4,,L3Serving,0.00
1760467719515,9,4,3,L3Neighbor,7.00
1760467719515,9,4,5,L3Neighbor,0.00
1760467719515,10,4,,L3Serving,1.00
1760467719515,10,4,5,L3Neighbor,10.00
1760467719515,10,4,2,L3Neighbor,-1.00
1760467719668,5,3,,L3Serving,5.00
1760467719668,5,3,4,L3Neighbor,4.00
1760467719668,5,3,2,L3Neighbor,0.00
1760467737758,4,5,,L3Serving,18.00
1760467737758,4,5,2,L3Neighbor,-1.00
1760467737758,4,5,4,L3Neighbor,-5.00
1760467737758,1,5,,L3Serving,9.00
1760467737758,1,5,2,L3Neighbor,11.00
1760467737758,1,5,3,L3Neighbor,8.00
1760467737758,3,5,,L3Serving,50.00
1760467737758,3,5,2,L3Neighbor,13.00
1760467737758,3,5,3,L3Neighbor,2.00
1760467737758,2,5,,L3Serving,5.00
1760467737758,2,5,2,L3Neighbor,0.00
1760467737758,2,5,4,L3Neighbor,-5.00
1760467737758,8,5,,L3Serving,11.00
1760467737758,8,5,2,L3Neighbor,12.00
1760467737758,8,5,4,L3Neighbor,3.00
1760467737758,6,5,,L3Serving,-3.00
1760467737758,6,5,4,L3Neighbor,4.00
1760467737758,6,5,3,L3Neighbor,2.00
1760467738015,7,4,,L3Serving,23.00
1760467738015,7,4,3,L3Neighbor,11.00
1760467738015,7,4,2,L3Neighbor,9.00
1760467738015,9,4,,L3Serving,2.00
1760467738015,9,4,3,L3Neighbor,10.00
1760467738015,9,4,5,L3Neighbor,0.00
1760467738015,10,4,,L3Serving,2.00
1760467738015,10,4,5,L3Neighbor,11.00
1760467738015,10,4,2,L3Neighbor,3.00
1760467738192,5,3,,L3Serving,46.00
1760467738192,5,3,2,L3Neighbor,8.00
1760467738192,5,3,4,L3Neighbor,2.00
1760467755593,8,5,,L3Serving,9.00
1760467755593,8,5,2,L3Neighbor,12.00
1760467755593,8,5,4,L3Neighbor,3.00
1760467755593,1,5,,L3Serving,8.00
1760467755593,1,5,2,L3Neighbor,11.00
1760467755593,1,5,3,L3Neighbor,8.00
1760467755593,3,5,,L3Serving,49.00
1760467755593,3,5,2,L3Neighbor,13.00
1760467755593,3,5,3,L3Neighbor,0.00
1760467755593,2,5,,L3Serving,5.00
1760467755593,2,5,2,L3Neighbor,-1.00
1760467755593,2,5,4,L3Neighbor,-2.00
1760467755593,4,5,,L3Serving,17.00
1760467755593,4,5,2,L3Neighbor,0.00
1760467755593,4,5,4,L3Neighbor,-6.00
1760467755593,6,5,,L3Serving,-1.00
1760467755593,6,5,4,L3Neighbor,4.00
1760467755593,6,5,3,L3Neighbor,-1.00
1760467755818,10,4,,L3Serving,2.00
1760467755818,10,4,5,L3Neighbor,13.00
1760467755818,10,4,2,L3Neighbor,2.00
1760467755818,7,4,,L3Serving,24.00
1760467755818,7,4,3,L3Neighbor,13.00
1760467755818,7,4,2,L3Neighbor,8.00
1760467755818,9,4,,L3Serving,1.00
1760467755818,9,4,3,L3Neighbor,7.00
1760467755818,9,4,2,L3Neighbor,-1.00
1760467755991,5,3,,L3Serving,48.00
1760467755991,5,3,2,L3Neighbor,6.00
1760467755991,5,3,4,L3Neighbor,0.00
1760467777727,4,5,,L3Serving,14.00
1760467777727,4,5,2,L3Neighbor,-1.00
1760467777727,4,5,4,L3Neighbor,-8.00
1760467777727,1,5,,L3Serving,10.00
1760467777727,1,5,2,L3Neighbor,11.00
1760467777727,1,5,3,L3Neighbor,9.00
1760467777727,6,5,,L3Serving,2.00
1760467777727,6,5,4,L3Neighbor,10.00
1760467777727,6,5,3,L3Neighbor,-8.00
1760467777727,8,5,,L3Serving,5.00
1760467777727,8,5,2,L3Neighbor,18.00
1760467777727,8,5,4,L3Neighbor,10.00
1760467777727,2,5,,L3Serving,0.00
1760467777727,2,5,4,L3Neighbor,0.00
1760467777727,2,5,2,L3Neighbor,-2.00
1760467777727,3,5,,L3Serving,33.00
1760467777727,3,5,2,L3Neighbor,4.00
1760467777727,3,5,3,L3Neighbor,-3.00
1760467777976,10,4,,L3Serving,1.00
1760467777976,10,4,5,L3Neighbor,3.00
1760467777976,10,4,2,L3Neighbor,2.00
1760467777976,7,4,,L3Serving,41.00
1760467777976,7,4,3,L3Neighbor,17.00
1760467777976,7,4,2,L3Neighbor,9.00
1760467777976,9,4,,L3Serving,5.00
1760467777976,9,4,3,L3Neighbor,9.00
1760467777976,9,4,5,L3Neighbor,1.00
1760467778115,5,3,,L3Serving,20.00
1760467778115,5,3,2,L3Neighbor,9.00
1760467778115,5,3,5,L3Neighbor,-1.00
1760467797050,6,5,,L3Serving,4.00
1760467797050,6,5,4,L3Neighbor,11.00
1760467797050,6,5,3,L3Neighbor,-6.00
1760467797050,1,5,,L3Serving,11.00
1760467797050,1,5,3,L3Neighbor,11.00
1760467797050,1,5,2,L3Neighbor,10.00
1760467797050,3,5,,L3Serving,33.00
1760467797050,3,5,2,L3Neighbor,5.00
1760467797050,3,5,3,L3Neighbor,-3.00
1760467797050,4,5,,L3Serving,16.00
1760467797050,4,5,2,L3Neighbor,0.00
1760467797050,4,5,4,L3Neighbor,-7.00
1760467797050,8,5,,L3Serving,6.00
1760467797050,8,5,2,L3Neighbor,18.00
1760467797050,8,5,4,L3Neighbor,9.00
1760467797050,2,5,,L3Serving,0.00
1760467797050,2,5,4,L3Neighbor,-1.00
1760467797050,2,5,2,L3Neighbor,-1.00
1760467797241,7,4,,L3Serving,41.00
1760467797241,7,4,3,L3Neighbor,15.00
1760467797241,7,4,2,L3Neighbor,9.00
1760467797241,10,4,,L3Serving,1.00
1760467797241,10,4,2,L3Neighbor,3.00
1760467797241,10,4,5,L3Neighbor,3.00
1760467797241,9,4,,L3Serving,7.00
1760467797241,9,4,3,L3Neighbor,8.00
1760467797241,9,4,5,L3Neighbor,2.00
1760467797361,5,3,,L3Serving,20.00
1760467797361,5,3,2,L3Neighbor,7.00
1760467797361,5,3,5,L3Neighbor,1.00
1760467814195,4,5,,L3Serving,23.00
1760467814195,4,5,2,L3Neighbor,2.00
1760467814195,4,5,4,L3Neighbor,-5.00
1760467814195,2,5,,L3Serving,34.00
1760467814195,2,5,2,L3Neighbor,1.00
1760467814195,2,5,4,L3Neighbor,0.00
1760467814195,6,5,,L3Serving,2.00
1760467814195,6,5,4,L3Neighbor,12.00
1760467814195,6,5,3,L3Neighbor,-3.00
1760467814195,3,5,,L3Serving,38.00
1760467814195,3,5,2,L3Neighbor,5.00
1760467814195,3,5,3,L3Neighbor,-4.00
1760467814195,1,5,,L3Serving,11.00
1760467814195,1,5,2,L3Neighbor,33.00
1760467814195,1,5,3,L3Neighbor,15.00
1760467814195,8,5,,L3Serving,6.00
1760467814400,9,4,,L3Serving,2.00
1760467814400,9,4,3,L3Neighbor,1.00
1760467814400,9,4,5,L3Neighbor,-1.00
1760467814400,7,4,,L3Serving,32.00
1760467814400,7,4,3,L3Neighbor,16.00
1760467814400,7,4,2,L3Neighbor,10.00
1760467814400,10,4,,L3Serving,-1.00
1760467814589,5,3,,L3Serving,17.00
1760467814589,5,3,5,L3Neighbor,23.00
1760467814589,5,3,2,L3Neighbor,12.00
1760467830753,8,5,,L3Serving,5.00
1760467830753,1,5,,L3Serving,13.00
1760467830753,1,5,2,L3Neighbor,34.00
1760467830753,1,5,3,L3Neighbor,14.00
1760467830753,6,5,,L3Serving,3.00
1760467830753,6,5,4,L3Neighbor,11.00
1760467830753,6,5,2,L3Neighbor,-3.00
1760467830753,3,5,,L3Serving,39.00
1760467830753,3,5,2,L3Neighbor,6.00
1760467830753,3,5,3,L3Neighbor,-5.00
1760467830753,2,5,,L3Serving,36.00
1760467830753,2,5,4,L3Neighbor,0.00
1760467830753,2,5,2,L3Neighbor,-1.00
1760467830753,4,5,,L3Serving,23.00
1760467830753,4,5,2,L3Neighbor,0.00
1760467830753,4,5,4,L3Neighbor,-5.00
1760467830996,9,4,,L3Serving,0.00
1760467830996,9,4,3,L3Neighbor,5.00
1760467830996,9,4,2,L3Neighbor,-1.00
1760467830996,10,4,,L3Serving,0.00
1760467830996,10,4,5,L3Neighbor,7.00
1760467830996,10,4,3,L3Neighbor,3.00
1760467830996,7,4,,L3Serving,31.00
1760467830996,7,4,2,L3Neighbor,12.00
1760467830996,7,4,3,L3Neighbor,12.00
1760467831116,5,3,,L3Serving,18.00
1760467831116,5,3,5,L3Neighbor,23.00
1760467831116,5,3,2,L3Neighbor,13.00
1760467847347,3,5,,L3Serving,42.00
1760467847347,3,5,2,L3Neighbor,10.00
1760467847347,3,5,3,L3Neighbor,-3.00
1760467847347,4,5,,L3Serving,38.00
1760467847347,4,5,2,L3Neighbor,0.00
1760467847347,4,5,3,L3Neighbor,-7.00
1760467847347,8,5,,L3Serving,0.00
1760467847347,1,5,,L3Serving,14.00
1760467847347,1,5,3,L3Neighbor,15.00
1760467847347,1,5,2,L3Neighbor,0.00
1760467847347,6,5,,L3Serving,3.00
1760467847347,6,5,4,L3Neighbor,7.00
1760467847347,6,5,3,L3Neighbor,0.00
1760467847347,2,5,,L3Serving,37.00
1760467847347,2,5,4,L3Neighbor,0.00
1760467847347,2,5,3,L3Neighbor,-4.00
1760467847573,7,4,,L3Serving,45.00
1760467847573,7,4,3,L3Neighbor,12.00
1760467847573,7,4,2,L3Neighbor,11.00
1760467847573,10,4,,L3Serving,18.00
1760467847573,10,4,5,L3Neighbor,7.00
1760467847573,10,4,3,L3Neighbor,6.00
1760467847573,9,4,,L3Serving,4.00
1760467847573,9,4,5,L3Neighbor,6.00
1760467847573,9,4,3,L3Neighbor,5.00
1760467847807,5,3,,L3Serving,21.00
1760467847807,5,3,2,L3Neighbor,14.00
1760467847807,5,3,5,L3Neighbor,-2.00
1760467864160,1,5,,L3Serving,18.00
1760467864160,1,5,3,L3Neighbor,14.00
1760467864160,1,5,4,L3Neighbor,0.00
1760467864160,2,5,,L3Serving,38.00
1760467864160,2,5,4,L3Neighbor,0.00
1760467864160,2,5,3,L3Neighbor,-5.00
1760467864160,8,5,,L3Serving,4.00
1760467864160,6,5,,L3Serving,5.00
1760467864160,6,5,4,L3Neighbor,7.00
1760467864160,6,5,3,L3Neighbor,-2.00
1760467864160,4,5,,L3Serving,38.00
1760467864160,4,5,2,L3Neighbor,3.00
1760467864160,4,5,3,L3Neighbor,-7.00
1760467864160,3,5,,L3Serving,41.00
1760467864160,3,5,2,L3Neighbor,15.00
1760467864160,3,5,3,L3Neighbor,0.00
1760467864361,7,4,,L3Serving,44.00
1760467864361,7,4,2,L3Neighbor,12.00
1760467864361,7,4,3,L3Neighbor,10.00
1760467864361,9,4,,L3Serving,2.00
1760467864361,9,4,3,L3Neighbor,8.00
1760467864361,9,4,5,L3Neighbor,6.00
1760467864361,10,4,,L3Serving,17.00
1760467864361,10,4,5,L3Neighbor,8.00
1760467864361,10,4,3,L3Neighbor,6.00
1760467864531,5,3,,L3Serving,20.00
1760467864531,5,3,2,L3Neighbor,14.00
1760467864531,5,3,5,L3Neighbor,-1.00
1760467880544,3,5,,L3Serving,29.00
1760467880544,3,5,2,L3Neighbor,8.00
1760467880544,3,5,3,L3Neighbor,-1.00
1760467880544,8,5,,L3Serving,3.00
1760467880544,8,5,2,L3Neighbor,21.00
1760467880544,8,5,4,L3Neighbor,8.00
1760467880544,1,5,,L3Serving,12.00
1760467880544,1,5,3,L3Neighbor,13.00
1760467880544,1,5,4,L3Neighbor,7.00
1760467880544,4,5,,L3Serving,28.00
1760467880544,4,5,2,L3Neighbor,1.00
1760467880544,4,5,3,L3Neighbor,-2.00
1760467880544,6,5,,L3Serving,-1.00
1760467880544,6,5,4,L3Neighbor,8.00
1760467880544,6,5,3,L3Neighbor,-5.00
1760467880544,2,5,,L3Serving,17.00
1760467880544,2,5,2,L3Neighbor,27.00
1760467880544,2,5,4,L3Neighbor,0.00
1760467880766,9,4,,L3Serving,5.00
1760467880766,9,4,3,L3Neighbor,7.00
1760467880766,9,4,2,L3Neighbor,-1.00
1760467880766,7,4,,L3Serving,29.00
1760467880766,7,4,3,L3Neighbor,19.00
1760467880766,7,4,2,L3Neighbor,8.00
1760467880766,10,4,,L3Serving,5.00
1760467880766,10,4,3,L3Neighbor,5.00
1760467880766,10,4,5,L3Neighbor,5.00
1760467881000,5,3,,L3Serving,21.00
1760467881000,5,3,2,L3Neighbor,10.00
1760467881000,5,3,5,L3Neighbor,-1.00
1760467899797,3,5,,L3Serving,31.00
1760467899797,3,5,2,L3Neighbor,11.00
1760467899797,3,5,3,L3Neighbor,-2.00
1760467899797,2,5,,L3Serving,17.00
1760467899797,2,5,2,L3Neighbor,26.00
1760467899797,2,5,4,L3Neighbor,2.00
1760467899797,8,5,,L3Serving,3.00
1760467899797,8,5,2,L3Neighbor,21.00
1760467899797,8,5,4,L3Neighbor,9.00
1760467899797,4,5,,L3Serving,25.00
1760467899797,4,5,2,L3Neighbor,3.00
1760467899797,4,5,4,L3Neighbor,0.00
1760467899797,6,5,,L3Serving,2.00
1760467899797,6,5,4,L3Neighbor,9.00
1760467899797,6,5,3,L3Neighbor,-5.00
1760467899797,1,5,,L3Serving,13.00
1760467899797,1,5,3,L3Neighbor,11.00
1760467899797,1,5,4,L3Neighbor,6.00
1760467900051,7,4,,L3Serving,32.00
1760467900051,7,4,3,L3Neighbor,22.00
1760467900051,7,4,2,L3Neighbor,9.00
1760467900051,9,4,,L3Serving,7.00
1760467900051,9,4,3,L3Neighbor,10.00
1760467900051,9,4,2,L3Neighbor,0.00
1760467900051,10,4,,L3Serving,6.00
1760467900051,10,4,3,L3Neighbor,6.00
1760467900051,10,4,5,L3Neighbor,0.00
1760467900217,5,3,,L3Serving,22.00
1760467900217,5,3,2,L3Neighbor,8.00
1760467900217,5,3,5,L3Neighbor,-2.00
1760467917798,8,5,,L3Serving,3.00
1760467917798,1,5,,L3Serving,17.00
1760467917798,1,5,3,L3Neighbor,11.00
1760467917798,1,5,4,L3Neighbor,5.00
1760467917798,6,5,,L3Serving,6.00
1760467917798,6,5,4,L3Neighbor,3.00
1760467917798,6,5,3,L3Neighbor,-6.00
1760467917798,4,5,,L3Serving,20.00
1760467917798,4,5,2,L3Neighbor,2.00
1760467917798,4,5,4,L3Neighbor,-1.00
1760467917798,3,5,,L3Serving,24.00
1760467917798,3,5,2,L3Neighbor,4.00
1760467917798,3,5,3,L3Neighbor,-6.00
1760467917798,2,5,,L3Serving,33.00
1760467917798,2,5,4,L3Neighbor,3.00
1760467917798,2,5,2,L3Neighbor,1.00
1760467918016,7,4,,L3Serving,42.00
1760467918016,7,4,3,L3Neighbor,20.00
1760467918016,7,4,2,L3Neighbor,14.00
1760467918016,9,4,,L3Serving,0.00
1760467918016,9,4,3,L3Neighbor,12.00
1760467918016,9,4,2,L3Neighbor,4.00
1760467918016,10,4,,L3Serving,9.00
1760467918016,10,4,3,L3Neighbor,6.00
1760467918016,10,4,5,L3Neighbor,3.00
1760467918173,5,3,,L3Serving,21.00
1760467918173,5,3,2,L3Neighbor,7.00
1760467918173,5,3,5,L3Neighbor,-3.00
1760467933272,2,5,,L3Serving,33.00
1760467933272,2,5,2,L3Neighbor,6.00
1760467933272,2,5,4,L3Neighbor,0.00
1760467933272,3,5,,L3Serving,23.00
1760467933272,3,5,2,L3Neighbor,5.00
1760467933272,3,5,3,L3Neighbor,-7.00
1760467933272,1,5,,L3Serving,19.00
1760467933272,1,5,3,L3Neighbor,11.00
1760467933272,1,5,4,L3Neighbor,3.00
1760467933272,6,5,,L3Serving,5.00
1760467933272,6,5,4,L3Neighbor,1.00
1760467933272,6,5,2,L3Neighbor,-6.00
1760467933272,4,5,,L3Serving,17.00
1760467933272,4,5,2,L3Neighbor,4.00
1760467933272,4,5,4,L3Neighbor,0.00
1760467933272,8,5,,L3Serving,4.00
1760467933272,8,5,2,L3Neighbor,17.00
1760467933272,8,5,4,L3Neighbor,11.00
1760467933525,7,4,,L3Serving,42.00
1760467933525,7,4,3,L3Neighbor,19.00
1760467933525,7,4,2,L3Neighbor,12.00
1760467933525,9,4,,L3Serving,-2.00
1760467933525,9,4,3,L3Neighbor,9.00
1760467933525,9,4,2,L3Neighbor,4.00
1760467933525,10,4,,L3Serving,8.00
1760467933525,10,4,3,L3Neighbor,3.00
1760467933525,10,4,5,L3Neighbor,3.00
1760467933713,5,3,,L3Serving,15.00
1760467933713,5,3,2,L3Neighbor,5.00
1760467933713,5,3,5,L3Neighbor,-3.00
1760467950316,1,5,,L3Serving,19.00
1760467950316,1,5,3,L3Neighbor,13.00
1760467950316,1,5,4,L3Neighbor,0.00
1760467950316,2,5,,L3Serving,28.00
1760467950316,2,5,2,L3Neighbor,7.00
1760467950316,2,5,4,L3Neighbor,4.00
1760467950316,4,5,,L3Serving,19.00
1760467950316,4,5,2,L3Neighbor,3.00
1760467950316,4,5,4,L3Neighbor,0.00
1760467950316,3,5,,L3Serving,33.00
1760467950316,3,5,4,L3Neighbor,24.00
1760467950316,3,5,2,L3Neighbor,10.00
1760467950316,6,5,,L3Serving,5.00
1760467950316,6,5,4,L3Neighbor,0.00
1760467950316,6,5,3,L3Neighbor,-1.00
1760467950316,8,5,,L3Serving,8.00
1760467950316,8,5,2,L3Neighbor,22.00
1760467950316,8,5,4,L3Neighbor,14.00
1760467950521,9,4,,L3Serving,-2.00
1760467950521,9,4,3,L3Neighbor,6.00
1760467950521,9,4,2,L3Neighbor,2.00
1760467950521,10,4,,L3Serving,9.00
1760467950521,10,4,3,L3Neighbor,3.00
1760467950521,10,4,5,L3Neighbor,2.00
1760467950521,7,4,,L3Serving,20.00
1760467950521,7,4,3,L3Neighbor,18.00
1760467950521,7,4,2,L3Neighbor,14.00
1760467950629,5,3,,L3Serving,17.00
1760467950629,5,3,2,L3Neighbor,5.00
1760467950629,5,3,5,L3Neighbor,-7.00
1760467968169,8,5,,L3Serving,5.00
1760467968169,8,5,2,L3Neighbor,19.00
1760467968169,8,5,4,L3Neighbor,14.00
1760467968169,4,5,,L3Serving,19.00
1760467968169,4,5,2,L3Neighbor,5.00
1760467968169,4,5,4,L3Neighbor,0.00
1760467968169,3,5,,L3Serving,35.00
1760467968169,3,5,4,L3Neighbor,24.00
1760467968169,3,5,2,L3Neighbor,11.00
1760467968169,1,5,,L3Serving,17.00
1760467968169,1,5,3,L3Neighbor,15.00
1760467968169,1,5,4,L3Neighbor,-1.00
1760467968169,6,5,,L3Serving,11.00
1760467968169,6,5,4,L3Neighbor,1.00
1760467968169,6,5,3,L3Neighbor,-1.00
1760467968169,2,5,,L3Serving,26.00
1760467968169,2,5,4,L3Neighbor,4.00
1760467968169,2,5,2,L3Neighbor,4.00
1760467968445,10,4,,L3Serving,10.00
1760467968445,10,4,2,L3Neighbor,1.00
1760467968445,10,4,3,L3Neighbor,0.00
1760467968445,7,4,,L3Serving,24.00
1760467968445,7,4,3,L3Neighbor,19.00
1760467968445,7,4,2,L3Neighbor,15.00
1760467968445,9,4,,L3Serving,-2.00
1760467968445,9,4,3,L3Neighbor,4.00
1760467968445,9,4,2,L3Neighbor,2.00
1760467968549,5,3,,L3Serving,17.00
1760467968549,5,3,2,L3Neighbor,4.00
1760467968549,5,3,5,L3Neighbor,-6.00
1760467986119,1,5,,L3Serving,28.00
1760467986119,1,5,3,L3Neighbor,13.00
1760467986119,1,5,4,L3Neighbor,-4.00
1760467986119,4,5,,L3Serving,17.00
1760467986119,4,5,2,L3Neighbor,4.00
1760467986119,4,5,4,L3Neighbor,0.00
1760467986119,8,5,,L3Serving,5.00
1760467986119,8,5,2,L3Neighbor,34.00
1760467986119,8,5,4,L3Neighbor,13.00
1760467986119,3,5,,L3Serving,41.00
1760467986119,3,5,4,L3Neighbor,12.00
1760467986119,3,5,2,L3Neighbor,10.00
1760467986119,2,5,,L3Serving,25.00
1760467986119,2,5,4,L3Neighbor,8.00
1760467986119,2,5,2,L3Neighbor,5.00
1760467986119,6,5,,L3Serving,15.00
1760467986119,6,5,3,L3Neighbor,1.00
1760467986119,6,5,4,L3Neighbor,-3.00
1760467986347,7,4,,L3Serving,21.00
1760467986347,7,4,3,L3Neighbor,20.00
1760467986347,7,4,2,L3Neighbor,14.00
1760467986347,9,4,,L3Serving,3.00
1760467986347,9,4,3,L3Neighbor,7.00
1760467986347,9,4,2,L3Neighbor,-1.00
1760467986347,10,4,,L3Serving,5.00
1760467986347,10,4,5,L3Neighbor,1.00
1760467986347,10,4,3,L3Neighbor,-2.00
1760467986558,5,3,,L3Serving,17.00
1760467986558,5,3,2,L3Neighbor,6.00
1760467986558,5,3,5,L3Neighbor,-2.00
1760468003880,2,5,,L3Serving,28.00
1760468003880,2,5,4,L3Neighbor,8.00
1760468003880,2,5,2,L3Neighbor,7.00
1760468003880,4,5,,L3Serving,15.00
1760468003880,4,5,2,L3Neighbor,2.00
1760468003880,4,5,4,L3Neighbor,0.00
1760468003880,6,5,,L3Serving,14.00
1760468003880,6,5,3,L3Neighbor,2.00
1760468003880,6,5,4,L3Neighbor,-2.00
1760468003880,3,5,,L3Serving,41.00
1760468003880,3,5,4,L3Neighbor,11.00
1760468003880,3,5,2,L3Neighbor,11.00
1760468003880,1,5,,L3Serving,28.00
1760468003880,1,5,3,L3Neighbor,13.00
1760468003880,1,5,4,L3Neighbor,-6.00
1760468003880,8,5,,L3Serving,7.00
1760468003880,8,5,2,L3Neighbor,33.00
1760468003880,8,5,4,L3Neighbor,12.00
1760468004106,10,4,,L3Serving,6.00
1760468004106,10,4,5,L3Neighbor,1.00
1760468004106,10,4,2,L3Neighbor,-2.00
1760468004106,9,4,,L3Serving,6.00
1760468004106,9,4,3,L3Neighbor,6.00
1760468004106,9,4,2,L3Neighbor,-3.00
1760468004106,7,4,,L3Serving,21.00
1760468004106,7,4,3,L3Neighbor,19.00
1760468004106,7,4,2,L3Neighbor,17.00
1760468004232,5,3,,L3Serving,17.00
1760468004232,5,3,2,L3Neighbor,7.00
1760468004232,5,3,5,L3Neighbor,-2.00
1760468021405,2,5,,L3Serving,30.00
1760468021405,2,5,2,L3Neighbor,4.00
1760468021405,2,5,4,L3Neighbor,-12.00
1760468021405,8,5,,L3Serving,4.00
1760468021405,1,5,,L3Serving,12.00
1760468021405,1,5,2,L3Neighbor,19.00
1760468021405,1,5,3,L3Neighbor,10.00
1760468021405,6,5,,L3Serving,11.00
1760468021405,6,5,3,L3Neighbor,4.00
1760468021405,6,5,4,L3Neighbor,3.00
1760468021405,4,5,,L3Serving,23.00
1760468021405,4,5,2,L3Neighbor,1.00
1760468021405,4,5,4,L3Neighbor,0.00
1760468021405,3,5,,L3Serving,38.00
1760468021405,3,5,4,L3Neighbor,15.00
1760468021405,3,5,2,L3Neighbor,11.00
1760468021588,9,4,,L3Serving,3.00
1760468021588,9,4,3,L3Neighbor,5.00
1760468021588,9,4,2,L3Neighbor,2.00
1760468021588,10,4,,L3Serving,7.00
1760468021588,10,4,5,L3Neighbor,5.00
1760468021588,10,4,3,L3Neighbor,-4.00
1760468021588,7,4,,L3Serving,20.00
1760468021588,7,4,2,L3Neighbor,18.00
1760468021588,7,4,3,L3Neighbor,13.00
1760468021785,5,3,,L3Serving,16.00
1760468021785,5,3,2,L3Neighbor,4.00
1760468021785,5,3,5,L3Neighbor,0.00
1760468039530,2,5,,L3Serving,32.00
1760468039530,2,5,2,L3Neighbor,4.00
1760468039530,2,5,4,L3Neighbor,-12.00
1760468039530,4,5,,L3Serving,23.00
1760468039530,4,5,4,L3Neighbor,2.00
1760468039530,4,5,2,L3Neighbor,1.00
1760468039530,6,5,,L3Serving,13.00
1760468039530,6,5,4,L3Neighbor,7.00
1760468039530,6,5,3,L3Neighbor,4.00
1760468039530,8,5,,L3Serving,4.00
1760468039530,8,5,4,L3Neighbor,12.00
1760468039530,8,5,2,L3Neighbor,7.00
1760468039530,3,5,,L3Serving,38.00
1760468039530,3,5,4,L3Neighbor,14.00
1760468039530,3,5,2,L3Neighbor,12.00
1760468039530,1,5,,L3Serving,11.00
1760468039530,1,5,2,L3Neighbor,20.00
1760468039530,1,5,3,L3Neighbor,8.00
1760468039748,7,4,,L3Serving,21.00
1760468039748,7,4,2,L3Neighbor,17.00
1760468039748,7,4,3,L3Neighbor,12.00
1760468039748,10,4,,L3Serving,10.00
1760468039748,10,4,5,L3Neighbor,3.00
1760468039748,10,4,3,L3Neighbor,0.00
1760468039748,9,4,,L3Serving,2.00
1760468039748,9,4,3,L3Neighbor,8.00
1760468039748,9,4,2,L3Neighbor,0.00
1760468039887,5,3,,L3Serving,18.00
1760468039887,5,3,2,L3Neighbor,3.00
1760468039887,5,3,5,L3Neighbor,0.00
1760468055907,3,5,,L3Serving,38.00
1760468055907,3,5,2,L3Neighbor,37.00
1760468055907,3,5,4,L3Neighbor,14.00
1760468055907,8,5,,L3Serving,3.00
1760468055907,8,5,4,L3Neighbor,15.00
1760468055907,8,5,2,L3Neighbor,6.00
1760468055907,2,5,,L3Serving,36.00
1760468055907,2,5,4,L3Neighbor,14.00
1760468055907,2,5,2,L3Neighbor,3.00
1760468055907,6,5,,L3Serving,11.00
1760468055907,6,5,4,L3Neighbor,6.00
1760468055907,6,5,3,L3Neighbor,1.00
1760468055907,1,5,,L3Serving,8.00
1760468055907,1,5,3,L3Neighbor,10.00
1760468055907,1,5,2,L3Neighbor,4.00
1760468055907,4,5,,L3Serving,26.00
1760468055907,4,5,2,L3Neighbor,3.00
1760468055907,4,5,4,L3Neighbor,0.00
1760468056212,7,4,,L3Serving,45.00
1760468056212,7,4,3,L3Neighbor,14.00
1760468056212,7,4,2,L3Neighbor,12.00
1760468056212,9,4,,L3Serving,2.00
1760468056212,9,4,3,L3Neighbor,10.00
1760468056212,9,4,2,L3Neighbor,3.00
1760468056212,10,4,,L3Serving,8.00
1760468056212,10,4,5,L3Neighbor,1.00
1760468056212,10,4,3,L3Neighbor,-2.00
1760468056333,5,3,,L3Serving,16.00
1760468056333,5,3,2,L3Neighbor,4.00
1760468056333,5,3,5,L3Neighbor,-3.00
1760468072509,3,5,,L3Serving,36.00
1760468072509,3,5,2,L3Neighbor,38.00
1760468072509,3,5,4,L3Neighbor,15.00
1760468072509,6,5,,L3Serving,10.00
1760468072509,6,5,4,L3Neighbor,6.00
1760468072509,6,5,3,L3Neighbor,3.00
1760468072509,2,5,,L3Serving,36.00
1760468072509,2,5,4,L3Neighbor,13.00
1760468072509,2,5,2,L3Neighbor,4.00
1760468072509,1,5,,L3Serving,9.00
1760468072509,1,5,3,L3Neighbor,11.00
1760468072509,1,5,2,L3Neighbor,5.00
1760468072509,4,5,,L3Serving,21.00
1760468072509,4,5,2,L3Neighbor,4.00
1760468072509,4,5,4,L3Neighbor,0.00
1760468072509,8,5,,L3Serving,4.00
1760468072509,8,5,4,L3Neighbor,10.00
1760468072509,8,5,2,L3Neighbor,7.00
1760468072712,9,4,,L3Serving,1.00
1760468072712,9,4,3,L3Neighbor,12.00
1760468072712,9,4,2,L3Neighbor,6.00
1760468072712,10,4,,L3Serving,9.00
1760468072712,10,4,5,L3Neighbor,1.00
1760468072712,10,4,3,L3Neighbor,-6.00
1760468072712,7,4,,L3Serving,45.00
1760468072712,7,4,3,L3Neighbor,13.00
1760468072712,7,4,2,L3Neighbor,10.00
1760468072845,5,3,,L3Serving,12.00
1760468072845,5,3,2,L3Neighbor,5.00
1760468072845,5,3,5,L3Neighbor,-1.00
1760468090612,3,5,,L3Serving,37.00
1760468090612,3,5,4,L3Neighbor,15.00
1760468090612,3,5,2,L3Neighbor,14.00
1760468090612,1,5,,L3Serving,9.00
1760468090612,1,5,3,L3Neighbor,11.00
1760468090612,1,5,4,L3Neighbor,7.00
1760468090612,6,5,,L3Serving,16.00
1760468090612,6,5,4,L3Neighbor,7.00
1760468090612,6,5,3,L3Neighbor,2.00
1760468090612,2,5,,L3Serving,29.00
1760468090612,2,5,4,L3Neighbor,3.00
1760468090612,2,5,2,L3Neighbor,0.00
1760468090612,4,5,,L3Serving,18.00
1760468090612,4,5,2,L3Neighbor,29.00
1760468090612,4,5,4,L3Neighbor,23.00
1760468090612,8,5,,L3Serving,3.00
1760468090835,9,4,,L3Serving,3.00
1760468090835,9,4,3,L3Neighbor,14.00
1760468090835,9,4,2,L3Neighbor,2.00
1760468090835,10,4,,L3Serving,3.00
1760468090835,10,4,5,L3Neighbor,2.00
1760468090835,10,4,3,L3Neighbor,-7.00
1760468090835,7,4,,L3Serving,48.00
1760468090835,7,4,2,L3Neighbor,30.00
1760468090835,7,4,3,L3Neighbor,11.00
1760468090976,5,3,,L3Serving,13.00
1760468090976,5,3,4,L3Neighbor,12.00
1760468090976,5,3,2,L3Neighbor,2.00
1760468107124,1,5,,L3Serving,10.00
1760468107124,1,5,3,L3Neighbor,11.00
1760468107124,1,5,4,L3Neighbor,7.00
1760468107124,4,5,,L3Serving,19.00
1760468107124,4,5,2,L3Neighbor,29.00
1760468107124,4,5,4,L3Neighbor,25.00
1760468107124,3,5,,L3Serving,38.00
1760468107124,3,5,2,L3Neighbor,15.00
1760468107124,3,5,4,L3Neighbor,14.00
1760468107124,6,5,,L3Serving,16.00
1760468107124,6,5,4,L3Neighbor,8.00
1760468107124,6,5,3,L3Neighbor,3.00
1760468107124,2,5,,L3Serving,30.00
1760468107124,2,5,4,L3Neighbor,3.00
1760468107124,2,5,2,L3Neighbor,0.00
1760468107124,8,5,,L3Serving,4.00
1760468107124,8,5,4,L3Neighbor,9.00
1760468107124,8,5,2,L3Neighbor,7.00
1760468107376,7,4,,L3Serving,47.00
1760468107376,7,4,2,L3Neighbor,33.00
1760468107376,7,4,3,L3Neighbor,10.00
1760468107376,9,4,,L3Serving,0.00
1760468107376,9,4,3,L3Neighbor,14.00
1760468107376,9,4,2,L3Neighbor,4.00
1760468107376,10,4,,L3Serving,4.00
1760468107376,10,4,5,L3Neighbor,4.00
1760468107376,10,4,3,L3Neighbor,-5.00
1760468107489,5,3,,L3Serving,12.00
1760468107489,5,3,4,L3Neighbor,12.00
1760468107489,5,3,2,L3Neighbor,1.00
1760468124322,8,5,,L3Serving,3.00
1760468124322,8,5,4,L3Neighbor,7.00
1760468124322,8,5,2,L3Neighbor,6.00
1760468124322,1,5,,L3Serving,10.00
1760468124322,1,5,3,L3Neighbor,13.00
1760468124322,1,5,4,L3Neighbor,4.00
1760468124322,6,5,,L3Serving,11.00
1760468124322,6,5,4,L3Neighbor,12.00
1760468124322,6,5,3,L3Neighbor,3.00
1760468124322,2,5,,L3Serving,30.00
1760468124322,2,5,4,L3Neighbor,1.00
1760468124322,2,5,2,L3Neighbor,0.00
1760468124322,3,5,,L3Serving,30.00
1760468124322,3,5,2,L3Neighbor,17.00
1760468124322,3,5,4,L3Neighbor,9.00
1760468124322,4,5,,L3Serving,22.00
1760468124322,4,5,2,L3Neighbor,0.00
1760468124322,4,5,3,L3Neighbor,-5.00
1760468124556,9,4,,L3Serving,3.00
1760468124556,9,4,3,L3Neighbor,16.00
1760468124556,9,4,2,L3Neighbor,3.00
1760468124556,7,4,,L3Serving,44.00
1760468124556,7,4,3,L3Neighbor,9.00
1760468124556,7,4,2,L3Neighbor,3.00
1760468124556,10,4,,L3Serving,4.00
1760468124556,10,4,2,L3Neighbor,29.00
1760468124556,10,4,3,L3Neighbor,24.00
1760468124722,5,3,,L3Serving,17.00
1760468124722,5,3,2,L3Neighbor,3.00
1760468124722,5,3,5,L3Neighbor,1.00
1760468140937,6,5,,L3Serving,19.00
1760468140937,6,5,4,L3Neighbor,10.00
1760468140937,6,5,3,L3Neighbor,4.00
1760468140937,8,5,,L3Serving,3.00
1760468140937,8,5,2,L3Neighbor,4.00
1760468140937,8,5,4,L3Neighbor,3.00
1760468140937,2,5,,L3Serving,31.00
1760468140937,2,5,4,L3Neighbor,1.00
1760468140937,2,5,2,L3Neighbor,-1.00
1760468140937,4,5,,L3Serving,24.00
1760468140937,4,5,2,L3Neighbor,-2.00
1760468140937,4,5,3,L3Neighbor,-3.00
1760468140937,3,5,,L3Serving,29.00
1760468140937,3,5,2,L3Neighbor,19.00
1760468140937,3,5,4,L3Neighbor,8.00
1760468140937,1,5,,L3Serving,10.00
1760468140937,1,5,3,L3Neighbor,14.00
1760468140937,1,5,4,L3Neighbor,5.00
1760468141164,9,4,,L3Serving,6.00
1760468141164,9,4,3,L3Neighbor,16.00
1760468141164,9,4,2,L3Neighbor,3.00
1760468141164,7,4,,L3Serving,45.00
1760468141164,7,4,2,L3Neighbor,9.00
1760468141164,7,4,3,L3Neighbor,8.00
1760468141164,10,4,,L3Serving,7.00
1760468141164,10,4,2,L3Neighbor,30.00
1760468141164,10,4,3,L3Neighbor,24.00
1760468141298,5,3,,L3Serving,16.00
1760468141298,5,3,2,L3Neighbor,3.00
1760468141298,5,3,5,L3Neighbor,0.00
1760468158496,1,5,,L3Serving,15.00
1760468158496,1,5,3,L3Neighbor,13.00
1760468158496,1,5,4,L3Neighbor,7.00
1760468158496,4,5,,L3Serving,25.00
1760468158496,4,5,2,L3Neighbor,-2.00
1760468158496,4,5,3,L3Neighbor,-4.00
1760468158496,2,5,,L3Serving,33.00
1760468158496,2,5,2,L3Neighbor,5.00
1760468158496,2,5,4,L3Neighbor,0.00
1760468158496,8,5,,L3Serving,1.00
1760468158496,8,5,4,L3Neighbor,9.00
1760468158496,8,5,2,L3Neighbor,2.00
1760468158496,6,5,,L3Serving,14.00
1760468158496,6,5,4,L3Neighbor,16.00
1760468158496,6,5,3,L3Neighbor,4.00
1760468158496,3,5,,L3Serving,38.00
1760468158496,3,5,2,L3Neighbor,16.00
1760468158496,3,5,4,L3Neighbor,14.00
1760468158698,9,4,,L3Serving,5.00
1760468158698,9,4,3,L3Neighbor,11.00
1760468158698,9,4,2,L3Neighbor,4.00
1760468158698,10,4,,L3Serving,2.00
1760468158698,10,4,2,L3Neighbor,15.00
1760468158698,10,4,5,L3Neighbor,-3.00
1760468158698,7,4,,L3Serving,44.00
1760468158698,7,4,3,L3Neighbor,14.00
1760468158698,7,4,2,L3Neighbor,11.00
1760468158847,5,3,,L3Serving,13.00
1760468158847,5,3,2,L3Neighbor,4.00
1760468158847,5,3,4,L3Neighbor,-1.00
1760468174705,6,5,,L3Serving,10.00
1760468174705,6,5,4,L3Neighbor,16.00
1760468174705,6,5,3,L3Neighbor,4.00
1760468174705,8,5,,L3Serving,2.00
1760468174705,8,5,4,L3Neighbor,10.00
1760468174705,8,5,2,L3Neighbor,3.00
1760468174705,1,5,,L3Serving,11.00
1760468174705,1,5,3,L3Neighbor,17.00
1760468174705,1,5,4,L3Neighbor,8.00
1760468174705,3,5,,L3Serving,34.00
1760468174705,3,5,2,L3Neighbor,16.00
1760468174705,3,5,4,L3Neighbor,15.00
1760468174705,4,5,,L3Serving,28.00
1760468174705,4,5,2,L3Neighbor,0.00
1760468174705,4,5,3,L3Neighbor,-3.00
1760468174705,2,5,,L3Serving,35.00
1760468174705,2,5,2,L3Neighbor,0.00
1760468174705,2,5,4,L3Neighbor,0.00
1760468174913,7,4,,L3Serving,45.00
1760468174913,7,4,3,L3Neighbor,15.00
1760468174913,7,4,2,L3Neighbor,10.00
1760468174913,9,4,,L3Serving,5.00
1760468174913,9,4,3,L3Neighbor,9.00
1760468174913,9,4,2,L3Neighbor,0.00
1760468174913,10,4,,L3Serving,0.00
1760468174913,10,4,2,L3Neighbor,16.00
1760468174913,10,4,5,L3Neighbor,-5.00
1760468175033,5,3,,L3Serving,12.00
1760468175033,5,3,2,L3Neighbor,3.00
1760468175033,5,3,4,L3Neighbor,0.00
1760468191304,1,5,,L3Serving,13.00
1760468191304,1,5,3,L3Neighbor,17.00
1760468191304,1,5,4,L3Neighbor,6.00
1760468191304,8,5,,L3Serving,3.00
1760468191304,6,5,,L3Serving,12.00
1760468191304,6,5,4,L3Neighbor,10.00
1760468191304,6,5,3,L3Neighbor,0.00
1760468191304,3,5,,L3Serving,47.00
1760468191304,3,5,2,L3Neighbor,42.00
1760468191304,3,5,4,L3Neighbor,14.00
1760468191304,4,5,,L3Serving,27.00
1760468191304,4,5,2,L3Neighbor,1.00
1760468191304,4,5,3,L3Neighbor,0.00
1760468191304,2,5,,L3Serving,36.00
1760468191304,2,5,4,L3Neighbor,18.00
1760468191304,2,5,2,L3Neighbor,0.00
1760468191480,7,4,,L3Serving,28.00
1760468191480,7,4,3,L3Neighbor,14.00
1760468191480,7,4,2,L3Neighbor,13.00
1760468191480,9,4,,L3Serving,3.00
1760468191480,9,4,3,L3Neighbor,13.00
1760468191480,9,4,2,L3Neighbor,0.00
1760468191480,10,4,,L3Serving,9.00
1760468191480,10,4,2,L3Neighbor,11.00
1760468191480,10,4,5,L3Neighbor,-1.00
1760468191629,5,3,,L3Serving,36.00
1760468191629,5,3,2,L3Neighbor,5.00
1760468191629,5,3,4,L3Neighbor,3.00
1760468208288,4,5,,L3Serving,28.00
1760468208288,4,5,2,L3Neighbor,1.00
1760468208288,4,5,3,L3Neighbor,-3.00
1760468208288,8,5,,L3Serving,0.00
1760468208288,2,5,,L3Serving,36.00
1760468208288,2,5,4,L3Neighbor,19.00
1760468208288,2,5,2,L3Neighbor,0.00
1760468208288,1,5,,L3Serving,12.00
1760468208288,1,5,3,L3Neighbor,16.00
1760468208288,1,5,4,L3Neighbor,7.00
1760468208288,3,5,,L3Serving,48.00
1760468208288,3,5,2,L3Neighbor,41.00
1760468208288,3,5,4,L3Neighbor,12.00
1760468208288,6,5,,L3Serving,12.00
1760468208288,6,5,4,L3Neighbor,14.00
1760468208288,6,5,3,L3Neighbor,-1.00
1760468208517,10,4,,L3Serving,9.00
1760468208517,10,4,2,L3Neighbor,12.00
1760468208517,10,4,5,L3Neighbor,0.00
1760468208517,9,4,,L3Serving,4.00
1760468208517,9,4,3,L3Neighbor,11.00
1760468208517,9,4,2,L3Neighbor,-3.00
1760468208517,7,4,,L3Serving,28.00
1760468208517,7,4,3,L3Neighbor,13.00
1760468208517,7,4,2,L3Neighbor,12.00
1760468208621,5,3,,L3Serving,35.00
1760468208621,5,3,2,L3Neighbor,5.00
1760468208621,5,3,4,L3Neighbor,4.00
1760468224553,3,5,,L3Serving,27.00
1760468224553,3,5,3,L3Neighbor,34.00
1760468224553,3,5,2,L3Neighbor,15.00
1760468224553,1,5,,L3Serving,14.00
1760468224553,1,5,3,L3Neighbor,17.00
1760468224553,1,5,4,L3Neighbor,5.00
1760468224553,6,5,,L3Serving,12.00
1760468224553,6,5,4,L3Neighbor,16.00
1760468224553,6,5,3,L3Neighbor,2.00
1760468224553,4,5,,L3Serving,36.00
1760468224553,4,5,2,L3Neighbor,1.00
1760468224553,4,5,3,L3Neighbor,-6.00
1760468224553,8,5,,L3Serving,4.00
1760468224553,2,5,,L3Serving,28.00
1760468224553,2,5,2,L3Neighbor,2.00
1760468224553,2,5,4,L3Neighbor,1.00
1760468224847,7,4,,L3Serving,27.00
1760468224847,7,4,3,L3Neighbor,13.00
1760468224847,7,4,2,L3Neighbor,11.00
1760468224847,10,4,,L3Serving,1.00
1760468224847,10,4,2,L3Neighbor,17.00
1760468224847,10,4,5,L3Neighbor,0.00
1760468224847,9,4,,L3Serving,35.00
1760468224847,9,4,3,L3Neighbor,9.00
1760468224847,9,4,2,L3Neighbor,-5.00
1760468224988,5,3,,L3Serving,23.00
1760468224988,5,3,2,L3Neighbor,4.00
1760468224988,5,3,4,L3Neighbor,2.00
1760468240486,6,5,,L3Serving,12.00
1760468240486,6,5,4,L3Neighbor,12.00
1760468240486,6,5,3,L3Neighbor,-1.00
1760468240486,8,5,,L3Serving,4.00
1760468240486,8,5,4,L3Neighbor,20.00
1760468240486,8,5,2,L3Neighbor,19.00
1760468240486,2,5,,L3Serving,27.00
1760468240486,2,5,4,L3Neighbor,4.00
1760468240486,2,5,2,L3Neighbor,3.00
1760468240486,1,5,,L3Serving,13.00
1760468240486,1,5,3,L3Neighbor,13.00
1760468240486,1,5,4,L3Neighbor,5.00
1760468240486,4,5,,L3Serving,36.00
1760468240486,4,5,2,L3Neighbor,2.00
1760468240486,4,5,3,L3Neighbor,-8.00
1760468240486,3,5,,L3Serving,27.00
1760468240486,3,5,3,L3Neighbor,34.00
1760468240486,3,5,2,L3Neighbor,15.00
1760468240665,9,4,,L3Serving,36.00
1760468240665,9,4,3,L3Neighbor,7.00
1760468240665,9,4,2,L3Neighbor,-4.00
1760468240665,10,4,,L3Serving,-1.00
1760468240665,10,4,2,L3Neighbor,13.00
1760468240665,10,4,5,L3Neighbor,-4.00
1760468240665,7,4,,L3Serving,28.00
1760468240665,7,4,3,L3Neighbor,8.00
1760468240665,7,4,2,L3Neighbor,7.00
1760468240780,5,3,,L3Serving,22.00
1760468240780,5,3,2,L3Neighbor,5.00
1760468240780,5,3,4,L3Neighbor,2.00
1760468256883,2,5,,L3Serving,10.00
1760468256883,2,5,4,L3Neighbor,4.00
1760468256883,2,5,2,L3Neighbor,2.00
1760468256883,8,5,,L3Serving,-1.00
1760468256883,1,5,,L3Serving,10.00
1760468256883,1,5,3,L3Neighbor,11.00
1760468256883,1,5,4,L3Neighbor,7.00
1760468256883,6,5,,L3Serving,26.00
1760468256883,6,5,4,L3Neighbor,16.00
1760468256883,6,5,2,L3Neighbor,-2.00
1760468256883,3,5,,L3Serving,43.00
1760468256883,3,5,2,L3Neighbor,10.00
1760468256883,3,5,4,L3Neighbor,9.00
1760468256883,4,5,,L3Serving,14.00
1760468256883,4,5,2,L3Neighbor,3.00
1760468256883,4,5,3,L3Neighbor,-4.00
1760468257138,9,4,,L3Serving,0.00
1760468257138,9,4,3,L3Neighbor,11.00
1760468257138,9,4,2,L3Neighbor,-2.00
1760468257138,10,4,,L3Serving,2.00
1760468257138,10,4,2,L3Neighbor,30.00
1760468257138,10,4,5,L3Neighbor,-4.00
1760468257138,7,4,,L3Serving,25.00
1760468257138,7,4,3,L3Neighbor,12.00
1760468257138,7,4,2,L3Neighbor,10.00
1760468257281,5,3,,L3Serving,26.00
1760468257281,5,3,5,L3Neighbor,0.00
1760468257281,5,3,2,L3Neighbor,0.00
1760468274524,8,5,,L3Serving,-1.00
1760468274524,1,5,,L3Serving,10.00
1760468274524,1,5,3,L3Neighbor,12.00
1760468274524,1,5,4,L3Neighbor,7.00
1760468274524,6,5,,L3Serving,26.00
1760468274524,6,5,4,L3Neighbor,17.00
1760468274524,6,5,2,L3Neighbor,-6.00
1760468274524,2,5,,L3Serving,10.00
1760468274524,2,5,4,L3Neighbor,7.00
1760468274524,2,5,2,L3Neighbor,1.00
1760468274524,4,5,,L3Serving,16.00
1760468274524,4,5,2,L3Neighbor,3.00
1760468274524,4,5,3,L3Neighbor,-5.00
1760468274524,3,5,,L3Serving,44.00
1760468274524,3,5,2,L3Neighbor,11.00
1760468274524,3,5,4,L3Neighbor,10.00
1760468274832,9,4,,L3Serving,0.00
1760468274832,9,4,3,L3Neighbor,13.00
1760468274832,9,4,2,L3Neighbor,-8.00
1760468274832,7,4,,L3Serving,23.00
1760468274832,7,4,3,L3Neighbor,12.00
1760468274832,7,4,2,L3Neighbor,11.00
1760468274832,10,4,,L3Serving,1.00
1760468274832,10,4,2,L3Neighbor,30.00
1760468274832,10,4,5,L3Neighbor,-5.00
1760468274944,5,3,,L3Serving,23.00
1760468274944,5,3,2,L3Neighbor,-1.00
1760468274944,5,3,4,L3Neighbor,-2.00
1760468290276,3,5,,L3Serving,17.00
1760468290276,3,5,2,L3Neighbor,13.00
1760468290276,3,5,4,L3Neighbor,11.00
1760468290276,2,5,,L3Serving,7.00
1760468290276,2,5,4,L3Neighbor,7.00
1760468290276,2,5,2,L3Neighbor,3.00
1760468290276,1,5,,L3Serving,12.00
1760468290276,1,5,3,L3Neighbor,16.00
1760468290276,1,5,4,L3Neighbor,6.00
1760468290276,6,5,,L3Serving,-2.00
1760468290276,6,5,4,L3Neighbor,15.00
1760468290276,6,5,2,L3Neighbor,0.00
1760468290276,4,5,,L3Serving,11.00
1760468290276,4,5,2,L3Neighbor,5.00
1760468290276,4,5,3,L3Neighbor,-7.00
1760468290276,8,5,,L3Serving,-1.00
1760468290536,7,4,,L3Serving,44.00
1760468290536,7,4,2,L3Neighbor,9.00
1760468290536,7,4,3,L3Neighbor,4.00
1760468290536,9,4,,L3Serving,-1.00
1760468290536,9,4,3,L3Neighbor,15.00
1760468290536,9,4,2,L3Neighbor,-2.00
1760468290536,10,4,,L3Serving,-1.00
1760468290536,10,4,2,L3Neighbor,0.00
1760468290536,10,4,5,L3Neighbor,-8.00
1760468290675,5,3,,L3Serving,23.00
1760468290675,5,3,4,L3Neighbor,0.00
1760468290675,5,3,2,L3Neighbor,-1.00
1760468306182,3,5,,L3Serving,17.00
1760468306182,3,5,2,L3Neighbor,10.00
1760468306182,3,5,4,L3Neighbor,8.00
1760468306182,8,5,,L3Serving,-1.00
1760468306182,1,5,,L3Serving,14.00
1760468306182,1,5,3,L3Neighbor,14.00
1760468306182,1,5,4,L3Neighbor,5.00
1760468306182,4,5,,L3Serving,12.00
1760468306182,4,5,2,L3Neighbor,8.00
1760468306182,4,5,3,L3Neighbor,-7.00
1760468306182,2,5,,L3Serving,7.00
1760468306182,2,5,2,L3Neighbor,5.00
1760468306182,2,5,4,L3Neighbor,3.00
1760468306182,6,5,,L3Serving,-2.00
1760468306436,10,4,,L3Serving,-4.00
1760468306436,10,4,2,L3Neighbor,-1.00
1760468306436,10,4,5,L3Neighbor,-11.00
1760468306436,7,4,,L3Serving,43.00
1760468306436,7,4,2,L3Neighbor,8.00
1760468306436,7,4,3,L3Neighbor,3.00
1760468306436,9,4,,L3Serving,-1.00
1760468306436,9,4,3,L3Neighbor,17.00
1760468306436,9,4,2,L3Neighbor,-3.00
1760468306579,5,3,,L3Serving,23.00
1760468306579,5,3,2,L3Neighbor,2.00
1760468306579,5,3,4,L3Neighbor,1.00
1760468321862,4,5,,L3Serving,41.00
1760468321862,4,5,2,L3Neighbor,5.00
1760468321862,4,5,3,L3Neighbor,-3.00
1760468321862,3,5,,L3Serving,54.00
1760468321862,3,5,4,L3Neighbor,9.00
1760468321862,3,5,2,L3Neighbor,8.00
1760468321862,1,5,,L3Serving,15.00
1760468321862,1,5,3,L3Neighbor,12.00
1760468321862,1,5,4,L3Neighbor,7.00
1760468321862,8,5,,L3Serving,3.00
1760468321862,8,5,2,L3Neighbor,28.00
1760468321862,8,5,4,L3Neighbor,13.00
1760468321862,2,5,,L3Serving,4.00
1760468321862,2,5,4,L3Neighbor,6.00
1760468321862,2,5,2,L3Neighbor,4.00
1760468321862,6,5,,L3Serving,-4.00
1760468322082,9,4,,L3Serving,-1.00
1760468322082,9,4,3,L3Neighbor,10.00
1760468322082,9,4,2,L3Neighbor,-2.00
1760468322082,7,4,,L3Serving,20.00
1760468322082,7,4,2,L3Neighbor,7.00
1760468322082,7,4,3,L3Neighbor,7.00
1760468322082,10,4,,L3Serving,-3.00
1760468322082,10,4,2,L3Neighbor,-1.00
1760468322082,10,4,5,L3Neighbor,-12.00
1760468322203,5,3,,L3Serving,23.00
1760468322203,5,3,2,L3Neighbor,5.00
1760468322203,5,3,5,L3Neighbor,1.00
1760468339167,2,5,,L3Serving,12.00
1760468339167,2,5,4,L3Neighbor,11.00
1760468339167,2,5,2,L3Neighbor,3.00
1760468339167,1,5,,L3Serving,15.00
1760468339167,1,5,3,L3Neighbor,12.00
1760468339167,1,5,4,L3Neighbor,5.00
1760468339167,3,5,,L3Serving,56.00
1760468339167,3,5,2,L3Neighbor,11.00
1760468339167,3,5,4,L3Neighbor,6.00
1760468339167,4,5,,L3Serving,41.00
1760468339167,4,5,2,L3Neighbor,7.00
1760468339167,4,5,3,L3Neighbor,-3.00
1760468339167,8,5,,L3Serving,4.00
1760468339167,8,5,2,L3Neighbor,29.00
1760468339167,8,5,4,L3Neighbor,15.00
1760468339167,6,5,,L3Serving,0.00
1760468339422,9,4,,L3Serving,-1.00
1760468339422,9,4,3,L3Neighbor,10.00
1760468339422,9,4,2,L3Neighbor,-4.00
1760468339422,7,4,,L3Serving,20.00
1760468339422,7,4,2,L3Neighbor,7.00
1760468339422,7,4,3,L3Neighbor,4.00
1760468339422,10,4,,L3Serving,-5.00
1760468339422,10,4,2,L3Neighbor,3.00
1760468339422,10,4,3,L3Neighbor,-10.00
1760468339576,5,3,,L3Serving,26.00
1760468339576,5,3,2,L3Neighbor,7.00
1760468339576,5,3,5,L3Neighbor,0.00
1760468356205,6,5,,L3Serving,-1.00
1760468356205,6,5,4,L3Neighbor,12.00
1760468356205,6,5,2,L3Neighbor,-2.00
1760468356205,4,5,,L3Serving,30.00
1760468356205,4,5,2,L3Neighbor,6.00
1760468356205,4,5,3,L3Neighbor,-11.00
1760468356205,8,5,,L3Serving,2.00
1760468356205,8,5,4,L3Neighbor,16.00
1760468356205,8,5,3,L3Neighbor,-1.00
1760468356205,2,5,,L3Serving,12.00
1760468356205,2,5,3,L3Neighbor,15.00
1760468356205,2,5,4,L3Neighbor,9.00
1760468356205,1,5,,L3Serving,17.00
1760468356205,1,5,3,L3Neighbor,12.00
1760468356205,1,5,4,L3Neighbor,5.00
1760468356205,3,5,,L3Serving,16.00
1760468356205,3,5,2,L3Neighbor,13.00
1760468356205,3,5,4,L3Neighbor,1.00
1760468356407,9,4,,L3Serving,-6.00
1760468356407,9,4,3,L3Neighbor,29.00
1760468356407,9,4,2,L3Neighbor,-6.00
1760468356407,10,4,,L3Serving,-10.00
1760468356407,10,4,2,L3Neighbor,-1.00
1760468356407,10,4,5,L3Neighbor,-6.00
1760468356407,7,4,,L3Serving,22.00
1760468356407,7,4,2,L3Neighbor,9.00
1760468356407,7,4,3,L3Neighbor,2.00
1760468356583,5,3,,L3Serving,18.00
1760468356583,5,3,2,L3Neighbor,4.00
1760468356583,5,3,5,L3Neighbor,-1.00
1760468372501,1,5,,L3Serving,15.00
1760468372501,1,5,3,L3Neighbor,10.00
1760468372501,1,5,4,L3Neighbor,4.00
1760468372501,2,5,,L3Serving,12.00
1760468372501,2,5,3,L3Neighbor,15.00
1760468372501,2,5,4,L3Neighbor,7.00
1760468372501,3,5,,L3Serving,16.00
1760468372501,3,5,2,L3Neighbor,13.00
1760468372501,3,5,4,L3Neighbor,-1.00
1760468372501,8,5,,L3Serving,3.00
1760468372501,8,5,4,L3Neighbor,13.00
1760468372501,8,5,3,L3Neighbor,0.00
1760468372501,4,5,,L3Serving,27.00
1760468372501,4,5,2,L3Neighbor,7.00
1760468372501,4,5,3,L3Neighbor,-10.00
1760468372501,6,5,,L3Serving,-1.00
1760468372501,6,5,4,L3Neighbor,14.00
1760468372501,6,5,2,L3Neighbor,-1.00
1760468372779,9,4,,L3Serving,-6.00
1760468372779,9,4,3,L3Neighbor,30.00
1760468372779,9,4,2,L3Neighbor,-7.00
1760468372779,10,4,,L3Serving,-9.00
1760468372779,10,4,2,L3Neighbor,-2.00
1760468372779,10,4,5,L3Neighbor,-7.00
1760468372779,7,4,,L3Serving,20.00
1760468372779,7,4,2,L3Neighbor,11.00
1760468372779,7,4,3,L3Neighbor,4.00
1760468372963,5,3,,L3Serving,18.00
1760468372963,5,3,2,L3Neighbor,4.00
1760468372963,5,3,5,L3Neighbor,1.00
1760468389761,2,5,,L3Serving,10.00
1760468389761,2,5,4,L3Neighbor,8.00
1760468389761,2,5,2,L3Neighbor,2.00
1760468389761,6,5,,L3Serving,-8.00
1760468389761,8,5,,L3Serving,4.00
1760468389761,8,5,4,L3Neighbor,7.00
1760468389761,8,5,3,L3Neighbor,-1.00
1760468389761,1,5,,L3Serving,9.00
1760468389761,1,5,3,L3Neighbor,11.00
1760468389761,1,5,4,L3Neighbor,4.00
1760468389761,4,5,,L3Serving,29.00
1760468389761,4,5,3,L3Neighbor,17.00
1760468389761,4,5,2,L3Neighbor,5.00
1760468389761,3,5,,L3Serving,20.00
1760468389761,3,5,2,L3Neighbor,4.00
1760468389761,3,5,4,L3Neighbor,3.00
1760468389974,7,4,,L3Serving,51.00
1760468389974,7,4,3,L3Neighbor,7.00
1760468389974,7,4,2,L3Neighbor,7.00
1760468389974,10,4,,L3Serving,13.00
1760468389974,10,4,2,L3Neighbor,-2.00
1760468389974,10,4,3,L3Neighbor,-4.00
1760468389974,9,4,,L3Serving,38.00
1760468389974,9,4,3,L3Neighbor,14.00
1760468389974,9,4,2,L3Neighbor,-5.00
1760468390162,5,3,,L3Serving,22.00
1760468390162,5,3,5,L3Neighbor,21.00
1760468390162,5,3,2,L3Neighbor,10.00
1760468406703,8,5,,L3Serving,3.00
1760468406703,8,5,4,L3Neighbor,7.00
1760468406703,8,5,3,L3Neighbor,0.00
1760468406703,6,5,,L3Serving,-12.00
1760468406703,2,5,,L3Serving,10.00
1760468406703,2,5,4,L3Neighbor,10.00
1760468406703,2,5,2,L3Neighbor,2.00
1760468406703,3,5,,L3Serving,24.00
1760468406703,3,5,2,L3Neighbor,6.00
1760468406703,3,5,3,L3Neighbor,3.00
1760468406703,4,5,,L3Serving,30.00
1760468406703,4,5,3,L3Neighbor,18.00
1760468406703,4,5,2,L3Neighbor,5.00
1760468406703,1,5,,L3Serving,7.00
1760468406703,1,5,3,L3Neighbor,12.00
1760468406703,1,5,4,L3Neighbor,6.00
1760468406910,9,4,,L3Serving,40.00
1760468406910,9,4,3,L3Neighbor,12.00
1760468406910,9,4,2,L3Neighbor,-5.00
1760468406910,7,4,,L3Serving,50.00
1760468406910,7,4,2,L3Neighbor,10.00
1760468406910,7,4,3,L3Neighbor,6.00
1760468406910,10,4,,L3Serving,13.00
1760468406910,10,4,2,L3Neighbor,0.00
1760468406910,10,4,3,L3Neighbor,-5.00
1760468407050,5,3,,L3Serving,19.00
1760468407050,5,3,5,L3Neighbor,21.00
1760468407050,5,3,2,L3Neighbor,9.00
1760468423517,6,5,,L3Serving,-5.00
1760468423517,4,5,,L3Serving,31.00
1760468423517,4,5,2,L3Neighbor,10.00
1760468423517,4,5,3,L3Neighbor,0.00
1760468423517,8,5,,L3Serving,3.00
1760468423517,8,5,4,L3Neighbor,9.00
1760468423517,8,5,3,L3Neighbor,0.00
1760468423517,1,5,,L3Serving,8.00
1760468423517,1,5,3,L3Neighbor,8.00
1760468423517,1,5,4,L3Neighbor,3.00
1760468423517,2,5,,L3Serving,16.00
1760468423517,2,5,2,L3Neighbor,24.00
1760468423517,2,5,4,L3Neighbor,6.00
1760468423517,3,5,,L3Serving,23.00
1760468423517,3,5,2,L3Neighbor,13.00
1760468423517,3,5,3,L3Neighbor,2.00
1760468423740,9,4,,L3Serving,-6.00
1760468423740,9,4,3,L3Neighbor,13.00
1760468423740,9,4,2,L3Neighbor,-4.00
1760468423740,10,4,,L3Serving,17.00
1760468423740,10,4,2,L3Neighbor,4.00
1760468423740,10,4,3,L3Neighbor,-11.00
1760468423740,7,4,,L3Serving,35.00
1760468423740,7,4,3,L3Neighbor,9.00
1760468423740,7,4,2,L3Neighbor,7.00
1760468423889,5,3,,L3Serving,22.00
1760468423889,5,3,2,L3Neighbor,5.00
1760468423889,5,3,4,L3Neighbor,1.00
1760468439781,1,5,,L3Serving,6.00
1760468439781,1,5,3,L3Neighbor,8.00
1760468439781,1,5,4,L3Neighbor,6.00
1760468439781,2,5,,L3Serving,16.00
1760468439781,2,5,2,L3Neighbor,25.00
1760468439781,2,5,4,L3Neighbor,6.00
1760468439781,6,5,,L3Serving,-6.00
1760468439781,4,5,,L3Serving,30.00
1760468439781,4,5,2,L3Neighbor,9.00
1760468439781,4,5,3,L3Neighbor,2.00
1760468439781,8,5,,L3Serving,3.00
1760468439781,8,5,4,L3Neighbor,10.00
1760468439781,8,5,3,L3Neighbor,0.00
1760468439781,3,5,,L3Serving,24.00
1760468439781,3,5,2,L3Neighbor,9.00
1760468439781,3,5,3,L3Neighbor,2.00
1760468440025,7,4,,L3Serving,36.00
1760468440025,7,4,3,L3Neighbor,10.00
1760468440025,7,4,2,L3Neighbor,8.00
1760468440025,9,4,,L3Serving,-6.00
1760468440025,9,4,3,L3Neighbor,13.00
1760468440025,9,4,2,L3Neighbor,-2.00
1760468440025,10,4,,L3Serving,13.00
1760468440025,10,4,2,L3Neighbor,2.00
1760468440025,10,4,5,L3Neighbor,-10.00
1760468440207,5,3,,L3Serving,22.00
1760468440207,5,3,5,L3Neighbor,3.00
1760468440207,5,3,4,L3Neighbor,2.00
1760468456472,3,5,,L3Serving,51.00
1760468456472,3,5,2,L3Neighbor,9.00
1760468456472,3,5,3,L3Neighbor,2.00
1760468456472,2,5,,L3Serving,17.00
1760468456472,2,5,4,L3Neighbor,6.00
1760468456472,2,5,3,L3Neighbor,-10.00
1760468456472,6,5,,L3Serving,-7.00
1760468456472,8,5,,L3Serving,1.00
1760468456472,8,5,4,L3Neighbor,16.00
1760468456472,8,5,3,L3Neighbor,0.00
1760468456472,4,5,,L3Serving,13.00
1760468456472,4,5,2,L3Neighbor,4.00
1760468456472,4,5,3,L3Neighbor,2.00
1760468456472,1,5,,L3Serving,4.00
1760468456472,1,5,3,L3Neighbor,7.00
1760468456472,1,5,4,L3Neighbor,5.00
1760468456714,9,4,,L3Serving,-7.00
1760468456714,9,4,2,L3Neighbor,39.00
1760468456714,9,4,3,L3Neighbor,15.00
1760468456714,10,4,,L3Serving,14.00
1760468456714,10,4,5,L3Neighbor,23.00
1760468456714,10,4,2,L3Neighbor,0.00
1760468456714,7,4,,L3Serving,37.00
1760468456714,7,4,2,L3Neighbor,13.00
1760468456714,7,4,3,L3Neighbor,11.00
1760468456839,5,3,,L3Serving,23.00
1760468456839,5,3,2,L3Neighbor,6.00
1760468456839,5,3,4,L3Neighbor,2.00
1760468472880,3,5,,L3Serving,50.00
1760468472880,3,5,2,L3Neighbor,10.00
1760468472880,3,5,3,L3Neighbor,3.00
1760468472880,2,5,,L3Serving,13.00
1760468472880,2,5,4,L3Neighbor,5.00
1760468472880,2,5,3,L3Neighbor,-8.00
1760468472880,4,5,,L3Serving,15.00
1760468472880,4,5,2,L3Neighbor,6.00
1760468472880,4,5,3,L3Neighbor,4.00
1760468472880,6,5,,L3Serving,-4.00
1760468472880,1,5,,L3Serving,6.00
1760468472880,1,5,3,L3Neighbor,7.00
1760468472880,1,5,4,L3Neighbor,4.00
1760468472880,8,5,,L3Serving,0.00
1760468472880,8,5,4,L3Neighbor,14.00
1760468472880,8,5,3,L3Neighbor,1.00
1760468473141,10,4,,L3Serving,12.00
1760468473141,10,4,5,L3Neighbor,24.00
1760468473141,10,4,2,L3Neighbor,-2.00
1760468473141,7,4,,L3Serving,35.00
1760468473141,7,4,3,L3Neighbor,13.00
1760468473141,7,4,2,L3Neighbor,13.00
1760468473141,9,4,,L3Serving,-5.00
1760468473141,9,4,2,L3Neighbor,38.00
1760468473141,9,4,3,L3Neighbor,11.00
1760468473289,5,3,,L3Serving,25.00
1760468473289,5,3,2,L3Neighbor,6.00
1760468473289,5,3,4,L3Neighbor,5.00
1760468488860,1,5,,L3Serving,35.00
1760468488860,1,5,3,L3Neighbor,9.00
1760468488860,1,5,4,L3Neighbor,6.00
1760468488860,4,5,,L3Serving,27.00
1760468488860,4,5,2,L3Neighbor,4.00
1760468488860,4,5,3,L3Neighbor,3.00
1760468488860,2,5,,L3Serving,12.00
1760468488860,2,5,4,L3Neighbor,4.00
1760468488860,2,5,3,L3Neighbor,-3.00
1760468488860,3,5,,L3Serving,48.00
1760468488860,3,5,2,L3Neighbor,9.00
1760468488860,3,5,3,L3Neighbor,6.00
1760468488860,8,5,,L3Serving,4.00
1760468488860,8,5,4,L3Neighbor,22.00
1760468488860,8,5,2,L3Neighbor,0.00
1760468488860,6,5,,L3Serving,-1.00
1760468488860,6,5,2,L3Neighbor,0.00
1760468488860,6,5,4,L3Neighbor,-2.00
1760468489054,7,4,,L3Serving,32.00
1760468489054,7,4,5,L3Neighbor,33.00
1760468489054,7,4,2,L3Neighbor,14.00
1760468489054,10,4,,L3Serving,13.00
1760468489054,10,4,5,L3Neighbor,34.00
1760468489054,10,4,2,L3Neighbor,1.00
1760468489054,9,4,,L3Serving,-4.00
1760468489054,9,4,2,L3Neighbor,10.00
1760468489054,9,4,3,L3Neighbor,9.00
1760468489221,5,3,,L3Serving,29.00
1760468489221,5,3,4,L3Neighbor,7.00
1760468489221,5,3,2,L3Neighbor,4.00
1760468504467,2,5,,L3Serving,14.00
1760468504467,2,5,4,L3Neighbor,5.00
1760468504467,2,5,3,L3Neighbor,-4.00
1760468504467,6,5,,L3Serving,0.00
1760468504467,6,5,4,L3Neighbor,1.00
1760468504467,6,5,2,L3Neighbor,-2.00
1760468504467,3,5,,L3Serving,46.00
1760468504467,3,5,2,L3Neighbor,11.00
1760468504467,3,5,3,L3Neighbor,7.00
1760468504467,1,5,,L3Serving,34.00
1760468504467,1,5,3,L3Neighbor,8.00
1760468504467,1,5,4,L3Neighbor,5.00
1760468504467,8,5,,L3Serving,3.00
1760468504467,8,5,4,L3Neighbor,22.00
1760468504467,8,5,2,L3Neighbor,0.00
1760468504467,4,5,,L3Serving,26.00
1760468504467,4,5,2,L3Neighbor,3.00
1760468504467,4,5,3,L3Neighbor,2.00
1760468504722,7,4,,L3Serving,32.00
1760468504722,7,4,5,L3Neighbor,31.00
1760468504722,7,4,2,L3Neighbor,13.00
1760468504722,10,4,,L3Serving,9.00
1760468504722,10,4,5,L3Neighbor,34.00
1760468504722,10,4,2,L3Neighbor,-1.00
1760468504722,9,4,,L3Serving,-5.00
1760468504722,9,4,2,L3Neighbor,10.00
1760468504722,9,4,3,L3Neighbor,6.00
1760468504853,5,3,,L3Serving,32.00
1760468504853,5,3,4,L3Neighbor,4.00
1760468504853,5,3,2,L3Neighbor,1.00
1760468520915,2,5,,L3Serving,10.00
1760468520915,2,5,4,L3Neighbor,11.00
1760468520915,2,5,2,L3Neighbor,-4.00
1760468520915,1,5,,L3Serving,19.00
1760468520915,1,5,4,L3Neighbor,9.00
1760468520915,1,5,3,L3Neighbor,6.00
1760468520915,4,5,,L3Serving,8.00
1760468520915,4,5,2,L3Neighbor,3.00
1760468520915,4,5,3,L3Neighbor,-2.00
1760468520915,8,5,,L3Serving,-1.00
1760468520915,8,5,4,L3Neighbor,12.00
1760468520915,8,5,2,L3Neighbor,-1.00
1760468520915,6,5,,L3Serving,0.00
1760468520915,6,5,4,L3Neighbor,1.00
1760468520915,6,5,2,L3Neighbor,-1.00
1760468520915,3,5,,L3Serving,35.00
1760468520915,3,5,2,L3Neighbor,8.00
1760468520915,3,5,3,L3Neighbor,2.00
1760468521108,7,4,,L3Serving,35.00
1760468521108,7,4,2,L3Neighbor,20.00
1760468521108,7,4,3,L3Neighbor,13.00
1760468521108,9,4,,L3Serving,-2.00
1760468521108,9,4,3,L3Neighbor,11.00
1760468521108,9,4,2,L3Neighbor,9.00
1760468521108,10,4,,L3Serving,10.00
1760468521108,10,4,2,L3Neighbor,35.00
1760468521108,10,4,5,L3Neighbor,2.00
1760468521246,5,3,,L3Serving,34.00
1760468521246,5,3,4,L3Neighbor,5.00
1760468521246,5,3,2,L3Neighbor,1.00
1760468537552,2,5,,L3Serving,11.00
1760468537552,2,5,4,L3Neighbor,9.00
1760468537552,2,5,2,L3Neighbor,-3.00
1760468537552,3,5,,L3Serving,35.00
1760468537552,3,5,3,L3Neighbor,6.00
1760468537552,3,5,2,L3Neighbor,5.00
1760468537552,1,5,,L3Serving,18.00
1760468537552,1,5,3,L3Neighbor,9.00
1760468537552,1,5,4,L3Neighbor,8.00
1760468537552,4,5,,L3Serving,9.00
1760468537552,4,5,3,L3Neighbor,3.00
1760468537552,4,5,2,L3Neighbor,2.00
1760468537552,6,5,,L3Serving,-3.00
1760468537552,6,5,4,L3Neighbor,2.00
1760468537552,6,5,2,L3Neighbor,-2.00
1760468537552,8,5,,L3Serving,-2.00
1760468537552,8,5,4,L3Neighbor,15.00
1760468537552,8,5,2,L3Neighbor,0.00
1760468537728,9,4,,L3Serving,-2.00
1760468537728,9,4,2,L3Neighbor,11.00
1760468537728,9,4,3,L3Neighbor,8.00
1760468537728,7,4,,L3Serving,36.00
1760468537728,7,4,2,L3Neighbor,19.00
1760468537728,7,4,3,L3Neighbor,15.00
1760468537728,10,4,,L3Serving,7.00
1760468537728,10,4,2,L3Neighbor,33.00
1760468537728,10,4,5,L3Neighbor,7.00
1760468537872,5,3,,L3Serving,35.00
1760468537872,5,3,2,L3Neighbor,3.00
1760468537872,5,3,4,L3Neighbor,2.00
1760468553407,3,5,,L3Serving,37.00
1760468553407,3,5,2,L3Neighbor,6.00
1760468553407,3,5,3,L3Neighbor,6.00
1760468553407,2,5,,L3Serving,11.00
1760468553407,2,5,4,L3Neighbor,8.00
1760468553407,2,5,2,L3Neighbor,-2.00
1760468553407,8,5,,L3Serving,0.00
1760468553407,8,5,4,L3Neighbor,16.00
1760468553407,8,5,3,L3Neighbor,-1.00
1760468553407,6,5,,L3Serving,-7.00
1760468553407,6,5,4,L3Neighbor,0.00
1760468553407,6,5,2,L3Neighbor,-5.00
1760468553407,4,5,,L3Serving,12.00
1760468553407,4,5,2,L3Neighbor,7.00
1760468553407,4,5,3,L3Neighbor,-6.00
1760468553407,1,5,,L3Serving,17.00
1760468553407,1,5,4,L3Neighbor,10.00
1760468553407,1,5,3,L3Neighbor,6.00
1760468553621,9,4,,L3Serving,0.00
1760468553621,9,4,3,L3Neighbor,12.00
1760468553621,9,4,2,L3Neighbor,11.00
1760468553621,7,4,,L3Serving,44.00
1760468553621,7,4,2,L3Neighbor,16.00
1760468553621,7,4,3,L3Neighbor,12.00
1760468553621,10,4,,L3Serving,8.00
1760468553621,10,4,2,L3Neighbor,12.00
1760468553621,10,4,5,L3Neighbor,10.00
1760468553763,5,3,,L3Serving,31.00
1760468553763,5,3,4,L3Neighbor,4.00
1760468553763,5,3,2,L3Neighbor,-4.00
1760468570080,6,5,,L3Serving,-9.00
1760468570080,6,5,4,L3Neighbor,-1.00
1760468570080,6,5,2,L3Neighbor,-9.00
1760468570080,4,5,,L3Serving,15.00
1760468570080,4,5,2,L3Neighbor,7.00
1760468570080,4,5,3,L3Neighbor,-7.00
1760468570080,3,5,,L3Serving,34.00
1760468570080,3,5,3,L3Neighbor,7.00
1760468570080,3,5,2,L3Neighbor,5.00
1760468570080,2,5,,L3Serving,8.00
1760468570080,2,5,4,L3Neighbor,10.00
1760468570080,2,5,2,L3Neighbor,-3.00
1760468570080,1,5,,L3Serving,17.00
1760468570080,1,5,4,L3Neighbor,11.00
1760468570080,1,5,3,L3Neighbor,0.00
1760468570080,8,5,,L3Serving,-1.00
1760468570080,8,5,4,L3Neighbor,16.00
1760468570080,8,5,2,L3Neighbor,-1.00
1760468570310,7,4,,L3Serving,44.00
1760468570310,7,4,2,L3Neighbor,18.00
1760468570310,7,4,3,L3Neighbor,14.00
1760468570310,10,4,,L3Serving,6.00
1760468570310,10,4,2,L3Neighbor,11.00
1760468570310,10,4,5,L3Neighbor,9.00
1760468570310,9,4,,L3Serving,-1.00
1760468570310,9,4,3,L3Neighbor,14.00
1760468570310,9,4,2,L3Neighbor,13.00
1760468570460,5,3,,L3Serving,34.00
1760468570460,5,3,4,L3Neighbor,1.00
1760468570460,5,3,2,L3Neighbor,-4.00
1760468586363,1,5,,L3Serving,17.00
1760468586363,1,5,4,L3Neighbor,11.00
1760468586363,1,5,3,L3Neighbor,5.00
1760468586363,3,5,,L3Serving,37.00
1760468586363,3,5,3,L3Neighbor,12.00
1760468586363,3,5,2,L3Neighbor,5.00
1760468586363,2,5,,L3Serving,15.00
1760468586363,2,5,4,L3Neighbor,11.00
1760468586363,2,5,2,L3Neighbor,-6.00
1760468586363,4,5,,L3Serving,28.00
1760468586363,4,5,2,L3Neighbor,3.00
1760468586363,4,5,3,L3Neighbor,-3.00
1760468586363,8,5,,L3Serving,1.00
1760468586363,8,5,4,L3Neighbor,16.00
1760468586363,8,5,2,L3Neighbor,0.00
1760468586363,6,5,,L3Serving,0.00
1760468586363,6,5,4,L3Neighbor,1.00
1760468586363,6,5,3,L3Neighbor,-8.00
1760468586652,7,4,,L3Serving,44.00
1760468586652,7,4,2,L3Neighbor,16.00
1760468586652,7,4,3,L3Neighbor,12.00
1760468586652,10,4,,L3Serving,0.00
1760468586652,10,4,5,L3Neighbor,13.00
1760468586652,10,4,2,L3Neighbor,11.00
1760468586652,9,4,,L3Serving,-4.00
1760468586652,9,4,2,L3Neighbor,13.00
1760468586652,9,4,3,L3Neighbor,2.00
1760468586764,5,3,,L3Serving,38.00
1760468586764,5,3,2,L3Neighbor,5.00
1760468586764,5,3,4,L3Neighbor,4.00
1760468602010,1,5,,L3Serving,16.00
1760468602010,1,5,4,L3Neighbor,15.00
1760468602010,1,5,3,L3Neighbor,2.00
1760468602010,2,5,,L3Serving,18.00
1760468602010,2,5,4,L3Neighbor,13.00
1760468602010,2,5,2,L3Neighbor,-7.00
1760468602010,3,5,,L3Serving,35.00
1760468602010,3,5,3,L3Neighbor,11.00
1760468602010,3,5,2,L3Neighbor,5.00
1760468602010,6,5,,L3Serving,0.00
1760468602010,6,5,4,L3Neighbor,-5.00
1760468602010,6,5,3,L3Neighbor,-8.00
1760468602010,8,5,,L3Serving,1.00
1760468602010,8,5,4,L3Neighbor,18.00
1760468602010,8,5,2,L3Neighbor,0.00
1760468602010,4,5,,L3Serving,28.00
1760468602010,4,5,2,L3Neighbor,1.00
1760468602010,4,5,3,L3Neighbor,0.00
1760468602209,9,4,,L3Serving,-4.00
1760468602209,9,4,2,L3Neighbor,11.00
1760468602209,9,4,3,L3Neighbor,-2.00
1760468602209,10,4,,L3Serving,-2.00
1760468602209,10,4,5,L3Neighbor,18.00
1760468602209,10,4,2,L3Neighbor,13.00
1760468602209,7,4,,L3Serving,45.00
1760468602209,7,4,2,L3Neighbor,19.00
1760468602209,7,4,3,L3Neighbor,12.00
1760468602365,5,3,,L3Serving,38.00
1760468602365,5,3,2,L3Neighbor,7.00
1760468602365,5,3,4,L3Neighbor,1.00
1760468619013,4,5,,L3Serving,4.00
1760468619013,4,5,2,L3Neighbor,4.00
1760468619013,4,5,3,L3Neighbor,-2.00
1760468619013,8,5,,L3Serving,0.00
1760468619013,3,5,,L3Serving,43.00
1760468619013,3,5,3,L3Neighbor,12.00
1760468619013,3,5,2,L3Neighbor,11.00
1760468619013,2,5,,L3Serving,20.00
1760468619013,2,5,2,L3Neighbor,0.00
1760468619013,2,5,4,L3Neighbor,-2.00
1760468619013,1,5,,L3Serving,17.00
1760468619013,1,5,4,L3Neighbor,16.00
1760468619013,1,5,3,L3Neighbor,3.00
1760468619013,6,5,,L3Serving,-5.00
1760468619013,6,5,2,L3Neighbor,-6.00
1760468619013,6,5,4,L3Neighbor,-9.00
1760468619299,10,4,,L3Serving,-1.00
1760468619299,10,4,5,L3Neighbor,14.00
1760468619299,10,4,2,L3Neighbor,8.00
1760468619299,9,4,,L3Serving,-2.00
1760468619299,9,4,2,L3Neighbor,10.00
1760468619299,9,4,3,L3Neighbor,6.00
1760468619299,7,4,,L3Serving,46.00
1760468619299,7,4,2,L3Neighbor,14.00
1760468619299,7,4,3,L3Neighbor,10.00
1760468619469,5,3,,L3Serving,33.00
1760468619469,5,3,2,L3Neighbor,6.00
1760468619469,5,3,4,L3Neighbor,-2.00
1760468636202,6,5,,L3Serving,-6.00
1760468636202,6,5,2,L3Neighbor,-7.00
1760468636202,6,5,3,L3Neighbor,-9.00
1760468636202,1,5,,L3Serving,15.00
1760468636202,1,5,4,L3Neighbor,16.00
1760468636202,1,5,3,L3Neighbor,1.00
1760468636202,3,5,,L3Serving,44.00
1760468636202,3,5,3,L3Neighbor,12.00
1760468636202,3,5,2,L3Neighbor,10.00
1760468636202,8,5,,L3Serving,-1.00
1760468636202,2,5,,L3Serving,17.00
1760468636202,2,5,2,L3Neighbor,-1.00
1760468636202,2,5,4,L3Neighbor,-1.00
1760468636202,4,5,,L3Serving,5.00
1760468636202,4,5,2,L3Neighbor,3.00
1760468636202,4,5,3,L3Neighbor,0.00
1760468636398,10,4,,L3Serving,0.00
1760468636398,10,4,5,L3Neighbor,13.00
1760468636398,10,4,2,L3Neighbor,8.00
1760468636398,9,4,,L3Serving,-4.00
1760468636398,9,4,3,L3Neighbor,5.00
1760468636398,9,4,2,L3Neighbor,2.00
1760468636398,7,4,,L3Serving,45.00
1760468636398,7,4,2,L3Neighbor,12.00
1760468636398,7,4,3,L3Neighbor,8.00
1760468636565,5,3,,L3Serving,33.00
1760468636565,5,3,2,L3Neighbor,5.00
1760468636565,5,3,4,L3Neighbor,-1.00
1760468652323,4,5,,L3Serving,3.00
1760468652323,4,5,3,L3Neighbor,3.00
1760468652323,4,5,2,L3Neighbor,3.00
1760468652323,2,5,,L3Serving,17.00
1760468652323,2,5,4,L3Neighbor,1.00
1760468652323,2,5,2,L3Neighbor,-1.00
1760468652323,1,5,,L3Serving,15.00
1760468652323,1,5,3,L3Neighbor,24.00
1760468652323,1,5,4,L3Neighbor,13.00
1760468652323,8,5,,L3Serving,0.00
1760468652323,8,5,4,L3Neighbor,12.00
1760468652323,8,5,2,L3Neighbor,0.00
1760468652323,3,5,,L3Serving,44.00
1760468652323,3,5,3,L3Neighbor,14.00
1760468652323,3,5,2,L3Neighbor,13.00
1760468652323,6,5,,L3Serving,27.00
1760468652323,6,5,2,L3Neighbor,22.00
1760468652323,6,5,4,L3Neighbor,-6.00
1760468652568,9,4,,L3Serving,-6.00
1760468652568,10,4,,L3Serving,0.00
1760468652568,10,4,5,L3Neighbor,13.00
1760468652568,10,4,2,L3Neighbor,9.00
1760468652568,7,4,,L3Serving,35.00
1760468652568,7,4,2,L3Neighbor,27.00
1760468652568,7,4,3,L3Neighbor,7.00
1760468652776,5,3,,L3Serving,34.00
1760468652776,5,3,2,L3Neighbor,3.00
1760468652776,5,3,4,L3Neighbor,-3.00
1760468668817,8,5,,L3Serving,-1.00
1760468668817,8,5,4,L3Neighbor,14.00
1760468668817,8,5,2,L3Neighbor,0.00
1760468668817,2,5,,L3Serving,16.00
1760468668817,2,5,4,L3Neighbor,2.00
1760468668817,2,5,2,L3Neighbor,-3.00
1760468668817,4,5,,L3Serving,7.00
1760468668817,4,5,3,L3Neighbor,5.00
1760468668817,4,5,2,L3Neighbor,2.00
1760468668817,3,5,,L3Serving,43.00
1760468668817,3,5,3,L3Neighbor,13.00
1760468668817,3,5,2,L3Neighbor,12.00
1760468668817,1,5,,L3Serving,20.00
1760468668817,1,5,3,L3Neighbor,25.00
1760468668817,1,5,4,L3Neighbor,12.00
1760468668817,6,5,,L3Serving,26.00
1760468668817,6,5,2,L3Neighbor,25.00
1760468668817,6,5,4,L3Neighbor,-8.00
1760468669029,9,4,,L3Serving,-6.00
1760468669029,10,4,,L3Serving,0.00
1760468669029,10,4,5,L3Neighbor,15.00
1760468669029,10,4,2,L3Neighbor,8.00
1760468669029,7,4,,L3Serving,36.00
1760468669029,7,4,2,L3Neighbor,24.00
1760468669029,7,4,3,L3Neighbor,7.00
1760468669203,5,3,,L3Serving,33.00
1760468669203,5,3,2,L3Neighbor,1.00
1760468669203,5,3,4,L3Neighbor,-3.00
1760468684992,1,5,,L3Serving,13.00
1760468684992,1,5,4,L3Neighbor,13.00
1760468684992,1,5,3,L3Neighbor,7.00
1760468684992,6,5,,L3Serving,-1.00
1760468684992,6,5,2,L3Neighbor,-1.00
1760468684992,6,5,4,L3Neighbor,-9.00
1760468684992,8,5,,L3Serving,-1.00
1760468684992,8,5,4,L3Neighbor,16.00
1760468684992,8,5,3,L3Neighbor,3.00
1760468684992,2,5,,L3Serving,19.00
1760468684992,2,5,4,L3Neighbor,5.00
1760468684992,2,5,2,L3Neighbor,-7.00
1760468684992,4,5,,L3Serving,7.00
1760468684992,4,5,2,L3Neighbor,6.00
1760468684992,4,5,3,L3Neighbor,3.00
1760468684992,3,5,,L3Serving,44.00
1760468684992,3,5,2,L3Neighbor,16.00
1760468684992,3,5,3,L3Neighbor,14.00
1760468685222,10,4,,L3Serving,-1.00
1760468685222,10,4,5,L3Neighbor,12.00
1760468685222,10,4,2,L3Neighbor,7.00
1760468685222,9,4,,L3Serving,0.00
1760468685222,9,4,2,L3Neighbor,12.00
1760468685222,9,4,3,L3Neighbor,9.00
1760468685222,7,4,,L3Serving,31.00
1760468685222,7,4,2,L3Neighbor,22.00
1760468685222,7,4,3,L3Neighbor,5.00
1760468685339,5,3,,L3Serving,31.00
1760468685339,5,3,5,L3Neighbor,17.00
1760468685339,5,3,2,L3Neighbor,0.00
1760468700910,8,5,,L3Serving,-2.00
1760468700910,6,5,,L3Serving,0.00
1760468700910,6,5,2,L3Neighbor,0.00
1760468700910,6,5,4,L3Neighbor,-6.00
1760468700910,3,5,,L3Serving,45.00
1760468700910,3,5,2,L3Neighbor,16.00
1760468700910,3,5,3,L3Neighbor,14.00
1760468700910,4,5,,L3Serving,7.00
1760468700910,4,5,2,L3Neighbor,6.00
1760468700910,4,5,3,L3Neighbor,3.00
1760468700910,2,5,,L3Serving,13.00
1760468700910,2,5,4,L3Neighbor,6.00
1760468700910,2,5,2,L3Neighbor,-7.00
1760468700910,1,5,,L3Serving,14.00
1760468700910,1,5,4,L3Neighbor,10.00
1760468700910,1,5,3,L3Neighbor,9.00
1760468701144,7,4,,L3Serving,31.00
1760468701144,7,4,2,L3Neighbor,22.00
1760468701144,7,4,3,L3Neighbor,7.00
1760468701144,9,4,,L3Serving,4.00
1760468701144,9,4,2,L3Neighbor,11.00
1760468701144,9,4,3,L3Neighbor,11.00
1760468701144,10,4,,L3Serving,0.00
1760468701144,10,4,5,L3Neighbor,10.00
1760468701144,10,4,2,L3Neighbor,8.00
1760468701252,5,3,,L3Serving,30.00
1760468701252,5,3,5,L3Neighbor,17.00
1760468701252,5,3,2,L3Neighbor,1.00
1760468715731,2,5,,L3Serving,20.00
1760468715731,2,5,4,L3Neighbor,5.00
1760468715731,2,5,3,L3Neighbor,-5.00
1760468715731,4,5,,L3Serving,7.00
1760468715731,4,5,3,L3Neighbor,3.00
1760468715731,4,5,2,L3Neighbor,0.00
1760468715731,3,5,,L3Serving,46.00
1760468715731,3,5,3,L3Neighbor,15.00
1760468715731,3,5,2,L3Neighbor,3.00
1760468715731,1,5,,L3Serving,16.00
1760468715731,1,5,4,L3Neighbor,11.00
1760468715731,1,5,3,L3Neighbor,9.00
1760468715731,6,5,,L3Serving,-5.00
1760468715731,6,5,2,L3Neighbor,-5.00
1760468715731,6,5,4,L3Neighbor,-7.00
1760468715731,8,5,,L3Serving,-1.00
1760468715731,8,5,4,L3Neighbor,28.00
1760468715731,8,5,3,L3Neighbor,2.00
1760468715911,9,4,,L3Serving,-2.00
1760468715911,9,4,2,L3Neighbor,13.00
1760468715911,9,4,3,L3Neighbor,5.00
1760468715911,10,4,,L3Serving,0.00
1760468715911,10,4,5,L3Neighbor,35.00
1760468715911,10,4,2,L3Neighbor,5.00
1760468715911,7,4,,L3Serving,45.00
1760468715911,7,4,2,L3Neighbor,24.00
1760468715911,7,4,3,L3Neighbor,11.00
1760468716059,5,3,,L3Serving,37.00
1760468716059,5,3,5,L3Neighbor,1.00
1760468716059,5,3,2,L3Neighbor,0.00
1760468730781,3,5,,L3Serving,46.00
1760468730781,3,5,3,L3Neighbor,12.00
1760468730781,3,5,2,L3Neighbor,3.00
1760468730781,4,5,,L3Serving,8.00
1760468730781,4,5,3,L3Neighbor,5.00
1760468730781,4,5,2,L3Neighbor,0.00
1760468730781,2,5,,L3Serving,19.00
1760468730781,2,5,4,L3Neighbor,3.00
1760468730781,2,5,2,L3Neighbor,-7.00
1760468730781,8,5,,L3Serving,-4.00
1760468730781,6,5,,L3Serving,-7.00
1760468730781,6,5,2,L3Neighbor,-4.00
1760468730781,6,5,3,L3Neighbor,-6.00
1760468730781,1,5,,L3Serving,18.00
1760468730781,1,5,4,L3Neighbor,14.00
1760468730781,1,5,3,L3Neighbor,10.00
1760468730999,7,4,,L3Serving,43.00
1760468730999,7,4,2,L3Neighbor,25.00
1760468730999,7,4,3,L3Neighbor,8.00
1760468730999,9,4,,L3Serving,3.00
1760468730999,9,4,2,L3Neighbor,11.00
1760468730999,9,4,3,L3Neighbor,2.00
1760468730999,10,4,,L3Serving,0.00
1760468730999,10,4,5,L3Neighbor,36.00
1760468730999,10,4,2,L3Neighbor,6.00
1760468731147,5,3,,L3Serving,35.00
1760468731147,5,3,5,L3Neighbor,0.00
1760468731147,5,3,4,L3Neighbor,0.00
1760468746105,3,5,,L3Serving,39.00
1760468746105,3,5,3,L3Neighbor,11.00
1760468746105,3,5,2,L3Neighbor,3.00
1760468746105,2,5,,L3Serving,18.00
1760468746105,2,5,4,L3Neighbor,4.00
1760468746105,2,5,2,L3Neighbor,-5.00
1760468746105,4,5,,L3Serving,7.00
1760468746105,4,5,2,L3Neighbor,4.00
1760468746105,4,5,3,L3Neighbor,0.00
1760468746105,8,5,,L3Serving,-3.00
1760468746105,1,5,,L3Serving,21.00
1760468746105,1,5,4,L3Neighbor,10.00
1760468746105,1,5,3,L3Neighbor,3.00
1760468746105,6,5,,L3Serving,-1.00
1760468746105,6,5,3,L3Neighbor,-4.00
1760468746105,6,5,2,L3Neighbor,-6.00
1760468746357,7,4,,L3Serving,44.00
1760468746357,7,4,2,L3Neighbor,22.00
1760468746357,7,4,3,L3Neighbor,7.00
1760468746357,9,4,,L3Serving,33.00
1760468746357,9,4,2,L3Neighbor,4.00
1760468746357,9,4,3,L3Neighbor,3.00
1760468746357,10,4,,L3Serving,-3.00
1760468746357,10,4,5,L3Neighbor,12.00
1760468746357,10,4,2,L3Neighbor,7.00
1760468746538,5,3,,L3Serving,33.00
1760468746538,5,3,4,L3Neighbor,3.00
1760468746538,5,3,2,L3Neighbor,-3.00
1760468761396,2,5,,L3Serving,17.00
1760468761396,2,5,4,L3Neighbor,2.00
1760468761396,2,5,2,L3Neighbor,-5.00
1760468761396,3,5,,L3Serving,37.00
1760468761396,3,5,2,L3Neighbor,10.00
1760468761396,3,5,3,L3Neighbor,8.00
1760468761396,6,5,,L3Serving,1.00
1760468761396,6,5,3,L3Neighbor,-1.00
1760468761396,6,5,2,L3Neighbor,-4.00
1760468761396,8,5,,L3Serving,-2.00
1760468761396,4,5,,L3Serving,4.00
1760468761396,4,5,2,L3Neighbor,3.00
1760468761396,4,5,3,L3Neighbor,2.00
1760468761396,1,5,,L3Serving,17.00
1760468761396,1,5,4,L3Neighbor,14.00
1760468761396,1,5,3,L3Neighbor,4.00
1760468761629,7,4,,L3Serving,43.00
1760468761629,7,4,2,L3Neighbor,23.00
1760468761629,7,4,3,L3Neighbor,7.00
1760468761629,10,4,,L3Serving,-5.00
1760468761629,9,4,,L3Serving,32.00
1760468761629,9,4,3,L3Neighbor,3.00
1760468761629,9,4,2,L3Neighbor,3.00
1760468761807,5,3,,L3Serving,32.00
1760468761807,5,3,4,L3Neighbor,0.00
1760468761807,5,3,2,L3Neighbor,-3.00
1760468776808,8,5,,L3Serving,-2.00
1760468776808,1,5,,L3Serving,15.00
1760468776808,1,5,4,L3Neighbor,7.00
1760468776808,1,5,3,L3Neighbor,5.00
1760468776808,4,5,,L3Serving,8.00
1760468776808,4,5,3,L3Neighbor,4.00
1760468776808,4,5,2,L3Neighbor,1.00
1760468776808,3,5,,L3Serving,32.00
1760468776808,3,5,2,L3Neighbor,9.00
1760468776808,3,5,3,L3Neighbor,6.00
1760468776808,2,5,,L3Serving,18.00
1760468776808,2,5,4,L3Neighbor,28.00
1760468776808,2,5,2,L3Neighbor,-10.00
1760468776808,6,5,,L3Serving,1.00
1760468776808,6,5,3,L3Neighbor,-2.00
1760468776808,6,5,2,L3Neighbor,-3.00
1760468777162,10,4,,L3Serving,-1.00
1760468777162,7,4,,L3Serving,28.00
1760468777162,7,4,2,L3Neighbor,23.00
1760468777162,7,4,3,L3Neighbor,9.00
1760468777162,9,4,,L3Serving,16.00
1760468777162,9,4,2,L3Neighbor,9.00
1760468777162,9,4,3,L3Neighbor,3.00
1760468777346,5,3,,L3Serving,14.00
1760468777346,5,3,4,L3Neighbor,0.00
1760468777346,5,3,2,L3Neighbor,-2.00
1760468793552,4,5,,L3Serving,5.00
1760468793552,4,5,3,L3Neighbor,11.00
1760468793552,4,5,2,L3Neighbor,1.00
1760468793552,2,5,,L3Serving,15.00
1760468793552,2,5,4,L3Neighbor,25.00
1760468793552,2,5,2,L3Neighbor,-10.00
1760468793552,8,5,,L3Serving,-1.00
1760468793552,8,5,4,L3Neighbor,6.00
1760468793552,8,5,3,L3Neighbor,-1.00
1760468793552,3,5,,L3Serving,31.00
1760468793552,3,5,2,L3Neighbor,10.00
1760468793552,3,5,3,L3Neighbor,6.00
1760468793552,6,5,,L3Serving,0.00
1760468793552,6,5,3,L3Neighbor,-2.00
1760468793552,6,5,2,L3Neighbor,-5.00
1760468793552,1,5,,L3Serving,14.00
1760468793552,1,5,4,L3Neighbor,10.00
1760468793552,1,5,3,L3Neighbor,4.00
1760468793804,7,4,,L3Serving,28.00
1760468793804,7,4,2,L3Neighbor,22.00
1760468793804,7,4,3,L3Neighbor,8.00
1760468793804,9,4,,L3Serving,17.00
1760468793804,9,4,2,L3Neighbor,10.00
1760468793804,9,4,3,L3Neighbor,3.00
1760468793804,10,4,,L3Serving,-3.00
1760468793932,5,3,,L3Serving,14.00
1760468793932,5,3,4,L3Neighbor,-1.00
1760468793932,5,3,2,L3Neighbor,-3.00
1760468810617,6,5,,L3Serving,5.00
1760468810617,6,5,3,L3Neighbor,-1.00
1760468810617,6,5,2,L3Neighbor,-5.00
1760468810617,2,5,,L3Serving,25.00
1760468810617,2,5,4,L3Neighbor,-2.00
1760468810617,2,5,2,L3Neighbor,-7.00
1760468810617,3,5,,L3Serving,33.00
1760468810617,3,5,2,L3Neighbor,37.00
1760468810617,3,5,4,L3Neighbor,4.00
1760468810617,4,5,,L3Serving,2.00
1760468810617,4,5,2,L3Neighbor,3.00
1760468810617,4,5,3,L3Neighbor,0.00
1760468810617,8,5,,L3Serving,1.00
1760468810617,8,5,4,L3Neighbor,9.00
1760468810617,8,5,3,L3Neighbor,0.00
1760468810617,1,5,,L3Serving,16.00
1760468810617,1,5,4,L3Neighbor,7.00
1760468810617,1,5,3,L3Neighbor,4.00
1760468810840,9,4,,L3Serving,15.00
1760468810840,9,4,5,L3Neighbor,17.00
1760468810840,9,4,3,L3Neighbor,0.00
1760468810840,10,4,,L3Serving,-1.00
1760468810840,10,4,5,L3Neighbor,16.00
1760468810840,10,4,2,L3Neighbor,9.00
1760468810840,7,4,,L3Serving,32.00
1760468810840,7,4,2,L3Neighbor,21.00
1760468810840,7,4,3,L3Neighbor,5.00
1760468810955,5,3,,L3Serving,26.00
1760468810955,5,3,5,L3Neighbor,0.00
1760468810955,5,3,2,L3Neighbor,-4.00
1760468826497,4,5,,L3Serving,2.00
1760468826497,4,5,2,L3Neighbor,5.00
1760468826497,4,5,3,L3Neighbor,0.00
1760468826497,3,5,,L3Serving,38.00
1760468826497,3,5,2,L3Neighbor,38.00
1760468826497,3,5,3,L3Neighbor,4.00
1760468826497,2,5,,L3Serving,25.00
1760468826497,2,5,4,L3Neighbor,-2.00
1760468826497,2,5,2,L3Neighbor,-8.00
1760468826497,6,5,,L3Serving,4.00
1760468826497,6,5,3,L3Neighbor,-1.00
1760468826497,6,5,2,L3Neighbor,-6.00
1760468826497,8,5,,L3Serving,2.00
1760468826497,8,5,4,L3Neighbor,10.00
1760468826497,8,5,3,L3Neighbor,1.00
1760468826497,1,5,,L3Serving,14.00
1760468826497,1,5,4,L3Neighbor,9.00
1760468826497,1,5,3,L3Neighbor,7.00
1760468826689,10,4,,L3Serving,-1.00
1760468826689,10,4,5,L3Neighbor,15.00
1760468826689,10,4,2,L3Neighbor,12.00
1760468826689,7,4,,L3Serving,32.00
1760468826689,7,4,2,L3Neighbor,27.00
1760468826689,7,4,3,L3Neighbor,9.00
1760468826689,9,4,,L3Serving,15.00
1760468826689,9,4,5,L3Neighbor,17.00
1760468826689,9,4,3,L3Neighbor,0.00
1760468826803,5,3,,L3Serving,26.00
1760468826803,5,3,5,L3Neighbor,-1.00
1760468826803,5,3,4,L3Neighbor,-4.00
1760468842665,6,5,,L3Serving,0.00
1760468842665,6,5,3,L3Neighbor,17.00
1760468842665,6,5,2,L3Neighbor,-5.00
1760468842665,2,5,,L3Serving,-2.00
1760468842665,2,5,4,L3Neighbor,0.00
1760468842665,2,5,2,L3Neighbor,-8.00
1760468842665,8,5,,L3Serving,3.00
1760468842665,8,5,4,L3Neighbor,9.00
1760468842665,8,5,3,L3Neighbor,-1.00
1760468842665,1,5,,L3Serving,13.00
1760468842665,1,5,3,L3Neighbor,9.00
1760468842665,1,5,4,L3Neighbor,7.00
1760468842665,3,5,,L3Serving,36.00
1760468842665,3,5,2,L3Neighbor,20.00
1760468842665,3,5,3,L3Neighbor,7.00
1760468842665,4,5,,L3Serving,5.00
1760468842665,4,5,2,L3Neighbor,16.00
1760468842665,4,5,3,L3Neighbor,0.00
1760468842856,10,4,,L3Serving,36.00
1760468842856,10,4,2,L3Neighbor,12.00
1760468842856,10,4,5,L3Neighbor,12.00
1760468842856,7,4,,L3Serving,53.00
1760468842856,7,4,2,L3Neighbor,28.00
1760468842856,7,4,3,L3Neighbor,10.00
1760468842856,9,4,,L3Serving,18.00
1760468842856,9,4,2,L3Neighbor,7.00
1760468842856,9,4,3,L3Neighbor,3.00
1760468842979,5,3,,L3Serving,11.00
1760468842979,5,3,2,L3Neighbor,-1.00
1760468842979,5,3,4,L3Neighbor,-4.00
1760468859207,2,5,,L3Serving,-2.00
1760468859207,2,5,4,L3Neighbor,0.00
1760468859207,2,5,2,L3Neighbor,-3.00
1760468859207,1,5,,L3Serving,13.00
1760468859207,1,5,3,L3Neighbor,10.00
1760468859207,1,5,4,L3Neighbor,8.00
1760468859207,8,5,,L3Serving,2.00
1760468859207,8,5,4,L3Neighbor,9.00
1760468859207,8,5,3,L3Neighbor,0.00
1760468859207,6,5,,L3Serving,1.00
1760468859207,6,5,3,L3Neighbor,15.00
1760468859207,6,5,2,L3Neighbor,-4.00
1760468859207,4,5,,L3Serving,6.00
1760468859207,4,5,2,L3Neighbor,17.00
1760468859207,4,5,3,L3Neighbor,0.00
1760468859207,3,5,,L3Serving,34.00
1760468859207,3,5,2,L3Neighbor,22.00
1760468859207,3,5,3,L3Neighbor,6.00
1760468859419,10,4,,L3Serving,36.00
1760468859419,10,4,2,L3Neighbor,12.00
1760468859419,10,4,5,L3Neighbor,8.00
1760468859419,9,4,,L3Serving,18.00
1760468859419,9,4,2,L3Neighbor,10.00
1760468859419,9,4,3,L3Neighbor,-4.00
1760468859419,7,4,,L3Serving,53.00
1760468859419,7,4,2,L3Neighbor,30.00
1760468859419,7,4,3,L3Neighbor,11.00
1760468859572,5,3,,L3Serving,13.00
1760468859572,5,3,2,L3Neighbor,-1.00
1760468859572,5,3,4,L3Neighbor,-4.00
1760468876780,1,5,,L3Serving,15.00
1760468876780,1,5,4,L3Neighbor,8.00
1760468876780,1,5,3,L3Neighbor,7.00
1760468876780,6,5,,L3Serving,-2.00
1760468876780,6,5,3,L3Neighbor,0.00
1760468876780,6,5,2,L3Neighbor,0.00
1760468876780,4,5,,L3Serving,4.00
1760468876780,4,5,2,L3Neighbor,6.00
1760468876780,4,5,3,L3Neighbor,6.00
1760468876780,3,5,,L3Serving,34.00
1760468876780,3,5,2,L3Neighbor,31.00
1760468876780,3,5,3,L3Neighbor,12.00
1760468876780,8,5,,L3Serving,3.00
1760468876780,8,5,4,L3Neighbor,13.00
1760468876780,8,5,3,L3Neighbor,2.00
1760468876780,2,5,,L3Serving,5.00
1760468876780,2,5,4,L3Neighbor,0.00
1760468876780,2,5,2,L3Neighbor,-4.00
1760468877087,7,4,,L3Serving,17.00
1760468877087,7,4,3,L3Neighbor,8.00
1760468877087,7,4,5,L3Neighbor,-5.00
1760468877087,10,4,,L3Serving,20.00
1760468877087,10,4,5,L3Neighbor,27.00
1760468877087,10,4,2,L3Neighbor,12.00
1760468877087,9,4,,L3Serving,18.00
1760468877087,9,4,2,L3Neighbor,5.00
1760468877087,9,4,3,L3Neighbor,-1.00
1760468877224,5,3,,L3Serving,32.00
1760468877224,5,3,2,L3Neighbor,4.00
1760468877224,5,3,4,L3Neighbor,2.00
1760468893931,3,5,,L3Serving,32.00
1760468893931,3,5,2,L3Neighbor,30.00
1760468893931,3,5,3,L3Neighbor,16.00
1760468893931,8,5,,L3Serving,1.00
1760468893931,8,5,4,L3Neighbor,12.00
1760468893931,8,5,3,L3Neighbor,1.00
1760468893931,4,5,,L3Serving,7.00
1760468893931,4,5,2,L3Neighbor,9.00
1760468893931,4,5,3,L3Neighbor,6.00
1760468893931,1,5,,L3Serving,16.00
1760468893931,1,5,4,L3Neighbor,7.00
1760468893931,1,5,3,L3Neighbor,5.00
1760468893931,6,5,,L3Serving,0.00
1760468893931,6,5,3,L3Neighbor,1.00
1760468893931,6,5,2,L3Neighbor,0.00
1760468893931,2,5,,L3Serving,10.00
1760468893931,2,5,4,L3Neighbor,5.00
1760468893931,2,5,3,L3Neighbor,-9.00
1760468894113,10,4,,L3Serving,18.00
1760468894113,10,4,5,L3Neighbor,27.00
1760468894113,10,4,2,L3Neighbor,12.00
1760468894113,9,4,,L3Serving,18.00
1760468894113,9,4,2,L3Neighbor,9.00
1760468894113,9,4,3,L3Neighbor,-1.00
1760468894113,7,4,,L3Serving,15.00
1760468894113,7,4,3,L3Neighbor,9.00
1760468894113,7,4,5,L3Neighbor,-6.00
1760468894251,5,3,,L3Serving,32.00
1760468894251,5,3,2,L3Neighbor,2.00
1760468894251,5,3,4,L3Neighbor,0.00
1760468910714,8,5,,L3Serving,1.00
1760468910714,8,5,4,L3Neighbor,10.00
1760468910714,8,5,3,L3Neighbor,0.00
1760468910714,3,5,,L3Serving,45.00
1760468910714,3,5,2,L3Neighbor,23.00
1760468910714,3,5,3,L3Neighbor,11.00
1760468910714,2,5,,L3Serving,7.00
1760468910714,2,5,4,L3Neighbor,2.00
1760468910714,2,5,2,L3Neighbor,-7.00
1760468910714,1,5,,L3Serving,11.00
1760468910714,1,5,3,L3Neighbor,5.00
1760468910714,1,5,2,L3Neighbor,0.00
1760468910714,6,5,,L3Serving,-1.00
1760468910714,6,5,3,L3Neighbor,3.00
1760468910714,6,5,2,L3Neighbor,-3.00
1760468910714,4,5,,L3Serving,4.00
1760468910714,4,5,2,L3Neighbor,10.00
1760468910714,4,5,3,L3Neighbor,1.00
1760468910929,7,4,,L3Serving,49.00
1760468910929,7,4,3,L3Neighbor,7.00
1760468910929,7,4,5,L3Neighbor,-8.00
1760468910929,10,4,,L3Serving,13.00
1760468910929,10,4,5,L3Neighbor,11.00
1760468910929,10,4,2,L3Neighbor,9.00
1760468910929,9,4,,L3Serving,15.00
1760468910929,9,4,2,L3Neighbor,7.00
1760468910929,9,4,5,L3Neighbor,-5.00
1760468911053,5,3,,L3Serving,6.00
1760468911053,5,3,2,L3Neighbor,4.00
1760468911053,5,3,4,L3Neighbor,-2.00
1760468927459,2,5,,L3Serving,6.00
1760468927459,2,5,4,L3Neighbor,0.00
1760468927459,2,5,2,L3Neighbor,-12.00
1760468927459,4,5,,L3Serving,5.00
1760468927459,4,5,2,L3Neighbor,9.00
1760468927459,4,5,3,L3Neighbor,1.00
1760468927459,3,5,,L3Serving,45.00
1760468927459,3,5,2,L3Neighbor,23.00
1760468927459,3,5,3,L3Neighbor,11.00
1760468927459,8,5,,L3Serving,0.00
1760468927459,8,5,4,L3Neighbor,11.00
1760468927459,8,5,3,L3Neighbor,2.00
1760468927459,6,5,,L3Serving,1.00
1760468927459,6,5,3,L3Neighbor,5.00
1760468927459,6,5,2,L3Neighbor,-1.00
1760468927459,1,5,,L3Serving,11.00
1760468927459,1,5,3,L3Neighbor,9.00
1760468927459,1,5,2,L3Neighbor,0.00
1760468927685,10,4,,L3Serving,13.00
1760468927685,10,4,5,L3Neighbor,10.00
1760468927685,10,4,2,L3Neighbor,8.00
1760468927685,7,4,,L3Serving,49.00
1760468927685,7,4,3,L3Neighbor,9.00
1760468927685,7,4,5,L3Neighbor,-4.00
1760468927685,9,4,,L3Serving,16.00
1760468927685,9,4,2,L3Neighbor,6.00
1760468927685,9,4,3,L3Neighbor,1.00
1760468927825,5,3,,L3Serving,4.00
1760468927825,5,3,2,L3Neighbor,7.00
1760468927825,5,3,4,L3Neighbor,-3.00
1760468943794,4,5,,L3Serving,12.00
1760468943794,4,5,2,L3Neighbor,15.00
1760468943794,4,5,3,L3Neighbor,0.00
1760468943794,2,5,,L3Serving,7.00
1760468943794,2,5,4,L3Neighbor,2.00
1760468943794,2,5,2,L3Neighbor,-8.00
1760468943794,3,5,,L3Serving,19.00
1760468943794,3,5,2,L3Neighbor,21.00
1760468943794,3,5,3,L3Neighbor,13.00
1760468943794,1,5,,L3Serving,18.00
1760468943794,1,5,4,L3Neighbor,18.00
1760468943794,1,5,3,L3Neighbor,4.00
1760468943794,8,5,,L3Serving,2.00
1760468943794,8,5,4,L3Neighbor,11.00
1760468943794,8,5,2,L3Neighbor,-1.00
1760468943794,6,5,,L3Serving,3.00
1760468943794,6,5,4,L3Neighbor,15.00
1760468943794,6,5,3,L3Neighbor,0.00
1760468944024,10,4,,L3Serving,22.00
1760468944024,10,4,5,L3Neighbor,13.00
1760468944024,10,4,2,L3Neighbor,6.00
1760468944024,7,4,,L3Serving,49.00
1760468944024,7,4,3,L3Neighbor,10.00
1760468944024,7,4,5,L3Neighbor,0.00
1760468944024,9,4,,L3Serving,19.00
1760468944024,9,4,2,L3Neighbor,6.00
1760468944024,9,4,5,L3Neighbor,-1.00
1760468944189,5,3,,L3Serving,0.00
1760468944189,5,3,5,L3Neighbor,26.00
1760468944189,5,3,2,L3Neighbor,7.00
1760468959430,6,5,,L3Serving,4.00
1760468959430,6,5,4,L3Neighbor,16.00
1760468959430,6,5,3,L3Neighbor,0.00
1760468959430,1,5,,L3Serving,17.00
1760468959430,1,5,4,L3Neighbor,17.00
1760468959430,1,5,3,L3Neighbor,4.00
1760468959430,2,5,,L3Serving,5.00
1760468959430,2,5,4,L3Neighbor,0.00
1760468959430,2,5,2,L3Neighbor,-10.00
1760468959430,8,5,,L3Serving,1.00
1760468959430,8,5,4,L3Neighbor,10.00
1760468959430,8,5,2,L3Neighbor,-1.00
1760468959430,4,5,,L3Serving,11.00
1760468959430,4,5,2,L3Neighbor,15.00
1760468959430,4,5,3,L3Neighbor,1.00
1760468959430,3,5,,L3Serving,20.00
1760468959430,3,5,2,L3Neighbor,25.00
1760468959430,3,5,3,L3Neighbor,14.00
1760468959647,9,4,,L3Serving,22.00
1760468959647,9,4,2,L3Neighbor,3.00
1760468959647,9,4,5,L3Neighbor,-5.00
1760468959647,7,4,,L3Serving,50.00
1760468959647,7,4,3,L3Neighbor,9.00
1760468959647,7,4,5,L3Neighbor,0.00
1760468959647,10,4,,L3Serving,23.00
1760468959647,10,4,5,L3Neighbor,14.00
1760468959647,10,4,2,L3Neighbor,4.00
1760468959776,5,3,,L3Serving,1.00
1760468959776,5,3,5,L3Neighbor,25.00
1760468959776,5,3,2,L3Neighbor,3.00
1760468975791,8,5,,L3Serving,0.00
1760468975791,8,5,2,L3Neighbor,37.00
1760468975791,8,5,4,L3Neighbor,10.00
1760468975791,4,5,,L3Serving,8.00
1760468975791,4,5,2,L3Neighbor,6.00
1760468975791,4,5,3,L3Neighbor,3.00
1760468975791,2,5,,L3Serving,10.00
1760468975791,2,5,2,L3Neighbor,25.00
1760468975791,2,5,4,L3Neighbor,-2.00
1760468975791,3,5,,L3Serving,18.00
1760468975791,3,5,2,L3Neighbor,26.00
1760468975791,3,5,3,L3Neighbor,12.00
1760468975791,6,5,,L3Serving,4.00
1760468975791,6,5,4,L3Neighbor,14.00
1760468975791,6,5,2,L3Neighbor,-2.00
1760468975791,1,5,,L3Serving,17.00
1760468975791,1,5,3,L3Neighbor,7.00
1760468975791,1,5,4,L3Neighbor,3.00
1760468976042,9,4,,L3Serving,21.00
1760468976042,9,4,2,L3Neighbor,2.00
1760468976042,9,4,3,L3Neighbor,-2.00
1760468976042,10,4,,L3Serving,18.00
1760468976042,10,4,5,L3Neighbor,10.00
1760468976042,10,4,2,L3Neighbor,4.00
1760468976042,7,4,,L3Serving,49.00
1760468976042,7,4,3,L3Neighbor,13.00
1760468976042,7,4,5,L3Neighbor,1.00
1760468976153,5,3,,L3Serving,2.00
1760468976153,5,3,5,L3Neighbor,0.00
1760468976153,5,3,2,L3Neighbor,0.00
1760468992905,2,5,,L3Serving,12.00
1760468992905,2,5,2,L3Neighbor,26.00
1760468992905,2,5,4,L3Neighbor,-1.00
1760468992905,3,5,,L3Serving,15.00
1760468992905,3,5,2,L3Neighbor,27.00
1760468992905,3,5,3,L3Neighbor,9.00
1760468992905,6,5,,L3Serving,4.00
1760468992905,6,5,4,L3Neighbor,12.00
1760468992905,6,5,2,L3Neighbor,-1.00
1760468992905,4,5,,L3Serving,10.00
1760468992905,4,5,2,L3Neighbor,3.00
1760468992905,4,5,3,L3Neighbor,1.00
1760468992905,1,5,,L3Serving,17.00
1760468992905,1,5,3,L3Neighbor,5.00
1760468992905,1,5,4,L3Neighbor,4.00
1760468992905,8,5,,L3Serving,0.00
1760468992905,8,5,2,L3Neighbor,37.00
1760468992905,8,5,4,L3Neighbor,13.00
1760468993130,9,4,,L3Serving,21.00
1760468993130,9,4,2,L3Neighbor,2.00
1760468993130,9,4,3,L3Neighbor,1.00
1760468993130,10,4,,L3Serving,19.00
1760468993130,10,4,5,L3Neighbor,10.00
1760468993130,10,4,2,L3Neighbor,7.00
1760468993130,7,4,,L3Serving,49.00
1760468993130,7,4,3,L3Neighbor,12.00
1760468993130,7,4,5,L3Neighbor,1.00
1760468993284,5,3,,L3Serving,1.00
1760468993284,5,3,5,L3Neighbor,0.00
1760468993284,5,3,2,L3Neighbor,0.00
1760469010003,2,5,,L3Serving,35.00
1760469010003,2,5,4,L3Neighbor,4.00
1760469010003,2,5,2,L3Neighbor,-5.00
1760469010003,6,5,,L3Serving,1.00
1760469010003,6,5,4,L3Neighbor,11.00
1760469010003,6,5,3,L3Neighbor,1.00
1760469010003,4,5,,L3Serving,40.00
1760469010003,4,5,2,L3Neighbor,7.00
1760469010003,4,5,3,L3Neighbor,0.00
1760469010003,3,5,,L3Serving,13.00
1760469010003,3,5,2,L3Neighbor,21.00
1760469010003,3,5,3,L3Neighbor,9.00
1760469010003,1,5,,L3Serving,15.00
1760469010003,1,5,3,L3Neighbor,5.00
1760469010003,1,5,4,L3Neighbor,0.00
1760469010003,8,5,,L3Serving,22.00
1760469010003,8,5,2,L3Neighbor,18.00
1760469010003,8,5,4,L3Neighbor,13.00
1760469010190,7,4,,L3Serving,33.00
1760469010190,7,4,3,L3Neighbor,16.00
1760469010190,7,4,5,L3Neighbor,-1.00
1760469010190,10,4,,L3Serving,19.00
1760469010190,10,4,5,L3Neighbor,11.00
1760469010190,10,4,2,L3Neighbor,6.00
1760469010190,9,4,,L3Serving,25.00
1760469010190,9,4,3,L3Neighbor,3.00
1760469010190,9,4,2,L3Neighbor,1.00
1760469010300,5,3,,L3Serving,4.00
1760469010300,5,3,2,L3Neighbor,9.00
1760469010300,5,3,5,L3Neighbor,4.00
1760469027512,3,5,,L3Serving,13.00
1760469027512,3,5,2,L3Neighbor,21.00
1760469027512,3,5,3,L3Neighbor,12.00
1760469027512,6,5,,L3Serving,4.00
1760469027512,6,5,4,L3Neighbor,7.00
1760469027512,6,5,3,L3Neighbor,3.00
1760469027512,2,5,,L3Serving,34.00
1760469027512,2,5,4,L3Neighbor,6.00
1760469027512,2,5,2,L3Neighbor,-5.00
1760469027512,8,5,,L3Serving,22.00
1760469027512,8,5,2,L3Neighbor,17.00
1760469027512,8,5,4,L3Neighbor,13.00
1760469027512,1,5,,L3Serving,16.00
1760469027512,1,5,3,L3Neighbor,8.00
1760469027512,1,5,4,L3Neighbor,0.00
1760469027512,4,5,,L3Serving,39.00
1760469027512,4,5,2,L3Neighbor,8.00
1760469027512,4,5,3,L3Neighbor,0.00
1760469027711,7,4,,L3Serving,32.00
1760469027711,7,4,3,L3Neighbor,14.00
1760469027711,7,4,5,L3Neighbor,0.00
1760469027711,9,4,,L3Serving,25.00
1760469027711,9,4,3,L3Neighbor,2.00
1760469027711,9,4,2,L3Neighbor,0.00
1760469027711,10,4,,L3Serving,19.00
1760469027711,10,4,5,L3Neighbor,8.00
1760469027711,10,4,2,L3Neighbor,4.00
1760469027845,5,3,,L3Serving,3.00
1760469027845,5,3,2,L3Neighbor,7.00
1760469027845,5,3,5,L3Neighbor,0.00
1760469044873,6,5,,L3Serving,5.00
1760469044873,6,5,3,L3Neighbor,6.00
1760469044873,6,5,4,L3Neighbor,0.00
1760469044873,2,5,,L3Serving,11.00
1760469044873,2,5,4,L3Neighbor,5.00
1760469044873,2,5,2,L3Neighbor,0.00
1760469044873,1,5,,L3Serving,39.00
1760469044873,1,5,3,L3Neighbor,7.00
1760469044873,1,5,4,L3Neighbor,1.00
1760469044873,8,5,,L3Serving,7.00
1760469044873,8,5,2,L3Neighbor,23.00
1760469044873,8,5,4,L3Neighbor,12.00
1760469044873,3,5,,L3Serving,14.00
1760469044873,3,5,2,L3Neighbor,25.00
1760469044873,3,5,3,L3Neighbor,18.00
1760469044873,4,5,,L3Serving,31.00
1760469044873,4,5,2,L3Neighbor,27.00
1760469044873,4,5,3,L3Neighbor,-1.00
1760469045072,7,4,,L3Serving,49.00
1760469045072,7,4,3,L3Neighbor,12.00
1760469045072,7,4,5,L3Neighbor,4.00
1760469045072,10,4,,L3Serving,23.00
1760469045072,10,4,5,L3Neighbor,6.00
1760469045072,10,4,2,L3Neighbor,3.00
1760469045072,9,4,,L3Serving,24.00
1760469045072,9,4,2,L3Neighbor,5.00
1760469045072,9,4,3,L3Neighbor,3.00
1760469045198,5,3,,L3Serving,30.00
1760469045198,5,3,2,L3Neighbor,3.00
1760469045198,5,3,5,L3Neighbor,2.00
1760469061331,3,5,,L3Serving,14.00
1760469061331,3,5,2,L3Neighbor,25.00
1760469061331,3,5,3,L3Neighbor,18.00
1760469061331,8,5,,L3Serving,9.00
1760469061331,8,5,2,L3Neighbor,22.00
1760469061331,8,5,4,L3Neighbor,12.00
1760469061331,6,5,,L3Serving,4.00
1760469061331,6,5,3,L3Neighbor,8.00
1760469061331,6,5,2,L3Neighbor,0.00
1760469061331,4,5,,L3Serving,30.00
1760469061331,4,5,2,L3Neighbor,25.00
1760469061331,4,5,3,L3Neighbor,-1.00
1760469061331,1,5,,L3Serving,38.00
1760469061331,1,5,3,L3Neighbor,6.00
1760469061331,1,5,2,L3Neighbor,0.00
1760469061331,2,5,,L3Serving,12.00
1760469061331,2,5,4,L3Neighbor,7.00
1760469061331,2,5,2,L3Neighbor,0.00
1760469061533,10,4,,L3Serving,25.00
1760469061533,10,4,5,L3Neighbor,4.00
1760469061533,10,4,2,L3Neighbor,3.00
1760469061533,9,4,,L3Serving,22.00
1760469061533,9,4,3,L3Neighbor,5.00
1760469061533,9,4,2,L3Neighbor,1.00
1760469061533,7,4,,L3Serving,48.00
1760469061533,7,4,3,L3Neighbor,10.00
1760469061533,7,4,5,L3Neighbor,4.00
1760469061719,5,3,,L3Serving,30.00
1760469061719,5,3,2,L3Neighbor,6.00
1760469061719,5,3,5,L3Neighbor,3.00
1760469077115,3,5,,L3Serving,42.00
1760469077115,3,5,3,L3Neighbor,24.00
1760469077115,3,5,2,L3Neighbor,18.00
1760469077115,4,5,,L3Serving,29.00
1760469077115,4,5,2,L3Neighbor,4.00
1760469077115,4,5,3,L3Neighbor,0.00
1760469077115,6,5,,L3Serving,21.00
1760469077115,6,5,4,L3Neighbor,3.00
1760469077115,6,5,3,L3Neighbor,-1.00
1760469077115,1,5,,L3Serving,-5.00
1760469077115,2,5,,L3Serving,10.00
1760469077115,2,5,4,L3Neighbor,6.00
1760469077115,2,5,2,L3Neighbor,-5.00
1760469077115,8,5,,L3Serving,8.00
1760469077115,8,5,2,L3Neighbor,16.00
1760469077115,8,5,4,L3Neighbor,13.00
1760469077304,10,4,,L3Serving,21.00
1760469077304,10,4,5,L3Neighbor,6.00
1760469077304,10,4,2,L3Neighbor,5.00
1760469077304,7,4,,L3Serving,12.00
1760469077304,7,4,3,L3Neighbor,21.00
1760469077304,7,4,5,L3Neighbor,3.00
1760469077304,9,4,,L3Serving,17.00
1760469077304,9,4,3,L3Neighbor,5.00
1760469077304,9,4,2,L3Neighbor,0.00
1760469077430,5,3,,L3Serving,-1.00
1760469077430,5,3,2,L3Neighbor,7.00
1760469077430,5,3,5,L3Neighbor,2.00
1760469093585,2,5,,L3Serving,10.00
1760469093585,2,5,4,L3Neighbor,4.00
1760469093585,2,5,2,L3Neighbor,-6.00
1760469093585,8,5,,L3Serving,6.00
1760469093585,8,5,2,L3Neighbor,15.00
1760469093585,8,5,4,L3Neighbor,13.00
1760469093585,4,5,,L3Serving,26.00
1760469093585,4,5,2,L3Neighbor,3.00
1760469093585,4,5,3,L3Neighbor,3.00
1760469093585,3,5,,L3Serving,42.00
1760469093585,3,5,3,L3Neighbor,22.00
1760469093585,3,5,2,L3Neighbor,16.00
1760469093585,6,5,,L3Serving,23.00
1760469093585,6,5,4,L3Neighbor,2.00
1760469093585,6,5,2,L3Neighbor,1.00
1760469093585,1,5,,L3Serving,-5.00
1760469093875,7,4,,L3Serving,11.00
1760469093875,7,4,3,L3Neighbor,20.00
1760469093875,7,4,5,L3Neighbor,0.00
1760469093875,9,4,,L3Serving,19.00
1760469093875,9,4,3,L3Neighbor,3.00
1760469093875,9,4,2,L3Neighbor,1.00
1760469093875,10,4,,L3Serving,20.00
1760469093875,10,4,5,L3Neighbor,7.00
1760469093875,10,4,2,L3Neighbor,3.00
1760469094023,5,3,,L3Serving,1.00
1760469094023,5,3,2,L3Neighbor,11.00
1760469094023,5,3,5,L3Neighbor,0.00
1760469109461,3,5,,L3Serving,32.00
1760469109461,3,5,2,L3Neighbor,24.00
1760469109461,3,5,3,L3Neighbor,12.00
1760469109461,1,5,,L3Serving,-5.00
1760469109461,4,5,,L3Serving,41.00
1760469109461,4,5,2,L3Neighbor,10.00
1760469109461,4,5,4,L3Neighbor,-1.00
1760469109461,2,5,,L3Serving,15.00
1760469109461,2,5,4,L3Neighbor,2.00
1760469109461,2,5,2,L3Neighbor,-9.00
1760469109461,8,5,,L3Serving,7.00
1760469109461,8,5,2,L3Neighbor,24.00
1760469109461,8,5,4,L3Neighbor,5.00
1760469109461,6,5,,L3Serving,6.00
1760469109461,6,5,4,L3Neighbor,8.00
1760469109461,6,5,2,L3Neighbor,-1.00
1760469109674,7,4,,L3Serving,46.00
1760469109674,7,4,5,L3Neighbor,1.00
1760469109674,7,4,2,L3Neighbor,-7.00
1760469109674,10,4,,L3Serving,16.00
1760469109674,10,4,5,L3Neighbor,22.00
1760469109674,10,4,2,L3Neighbor,2.00
1760469109674,9,4,,L3Serving,36.00
1760469109674,9,4,3,L3Neighbor,2.00
1760469109674,9,4,2,L3Neighbor,-3.00
1760469109775,5,3,,L3Serving,29.00
1760469109775,5,3,2,L3Neighbor,4.00
1760469109775,5,3,5,L3Neighbor,0.00
1760469125667,1,5,,L3Serving,-4.00
1760469125667,3,5,,L3Serving,30.00
1760469125667,3,5,2,L3Neighbor,22.00
1760469125667,3,5,3,L3Neighbor,12.00
1760469125667,8,5,,L3Serving,3.00
1760469125667,2,5,,L3Serving,11.00
1760469125667,2,5,4,L3Neighbor,3.00
1760469125667,2,5,3,L3Neighbor,-9.00
1760469125667,4,5,,L3Serving,41.00
1760469125667,4,5,2,L3Neighbor,10.00
1760469125667,4,5,4,L3Neighbor,0.00
1760469125667,6,5,,L3Serving,3.00
1760469125667,6,5,4,L3Neighbor,7.00
1760469125667,6,5,3,L3Neighbor,2.00
1760469125874,7,4,,L3Serving,45.00
1760469125874,7,4,5,L3Neighbor,0.00
1760469125874,7,4,2,L3Neighbor,-6.00
1760469125874,10,4,,L3Serving,17.00
1760469125874,10,4,5,L3Neighbor,23.00
1760469125874,10,4,2,L3Neighbor,1.00
1760469125874,9,4,,L3Serving,38.00
1760469125874,9,4,3,L3Neighbor,2.00
1760469125874,9,4,2,L3Neighbor,2.00
1760469126038,5,3,,L3Serving,31.00
1760469126038,5,3,2,L3Neighbor,3.00
1760469126038,5,3,5,L3Neighbor,0.00
1760469142511,2,5,,L3Serving,10.00
1760469142511,2,5,4,L3Neighbor,2.00
1760469142511,2,5,3,L3Neighbor,-6.00
1760469142511,8,5,,L3Serving,4.00
1760469142511,4,5,,L3Serving,13.00
1760469142511,4,5,2,L3Neighbor,8.00
1760469142511,4,5,4,L3Neighbor,-2.00
1760469142511,1,5,,L3Serving,-1.00
1760469142511,6,5,,L3Serving,4.00
1760469142511,6,5,3,L3Neighbor,4.00
1760469142511,6,5,4,L3Neighbor,3.00
1760469142511,3,5,,L3Serving,36.00
1760469142511,3,5,2,L3Neighbor,22.00
1760469142511,3,5,3,L3Neighbor,16.00
1760469142705,10,4,,L3Serving,20.00
1760469142705,10,4,5,L3Neighbor,8.00
1760469142705,10,4,2,L3Neighbor,4.00
1760469142705,9,4,,L3Serving,8.00
1760469142705,9,4,3,L3Neighbor,6.00
1760469142705,9,4,5,L3Neighbor,6.00
1760469142705,7,4,,L3Serving,47.00
1760469142705,7,4,5,L3Neighbor,6.00
1760469142705,7,4,2,L3Neighbor,-15.00
1760469142827,5,3,,L3Serving,4.00
1760469142827,5,3,5,L3Neighbor,0.00
1760469142827,5,3,4,L3Neighbor,0.00
1760469159158,3,5,,L3Serving,35.00
1760469159158,3,5,2,L3Neighbor,22.00
1760469159158,3,5,3,L3Neighbor,18.00
1760469159158,2,5,,L3Serving,10.00
1760469159158,2,5,4,L3Neighbor,1.00
1760469159158,2,5,3,L3Neighbor,-9.00
1760469159158,1,5,,L3Serving,-1.00
1760469159158,8,5,,L3Serving,3.00
1760469159158,4,5,,L3Serving,14.00
1760469159158,4,5,2,L3Neighbor,7.00
1760469159158,4,5,3,L3Neighbor,-2.00
1760469159158,6,5,,L3Serving,7.00
1760469159158,6,5,4,L3Neighbor,2.00
1760469159158,6,5,3,L3Neighbor,1.00
1760469159352,7,4,,L3Serving,48.00
1760469159352,7,4,5,L3Neighbor,7.00
1760469159352,7,4,3,L3Neighbor,-13.00
1760469159352,10,4,,L3Serving,20.00
1760469159352,10,4,5,L3Neighbor,10.00
1760469159352,10,4,2,L3Neighbor,3.00
1760469159352,9,4,,L3Serving,13.00
1760469159352,9,4,3,L3Neighbor,2.00
1760469159352,9,4,5,L3Neighbor,2.00
1760469159459,5,3,,L3Serving,5.00
1760469159459,5,3,5,L3Neighbor,3.00
1760469159459,5,3,4,L3Neighbor,0.00
1760469176591,6,5,,L3Serving,4.00
1760469176591,6,5,4,L3Neighbor,7.00
1760469176591,6,5,3,L3Neighbor,6.00
1760469176591,8,5,,L3Serving,5.00
1760469176591,8,5,4,L3Neighbor,34.00
1760469176591,8,5,2,L3Neighbor,26.00
1760469176591,2,5,,L3Serving,9.00
1760469176591,2,5,4,L3Neighbor,1.00
1760469176591,2,5,3,L3Neighbor,-9.00
1760469176591,1,5,,L3Serving,0.00
1760469176591,3,5,,L3Serving,31.00
1760469176591,3,5,3,L3Neighbor,24.00
1760469176591,3,5,2,L3Neighbor,24.00
1760469176591,4,5,,L3Serving,10.00
1760469176591,4,5,2,L3Neighbor,6.00
1760469176591,4,5,3,L3Neighbor,3.00
1760469176790,7,4,,L3Serving,37.00
1760469176790,7,4,2,L3Neighbor,-7.00
1760469176790,7,4,5,L3Neighbor,-9.00
1760469176790,10,4,,L3Serving,14.00
1760469176790,10,4,5,L3Neighbor,21.00
1760469176790,10,4,2,L3Neighbor,0.00
1760469176790,9,4,,L3Serving,8.00
1760469176790,9,4,3,L3Neighbor,8.00
1760469176790,9,4,5,L3Neighbor,0.00
1760469176899,5,3,,L3Serving,0.00
1760469176899,5,3,2,L3Neighbor,25.00
1760469176899,5,3,5,L3Neighbor,19.00
1760469191838,8,5,,L3Serving,5.00
1760469191838,8,5,4,L3Neighbor,34.00
1760469191838,8,5,2,L3Neighbor,27.00
1760469191838,3,5,,L3Serving,28.00
1760469191838,3,5,2,L3Neighbor,25.00
1760469191838,3,5,3,L3Neighbor,21.00
1760469191838,1,5,,L3Serving,-1.00
1760469191838,6,5,,L3Serving,5.00
1760469191838,6,5,3,L3Neighbor,7.00
1760469191838,6,5,4,L3Neighbor,6.00
1760469191838,2,5,,L3Serving,9.00
1760469191838,2,5,4,L3Neighbor,2.00
1760469191838,2,5,2,L3Neighbor,-7.00
1760469191838,4,5,,L3Serving,11.00
1760469191838,4,5,2,L3Neighbor,7.00
1760469191838,4,5,3,L3Neighbor,2.00
1760469192014,9,4,,L3Serving,11.00
1760469192014,9,4,3,L3Neighbor,9.00
1760469192014,9,4,5,L3Neighbor,1.00
1760469192014,10,4,,L3Serving,15.00
1760469192014,10,4,5,L3Neighbor,24.00
1760469192014,10,4,2,L3Neighbor,1.00
1760469192014,7,4,,L3Serving,34.00
1760469192014,7,4,5,L3Neighbor,-5.00
1760469192014,7,4,2,L3Neighbor,-6.00
1760469192128,5,3,,L3Serving,1.00
1760469192128,5,3,2,L3Neighbor,25.00
1760469192128,5,3,5,L3Neighbor,20.00
1760469208391,3,5,,L3Serving,26.00
1760469208391,3,5,2,L3Neighbor,24.00
1760469208391,3,5,3,L3Neighbor,22.00
1760469208391,6,5,,L3Serving,6.00
1760469208391,6,5,3,L3Neighbor,9.00
1760469208391,6,5,4,L3Neighbor,2.00
1760469208391,2,5,,L3Serving,5.00
1760469208391,2,5,4,L3Neighbor,0.00
1760469208391,2,5,3,L3Neighbor,-5.00
1760469208391,1,5,,L3Serving,1.00
1760469208391,1,5,3,L3Neighbor,11.00
1760469208391,1,5,4,L3Neighbor,4.00
1760469208391,4,5,,L3Serving,11.00
1760469208391,4,5,2,L3Neighbor,9.00
1760469208391,4,5,3,L3Neighbor,3.00
1760469208391,8,5,,L3Serving,7.00
1760469208391,8,5,2,L3Neighbor,23.00
1760469208391,8,5,4,L3Neighbor,12.00
1760469208601,9,4,,L3Serving,11.00
1760469208601,9,4,3,L3Neighbor,9.00
1760469208601,9,4,5,L3Neighbor,4.00
1760469208601,10,4,,L3Serving,18.00
1760469208601,10,4,2,L3Neighbor,28.00
1760469208601,10,4,5,L3Neighbor,13.00
1760469208601,7,4,,L3Serving,33.00
1760469208601,7,4,2,L3Neighbor,-5.00
1760469208601,7,4,5,L3Neighbor,-8.00
1760469208783,5,3,,L3Serving,32.00
1760469208783,5,3,2,L3Neighbor,6.00
1760469208783,5,3,4,L3Neighbor,1.00
1760469226011,6,5,,L3Serving,1.00
1760469226011,6,5,3,L3Neighbor,6.00
1760469226011,6,5,4,L3Neighbor,1.00
1760469226011,8,5,,L3Serving,5.00
1760469226011,8,5,2,L3Neighbor,23.00
1760469226011,8,5,4,L3Neighbor,12.00
1760469226011,4,5,,L3Serving,12.00
1760469226011,4,5,2,L3Neighbor,11.00
1760469226011,4,5,3,L3Neighbor,2.00
1760469226011,2,5,,L3Serving,3.00
1760469226011,2,5,4,L3Neighbor,0.00
1760469226011,2,5,3,L3Neighbor,-3.00
1760469226011,1,5,,L3Serving,0.00
1760469226011,1,5,3,L3Neighbor,9.00
1760469226011,1,5,4,L3Neighbor,4.00
1760469226011,3,5,,L3Serving,25.00
1760469226011,3,5,2,L3Neighbor,26.00
1760469226011,3,5,3,L3Neighbor,22.00
1760469226199,7,4,,L3Serving,32.00
1760469226199,7,4,5,L3Neighbor,-7.00
1760469226199,7,4,2,L3Neighbor,-7.00
1760469226199,9,4,,L3Serving,9.00
1760469226199,9,4,3,L3Neighbor,2.00
1760469226199,9,4,5,L3Neighbor,2.00
1760469226199,10,4,,L3Serving,17.00
1760469226199,10,4,2,L3Neighbor,28.00
1760469226199,10,4,5,L3Neighbor,11.00
1760469226321,5,3,,L3Serving,31.00
1760469226321,5,3,2,L3Neighbor,5.00
1760469226321,5,3,4,L3Neighbor,1.00
1760469242276,3,5,,L3Serving,44.00
1760469242276,3,5,2,L3Neighbor,20.00
1760469242276,3,5,3,L3Neighbor,18.00
1760469242276,6,5,,L3Serving,3.00
1760469242276,6,5,3,L3Neighbor,5.00
1760469242276,6,5,4,L3Neighbor,3.00
1760469242276,1,5,,L3Serving,-5.00
1760469242276,1,5,3,L3Neighbor,7.00
1760469242276,1,5,4,L3Neighbor,5.00
1760469242276,8,5,,L3Serving,10.00
1760469242276,8,5,2,L3Neighbor,25.00
1760469242276,8,5,4,L3Neighbor,10.00
1760469242276,2,5,,L3Serving,4.00
1760469242276,2,5,4,L3Neighbor,6.00
1760469242276,2,5,3,L3Neighbor,-7.00
1760469242276,4,5,,L3Serving,10.00
1760469242276,4,5,2,L3Neighbor,12.00
1760469242276,4,5,3,L3Neighbor,5.00
1760469242520,10,4,,L3Serving,15.00
1760469242520,10,4,2,L3Neighbor,17.00
1760469242520,10,4,5,L3Neighbor,12.00
1760469242520,9,4,,L3Serving,10.00
1760469242520,9,4,2,L3Neighbor,3.00
1760469242520,9,4,3,L3Neighbor,0.00
1760469242520,7,4,,L3Serving,27.00
1760469242520,7,4,3,L3Neighbor,22.00
1760469242520,7,4,2,L3Neighbor,-2.00
1760469242674,5,3,,L3Serving,-10.00
1760469242674,5,3,2,L3Neighbor,11.00
1760469242674,5,3,4,L3Neighbor,0.00
1760469259078,8,5,,L3Serving,8.00
1760469259078,8,5,2,L3Neighbor,25.00
1760469259078,8,5,4,L3Neighbor,10.00
1760469259078,3,5,,L3Serving,41.00
1760469259078,3,5,3,L3Neighbor,20.00
1760469259078,3,5,2,L3Neighbor,18.00
1760469259078,2,5,,L3Serving,2.00
1760469259078,2,5,4,L3Neighbor,7.00
1760469259078,2,5,3,L3Neighbor,-4.00
1760469259078,6,5,,L3Serving,3.00
1760469259078,6,5,3,L3Neighbor,1.00
1760469259078,6,5,4,L3Neighbor,1.00
1760469259078,1,5,,L3Serving,-5.00
1760469259078,1,5,3,L3Neighbor,8.00
1760469259078,1,5,4,L3Neighbor,4.00
1760469259078,4,5,,L3Serving,14.00
1760469259078,4,5,2,L3Neighbor,13.00
1760469259078,4,5,3,L3Neighbor,4.00
1760469259281,10,4,,L3Serving,17.00
1760469259281,10,4,2,L3Neighbor,17.00
1760469259281,10,4,5,L3Neighbor,12.00
1760469259281,9,4,,L3Serving,8.00
1760469259281,9,4,2,L3Neighbor,2.00
1760469259281,9,4,3,L3Neighbor,1.00
1760469259281,7,4,,L3Serving,29.00
1760469259281,7,4,3,L3Neighbor,23.00
1760469259281,7,4,2,L3Neighbor,-5.00
1760469259431,5,3,,L3Serving,-10.00
1760469276505,8,5,,L3Serving,6.00
1760469276505,8,5,2,L3Neighbor,25.00
1760469276505,8,5,4,L3Neighbor,11.00
1760469276505,1,5,,L3Serving,0.00
1760469276505,1,5,4,L3Neighbor,7.00
1760469276505,1,5,3,L3Neighbor,1.00
1760469276505,2,5,,L3Serving,-2.00
1760469276505,2,5,4,L3Neighbor,3.00
1760469276505,2,5,3,L3Neighbor,-10.00
1760469276505,4,5,,L3Serving,14.00
1760469276505,4,5,2,L3Neighbor,13.00
1760469276505,4,5,3,L3Neighbor,5.00
1760469276505,6,5,,L3Serving,-1.00
1760469276505,6,5,4,L3Neighbor,2.00
1760469276505,6,5,3,L3Neighbor,1.00
1760469276505,3,5,,L3Serving,17.00
1760469276505,3,5,2,L3Neighbor,19.00
1760469276505,3,5,3,L3Neighbor,16.00
1760469276724,9,4,,L3Serving,8.00
1760469276724,9,4,5,L3Neighbor,16.00
1760469276724,9,4,3,L3Neighbor,5.00
1760469276724,10,4,,L3Serving,22.00
1760469276724,10,4,2,L3Neighbor,17.00
1760469276724,10,4,5,L3Neighbor,13.00
1760469276724,7,4,,L3Serving,31.00
1760469276724,7,4,3,L3Neighbor,0.00
1760469276724,7,4,2,L3Neighbor,-8.00
1760469276859,5,3,,L3Serving,32.00
1760469276859,5,3,2,L3Neighbor,28.00
1760469276859,5,3,4,L3Neighbor,-1.00
1760469294301,4,5,,L3Serving,12.00
1760469294301,4,5,2,L3Neighbor,16.00
1760469294301,4,5,3,L3Neighbor,8.00
1760469294301,1,5,,L3Serving,0.00
1760469294301,1,5,4,L3Neighbor,5.00
1760469294301,1,5,3,L3Neighbor,0.00
1760469294301,3,5,,L3Serving,16.00
1760469294301,3,5,3,L3Neighbor,20.00
1760469294301,3,5,2,L3Neighbor,17.00
1760469294301,8,5,,L3Serving,7.00
1760469294301,8,5,2,L3Neighbor,28.00
1760469294301,8,5,4,L3Neighbor,11.00
1760469294301,2,5,,L3Serving,0.00
1760469294301,2,5,4,L3Neighbor,5.00
1760469294301,2,5,2,L3Neighbor,-7.00
1760469294301,6,5,,L3Serving,-1.00
1760469294301,6,5,4,L3Neighbor,6.00
1760469294301,6,5,3,L3Neighbor,4.00
1760469294519,10,4,,L3Serving,18.00
1760469294519,10,4,2,L3Neighbor,16.00
1760469294519,10,4,5,L3Neighbor,14.00
1760469294519,7,4,,L3Serving,30.00
1760469294519,7,4,3,L3Neighbor,0.00
1760469294519,7,4,2,L3Neighbor,-8.00
1760469294519,9,4,,L3Serving,8.00
1760469294519,9,4,5,L3Neighbor,16.00
1760469294519,9,4,3,L3Neighbor,11.00
1760469294655,5,3,,L3Serving,31.00
1760469294655,5,3,2,L3Neighbor,29.00
1760469294655,5,3,4,L3Neighbor,0.00
1760469312655,8,5,,L3Serving,9.00
1760469312655,8,5,2,L3Neighbor,19.00
1760469312655,8,5,4,L3Neighbor,9.00
1760469312655,2,5,,L3Serving,0.00
1760469312655,2,5,2,L3Neighbor,20.00
1760469312655,2,5,4,L3Neighbor,1.00
1760469312655,3,5,,L3Serving,29.00
1760469312655,3,5,2,L3Neighbor,22.00
1760469312655,3,5,3,L3Neighbor,20.00
1760469312655,1,5,,L3Serving,32.00
1760469312655,1,5,3,L3Neighbor,8.00
1760469312655,1,5,4,L3Neighbor,-1.00
1760469312655,6,5,,L3Serving,0.00
1760469312655,6,5,4,L3Neighbor,5.00
1760469312655,6,5,3,L3Neighbor,-1.00
1760469312655,4,5,,L3Serving,41.00
1760469312655,4,5,2,L3Neighbor,12.00
1760469312655,4,5,3,L3Neighbor,5.00
1760469312873,9,4,,L3Serving,7.00
1760469312873,9,4,3,L3Neighbor,5.00
1760469312873,9,4,2,L3Neighbor,5.00
1760469312873,7,4,,L3Serving,18.00
1760469312873,7,4,3,L3Neighbor,23.00
1760469312873,7,4,2,L3Neighbor,-2.00
1760469312873,10,4,,L3Serving,17.00
1760469312873,10,4,2,L3Neighbor,30.00
1760469312873,10,4,5,L3Neighbor,12.00
1760469313070,5,3,,L3Serving,16.00
1760469313070,5,3,2,L3Neighbor,3.00
1760469313070,5,3,4,L3Neighbor,-1.00
1760469331393,1,5,,L3Serving,32.00
1760469331393,1,5,3,L3Neighbor,5.00
1760469331393,1,5,4,L3Neighbor,0.00
1760469331393,6,5,,L3Serving,2.00
1760469331393,6,5,4,L3Neighbor,8.00
1760469331393,6,5,3,L3Neighbor,-2.00
1760469331393,4,5,,L3Serving,43.00
1760469331393,4,5,2,L3Neighbor,13.00
1760469331393,4,5,3,L3Neighbor,1.00
1760469331393,8,5,,L3Serving,8.00
1760469331393,8,5,2,L3Neighbor,19.00
1760469331393,8,5,4,L3Neighbor,11.00
1760469331393,3,5,,L3Serving,29.00
1760469331393,3,5,3,L3Neighbor,17.00
1760469331393,3,5,2,L3Neighbor,15.00
1760469331393,2,5,,L3Serving,-1.00
1760469331393,2,5,2,L3Neighbor,22.00
1760469331393,2,5,4,L3Neighbor,3.00
1760469331596,10,4,,L3Serving,18.00
1760469331596,10,4,2,L3Neighbor,28.00
1760469331596,10,4,5,L3Neighbor,7.00
1760469331596,7,4,,L3Serving,24.00
1760469331596,7,4,3,L3Neighbor,24.00
1760469331596,7,4,2,L3Neighbor,0.00
1760469331596,9,4,,L3Serving,9.00
1760469331596,9,4,3,L3Neighbor,7.00
1760469331596,9,4,5,L3Neighbor,5.00
1760469331720,5,3,,L3Serving,13.00
1760469331720,5,3,2,L3Neighbor,2.00
1760469331720,5,3,5,L3Neighbor,-2.00
1760469349728,1,5,,L3Serving,14.00
1760469349728,1,5,3,L3Neighbor,6.00
1760469349728,1,5,4,L3Neighbor,3.00
1760469349728,8,5,,L3Serving,8.00
1760469349728,8,5,4,L3Neighbor,14.00
1760469349728,8,5,2,L3Neighbor,13.00
1760469349728,3,5,,L3Serving,20.00
1760469349728,3,5,3,L3Neighbor,8.00
1760469349728,3,5,2,L3Neighbor,7.00
1760469349728,6,5,,L3Serving,-1.00
1760469349728,6,5,4,L3Neighbor,1.00
1760469349728,6,5,3,L3Neighbor,-2.00
1760469349728,4,5,,L3Serving,2.00
1760469349728,4,5,2,L3Neighbor,18.00
1760469349728,4,5,3,L3Neighbor,4.00
1760469349728,2,5,,L3Serving,-3.00
1760469349728,2,5,4,L3Neighbor,4.00
1760469349728,2,5,2,L3Neighbor,-5.00
1760469349917,9,4,,L3Serving,13.00
1760469349917,9,4,2,L3Neighbor,22.00
1760469349917,9,4,3,L3Neighbor,10.00
1760469349917,10,4,,L3Serving,20.00
1760469349917,10,4,5,L3Neighbor,14.00
1760469349917,10,4,2,L3Neighbor,13.00
1760469349917,7,4,,L3Serving,51.00
1760469349917,7,4,2,L3Neighbor,-2.00
1760469349917,7,4,3,L3Neighbor,-3.00
1760469350038,5,3,,L3Serving,15.00
1760469350038,5,3,4,L3Neighbor,0.00
1760469350038,5,3,5,L3Neighbor,-2.00
1760469366741,4,5,,L3Serving,2.00
1760469366741,4,5,2,L3Neighbor,17.00
1760469366741,4,5,3,L3Neighbor,1.00
1760469366741,2,5,,L3Serving,0.00
1760469366741,2,5,4,L3Neighbor,6.00
1760469366741,2,5,2,L3Neighbor,-6.00
1760469366741,8,5,,L3Serving,5.00
1760469366741,8,5,4,L3Neighbor,14.00
1760469366741,8,5,2,L3Neighbor,13.00
1760469366741,3,5,,L3Serving,21.00
1760469366741,3,5,3,L3Neighbor,10.00
1760469366741,3,5,2,L3Neighbor,7.00
1760469366741,6,5,,L3Serving,0.00
1760469366741,6,5,4,L3Neighbor,-1.00
1760469366741,6,5,3,L3Neighbor,-3.00
1760469366741,1,5,,L3Serving,13.00
1760469366741,1,5,3,L3Neighbor,7.00
1760469366741,1,5,4,L3Neighbor,1.00
1760469366969,7,4,,L3Serving,51.00
1760469366969,7,4,2,L3Neighbor,-2.00
1760469366969,7,4,3,L3Neighbor,-4.00
1760469366969,9,4,,L3Serving,13.00
1760469366969,9,4,2,L3Neighbor,20.00
1760469366969,9,4,5,L3Neighbor,8.00
1760469366969,10,4,,L3Serving,21.00
1760469366969,10,4,5,L3Neighbor,15.00
1760469366969,10,4,2,L3Neighbor,13.00
1760469367075,5,3,,L3Serving,13.00
1760469367075,5,3,2,L3Neighbor,-1.00
1760469367075,5,3,4,L3Neighbor,-2.00
1760469383582,1,5,,L3Serving,13.00
1760469383582,1,5,3,L3Neighbor,0.00
1760469383582,1,5,4,L3Neighbor,0.00
1760469383582,6,5,,L3Serving,7.00
1760469383582,6,5,3,L3Neighbor,1.00
1760469383582,6,5,4,L3Neighbor,-4.00
1760469383582,4,5,,L3Serving,0.00
1760469383582,2,5,,L3Serving,-10.00
1760469383582,8,5,,L3Serving,0.00
1760469383582,3,5,,L3Serving,43.00
1760469383582,3,5,4,L3Neighbor,9.00
1760469383582,3,5,2,L3Neighbor,6.00
1760469383825,10,4,,L3Serving,17.00
1760469383825,10,4,2,L3Neighbor,11.00
1760469383825,10,4,5,L3Neighbor,10.00
1760469383825,9,4,,L3Serving,15.00
1760469383825,9,4,3,L3Neighbor,17.00
1760469383825,9,4,5,L3Neighbor,7.00
1760469383825,7,4,,L3Serving,54.00
1760469383825,7,4,2,L3Neighbor,2.00
1760469383825,7,4,3,L3Neighbor,-5.00
1760469383947,5,3,,L3Serving,11.00
1760469383947,5,3,2,L3Neighbor,1.00
1760469383947,5,3,4,L3Neighbor,-4.00
1760469400065,3,5,,L3Serving,43.00
1760469400065,3,5,4,L3Neighbor,8.00
1760469400065,3,5,2,L3Neighbor,6.00
1760469400065,1,5,,L3Serving,14.00
1760469400065,1,5,3,L3Neighbor,2.00
1760469400065,1,5,4,L3Neighbor,2.00
1760469400065,6,5,,L3Serving,6.00
1760469400065,6,5,3,L3Neighbor,1.00
1760469400065,6,5,4,L3Neighbor,-4.00
1760469400065,2,5,,L3Serving,-7.00
1760469400065,8,5,,L3Serving,1.00
1760469400065,8,5,2,L3Neighbor,18.00
1760469400065,8,5,4,L3Neighbor,7.00
1760469400065,4,5,,L3Serving,3.00
1760469400065,4,5,2,L3Neighbor,15.00
1760469400065,4,5,4,L3Neighbor,4.00
1760469400277,7,4,,L3Serving,55.00
1760469400277,7,4,2,L3Neighbor,1.00
1760469400277,7,4,3,L3Neighbor,-4.00
1760469400277,9,4,,L3Serving,16.00
1760469400277,9,4,3,L3Neighbor,18.00
1760469400277,9,4,5,L3Neighbor,8.00
1760469400277,10,4,,L3Serving,17.00
1760469400277,10,4,5,L3Neighbor,11.00
1760469400277,10,4,2,L3Neighbor,11.00
1760469400384,5,3,,L3Serving,11.00
1760469400384,5,3,2,L3Neighbor,0.00
1760469400384,5,3,4,L3Neighbor,-7.00
1760469417682,1,5,,L3Serving,14.00
1760469417682,1,5,3,L3Neighbor,7.00
1760469417682,1,5,4,L3Neighbor,4.00
1760469417682,6,5,,L3Serving,8.00
1760469417682,6,5,4,L3Neighbor,-1.00
1760469417682,6,5,3,L3Neighbor,-1.00
1760469417682,3,5,,L3Serving,42.00
1760469417682,3,5,3,L3Neighbor,11.00
1760469417682,3,5,4,L3Neighbor,7.00
1760469417682,4,5,,L3Serving,6.00
1760469417682,4,5,2,L3Neighbor,12.00
1760469417682,4,5,3,L3Neighbor,3.00
1760469417682,2,5,,L3Serving,-5.00
1760469417682,2,5,4,L3Neighbor,10.00
1760469417682,2,5,2,L3Neighbor,0.00
1760469417682,8,5,,L3Serving,6.00
1760469417682,8,5,2,L3Neighbor,15.00
1760469417682,8,5,4,L3Neighbor,14.00
1760469417881,10,4,,L3Serving,18.00
1760469417881,10,4,5,L3Neighbor,15.00
1760469417881,10,4,2,L3Neighbor,9.00
1760469417881,7,4,,L3Serving,28.00
1760469417881,7,4,3,L3Neighbor,0.00
1760469417881,7,4,2,L3Neighbor,-1.00
1760469417881,9,4,,L3Serving,16.00
1760469417881,9,4,2,L3Neighbor,27.00
1760469417881,9,4,3,L3Neighbor,14.00
1760469418012,5,3,,L3Serving,12.00
1760469418012,5,3,2,L3Neighbor,1.00
1760469418012,5,3,5,L3Neighbor,0.00
1760469436231,8,5,,L3Serving,5.00
1760469436231,8,5,2,L3Neighbor,16.00
1760469436231,8,5,4,L3Neighbor,15.00
1760469436231,2,5,,L3Serving,-4.00
1760469436231,2,5,4,L3Neighbor,11.00
1760469436231,2,5,2,L3Neighbor,0.00
1760469436231,1,5,,L3Serving,13.00
1760469436231,1,5,3,L3Neighbor,5.00
1760469436231,1,5,4,L3Neighbor,3.00
1760469436231,4,5,,L3Serving,9.00
1760469436231,4,5,2,L3Neighbor,10.00
1760469436231,4,5,4,L3Neighbor,4.00
1760469436231,3,5,,L3Serving,43.00
1760469436231,3,5,4,L3Neighbor,6.00
1760469436231,3,5,3,L3Neighbor,6.00
1760469436231,6,5,,L3Serving,8.00
1760469436231,6,5,4,L3Neighbor,3.00
1760469436231,6,5,3,L3Neighbor,1.00
1760469436504,7,4,,L3Serving,28.00
1760469436504,7,4,3,L3Neighbor,0.00
1760469436504,7,4,5,L3Neighbor,-2.00
1760469436504,9,4,,L3Serving,15.00
1760469436504,9,4,2,L3Neighbor,25.00
1760469436504,9,4,3,L3Neighbor,10.00
1760469436504,10,4,,L3Serving,18.00
1760469436504,10,4,5,L3Neighbor,13.00
1760469436504,10,4,2,L3Neighbor,9.00
1760469436681,5,3,,L3Serving,12.00
1760469436681,5,3,2,L3Neighbor,2.00
1760469436681,5,3,5,L3Neighbor,2.00
1760469457078,8,5,,L3Serving,9.00
1760469457078,8,5,4,L3Neighbor,20.00
1760469457078,8,5,2,L3Neighbor,15.00
1760469457078,4,5,,L3Serving,9.00
1760469457078,4,5,4,L3Neighbor,19.00
1760469457078,4,5,2,L3Neighbor,14.00
1760469457078,3,5,,L3Serving,29.00
1760469457078,3,5,3,L3Neighbor,5.00
1760469457078,3,5,2,L3Neighbor,4.00
1760469457078,1,5,,L3Serving,38.00
1760469457078,1,5,3,L3Neighbor,4.00
1760469457078,1,5,4,L3Neighbor,2.00
1760469457078,6,5,,L3Serving,7.00
1760469457078,6,5,3,L3Neighbor,0.00
1760469457078,6,5,2,L3Neighbor,-1.00
1760469457078,2,5,,L3Serving,-6.00
1760469457078,2,5,4,L3Neighbor,14.00
1760469457078,2,5,2,L3Neighbor,-3.00
1760469457289,9,4,,L3Serving,14.00
1760469457289,9,4,3,L3Neighbor,17.00
1760469457289,9,4,2,L3Neighbor,13.00
1760469457289,10,4,,L3Serving,15.00
1760469457289,10,4,5,L3Neighbor,13.00
1760469457289,10,4,2,L3Neighbor,11.00
1760469457289,7,4,,L3Serving,40.00
1760469457289,7,4,3,L3Neighbor,-2.00
1760469457289,7,4,2,L3Neighbor,-4.00
1760469457452,5,3,,L3Serving,15.00
1760469457452,5,3,2,L3Neighbor,2.00
1760469457452,5,3,5,L3Neighbor,-1.00
1760469478804,3,5,,L3Serving,29.00
1760469478804,3,5,3,L3Neighbor,6.00
1760469478804,3,5,4,L3Neighbor,3.00
1760469478804,2,5,,L3Serving,-4.00
1760469478804,2,5,4,L3Neighbor,12.00
1760469478804,2,5,2,L3Neighbor,-2.00
1760469478804,6,5,,L3Serving,5.00
1760469478804,6,5,4,L3Neighbor,-2.00
1760469478804,6,5,2,L3Neighbor,-2.00
1760469478804,1,5,,L3Serving,38.00
1760469478804,1,5,3,L3Neighbor,4.00
1760469478804,1,5,4,L3Neighbor,1.00
1760469478804,8,5,,L3Serving,10.00
1760469478804,8,5,4,L3Neighbor,18.00
1760469478804,8,5,2,L3Neighbor,16.00
1760469478804,4,5,,L3Serving,10.00
1760469478804,4,5,4,L3Neighbor,19.00
1760469478804,4,5,2,L3Neighbor,14.00
1760469479154,7,4,,L3Serving,39.00
1760469479154,7,4,5,L3Neighbor,-2.00
1760469479154,7,4,3,L3Neighbor,-2.00
1760469479154,9,4,,L3Serving,14.00
1760469479154,9,4,3,L3Neighbor,19.00
1760469479154,9,4,2,L3Neighbor,14.00
1760469479154,10,4,,L3Serving,16.00
1760469479154,10,4,5,L3Neighbor,11.00
1760469479154,10,4,2,L3Neighbor,11.00
1760469479280,5,3,,L3Serving,16.00
1760469479280,5,3,2,L3Neighbor,3.00
1760469479280,5,3,5,L3Neighbor,1.00
1760469495086,4,5,,L3Serving,35.00
1760469495086,4,5,2,L3Neighbor,14.00
1760469495086,4,5,4,L3Neighbor,4.00
1760469495086,3,5,,L3Serving,31.00
1760469495086,3,5,3,L3Neighbor,10.00
1760469495086,3,5,2,L3Neighbor,4.00
1760469495086,8,5,,L3Serving,4.00
1760469495086,8,5,4,L3Neighbor,32.00
1760469495086,8,5,2,L3Neighbor,17.00
1760469495086,1,5,,L3Serving,8.00
1760469495086,1,5,3,L3Neighbor,9.00
1760469495086,1,5,4,L3Neighbor,-2.00
1760469495086,2,5,,L3Serving,2.00
1760469495086,2,5,4,L3Neighbor,11.00
1760469495086,2,5,2,L3Neighbor,2.00
1760469495086,6,5,,L3Serving,7.00
1760469495086,6,5,4,L3Neighbor,3.00
1760469495086,6,5,3,L3Neighbor,-2.00
1760469495277,7,4,,L3Serving,25.00
1760469495277,7,4,3,L3Neighbor,0.00
1760469495277,7,4,2,L3Neighbor,-1.00
1760469495277,9,4,,L3Serving,15.00
1760469495277,9,4,3,L3Neighbor,18.00
1760469495277,9,4,2,L3Neighbor,17.00
1760469495277,10,4,,L3Serving,13.00
1760469495277,10,4,2,L3Neighbor,9.00
1760469495277,10,4,5,L3Neighbor,9.00
1760469495466,5,3,,L3Serving,12.00
1760469495466,5,3,4,L3Neighbor,17.00
1760469495466,5,3,5,L3Neighbor,3.00
1760469511952,8,5,,L3Serving,7.00
1760469511952,8,5,4,L3Neighbor,27.00
1760469511952,8,5,2,L3Neighbor,18.00
1760469511952,3,5,,L3Serving,30.00
1760469511952,3,5,3,L3Neighbor,12.00
1760469511952,3,5,2,L3Neighbor,5.00
1760469511952,1,5,,L3Serving,7.00
1760469511952,1,5,3,L3Neighbor,12.00
1760469511952,1,5,4,L3Neighbor,3.00
1760469511952,4,5,,L3Serving,35.00
1760469511952,4,5,2,L3Neighbor,15.00
1760469511952,4,5,4,L3Neighbor,2.00
1760469511952,2,5,,L3Serving,1.00
1760469511952,2,5,4,L3Neighbor,12.00
1760469511952,2,5,2,L3Neighbor,0.00
1760469511952,6,5,,L3Serving,4.00
1760469511952,6,5,4,L3Neighbor,1.00
1760469511952,6,5,3,L3Neighbor,-2.00
1760469512179,10,4,,L3Serving,12.00
1760469512179,10,4,2,L3Neighbor,10.00
1760469512179,10,4,5,L3Neighbor,9.00
1760469512179,7,4,,L3Serving,25.00
1760469512179,7,4,3,L3Neighbor,1.00
1760469512179,7,4,2,L3Neighbor,-5.00
1760469512179,9,4,,L3Serving,15.00
1760469512179,9,4,3,L3Neighbor,17.00
1760469512179,9,4,2,L3Neighbor,10.00
1760469512323,5,3,,L3Serving,10.00
1760469512323,5,3,4,L3Neighbor,19.00
1760469512323,5,3,2,L3Neighbor,3.00
1760469529885,1,5,,L3Serving,7.00
1760469529885,1,5,3,L3Neighbor,12.00
1760469529885,1,5,4,L3Neighbor,0.00
1760469529885,6,5,,L3Serving,5.00
1760469529885,6,5,4,L3Neighbor,-3.00
1760469529885,6,5,3,L3Neighbor,-5.00
1760469529885,3,5,,L3Serving,22.00
1760469529885,3,5,2,L3Neighbor,38.00
1760469529885,3,5,3,L3Neighbor,9.00
1760469529885,4,5,,L3Serving,1.00
1760469529885,4,5,2,L3Neighbor,13.00
1760469529885,4,5,3,L3Neighbor,0.00
1760469529885,8,5,,L3Serving,7.00
1760469529885,8,5,2,L3Neighbor,21.00
1760469529885,8,5,4,L3Neighbor,6.00
1760469529885,2,5,,L3Serving,-3.00
1760469529885,2,5,4,L3Neighbor,9.00
1760469529885,2,5,2,L3Neighbor,-2.00
1760469530090,9,4,,L3Serving,13.00
1760469530090,9,4,2,L3Neighbor,10.00
1760469530090,9,4,5,L3Neighbor,8.00
1760469530090,10,4,,L3Serving,18.00
1760469530090,10,4,3,L3Neighbor,21.00
1760469530090,10,4,5,L3Neighbor,10.00
1760469530090,7,4,,L3Serving,25.00
1760469530090,7,4,3,L3Neighbor,5.00
1760469530090,7,4,2,L3Neighbor,1.00
1760469530261,5,3,,L3Serving,16.00
1760469530261,5,3,2,L3Neighbor,5.00
1760469530261,5,3,5,L3Neighbor,-1.00
1760469548438,4,5,,L3Serving,3.00
1760469548438,4,5,2,L3Neighbor,11.00
1760469548438,4,5,3,L3Neighbor,2.00
1760469548438,6,5,,L3Serving,5.00
1760469548438,6,5,4,L3Neighbor,-2.00
1760469548438,6,5,3,L3Neighbor,-3.00
1760469548438,2,5,,L3Serving,0.00
1760469548438,2,5,4,L3Neighbor,7.00
1760469548438,2,5,2,L3Neighbor,0.00
1760469548438,3,5,,L3Serving,23.00
1760469548438,3,5,2,L3Neighbor,39.00
1760469548438,3,5,3,L3Neighbor,10.00
1760469548438,1,5,,L3Serving,10.00
1760469548438,1,5,3,L3Neighbor,8.00
1760469548438,1,5,4,L3Neighbor,0.00
1760469548438,8,5,,L3Serving,7.00
1760469548438,8,5,2,L3Neighbor,21.00
1760469548438,8,5,4,L3Neighbor,5.00
1760469548732,9,4,,L3Serving,14.00
1760469548732,9,4,5,L3Neighbor,9.00
1760469548732,9,4,2,L3Neighbor,9.00
1760469548732,7,4,,L3Serving,25.00
1760469548732,7,4,3,L3Neighbor,3.00
1760469548732,7,4,2,L3Neighbor,1.00
1760469548732,10,4,,L3Serving,19.00
1760469548732,10,4,3,L3Neighbor,20.00
1760469548732,10,4,5,L3Neighbor,12.00
1760469548922,5,3,,L3Serving,14.00
1760469548922,5,3,2,L3Neighbor,5.00
1760469548922,5,3,5,L3Neighbor,-1.00
1760469565709,4,5,,L3Serving,0.00
1760469565709,8,5,,L3Serving,5.00
1760469565709,8,5,4,L3Neighbor,30.00
1760469565709,8,5,2,L3Neighbor,20.00
1760469565709,6,5,,L3Serving,23.00
1760469565709,6,5,4,L3Neighbor,24.00
1760469565709,6,5,3,L3Neighbor,-2.00
1760469565709,2,5,,L3Serving,-2.00
1760469565709,2,5,4,L3Neighbor,12.00
1760469565709,2,5,2,L3Neighbor,-2.00
1760469565709,1,5,,L3Serving,8.00
1760469565709,1,5,3,L3Neighbor,8.00
1760469565709,1,5,4,L3Neighbor,0.00
1760469565709,3,5,,L3Serving,24.00
1760469565709,3,5,3,L3Neighbor,17.00
1760469565709,3,5,2,L3Neighbor,11.00
1760469565916,9,4,,L3Serving,7.00
1760469565916,9,4,2,L3Neighbor,16.00
1760469565916,9,4,5,L3Neighbor,3.00
1760469565916,7,4,,L3Serving,27.00
1760469565916,7,4,2,L3Neighbor,4.00
1760469565916,7,4,3,L3Neighbor,2.00
1760469565916,10,4,,L3Serving,13.00
1760469565916,10,4,5,L3Neighbor,8.00
1760469565916,10,4,2,L3Neighbor,1.00
1760469566090,5,3,,L3Serving,16.00
1760469566090,5,3,5,L3Neighbor,4.00
1760469566090,5,3,2,L3Neighbor,-2.00
1760469583306,2,5,,L3Serving,-6.00
1760469583306,2,5,4,L3Neighbor,14.00
1760469583306,2,5,2,L3Neighbor,-2.00
1760469583306,8,5,,L3Serving,6.00
1760469583306,8,5,4,L3Neighbor,31.00
1760469583306,8,5,2,L3Neighbor,19.00
1760469583306,4,5,,L3Serving,0.00
1760469583306,1,5,,L3Serving,6.00
1760469583306,1,5,3,L3Neighbor,5.00
1760469583306,1,5,4,L3Neighbor,2.00
1760469583306,6,5,,L3Serving,22.00
1760469583306,6,5,4,L3Neighbor,24.00
1760469583306,6,5,3,L3Neighbor,-1.00
1760469583306,3,5,,L3Serving,24.00
1760469583306,3,5,3,L3Neighbor,16.00
1760469583306,3,5,2,L3Neighbor,10.00
1760469583514,10,4,,L3Serving,13.00
1760469583514,10,4,5,L3Neighbor,11.00
1760469583514,10,4,2,L3Neighbor,0.00
1760469583514,9,4,,L3Serving,8.00
1760469583514,9,4,2,L3Neighbor,15.00
1760469583514,9,4,5,L3Neighbor,1.00
1760469583514,7,4,,L3Serving,26.00
1760469583514,7,4,2,L3Neighbor,4.00
1760469583514,7,4,3,L3Neighbor,2.00
1760469583626,5,3,,L3Serving,19.00
1760469583626,5,3,5,L3Neighbor,2.00
1760469583626,5,3,2,L3Neighbor,-2.00
1760469601838,2,5,,L3Serving,-1.00
1760469601838,2,5,4,L3Neighbor,16.00
1760469601838,2,5,2,L3Neighbor,0.00
1760469601838,4,5,,L3Serving,1.00
1760469601838,4,5,2,L3Neighbor,16.00
1760469601838,4,5,3,L3Neighbor,1.00
1760469601838,8,5,,L3Serving,2.00
1760469601838,8,5,2,L3Neighbor,17.00
1760469601838,8,5,3,L3Neighbor,1.00
1760469601838,3,5,,L3Serving,24.00
1760469601838,3,5,2,L3Neighbor,41.00
1760469601838,3,5,3,L3Neighbor,11.00
1760469601838,1,5,,L3Serving,8.00
1760469601838,1,5,3,L3Neighbor,11.00
1760469601838,1,5,4,L3Neighbor,5.00
1760469601838,6,5,,L3Serving,-2.00
1760469601838,6,5,3,L3Neighbor,13.00
1760469601838,6,5,2,L3Neighbor,0.00
1760469602094,10,4,,L3Serving,13.00
1760469602094,10,4,5,L3Neighbor,12.00
1760469602094,10,4,2,L3Neighbor,6.00
1760469602094,7,4,,L3Serving,50.00
1760469602094,7,4,5,L3Neighbor,23.00
1760469602094,7,4,2,L3Neighbor,0.00
1760469602094,9,4,,L3Serving,33.00
1760469602094,9,4,2,L3Neighbor,11.00
1760469602094,9,4,5,L3Neighbor,6.00
1760469602249,5,3,,L3Serving,20.00
1760469602249,5,3,2,L3Neighbor,5.00
1760469602249,5,3,5,L3Neighbor,4.00
1760469618399,6,5,,L3Serving,0.00
1760469618399,6,5,3,L3Neighbor,12.00
1760469618399,6,5,2,L3Neighbor,0.00
1760469618399,3,5,,L3Serving,24.00
1760469618399,3,5,2,L3Neighbor,41.00
1760469618399,3,5,3,L3Neighbor,10.00
1760469618399,8,5,,L3Serving,0.00
1760469618399,8,5,2,L3Neighbor,18.00
1760469618399,8,5,3,L3Neighbor,0.00
1760469618399,1,5,,L3Serving,7.00
1760469618399,1,5,4,L3Neighbor,7.00
1760469618399,1,5,3,L3Neighbor,6.00
1760469618399,2,5,,L3Serving,0.00
1760469618399,2,5,4,L3Neighbor,15.00
1760469618399,2,5,2,L3Neighbor,-1.00
1760469618399,4,5,,L3Serving,1.00
1760469618399,4,5,2,L3Neighbor,14.00
1760469618399,4,5,3,L3Neighbor,-1.00
1760469618734,9,4,,L3Serving,31.00
1760469618734,9,4,2,L3Neighbor,14.00
1760469618734,9,4,5,L3Neighbor,8.00
1760469618734,7,4,,L3Serving,49.00
1760469618734,7,4,5,L3Neighbor,23.00
1760469618734,7,4,2,L3Neighbor,0.00
1760469618734,10,4,,L3Serving,12.00
1760469618734,10,4,5,L3Neighbor,10.00
1760469618734,10,4,2,L3Neighbor,6.00
1760469618887,5,3,,L3Serving,21.00
1760469618887,5,3,2,L3Neighbor,6.00
1760469618887,5,3,5,L3Neighbor,0.00
1760469636190,3,5,,L3Serving,24.00
1760469636190,3,5,3,L3Neighbor,29.00
1760469636190,3,5,4,L3Neighbor,3.00
1760469636190,2,5,,L3Serving,34.00
1760469636190,2,5,4,L3Neighbor,15.00
1760469636190,2,5,2,L3Neighbor,0.00
1760469636190,6,5,,L3Serving,-2.00
1760469636190,6,5,3,L3Neighbor,9.00
1760469636190,6,5,2,L3Neighbor,-3.00
1760469636190,1,5,,L3Serving,6.00
1760469636190,1,5,4,L3Neighbor,8.00
1760469636190,1,5,3,L3Neighbor,7.00
1760469636190,4,5,,L3Serving,0.00
1760469636190,4,5,2,L3Neighbor,7.00
1760469636190,4,5,4,L3Neighbor,0.00
1760469636190,8,5,,L3Serving,0.00
1760469636190,8,5,2,L3Neighbor,16.00
1760469636190,8,5,4,L3Neighbor,0.00
1760469636441,10,4,,L3Serving,13.00
1760469636441,10,4,5,L3Neighbor,7.00
1760469636441,10,4,2,L3Neighbor,2.00
1760469636441,7,4,,L3Serving,50.00
1760469636441,7,4,2,L3Neighbor,30.00
1760469636441,7,4,3,L3Neighbor,0.00
1760469636441,9,4,,L3Serving,3.00
1760469636441,9,4,2,L3Neighbor,32.00
1760469636441,9,4,5,L3Neighbor,2.00
1760469636568,5,3,,L3Serving,11.00
1760469636568,5,3,2,L3Neighbor,7.00
1760469636568,5,3,5,L3Neighbor,0.00
1760469654408,4,5,,L3Serving,2.00
1760469654408,4,5,2,L3Neighbor,8.00
1760469654408,4,5,4,L3Neighbor,-1.00
1760469654408,1,5,,L3Serving,7.00
1760469654408,1,5,4,L3Neighbor,9.00
1760469654408,1,5,3,L3Neighbor,6.00
1760469654408,8,5,,L3Serving,-1.00
1760469654408,8,5,2,L3Neighbor,19.00
1760469654408,8,5,4,L3Neighbor,0.00
1760469654408,3,5,,L3Serving,25.00
1760469654408,3,5,3,L3Neighbor,28.00
1760469654408,3,5,4,L3Neighbor,4.00
1760469654408,6,5,,L3Serving,-1.00
1760469654408,6,5,3,L3Neighbor,8.00
1760469654408,6,5,2,L3Neighbor,0.00
1760469654408,2,5,,L3Serving,35.00
1760469654408,2,5,4,L3Neighbor,17.00
1760469654408,2,5,2,L3Neighbor,-1.00
1760469654645,10,4,,L3Serving,12.00
1760469654645,10,4,5,L3Neighbor,8.00
1760469654645,10,4,2,L3Neighbor,0.00
1760469654645,9,4,,L3Serving,7.00
1760469654645,9,4,2,L3Neighbor,33.00
1760469654645,9,4,5,L3Neighbor,0.00
1760469654645,7,4,,L3Serving,52.00
1760469654645,7,4,2,L3Neighbor,29.00
1760469654645,7,4,3,L3Neighbor,1.00
1760469654787,5,3,,L3Serving,9.00
1760469654787,5,3,2,L3Neighbor,4.00
1760469654787,5,3,5,L3Neighbor,-3.00
1760469671172,3,5,,L3Serving,20.00
1760469671172,3,5,3,L3Neighbor,6.00
1760469671172,3,5,4,L3Neighbor,3.00
1760469671172,2,5,,L3Serving,0.00
1760469671172,2,5,4,L3Neighbor,17.00
1760469671172,2,5,2,L3Neighbor,0.00
1760469671172,6,5,,L3Serving,-5.00
1760469671172,6,5,3,L3Neighbor,5.00
1760469671172,6,5,2,L3Neighbor,0.00
1760469671172,4,5,,L3Serving,-2.00
1760469671172,4,5,2,L3Neighbor,10.00
1760469671172,4,5,3,L3Neighbor,-1.00
1760469671172,8,5,,L3Serving,-3.00
1760469671172,1,5,,L3Serving,9.00
1760469671172,1,5,4,L3Neighbor,11.00
1760469671172,1,5,3,L3Neighbor,6.00
1760469671346,7,4,,L3Serving,24.00
1760469671346,7,4,5,L3Neighbor,16.00
1760469671346,7,4,2,L3Neighbor,11.00
1760469671346,9,4,,L3Serving,3.00
1760469671346,9,4,2,L3Neighbor,8.00
1760469671346,9,4,5,L3Neighbor,-1.00
1760469671346,10,4,,L3Serving,10.00
1760469671346,10,4,5,L3Neighbor,8.00
1760469671346,10,4,2,L3Neighbor,5.00
1760469671460,5,3,,L3Serving,8.00
1760469671460,5,3,5,L3Neighbor,25.00
1760469671460,5,3,2,L3Neighbor,8.00
1760469688555,8,5,,L3Serving,-1.00
1760469688555,8,5,2,L3Neighbor,22.00
1760469688555,8,5,4,L3Neighbor,1.00
1760469688555,6,5,,L3Serving,-2.00
1760469688555,6,5,3,L3Neighbor,8.00
1760469688555,6,5,2,L3Neighbor,0.00
1760469688555,1,5,,L3Serving,8.00
1760469688555,1,5,3,L3Neighbor,9.00
1760469688555,1,5,4,L3Neighbor,8.00
1760469688555,3,5,,L3Serving,16.00
1760469688555,3,5,3,L3Neighbor,9.00
1760469688555,3,5,4,L3Neighbor,3.00
1760469688555,4,5,,L3Serving,-3.00
1760469688555,2,5,,L3Serving,2.00
1760469688555,2,5,4,L3Neighbor,11.00
1760469688555,2,5,2,L3Neighbor,2.00
1760469688769,9,4,,L3Serving,3.00
1760469688769,9,4,2,L3Neighbor,10.00
1760469688769,9,4,5,L3Neighbor,-1.00
1760469688769,10,4,,L3Serving,9.00
1760469688769,10,4,2,L3Neighbor,8.00
1760469688769,10,4,5,L3Neighbor,8.00
1760469688769,7,4,,L3Serving,24.00
1760469688769,7,4,5,L3Neighbor,18.00
1760469688769,7,4,2,L3Neighbor,10.00
1760469688951,5,3,,L3Serving,7.00
1760469688951,5,3,5,L3Neighbor,25.00
1760469688951,5,3,2,L3Neighbor,5.00
1760469706256,1,5,,L3Serving,33.00
1760469706256,1,5,4,L3Neighbor,9.00
1760469706256,1,5,3,L3Neighbor,8.00
1760469706256,4,5,,L3Serving,-2.00
1760469706256,2,5,,L3Serving,31.00
1760469706256,2,5,4,L3Neighbor,8.00
1760469706256,2,5,2,L3Neighbor,-2.00
1760469706256,3,5,,L3Serving,18.00
1760469706256,3,5,3,L3Neighbor,10.00
1760469706256,3,5,4,L3Neighbor,5.00
1760469706256,8,5,,L3Serving,3.00
1760469706256,8,5,2,L3Neighbor,22.00
1760469706256,8,5,3,L3Neighbor,3.00
1760469706256,6,5,,L3Serving,-2.00
1760469706256,6,5,3,L3Neighbor,12.00
1760469706256,6,5,2,L3Neighbor,4.00
1760469706495,9,4,,L3Serving,7.00
1760469706495,9,4,2,L3Neighbor,10.00
1760469706495,9,4,5,L3Neighbor,7.00
1760469706495,7,4,,L3Serving,49.00
1760469706495,7,4,2,L3Neighbor,18.00
1760469706495,7,4,3,L3Neighbor,4.00
1760469706495,10,4,,L3Serving,8.00
1760469706495,10,4,2,L3Neighbor,1.00
1760469706495,10,4,5,L3Neighbor,-1.00
1760469706630,5,3,,L3Serving,13.00
1760469706630,5,3,5,L3Neighbor,-2.00
1760469706630,5,3,2,L3Neighbor,-2.00
1760469724175,2,5,,L3Serving,32.00
1760469724175,2,5,4,L3Neighbor,8.00
1760469724175,2,5,2,L3Neighbor,-4.00
1760469724175,3,5,,L3Serving,17.00
1760469724175,3,5,3,L3Neighbor,8.00
1760469724175,3,5,4,L3Neighbor,7.00
1760469724175,8,5,,L3Serving,0.00
1760469724175,8,5,2,L3Neighbor,19.00
1760469724175,8,5,3,L3Neighbor,5.00
1760469724175,4,5,,L3Serving,-2.00
1760469724175,1,5,,L3Serving,31.00
1760469724175,1,5,4,L3Neighbor,10.00
1760469724175,1,5,3,L3Neighbor,8.00
1760469724175,6,5,,L3Serving,0.00
1760469724175,6,5,3,L3Neighbor,12.00
1760469724175,6,5,2,L3Neighbor,1.00
1760469724412,9,4,,L3Serving,5.00
1760469724412,9,4,2,L3Neighbor,12.00
1760469724412,9,4,5,L3Neighbor,8.00
1760469724412,7,4,,L3Serving,49.00
1760469724412,7,4,2,L3Neighbor,21.00
1760469724412,7,4,3,L3Neighbor,2.00
1760469724412,10,4,,L3Serving,8.00
1760469724412,10,4,2,L3Neighbor,0.00
1760469724412,10,4,5,L3Neighbor,-4.00
1760469724544,5,3,,L3Serving,15.00
1760469724544,5,3,2,L3Neighbor,-1.00
1760469724544,5,3,5,L3Neighbor,-3.00
1760469741506,2,5,,L3Serving,12.00
1760469741506,2,5,4,L3Neighbor,8.00
1760469741506,2,5,2,L3Neighbor,-4.00
1760469741506,4,5,,L3Serving,0.00
1760469741506,4,5,2,L3Neighbor,14.00
1760469741506,4,5,4,L3Neighbor,-2.00
1760469741506,8,5,,L3Serving,-1.00
1760469741506,8,5,2,L3Neighbor,26.00
1760469741506,8,5,3,L3Neighbor,1.00
1760469741506,3,5,,L3Serving,13.00
1760469741506,3,5,3,L3Neighbor,7.00
1760469741506,3,5,2,L3Neighbor,4.00
1760469741506,6,5,,L3Serving,-3.00
1760469741506,6,5,3,L3Neighbor,8.00
1760469741506,6,5,2,L3Neighbor,2.00
1760469741506,1,5,,L3Serving,12.00
1760469741506,1,5,4,L3Neighbor,8.00
1760469741506,1,5,3,L3Neighbor,7.00
1760469741726,7,4,,L3Serving,51.00
1760469741726,7,4,3,L3Neighbor,32.00
1760469741726,7,4,2,L3Neighbor,20.00
1760469741726,10,4,,L3Serving,8.00
1760469741726,10,4,3,L3Neighbor,22.00
1760469741726,10,4,5,L3Neighbor,4.00
1760469741726,9,4,,L3Serving,38.00
1760469741726,9,4,2,L3Neighbor,15.00
1760469741726,9,4,5,L3Neighbor,7.00
1760469741843,5,3,,L3Serving,8.00
1760469741843,5,3,2,L3Neighbor,2.00
1760469741843,5,3,5,L3Neighbor,-1.00
1760469758882,3,5,,L3Serving,14.00
1760469758882,3,5,2,L3Neighbor,7.00
1760469758882,3,5,3,L3Neighbor,3.00
1760469758882,8,5,,L3Serving,-1.00
1760469758882,8,5,2,L3Neighbor,22.00
1760469758882,8,5,3,L3Neighbor,1.00
1760469758882,4,5,,L3Serving,0.00
1760469758882,4,5,2,L3Neighbor,13.00
1760469758882,4,5,3,L3Neighbor,-5.00
1760469758882,1,5,,L3Serving,10.00
1760469758882,1,5,3,L3Neighbor,10.00
1760469758882,1,5,4,L3Neighbor,7.00
1760469758882,2,5,,L3Serving,13.00
1760469758882,2,5,4,L3Neighbor,9.00
1760469758882,2,5,2,L3Neighbor,-4.00
1760469758882,6,5,,L3Serving,-3.00
1760469758882,6,5,3,L3Neighbor,8.00
1760469758882,6,5,2,L3Neighbor,0.00
1760469759076,9,4,,L3Serving,37.00
1760469759076,9,4,2,L3Neighbor,11.00
1760469759076,9,4,5,L3Neighbor,7.00
1760469759076,7,4,,L3Serving,51.00
1760469759076,7,4,3,L3Neighbor,32.00
1760469759076,7,4,2,L3Neighbor,19.00
1760469759076,10,4,,L3Serving,10.00
1760469759076,10,4,3,L3Neighbor,21.00
1760469759076,10,4,5,L3Neighbor,4.00
1760469759217,5,3,,L3Serving,9.00
1760469759217,5,3,2,L3Neighbor,-2.00
1760469759217,5,3,5,L3Neighbor,-5.00
1760469776561,1,5,,L3Serving,4.00
1760469776561,1,5,4,L3Neighbor,6.00
1760469776561,1,5,2,L3Neighbor,-14.00
1760469776561,6,5,,L3Serving,-8.00
1760469776561,6,5,3,L3Neighbor,8.00
1760469776561,6,5,2,L3Neighbor,1.00
1760469776561,4,5,,L3Serving,5.00
1760469776561,4,5,2,L3Neighbor,12.00
1760469776561,4,5,3,L3Neighbor,2.00
1760469776561,2,5,,L3Serving,13.00
1760469776561,2,5,4,L3Neighbor,3.00
1760469776561,2,5,2,L3Neighbor,-2.00
1760469776561,3,5,,L3Serving,12.00
1760469776561,3,5,2,L3Neighbor,8.00
1760469776561,3,5,3,L3Neighbor,6.00
1760469776561,8,5,,L3Serving,0.00
1760469776825,10,4,,L3Serving,9.00
1760469776825,10,4,5,L3Neighbor,10.00
1760469776825,10,4,2,L3Neighbor,4.00
1760469776825,7,4,,L3Serving,22.00
1760469776825,7,4,2,L3Neighbor,15.00
1760469776825,7,4,3,L3Neighbor,5.00
1760469776825,9,4,,L3Serving,4.00
1760469776825,9,4,2,L3Neighbor,18.00
1760469776825,9,4,5,L3Neighbor,6.00
1760469776950,5,3,,L3Serving,17.00
1760469776950,5,3,2,L3Neighbor,5.00
1760469776950,5,3,5,L3Neighbor,-2.00
1760469792797,4,5,,L3Serving,4.00
1760469792797,4,5,2,L3Neighbor,13.00
1760469792797,4,5,3,L3Neighbor,1.00
1760469792797,1,5,,L3Serving,4.00
1760469792797,1,5,4,L3Neighbor,8.00
1760469792797,1,5,2,L3Neighbor,-14.00
1760469792797,3,5,,L3Serving,13.00
1760469792797,3,5,2,L3Neighbor,8.00
1760469792797,3,5,3,L3Neighbor,7.00
1760469792797,6,5,,L3Serving,-7.00
1760469792797,6,5,3,L3Neighbor,8.00
1760469792797,6,5,2,L3Neighbor,4.00
1760469792797,8,5,,L3Serving,0.00
1760469792797,2,5,,L3Serving,8.00
1760469792797,2,5,4,L3Neighbor,0.00
1760469792797,2,5,2,L3Neighbor,-2.00
1760469793009,10,4,,L3Serving,11.00
1760469793009,10,4,5,L3Neighbor,12.00
1760469793009,10,4,2,L3Neighbor,6.00
1760469793009,7,4,,L3Serving,24.00
1760469793009,7,4,2,L3Neighbor,16.00
1760469793009,7,4,3,L3Neighbor,7.00
1760469793009,9,4,,L3Serving,4.00
1760469793009,9,4,2,L3Neighbor,21.00
1760469793009,9,4,5,L3Neighbor,8.00
1760469793159,5,3,,L3Serving,18.00
1760469793159,5,3,2,L3Neighbor,1.00
1760469793159,5,3,5,L3Neighbor,0.00
1760469809831,8,5,,L3Serving,-4.00
1760469809831,6,5,,L3Serving,0.00
1760469809831,6,5,3,L3Neighbor,8.00
1760469809831,6,5,2,L3Neighbor,5.00
1760469809831,4,5,,L3Serving,1.00
1760469809831,4,5,2,L3Neighbor,16.00
1760469809831,4,5,3,L3Neighbor,0.00
1760469809831,1,5,,L3Serving,9.00
1760469809831,1,5,2,L3Neighbor,32.00
1760469809831,1,5,4,L3Neighbor,7.00
1760469809831,2,5,,L3Serving,11.00
1760469809831,2,5,4,L3Neighbor,2.00
1760469809831,2,5,2,L3Neighbor,1.00
1760469809831,3,5,,L3Serving,37.00
1760469809831,3,5,4,L3Neighbor,8.00
1760469809831,3,5,3,L3Neighbor,4.00
1760469810025,10,4,,L3Serving,5.00
1760469810025,10,4,5,L3Neighbor,14.00
1760469810025,10,4,2,L3Neighbor,4.00
1760469810025,9,4,,L3Serving,4.00
1760469810025,9,4,2,L3Neighbor,15.00
1760469810025,9,4,5,L3Neighbor,10.00
1760469810025,7,4,,L3Serving,49.00
1760469810025,7,4,2,L3Neighbor,18.00
1760469810025,7,4,3,L3Neighbor,2.00
1760469810161,5,3,,L3Serving,15.00
1760469810161,5,3,2,L3Neighbor,5.00
1760469810161,5,3,5,L3Neighbor,-3.00
1760469826687,3,5,,L3Serving,38.00
1760469826687,3,5,4,L3Neighbor,7.00
1760469826687,3,5,3,L3Neighbor,5.00
1760469826687,2,5,,L3Serving,7.00
1760469826687,2,5,4,L3Neighbor,5.00
1760469826687,2,5,2,L3Neighbor,0.00
1760469826687,8,5,,L3Serving,-4.00
1760469826687,1,5,,L3Serving,10.00
1760469826687,1,5,2,L3Neighbor,31.00
1760469826687,1,5,4,L3Neighbor,5.00
1760469826687,6,5,,L3Serving,0.00
1760469826687,6,5,3,L3Neighbor,10.00
1760469826687,6,5,2,L3Neighbor,8.00
1760469826687,4,5,,L3Serving,1.00
1760469826687,4,5,2,L3Neighbor,17.00
1760469826687,4,5,3,L3Neighbor,-3.00
1760469826877,9,4,,L3Serving,3.00
1760469826877,9,4,2,L3Neighbor,16.00
1760469826877,9,4,5,L3Neighbor,5.00
1760469826877,7,4,,L3Serving,50.00
1760469826877,7,4,2,L3Neighbor,18.00
1760469826877,7,4,3,L3Neighbor,5.00
1760469826877,10,4,,L3Serving,7.00
1760469826877,10,4,5,L3Neighbor,10.00
1760469826877,10,4,2,L3Neighbor,6.00
1760469826998,5,3,,L3Serving,14.00
1760469826998,5,3,2,L3Neighbor,3.00
1760469826998,5,3,5,L3Neighbor,0.00
1760469843102,1,5,,L3Serving,39.00
1760469843102,1,5,4,L3Neighbor,5.00
1760469843102,1,5,2,L3Neighbor,1.00
1760469843102,6,5,,L3Serving,-4.00
1760469843102,2,5,,L3Serving,16.00
1760469843102,2,5,4,L3Neighbor,6.00
1760469843102,2,5,2,L3Neighbor,4.00
1760469843102,8,5,,L3Serving,2.00
1760469843102,8,5,2,L3Neighbor,18.00
1760469843102,8,5,4,L3Neighbor,17.00
1760469843102,3,5,,L3Serving,26.00
1760469843102,3,5,4,L3Neighbor,10.00
1760469843102,3,5,2,L3Neighbor,2.00
1760469843102,4,5,,L3Serving,35.00
1760469843102,4,5,2,L3Neighbor,11.00
1760469843102,4,5,3,L3Neighbor,-2.00
1760469843331,10,4,,L3Serving,11.00
1760469843331,10,4,5,L3Neighbor,8.00
1760469843331,10,4,2,L3Neighbor,4.00
1760469843331,9,4,,L3Serving,3.00
1760469843331,9,4,2,L3Neighbor,9.00
1760469843331,9,4,5,L3Neighbor,7.00
1760469843331,7,4,,L3Serving,50.00
1760469843331,7,4,2,L3Neighbor,20.00
1760469843331,7,4,3,L3Neighbor,6.00
1760469843435,5,3,,L3Serving,10.00
1760469843435,5,3,5,L3Neighbor,0.00
1760469843435,5,3,2,L3Neighbor,-1.00
1760469859128,1,5,,L3Serving,39.00
1760469859128,1,5,4,L3Neighbor,4.00
1760469859128,1,5,2,L3Neighbor,1.00
1760469859128,3,5,,L3Serving,25.00
1760469859128,3,5,4,L3Neighbor,9.00
1760469859128,3,5,2,L3Neighbor,3.00
1760469859128,8,5,,L3Serving,1.00
1760469859128,8,5,2,L3Neighbor,18.00
1760469859128,8,5,4,L3Neighbor,17.00
1760469859128,4,5,,L3Serving,34.00
1760469859128,4,5,2,L3Neighbor,8.00
1760469859128,4,5,3,L3Neighbor,-3.00
1760469859128,2,5,,L3Serving,14.00
1760469859128,2,5,4,L3Neighbor,4.00
1760469859128,2,5,2,L3Neighbor,2.00
1760469859128,6,5,,L3Serving,-5.00
1760469859128,6,5,2,L3Neighbor,4.00
1760469859128,6,5,3,L3Neighbor,1.00
1760469859439,10,4,,L3Serving,12.00
1760469859439,10,4,5,L3Neighbor,9.00
1760469859439,10,4,2,L3Neighbor,3.00
1760469859439,7,4,,L3Serving,50.00
1760469859439,7,4,2,L3Neighbor,19.00
1760469859439,7,4,3,L3Neighbor,6.00
1760469859439,9,4,,L3Serving,1.00
1760469859439,9,4,5,L3Neighbor,9.00
1760469859439,9,4,2,L3Neighbor,8.00
1760469859561,5,3,,L3Serving,7.00
1760469859561,5,3,5,L3Neighbor,3.00
1760469859561,5,3,2,L3Neighbor,-4.00
1760469875540,2,5,,L3Serving,0.00
1760469875540,2,5,2,L3Neighbor,5.00
1760469875540,2,5,4,L3Neighbor,1.00
1760469875540,6,5,,L3Serving,-7.00
1760469875540,6,5,2,L3Neighbor,9.00
1760469875540,6,5,3,L3Neighbor,5.00
1760469875540,1,5,,L3Serving,23.00
1760469875540,1,5,4,L3Neighbor,5.00
1760469875540,1,5,2,L3Neighbor,2.00
1760469875540,4,5,,L3Serving,28.00
1760469875540,4,5,2,L3Neighbor,11.00
1760469875540,4,5,3,L3Neighbor,-4.00
1760469875540,3,5,,L3Serving,23.00
1760469875540,3,5,4,L3Neighbor,5.00
1760469875540,3,5,2,L3Neighbor,4.00
1760469875540,8,5,,L3Serving,8.00
1760469875540,8,5,4,L3Neighbor,37.00
1760469875540,8,5,2,L3Neighbor,23.00
1760469875771,7,4,,L3Serving,49.00
1760469875771,7,4,2,L3Neighbor,14.00
1760469875771,7,4,3,L3Neighbor,8.00
1760469875771,10,4,,L3Serving,14.00
1760469875771,10,4,2,L3Neighbor,6.00
1760469875771,10,4,5,L3Neighbor,4.00
1760469875771,9,4,,L3Serving,1.00
1760469875771,9,4,2,L3Neighbor,5.00
1760469875771,9,4,3,L3Neighbor,2.00
1760469875925,5,3,,L3Serving,7.00
1760469875925,5,3,5,L3Neighbor,4.00
1760469875925,5,3,2,L3Neighbor,0.00
1760469893782,2,5,,L3Serving,4.00
1760469893782,2,5,2,L3Neighbor,8.00
1760469893782,2,5,4,L3Neighbor,2.00
1760469893782,8,5,,L3Serving,5.00
1760469893782,8,5,4,L3Neighbor,37.00
1760469893782,8,5,2,L3Neighbor,27.00
1760469893782,1,5,,L3Serving,20.00
1760469893782,1,5,4,L3Neighbor,7.00
1760469893782,1,5,2,L3Neighbor,4.00
1760469893782,3,5,,L3Serving,24.00
1760469893782,3,5,4,L3Neighbor,5.00
1760469893782,3,5,3,L3Neighbor,5.00
1760469893782,4,5,,L3Serving,26.00
1760469893782,4,5,2,L3Neighbor,12.00
1760469893782,4,5,3,L3Neighbor,-3.00
1760469893782,6,5,,L3Serving,-8.00
1760469893782,6,5,2,L3Neighbor,8.00
1760469893782,6,5,3,L3Neighbor,4.00
1760469893956,9,4,,L3Serving,1.00
1760469893956,9,4,3,L3Neighbor,3.00
1760469893956,9,4,2,L3Neighbor,1.00
1760469893956,10,4,,L3Serving,14.00
1760469893956,10,4,5,L3Neighbor,7.00
1760469893956,10,4,2,L3Neighbor,7.00
1760469893956,7,4,,L3Serving,51.00
1760469893956,7,4,2,L3Neighbor,12.00
1760469893956,7,4,3,L3Neighbor,8.00
1760469894120,5,3,,L3Serving,6.00
1760469894120,5,3,5,L3Neighbor,5.00
1760469894120,5,3,2,L3Neighbor,2.00
1760469910533,3,5,,L3Serving,28.00
1760469910533,3,5,2,L3Neighbor,8.00
1760469910533,3,5,4,L3Neighbor,2.00
1760469910533,8,5,,L3Serving,7.00
1760469910533,8,5,4,L3Neighbor,37.00
1760469910533,8,5,2,L3Neighbor,29.00
1760469910533,1,5,,L3Serving,18.00
1760469910533,1,5,4,L3Neighbor,6.00
1760469910533,1,5,2,L3Neighbor,-2.00
1760469910533,6,5,,L3Serving,-4.00
1760469910533,6,5,2,L3Neighbor,9.00
1760469910533,6,5,3,L3Neighbor,4.00
1760469910533,4,5,,L3Serving,28.00
1760469910533,4,5,2,L3Neighbor,5.00
1760469910533,4,5,3,L3Neighbor,-6.00
1760469910533,2,5,,L3Serving,4.00
1760469910533,2,5,2,L3Neighbor,2.00
1760469910533,2,5,4,L3Neighbor,-3.00
1760469910748,9,4,,L3Serving,0.00
1760469910748,9,4,2,L3Neighbor,27.00
1760469910748,9,4,3,L3Neighbor,5.00
1760469910748,10,4,,L3Serving,13.00
1760469910748,10,4,5,L3Neighbor,10.00
1760469910748,10,4,2,L3Neighbor,5.00
1760469910748,7,4,,L3Serving,35.00
1760469910748,7,4,2,L3Neighbor,18.00
1760469910748,7,4,5,L3Neighbor,12.00
1760469910872,5,3,,L3Serving,18.00
1760469910872,5,3,5,L3Neighbor,21.00
1760469910872,5,3,2,L3Neighbor,1.00
1760469927645,6,5,,L3Serving,-7.00
1760469927645,6,5,2,L3Neighbor,10.00
1760469927645,6,5,3,L3Neighbor,2.00
1760469927645,8,5,,L3Serving,8.00
1760469927645,8,5,4,L3Neighbor,38.00
1760469927645,8,5,2,L3Neighbor,29.00
1760469927645,4,5,,L3Serving,30.00
1760469927645,4,5,2,L3Neighbor,8.00
1760469927645,4,5,3,L3Neighbor,-6.00
1760469927645,2,5,,L3Serving,3.00
1760469927645,2,5,2,L3Neighbor,0.00
1760469927645,2,5,4,L3Neighbor,-4.00
1760469927645,3,5,,L3Serving,29.00
1760469927645,3,5,2,L3Neighbor,4.00
1760469927645,3,5,4,L3Neighbor,2.00
1760469927645,1,5,,L3Serving,18.00
1760469927645,1,5,4,L3Neighbor,6.00
1760469927645,1,5,2,L3Neighbor,-7.00
1760469927826,7,4,,L3Serving,34.00
1760469927826,7,4,2,L3Neighbor,20.00
1760469927826,7,4,5,L3Neighbor,12.00
1760469927826,9,4,,L3Serving,-1.00
1760469927826,9,4,2,L3Neighbor,26.00
1760469927826,9,4,3,L3Neighbor,4.00
1760469927826,10,4,,L3Serving,13.00
1760469927826,10,4,5,L3Neighbor,9.00
1760469927826,10,4,2,L3Neighbor,5.00
1760469927935,5,3,,L3Serving,22.00
1760469927935,5,3,5,L3Neighbor,20.00
1760469927935,5,3,2,L3Neighbor,-1.00
1760469944234,3,5,,L3Serving,30.00
1760469944234,3,5,2,L3Neighbor,9.00
1760469944234,3,5,3,L3Neighbor,6.00
1760469944234,6,5,,L3Serving,-3.00
1760469944234,6,5,2,L3Neighbor,8.00
1760469944234,6,5,3,L3Neighbor,4.00
1760469944234,4,5,,L3Serving,25.00
1760469944234,4,5,2,L3Neighbor,26.00
1760469944234,4,5,3,L3Neighbor,-5.00
1760469944234,8,5,,L3Serving,7.00
1760469944234,2,5,,L3Serving,0.00
1760469944234,2,5,2,L3Neighbor,4.00
1760469944234,2,5,4,L3Neighbor,0.00
1760469944234,1,5,,L3Serving,13.00
1760469944234,1,5,4,L3Neighbor,6.00
1760469944234,1,5,2,L3Neighbor,-2.00
1760469944464,9,4,,L3Serving,0.00
1760469944464,9,4,3,L3Neighbor,3.00
1760469944464,9,4,2,L3Neighbor,-3.00
1760469944464,10,4,,L3Serving,-21.00
1760469944464,7,4,,L3Serving,33.00
1760469944464,7,4,2,L3Neighbor,18.00
1760469944464,7,4,3,L3Neighbor,11.00
1760469944656,5,3,,L3Serving,21.00
1760469944656,5,3,5,L3Neighbor,2.00
1760469944656,5,3,2,L3Neighbor,-5.00
1760469961662,8,5,,L3Serving,6.00
1760469961662,2,5,,L3Serving,3.00
1760469961662,2,5,2,L3Neighbor,6.00
1760469961662,2,5,4,L3Neighbor,0.00
1760469961662,3,5,,L3Serving,27.00
1760469961662,3,5,3,L3Neighbor,9.00
1760469961662,3,5,2,L3Neighbor,9.00
1760469961662,6,5,,L3Serving,-4.00
1760469961662,6,5,2,L3Neighbor,13.00
1760469961662,6,5,3,L3Neighbor,5.00
1760469961662,4,5,,L3Serving,26.00
1760469961662,4,5,2,L3Neighbor,27.00
1760469961662,4,5,3,L3Neighbor,-9.00
1760469961662,1,5,,L3Serving,12.00
1760469961662,1,5,4,L3Neighbor,5.00
1760469961662,1,5,2,L3Neighbor,-4.00
1760469961856,9,4,,L3Serving,0.00
1760469961856,9,4,3,L3Neighbor,5.00
1760469961856,9,4,2,L3Neighbor,-4.00
1760469961856,7,4,,L3Serving,33.00
1760469961856,7,4,2,L3Neighbor,17.00
1760469961856,7,4,3,L3Neighbor,10.00
1760469961856,10,4,,L3Serving,-20.00
1760469962002,5,3,,L3Serving,13.00
1760469962002,5,3,2,L3Neighbor,0.00
1760469962002,5,3,5,L3Neighbor,0.00
1760469978164,2,5,,L3Serving,26.00
1760469978164,2,5,2,L3Neighbor,2.00
1760469978164,2,5,4,L3Neighbor,-1.00
1760469978164,8,5,,L3Serving,8.00
1760469978164,8,5,2,L3Neighbor,22.00
1760469978164,8,5,4,L3Neighbor,18.00
1760469978164,4,5,,L3Serving,26.00
1760469978164,4,5,4,L3Neighbor,9.00
1760469978164,4,5,2,L3Neighbor,2.00
1760469978164,3,5,,L3Serving,29.00
1760469978164,3,5,3,L3Neighbor,5.00
1760469978164,3,5,2,L3Neighbor,3.00
1760469978164,1,5,,L3Serving,13.00
1760469978164,1,5,4,L3Neighbor,9.00
1760469978164,1,5,2,L3Neighbor,-6.00
1760469978164,6,5,,L3Serving,-5.00
1760469978164,6,5,2,L3Neighbor,12.00
1760469978164,6,5,3,L3Neighbor,7.00
1760469978376,7,4,,L3Serving,36.00
1760469978376,7,4,2,L3Neighbor,15.00
1760469978376,7,4,3,L3Neighbor,10.00
1760469978376,9,4,,L3Serving,0.00
1760469978376,9,4,2,L3Neighbor,33.00
1760469978376,9,4,3,L3Neighbor,3.00
1760469978376,10,4,,L3Serving,7.00
1760469978376,10,4,3,L3Neighbor,31.00
1760469978376,10,4,5,L3Neighbor,7.00
1760469978531,5,3,,L3Serving,11.00
1760469978531,5,3,2,L3Neighbor,2.00
1760469978531,5,3,5,L3Neighbor,1.00
1760469994520,8,5,,L3Serving,7.00
1760469994520,8,5,2,L3Neighbor,23.00
1760469994520,8,5,4,L3Neighbor,19.00
1760469994520,6,5,,L3Serving,-4.00
1760469994520,6,5,2,L3Neighbor,13.00
1760469994520,6,5,3,L3Neighbor,6.00
1760469994520,3,5,,L3Serving,29.00
1760469994520,3,5,3,L3Neighbor,6.00
1760469994520,3,5,2,L3Neighbor,4.00
1760469994520,2,5,,L3Serving,25.00
1760469994520,2,5,4,L3Neighbor,1.00
1760469994520,2,5,2,L3Neighbor,1.00
1760469994520,4,5,,L3Serving,26.00
1760469994520,4,5,4,L3Neighbor,10.00
1760469994520,4,5,2,L3Neighbor,6.00
1760469994520,1,5,,L3Serving,20.00
1760469994520,1,5,4,L3Neighbor,12.00
1760469994520,1,5,2,L3Neighbor,-5.00
1760469994787,7,4,,L3Serving,35.00
1760469994787,7,4,2,L3Neighbor,17.00
1760469994787,7,4,3,L3Neighbor,14.00
1760469994787,9,4,,L3Serving,1.00
1760469994787,9,4,2,L3Neighbor,34.00
1760469994787,9,4,3,L3Neighbor,4.00
1760469994787,10,4,,L3Serving,6.00
1760469994787,10,4,3,L3Neighbor,31.00
1760469994787,10,4,5,L3Neighbor,5.00
1760469994936,5,3,,L3Serving,9.00
1760469994936,5,3,5,L3Neighbor,4.00
1760469994936,5,3,2,L3Neighbor,2.00
1760470014618,8,5,,L3Serving,31.00
1760470014618,8,5,4,L3Neighbor,22.00
1760470014618,8,5,2,L3Neighbor,21.00
1760470014618,6,5,,L3Serving,-1.00
1760470014618,6,5,2,L3Neighbor,14.00
1760470014618,6,5,3,L3Neighbor,7.00
1760470014618,3,5,,L3Serving,48.00
1760470014618,3,5,2,L3Neighbor,3.00
1760470014618,3,5,4,L3Neighbor,3.00
1760470014618,2,5,,L3Serving,7.00
1760470014618,2,5,2,L3Neighbor,3.00
1760470014618,2,5,4,L3Neighbor,2.00
1760470014618,4,5,,L3Serving,30.00
1760470014618,4,5,2,L3Neighbor,11.00
1760470014618,4,5,4,L3Neighbor,-1.00
1760470014618,1,5,,L3Serving,23.00
1760470014618,1,5,4,L3Neighbor,7.00
1760470014618,1,5,2,L3Neighbor,-5.00
1760470014876,7,4,,L3Serving,38.00
1760470014876,7,4,5,L3Neighbor,30.00
1760470014876,7,4,2,L3Neighbor,16.00
1760470014876,10,4,,L3Serving,32.00
1760470014876,10,4,5,L3Neighbor,9.00
1760470014876,10,4,2,L3Neighbor,8.00
1760470014876,9,4,,L3Serving,4.00
1760470014876,9,4,2,L3Neighbor,6.00
1760470014876,9,4,3,L3Neighbor,4.00
1760470015090,5,3,,L3Serving,6.00
1760470015090,5,3,2,L3Neighbor,2.00
1760470015090,5,3,5,L3Neighbor,0.00
1760470032099,2,5,,L3Serving,5.00
1760470032099,2,5,2,L3Neighbor,2.00
1760470032099,2,5,4,L3Neighbor,2.00
1760470032099,8,5,,L3Serving,31.00
1760470032099,8,5,4,L3Neighbor,23.00
1760470032099,8,5,2,L3Neighbor,17.00
1760470032099,3,5,,L3Serving,48.00
1760470032099,3,5,3,L3Neighbor,5.00
1760470032099,3,5,2,L3Neighbor,4.00
1760470032099,6,5,,L3Serving,-5.00
1760470032099,6,5,2,L3Neighbor,17.00
1760470032099,6,5,3,L3Neighbor,5.00
1760470032099,1,5,,L3Serving,19.00
1760470032099,1,5,4,L3Neighbor,9.00
1760470032099,1,5,2,L3Neighbor,-8.00
1760470032099,4,5,,L3Serving,28.00
1760470032099,4,5,2,L3Neighbor,8.00
1760470032099,4,5,3,L3Neighbor,0.00
1760470032416,7,4,,L3Serving,34.00
1760470032416,7,4,5,L3Neighbor,30.00
1760470032416,7,4,2,L3Neighbor,16.00
1760470032416,9,4,,L3Serving,2.00
1760470032416,9,4,2,L3Neighbor,4.00
1760470032416,9,4,3,L3Neighbor,4.00
1760470032416,10,4,,L3Serving,32.00
1760470032416,10,4,5,L3Neighbor,9.00
1760470032416,10,4,2,L3Neighbor,6.00
1760470032549,5,3,,L3Serving,6.00
1760470032549,5,3,2,L3Neighbor,2.00
1760470032549,5,3,5,L3Neighbor,1.00
1760470049778,1,5,,L3Serving,21.00
1760470049778,1,5,4,L3Neighbor,11.00
1760470049778,1,5,2,L3Neighbor,-5.00
1760470049778,8,5,,L3Serving,6.00
1760470049778,8,5,2,L3Neighbor,19.00
1760470049778,8,5,4,L3Neighbor,17.00
1760470049778,3,5,,L3Serving,32.00
1760470049778,3,5,3,L3Neighbor,8.00
1760470049778,3,5,2,L3Neighbor,2.00
1760470049778,6,5,,L3Serving,-6.00
1760470049778,4,5,,L3Serving,23.00
1760470049778,4,5,4,L3Neighbor,0.00
1760470049778,4,5,3,L3Neighbor,0.00
1760470049778,2,5,,L3Serving,4.00
1760470049778,2,5,4,L3Neighbor,3.00
1760470049778,2,5,2,L3Neighbor,1.00
1760470050001,9,4,,L3Serving,1.00
1760470050001,9,4,2,L3Neighbor,3.00
1760470050001,9,4,3,L3Neighbor,1.00
1760470050001,10,4,,L3Serving,11.00
1760470050001,10,4,2,L3Neighbor,6.00
1760470050001,10,4,5,L3Neighbor,1.00
1760470050001,7,4,,L3Serving,32.00
1760470050001,7,4,2,L3Neighbor,35.00
1760470050001,7,4,3,L3Neighbor,11.00
1760470050149,5,3,,L3Serving,3.00
1760470050149,5,3,2,L3Neighbor,5.00
1760470050149,5,3,5,L3Neighbor,-3.00
1760470070539,6,5,,L3Serving,-6.00
1760470070539,2,5,,L3Serving,1.00
1760470070539,2,5,4,L3Neighbor,4.00
1760470070539,2,5,2,L3Neighbor,2.00
1760470070539,4,5,,L3Serving,21.00
1760470070539,4,5,4,L3Neighbor,1.00
1760470070539,4,5,3,L3Neighbor,-3.00
1760470070539,3,5,,L3Serving,33.00
1760470070539,3,5,3,L3Neighbor,8.00
1760470070539,3,5,4,L3Neighbor,3.00
1760470070539,8,5,,L3Serving,5.00
1760470070539,8,5,2,L3Neighbor,18.00
1760470070539,8,5,4,L3Neighbor,17.00
1760470070539,1,5,,L3Serving,20.00
1760470070539,1,5,4,L3Neighbor,11.00
1760470070539,1,5,2,L3Neighbor,-7.00
1760470070818,7,4,,L3Serving,33.00
1760470070818,7,4,2,L3Neighbor,35.00
1760470070818,7,4,3,L3Neighbor,11.00
1760470070818,10,4,,L3Serving,8.00
1760470070818,10,4,2,L3Neighbor,7.00
1760470070818,10,4,5,L3Neighbor,2.00
1760470070818,9,4,,L3Serving,2.00
1760470070818,9,4,2,L3Neighbor,10.00
1760470070818,9,4,3,L3Neighbor,2.00
1760470070980,5,3,,L3Serving,0.00
1760470070980,5,3,2,L3Neighbor,8.00
1760470070980,5,3,5,L3Neighbor,0.00
1760470090805,4,5,,L3Serving,19.00
1760470090805,4,5,2,L3Neighbor,5.00
1760470090805,4,5,4,L3Neighbor,0.00
1760470090805,2,5,,L3Serving,0.00
1760470090805,2,5,4,L3Neighbor,6.00
1760470090805,2,5,2,L3Neighbor,0.00
1760470090805,1,5,,L3Serving,17.00
1760470090805,1,5,4,L3Neighbor,10.00
1760470090805,1,5,2,L3Neighbor,-6.00
1760470090805,6,5,,L3Serving,-1.00
1760470090805,6,5,2,L3Neighbor,13.00
1760470090805,6,5,3,L3Neighbor,5.00
1760470090805,8,5,,L3Serving,4.00
1760470090805,8,5,4,L3Neighbor,19.00
1760470090805,8,5,2,L3Neighbor,14.00
1760470090805,3,5,,L3Serving,32.00
1760470090805,3,5,2,L3Neighbor,9.00
1760470090805,3,5,4,L3Neighbor,5.00
1760470091080,7,4,,L3Serving,34.00
1760470091080,7,4,2,L3Neighbor,7.00
1760470091080,7,4,3,L3Neighbor,2.00
1760470091080,10,4,,L3Serving,5.00
1760470091080,10,4,5,L3Neighbor,9.00
1760470091080,10,4,2,L3Neighbor,1.00
1760470091080,9,4,,L3Serving,3.00
1760470091080,9,4,3,L3Neighbor,6.00
1760470091080,9,4,2,L3Neighbor,3.00
1760470091233,5,3,,L3Serving,5.00
1760470091233,5,3,2,L3Neighbor,5.00
1760470091233,5,3,5,L3Neighbor,-6.00
1760470111938,2,5,,L3Serving,1.00
1760470111938,2,5,4,L3Neighbor,4.00
1760470111938,2,5,2,L3Neighbor,0.00
1760470111938,4,5,,L3Serving,23.00
1760470111938,4,5,2,L3Neighbor,9.00
1760470111938,4,5,4,L3Neighbor,0.00
1760470111938,8,5,,L3Serving,1.00
1760470111938,8,5,4,L3Neighbor,19.00
1760470111938,8,5,2,L3Neighbor,18.00
1760470111938,1,5,,L3Serving,16.00
1760470111938,1,5,4,L3Neighbor,9.00
1760470111938,1,5,2,L3Neighbor,-5.00
1760470111938,6,5,,L3Serving,-2.00
1760470111938,3,5,,L3Serving,34.00
1760470111938,3,5,2,L3Neighbor,11.00
1760470111938,3,5,4,L3Neighbor,5.00
1760470112195,10,4,,L3Serving,4.00
1760470112195,10,4,5,L3Neighbor,7.00
1760470112195,10,4,2,L3Neighbor,1.00
1760470112195,7,4,,L3Serving,33.00
1760470112195,7,4,2,L3Neighbor,7.00
1760470112195,7,4,3,L3Neighbor,3.00
1760470112195,9,4,,L3Serving,1.00
1760470112195,9,4,3,L3Neighbor,8.00
1760470112195,9,4,2,L3Neighbor,2.00
1760470112315,5,3,,L3Serving,6.00
1760470112315,5,3,2,L3Neighbor,6.00
1760470112315,5,3,5,L3Neighbor,-7.00
1760470132892,6,5,,L3Serving,-4.00
1760470132892,3,5,,L3Serving,33.00
1760470132892,3,5,2,L3Neighbor,12.00
1760470132892,3,5,3,L3Neighbor,10.00
1760470132892,1,5,,L3Serving,14.00
1760470132892,1,5,3,L3Neighbor,31.00
1760470132892,1,5,4,L3Neighbor,7.00
1760470132892,4,5,,L3Serving,37.00
1760470132892,4,5,2,L3Neighbor,22.00
1760470132892,4,5,4,L3Neighbor,-1.00
1760470132892,2,5,,L3Serving,28.00
1760470132892,2,5,4,L3Neighbor,4.00
1760470132892,2,5,2,L3Neighbor,-1.00
1760470132892,8,5,,L3Serving,1.00
1760470132892,8,5,4,L3Neighbor,23.00
1760470132892,8,5,2,L3Neighbor,21.00
1760470133122,7,4,,L3Serving,43.00
1760470133122,7,4,2,L3Neighbor,7.00
1760470133122,7,4,3,L3Neighbor,7.00
1760470133122,9,4,,L3Serving,0.00
1760470133122,9,4,3,L3Neighbor,17.00
1760470133122,9,4,2,L3Neighbor,8.00
1760470133122,10,4,,L3Serving,6.00
1760470133122,10,4,5,L3Neighbor,9.00
1760470133122,10,4,2,L3Neighbor,-1.00
1760470133327,5,3,,L3Serving,20.00
1760470133327,5,3,2,L3Neighbor,25.00
1760470133327,5,3,5,L3Neighbor,0.00
1760470153202,4,5,,L3Serving,36.00
1760470153202,4,5,2,L3Neighbor,21.00
1760470153202,4,5,4,L3Neighbor,-1.00
1760470153202,2,5,,L3Serving,24.00
1760470153202,2,5,4,L3Neighbor,6.00
1760470153202,2,5,2,L3Neighbor,-2.00
1760470153202,8,5,,L3Serving,0.00
1760470153202,8,5,4,L3Neighbor,20.00
1760470153202,8,5,2,L3Neighbor,16.00
1760470153202,3,5,,L3Serving,33.00
1760470153202,3,5,2,L3Neighbor,11.00
1760470153202,3,5,3,L3Neighbor,9.00
1760470153202,1,5,,L3Serving,16.00
1760470153202,1,5,3,L3Neighbor,31.00
1760470153202,1,5,4,L3Neighbor,9.00
1760470153202,6,5,,L3Serving,-13.00
1760470153481,10,4,,L3Serving,7.00
1760470153481,10,4,5,L3Neighbor,8.00
1760470153481,10,4,2,L3Neighbor,-1.00
1760470153481,9,4,,L3Serving,2.00
1760470153481,9,4,3,L3Neighbor,19.00
1760470153481,9,4,2,L3Neighbor,7.00
1760470153481,7,4,,L3Serving,43.00
1760470153481,7,4,2,L3Neighbor,8.00
1760470153481,7,4,3,L3Neighbor,6.00
1760470153659,5,3,,L3Serving,18.00
1760470153659,5,3,2,L3Neighbor,26.00
1760470153659,5,3,5,L3Neighbor,2.00
1760470174239,6,5,,L3Serving,-9.00
1760470174239,3,5,,L3Serving,30.00
1760470174239,3,5,3,L3Neighbor,14.00
1760470174239,3,5,2,L3Neighbor,12.00
1760470174239,2,5,,L3Serving,5.00
1760470174239,2,5,4,L3Neighbor,0.00
1760470174239,2,5,2,L3Neighbor,-2.00
1760470174239,1,5,,L3Serving,13.00
1760470174239,1,5,3,L3Neighbor,11.00
1760470174239,1,5,4,L3Neighbor,7.00
1760470174239,8,5,,L3Serving,3.00
1760470174239,8,5,2,L3Neighbor,21.00
1760470174239,8,5,4,L3Neighbor,14.00
1760470174239,4,5,,L3Serving,23.00
1760470174239,4,5,4,L3Neighbor,4.00
1760470174239,4,5,2,L3Neighbor,-5.00
1760470174475,7,4,,L3Serving,25.00
1760470174475,7,4,3,L3Neighbor,9.00
1760470174475,7,4,2,L3Neighbor,6.00
1760470174475,10,4,,L3Serving,12.00
1760470174475,10,4,5,L3Neighbor,11.00
1760470174475,10,4,3,L3Neighbor,0.00
1760470174475,9,4,,L3Serving,0.00
1760470174475,9,4,3,L3Neighbor,15.00
1760470174475,9,4,2,L3Neighbor,11.00
1760470174606,5,3,,L3Serving,2.00
1760470174606,5,3,2,L3Neighbor,0.00
1760470174606,5,3,5,L3Neighbor,0.00
1760470196203,3,5,,L3Serving,32.00
1760470196203,3,5,3,L3Neighbor,9.00
1760470196203,3,5,2,L3Neighbor,7.00
1760470196203,4,5,,L3Serving,22.00
1760470196203,4,5,4,L3Neighbor,6.00
1760470196203,4,5,3,L3Neighbor,-7.00
1760470196203,1,5,,L3Serving,14.00
1760470196203,1,5,3,L3Neighbor,15.00
1760470196203,1,5,4,L3Neighbor,10.00
1760470196203,2,5,,L3Serving,4.00
1760470196203,2,5,4,L3Neighbor,0.00
1760470196203,2,5,2,L3Neighbor,-7.00
1760470196203,8,5,,L3Serving,1.00
1760470196203,8,5,2,L3Neighbor,19.00
1760470196203,8,5,4,L3Neighbor,12.00
1760470196203,6,5,,L3Serving,-9.00
1760470196479,10,4,,L3Serving,14.00
1760470196479,10,4,5,L3Neighbor,12.00
1760470196479,10,4,3,L3Neighbor,0.00
1760470196479,9,4,,L3Serving,0.00
1760470196479,9,4,3,L3Neighbor,12.00
1760470196479,9,4,2,L3Neighbor,10.00
1760470196479,7,4,,L3Serving,25.00
1760470196479,7,4,3,L3Neighbor,9.00
1760470196479,7,4,2,L3Neighbor,3.00
1760470196642,5,3,,L3Serving,7.00
1760470196642,5,3,2,L3Neighbor,1.00
1760470196642,5,3,5,L3Neighbor,-1.00
1760470217580,2,5,,L3Serving,22.00
1760470217580,2,5,4,L3Neighbor,3.00
1760470217580,2,5,2,L3Neighbor,-3.00
1760470217580,4,5,,L3Serving,27.00
1760470217580,4,5,4,L3Neighbor,6.00
1760470217580,4,5,2,L3Neighbor,-5.00
1760470217580,6,5,,L3Serving,-3.00
1760470217580,6,5,3,L3Neighbor,9.00
1760470217580,6,5,4,L3Neighbor,5.00
1760470217580,3,5,,L3Serving,31.00
1760470217580,3,5,2,L3Neighbor,18.00
1760470217580,3,5,4,L3Neighbor,13.00
1760470217580,8,5,,L3Serving,1.00
1760470217580,8,5,4,L3Neighbor,19.00
1760470217580,8,5,2,L3Neighbor,19.00
1760470217580,1,5,,L3Serving,14.00
1760470217580,1,5,3,L3Neighbor,13.00
1760470217580,1,5,4,L3Neighbor,11.00
1760470217905,9,4,,L3Serving,5.00
1760470217905,9,4,3,L3Neighbor,12.00
1760470217905,9,4,2,L3Neighbor,11.00
1760470217905,10,4,,L3Serving,9.00
1760470217905,10,4,5,L3Neighbor,18.00
1760470217905,10,4,3,L3Neighbor,-1.00
1760470217905,7,4,,L3Serving,26.00
1760470217905,7,4,5,L3Neighbor,18.00
1760470217905,7,4,3,L3Neighbor,6.00
1760470218069,5,3,,L3Serving,2.00
1760470218069,5,3,5,L3Neighbor,1.00
1760470218069,5,3,2,L3Neighbor,-1.00
1760470239446,4,5,,L3Serving,23.00
1760470239446,4,5,4,L3Neighbor,6.00
1760470239446,4,5,2,L3Neighbor,-8.00
1760470239446,8,5,,L3Serving,2.00
1760470239446,8,5,4,L3Neighbor,20.00
1760470239446,8,5,2,L3Neighbor,20.00
1760470239446,6,5,,L3Serving,-5.00
1760470239446,3,5,,L3Serving,31.00
1760470239446,3,5,2,L3Neighbor,17.00
1760470239446,3,5,4,L3Neighbor,14.00
1760470239446,2,5,,L3Serving,23.00
1760470239446,2,5,4,L3Neighbor,1.00
1760470239446,2,5,2,L3Neighbor,-2.00
1760470239446,1,5,,L3Serving,14.00
1760470239446,1,5,4,L3Neighbor,13.00
1760470239446,1,5,3,L3Neighbor,12.00
1760470239640,7,4,,L3Serving,14.00
1760470239640,7,4,5,L3Neighbor,19.00
1760470239640,7,4,3,L3Neighbor,9.00
1760470239640,10,4,,L3Serving,10.00
1760470239640,10,4,5,L3Neighbor,17.00
1760470239640,10,4,3,L3Neighbor,1.00
1760470239640,9,4,,L3Serving,1.00
1760470239640,9,4,2,L3Neighbor,13.00
1760470239640,9,4,3,L3Neighbor,8.00
1760470239752,5,3,,L3Serving,0.00
1760470239752,5,3,5,L3Neighbor,2.00
1760470239752,5,3,2,L3Neighbor,-1.00
1760470261406,8,5,,L3Serving,4.00
1760470261406,8,5,4,L3Neighbor,21.00
1760470261406,8,5,2,L3Neighbor,19.00
1760470261406,1,5,,L3Serving,13.00
1760470261406,1,5,4,L3Neighbor,11.00
1760470261406,1,5,3,L3Neighbor,7.00
1760470261406,4,5,,L3Serving,25.00
1760470261406,4,5,4,L3Neighbor,5.00
1760470261406,4,5,2,L3Neighbor,-9.00
1760470261406,6,5,,L3Serving,27.00
1760470261406,6,5,3,L3Neighbor,8.00
1760470261406,6,5,4,L3Neighbor,5.00
1760470261406,3,5,,L3Serving,31.00
1760470261406,3,5,2,L3Neighbor,9.00
1760470261406,3,5,3,L3Neighbor,6.00
1760470261406,2,5,,L3Serving,6.00
1760470261406,2,5,4,L3Neighbor,24.00
1760470261406,2,5,2,L3Neighbor,-5.00
1760470261609,10,4,,L3Serving,16.00
1760470261609,10,4,5,L3Neighbor,15.00
1760470261609,10,4,3,L3Neighbor,1.00
1760470261609,9,4,,L3Serving,-1.00
1760470261609,9,4,3,L3Neighbor,13.00
1760470261609,9,4,2,L3Neighbor,10.00
1760470261609,7,4,,L3Serving,49.00
1760470261609,7,4,3,L3Neighbor,10.00
1760470261609,7,4,2,L3Neighbor,4.00
1760470261729,5,3,,L3Serving,-1.00
1760470261729,5,3,5,L3Neighbor,5.00
1760470261729,5,3,2,L3Neighbor,4.00
1760470281289,4,5,,L3Serving,29.00
1760470281289,4,5,4,L3Neighbor,6.00
1760470281289,4,5,2,L3Neighbor,-7.00
1760470281289,1,5,,L3Serving,11.00
1760470281289,1,5,4,L3Neighbor,14.00
1760470281289,1,5,3,L3Neighbor,5.00
1760470281289,3,5,,L3Serving,30.00
1760470281289,3,5,2,L3Neighbor,9.00
1760470281289,3,5,3,L3Neighbor,9.00
1760470281289,6,5,,L3Serving,26.00
1760470281289,6,5,3,L3Neighbor,7.00
1760470281289,6,5,4,L3Neighbor,5.00
1760470281289,2,5,,L3Serving,8.00
1760470281289,2,5,4,L3Neighbor,24.00
1760470281289,2,5,3,L3Neighbor,-2.00
1760470281289,8,5,,L3Serving,1.00
1760470281549,10,4,,L3Serving,12.00
1760470281549,10,4,5,L3Neighbor,14.00
1760470281549,10,4,3,L3Neighbor,3.00
1760470281549,9,4,,L3Serving,0.00
1760470281549,9,4,2,L3Neighbor,16.00
1760470281549,9,4,3,L3Neighbor,13.00
1760470281549,7,4,,L3Serving,48.00
1760470281549,7,4,3,L3Neighbor,11.00
1760470281549,7,4,2,L3Neighbor,9.00
1760470281695,5,3,,L3Serving,0.00
1760470281695,5,3,5,L3Neighbor,5.00
1760470281695,5,3,2,L3Neighbor,4.00
1760470302145,1,5,,L3Serving,16.00
1760470302145,1,5,4,L3Neighbor,17.00
1760470302145,1,5,3,L3Neighbor,7.00
1760470302145,3,5,,L3Serving,38.00
1760470302145,3,5,2,L3Neighbor,9.00
1760470302145,3,5,4,L3Neighbor,8.00
1760470302145,2,5,,L3Serving,9.00
1760470302145,2,5,4,L3Neighbor,5.00
1760470302145,2,5,2,L3Neighbor,-3.00
1760470302145,8,5,,L3Serving,5.00
1760470302145,8,5,4,L3Neighbor,22.00
1760470302145,8,5,2,L3Neighbor,19.00
1760470302145,6,5,,L3Serving,-4.00
1760470302145,4,5,,L3Serving,27.00
1760470302145,4,5,3,L3Neighbor,19.00
1760470302145,4,5,4,L3Neighbor,5.00
1760470302334,9,4,,L3Serving,-1.00
1760470302334,9,4,2,L3Neighbor,15.00
1760470302334,9,4,3,L3Neighbor,10.00
1760470302334,10,4,,L3Serving,14.00
1760470302334,10,4,2,L3Neighbor,32.00
1760470302334,10,4,5,L3Neighbor,10.00
1760470302334,7,4,,L3Serving,49.00
1760470302334,7,4,2,L3Neighbor,24.00
1760470302334,7,4,3,L3Neighbor,4.00
1760470302435,5,3,,L3Serving,38.00
1760470302435,5,3,5,L3Neighbor,3.00
1760470302435,5,3,2,L3Neighbor,1.00
1760470322943,8,5,,L3Serving,5.00
1760470322943,8,5,2,L3Neighbor,20.00
1760470322943,8,5,4,L3Neighbor,19.00
1760470322943,2,5,,L3Serving,9.00
1760470322943,2,5,4,L3Neighbor,4.00
1760470322943,2,5,2,L3Neighbor,-5.00
1760470322943,4,5,,L3Serving,29.00
1760470322943,4,5,3,L3Neighbor,20.00
1760470322943,4,5,4,L3Neighbor,2.00
1760470322943,6,5,,L3Serving,-9.00
1760470322943,3,5,,L3Serving,37.00
1760470322943,3,5,2,L3Neighbor,11.00
1760470322943,3,5,4,L3Neighbor,9.00
1760470322943,1,5,,L3Serving,19.00
1760470322943,1,5,4,L3Neighbor,17.00
1760470322943,1,5,3,L3Neighbor,8.00
1760470323156,7,4,,L3Serving,47.00
1760470323156,7,4,2,L3Neighbor,24.00
1760470323156,7,4,3,L3Neighbor,2.00
1760470323156,9,4,,L3Serving,-3.00
1760470323156,9,4,2,L3Neighbor,14.00
1760470323156,9,4,3,L3Neighbor,10.00
1760470323156,10,4,,L3Serving,15.00
1760470323156,10,4,2,L3Neighbor,32.00
1760470323156,10,4,5,L3Neighbor,10.00
1760470323306,5,3,,L3Serving,38.00
1760470323306,5,3,5,L3Neighbor,5.00
1760470323306,5,3,2,L3Neighbor,0.00
1760470342861,4,5,,L3Serving,26.00
1760470342861,4,5,4,L3Neighbor,6.00
1760470342861,4,5,2,L3Neighbor,-8.00
1760470342861,1,5,,L3Serving,16.00
1760470342861,1,5,4,L3Neighbor,13.00
1760470342861,1,5,3,L3Neighbor,5.00
1760470342861,3,5,,L3Serving,38.00
1760470342861,3,5,2,L3Neighbor,13.00
1760470342861,3,5,3,L3Neighbor,11.00
1760470342861,2,5,,L3Serving,7.00
1760470342861,2,5,4,L3Neighbor,1.00
1760470342861,2,5,3,L3Neighbor,-4.00
1760470342861,8,5,,L3Serving,4.00
1760470342861,8,5,2,L3Neighbor,25.00
1760470342861,8,5,4,L3Neighbor,14.00
1760470342861,6,5,,L3Serving,-4.00
1760470343100,9,4,,L3Serving,1.00
1760470343100,9,4,2,L3Neighbor,14.00
1760470343100,9,4,3,L3Neighbor,10.00
1760470343100,10,4,,L3Serving,18.00
1760470343100,10,4,2,L3Neighbor,15.00
1760470343100,10,4,5,L3Neighbor,12.00
1760470343100,7,4,,L3Serving,48.00
1760470343100,7,4,3,L3Neighbor,9.00
1760470343100,7,4,2,L3Neighbor,1.00
1760470343308,5,3,,L3Serving,17.00
1760470343308,5,3,5,L3Neighbor,5.00
1760470343308,5,3,2,L3Neighbor,1.00
1760470363498,2,5,,L3Serving,9.00
1760470363498,2,5,4,L3Neighbor,-1.00
1760470363498,2,5,3,L3Neighbor,-6.00
1760470363498,4,5,,L3Serving,29.00
1760470363498,4,5,4,L3Neighbor,9.00
1760470363498,4,5,2,L3Neighbor,-10.00
1760470363498,8,5,,L3Serving,6.00
1760470363498,8,5,2,L3Neighbor,24.00
1760470363498,8,5,4,L3Neighbor,15.00
1760470363498,3,5,,L3Serving,40.00
1760470363498,3,5,2,L3Neighbor,14.00
1760470363498,3,5,3,L3Neighbor,11.00
1760470363498,1,5,,L3Serving,15.00
1760470363498,1,5,4,L3Neighbor,14.00
1760470363498,1,5,3,L3Neighbor,6.00
1760470363498,6,5,,L3Serving,-1.00
1760470363819,10,4,,L3Serving,12.00
1760470363819,10,4,2,L3Neighbor,15.00
1760470363819,10,4,5,L3Neighbor,8.00
1760470363819,7,4,,L3Serving,47.00
1760470363819,7,4,3,L3Neighbor,6.00
1760470363819,7,4,2,L3Neighbor,-1.00
1760470363819,9,4,,L3Serving,2.00
1760470363819,9,4,3,L3Neighbor,16.00
1760470363819,9,4,2,L3Neighbor,13.00
1760470363988,5,3,,L3Serving,14.00
1760470363988,5,3,5,L3Neighbor,5.00
1760470363988,5,3,2,L3Neighbor,2.00
1760470384776,4,5,,L3Serving,28.00
1760470384776,4,5,4,L3Neighbor,10.00
1760470384776,4,5,2,L3Neighbor,-9.00
1760470384776,8,5,,L3Serving,1.00
1760470384776,6,5,,L3Serving,-2.00
1760470384776,1,5,,L3Serving,14.00
1760470384776,1,5,4,L3Neighbor,17.00
1760470384776,1,5,3,L3Neighbor,3.00
1760470384776,2,5,,L3Serving,14.00
1760470384776,2,5,4,L3Neighbor,3.00
1760470384776,2,5,2,L3Neighbor,-8.00
1760470384776,3,5,,L3Serving,40.00
1760470384776,3,5,2,L3Neighbor,37.00
1760470384776,3,5,4,L3Neighbor,9.00
1760470385028,10,4,,L3Serving,6.00
1760470385028,10,4,2,L3Neighbor,34.00
1760470385028,10,4,5,L3Neighbor,5.00
1760470385028,9,4,,L3Serving,-4.00
1760470385028,9,4,3,L3Neighbor,18.00
1760470385028,9,4,2,L3Neighbor,12.00
1760470385028,7,4,,L3Serving,45.00
1760470385028,7,4,3,L3Neighbor,3.00
1760470385028,7,4,2,L3Neighbor,-4.00
1760470385219,5,3,,L3Serving,17.00
1760470385219,5,3,5,L3Neighbor,8.00
1760470385219,5,3,2,L3Neighbor,1.00
1760470404859,3,5,,L3Serving,39.00
1760470404859,3,5,2,L3Neighbor,38.00
1760470404859,3,5,3,L3Neighbor,6.00
1760470404859,6,5,,L3Serving,0.00
1760470404859,2,5,,L3Serving,10.00
1760470404859,2,5,4,L3Neighbor,1.00
1760470404859,2,5,3,L3Neighbor,-3.00
1760470404859,4,5,,L3Serving,28.00
1760470404859,4,5,4,L3Neighbor,10.00
1760470404859,4,5,2,L3Neighbor,-8.00
1760470404859,8,5,,L3Serving,0.00
1760470404859,1,5,,L3Serving,9.00
1760470404859,1,5,4,L3Neighbor,17.00
1760470404859,1,5,3,L3Neighbor,4.00
1760470405087,10,4,,L3Serving,9.00
1760470405087,10,4,2,L3Neighbor,35.00
1760470405087,10,4,5,L3Neighbor,6.00
1760470405087,7,4,,L3Serving,45.00
1760470405087,7,4,3,L3Neighbor,3.00
1760470405087,7,4,2,L3Neighbor,-3.00
1760470405087,9,4,,L3Serving,-4.00
1760470405087,9,4,3,L3Neighbor,18.00
1760470405087,9,4,2,L3Neighbor,12.00
1760470405250,5,3,,L3Serving,17.00
1760470405250,5,3,5,L3Neighbor,9.00
1760470405250,5,3,2,L3Neighbor,1.00
1760470427277,1,5,,L3Serving,9.00
1760470427277,1,5,4,L3Neighbor,13.00
1760470427277,1,5,3,L3Neighbor,6.00
1760470427277,6,5,,L3Serving,0.00
1760470427277,3,5,,L3Serving,35.00
1760470427277,3,5,2,L3Neighbor,21.00
1760470427277,3,5,3,L3Neighbor,16.00
1760470427277,4,5,,L3Serving,30.00
1760470427277,4,5,4,L3Neighbor,7.00
1760470427277,4,5,2,L3Neighbor,-8.00
1760470427277,8,5,,L3Serving,0.00
1760470427277,8,5,4,L3Neighbor,20.00
1760470427277,8,5,2,L3Neighbor,17.00
1760470427277,2,5,,L3Serving,5.00
1760470427277,2,5,4,L3Neighbor,-2.00
1760470427277,2,5,3,L3Neighbor,-6.00
1760470427515,9,4,,L3Serving,-1.00
1760470427515,9,4,3,L3Neighbor,21.00
1760470427515,9,4,2,L3Neighbor,14.00
1760470427515,10,4,,L3Serving,11.00
1760470427515,10,4,5,L3Neighbor,5.00
1760470427515,10,4,3,L3Neighbor,2.00
1760470427515,7,4,,L3Serving,26.00
1760470427515,7,4,3,L3Neighbor,21.00
1760470427515,7,4,5,L3Neighbor,0.00
1760470427637,5,3,,L3Serving,15.00
1760470427637,5,3,5,L3Neighbor,7.00
1760470427637,5,3,4,L3Neighbor,-2.00
1760470448882,8,5,,L3Serving,4.00
1760470448882,8,5,4,L3Neighbor,21.00
1760470448882,8,5,2,L3Neighbor,20.00
1760470448882,1,5,,L3Serving,11.00
1760470448882,1,5,4,L3Neighbor,17.00
1760470448882,1,5,3,L3Neighbor,4.00
1760470448882,6,5,,L3Serving,0.00
1760470448882,3,5,,L3Serving,38.00
1760470448882,3,5,2,L3Neighbor,20.00
1760470448882,3,5,3,L3Neighbor,16.00
1760470448882,4,5,,L3Serving,25.00
1760470448882,4,5,4,L3Neighbor,8.00
1760470448882,4,5,2,L3Neighbor,-8.00
1760470448882,2,5,,L3Serving,8.00
1760470448882,2,5,4,L3Neighbor,0.00
1760470448882,2,5,3,L3Neighbor,-5.00
1760470449104,10,4,,L3Serving,13.00
1760470449104,10,4,5,L3Neighbor,8.00
1760470449104,10,4,3,L3Neighbor,2.00
1760470449104,9,4,,L3Serving,-2.00
1760470449104,9,4,3,L3Neighbor,19.00
1760470449104,9,4,2,L3Neighbor,14.00
1760470449104,7,4,,L3Serving,24.00
1760470449104,7,4,3,L3Neighbor,22.00
1760470449104,7,4,2,L3Neighbor,-1.00
1760470449221,5,3,,L3Serving,16.00
1760470449221,5,3,5,L3Neighbor,7.00
1760470449221,5,3,2,L3Neighbor,-4.00
1760470469098,6,5,,L3Serving,2.00
1760470469098,4,5,,L3Serving,25.00
1760470469098,4,5,4,L3Neighbor,7.00
1760470469098,4,5,2,L3Neighbor,-9.00
1760470469098,2,5,,L3Serving,3.00
1760470469098,2,5,4,L3Neighbor,1.00
1760470469098,2,5,3,L3Neighbor,-5.00
1760470469098,3,5,,L3Serving,36.00
1760470469098,3,5,4,L3Neighbor,25.00
1760470469098,3,5,2,L3Neighbor,24.00
1760470469098,8,5,,L3Serving,2.00
1760470469098,8,5,4,L3Neighbor,19.00
1760470469098,8,5,2,L3Neighbor,19.00
1760470469098,1,5,,L3Serving,9.00
1760470469098,1,5,4,L3Neighbor,14.00
1760470469098,1,5,3,L3Neighbor,6.00
1760470469297,9,4,,L3Serving,-5.00
1760470469297,9,4,3,L3Neighbor,21.00
1760470469297,9,4,2,L3Neighbor,13.00
1760470469297,10,4,,L3Serving,15.00
1760470469297,10,4,5,L3Neighbor,9.00
1760470469297,10,4,3,L3Neighbor,1.00
1760470469297,7,4,,L3Serving,47.00
1760470469297,7,4,2,L3Neighbor,2.00
1760470469297,7,4,3,L3Neighbor,-5.00
1760470469434,5,3,,L3Serving,18.00
1760470469434,5,3,5,L3Neighbor,7.00
1760470469434,5,3,2,L3Neighbor,-3.00
1760470489523,1,5,,L3Serving,10.00
1760470489523,1,5,4,L3Neighbor,12.00
1760470489523,1,5,3,L3Neighbor,7.00
1760470489523,3,5,,L3Serving,34.00
1760470489523,3,5,4,L3Neighbor,24.00
1760470489523,3,5,2,L3Neighbor,24.00
1760470489523,8,5,,L3Serving,1.00
1760470489523,8,5,4,L3Neighbor,22.00
1760470489523,8,5,2,L3Neighbor,18.00
1760470489523,2,5,,L3Serving,0.00
1760470489523,2,5,4,L3Neighbor,8.00
1760470489523,2,5,3,L3Neighbor,-5.00
1760470489523,6,5,,L3Serving,1.00
1760470489523,4,5,,L3Serving,24.00
1760470489523,4,5,4,L3Neighbor,5.00
1760470489523,4,5,2,L3Neighbor,-9.00
1760470489757,7,4,,L3Serving,47.00
1760470489757,7,4,2,L3Neighbor,1.00
1760470489757,7,4,5,L3Neighbor,-6.00
1760470489757,10,4,,L3Serving,15.00
1760470489757,10,4,5,L3Neighbor,9.00
1760470489757,10,4,3,L3Neighbor,3.00
1760470489757,9,4,,L3Serving,-5.00
1760470489757,9,4,3,L3Neighbor,22.00
1760470489757,9,4,2,L3Neighbor,17.00
1760470489984,5,3,,L3Serving,17.00
1760470489984,5,3,5,L3Neighbor,8.00
1760470489984,5,3,2,L3Neighbor,-2.00
1760470509492,4,5,,L3Serving,23.00
1760470509492,4,5,4,L3Neighbor,11.00
1760470509492,4,5,2,L3Neighbor,-7.00
1760470509492,6,5,,L3Serving,0.00
1760470509492,3,5,,L3Serving,35.00
1760470509492,3,5,4,L3Neighbor,25.00
1760470509492,3,5,3,L3Neighbor,14.00
1760470509492,8,5,,L3Serving,0.00
1760470509492,8,5,4,L3Neighbor,18.00
1760470509492,8,5,2,L3Neighbor,17.00
1760470509492,2,5,,L3Serving,1.00
1760470509492,2,5,4,L3Neighbor,8.00
1760470509492,2,5,3,L3Neighbor,-2.00
1760470509492,1,5,,L3Serving,35.00
1760470509492,1,5,4,L3Neighbor,14.00
1760470509492,1,5,3,L3Neighbor,7.00
1760470509713,7,4,,L3Serving,9.00
1760470509713,7,4,2,L3Neighbor,-4.00
1760470509713,7,4,5,L3Neighbor,-6.00
1760470509713,9,4,,L3Serving,-2.00
1760470509713,9,4,3,L3Neighbor,22.00
1760470509713,9,4,2,L3Neighbor,15.00
1760470509713,10,4,,L3Serving,13.00
1760470509713,10,4,5,L3Neighbor,9.00
1760470509713,10,4,3,L3Neighbor,5.00
1760470509873,5,3,,L3Serving,12.00
1760470509873,5,3,4,L3Neighbor,18.00
1760470509873,5,3,5,L3Neighbor,9.00
1760470530133,1,5,,L3Serving,33.00
1760470530133,1,5,4,L3Neighbor,13.00
1760470530133,1,5,3,L3Neighbor,10.00
1760470530133,3,5,,L3Serving,33.00
1760470530133,3,5,4,L3Neighbor,24.00
1760470530133,3,5,3,L3Neighbor,14.00
1760470530133,2,5,,L3Serving,1.00
1760470530133,2,5,4,L3Neighbor,6.00
1760470530133,2,5,3,L3Neighbor,1.00
1760470530133,4,5,,L3Serving,25.00
1760470530133,4,5,4,L3Neighbor,7.00
1760470530133,4,5,2,L3Neighbor,-8.00
1760470530133,6,5,,L3Serving,-1.00
1760470530133,8,5,,L3Serving,0.00
1760470530133,8,5,2,L3Neighbor,20.00
1760470530133,8,5,4,L3Neighbor,19.00
1760470530320,10,4,,L3Serving,13.00
1760470530320,10,4,5,L3Neighbor,10.00
1760470530320,10,4,3,L3Neighbor,7.00
1760470530320,7,4,,L3Serving,10.00
1760470530320,7,4,2,L3Neighbor,-4.00
1760470530320,7,4,5,L3Neighbor,-7.00
1760470530320,9,4,,L3Serving,-1.00
1760470530320,9,4,3,L3Neighbor,21.00
1760470530320,9,4,2,L3Neighbor,17.00
1760470530466,5,3,,L3Serving,9.00
1760470530466,5,3,4,L3Neighbor,19.00
1760470530466,5,3,5,L3Neighbor,9.00
1760470551839,8,5,,L3Serving,2.00
1760470551839,6,5,,L3Serving,0.00
1760470551839,3,5,,L3Serving,31.00
1760470551839,3,5,2,L3Neighbor,34.00
1760470551839,3,5,3,L3Neighbor,13.00
1760470551839,2,5,,L3Serving,6.00
1760470551839,2,5,4,L3Neighbor,16.00
1760470551839,2,5,3,L3Neighbor,0.00
1760470551839,4,5,,L3Serving,27.00
1760470551839,4,5,4,L3Neighbor,7.00
1760470551839,4,5,2,L3Neighbor,-12.00
1760470551839,1,5,,L3Serving,11.00
1760470551839,1,5,4,L3Neighbor,14.00
1760470551839,1,5,3,L3Neighbor,8.00
1760470552025,7,4,,L3Serving,13.00
1760470552025,7,4,2,L3Neighbor,35.00
1760470552025,7,4,3,L3Neighbor,-9.00
1760470552025,10,4,,L3Serving,15.00
1760470552025,10,4,5,L3Neighbor,12.00
1760470552025,10,4,3,L3Neighbor,9.00
1760470552025,9,4,,L3Serving,-2.00
1760470552025,9,4,2,L3Neighbor,21.00
1760470552025,9,4,3,L3Neighbor,19.00
1760470552152,5,3,,L3Serving,10.00
1760470552152,5,3,5,L3Neighbor,9.00
1760470552152,5,3,2,L3Neighbor,-4.00
1760470571364,4,5,,L3Serving,27.00
1760470571364,4,5,4,L3Neighbor,6.00
1760470571364,4,5,2,L3Neighbor,-9.00
1760470571364,1,5,,L3Serving,9.00
1760470571364,1,5,4,L3Neighbor,15.00
1760470571364,1,5,3,L3Neighbor,6.00
1760470571364,2,5,,L3Serving,6.00
1760470571364,2,5,4,L3Neighbor,17.00
1760470571364,2,5,2,L3Neighbor,0.00
1760470571364,3,5,,L3Serving,28.00
1760470571364,3,5,2,L3Neighbor,34.00
1760470571364,3,5,3,L3Neighbor,15.00
1760470571364,8,5,,L3Serving,2.00
1760470571364,6,5,,L3Serving,-3.00
1760470571565,7,4,,L3Serving,14.00
1760470571565,7,4,2,L3Neighbor,36.00
1760470571565,7,4,3,L3Neighbor,-9.00
1760470571565,9,4,,L3Serving,-2.00
1760470571565,9,4,2,L3Neighbor,20.00
1760470571565,9,4,3,L3Neighbor,17.00
1760470571565,10,4,,L3Serving,16.00
1760470571565,10,4,3,L3Neighbor,10.00
1760470571565,10,4,5,L3Neighbor,9.00
1760470571720,5,3,,L3Serving,9.00
1760470571720,5,3,5,L3Neighbor,8.00
1760470571720,5,3,2,L3Neighbor,-3.00
1760470591565,8,5,,L3Serving,0.00
1760470591565,1,5,,L3Serving,12.00
1760470591565,1,5,2,L3Neighbor,31.00
1760470591565,1,5,4,L3Neighbor,9.00
1760470591565,3,5,,L3Serving,34.00
1760470591565,3,5,3,L3Neighbor,16.00
1760470591565,3,5,2,L3Neighbor,12.00
1760470591565,6,5,,L3Serving,-3.00
1760470591565,4,5,,L3Serving,24.00
1760470591565,4,5,4,L3Neighbor,-1.00
1760470591565,4,5,2,L3Neighbor,-12.00
1760470591565,2,5,,L3Serving,37.00
1760470591565,2,5,2,L3Neighbor,5.00
1760470591565,2,5,4,L3Neighbor,-1.00
1760470591780,7,4,,L3Serving,42.00
1760470591780,7,4,2,L3Neighbor,1.00
1760470591780,7,4,5,L3Neighbor,-7.00
1760470591780,9,4,,L3Serving,0.00
1760470591780,9,4,3,L3Neighbor,21.00
1760470591780,9,4,2,L3Neighbor,15.00
1760470591780,10,4,,L3Serving,19.00
1760470591780,10,4,3,L3Neighbor,6.00
1760470591780,10,4,5,L3Neighbor,5.00
1760470591976,5,3,,L3Serving,10.00
1760470591976,5,3,5,L3Neighbor,4.00
1760470591976,5,3,2,L3Neighbor,-1.00
1760470613767,8,5,,L3Serving,0.00
1760470613767,4,5,,L3Serving,27.00
1760470613767,4,5,4,L3Neighbor,5.00
1760470613767,4,5,2,L3Neighbor,-10.00
1760470613767,1,5,,L3Serving,12.00
1760470613767,1,5,2,L3Neighbor,32.00
1760470613767,1,5,4,L3Neighbor,10.00
1760470613767,6,5,,L3Serving,-4.00
1760470613767,3,5,,L3Serving,33.00
1760470613767,3,5,3,L3Neighbor,15.00
1760470613767,3,5,2,L3Neighbor,12.00
1760470613767,2,5,,L3Serving,36.00
1760470613767,2,5,2,L3Neighbor,2.00
1760470613767,2,5,4,L3Neighbor,-1.00
1760470613963,10,4,,L3Serving,19.00
1760470613963,10,4,5,L3Neighbor,4.00
1760470613963,10,4,3,L3Neighbor,4.00
1760470613963,9,4,,L3Serving,-4.00
1760470613963,9,4,3,L3Neighbor,21.00
1760470613963,9,4,2,L3Neighbor,16.00
1760470613963,7,4,,L3Serving,42.00
1760470613963,7,4,2,L3Neighbor,1.00
1760470613963,7,4,5,L3Neighbor,-9.00
1760470614082,5,3,,L3Serving,9.00
1760470614082,5,3,5,L3Neighbor,4.00
1760470614082,5,3,2,L3Neighbor,-1.00
1760470635723,3,5,,L3Serving,40.00
1760470635723,3,5,2,L3Neighbor,33.00
1760470635723,3,5,3,L3Neighbor,15.00
1760470635723,8,5,,L3Serving,23.00
1760470635723,8,5,2,L3Neighbor,17.00
1760470635723,8,5,4,L3Neighbor,16.00
1760470635723,4,5,,L3Serving,41.00
1760470635723,4,5,4,L3Neighbor,0.00
1760470635723,4,5,3,L3Neighbor,-15.00
1760470635723,1,5,,L3Serving,9.00
1760470635723,1,5,3,L3Neighbor,25.00
1760470635723,1,5,4,L3Neighbor,11.00
1760470635723,6,5,,L3Serving,-4.00
1760470635723,2,5,,L3Serving,16.00
1760470635723,2,5,4,L3Neighbor,0.00
1760470635723,2,5,2,L3Neighbor,0.00
1760470635939,10,4,,L3Serving,23.00
1760470635939,10,4,5,L3Neighbor,12.00
1760470635939,10,4,3,L3Neighbor,7.00
1760470635939,9,4,,L3Serving,-1.00
1760470635939,9,4,2,L3Neighbor,19.00
1760470635939,9,4,3,L3Neighbor,17.00
1760470635939,7,4,,L3Serving,13.00
1760470635939,7,4,2,L3Neighbor,0.00
1760470635939,7,4,5,L3Neighbor,-9.00
1760470636067,5,3,,L3Serving,5.00
1760470636067,5,3,5,L3Neighbor,3.00
1760470636067,5,3,4,L3Neighbor,0.00
1760470657072,8,5,,L3Serving,23.00
1760470657072,8,5,4,L3Neighbor,19.00
1760470657072,8,5,2,L3Neighbor,16.00
1760470657072,2,5,,L3Serving,13.00
1760470657072,2,5,2,L3Neighbor,2.00
1760470657072,2,5,4,L3Neighbor,-1.00
1760470657072,1,5,,L3Serving,10.00
1760470657072,1,5,3,L3Neighbor,25.00
1760470657072,1,5,4,L3Neighbor,11.00
1760470657072,6,5,,L3Serving,0.00
1760470657072,6,5,4,L3Neighbor,4.00
1760470657072,6,5,3,L3Neighbor,1.00
1760470657072,4,5,,L3Serving,41.00
1760470657072,4,5,4,L3Neighbor,0.00
1760470657072,4,5,3,L3Neighbor,-11.00
1760470657072,3,5,,L3Serving,41.00
1760470657072,3,5,2,L3Neighbor,34.00
1760470657072,3,5,3,L3Neighbor,13.00
1760470657352,10,4,,L3Serving,23.00
1760470657352,10,4,5,L3Neighbor,13.00
1760470657352,10,4,3,L3Neighbor,4.00
1760470657352,7,4,,L3Serving,13.00
1760470657352,7,4,2,L3Neighbor,-1.00
1760470657352,7,4,3,L3Neighbor,-9.00
1760470657352,9,4,,L3Serving,-1.00
1760470657352,9,4,2,L3Neighbor,20.00
1760470657352,9,4,3,L3Neighbor,17.00
1760470657534,5,3,,L3Serving,7.00
1760470657534,5,3,5,L3Neighbor,2.00
1760470657534,5,3,2,L3Neighbor,0.00
1760470679791,3,5,,L3Serving,20.00
1760470679791,3,5,2,L3Neighbor,22.00
1760470679791,3,5,3,L3Neighbor,10.00
1760470679791,1,5,,L3Serving,12.00
1760470679791,1,5,4,L3Neighbor,11.00
1760470679791,1,5,2,L3Neighbor,4.00
1760470679791,8,5,,L3Serving,22.00
1760470679791,8,5,2,L3Neighbor,27.00
1760470679791,8,5,4,L3Neighbor,18.00
1760470679791,2,5,,L3Serving,19.00
1760470679791,2,5,2,L3Neighbor,4.00
1760470679791,2,5,4,L3Neighbor,-8.00
1760470679791,6,5,,L3Serving,2.00
1760470679791,6,5,4,L3Neighbor,9.00
1760470679791,6,5,3,L3Neighbor,1.00
1760470679791,4,5,,L3Serving,20.00
1760470679791,4,5,2,L3Neighbor,31.00
1760470679791,4,5,4,L3Neighbor,-2.00
1760470679983,7,4,,L3Serving,42.00
1760470679983,7,4,2,L3Neighbor,-1.00
1760470679983,7,4,3,L3Neighbor,-10.00
1760470679983,9,4,,L3Serving,-3.00
1760470679983,9,4,3,L3Neighbor,22.00
1760470679983,9,4,2,L3Neighbor,15.00
1760470679983,10,4,,L3Serving,21.00
1760470679983,10,4,3,L3Neighbor,9.00
1760470679983,10,4,5,L3Neighbor,9.00
1760470680132,5,3,,L3Serving,8.00
1760470680132,5,3,5,L3Neighbor,8.00
1760470680132,5,3,2,L3Neighbor,1.00
1760470699894,4,5,,L3Serving,20.00
1760470699894,4,5,2,L3Neighbor,30.00
1760470699894,4,5,4,L3Neighbor,-2.00
1760470699894,2,5,,L3Serving,21.00
1760470699894,2,5,2,L3Neighbor,2.00
1760470699894,2,5,4,L3Neighbor,-5.00
1760470699894,3,5,,L3Serving,20.00
1760470699894,3,5,2,L3Neighbor,19.00
1760470699894,3,5,3,L3Neighbor,9.00
1760470699894,8,5,,L3Serving,22.00
1760470699894,8,5,2,L3Neighbor,26.00
1760470699894,8,5,4,L3Neighbor,20.00
1760470699894,1,5,,L3Serving,14.00
1760470699894,1,5,4,L3Neighbor,12.00
1760470699894,1,5,2,L3Neighbor,6.00
1760470699894,6,5,,L3Serving,5.00
1760470699894,6,5,4,L3Neighbor,4.00
1760470699894,6,5,2,L3Neighbor,1.00
1760470700147,10,4,,L3Serving,19.00
1760470700147,10,4,5,L3Neighbor,8.00
1760470700147,10,4,3,L3Neighbor,5.00
1760470700147,7,4,,L3Serving,43.00
1760470700147,7,4,2,L3Neighbor,0.00
1760470700147,7,4,3,L3Neighbor,-10.00
1760470700147,9,4,,L3Serving,-6.00
1760470700147,9,4,3,L3Neighbor,21.00
1760470700147,9,4,2,L3Neighbor,14.00
1760470700303,5,3,,L3Serving,7.00
1760470700303,5,3,5,L3Neighbor,7.00
1760470700303,5,3,4,L3Neighbor,1.00
1760470720028,6,5,,L3Serving,6.00
1760470720028,6,5,4,L3Neighbor,5.00
1760470720028,6,5,3,L3Neighbor,4.00
1760470720028,3,5,,L3Serving,41.00
1760470720028,3,5,2,L3Neighbor,18.00
1760470720028,3,5,3,L3Neighbor,7.00
1760470720028,2,5,,L3Serving,12.00
1760470720028,2,5,2,L3Neighbor,-1.00
1760470720028,2,5,4,L3Neighbor,-9.00
1760470720028,4,5,,L3Serving,21.00
1760470720028,4,5,2,L3Neighbor,11.00
1760470720028,4,5,4,L3Neighbor,-8.00
1760470720028,1,5,,L3Serving,15.00
1760470720028,1,5,4,L3Neighbor,9.00
1760470720028,1,5,2,L3Neighbor,6.00
1760470720028,8,5,,L3Serving,19.00
1760470720028,8,5,2,L3Neighbor,42.00
1760470720028,8,5,4,L3Neighbor,16.00
1760470720239,7,4,,L3Serving,21.00
1760470720239,7,4,5,L3Neighbor,8.00
1760470720239,7,4,2,L3Neighbor,0.00
1760470720239,10,4,,L3Serving,22.00
1760470720239,10,4,2,L3Neighbor,32.00
1760470720239,10,4,5,L3Neighbor,7.00
1760470720239,9,4,,L3Serving,-5.00
1760470720239,9,4,2,L3Neighbor,18.00
1760470720239,9,4,3,L3Neighbor,14.00
1760470720381,5,3,,L3Serving,3.00
1760470720381,5,3,5,L3Neighbor,2.00
1760470720381,5,3,4,L3Neighbor,-5.00
1760470743239,2,5,,L3Serving,13.00
1760470743239,2,5,2,L3Neighbor,4.00
1760470743239,2,5,4,L3Neighbor,-7.00
1760470743239,4,5,,L3Serving,20.00
1760470743239,4,5,2,L3Neighbor,10.00
1760470743239,4,5,4,L3Neighbor,-9.00
1760470743239,8,5,,L3Serving,20.00
1760470743239,8,5,2,L3Neighbor,41.00
1760470743239,8,5,4,L3Neighbor,17.00
1760470743239,6,5,,L3Serving,7.00
1760470743239,6,5,4,L3Neighbor,8.00
1760470743239,6,5,2,L3Neighbor,3.00
1760470743239,3,5,,L3Serving,41.00
1760470743239,3,5,2,L3Neighbor,19.00
1760470743239,3,5,3,L3Neighbor,7.00
1760470743239,1,5,,L3Serving,15.00
1760470743239,1,5,4,L3Neighbor,8.00
1760470743239,1,5,2,L3Neighbor,7.00
1760470743459,9,4,,L3Serving,-4.00
1760470743459,9,4,2,L3Neighbor,20.00
1760470743459,9,4,3,L3Neighbor,13.00
1760470743459,7,4,,L3Serving,13.00
1760470743459,7,4,5,L3Neighbor,8.00
1760470743459,7,4,2,L3Neighbor,2.00
1760470743459,10,4,,L3Serving,21.00
1760470743459,10,4,2,L3Neighbor,31.00
1760470743459,10,4,5,L3Neighbor,9.00
1760470743573,5,3,,L3Serving,2.00
1760470743573,5,3,5,L3Neighbor,5.00
1760470743573,5,3,4,L3Neighbor,-4.00
1760470766594,2,5,,L3Serving,14.00
1760470766594,2,5,2,L3Neighbor,-1.00
1760470766594,2,5,4,L3Neighbor,-3.00
1760470766594,4,5,,L3Serving,22.00
1760470766594,4,5,2,L3Neighbor,9.00
1760470766594,4,5,4,L3Neighbor,-9.00
1760470766594,3,5,,L3Serving,16.00
1760470766594,3,5,3,L3Neighbor,22.00
1760470766594,3,5,2,L3Neighbor,16.00
1760470766594,6,5,,L3Serving,3.00
1760470766594,6,5,4,L3Neighbor,7.00
1760470766594,6,5,2,L3Neighbor,3.00
1760470766594,8,5,,L3Serving,21.00
1760470766594,8,5,4,L3Neighbor,15.00
1760470766594,8,5,2,L3Neighbor,14.00
1760470766594,1,5,,L3Serving,14.00
1760470766594,1,5,4,L3Neighbor,8.00
1760470766594,1,5,2,L3Neighbor,3.00
1760470766939,10,4,,L3Serving,20.00
1760470766939,10,4,3,L3Neighbor,6.00
1760470766939,10,4,5,L3Neighbor,6.00
1760470766939,9,4,,L3Serving,-5.00
1760470766939,9,4,2,L3Neighbor,18.00
1760470766939,9,4,3,L3Neighbor,16.00
1760470766939,7,4,,L3Serving,15.00
1760470766939,7,4,2,L3Neighbor,29.00
1760470766939,7,4,5,L3Neighbor,17.00
1760470767057,5,3,,L3Serving,2.00
1760470767057,5,3,5,L3Neighbor,8.00
1760470767057,5,3,4,L3Neighbor,1.00
1760470787623,3,5,,L3Serving,17.00
1760470787623,3,5,3,L3Neighbor,23.00
1760470787623,3,5,2,L3Neighbor,14.00
1760470787623,2,5,,L3Serving,12.00
1760470787623,2,5,2,L3Neighbor,2.00
1760470787623,2,5,4,L3Neighbor,-6.00
1760470787623,8,5,,L3Serving,21.00
1760470787623,8,5,4,L3Neighbor,16.00
1760470787623,8,5,2,L3Neighbor,14.00
1760470787623,6,5,,L3Serving,5.00
1760470787623,6,5,4,L3Neighbor,8.00
1760470787623,6,5,2,L3Neighbor,4.00
1760470787623,4,5,,L3Serving,22.00
1760470787623,4,5,2,L3Neighbor,6.00
1760470787623,4,5,4,L3Neighbor,-6.00
1760470787623,1,5,,L3Serving,13.00
1760470787623,1,5,4,L3Neighbor,7.00
1760470787623,1,5,2,L3Neighbor,5.00
1760470787844,9,4,,L3Serving,-4.00
1760470787844,9,4,2,L3Neighbor,18.00
1760470787844,9,4,3,L3Neighbor,18.00
1760470787844,7,4,,L3Serving,14.00
1760470787844,7,4,2,L3Neighbor,31.00
1760470787844,7,4,5,L3Neighbor,16.00
1760470787844,10,4,,L3Serving,21.00
1760470787844,10,4,3,L3Neighbor,7.00
1760470787844,10,4,5,L3Neighbor,7.00
1760470787981,5,3,,L3Serving,2.00
1760470787981,5,3,5,L3Neighbor,8.00
1760470787981,5,3,4,L3Neighbor,0.00
1760470808618,8,5,,L3Serving,39.00
1760470808618,8,5,4,L3Neighbor,19.00
1760470808618,8,5,2,L3Neighbor,12.00
1760470808618,6,5,,L3Serving,6.00
1760470808618,6,5,4,L3Neighbor,10.00
1760470808618,6,5,2,L3Neighbor,5.00
1760470808618,3,5,,L3Serving,17.00
1760470808618,3,5,2,L3Neighbor,34.00
1760470808618,3,5,3,L3Neighbor,2.00
1760470808618,1,5,,L3Serving,12.00
1760470808618,1,5,2,L3Neighbor,9.00
1760470808618,1,5,4,L3Neighbor,9.00
1760470808618,4,5,,L3Serving,19.00
1760470808618,4,5,2,L3Neighbor,7.00
1760470808618,4,5,4,L3Neighbor,-9.00
1760470808618,2,5,,L3Serving,21.00
1760470808618,2,5,2,L3Neighbor,2.00
1760470808618,2,5,4,L3Neighbor,-5.00
1760470808826,9,4,,L3Serving,-1.00
1760470808826,9,4,3,L3Neighbor,18.00
1760470808826,9,4,2,L3Neighbor,17.00
1760470808826,10,4,,L3Serving,22.00
1760470808826,10,4,5,L3Neighbor,11.00
1760470808826,10,4,3,L3Neighbor,8.00
1760470808826,7,4,,L3Serving,13.00
1760470808826,7,4,2,L3Neighbor,7.00
1760470808826,7,4,3,L3Neighbor,-4.00
1760470809008,5,3,,L3Serving,0.00
1760470809008,5,3,5,L3Neighbor,6.00
1760470809008,5,3,2,L3Neighbor,-1.00
1760470830736,8,5,,L3Serving,38.00
1760470830736,8,5,4,L3Neighbor,21.00
1760470830736,8,5,2,L3Neighbor,13.00
1760470830736,2,5,,L3Serving,22.00
1760470830736,2,5,4,L3Neighbor,-2.00
1760470830736,2,5,2,L3Neighbor,-2.00
1760470830736,3,5,,L3Serving,17.00
1760470830736,3,5,2,L3Neighbor,33.00
1760470830736,3,5,3,L3Neighbor,4.00
1760470830736,1,5,,L3Serving,11.00
1760470830736,1,5,4,L3Neighbor,10.00
1760470830736,1,5,2,L3Neighbor,7.00
1760470830736,6,5,,L3Serving,7.00
1760470830736,6,5,4,L3Neighbor,11.00
1760470830736,6,5,2,L3Neighbor,5.00
1760470830736,4,5,,L3Serving,18.00
1760470830736,4,5,2,L3Neighbor,8.00
1760470830736,4,5,4,L3Neighbor,-4.00
1760470830940,10,4,,L3Serving,23.00
1760470830940,10,4,5,L3Neighbor,11.00
1760470830940,10,4,3,L3Neighbor,9.00
1760470830940,9,4,,L3Serving,0.00
1760470830940,9,4,3,L3Neighbor,21.00
1760470830940,9,4,2,L3Neighbor,19.00
1760470830940,7,4,,L3Serving,15.00
1760470830940,7,4,2,L3Neighbor,5.00
1760470830940,7,4,5,L3Neighbor,-2.00
1760470831048,5,3,,L3Serving,-3.00
1760470850682,4,5,,L3Serving,17.00
1760470850682,4,5,2,L3Neighbor,4.00
1760470850682,4,5,4,L3Neighbor,-6.00
1760470850682,6,5,,L3Serving,4.00
1760470850682,6,5,4,L3Neighbor,10.00
1760470850682,6,5,2,L3Neighbor,6.00
1760470850682,3,5,,L3Serving,18.00
1760470850682,3,5,2,L3Neighbor,13.00
1760470850682,3,5,3,L3Neighbor,8.00
1760470850682,1,5,,L3Serving,15.00
1760470850682,1,5,4,L3Neighbor,12.00
1760470850682,1,5,2,L3Neighbor,2.00
1760470850682,2,5,,L3Serving,8.00
1760470850682,2,5,4,L3Neighbor,-4.00
1760470850682,2,5,2,L3Neighbor,-5.00
1760470850682,8,5,,L3Serving,14.00
1760470850682,8,5,4,L3Neighbor,24.00
1760470850682,8,5,2,L3Neighbor,7.00
1760470850900,10,4,,L3Serving,21.00
1760470850900,10,4,3,L3Neighbor,10.00
1760470850900,10,4,5,L3Neighbor,8.00
1760470850900,9,4,,L3Serving,38.00
1760470850900,9,4,3,L3Neighbor,19.00
1760470850900,9,4,2,L3Neighbor,18.00
1760470850900,7,4,,L3Serving,20.00
1760470850900,7,4,2,L3Neighbor,7.00
1760470850900,7,4,5,L3Neighbor,-4.00
1760470851040,5,3,,L3Serving,0.00
1760470851040,5,3,5,L3Neighbor,8.00
1760470851040,5,3,4,L3Neighbor,-3.00
1760470869447,4,5,,L3Serving,21.00
1760470869447,4,5,2,L3Neighbor,4.00
1760470869447,4,5,4,L3Neighbor,-7.00
1760470869447,8,5,,L3Serving,9.00
1760470869447,8,5,4,L3Neighbor,23.00
1760470869447,8,5,2,L3Neighbor,9.00
1760470869447,6,5,,L3Serving,5.00
1760470869447,6,5,4,L3Neighbor,7.00
1760470869447,6,5,2,L3Neighbor,3.00
1760470869447,3,5,,L3Serving,16.00
1760470869447,3,5,2,L3Neighbor,15.00
1760470869447,3,5,3,L3Neighbor,6.00
1760470869447,1,5,,L3Serving,12.00
1760470869447,1,5,4,L3Neighbor,12.00
1760470869447,1,5,2,L3Neighbor,4.00
1760470869447,2,5,,L3Serving,7.00
1760470869447,2,5,4,L3Neighbor,-3.00
1760470869447,2,5,2,L3Neighbor,-4.00
1760470869648,7,4,,L3Serving,20.00
1760470869648,7,4,2,L3Neighbor,7.00
1760470869648,7,4,5,L3Neighbor,-4.00
1760470869648,9,4,,L3Serving,37.00
1760470869648,9,4,3,L3Neighbor,20.00
1760470869648,9,4,2,L3Neighbor,19.00
1760470869648,10,4,,L3Serving,22.00
1760470869648,10,4,3,L3Neighbor,11.00
1760470869648,10,4,5,L3Neighbor,9.00
1760470869768,5,3,,L3Serving,0.00
1760470869768,5,3,5,L3Neighbor,10.00
1760470869768,5,3,4,L3Neighbor,-3.00
1760470890815,4,5,,L3Serving,21.00
1760470890815,4,5,2,L3Neighbor,32.00
1760470890815,4,5,4,L3Neighbor,-9.00
1760470890815,6,5,,L3Serving,4.00
1760470890815,6,5,4,L3Neighbor,3.00
1760470890815,6,5,2,L3Neighbor,0.00
1760470890815,2,5,,L3Serving,7.00
1760470890815,2,5,4,L3Neighbor,-2.00
1760470890815,2,5,2,L3Neighbor,-4.00
1760470890815,3,5,,L3Serving,15.00
1760470890815,3,5,2,L3Neighbor,12.00
1760470890815,3,5,3,L3Neighbor,6.00
1760470890815,8,5,,L3Serving,8.00
1760470890815,8,5,4,L3Neighbor,19.00
1760470890815,8,5,2,L3Neighbor,14.00
1760470890815,1,5,,L3Serving,13.00
1760470890815,1,5,2,L3Neighbor,8.00
1760470890815,1,5,4,L3Neighbor,8.00
1760470891048,9,4,,L3Serving,11.00
1760470891048,9,4,2,L3Neighbor,28.00
1760470891048,9,4,3,L3Neighbor,20.00
1760470891048,7,4,,L3Serving,40.00
1760470891048,7,4,2,L3Neighbor,4.00
1760470891048,7,4,5,L3Neighbor,-4.00
1760470891048,10,4,,L3Serving,21.00
1760470891048,10,4,3,L3Neighbor,14.00
1760470891048,10,4,5,L3Neighbor,7.00
1760470891185,5,3,,L3Serving,4.00
1760470891185,5,3,5,L3Neighbor,9.00
1760470891185,5,3,4,L3Neighbor,1.00
1760470912552,1,5,,L3Serving,12.00
1760470912552,1,5,4,L3Neighbor,9.00
1760470912552,1,5,2,L3Neighbor,8.00
1760470912552,8,5,,L3Serving,8.00
1760470912552,8,5,4,L3Neighbor,17.00
1760470912552,8,5,2,L3Neighbor,14.00
1760470912552,3,5,,L3Serving,17.00
1760470912552,3,5,2,L3Neighbor,14.00
1760470912552,3,5,3,L3Neighbor,10.00
1760470912552,4,5,,L3Serving,16.00
1760470912552,4,5,2,L3Neighbor,31.00
1760470912552,4,5,4,L3Neighbor,-9.00
1760470912552,6,5,,L3Serving,4.00
1760470912552,6,5,4,L3Neighbor,4.00
1760470912552,6,5,3,L3Neighbor,3.00
1760470912552,2,5,,L3Serving,9.00
1760470912552,2,5,4,L3Neighbor,-3.00
1760470912552,2,5,2,L3Neighbor,-4.00
1760470912744,9,4,,L3Serving,8.00
1760470912744,9,4,2,L3Neighbor,29.00
1760470912744,9,4,3,L3Neighbor,20.00
1760470912744,7,4,,L3Serving,40.00
1760470912744,7,4,2,L3Neighbor,4.00
1760470912744,7,4,5,L3Neighbor,-1.00
1760470912744,10,4,,L3Serving,18.00
1760470912744,10,4,3,L3Neighbor,12.00
1760470912744,10,4,5,L3Neighbor,8.00
1760470912894,5,3,,L3Serving,1.00
1760470912894,5,3,5,L3Neighbor,8.00
1760470912894,5,3,4,L3Neighbor,0.00
1760470932705,1,5,,L3Serving,13.00
1760470932705,1,5,4,L3Neighbor,8.00
1760470932705,1,5,2,L3Neighbor,4.00
1760470932705,2,5,,L3Serving,7.00
1760470932705,2,5,2,L3Neighbor,0.00
1760470932705,2,5,4,L3Neighbor,-3.00
1760470932705,6,5,,L3Serving,6.00
1760470932705,6,5,4,L3Neighbor,5.00
1760470932705,6,5,2,L3Neighbor,3.00
1760470932705,3,5,,L3Serving,47.00
1760470932705,3,5,2,L3Neighbor,16.00
1760470932705,3,5,3,L3Neighbor,8.00
1760470932705,4,5,,L3Serving,16.00
1760470932705,4,5,4,L3Neighbor,-3.00
1760470932705,4,5,2,L3Neighbor,-9.00
1760470932705,8,5,,L3Serving,10.00
1760470932705,8,5,4,L3Neighbor,22.00
1760470932705,8,5,2,L3Neighbor,16.00
1760470932931,7,4,,L3Serving,19.00
1760470932931,7,4,3,L3Neighbor,18.00
1760470932931,7,4,2,L3Neighbor,11.00
1760470932931,10,4,,L3Serving,17.00
1760470932931,10,4,3,L3Neighbor,13.00
1760470932931,10,4,5,L3Neighbor,5.00
1760470932931,9,4,,L3Serving,8.00
1760470932931,9,4,3,L3Neighbor,18.00
1760470932931,9,4,2,L3Neighbor,10.00
1760470933136,5,3,,L3Serving,5.00
1760470933136,5,3,5,L3Neighbor,15.00
1760470933136,5,3,4,L3Neighbor,1.00
1760470952451,3,5,,L3Serving,49.00
1760470952451,3,5,2,L3Neighbor,15.00
1760470952451,3,5,3,L3Neighbor,9.00
1760470952451,2,5,,L3Serving,5.00
1760470952451,2,5,2,L3Neighbor,0.00
1760470952451,2,5,4,L3Neighbor,-3.00
1760470952451,1,5,,L3Serving,10.00
1760470952451,1,5,4,L3Neighbor,6.00
1760470952451,1,5,2,L3Neighbor,2.00
1760470952451,4,5,,L3Serving,18.00
1760470952451,4,5,2,L3Neighbor,-7.00
1760470952451,4,5,4,L3Neighbor,-7.00
1760470952451,6,5,,L3Serving,4.00
1760470952451,6,5,4,L3Neighbor,6.00
1760470952451,6,5,2,L3Neighbor,3.00
1760470952451,8,5,,L3Serving,11.00
1760470952451,8,5,4,L3Neighbor,18.00
1760470952451,8,5,2,L3Neighbor,15.00
1760470952670,10,4,,L3Serving,20.00
1760470952670,10,4,3,L3Neighbor,12.00
1760470952670,10,4,5,L3Neighbor,4.00
1760470952670,9,4,,L3Serving,10.00
1760470952670,9,4,3,L3Neighbor,20.00
1760470952670,9,4,2,L3Neighbor,11.00
1760470952670,7,4,,L3Serving,19.00
1760470952670,7,4,3,L3Neighbor,19.00
1760470952670,7,4,2,L3Neighbor,12.00
1760470952810,5,3,,L3Serving,8.00
1760470952810,5,3,5,L3Neighbor,16.00
1760470952810,5,3,4,L3Neighbor,0.00
1760470972981,8,5,,L3Serving,5.00
1760470972981,8,5,4,L3Neighbor,15.00
1760470972981,8,5,2,L3Neighbor,10.00
1760470972981,3,5,,L3Serving,51.00
1760470972981,3,5,2,L3Neighbor,15.00
1760470972981,3,5,3,L3Neighbor,1.00
1760470972981,2,5,,L3Serving,3.00
1760470972981,2,5,2,L3Neighbor,-4.00
1760470972981,2,5,4,L3Neighbor,-6.00
1760470972981,1,5,,L3Serving,5.00
1760470972981,6,5,,L3Serving,4.00
1760470972981,6,5,4,L3Neighbor,5.00
1760470972981,6,5,2,L3Neighbor,2.00
1760470972981,4,5,,L3Serving,19.00
1760470972981,4,5,2,L3Neighbor,-3.00
1760470972981,4,5,4,L3Neighbor,-11.00
1760470973244,9,4,,L3Serving,10.00
1760470973244,9,4,3,L3Neighbor,16.00
1760470973244,9,4,2,L3Neighbor,7.00
1760470973244,7,4,,L3Serving,19.00
1760470973244,7,4,3,L3Neighbor,16.00
1760470973244,7,4,2,L3Neighbor,10.00
1760470973244,10,4,,L3Serving,20.00
1760470973244,10,4,3,L3Neighbor,10.00
1760470973244,10,4,2,L3Neighbor,8.00
1760470973408,5,3,,L3Serving,6.00
1760470973408,5,3,5,L3Neighbor,15.00
1760470973408,5,3,4,L3Neighbor,0.00
1760470992824,6,5,,L3Serving,4.00
1760470992824,6,5,2,L3Neighbor,6.00
1760470992824,6,5,4,L3Neighbor,5.00
1760470992824,2,5,,L3Serving,0.00
1760470992824,2,5,2,L3Neighbor,-3.00
1760470992824,2,5,4,L3Neighbor,-3.00
1760470992824,4,5,,L3Serving,19.00
1760470992824,4,5,2,L3Neighbor,-4.00
1760470992824,4,5,4,L3Neighbor,-6.00
1760470992824,8,5,,L3Serving,5.00
1760470992824,8,5,4,L3Neighbor,13.00
1760470992824,8,5,2,L3Neighbor,10.00
1760470992824,3,5,,L3Serving,51.00
1760470992824,3,5,2,L3Neighbor,12.00
1760470992824,3,5,3,L3Neighbor,2.00
1760470992824,1,5,,L3Serving,8.00
1760470992824,1,5,2,L3Neighbor,31.00
1760470992824,1,5,3,L3Neighbor,25.00
1760470993031,7,4,,L3Serving,18.00
1760470993031,7,4,3,L3Neighbor,20.00
1760470993031,7,4,2,L3Neighbor,9.00
1760470993031,9,4,,L3Serving,8.00
1760470993031,9,4,3,L3Neighbor,17.00
1760470993031,9,4,2,L3Neighbor,3.00
1760470993031,10,4,,L3Serving,15.00
1760470993031,10,4,3,L3Neighbor,9.00
1760470993031,10,4,5,L3Neighbor,7.00
1760470993185,5,3,,L3Serving,8.00
1760470993185,5,3,5,L3Neighbor,14.00
1760470993185,5,3,4,L3Neighbor,3.00
1760471013361,2,5,,L3Serving,0.00
1760471013361,2,5,2,L3Neighbor,1.00
1760471013361,2,5,4,L3Neighbor,-1.00
1760471013361,4,5,,L3Serving,16.00
1760471013361,4,5,2,L3Neighbor,-3.00
1760471013361,4,5,4,L3Neighbor,-10.00
1760471013361,8,5,,L3Serving,5.00
1760471013361,8,5,4,L3Neighbor,12.00
1760471013361,8,5,2,L3Neighbor,9.00
1760471013361,3,5,,L3Serving,15.00
1760471013361,3,5,3,L3Neighbor,13.00
1760471013361,3,5,2,L3Neighbor,8.00
1760471013361,1,5,,L3Serving,8.00
1760471013361,1,5,2,L3Neighbor,22.00
1760471013361,1,5,4,L3Neighbor,2.00
1760471013361,6,5,,L3Serving,5.00
1760471013361,6,5,4,L3Neighbor,7.00
1760471013361,6,5,2,L3Neighbor,4.00
1760471013548,7,4,,L3Serving,18.00
1760471013548,7,4,3,L3Neighbor,19.00
1760471013548,7,4,2,L3Neighbor,14.00
1760471013548,10,4,,L3Serving,17.00
1760471013548,10,4,5,L3Neighbor,10.00
1760471013548,10,4,3,L3Neighbor,8.00
1760471013548,9,4,,L3Serving,12.00
1760471013548,9,4,3,L3Neighbor,17.00
1760471013548,9,4,2,L3Neighbor,6.00
1760471013689,5,3,,L3Serving,20.00
1760471013689,5,3,5,L3Neighbor,13.00
1760471013689,5,3,4,L3Neighbor,-2.00
1760471035306,8,5,,L3Serving,3.00
1760471035306,8,5,4,L3Neighbor,13.00
1760471035306,8,5,2,L3Neighbor,12.00
1760471035306,6,5,,L3Serving,5.00
1760471035306,6,5,4,L3Neighbor,6.00
1760471035306,6,5,2,L3Neighbor,5.00
1760471035306,4,5,,L3Serving,13.00
1760471035306,4,5,2,L3Neighbor,-3.00
1760471035306,4,5,4,L3Neighbor,-10.00
1760471035306,1,5,,L3Serving,7.00
1760471035306,1,5,2,L3Neighbor,22.00
1760471035306,1,5,4,L3Neighbor,1.00
1760471035306,2,5,,L3Serving,0.00
1760471035306,2,5,4,L3Neighbor,0.00
1760471035306,2,5,2,L3Neighbor,-1.00
1760471035306,3,5,,L3Serving,16.00
1760471035306,3,5,3,L3Neighbor,10.00
1760471035306,3,5,2,L3Neighbor,9.00
1760471035566,9,4,,L3Serving,12.00
1760471035566,9,4,3,L3Neighbor,17.00
1760471035566,9,4,2,L3Neighbor,4.00
1760471035566,7,4,,L3Serving,19.00
1760471035566,7,4,3,L3Neighbor,20.00
1760471035566,7,4,2,L3Neighbor,13.00
1760471035566,10,4,,L3Serving,17.00
1760471035566,10,4,5,L3Neighbor,12.00
1760471035566,10,4,3,L3Neighbor,8.00
1760471035720,5,3,,L3Serving,24.00
1760471035720,5,3,5,L3Neighbor,14.00
1760471035720,5,3,4,L3Neighbor,0.00
1760471057400,8,5,,L3Serving,9.00
1760471057400,8,5,4,L3Neighbor,14.00
1760471057400,8,5,2,L3Neighbor,13.00
1760471057400,3,5,,L3Serving,37.00
1760471057400,3,5,2,L3Neighbor,32.00
1760471057400,3,5,3,L3Neighbor,10.00
1760471057400,6,5,,L3Serving,0.00
1760471057400,1,5,,L3Serving,3.00
1760471057400,1,5,2,L3Neighbor,37.00
1760471057400,1,5,4,L3Neighbor,1.00
1760471057400,4,5,,L3Serving,9.00
1760471057400,4,5,2,L3Neighbor,-4.00
1760471057400,4,5,4,L3Neighbor,-7.00
1760471057400,2,5,,L3Serving,1.00
1760471057400,2,5,2,L3Neighbor,1.00
1760471057400,2,5,4,L3Neighbor,-2.00
1760471057615,9,4,,L3Serving,7.00
1760471057615,9,4,3,L3Neighbor,17.00
1760471057615,9,4,2,L3Neighbor,5.00
1760471057615,7,4,,L3Serving,18.00
1760471057615,7,4,3,L3Neighbor,22.00
1760471057615,7,4,2,L3Neighbor,7.00
1760471057615,10,4,,L3Serving,14.00
1760471057615,10,4,5,L3Neighbor,14.00
1760471057615,10,4,3,L3Neighbor,8.00
1760471057761,5,3,,L3Serving,21.00
1760471057761,5,3,5,L3Neighbor,15.00
1760471057761,5,3,4,L3Neighbor,0.00
1760471080321,8,5,,L3Serving,9.00
1760471080321,8,5,4,L3Neighbor,15.00
1760471080321,8,5,2,L3Neighbor,13.00
1760471080321,1,5,,L3Serving,6.00
1760471080321,1,5,2,L3Neighbor,36.00
1760471080321,1,5,4,L3Neighbor,0.00
1760471080321,4,5,,L3Serving,12.00
1760471080321,4,5,2,L3Neighbor,-3.00
1760471080321,4,5,4,L3Neighbor,-5.00
1760471080321,2,5,,L3Serving,2.00
1760471080321,2,5,2,L3Neighbor,3.00
1760471080321,2,5,4,L3Neighbor,-5.00
1760471080321,6,5,,L3Serving,0.00
1760471080321,3,5,,L3Serving,32.00
1760471080321,3,5,2,L3Neighbor,32.00
1760471080321,3,5,3,L3Neighbor,9.00
1760471080518,10,4,,L3Serving,16.00
1760471080518,10,4,5,L3Neighbor,11.00
1760471080518,10,4,3,L3Neighbor,9.00
1760471080518,9,4,,L3Serving,10.00
1760471080518,9,4,3,L3Neighbor,19.00
1760471080518,9,4,2,L3Neighbor,5.00
1760471080518,7,4,,L3Serving,20.00
1760471080518,7,4,3,L3Neighbor,21.00
1760471080518,7,4,2,L3Neighbor,7.00
1760471080683,5,3,,L3Serving,23.00
1760471080683,5,3,5,L3Neighbor,14.00
1760471080683,5,3,4,L3Neighbor,1.00
1760471104659,4,5,,L3Serving,11.00
1760471104659,4,5,4,L3Neighbor,-3.00
1760471104659,4,5,2,L3Neighbor,-6.00
1760471104659,6,5,,L3Serving,2.00
1760471104659,1,5,,L3Serving,8.00
1760471104659,1,5,4,L3Neighbor,5.00
1760471104659,1,5,2,L3Neighbor,4.00
1760471104659,3,5,,L3Serving,21.00
1760471104659,3,5,2,L3Neighbor,13.00
1760471104659,3,5,3,L3Neighbor,6.00
1760471104659,2,5,,L3Serving,-3.00
1760471104659,2,5,4,L3Neighbor,13.00
1760471104659,2,5,2,L3Neighbor,-1.00
1760471104659,8,5,,L3Serving,6.00
1760471104659,8,5,2,L3Neighbor,17.00
1760471104659,8,5,4,L3Neighbor,13.00
1760471104841,9,4,,L3Serving,13.00
1760471104841,9,4,3,L3Neighbor,14.00
1760471104841,9,4,2,L3Neighbor,5.00
1760471104841,10,4,,L3Serving,15.00
1760471104841,10,4,5,L3Neighbor,7.00
1760471104841,10,4,3,L3Neighbor,7.00
1760471104841,7,4,,L3Serving,47.00
1760471104841,7,4,3,L3Neighbor,20.00
1760471104841,7,4,2,L3Neighbor,8.00
1760471105016,5,3,,L3Serving,20.00
1760471105016,5,3,5,L3Neighbor,16.00
1760471105016,5,3,4,L3Neighbor,13.00
1760471127346,6,5,,L3Serving,3.00
1760471127346,6,5,3,L3Neighbor,12.00
1760471127346,6,5,2,L3Neighbor,7.00
1760471127346,1,5,,L3Serving,10.00
1760471127346,1,5,4,L3Neighbor,8.00
1760471127346,1,5,2,L3Neighbor,1.00
1760471127346,2,5,,L3Serving,-5.00
1760471127346,2,5,4,L3Neighbor,14.00
1760471127346,2,5,2,L3Neighbor,-3.00
1760471127346,4,5,,L3Serving,14.00
1760471127346,4,5,2,L3Neighbor,-4.00
1760471127346,4,5,4,L3Neighbor,-6.00
1760471127346,3,5,,L3Serving,21.00
1760471127346,3,5,2,L3Neighbor,12.00
1760471127346,3,5,3,L3Neighbor,5.00
1760471127346,8,5,,L3Serving,11.00
1760471127346,8,5,2,L3Neighbor,17.00
1760471127346,8,5,4,L3Neighbor,13.00
1760471127548,7,4,,L3Serving,47.00
1760471127548,7,4,3,L3Neighbor,19.00
1760471127548,7,4,2,L3Neighbor,11.00
1760471127548,9,4,,L3Serving,11.00
1760471127548,9,4,3,L3Neighbor,15.00
1760471127548,9,4,2,L3Neighbor,7.00
1760471127548,10,4,,L3Serving,15.00
1760471127548,10,4,5,L3Neighbor,9.00
1760471127548,10,4,3,L3Neighbor,6.00
1760471127685,5,3,,L3Serving,18.00
1760471127685,5,3,5,L3Neighbor,14.00
1760471127685,5,3,4,L3Neighbor,14.00
1760471151421,1,5,,L3Serving,8.00
1760471151421,1,5,4,L3Neighbor,6.00
1760471151421,1,5,2,L3Neighbor,-4.00
1760471151421,2,5,,L3Serving,4.00
1760471151421,2,5,2,L3Neighbor,1.00
1760471151421,2,5,3,L3Neighbor,-13.00
1760471151421,3,5,,L3Serving,24.00
1760471151421,3,5,2,L3Neighbor,18.00
1760471151421,3,5,3,L3Neighbor,3.00
1760471151421,8,5,,L3Serving,10.00
1760471151421,8,5,4,L3Neighbor,20.00
1760471151421,8,5,2,L3Neighbor,17.00
1760471151421,6,5,,L3Serving,6.00
1760471151421,6,5,2,L3Neighbor,8.00
1760471151421,6,5,3,L3Neighbor,-1.00
1760471151421,4,5,,L3Serving,14.00
1760471151421,4,5,2,L3Neighbor,0.00
1760471151421,4,5,4,L3Neighbor,-7.00
1760471151636,7,4,,L3Serving,19.00
1760471151636,7,4,3,L3Neighbor,23.00
1760471151636,7,4,2,L3Neighbor,22.00
1760471151636,9,4,,L3Serving,6.00
1760471151636,9,4,5,L3Neighbor,13.00
1760471151636,9,4,3,L3Neighbor,13.00
1760471151636,10,4,,L3Serving,19.00
1760471151636,10,4,5,L3Neighbor,7.00
1760471151636,10,4,3,L3Neighbor,6.00
1760471151853,5,3,,L3Serving,19.00
1760471151853,5,3,5,L3Neighbor,13.00
1760471151853,5,3,2,L3Neighbor,-5.00
1760471171977,6,5,,L3Serving,8.00
1760471171977,6,5,2,L3Neighbor,8.00
1760471171977,6,5,3,L3Neighbor,0.00
1760471171977,4,5,,L3Serving,9.00
1760471171977,4,5,2,L3Neighbor,-2.00
1760471171977,4,5,4,L3Neighbor,-10.00
1760471171977,3,5,,L3Serving,24.00
1760471171977,3,5,2,L3Neighbor,15.00
1760471171977,3,5,3,L3Neighbor,4.00
1760471171977,1,5,,L3Serving,10.00
1760471171977,1,5,4,L3Neighbor,4.00
1760471171977,1,5,2,L3Neighbor,-3.00
1760471171977,2,5,,L3Serving,1.00
1760471171977,2,5,2,L3Neighbor,3.00
1760471171977,2,5,3,L3Neighbor,-16.00
1760471171977,8,5,,L3Serving,14.00
1760471171977,8,5,4,L3Neighbor,20.00
1760471171977,8,5,2,L3Neighbor,16.00
1760471172197,7,4,,L3Serving,16.00
1760471172197,7,4,3,L3Neighbor,22.00
1760471172197,7,4,2,L3Neighbor,17.00
1760471172197,10,4,,L3Serving,22.00
1760471172197,10,4,5,L3Neighbor,8.00
1760471172197,10,4,3,L3Neighbor,5.00
1760471172197,9,4,,L3Serving,9.00
1760471172197,9,4,5,L3Neighbor,13.00
1760471172197,9,4,3,L3Neighbor,13.00
1760471172303,5,3,,L3Serving,18.00
1760471172303,5,3,5,L3Neighbor,14.00
1760471172303,5,3,4,L3Neighbor,-3.00
1760471192502,1,5,,L3Serving,11.00
1760471192502,1,5,4,L3Neighbor,3.00
1760471192502,1,5,2,L3Neighbor,-2.00
1760471192502,6,5,,L3Serving,6.00
1760471192502,6,5,2,L3Neighbor,7.00
1760471192502,6,5,4,L3Neighbor,0.00
1760471192502,2,5,,L3Serving,0.00
1760471192502,2,5,2,L3Neighbor,-1.00
1760471192502,2,5,3,L3Neighbor,-15.00
1760471192502,3,5,,L3Serving,25.00
1760471192502,3,5,2,L3Neighbor,10.00
1760471192502,3,5,3,L3Neighbor,4.00
1760471192502,4,5,,L3Serving,42.00
1760471192502,4,5,2,L3Neighbor,-2.00
1760471192502,4,5,4,L3Neighbor,-16.00
1760471192502,8,5,,L3Serving,16.00
1760471192502,8,5,4,L3Neighbor,15.00
1760471192502,8,5,2,L3Neighbor,14.00
1760471192751,7,4,,L3Serving,15.00
1760471192751,7,4,2,L3Neighbor,38.00
1760471192751,7,4,3,L3Neighbor,22.00
1760471192751,9,4,,L3Serving,14.00
1760471192751,9,4,3,L3Neighbor,10.00
1760471192751,9,4,2,L3Neighbor,4.00
1760471192751,10,4,,L3Serving,17.00
1760471192751,10,4,2,L3Neighbor,8.00
1760471192751,10,4,3,L3Neighbor,6.00
1760471192886,5,3,,L3Serving,22.00
1760471192886,5,3,5,L3Neighbor,12.00
1760471192886,5,3,4,L3Neighbor,-2.00
1760471215270,4,5,,L3Serving,41.00
1760471215270,4,5,2,L3Neighbor,0.00
1760471215270,4,5,4,L3Neighbor,-10.00
1760471215270,3,5,,L3Serving,23.00
1760471215270,3,5,2,L3Neighbor,9.00
1760471215270,3,5,3,L3Neighbor,4.00
1760471215270,2,5,,L3Serving,0.00
1760471215270,2,5,2,L3Neighbor,-3.00
1760471215270,2,5,4,L3Neighbor,-14.00
1760471215270,6,5,,L3Serving,3.00
1760471215270,6,5,2,L3Neighbor,5.00
1760471215270,6,5,4,L3Neighbor,-1.00
1760471215270,8,5,,L3Serving,18.00
1760471215270,8,5,4,L3Neighbor,16.00
1760471215270,8,5,2,L3Neighbor,15.00
1760471215270,1,5,,L3Serving,10.00
1760471215270,1,5,2,L3Neighbor,0.00
1760471215270,1,5,4,L3Neighbor,0.00
1760471215494,10,4,,L3Serving,17.00
1760471215494,10,4,2,L3Neighbor,8.00
1760471215494,10,4,3,L3Neighbor,4.00
1760471215494,9,4,,L3Serving,13.00
1760471215494,9,4,3,L3Neighbor,9.00
1760471215494,9,4,2,L3Neighbor,3.00
1760471215494,7,4,,L3Serving,15.00
1760471215494,7,4,2,L3Neighbor,39.00
1760471215494,7,4,3,L3Neighbor,20.00
1760471215676,5,3,,L3Serving,20.00
1760471215676,5,3,5,L3Neighbor,16.00
1760471215676,5,3,4,L3Neighbor,-4.00
1760471235904,1,5,,L3Serving,13.00
1760471235904,1,5,2,L3Neighbor,20.00
1760471235904,1,5,4,L3Neighbor,1.00
1760471235904,8,5,,L3Serving,14.00
1760471235904,8,5,4,L3Neighbor,21.00
1760471235904,8,5,2,L3Neighbor,18.00
1760471235904,4,5,,L3Serving,41.00
1760471235904,4,5,2,L3Neighbor,3.00
1760471235904,4,5,4,L3Neighbor,-12.00
1760471235904,6,5,,L3Serving,5.00
1760471235904,6,5,4,L3Neighbor,0.00
1760471235904,6,5,2,L3Neighbor,-1.00
1760471235904,2,5,,L3Serving,-3.00
1760471235904,2,5,2,L3Neighbor,1.00
1760471235904,2,5,3,L3Neighbor,-14.00
1760471235904,3,5,,L3Serving,37.00
1760471235904,3,5,2,L3Neighbor,12.00
1760471235904,3,5,3,L3Neighbor,6.00
1760471236160,9,4,,L3Serving,39.00
1760471236160,9,4,3,L3Neighbor,13.00
1760471236160,9,4,2,L3Neighbor,7.00
1760471236160,10,4,,L3Serving,18.00
1760471236160,10,4,2,L3Neighbor,13.00
1760471236160,10,4,5,L3Neighbor,8.00
1760471236160,7,4,,L3Serving,38.00
1760471236160,7,4,3,L3Neighbor,19.00
1760471236160,7,4,2,L3Neighbor,14.00
1760471236284,5,3,,L3Serving,17.00
1760471236284,5,3,2,L3Neighbor,23.00
1760471236284,5,3,5,L3Neighbor,10.00
1760471259136,4,5,,L3Serving,41.00
1760471259136,4,5,2,L3Neighbor,2.00
1760471259136,4,5,4,L3Neighbor,-10.00
1760471259136,6,5,,L3Serving,6.00
1760471259136,6,5,4,L3Neighbor,1.00
1760471259136,6,5,2,L3Neighbor,-1.00
1760471259136,1,5,,L3Serving,9.00
1760471259136,1,5,2,L3Neighbor,21.00
1760471259136,1,5,4,L3Neighbor,4.00
1760471259136,2,5,,L3Serving,-1.00
1760471259136,2,5,2,L3Neighbor,0.00
1760471259136,2,5,4,L3Neighbor,-10.00
1760471259136,8,5,,L3Serving,14.00
1760471259136,8,5,4,L3Neighbor,19.00
1760471259136,8,5,2,L3Neighbor,13.00
1760471259136,3,5,,L3Serving,36.00
1760471259136,3,5,2,L3Neighbor,12.00
1760471259136,3,5,3,L3Neighbor,6.00
1760471259339,9,4,,L3Serving,40.00
1760471259339,9,4,3,L3Neighbor,12.00
1760471259339,9,4,2,L3Neighbor,6.00
1760471259339,10,4,,L3Serving,17.00
1760471259339,10,4,5,L3Neighbor,10.00
1760471259339,10,4,2,L3Neighbor,6.00
1760471259339,7,4,,L3Serving,38.00
1760471259339,7,4,3,L3Neighbor,21.00
1760471259339,7,4,2,L3Neighbor,15.00
1760471259491,5,3,,L3Serving,16.00
1760471259491,5,3,2,L3Neighbor,24.00
1760471259491,5,3,5,L3Neighbor,16.00
1760471281763,3,5,,L3Serving,25.00
1760471281763,3,5,2,L3Neighbor,8.00
1760471281763,3,5,3,L3Neighbor,8.00
1760471281763,2,5,,L3Serving,-2.00
1760471281763,2,5,2,L3Neighbor,-3.00
1760471281763,2,5,4,L3Neighbor,-12.00
1760471281763,4,5,,L3Serving,8.00
1760471281763,4,5,4,L3Neighbor,26.00
1760471281763,4,5,2,L3Neighbor,2.00
1760471281763,1,5,,L3Serving,7.00
1760471281763,1,5,4,L3Neighbor,11.00
1760471281763,1,5,2,L3Neighbor,8.00
1760471281763,6,5,,L3Serving,2.00
1760471281763,6,5,2,L3Neighbor,6.00
1760471281763,6,5,4,L3Neighbor,0.00
1760471281763,8,5,,L3Serving,11.00
1760471281763,8,5,2,L3Neighbor,19.00
1760471281763,8,5,4,L3Neighbor,16.00
1760471281953,9,4,,L3Serving,-10.00
1760471281953,10,4,,L3Serving,16.00
1760471281953,10,4,5,L3Neighbor,10.00
1760471281953,10,4,2,L3Neighbor,9.00
1760471281953,7,4,,L3Serving,37.00
1760471281953,7,4,3,L3Neighbor,19.00
1760471281953,7,4,2,L3Neighbor,15.00
1760471282082,5,3,,L3Serving,18.00
1760471282082,5,3,5,L3Neighbor,20.00
1760471282082,5,3,2,L3Neighbor,-2.00
1760471302881,6,5,,L3Serving,3.00
1760471302881,6,5,2,L3Neighbor,7.00
1760471302881,6,5,4,L3Neighbor,3.00
1760471302881,8,5,,L3Serving,12.00
1760471302881,8,5,2,L3Neighbor,22.00
1760471302881,8,5,4,L3Neighbor,14.00
1760471302881,3,5,,L3Serving,25.00
1760471302881,3,5,2,L3Neighbor,10.00
1760471302881,3,5,3,L3Neighbor,9.00
1760471302881,1,5,,L3Serving,6.00
1760471302881,1,5,4,L3Neighbor,8.00
1760471302881,1,5,2,L3Neighbor,7.00
1760471302881,2,5,,L3Serving,-5.00
1760471302881,2,5,2,L3Neighbor,-2.00
1760471302881,2,5,4,L3Neighbor,-13.00
1760471302881,4,5,,L3Serving,6.00
1760471302881,4,5,4,L3Neighbor,25.00
1760471302881,4,5,2,L3Neighbor,1.00
1760471303254,7,4,,L3Serving,37.00
1760471303254,7,4,3,L3Neighbor,13.00
1760471303254,7,4,2,L3Neighbor,13.00
1760471303254,9,4,,L3Serving,-8.00
1760471303254,10,4,,L3Serving,14.00
1760471303254,10,4,5,L3Neighbor,11.00
1760471303254,10,4,2,L3Neighbor,8.00
1760471303405,5,3,,L3Serving,18.00
1760471303405,5,3,5,L3Neighbor,19.00
1760471303405,5,3,2,L3Neighbor,-3.00
1760471324923,8,5,,L3Serving,7.00
1760471324923,8,5,2,L3Neighbor,25.00
1760471324923,8,5,4,L3Neighbor,18.00
1760471324923,2,5,,L3Serving,-1.00
1760471324923,2,5,2,L3Neighbor,4.00
1760471324923,2,5,4,L3Neighbor,-14.00
1760471324923,6,5,,L3Serving,12.00
1760471324923,6,5,4,L3Neighbor,3.00
1760471324923,6,5,3,L3Neighbor,0.00
1760471324923,3,5,,L3Serving,28.00
1760471324923,3,5,2,L3Neighbor,11.00
1760471324923,3,5,3,L3Neighbor,9.00
1760471324923,1,5,,L3Serving,13.00
1760471324923,1,5,2,L3Neighbor,23.00
1760471324923,1,5,4,L3Neighbor,7.00
1760471324923,4,5,,L3Serving,9.00
1760471324923,4,5,2,L3Neighbor,5.00
1760471324923,4,5,4,L3Neighbor,-5.00
1760471325129,10,4,,L3Serving,17.00
1760471325129,10,4,2,L3Neighbor,13.00
1760471325129,10,4,5,L3Neighbor,12.00
1760471325129,9,4,,L3Serving,-10.00
1760471325129,7,4,,L3Serving,28.00
1760471325129,7,4,3,L3Neighbor,13.00
1760471325129,7,4,2,L3Neighbor,12.00
1760471325253,5,3,,L3Serving,17.00
1760471325253,5,3,5,L3Neighbor,19.00
1760471325253,5,3,2,L3Neighbor,-6.00
1760471344751,4,5,,L3Serving,10.00
1760471344751,4,5,2,L3Neighbor,0.00
1760471344751,4,5,4,L3Neighbor,-5.00
1760471344751,2,5,,L3Serving,-1.00
1760471344751,2,5,2,L3Neighbor,1.00
1760471344751,2,5,3,L3Neighbor,-15.00
1760471344751,1,5,,L3Serving,12.00
1760471344751,1,5,2,L3Neighbor,21.00
1760471344751,1,5,4,L3Neighbor,7.00
1760471344751,6,5,,L3Serving,12.00
1760471344751,6,5,4,L3Neighbor,3.00
1760471344751,6,5,3,L3Neighbor,0.00
1760471344751,3,5,,L3Serving,27.00
1760471344751,3,5,2,L3Neighbor,13.00
1760471344751,3,5,3,L3Neighbor,8.00
1760471344751,8,5,,L3Serving,5.00
1760471344751,8,5,2,L3Neighbor,27.00
1760471344751,8,5,4,L3Neighbor,21.00
1760471344996,10,4,,L3Serving,21.00
1760471344996,10,4,5,L3Neighbor,14.00
1760471344996,10,4,2,L3Neighbor,13.00
1760471344996,9,4,,L3Serving,-10.00
1760471344996,7,4,,L3Serving,30.00
1760471344996,7,4,2,L3Neighbor,14.00
1760471344996,7,4,3,L3Neighbor,13.00
1760471345180,5,3,,L3Serving,17.00
1760471345180,5,3,5,L3Neighbor,19.00
1760471345180,5,3,2,L3Neighbor,-2.00
1760471363814,4,5,,L3Serving,9.00
1760471363814,4,5,4,L3Neighbor,4.00
1760471363814,4,5,2,L3Neighbor,0.00
1760471363814,3,5,,L3Serving,27.00
1760471363814,3,5,2,L3Neighbor,13.00
1760471363814,3,5,3,L3Neighbor,9.00
1760471363814,2,5,,L3Serving,-3.00
1760471363814,2,5,2,L3Neighbor,2.00
1760471363814,2,5,3,L3Neighbor,-14.00
1760471363814,6,5,,L3Serving,10.00
1760471363814,6,5,2,L3Neighbor,3.00
1760471363814,6,5,3,L3Neighbor,2.00
1760471363814,8,5,,L3Serving,8.00
1760471363814,8,5,2,L3Neighbor,22.00
1760471363814,8,5,4,L3Neighbor,17.00
1760471363814,1,5,,L3Serving,31.00
1760471363814,1,5,2,L3Neighbor,14.00
1760471363814,1,5,4,L3Neighbor,7.00
1760471364020,9,4,,L3Serving,-9.00
1760471364020,10,4,,L3Serving,14.00
1760471364020,10,4,5,L3Neighbor,19.00
1760471364020,10,4,2,L3Neighbor,14.00
1760471364020,7,4,,L3Serving,32.00
1760471364020,7,4,3,L3Neighbor,16.00
1760471364020,7,4,2,L3Neighbor,10.00
1760471364186,5,3,,L3Serving,19.00
1760471364186,5,3,5,L3Neighbor,14.00
1760471364186,5,3,4,L3Neighbor,-6.00
1760471386969,1,5,,L3Serving,32.00
1760471386969,1,5,2,L3Neighbor,13.00
1760471386969,1,5,4,L3Neighbor,5.00
1760471386969,8,5,,L3Serving,8.00
1760471386969,8,5,2,L3Neighbor,20.00
1760471386969,8,5,4,L3Neighbor,17.00
1760471386969,2,5,,L3Serving,-2.00
1760471386969,2,5,2,L3Neighbor,3.00
1760471386969,2,5,3,L3Neighbor,-12.00
1760471386969,6,5,,L3Serving,7.00
1760471386969,6,5,3,L3Neighbor,2.00
1760471386969,6,5,2,L3Neighbor,1.00
1760471386969,4,5,,L3Serving,5.00
1760471386969,4,5,4,L3Neighbor,5.00
1760471386969,4,5,2,L3Neighbor,1.00
1760471386969,3,5,,L3Serving,29.00
1760471386969,3,5,2,L3Neighbor,15.00
1760471386969,3,5,3,L3Neighbor,9.00
1760471387267,9,4,,L3Serving,-11.00
1760471387267,10,4,,L3Serving,18.00
1760471387267,10,4,5,L3Neighbor,19.00
1760471387267,10,4,2,L3Neighbor,13.00
1760471387267,7,4,,L3Serving,32.00
1760471387267,7,4,3,L3Neighbor,16.00
1760471387267,7,4,2,L3Neighbor,12.00
1760471387397,5,3,,L3Serving,15.00
1760471387397,5,3,5,L3Neighbor,16.00
1760471387397,5,3,2,L3Neighbor,-5.00
1760471409713,2,5,,L3Serving,-2.00
1760471409713,2,5,2,L3Neighbor,5.00
1760471409713,2,5,3,L3Neighbor,-6.00
1760471409713,4,5,,L3Serving,9.00
1760471409713,4,5,4,L3Neighbor,8.00
1760471409713,4,5,2,L3Neighbor,0.00
1760471409713,6,5,,L3Serving,20.00
1760471409713,6,5,2,L3Neighbor,6.00
1760471409713,6,5,4,L3Neighbor,5.00
1760471409713,3,5,,L3Serving,27.00
1760471409713,3,5,2,L3Neighbor,17.00
1760471409713,3,5,3,L3Neighbor,8.00
1760471409713,8,5,,L3Serving,8.00
1760471409713,8,5,2,L3Neighbor,27.00
1760471409713,8,5,4,L3Neighbor,14.00
1760471409713,1,5,,L3Serving,34.00
1760471409713,1,5,2,L3Neighbor,18.00
1760471409713,1,5,4,L3Neighbor,12.00
1760471409930,10,4,,L3Serving,14.00
1760471409930,10,4,5,L3Neighbor,37.00
1760471409930,10,4,2,L3Neighbor,9.00
1760471409930,7,4,,L3Serving,43.00
1760471409930,7,4,3,L3Neighbor,17.00
1760471409930,7,4,5,L3Neighbor,5.00
1760471409930,9,4,,L3Serving,-10.00
1760471410048,5,3,,L3Serving,18.00
1760471410048,5,3,5,L3Neighbor,18.00
1760471410048,5,3,4,L3Neighbor,-4.00
1760471430556,4,5,,L3Serving,9.00
1760471430556,4,5,4,L3Neighbor,8.00
1760471430556,4,5,2,L3Neighbor,1.00
1760471430556,1,5,,L3Serving,34.00
1760471430556,1,5,2,L3Neighbor,13.00
1760471430556,1,5,4,L3Neighbor,8.00
1760471430556,2,5,,L3Serving,-4.00
1760471430556,2,5,2,L3Neighbor,5.00
1760471430556,2,5,3,L3Neighbor,-8.00
1760471430556,3,5,,L3Serving,28.00
1760471430556,3,5,2,L3Neighbor,21.00
1760471430556,3,5,3,L3Neighbor,9.00
1760471430556,6,5,,L3Serving,20.00
1760471430556,6,5,2,L3Neighbor,5.00
1760471430556,6,5,4,L3Neighbor,5.00
1760471430556,8,5,,L3Serving,9.00
1760471430556,8,5,2,L3Neighbor,27.00
1760471430556,8,5,4,L3Neighbor,17.00
1760471430772,10,4,,L3Serving,15.00
1760471430772,10,4,5,L3Neighbor,35.00
1760471430772,10,4,2,L3Neighbor,8.00
1760471430772,7,4,,L3Serving,44.00
1760471430772,7,4,3,L3Neighbor,15.00
1760471430772,7,4,2,L3Neighbor,11.00
1760471430772,9,4,,L3Serving,-11.00
1760471430892,5,3,,L3Serving,18.00
1760471430892,5,3,5,L3Neighbor,18.00
1760471430892,5,3,4,L3Neighbor,-4.00
1760471453392,4,5,,L3Serving,7.00
1760471453392,4,5,2,L3Neighbor,6.00
1760471453392,4,5,4,L3Neighbor,4.00
1760471453392,6,5,,L3Serving,7.00
1760471453392,6,5,2,L3Neighbor,7.00
1760471453392,6,5,4,L3Neighbor,1.00
1760471453392,3,5,,L3Serving,28.00
1760471453392,3,5,2,L3Neighbor,18.00
1760471453392,3,5,3,L3Neighbor,11.00
1760471453392,8,5,,L3Serving,12.00
1760471453392,8,5,2,L3Neighbor,21.00
1760471453392,8,5,4,L3Neighbor,18.00
1760471453392,2,5,,L3Serving,-3.00
1760471453392,2,5,2,L3Neighbor,0.00
1760471453392,2,5,3,L3Neighbor,-3.00
1760471453392,1,5,,L3Serving,34.00
1760471453392,1,5,2,L3Neighbor,12.00
1760471453392,1,5,4,L3Neighbor,7.00
1760471453645,7,4,,L3Serving,23.00
1760471453645,7,4,3,L3Neighbor,9.00
1760471453645,7,4,2,L3Neighbor,5.00
1760471453645,9,4,,L3Serving,-14.00
1760471453645,10,4,,L3Serving,17.00
1760471453645,10,4,2,L3Neighbor,10.00
1760471453645,10,4,5,L3Neighbor,3.00
1760471453821,5,3,,L3Serving,20.00
1760471453821,5,3,2,L3Neighbor,23.00
1760471453821,5,3,5,L3Neighbor,20.00
1760471473353,6,5,,L3Serving,7.00
1760471473353,6,5,2,L3Neighbor,7.00
1760471473353,6,5,4,L3Neighbor,4.00
1760471473353,1,5,,L3Serving,35.00
1760471473353,1,5,2,L3Neighbor,14.00
1760471473353,1,5,4,L3Neighbor,7.00
1760471473353,8,5,,L3Serving,11.00
1760471473353,8,5,2,L3Neighbor,20.00
1760471473353,8,5,4,L3Neighbor,19.00
1760471473353,4,5,,L3Serving,3.00
1760471473353,4,5,2,L3Neighbor,5.00
1760471473353,4,5,4,L3Neighbor,2.00
1760471473353,3,5,,L3Serving,28.00
1760471473353,3,5,2,L3Neighbor,20.00
1760471473353,3,5,3,L3Neighbor,8.00
1760471473353,2,5,,L3Serving,-3.00
1760471473353,2,5,2,L3Neighbor,4.00
1760471473353,2,5,3,L3Neighbor,-4.00
1760471473525,10,4,,L3Serving,17.00
1760471473525,10,4,2,L3Neighbor,11.00
1760471473525,10,4,5,L3Neighbor,4.00
1760471473525,7,4,,L3Serving,27.00
1760471473525,7,4,3,L3Neighbor,9.00
1760471473525,7,4,2,L3Neighbor,7.00
1760471473525,9,4,,L3Serving,-15.00
1760471473665,5,3,,L3Serving,19.00
1760471473665,5,3,2,L3Neighbor,26.00
1760471473665,5,3,5,L3Neighbor,21.00
1760471492792,2,5,,L3Serving,0.00
1760471492792,2,5,2,L3Neighbor,8.00
1760471492792,2,5,3,L3Neighbor,-4.00
1760471492792,6,5,,L3Serving,27.00
1760471492792,6,5,2,L3Neighbor,7.00
1760471492792,6,5,4,L3Neighbor,6.00
1760471492792,4,5,,L3Serving,12.00
1760471492792,4,5,4,L3Neighbor,2.00
1760471492792,4,5,2,L3Neighbor,1.00
1760471492792,8,5,,L3Serving,10.00
1760471492792,8,5,2,L3Neighbor,24.00
1760471492792,8,5,4,L3Neighbor,20.00
1760471492792,3,5,,L3Serving,23.00
1760471492792,3,5,2,L3Neighbor,18.00
1760471492792,3,5,3,L3Neighbor,8.00
1760471492792,1,5,,L3Serving,11.00
1760471492792,1,5,4,L3Neighbor,11.00
1760471492792,1,5,2,L3Neighbor,11.00
1760471493063,10,4,,L3Serving,14.00
1760471493063,10,4,2,L3Neighbor,11.00
1760471493063,10,4,3,L3Neighbor,5.00
1760471493063,7,4,,L3Serving,22.00
1760471493063,7,4,3,L3Neighbor,8.00
1760471493063,7,4,2,L3Neighbor,7.00
1760471493063,9,4,,L3Serving,-15.00
1760471493165,5,3,,L3Serving,16.00
1760471493165,5,3,2,L3Neighbor,13.00
1760471493165,5,3,4,L3Neighbor,0.00
1760471513457,4,5,,L3Serving,13.00
1760471513457,4,5,2,L3Neighbor,3.00
1760471513457,4,5,4,L3Neighbor,3.00
1760471513457,8,5,,L3Serving,8.00
1760471513457,8,5,2,L3Neighbor,24.00
1760471513457,8,5,4,L3Neighbor,22.00
1760471513457,6,5,,L3Serving,24.00
1760471513457,6,5,2,L3Neighbor,6.00
1760471513457,6,5,4,L3Neighbor,6.00
1760471513457,2,5,,L3Serving,0.00
1760471513457,2,5,2,L3Neighbor,10.00
1760471513457,2,5,3,L3Neighbor,-1.00
1760471513457,1,5,,L3Serving,9.00
1760471513457,1,5,4,L3Neighbor,14.00
1760471513457,1,5,2,L3Neighbor,10.00
1760471513457,3,5,,L3Serving,24.00
1760471513457,3,5,2,L3Neighbor,20.00
1760471513457,3,5,3,L3Neighbor,6.00
1760471513677,9,4,,L3Serving,-13.00
1760471513677,10,4,,L3Serving,14.00
1760471513677,10,4,2,L3Neighbor,12.00
1760471513677,10,4,3,L3Neighbor,5.00
1760471513677,7,4,,L3Serving,21.00
1760471513677,7,4,3,L3Neighbor,8.00
1760471513677,7,4,2,L3Neighbor,5.00
1760471513807,5,3,,L3Serving,12.00
1760471513807,5,3,2,L3Neighbor,12.00
1760471513807,5,3,4,L3Neighbor,-2.00
1760471532917,4,5,,L3Serving,9.00
1760471532917,4,5,2,L3Neighbor,5.00
1760471532917,4,5,4,L3Neighbor,3.00
1760471532917,2,5,,L3Serving,0.00
1760471532917,2,5,2,L3Neighbor,7.00
1760471532917,2,5,3,L3Neighbor,-4.00
1760471532917,8,5,,L3Serving,8.00
1760471532917,8,5,2,L3Neighbor,24.00
1760471532917,8,5,4,L3Neighbor,14.00
1760471532917,6,5,,L3Serving,0.00
1760471532917,6,5,3,L3Neighbor,1.00
1760471532917,6,5,2,L3Neighbor,0.00
1760471532917,3,5,,L3Serving,22.00
1760471532917,3,5,2,L3Neighbor,22.00
1760471532917,3,5,3,L3Neighbor,7.00
1760471532917,1,5,,L3Serving,14.00
1760471532917,1,5,4,L3Neighbor,14.00
1760471532917,1,5,2,L3Neighbor,7.00
1760471533133,7,4,,L3Serving,29.00
1760471533133,7,4,2,L3Neighbor,12.00
1760471533133,7,4,3,L3Neighbor,11.00
1760471533133,9,4,,L3Serving,-13.00
1760471533133,10,4,,L3Serving,17.00
1760471533133,10,4,2,L3Neighbor,13.00
1760471533133,10,4,5,L3Neighbor,9.00
1760471533247,5,3,,L3Serving,11.00
1760471533247,5,3,2,L3Neighbor,9.00
1760471533247,5,3,5,L3Neighbor,-1.00
1760471551973,8,5,,L3Serving,8.00
1760471551973,8,5,2,L3Neighbor,24.00
1760471551973,8,5,4,L3Neighbor,13.00
1760471551973,2,5,,L3Serving,-2.00
1760471551973,2,5,2,L3Neighbor,8.00
1760471551973,2,5,3,L3Neighbor,-3.00
1760471551973,4,5,,L3Serving,10.00
1760471551973,4,5,2,L3Neighbor,6.00
1760471551973,4,5,4,L3Neighbor,2.00
1760471551973,1,5,,L3Serving,14.00
1760471551973,1,5,4,L3Neighbor,11.00
1760471551973,1,5,2,L3Neighbor,7.00
1760471551973,3,5,,L3Serving,21.00
1760471551973,3,5,2,L3Neighbor,22.00
1760471551973,3,5,3,L3Neighbor,5.00
1760471551973,6,5,,L3Serving,0.00
1760471551973,6,5,3,L3Neighbor,2.00
1760471551973,6,5,2,L3Neighbor,0.00
1760471552194,10,4,,L3Serving,20.00
1760471552194,10,4,2,L3Neighbor,9.00
1760471552194,10,4,3,L3Neighbor,7.00
1760471552194,9,4,,L3Serving,-11.00
1760471552194,7,4,,L3Serving,30.00
1760471552194,7,4,2,L3Neighbor,15.00
1760471552194,7,4,3,L3Neighbor,8.00
1760471552398,5,3,,L3Serving,13.00
1760471552398,5,3,2,L3Neighbor,12.00
1760471552398,5,3,5,L3Neighbor,-8.00
1760471573076,4,5,,L3Serving,10.00
1760471573076,4,5,2,L3Neighbor,7.00
1760471573076,4,5,4,L3Neighbor,3.00
1760471573076,2,5,,L3Serving,-3.00
1760471573076,2,5,2,L3Neighbor,13.00
1760471573076,2,5,3,L3Neighbor,-4.00
1760471573076,8,5,,L3Serving,8.00
1760471573076,8,5,2,L3Neighbor,21.00
1760471573076,8,5,4,L3Neighbor,18.00
1760471573076,3,5,,L3Serving,19.00
1760471573076,3,5,2,L3Neighbor,27.00
1760471573076,3,5,3,L3Neighbor,8.00
1760471573076,1,5,,L3Serving,13.00
1760471573076,1,5,4,L3Neighbor,13.00
1760471573076,1,5,2,L3Neighbor,11.00
1760471573076,6,5,,L3Serving,1.00
1760471573076,6,5,3,L3Neighbor,2.00
1760471573076,6,5,4,L3Neighbor,0.00
1760471573277,7,4,,L3Serving,43.00
1760471573277,7,4,2,L3Neighbor,11.00
1760471573277,7,4,3,L3Neighbor,2.00
1760471573277,10,4,,L3Serving,12.00
1760471573277,10,4,2,L3Neighbor,13.00
1760471573277,10,4,3,L3Neighbor,7.00
1760471573277,9,4,,L3Serving,-10.00
1760471573422,5,3,,L3Serving,14.00
1760471573422,5,3,2,L3Neighbor,6.00
1760471573422,5,3,4,L3Neighbor,-2.00
1760471592668,2,5,,L3Serving,-2.00
1760471592668,2,5,2,L3Neighbor,11.00
1760471592668,2,5,3,L3Neighbor,-4.00
1760471592668,6,5,,L3Serving,1.00
1760471592668,6,5,3,L3Neighbor,2.00
1760471592668,6,5,4,L3Neighbor,1.00
1760471592668,3,5,,L3Serving,19.00
1760471592668,3,5,2,L3Neighbor,26.00
1760471592668,3,5,3,L3Neighbor,8.00
1760471592668,1,5,,L3Serving,7.00
1760471592668,1,5,2,L3Neighbor,15.00
1760471592668,1,5,4,L3Neighbor,12.00
1760471592668,4,5,,L3Serving,11.00
1760471592668,4,5,2,L3Neighbor,10.00
1760471592668,4,5,4,L3Neighbor,1.00
1760471592668,8,5,,L3Serving,11.00
1760471592668,8,5,2,L3Neighbor,22.00
1760471592668,8,5,4,L3Neighbor,14.00
1760471592910,9,4,,L3Serving,-11.00
1760471592910,7,4,,L3Serving,44.00
1760471592910,7,4,2,L3Neighbor,13.00
1760471592910,7,4,3,L3Neighbor,3.00
1760471592910,10,4,,L3Serving,16.00
1760471592910,10,4,2,L3Neighbor,13.00
1760471592910,10,4,3,L3Neighbor,11.00
1760471593096,5,3,,L3Serving,14.00
1760471593096,5,3,2,L3Neighbor,4.00
1760471593096,5,3,4,L3Neighbor,-2.00
1760471613806,2,5,,L3Serving,-6.00
1760471613806,2,5,2,L3Neighbor,9.00
1760471613806,2,5,3,L3Neighbor,-4.00
1760471613806,3,5,,L3Serving,16.00
1760471613806,3,5,2,L3Neighbor,22.00
1760471613806,3,5,3,L3Neighbor,7.00
1760471613806,1,5,,L3Serving,9.00
1760471613806,1,5,4,L3Neighbor,16.00
1760471613806,1,5,2,L3Neighbor,7.00
1760471613806,8,5,,L3Serving,8.00
1760471613806,8,5,2,L3Neighbor,22.00
1760471613806,8,5,4,L3Neighbor,15.00
1760471613806,6,5,,L3Serving,1.00
1760471613806,6,5,3,L3Neighbor,0.00
1760471613806,6,5,4,L3Neighbor,0.00
1760471613806,4,5,,L3Serving,9.00
1760471613806,4,5,2,L3Neighbor,8.00
1760471613806,4,5,4,L3Neighbor,4.00
1760471614019,9,4,,L3Serving,-13.00
1760471614019,7,4,,L3Serving,41.00
1760471614019,7,4,2,L3Neighbor,17.00
1760471614019,7,4,3,L3Neighbor,7.00
1760471614019,10,4,,L3Serving,15.00
1760471614019,10,4,2,L3Neighbor,14.00
1760471614019,10,4,3,L3Neighbor,11.00
1760471614154,5,3,,L3Serving,13.00
1760471614154,5,3,2,L3Neighbor,25.00
1760471614154,5,3,4,L3Neighbor,-10.00
1760471635137,2,5,,L3Serving,0.00
1760471635137,2,5,2,L3Neighbor,9.00
1760471635137,2,5,3,L3Neighbor,0.00
1760471635137,4,5,,L3Serving,8.00
1760471635137,4,5,2,L3Neighbor,6.00
1760471635137,4,5,4,L3Neighbor,4.00
1760471635137,6,5,,L3Serving,1.00
1760471635137,6,5,3,L3Neighbor,0.00
1760471635137,6,5,4,L3Neighbor,-1.00
1760471635137,8,5,,L3Serving,6.00
1760471635137,8,5,2,L3Neighbor,25.00
1760471635137,8,5,4,L3Neighbor,16.00
1760471635137,1,5,,L3Serving,8.00
1760471635137,1,5,4,L3Neighbor,15.00
1760471635137,1,5,2,L3Neighbor,6.00
1760471635137,3,5,,L3Serving,13.00
1760471635137,3,5,2,L3Neighbor,21.00
1760471635137,3,5,3,L3Neighbor,5.00
1760471635384,9,4,,L3Serving,-12.00
1760471635384,7,4,,L3Serving,42.00
1760471635384,7,4,2,L3Neighbor,18.00
1760471635384,7,4,3,L3Neighbor,6.00
1760471635384,10,4,,L3Serving,18.00
1760471635384,10,4,2,L3Neighbor,14.00
1760471635384,10,4,3,L3Neighbor,13.00
1760471635518,5,3,,L3Serving,13.00
1760471635518,5,3,2,L3Neighbor,25.00
1760471635518,5,3,4,L3Neighbor,-9.00
1760471654636,3,5,,L3Serving,38.00
1760471654636,3,5,2,L3Neighbor,20.00
1760471654636,3,5,3,L3Neighbor,6.00
1760471654636,1,5,,L3Serving,7.00
1760471654636,1,5,4,L3Neighbor,11.00
1760471654636,1,5,2,L3Neighbor,8.00
1760471654636,4,5,,L3Serving,11.00
1760471654636,4,5,2,L3Neighbor,6.00
1760471654636,4,5,4,L3Neighbor,4.00
1760471654636,2,5,,L3Serving,-3.00
1760471654636,2,5,2,L3Neighbor,12.00
1760471654636,2,5,3,L3Neighbor,1.00
1760471654636,6,5,,L3Serving,8.00
1760471654636,6,5,3,L3Neighbor,0.00
1760471654636,6,5,2,L3Neighbor,-1.00
1760471654636,8,5,,L3Serving,5.00
1760471654636,8,5,2,L3Neighbor,26.00
1760471654636,8,5,4,L3Neighbor,14.00
1760471654840,10,4,,L3Serving,31.00
1760471654840,10,4,3,L3Neighbor,9.00
1760471654840,10,4,2,L3Neighbor,8.00
1760471654840,7,4,,L3Serving,45.00
1760471654840,7,4,2,L3Neighbor,18.00
1760471654840,7,4,3,L3Neighbor,3.00
1760471654840,9,4,,L3Serving,33.00
1760471654840,9,4,3,L3Neighbor,13.00
1760471654840,9,4,5,L3Neighbor,0.00
1760471654938,5,3,,L3Serving,9.00
1760471654938,5,3,2,L3Neighbor,2.00
1760471654938,5,3,5,L3Neighbor,-6.00
1760471673248,8,5,,L3Serving,5.00
1760471673248,8,5,2,L3Neighbor,26.00
1760471673248,8,5,4,L3Neighbor,14.00
1760471673248,2,5,,L3Serving,-3.00
1760471673248,2,5,2,L3Neighbor,11.00
1760471673248,2,5,3,L3Neighbor,0.00
1760471673248,3,5,,L3Serving,42.00
1760471673248,3,5,2,L3Neighbor,21.00
1760471673248,3,5,3,L3Neighbor,9.00
1760471673248,4,5,,L3Serving,11.00
1760471673248,4,5,4,L3Neighbor,4.00
1760471673248,4,5,2,L3Neighbor,2.00
1760471673248,1,5,,L3Serving,8.00
1760471673248,1,5,4,L3Neighbor,12.00
1760471673248,1,5,2,L3Neighbor,8.00
1760471673248,6,5,,L3Serving,8.00
1760471673248,6,5,2,L3Neighbor,0.00
1760471673248,6,5,3,L3Neighbor,-1.00
1760471673518,9,4,,L3Serving,35.00
1760471673518,9,4,3,L3Neighbor,16.00
1760471673518,9,4,5,L3Neighbor,0.00
1760471673518,10,4,,L3Serving,30.00
1760471673518,10,4,3,L3Neighbor,11.00
1760471673518,10,4,2,L3Neighbor,10.00
1760471673518,7,4,,L3Serving,46.00
1760471673518,7,4,2,L3Neighbor,16.00
1760471673518,7,4,3,L3Neighbor,3.00
1760471673656,5,3,,L3Serving,15.00
1760471673656,5,3,2,L3Neighbor,4.00
1760471673656,5,3,5,L3Neighbor,-5.00
1760471694292,3,5,,L3Serving,13.00
1760471694292,3,5,2,L3Neighbor,24.00
1760471694292,3,5,3,L3Neighbor,5.00
1760471694292,2,5,,L3Serving,-1.00
1760471694292,2,5,2,L3Neighbor,5.00
1760471694292,2,5,3,L3Neighbor,2.00
1760471694292,6,5,,L3Serving,6.00
1760471694292,6,5,2,L3Neighbor,-4.00
1760471694292,6,5,3,L3Neighbor,-4.00
1760471694292,1,5,,L3Serving,7.00
1760471694292,1,5,2,L3Neighbor,11.00
1760471694292,1,5,4,L3Neighbor,10.00
1760471694292,8,5,,L3Serving,5.00
1760471694292,8,5,2,L3Neighbor,27.00
1760471694292,8,5,4,L3Neighbor,15.00
1760471694292,4,5,,L3Serving,13.00
1760471694292,4,5,2,L3Neighbor,8.00
1760471694292,4,5,4,L3Neighbor,5.00
1760471694463,7,4,,L3Serving,17.00
1760471694463,7,4,3,L3Neighbor,5.00
1760471694463,7,4,2,L3Neighbor,3.00
1760471694463,9,4,,L3Serving,2.00
1760471694463,9,4,3,L3Neighbor,19.00
1760471694463,9,4,5,L3Neighbor,0.00
1760471694463,10,4,,L3Serving,6.00
1760471694579,5,3,,L3Serving,11.00
1760471694579,5,3,2,L3Neighbor,-2.00
1760471694579,5,3,5,L3Neighbor,-5.00
1760471713456,1,5,,L3Serving,10.00
1760471713456,1,5,2,L3Neighbor,13.00
1760471713456,1,5,4,L3Neighbor,11.00
1760471713456,6,5,,L3Serving,6.00
1760471713456,6,5,2,L3Neighbor,0.00
1760471713456,6,5,4,L3Neighbor,-5.00
1760471713456,2,5,,L3Serving,-3.00
1760471713456,2,5,2,L3Neighbor,6.00
1760471713456,2,5,3,L3Neighbor,1.00
1760471713456,8,5,,L3Serving,4.00
1760471713456,8,5,2,L3Neighbor,26.00
1760471713456,8,5,4,L3Neighbor,18.00
1760471713456,4,5,,L3Serving,13.00
1760471713456,4,5,2,L3Neighbor,8.00
1760471713456,4,5,4,L3Neighbor,4.00
1760471713456,3,5,,L3Serving,11.00
1760471713456,3,5,2,L3Neighbor,26.00
1760471713456,3,5,3,L3Neighbor,6.00
1760471713671,9,4,,L3Serving,1.00
1760471713671,9,4,3,L3Neighbor,16.00
1760471713671,9,4,5,L3Neighbor,-1.00
1760471713671,10,4,,L3Serving,5.00
1760471713671,7,4,,L3Serving,23.00
1760471713671,7,4,2,L3Neighbor,6.00
1760471713671,7,4,3,L3Neighbor,3.00
1760471713841,5,3,,L3Serving,9.00
1760471713841,5,3,2,L3Neighbor,-4.00
1760471713841,5,3,5,L3Neighbor,-7.00
1760471733227,2,5,,L3Serving,-3.00
1760471733227,2,5,3,L3Neighbor,7.00
1760471733227,2,5,2,L3Neighbor,7.00
1760471733227,1,5,,L3Serving,6.00
1760471733227,1,5,2,L3Neighbor,9.00
1760471733227,1,5,4,L3Neighbor,4.00
1760471733227,6,5,,L3Serving,8.00
1760471733227,6,5,3,L3Neighbor,0.00
1760471733227,6,5,2,L3Neighbor,-2.00
1760471733227,4,5,,L3Serving,10.00
1760471733227,4,5,2,L3Neighbor,3.00
1760471733227,4,5,4,L3Neighbor,1.00
1760471733227,3,5,,L3Serving,11.00
1760471733227,3,5,2,L3Neighbor,24.00
1760471733227,3,5,3,L3Neighbor,4.00
1760471733227,8,5,,L3Serving,3.00
1760471733227,8,5,2,L3Neighbor,25.00
1760471733227,8,5,4,L3Neighbor,21.00
1760471733449,10,4,,L3Serving,8.00
1760471733449,10,4,2,L3Neighbor,12.00
1760471733449,10,4,3,L3Neighbor,9.00
1760471733449,9,4,,L3Serving,10.00
1760471733449,9,4,3,L3Neighbor,12.00
1760471733449,9,4,5,L3Neighbor,3.00
1760471733449,7,4,,L3Serving,20.00
1760471733449,7,4,2,L3Neighbor,43.00
1760471733449,7,4,3,L3Neighbor,2.00
1760471733658,5,3,,L3Serving,10.00
1760471733658,5,3,2,L3Neighbor,-6.00
1760471733658,5,3,5,L3Neighbor,-8.00
1760471754754,2,5,,L3Serving,-1.00
1760471754754,2,5,3,L3Neighbor,8.00
1760471754754,2,5,2,L3Neighbor,5.00
1760471754754,6,5,,L3Serving,6.00
1760471754754,6,5,3,L3Neighbor,-1.00
1760471754754,6,5,2,L3Neighbor,-3.00
1760471754754,3,5,,L3Serving,13.00
1760471754754,3,5,2,L3Neighbor,24.00
1760471754754,3,5,3,L3Neighbor,5.00
1760471754754,8,5,,L3Serving,3.00
1760471754754,8,5,2,L3Neighbor,23.00
1760471754754,8,5,4,L3Neighbor,20.00
1760471754754,1,5,,L3Serving,8.00
1760471754754,1,5,2,L3Neighbor,11.00
1760471754754,1,5,4,L3Neighbor,3.00
1760471754754,4,5,,L3Serving,11.00
1760471754754,4,5,2,L3Neighbor,4.00
1760471754754,4,5,4,L3Neighbor,2.00
1760471755006,10,4,,L3Serving,8.00
1760471755006,10,4,3,L3Neighbor,10.00
1760471755006,10,4,2,L3Neighbor,9.00
1760471755006,7,4,,L3Serving,20.00
1760471755006,7,4,2,L3Neighbor,48.00
1760471755006,7,4,3,L3Neighbor,3.00
1760471755006,9,4,,L3Serving,11.00
1760471755006,9,4,3,L3Neighbor,14.00
1760471755006,9,4,5,L3Neighbor,3.00
1760471755195,5,3,,L3Serving,15.00
1760471755195,5,3,2,L3Neighbor,-2.00
1760471755195,5,3,5,L3Neighbor,-11.00
1760471774211,1,5,,L3Serving,9.00
1760471774211,1,5,2,L3Neighbor,13.00
1760471774211,1,5,4,L3Neighbor,4.00
1760471774211,3,5,,L3Serving,37.00
1760471774211,3,5,2,L3Neighbor,26.00
1760471774211,3,5,3,L3Neighbor,1.00
1760471774211,6,5,,L3Serving,6.00
1760471774211,6,5,3,L3Neighbor,0.00
1760471774211,6,5,2,L3Neighbor,-5.00
1760471774211,4,5,,L3Serving,14.00
1760471774211,4,5,2,L3Neighbor,12.00
1760471774211,4,5,4,L3Neighbor,3.00
1760471774211,8,5,,L3Serving,6.00
1760471774211,8,5,2,L3Neighbor,25.00
1760471774211,8,5,4,L3Neighbor,20.00
1760471774211,2,5,,L3Serving,0.00
1760471774211,2,5,3,L3Neighbor,7.00
1760471774211,2,5,2,L3Neighbor,3.00
1760471774441,9,4,,L3Serving,29.00
1760471774441,9,4,3,L3Neighbor,18.00
1760471774441,9,4,5,L3Neighbor,7.00
1760471774441,10,4,,L3Serving,11.00
1760471774441,10,4,2,L3Neighbor,13.00
1760471774441,10,4,3,L3Neighbor,7.00
1760471774441,7,4,,L3Serving,20.00
1760471774441,7,4,3,L3Neighbor,29.00
1760471774441,7,4,2,L3Neighbor,-1.00
1760471774662,5,3,,L3Serving,11.00
1760471774662,5,3,2,L3Neighbor,2.00
1760471774662,5,3,4,L3Neighbor,-9.00
1760471793423,2,5,,L3Serving,-2.00
1760471793423,2,5,3,L3Neighbor,5.00
1760471793423,2,5,2,L3Neighbor,4.00
1760471793423,3,5,,L3Serving,37.00
1760471793423,3,5,2,L3Neighbor,25.00
1760471793423,3,5,3,L3Neighbor,2.00
1760471793423,4,5,,L3Serving,16.00
1760471793423,4,5,2,L3Neighbor,12.00
1760471793423,4,5,4,L3Neighbor,5.00
1760471793423,1,5,,L3Serving,5.00
1760471793423,1,5,2,L3Neighbor,11.00
1760471793423,1,5,4,L3Neighbor,8.00
1760471793423,8,5,,L3Serving,5.00
1760471793423,8,5,2,L3Neighbor,25.00
1760471793423,8,5,4,L3Neighbor,16.00
1760471793423,6,5,,L3Serving,6.00
1760471793423,6,5,3,L3Neighbor,0.00
1760471793423,6,5,2,L3Neighbor,-4.00
1760471793644,10,4,,L3Serving,14.00
1760471793644,10,4,2,L3Neighbor,15.00
1760471793644,10,4,5,L3Neighbor,4.00
1760471793644,9,4,,L3Serving,28.00
1760471793644,9,4,3,L3Neighbor,19.00
1760471793644,9,4,5,L3Neighbor,6.00
1760471793644,7,4,,L3Serving,20.00
1760471793644,7,4,3,L3Neighbor,27.00
1760471793644,7,4,2,L3Neighbor,0.00
1760471793850,5,3,,L3Serving,10.00
1760471793850,5,3,2,L3Neighbor,3.00
1760471793850,5,3,4,L3Neighbor,-9.00
1760471814079,1,5,,L3Serving,8.00
1760471814079,1,5,2,L3Neighbor,13.00
1760471814079,1,5,4,L3Neighbor,7.00
1760471814079,2,5,,L3Serving,4.00
1760471814079,2,5,3,L3Neighbor,15.00
1760471814079,2,5,2,L3Neighbor,4.00
1760471814079,4,5,,L3Serving,13.00
1760471814079,4,5,2,L3Neighbor,8.00
1760471814079,4,5,4,L3Neighbor,0.00
1760471814079,8,5,,L3Serving,4.00
1760471814079,8,5,2,L3Neighbor,22.00
1760471814079,8,5,4,L3Neighbor,17.00
1760471814079,6,5,,L3Serving,0.00
1760471814079,6,5,3,L3Neighbor,0.00
1760471814079,6,5,2,L3Neighbor,-2.00
1760471814079,3,5,,L3Serving,14.00
1760471814079,3,5,2,L3Neighbor,21.00
1760471814079,3,5,3,L3Neighbor,3.00
1760471814286,7,4,,L3Serving,21.00
1760471814286,7,4,3,L3Neighbor,1.00
1760471814286,7,4,2,L3Neighbor,-3.00
1760471814286,10,4,,L3Serving,6.00
1760471814286,10,4,2,L3Neighbor,15.00
1760471814286,10,4,5,L3Neighbor,5.00
1760471814286,9,4,,L3Serving,26.00
1760471814286,9,4,3,L3Neighbor,13.00
1760471814286,9,4,5,L3Neighbor,6.00
1760471814412,5,3,,L3Serving,11.00
1760471814412,5,3,2,L3Neighbor,0.00
1760471814412,5,3,4,L3Neighbor,-10.00
1760471833471,1,5,,L3Serving,6.00
1760471833471,1,5,2,L3Neighbor,16.00
1760471833471,1,5,4,L3Neighbor,9.00
1760471833471,2,5,,L3Serving,2.00
1760471833471,2,5,3,L3Neighbor,15.00
1760471833471,2,5,2,L3Neighbor,4.00
1760471833471,6,5,,L3Serving,-4.00
1760471833471,6,5,3,L3Neighbor,0.00
1760471833471,6,5,2,L3Neighbor,-1.00
1760471833471,4,5,,L3Serving,13.00
1760471833471,4,5,2,L3Neighbor,11.00
1760471833471,4,5,4,L3Neighbor,0.00
1760471833471,3,5,,L3Serving,16.00
1760471833471,3,5,2,L3Neighbor,20.00
1760471833471,3,5,3,L3Neighbor,8.00
1760471833471,8,5,,L3Serving,4.00
1760471833471,8,5,2,L3Neighbor,22.00
1760471833471,8,5,4,L3Neighbor,18.00
1760471833685,7,4,,L3Serving,25.00
1760471833685,7,4,3,L3Neighbor,0.00
1760471833685,7,4,2,L3Neighbor,0.00
1760471833685,10,4,,L3Serving,6.00
1760471833685,10,4,2,L3Neighbor,15.00
1760471833685,10,4,3,L3Neighbor,4.00
1760471833685,9,4,,L3Serving,26.00
1760471833685,9,4,3,L3Neighbor,10.00
1760471833685,9,4,5,L3Neighbor,6.00
1760471833808,5,3,,L3Serving,11.00
1760471833808,5,3,2,L3Neighbor,-3.00
1760471833808,5,3,4,L3Neighbor,-9.00
1760471853701,1,5,,L3Serving,6.00
1760471853701,1,5,2,L3Neighbor,12.00
1760471853701,1,5,4,L3Neighbor,8.00
1760471853701,6,5,,L3Serving,0.00
1760471853701,6,5,4,L3Neighbor,22.00
1760471853701,6,5,3,L3Neighbor,0.00
1760471853701,3,5,,L3Serving,20.00
1760471853701,3,5,2,L3Neighbor,23.00
1760471853701,3,5,3,L3Neighbor,3.00
1760471853701,2,5,,L3Serving,1.00
1760471853701,2,5,2,L3Neighbor,1.00
1760471853701,2,5,3,L3Neighbor,-12.00
1760471853701,4,5,,L3Serving,13.00
1760471853701,4,5,2,L3Neighbor,10.00
1760471853701,4,5,4,L3Neighbor,1.00
1760471853701,8,5,,L3Serving,2.00
1760471853701,8,5,4,L3Neighbor,37.00
1760471853701,8,5,2,L3Neighbor,23.00
1760471853927,9,4,,L3Serving,7.00
1760471853927,9,4,2,L3Neighbor,17.00
1760471853927,9,4,3,L3Neighbor,12.00
1760471853927,7,4,,L3Serving,22.00
1760471853927,7,4,5,L3Neighbor,2.00
1760471853927,7,4,2,L3Neighbor,1.00
1760471853927,10,4,,L3Serving,9.00
1760471853927,10,4,2,L3Neighbor,13.00
1760471853927,10,4,3,L3Neighbor,7.00
1760471854095,5,3,,L3Serving,14.00
1760471854095,5,3,2,L3Neighbor,-2.00
1760471854095,5,3,5,L3Neighbor,-9.00
1760471874981,2,5,,L3Serving,2.00
1760471874981,2,5,2,L3Neighbor,1.00
1760471874981,2,5,3,L3Neighbor,-17.00
1760471874981,6,5,,L3Serving,0.00
1760471874981,6,5,4,L3Neighbor,22.00
1760471874981,6,5,3,L3Neighbor,0.00
1760471874981,8,5,,L3Serving,3.00
1760471874981,8,5,4,L3Neighbor,36.00
1760471874981,8,5,2,L3Neighbor,23.00
1760471874981,4,5,,L3Serving,14.00
1760471874981,4,5,2,L3Neighbor,9.00
1760471874981,4,5,4,L3Neighbor,0.00
1760471874981,1,5,,L3Serving,5.00
1760471874981,1,5,4,L3Neighbor,12.00
1760471874981,1,5,2,L3Neighbor,11.00
1760471874981,3,5,,L3Serving,21.00
1760471874981,3,5,2,L3Neighbor,24.00
1760471874981,3,5,3,L3Neighbor,2.00
1760471875210,10,4,,L3Serving,9.00
1760471875210,10,4,2,L3Neighbor,12.00
1760471875210,10,4,3,L3Neighbor,5.00
1760471875210,7,4,,L3Serving,22.00
1760471875210,7,4,5,L3Neighbor,1.00
1760471875210,7,4,2,L3Neighbor,0.00
1760471875210,9,4,,L3Serving,3.00
1760471875340,5,3,,L3Serving,15.00
1760471875340,5,3,2,L3Neighbor,-2.00
1760471875340,5,3,5,L3Neighbor,-7.00
1760471894648,4,5,,L3Serving,20.00
1760471894648,4,5,2,L3Neighbor,8.00
1760471894648,4,5,4,L3Neighbor,-5.00
1760471894648,3,5,,L3Serving,40.00
1760471894648,3,5,2,L3Neighbor,27.00
1760471894648,3,5,4,L3Neighbor,25.00
1760471894648,1,5,,L3Serving,2.00
1760471894648,1,5,2,L3Neighbor,14.00
1760471894648,1,5,4,L3Neighbor,12.00
1760471894648,6,5,,L3Serving,-1.00
1760471894648,6,5,4,L3Neighbor,0.00
1760471894648,6,5,3,L3Neighbor,-1.00
1760471894648,2,5,,L3Serving,5.00
1760471894648,2,5,2,L3Neighbor,6.00
1760471894648,2,5,3,L3Neighbor,-15.00
1760471894648,8,5,,L3Serving,1.00
1760471894648,8,5,2,L3Neighbor,28.00
1760471894648,8,5,4,L3Neighbor,18.00
1760471894831,10,4,,L3Serving,13.00
1760471894831,10,4,2,L3Neighbor,13.00
1760471894831,10,4,3,L3Neighbor,4.00
1760471894831,9,4,,L3Serving,6.00
1760471894831,9,4,3,L3Neighbor,14.00
1760471894831,9,4,2,L3Neighbor,8.00
1760471894831,7,4,,L3Serving,47.00
1760471894831,7,4,2,L3Neighbor,25.00
1760471894831,7,4,3,L3Neighbor,0.00
1760471894981,5,3,,L3Serving,12.00
1760471894981,5,3,2,L3Neighbor,0.00
1760471894981,5,3,5,L3Neighbor,-8.00
1760471914003,3,5,,L3Serving,40.00
1760471914003,3,5,2,L3Neighbor,27.00
1760471914003,3,5,4,L3Neighbor,24.00
1760471914003,6,5,,L3Serving,-3.00
1760471914003,6,5,4,L3Neighbor,1.00
1760471914003,6,5,2,L3Neighbor,-1.00
1760471914003,4,5,,L3Serving,17.00
1760471914003,4,5,2,L3Neighbor,11.00
1760471914003,4,5,4,L3Neighbor,-3.00
1760471914003,1,5,,L3Serving,3.00
1760471914003,1,5,2,L3Neighbor,14.00
1760471914003,1,5,4,L3Neighbor,12.00
1760471914003,2,5,,L3Serving,4.00
1760471914003,2,5,2,L3Neighbor,6.00
1760471914003,2,5,3,L3Neighbor,-16.00
1760471914003,8,5,,L3Serving,1.00
1760471914003,8,5,2,L3Neighbor,29.00
1760471914003,8,5,4,L3Neighbor,18.00
1760471914201,7,4,,L3Serving,47.00
1760471914201,7,4,2,L3Neighbor,25.00
1760471914201,7,4,5,L3Neighbor,-1.00
1760471914201,9,4,,L3Serving,6.00
1760471914201,9,4,3,L3Neighbor,11.00
1760471914201,9,4,2,L3Neighbor,10.00
1760471914201,10,4,,L3Serving,10.00
1760471914201,10,4,2,L3Neighbor,12.00
1760471914201,10,4,3,L3Neighbor,6.00
1760471914345,5,3,,L3Serving,7.00
1760471914345,5,3,2,L3Neighbor,1.00
1760471914345,5,3,5,L3Neighbor,-5.00
1760471934402,4,5,,L3Serving,11.00
1760471934402,4,5,2,L3Neighbor,5.00
1760471934402,4,5,4,L3Neighbor,-3.00
1760471934402,2,5,,L3Serving,3.00
1760471934402,2,5,4,L3Neighbor,14.00
1760471934402,2,5,2,L3Neighbor,7.00
1760471934402,8,5,,L3Serving,5.00
1760471934402,8,5,2,L3Neighbor,29.00
1760471934402,8,5,4,L3Neighbor,19.00
1760471934402,1,5,,L3Serving,7.00
1760471934402,1,5,2,L3Neighbor,14.00
1760471934402,1,5,4,L3Neighbor,7.00
1760471934402,3,5,,L3Serving,23.00
1760471934402,3,5,2,L3Neighbor,24.00
1760471934402,3,5,4,L3Neighbor,8.00
1760471934402,6,5,,L3Serving,-3.00
1760471934402,6,5,4,L3Neighbor,2.00
1760471934402,6,5,2,L3Neighbor,1.00
1760471934593,10,4,,L3Serving,13.00
1760471934593,10,4,2,L3Neighbor,10.00
1760471934593,10,4,3,L3Neighbor,9.00
1760471934593,9,4,,L3Serving,7.00
1760471934593,9,4,2,L3Neighbor,11.00
1760471934593,9,4,3,L3Neighbor,6.00
1760471934593,7,4,,L3Serving,43.00
1760471934593,7,4,2,L3Neighbor,16.00
1760471934593,7,4,5,L3Neighbor,1.00
1760471934776,5,3,,L3Serving,6.00
1760471934776,5,3,5,L3Neighbor,18.00
1760471934776,5,3,2,L3Neighbor,-4.00
1760471953522,2,5,,L3Serving,3.00
1760471953522,2,5,4,L3Neighbor,16.00
1760471953522,2,5,2,L3Neighbor,7.00
1760471953522,3,5,,L3Serving,23.00
1760471953522,3,5,2,L3Neighbor,24.00
1760471953522,3,5,4,L3Neighbor,8.00
1760471953522,4,5,,L3Serving,12.00
1760471953522,4,5,2,L3Neighbor,8.00
1760471953522,4,5,4,L3Neighbor,-5.00
1760471953522,1,5,,L3Serving,7.00
1760471953522,1,5,2,L3Neighbor,11.00
1760471953522,1,5,4,L3Neighbor,6.00
1760471953522,8,5,,L3Serving,2.00
1760471953522,8,5,2,L3Neighbor,30.00
1760471953522,8,5,4,L3Neighbor,19.00
1760471953522,6,5,,L3Serving,-1.00
1760471953522,6,5,4,L3Neighbor,2.00
1760471953522,6,5,2,L3Neighbor,0.00
1760471953721,7,4,,L3Serving,44.00
1760471953721,7,4,2,L3Neighbor,18.00
1760471953721,7,4,5,L3Neighbor,2.00
1760471953721,9,4,,L3Serving,8.00
1760471953721,9,4,2,L3Neighbor,12.00
1760471953721,9,4,3,L3Neighbor,6.00
1760471953721,10,4,,L3Serving,10.00
1760471953721,10,4,2,L3Neighbor,11.00
1760471953721,10,4,3,L3Neighbor,9.00
1760471953891,5,3,,L3Serving,7.00
1760471953891,5,3,5,L3Neighbor,17.00
1760471953891,5,3,2,L3Neighbor,-1.00
1760471973281,3,5,,L3Serving,22.00
1760471973281,3,5,2,L3Neighbor,49.00
1760471973281,3,5,4,L3Neighbor,7.00
1760471973281,1,5,,L3Serving,3.00
1760471973281,1,5,2,L3Neighbor,12.00
1760471973281,1,5,4,L3Neighbor,6.00
1760471973281,8,5,,L3Serving,4.00
1760471973281,8,5,2,L3Neighbor,32.00
1760471973281,8,5,4,L3Neighbor,22.00
1760471973281,4,5,,L3Serving,15.00
1760471973281,4,5,2,L3Neighbor,21.00
1760471973281,4,5,4,L3Neighbor,-5.00
1760471973281,6,5,,L3Serving,-5.00
1760471973281,2,5,,L3Serving,3.00
1760471973281,2,5,2,L3Neighbor,26.00
1760471973281,2,5,3,L3Neighbor,6.00
1760471973465,9,4,,L3Serving,8.00
1760471973465,9,4,2,L3Neighbor,10.00
1760471973465,9,4,3,L3Neighbor,9.00
1760471973465,7,4,,L3Serving,11.00
1760471973465,7,4,2,L3Neighbor,14.00
1760471973465,7,4,5,L3Neighbor,4.00
1760471973465,10,4,,L3Serving,10.00
1760471973465,10,4,2,L3Neighbor,9.00
1760471973465,10,4,3,L3Neighbor,3.00
1760471973617,5,3,,L3Serving,7.00
1760471973617,5,3,5,L3Neighbor,21.00
1760471973617,5,3,2,L3Neighbor,0.00
1760471994379,1,5,,L3Serving,5.00
1760471994379,1,5,2,L3Neighbor,10.00
1760471994379,1,5,4,L3Neighbor,7.00
1760471994379,6,5,,L3Serving,-3.00
1760471994379,3,5,,L3Serving,22.00
1760471994379,3,5,2,L3Neighbor,50.00
1760471994379,3,5,4,L3Neighbor,6.00
1760471994379,8,5,,L3Serving,3.00
1760471994379,8,5,2,L3Neighbor,27.00
1760471994379,8,5,4,L3Neighbor,23.00
1760471994379,2,5,,L3Serving,0.00
1760471994379,2,5,2,L3Neighbor,24.00
1760471994379,2,5,3,L3Neighbor,7.00
1760471994379,4,5,,L3Serving,13.00
1760471994379,4,5,2,L3Neighbor,21.00
1760471994379,4,5,4,L3Neighbor,-3.00
1760471994603,10,4,,L3Serving,8.00
1760471994603,10,4,2,L3Neighbor,10.00
1760471994603,10,4,3,L3Neighbor,3.00
1760471994603,9,4,,L3Serving,11.00
1760471994603,9,4,3,L3Neighbor,8.00
1760471994603,9,4,2,L3Neighbor,7.00
1760471994603,7,4,,L3Serving,12.00
1760471994603,7,4,2,L3Neighbor,13.00
1760471994603,7,4,5,L3Neighbor,6.00
1760471994788,5,3,,L3Serving,4.00
1760471994788,5,3,5,L3Neighbor,21.00
1760471994788,5,3,2,L3Neighbor,-1.00
1760472013453,8,5,,L3Serving,38.00
1760472013453,8,5,4,L3Neighbor,32.00
1760472013453,8,5,2,L3Neighbor,29.00
1760472013453,1,5,,L3Serving,11.00
1760472013453,1,5,2,L3Neighbor,10.00
1760472013453,1,5,4,L3Neighbor,3.00
1760472013453,4,5,,L3Serving,12.00
1760472013453,4,5,2,L3Neighbor,7.00
1760472013453,4,5,4,L3Neighbor,-3.00
1760472013453,3,5,,L3Serving,17.00
1760472013453,3,5,2,L3Neighbor,26.00
1760472013453,3,5,4,L3Neighbor,12.00
1760472013453,2,5,,L3Serving,2.00
1760472013453,2,5,2,L3Neighbor,1.00
1760472013453,2,5,4,L3Neighbor,0.00
1760472013453,6,5,,L3Serving,-4.00
1760472013453,6,5,4,L3Neighbor,2.00
1760472013453,6,5,2,L3Neighbor,-2.00
1760472013699,7,4,,L3Serving,13.00
1760472013699,7,4,2,L3Neighbor,11.00
1760472013699,7,4,5,L3Neighbor,3.00
1760472013699,9,4,,L3Serving,11.00
1760472013699,9,4,2,L3Neighbor,11.00
1760472013699,9,4,3,L3Neighbor,5.00
1760472013699,10,4,,L3Serving,6.00
1760472013699,10,4,2,L3Neighbor,15.00
1760472013699,10,4,3,L3Neighbor,5.00
1760472013862,5,3,,L3Serving,12.00
1760472013862,5,3,2,L3Neighbor,-2.00
1760472013862,5,3,4,L3Neighbor,-7.00
1760472033722,8,5,,L3Serving,38.00
1760472033722,8,5,2,L3Neighbor,30.00
1760472033722,8,5,4,L3Neighbor,30.00
1760472033722,1,5,,L3Serving,9.00
1760472033722,1,5,4,L3Neighbor,7.00
1760472033722,1,5,2,L3Neighbor,7.00
1760472033722,3,5,,L3Serving,17.00
1760472033722,3,5,2,L3Neighbor,25.00
1760472033722,3,5,4,L3Neighbor,10.00
1760472033722,4,5,,L3Serving,17.00
1760472033722,4,5,2,L3Neighbor,7.00
1760472033722,4,5,4,L3Neighbor,-4.00
1760472033722,2,5,,L3Serving,-3.00
1760472033722,6,5,,L3Serving,-1.00
1760472033722,6,5,4,L3Neighbor,6.00
1760472033722,6,5,2,L3Neighbor,-2.00
1760472034004,9,4,,L3Serving,10.00
1760472034004,9,4,2,L3Neighbor,9.00
1760472034004,9,4,3,L3Neighbor,5.00
1760472034004,7,4,,L3Serving,16.00
1760472034004,7,4,2,L3Neighbor,11.00
1760472034004,7,4,5,L3Neighbor,2.00
1760472034004,10,4,,L3Serving,7.00
1760472034004,10,4,2,L3Neighbor,15.00
1760472034004,10,4,5,L3Neighbor,2.00
1760472034124,5,3,,L3Serving,13.00
1760472034124,5,3,2,L3Neighbor,-2.00
1760472034124,5,3,4,L3Neighbor,-3.00
1760472055638,8,5,,L3Serving,15.00
1760472055638,8,5,4,L3Neighbor,21.00
1760472055638,8,5,2,L3Neighbor,20.00
1760472055638,1,5,,L3Serving,4.00
1760472055638,3,5,,L3Serving,19.00
1760472055638,3,5,2,L3Neighbor,21.00
1760472055638,3,5,4,L3Neighbor,8.00
1760472055638,4,5,,L3Serving,14.00
1760472055638,4,5,4,L3Neighbor,21.00
1760472055638,4,5,2,L3Neighbor,16.00
1760472055638,2,5,,L3Serving,3.00
1760472055638,2,5,2,L3Neighbor,2.00
1760472055638,2,5,4,L3Neighbor,0.00
1760472055638,6,5,,L3Serving,0.00
1760472055638,6,5,4,L3Neighbor,2.00
1760472055638,6,5,3,L3Neighbor,0.00
1760472055922,7,4,,L3Serving,12.00
1760472055922,7,4,2,L3Neighbor,11.00
1760472055922,7,4,5,L3Neighbor,-2.00
1760472055922,9,4,,L3Serving,10.00
1760472055922,9,4,2,L3Neighbor,6.00
1760472055922,9,4,3,L3Neighbor,3.00
1760472055922,10,4,,L3Serving,9.00
1760472055922,10,4,2,L3Neighbor,13.00
1760472055922,10,4,3,L3Neighbor,6.00
1760472056051,5,3,,L3Serving,6.00
1760472056051,5,3,4,L3Neighbor,10.00
1760472056051,5,3,2,L3Neighbor,0.00
1760472076102,1,5,,L3Serving,4.00
1760472076102,6,5,,L3Serving,-1.00
1760472076102,6,5,3,L3Neighbor,0.00
1760472076102,6,5,4,L3Neighbor,0.00
1760472076102,2,5,,L3Serving,3.00
1760472076102,2,5,2,L3Neighbor,1.00
1760472076102,2,5,4,L3Neighbor,0.00
1760472076102,8,5,,L3Serving,12.00
1760472076102,8,5,2,L3Neighbor,18.00
1760472076102,8,5,4,L3Neighbor,17.00
1760472076102,3,5,,L3Serving,17.00
1760472076102,3,5,2,L3Neighbor,22.00
1760472076102,3,5,4,L3Neighbor,7.00
1760472076102,4,5,,L3Serving,13.00
1760472076102,4,5,4,L3Neighbor,24.00
1760472076102,4,5,2,L3Neighbor,13.00
1760472076333,9,4,,L3Serving,12.00
1760472076333,9,4,2,L3Neighbor,6.00
1760472076333,9,4,3,L3Neighbor,2.00
1760472076333,7,4,,L3Serving,12.00
1760472076333,7,4,2,L3Neighbor,11.00
1760472076333,7,4,3,L3Neighbor,1.00
1760472076333,10,4,,L3Serving,8.00
1760472076333,10,4,2,L3Neighbor,9.00
1760472076333,10,4,3,L3Neighbor,6.00
1760472076486,5,3,,L3Serving,8.00
1760472076486,5,3,4,L3Neighbor,10.00
1760472076486,5,3,2,L3Neighbor,-2.00
1760472097279,4,5,,L3Serving,44.00
1760472097279,4,5,2,L3Neighbor,7.00
1760472097279,4,5,4,L3Neighbor,-2.00
1760472097279,6,5,,L3Serving,-3.00
1760472097279,6,5,4,L3Neighbor,1.00
1760472097279,6,5,3,L3Neighbor,-2.00
1760472097279,1,5,,L3Serving,5.00
1760472097279,1,5,4,L3Neighbor,9.00
1760472097279,1,5,2,L3Neighbor,4.00
1760472097279,3,5,,L3Serving,38.00
1760472097279,3,5,2,L3Neighbor,22.00
1760472097279,3,5,3,L3Neighbor,2.00
1760472097279,2,5,,L3Serving,5.00
1760472097279,2,5,2,L3Neighbor,-1.00
1760472097279,2,5,3,L3Neighbor,-1.00
1760472097279,8,5,,L3Serving,17.00
1760472097279,8,5,2,L3Neighbor,25.00
1760472097279,8,5,4,L3Neighbor,18.00
1760472097519,9,4,,L3Serving,9.00
1760472097519,9,4,2,L3Neighbor,15.00
1760472097519,9,4,3,L3Neighbor,9.00
1760472097519,7,4,,L3Serving,17.00
1760472097519,7,4,2,L3Neighbor,34.00
1760472097519,7,4,5,L3Neighbor,2.00
1760472097519,10,4,,L3Serving,4.00
1760472097519,10,4,2,L3Neighbor,14.00
1760472097519,10,4,3,L3Neighbor,6.00
1760472097650,5,3,,L3Serving,10.00
1760472097650,5,3,4,L3Neighbor,-1.00
1760472097650,5,3,5,L3Neighbor,-5.00
1760472117895,1,5,,L3Serving,5.00
1760472117895,1,5,4,L3Neighbor,7.00
1760472117895,1,5,2,L3Neighbor,4.00
1760472117895,2,5,,L3Serving,1.00
1760472117895,2,5,2,L3Neighbor,-1.00
1760472117895,2,5,3,L3Neighbor,-4.00
1760472117895,8,5,,L3Serving,19.00
1760472117895,8,5,2,L3Neighbor,26.00
1760472117895,8,5,4,L3Neighbor,18.00
1760472117895,6,5,,L3Serving,-3.00
1760472117895,6,5,4,L3Neighbor,1.00
1760472117895,6,5,3,L3Neighbor,-2.00
1760472117895,4,5,,L3Serving,44.00
1760472117895,4,5,2,L3Neighbor,7.00
1760472117895,4,5,4,L3Neighbor,0.00
1760472117895,3,5,,L3Serving,38.00
1760472117895,3,5,2,L3Neighbor,24.00
1760472117895,3,5,3,L3Neighbor,0.00
1760472118116,10,4,,L3Serving,5.00
1760472118116,10,4,2,L3Neighbor,13.00
1760472118116,10,4,3,L3Neighbor,6.00
1760472118116,9,4,,L3Serving,8.00
1760472118116,9,4,2,L3Neighbor,15.00
1760472118116,9,4,3,L3Neighbor,9.00
1760472118116,7,4,,L3Serving,15.00
1760472118116,7,4,2,L3Neighbor,35.00
1760472118116,7,4,5,L3Neighbor,0.00
1760472118368,5,3,,L3Serving,11.00
1760472118368,5,3,2,L3Neighbor,-4.00
1760472118368,5,3,4,L3Neighbor,-6.00
1760472137611,3,5,,L3Serving,6.00
1760472137611,3,5,2,L3Neighbor,23.00
1760472137611,3,5,4,L3Neighbor,5.00
1760472137611,2,5,,L3Serving,0.00
1760472137611,2,5,2,L3Neighbor,3.00
1760472137611,2,5,4,L3Neighbor,-1.00
1760472137611,1,5,,L3Serving,9.00
1760472137611,1,5,2,L3Neighbor,6.00
1760472137611,1,5,3,L3Neighbor,1.00
1760472137611,6,5,,L3Serving,0.00
1760472137611,6,5,4,L3Neighbor,1.00
1760472137611,6,5,2,L3Neighbor,0.00
1760472137611,4,5,,L3Serving,17.00
1760472137611,4,5,2,L3Neighbor,8.00
1760472137611,4,5,4,L3Neighbor,3.00
1760472137611,8,5,,L3Serving,18.00
1760472137611,8,5,2,L3Neighbor,26.00
1760472137611,8,5,3,L3Neighbor,20.00
1760472137804,9,4,,L3Serving,10.00
1760472137804,9,4,2,L3Neighbor,8.00
1760472137804,9,4,3,L3Neighbor,4.00
1760472137804,7,4,,L3Serving,11.00
1760472137804,7,4,2,L3Neighbor,27.00
1760472137804,7,4,3,L3Neighbor,0.00
1760472137804,10,4,,L3Serving,12.00
1760472137804,10,4,2,L3Neighbor,6.00
1760472137804,10,4,3,L3Neighbor,3.00
1760472137935,5,3,,L3Serving,30.00
1760472137935,5,3,2,L3Neighbor,0.00
1760472137935,5,3,5,L3Neighbor,0.00
1760472157339,3,5,,L3Serving,5.00
1760472157339,3,5,2,L3Neighbor,25.00
1760472157339,3,5,4,L3Neighbor,5.00
1760472157339,4,5,,L3Serving,16.00
1760472157339,4,5,2,L3Neighbor,8.00
1760472157339,4,5,4,L3Neighbor,2.00
1760472157339,8,5,,L3Serving,20.00
1760472157339,8,5,2,L3Neighbor,23.00
1760472157339,8,5,3,L3Neighbor,19.00
1760472157339,2,5,,L3Serving,0.00
1760472157339,2,5,2,L3Neighbor,0.00
1760472157339,2,5,3,L3Neighbor,0.00
1760472157339,1,5,,L3Serving,7.00
1760472157339,1,5,2,L3Neighbor,5.00
1760472157339,1,5,3,L3Neighbor,4.00
1760472157339,6,5,,L3Serving,0.00
1760472157339,6,5,4,L3Neighbor,3.00
1760472157339,6,5,2,L3Neighbor,1.00
1760472157527,10,4,,L3Serving,10.00
1760472157527,10,4,2,L3Neighbor,7.00
1760472157527,10,4,3,L3Neighbor,0.00
1760472157527,7,4,,L3Serving,16.00
1760472157527,7,4,2,L3Neighbor,24.00
1760472157527,7,4,3,L3Neighbor,0.00
1760472157527,9,4,,L3Serving,12.00
1760472157527,9,4,2,L3Neighbor,11.00
1760472157527,9,4,3,L3Neighbor,4.00
1760472157658,5,3,,L3Serving,31.00
1760472157658,5,3,5,L3Neighbor,0.00
1760472157658,5,3,2,L3Neighbor,-1.00
1760472178709,3,5,,L3Serving,8.00
1760472178709,3,5,2,L3Neighbor,25.00
1760472178709,3,5,4,L3Neighbor,3.00
1760472178709,4,5,,L3Serving,15.00
1760472178709,4,5,2,L3Neighbor,10.00
1760472178709,4,5,4,L3Neighbor,0.00
1760472178709,1,5,,L3Serving,3.00
1760472178709,2,5,,L3Serving,-4.00
1760472178709,6,5,,L3Serving,0.00
1760472178709,6,5,2,L3Neighbor,1.00
1760472178709,6,5,3,L3Neighbor,0.00
1760472178709,8,5,,L3Serving,13.00
1760472178709,8,5,2,L3Neighbor,25.00
1760472178709,8,5,4,L3Neighbor,14.00
1760472178903,7,4,,L3Serving,49.00
1760472178903,7,4,2,L3Neighbor,21.00
1760472178903,7,4,3,L3Neighbor,-5.00
1760472178903,10,4,,L3Serving,-3.00
1760472178903,9,4,,L3Serving,13.00
1760472178903,9,4,2,L3Neighbor,29.00
1760472178903,9,4,3,L3Neighbor,5.00
1760472179003,5,3,,L3Serving,22.00
1760472179003,5,3,2,L3Neighbor,0.00
1760472179003,5,3,4,L3Neighbor,0.00
1760472197809,1,5,,L3Serving,0.00
1760472197809,2,5,,L3Serving,-2.00
1760472197809,2,5,2,L3Neighbor,25.00
1760472197809,2,5,4,L3Neighbor,-2.00
1760472197809,6,5,,L3Serving,1.00
1760472197809,6,5,3,L3Neighbor,1.00
1760472197809,6,5,2,L3Neighbor,1.00
1760472197809,8,5,,L3Serving,10.00
1760472197809,8,5,2,L3Neighbor,24.00
1760472197809,8,5,4,L3Neighbor,14.00
1760472197809,3,5,,L3Serving,8.00
1760472197809,3,5,2,L3Neighbor,28.00
1760472197809,3,5,3,L3Neighbor,3.00
1760472197809,4,5,,L3Serving,15.00
1760472197809,4,5,2,L3Neighbor,9.00
1760472197809,4,5,4,L3Neighbor,2.00
1760472198050,9,4,,L3Serving,12.00
1760472198050,9,4,2,L3Neighbor,28.00
1760472198050,9,4,5,L3Neighbor,3.00
1760472198050,10,4,,L3Serving,-1.00
1760472198050,7,4,,L3Serving,48.00
1760472198050,7,4,2,L3Neighbor,22.00
1760472198050,7,4,3,L3Neighbor,-8.00
1760472198168,5,3,,L3Serving,21.00
1760472198168,5,3,4,L3Neighbor,2.00
1760472198168,5,3,2,L3Neighbor,2.00
1760472217961,2,5,,L3Serving,-5.00
1760472217961,6,5,,L3Serving,3.00
1760472217961,6,5,3,L3Neighbor,0.00
1760472217961,6,5,4,L3Neighbor,-2.00
1760472217961,1,5,,L3Serving,1.00
1760472217961,1,5,2,L3Neighbor,8.00
1760472217961,1,5,4,L3Neighbor,0.00
1760472217961,4,5,,L3Serving,15.00
1760472217961,4,5,2,L3Neighbor,7.00
1760472217961,4,5,4,L3Neighbor,2.00
1760472217961,8,5,,L3Serving,14.00
1760472217961,8,5,2,L3Neighbor,25.00
1760472217961,8,5,3,L3Neighbor,10.00
1760472217961,3,5,,L3Serving,7.00
1760472217961,3,5,2,L3Neighbor,26.00
1760472217961,3,5,4,L3Neighbor,16.00
1760472218223,10,4,,L3Serving,7.00
1760472218223,10,4,2,L3Neighbor,9.00
1760472218223,10,4,5,L3Neighbor,4.00
1760472218223,7,4,,L3Serving,32.00
1760472218223,7,4,2,L3Neighbor,23.00
1760472218223,7,4,3,L3Neighbor,-2.00
1760472218223,9,4,,L3Serving,14.00
1760472218223,9,4,5,L3Neighbor,5.00
1760472218223,9,4,2,L3Neighbor,3.00
1760472218364,5,3,,L3Serving,23.00
1760472218364,5,3,2,L3Neighbor,0.00
1760472218364,5,3,4,L3Neighbor,-1.00
1760472239478,1,5,,L3Serving,-1.00
1760472239478,1,5,2,L3Neighbor,8.00
1760472239478,1,5,3,L3Neighbor,0.00
1760472239478,2,5,,L3Serving,-6.00
1760472239478,6,5,,L3Serving,4.00
1760472239478,6,5,3,L3Neighbor,-2.00
1760472239478,6,5,4,L3Neighbor,-5.00
1760472239478,8,5,,L3Serving,14.00
1760472239478,8,5,2,L3Neighbor,24.00
1760472239478,8,5,4,L3Neighbor,14.00
1760472239478,4,5,,L3Serving,16.00
1760472239478,4,5,2,L3Neighbor,9.00
1760472239478,4,5,4,L3Neighbor,0.00
1760472239478,3,5,,L3Serving,5.00
1760472239478,3,5,2,L3Neighbor,24.00
1760472239478,3,5,4,L3Neighbor,15.00
1760472239812,9,4,,L3Serving,16.00
1760472239812,9,4,3,L3Neighbor,6.00
1760472239812,9,4,5,L3Neighbor,3.00
1760472239812,10,4,,L3Serving,4.00
1760472239812,10,4,2,L3Neighbor,9.00
1760472239812,10,4,5,L3Neighbor,7.00
1760472239812,7,4,,L3Serving,32.00
1760472239812,7,4,2,L3Neighbor,24.00
1760472239812,7,4,3,L3Neighbor,-1.00
1760472240012,5,3,,L3Serving,23.00
1760472240012,5,3,4,L3Neighbor,0.00
1760472240012,5,3,2,L3Neighbor,-1.00
1760472260822,4,5,,L3Serving,20.00
1760472260822,4,5,2,L3Neighbor,6.00
1760472260822,4,5,4,L3Neighbor,5.00
1760472260822,1,5,,L3Serving,41.00
1760472260822,1,5,2,L3Neighbor,8.00
1760472260822,1,5,3,L3Neighbor,5.00
1760472260822,3,5,,L3Serving,6.00
1760472260822,3,5,2,L3Neighbor,37.00
1760472260822,3,5,3,L3Neighbor,7.00
1760472260822,8,5,,L3Serving,17.00
1760472260822,8,5,2,L3Neighbor,32.00
1760472260822,8,5,4,L3Neighbor,14.00
1760472260822,2,5,,L3Serving,-5.00
1760472260822,2,5,4,L3Neighbor,-3.00
1760472260822,2,5,3,L3Neighbor,-4.00
1760472260822,6,5,,L3Serving,4.00
1760472260822,6,5,3,L3Neighbor,-1.00
1760472260822,6,5,2,L3Neighbor,-3.00
1760472261023,10,4,,L3Serving,4.00
1760472261023,10,4,2,L3Neighbor,25.00
1760472261023,10,4,5,L3Neighbor,12.00
1760472261023,9,4,,L3Serving,17.00
1760472261023,9,4,2,L3Neighbor,9.00
1760472261023,9,4,5,L3Neighbor,8.00
1760472261023,7,4,,L3Serving,34.00
1760472261023,7,4,2,L3Neighbor,20.00
1760472261023,7,4,3,L3Neighbor,0.00
1760472261119,5,3,,L3Serving,21.00
1760472261119,5,3,2,L3Neighbor,1.00
1760472261119,5,3,4,L3Neighbor,0.00
1760472280928,4,5,,L3Serving,20.00
1760472280928,4,5,2,L3Neighbor,12.00
1760472280928,4,5,4,L3Neighbor,4.00
1760472280928,8,5,,L3Serving,17.00
1760472280928,8,5,2,L3Neighbor,32.00
1760472280928,8,5,4,L3Neighbor,15.00
1760472280928,2,5,,L3Serving,-3.00
1760472280928,2,5,3,L3Neighbor,-2.00
1760472280928,2,5,4,L3Neighbor,-3.00
1760472280928,1,5,,L3Serving,40.00
1760472280928,1,5,2,L3Neighbor,14.00
1760472280928,1,5,3,L3Neighbor,6.00
1760472280928,3,5,,L3Serving,7.00
1760472280928,3,5,2,L3Neighbor,38.00
1760472280928,3,5,3,L3Neighbor,6.00
1760472280928,6,5,,L3Serving,5.00
1760472280928,6,5,3,L3Neighbor,0.00
1760472280928,6,5,2,L3Neighbor,-1.00
1760472281201,9,4,,L3Serving,21.00
1760472281201,9,4,2,L3Neighbor,9.00
1760472281201,9,4,5,L3Neighbor,6.00
1760472281201,10,4,,L3Serving,3.00
1760472281201,10,4,2,L3Neighbor,24.00
1760472281201,10,4,5,L3Neighbor,1.00
1760472281201,7,4,,L3Serving,32.00
1760472281201,7,4,2,L3Neighbor,19.00
1760472281201,7,4,3,L3Neighbor,0.00
1760472281308,5,3,,L3Serving,20.00
1760472281308,5,3,2,L3Neighbor,2.00
1760472281308,5,3,4,L3Neighbor,-1.00
1760472304098,8,5,,L3Serving,16.00
1760472304098,8,5,3,L3Neighbor,16.00
1760472304098,8,5,4,L3Neighbor,15.00
1760472304098,3,5,,L3Serving,45.00
1760472304098,3,5,2,L3Neighbor,16.00
1760472304098,3,5,3,L3Neighbor,5.00
1760472304098,4,5,,L3Serving,41.00
1760472304098,4,5,2,L3Neighbor,8.00
1760472304098,4,5,4,L3Neighbor,5.00
1760472304098,1,5,,L3Serving,27.00
1760472304098,1,5,2,L3Neighbor,17.00
1760472304098,1,5,3,L3Neighbor,7.00
1760472304098,2,5,,L3Serving,-3.00
1760472304098,2,5,3,L3Neighbor,3.00
1760472304098,2,5,4,L3Neighbor,0.00
1760472304098,6,5,,L3Serving,7.00
1760472304098,6,5,2,L3Neighbor,13.00
1760472304098,6,5,3,L3Neighbor,-2.00
1760472304342,9,4,,L3Serving,19.00
1760472304342,9,4,2,L3Neighbor,9.00
1760472304342,9,4,3,L3Neighbor,5.00
1760472304342,10,4,,L3Serving,8.00
1760472304342,10,4,5,L3Neighbor,11.00
1760472304342,10,4,3,L3Neighbor,3.00
1760472304342,7,4,,L3Serving,29.00
1760472304342,7,4,2,L3Neighbor,22.00
1760472304342,7,4,3,L3Neighbor,0.00
1760472304508,5,3,,L3Serving,21.00
1760472304508,5,3,5,L3Neighbor,-1.00
1760472304508,5,3,4,L3Neighbor,-3.00
1760472325056,8,5,,L3Serving,16.00
1760472325056,8,5,4,L3Neighbor,17.00
1760472325056,8,5,3,L3Neighbor,14.00
1760472325056,3,5,,L3Serving,45.00
1760472325056,3,5,2,L3Neighbor,13.00
1760472325056,3,5,3,L3Neighbor,3.00
1760472325056,4,5,,L3Serving,42.00
1760472325056,4,5,2,L3Neighbor,6.00
1760472325056,4,5,4,L3Neighbor,6.00
1760472325056,1,5,,L3Serving,27.00
1760472325056,1,5,2,L3Neighbor,16.00
1760472325056,1,5,3,L3Neighbor,8.00
1760472325056,6,5,,L3Serving,3.00
1760472325056,6,5,2,L3Neighbor,13.00
1760472325056,6,5,3,L3Neighbor,1.00
1760472325056,2,5,,L3Serving,-1.00
1760472325056,2,5,4,L3Neighbor,1.00
1760472325056,2,5,3,L3Neighbor,0.00
1760472325297,9,4,,L3Serving,18.00
1760472325297,9,4,2,L3Neighbor,10.00
1760472325297,9,4,3,L3Neighbor,3.00
1760472325297,7,4,,L3Serving,28.00
1760472325297,7,4,2,L3Neighbor,26.00
1760472325297,7,4,3,L3Neighbor,0.00
1760472325297,10,4,,L3Serving,7.00
1760472325297,10,4,5,L3Neighbor,10.00
1760472325297,10,4,3,L3Neighbor,2.00
1760472325423,5,3,,L3Serving,20.00
1760472325423,5,3,5,L3Neighbor,0.00
1760472325423,5,3,2,L3Neighbor,-5.00
