timestamp,id,x,y,type,cell,simid
1760464521122,2,537.09,260.954,mc,0,1760464521122
1760464521122,3,269.897,219.587,mc,0,1760464521122
1760464521122,4,469.762,371.584,mc,0,1760464521122
1760464521122,5,316.581,270.483,mc,0,1760464521122
1760464521122,6,754.82,319.729,mc,0,1760464521122
1760464521122,7,72.3764,371.115,mc,0,1760464521122
1760464521122,8,479.296,709.06,mc,0,1760464521122
1760464521122,9,293.03,500.422,mc,0,1760464521122
1760464521122,10,577.241,716.13,mc,0,1760464521122
1760464521122,11,300.979,491.77,mc,0,1760464521122
1760464521222,2,536.727,260.518,mc,5,1760464521122
1760464521222,3,270.292,219.462,mc,5,1760464521122
1760464521222,4,469.434,371.31,mc,5,1760464521122
1760464521222,5,316.052,270.282,mc,3,1760464521122
1760464521222,6,755.012,320.191,mc,5,1760464521122
1760464521222,7,72.6814,370.861,mc,4,1760464521122
1760464521222,8,479.055,708.869,mc,5,1760464521122
1760464521222,9,293.309,500.654,mc,4,1760464521122
1760464521222,10,577.847,716.1,mc,4,1760464521122
1760464521222,11,301.263,492.187,mc,0,1760464521122
1760464521322,2,536.365,260.083,mc,5,1760464521122
1760464521322,3,270.686,219.336,mc,5,1760464521122
1760464521322,4,469.107,371.037,mc,5,1760464521122
1760464521322,5,315.522,270.08,mc,3,1760464521122
1760464521322,6,755.205,320.654,mc,5,1760464521122
1760464521322,7,72.9864,370.608,mc,4,1760464521122
1760464521322,8,478.814,708.678,mc,5,1760464521122
1760464521322,9,293.588,500.886,mc,4,1760464521122
1760464521322,10,578.452,716.07,mc,4,1760464521122
1760464521322,11,301.547,492.605,mc,0,1760464521122
1760464521422,2,536.003,259.647,mc,5,1760464521122
1760464521422,3,271.081,219.211,mc,5,1760464521122
1760464521422,4,468.779,370.763,mc,5,1760464521122
1760464521422,5,314.993,269.879,mc,3,1760464521122
1760464521422,6,755.397,321.116,mc,5,1760464521122
1760464521422,7,73.2913,370.355,mc,4,1760464521122
1760464521422,8,478.573,708.487,mc,5,1760464521122
1760464521422,9,293.867,501.118,mc,4,1760464521122
1760464521422,10,579.058,716.04,mc,4,1760464521122
1760464521422,11,301.831,493.023,mc,0,1760464521122
1760464521522,2,535.641,259.212,mc,5,1760464521122
1760464521522,3,271.475,219.085,mc,5,1760464521122
1760464521522,4,468.451,370.489,mc,5,1760464521122
1760464521522,5,314.463,269.677,mc,3,1760464521122
1760464521522,6,755.589,321.578,mc,5,1760464521122
1760464521522,7,73.5963,370.102,mc,4,1760464521122
1760464521522,8,478.332,708.296,mc,5,1760464521122
1760464521522,9,294.147,501.35,mc,4,1760464521122
1760464521522,10,579.663,716.011,mc,4,1760464521122
1760464521522,11,302.115,493.44,mc,0,1760464521122
1760464521622,2,535.279,258.776,mc,5,1760464521122
1760464521622,3,271.869,218.96,mc,5,1760464521122
1760464521622,4,468.123,370.216,mc,5,1760464521122
1760464521622,5,313.934,269.475,mc,3,1760464521122
1760464521622,6,755.782,322.041,mc,5,1760464521122
1760464521622,7,73.9013,369.849,mc,4,1760464521122
1760464521622,8,478.091,708.105,mc,5,1760464521122
1760464521622,9,294.426,501.582,mc,4,1760464521122
1760464521622,10,580.269,715.981,mc,4,1760464521122
1760464521622,11,302.399,493.858,mc,0,1760464521122
1760464521722,2,534.917,258.34,mc,5,1760464521122
1760464521722,3,272.264,218.834,mc,5,1760464521122
1760464521722,4,467.796,369.942,mc,5,1760464521122
1760464521722,5,313.404,269.274,mc,3,1760464521122
1760464521722,6,755.974,322.503,mc,5,1760464521122
1760464521722,7,74.2063,369.596,mc,4,1760464521122
1760464521722,8,477.85,707.914,mc,5,1760464521122
1760464521722,9,294.705,501.814,mc,4,1760464521122
1760464521722,10,580.874,715.951,mc,4,1760464521122
1760464521722,11,302.683,494.275,mc,0,1760464521122
1760464521822,2,534.555,257.905,mc,5,1760464521122
1760464521822,3,272.658,218.709,mc,5,1760464521122
1760464521822,4,467.468,369.668,mc,5,1760464521122
1760464521822,5,312.875,269.072,mc,3,1760464521122
1760464521822,6,756.166,322.965,mc,5,1760464521122
1760464521822,7,74.5113,369.343,mc,4,1760464521122
1760464521822,8,477.609,707.723,mc,5,1760464521122
1760464521822,9,294.984,502.045,mc,4,1760464521122
1760464521822,10,581.48,715.921,mc,4,1760464521122
1760464521822,11,302.967,494.693,mc,0,1760464521122
1760464521922,2,534.193,257.469,mc,5,1760464521122
1760464521922,3,273.052,218.584,mc,5,1760464521122
1760464521922,4,467.14,369.395,mc,5,1760464521122
1760464521922,5,312.345,268.871,mc,3,1760464521122
1760464521922,6,756.359,323.428,mc,5,1760464521122
1760464521922,7,74.8163,369.089,mc,4,1760464521122
1760464521922,8,477.368,707.532,mc,5,1760464521122
1760464521922,9,295.263,502.277,mc,4,1760464521122
1760464521922,10,582.085,715.891,mc,4,1760464521122
1760464521922,11,303.25,495.111,mc,0,1760464521122
1760464522022,2,533.831,257.033,mc,5,1760464521122
1760464522022,3,273.447,218.458,mc,5,1760464521122
1760464522022,4,466.812,369.121,mc,5,1760464521122
1760464522022,5,311.815,268.669,mc,3,1760464521122
1760464522022,6,756.551,323.89,mc,5,1760464521122
1760464522022,7,75.1213,368.836,mc,4,1760464521122
1760464522022,8,477.127,707.341,mc,5,1760464521122
1760464522022,9,295.543,502.509,mc,4,1760464521122
1760464522022,10,582.691,715.861,mc,4,1760464521122
1760464522022,11,303.534,495.528,mc,0,1760464521122
1760464522122,2,533.469,256.598,mc,5,1760464521122
1760464522122,3,273.841,218.333,mc,5,1760464521122
1760464522122,4,466.485,368.847,mc,5,1760464521122
1760464522122,5,311.286,268.468,mc,3,1760464521122
1760464522122,6,756.743,324.352,mc,5,1760464521122
1760464522122,7,75.4263,368.583,mc,4,1760464521122
1760464522122,8,476.886,707.15,mc,5,1760464521122
1760464522122,9,295.822,502.741,mc,4,1760464521122
1760464522122,10,583.296,715.831,mc,4,1760464521122
1760464522122,11,303.818,495.946,mc,0,1760464521122
1760464522222,2,533.107,256.162,mc,5,1760464521122
1760464522222,3,274.236,218.207,mc,5,1760464521122
1760464522222,4,466.157,368.574,mc,5,1760464521122
1760464522222,5,310.756,268.266,mc,3,1760464521122
1760464522222,6,756.936,324.815,mc,5,1760464521122
1760464522222,7,75.7313,368.33,mc,4,1760464521122
1760464522222,8,476.645,706.959,mc,5,1760464521122
1760464522222,9,296.101,502.973,mc,4,1760464521122
1760464522222,10,583.902,715.801,mc,4,1760464521122
1760464522222,11,304.102,496.363,mc,0,1760464521122
1760464522322,2,532.745,255.727,mc,5,1760464521122
1760464522322,3,274.63,218.082,mc,5,1760464521122
1760464522322,4,465.829,368.3,mc,5,1760464521122
1760464522322,5,310.227,268.065,mc,3,1760464521122
1760464522322,6,757.128,325.277,mc,5,1760464521122
1760464522322,7,76.0363,368.077,mc,4,1760464521122
1760464522322,8,476.404,706.768,mc,5,1760464521122
1760464522322,9,296.38,503.205,mc,4,1760464521122
1760464522322,10,584.507,715.772,mc,4,1760464521122
1760464522322,11,304.386,496.781,mc,0,1760464521122
1760464522422,2,532.383,255.291,mc,5,1760464521122
1760464522422,3,275.024,217.956,mc,5,1760464521122
1760464522422,4,465.501,368.026,mc,5,1760464521122
1760464522422,5,309.697,267.863,mc,3,1760464521122
1760464522422,6,757.32,325.739,mc,5,1760464521122
1760464522422,7,76.3412,367.824,mc,4,1760464521122
1760464522422,8,476.163,706.577,mc,5,1760464521122
1760464522422,9,296.66,503.437,mc,4,1760464521122
1760464522422,10,585.113,715.742,mc,4,1760464521122
1760464522422,11,304.67,497.199,mc,0,1760464521122
1760464522522,2,532.021,254.855,mc,5,1760464521122
1760464522522,3,275.419,217.831,mc,5,1760464521122
1760464522522,4,465.174,367.753,mc,5,1760464521122
1760464522522,5,309.168,267.662,mc,3,1760464521122
1760464522522,6,757.513,326.202,mc,5,1760464521122
1760464522522,7,76.6462,367.571,mc,4,1760464521122
1760464522522,8,475.922,706.386,mc,5,1760464521122
1760464522522,9,296.939,503.669,mc,4,1760464521122
1760464522522,10,585.718,715.712,mc,4,1760464521122
1760464522522,11,304.954,497.616,mc,0,1760464521122
1760464522622,2,531.659,254.42,mc,5,1760464521122
1760464522622,3,275.813,217.705,mc,5,1760464521122
1760464522622,4,464.846,367.479,mc,5,1760464521122
1760464522622,5,308.638,267.46,mc,3,1760464521122
1760464522622,6,757.705,326.664,mc,5,1760464521122
1760464522622,7,76.9512,367.318,mc,4,1760464521122
1760464522622,8,475.681,706.195,mc,5,1760464521122
1760464522622,9,297.218,503.901,mc,4,1760464521122
1760464522622,10,586.324,715.682,mc,4,1760464521122
1760464522622,11,305.238,498.034,mc,0,1760464521122
1760464522722,2,531.297,253.984,mc,5,1760464521122
1760464522722,3,276.208,217.58,mc,5,1760464521122
1760464522722,4,464.518,367.205,mc,5,1760464521122
1760464522722,5,308.109,267.258,mc,3,1760464521122
1760464522722,6,757.898,327.126,mc,5,1760464521122
1760464522722,7,77.2562,367.064,mc,4,1760464521122
1760464522722,8,475.44,706.004,mc,5,1760464521122
1760464522722,9,297.497,504.133,mc,4,1760464521122
1760464522722,10,586.929,715.652,mc,4,1760464521122
1760464522722,11,305.522,498.451,mc,0,1760464521122
1760464522822,2,530.935,253.549,mc,5,1760464521122
1760464522822,3,276.602,217.454,mc,5,1760464521122
1760464522822,4,464.19,366.932,mc,5,1760464521122
1760464522822,5,307.579,267.057,mc,3,1760464521122
1760464522822,6,758.09,327.589,mc,5,1760464521122
1760464522822,7,77.5612,366.811,mc,4,1760464521122
1760464522822,8,475.199,705.813,mc,5,1760464521122
1760464522822,9,297.777,504.365,mc,4,1760464521122
1760464522822,10,587.535,715.622,mc,4,1760464521122
1760464522822,11,305.806,498.869,mc,0,1760464521122
1760464522922,2,530.573,253.113,mc,5,1760464521122
1760464522922,3,276.996,217.329,mc,5,1760464521122
1760464522922,4,463.863,366.658,mc,5,1760464521122
1760464522922,5,307.05,266.855,mc,3,1760464521122
1760464522922,6,758.282,328.051,mc,5,1760464521122
1760464522922,7,77.8662,366.558,mc,4,1760464521122
1760464522922,8,474.958,705.622,mc,5,1760464521122
1760464522922,9,298.056,504.597,mc,4,1760464521122
1760464522922,10,588.14,715.592,mc,4,1760464521122
1760464522922,11,306.09,499.287,mc,0,1760464521122
1760464523022,2,530.211,252.677,mc,5,1760464521122
1760464523022,3,277.391,217.203,mc,5,1760464521122
1760464523022,4,463.535,366.384,mc,5,1760464521122
1760464523022,5,306.52,266.654,mc,3,1760464521122
1760464523022,6,758.475,328.513,mc,5,1760464521122
1760464523022,7,78.1712,366.305,mc,4,1760464521122
1760464523022,8,474.717,705.431,mc,5,1760464521122
1760464523022,9,298.335,504.829,mc,4,1760464521122
1760464523022,10,588.745,715.562,mc,4,1760464521122
1760464523022,11,306.374,499.704,mc,0,1760464521122
1760464523122,2,529.849,252.242,mc,5,1760464521122
1760464523122,3,277.785,217.078,mc,5,1760464521122
1760464523122,4,463.207,366.111,mc,5,1760464521122
1760464523122,5,305.991,266.452,mc,3,1760464521122
1760464523122,6,758.667,328.976,mc,5,1760464521122
1760464523122,7,78.4762,366.052,mc,4,1760464521122
1760464523122,8,474.476,705.24,mc,5,1760464521122
1760464523122,9,298.614,505.061,mc,4,1760464521122
1760464523122,10,589.351,715.533,mc,4,1760464521122
1760464523122,11,306.657,500.122,mc,0,1760464521122
1760464523222,2,529.487,251.806,mc,5,1760464521122
1760464523222,3,278.18,216.953,mc,5,1760464521122
1760464523222,4,462.879,365.837,mc,5,1760464521122
1760464523222,5,305.461,266.251,mc,3,1760464521122
1760464523222,6,758.859,329.438,mc,5,1760464521122
1760464523222,7,78.7812,365.799,mc,4,1760464521122
1760464523222,8,474.235,705.049,mc,5,1760464521122
1760464523222,9,298.893,505.293,mc,4,1760464521122
1760464523222,10,589.956,715.503,mc,4,1760464521122
1760464523222,11,306.941,500.54,mc,0,1760464521122
1760464523322,2,529.125,251.371,mc,5,1760464521122
1760464523322,3,278.574,216.827,mc,5,1760464521122
1760464523322,4,462.552,365.563,mc,5,1760464521122
1760464523322,5,304.932,266.049,mc,3,1760464521122
1760464523322,6,759.052,329.9,mc,5,1760464521122
1760464523322,7,79.0862,365.546,mc,4,1760464521122
1760464523322,8,473.994,704.858,mc,5,1760464521122
1760464523322,9,299.173,505.525,mc,4,1760464521122
1760464523322,10,590.562,715.473,mc,4,1760464521122
1760464523322,11,307.225,500.957,mc,0,1760464521122
1760464523422,2,528.763,250.935,mc,5,1760464521122
1760464523422,3,278.968,216.702,mc,5,1760464521122
1760464523422,4,462.224,365.29,mc,5,1760464521122
1760464523422,5,304.402,265.848,mc,3,1760464521122
1760464523422,6,759.244,330.363,mc,5,1760464521122
1760464523422,7,79.3911,365.293,mc,4,1760464521122
1760464523422,8,473.753,704.667,mc,5,1760464521122
1760464523422,9,299.452,505.757,mc,4,1760464521122
1760464523422,10,591.167,715.443,mc,4,1760464521122
1760464523422,11,307.509,501.375,mc,0,1760464521122
1760464523522,2,528.401,250.499,mc,5,1760464521122
1760464523522,3,279.363,216.576,mc,5,1760464521122
1760464523522,4,461.896,365.016,mc,5,1760464521122
1760464523522,5,303.873,265.646,mc,3,1760464521122
1760464523522,6,759.436,330.825,mc,5,1760464521122
1760464523522,7,79.6961,365.039,mc,4,1760464521122
1760464523522,8,473.512,704.476,mc,5,1760464521122
1760464523522,9,299.731,505.989,mc,4,1760464521122
1760464523522,10,591.773,715.413,mc,4,1760464521122
1760464523522,11,307.793,501.792,mc,0,1760464521122
1760464523622,2,528.039,250.064,mc,5,1760464521122
1760464523622,3,279.757,216.451,mc,5,1760464521122
1760464523622,4,461.569,364.742,mc,5,1760464521122
1760464523622,5,303.343,265.445,mc,3,1760464521122
1760464523622,6,759.629,331.287,mc,5,1760464521122
1760464523622,7,80.0011,364.786,mc,4,1760464521122
1760464523622,8,473.272,704.285,mc,5,1760464521122
1760464523622,9,300.01,506.221,mc,4,1760464521122
1760464523622,10,592.378,715.383,mc,4,1760464521122
1760464523622,11,308.077,502.21,mc,0,1760464521122
1760464523722,2,527.677,249.628,mc,5,1760464521122
1760464523722,3,280.152,216.325,mc,5,1760464521122
1760464523722,4,461.241,364.469,mc,5,1760464521122
1760464523722,5,302.814,265.243,mc,3,1760464521122
1760464523722,6,759.821,331.75,mc,5,1760464521122
1760464523722,7,80.3061,364.533,mc,4,1760464521122
1760464523722,8,473.031,704.094,mc,5,1760464521122
1760464523722,9,300.29,506.453,mc,4,1760464521122
1760464523722,10,592.984,715.353,mc,4,1760464521122
1760464523722,11,308.361,502.628,mc,0,1760464521122
1760464523822,2,527.315,249.193,mc,5,1760464521122
1760464523822,3,280.546,216.2,mc,5,1760464521122
1760464523822,4,460.913,364.195,mc,5,1760464521122
1760464523822,5,302.284,265.041,mc,3,1760464521122
1760464523822,6,760.013,332.212,mc,5,1760464521122
1760464523822,7,80.6111,364.28,mc,4,1760464521122
1760464523822,8,472.79,703.903,mc,5,1760464521122
1760464523822,9,300.569,506.685,mc,4,1760464521122
1760464523822,10,593.589,715.323,mc,4,1760464521122
1760464523822,11,308.645,503.045,mc,0,1760464521122
1760464523922,2,526.953,248.757,mc,5,1760464521122
1760464523922,3,280.94,216.074,mc,5,1760464521122
1760464523922,4,460.585,363.921,mc,5,1760464521122
1760464523922,5,301.755,264.84,mc,3,1760464521122
1760464523922,6,760.206,332.674,mc,5,1760464521122
1760464523922,7,80.9161,364.027,mc,4,1760464521122
1760464523922,8,472.549,703.712,mc,5,1760464521122
1760464523922,9,300.848,506.917,mc,4,1760464521122
1760464523922,10,594.195,715.294,mc,4,1760464521122
1760464523922,11,308.929,503.463,mc,0,1760464521122
1760464524022,2,526.591,248.321,mc,5,1760464521122
1760464524022,3,281.335,215.949,mc,5,1760464521122
1760464524022,4,460.258,363.648,mc,5,1760464521122
1760464524022,5,301.225,264.638,mc,3,1760464521122
1760464524022,6,760.398,333.137,mc,5,1760464521122
1760464524022,7,81.2211,363.774,mc,4,1760464521122
1760464524022,8,472.308,703.521,mc,5,1760464521122
1760464524022,9,301.127,507.149,mc,4,1760464521122
1760464524022,10,594.8,715.264,mc,4,1760464521122
1760464524022,11,309.213,503.88,mc,0,1760464521122
1760464524122,2,526.229,247.886,mc,5,1760464521122
1760464524122,3,281.729,215.823,mc,5,1760464521122
1760464524122,4,459.93,363.374,mc,5,1760464521122
1760464524122,5,300.696,264.437,mc,3,1760464521122
1760464524122,6,760.591,333.599,mc,5,1760464521122
1760464524122,7,81.5261,363.521,mc,4,1760464521122
1760464524122,8,472.067,703.33,mc,5,1760464521122
1760464524122,9,301.407,507.381,mc,4,1760464521122
1760464524122,10,595.406,715.234,mc,4,1760464521122
1760464524122,11,309.497,504.298,mc,0,1760464521122
1760464524222,2,525.867,247.45,mc,5,1760464521122
1760464524222,3,282.124,215.698,mc,5,1760464521122
1760464524222,4,459.602,363.1,mc,5,1760464521122
1760464524222,5,300.166,264.235,mc,3,1760464521122
1760464524222,6,760.783,334.061,mc,5,1760464521122
1760464524222,7,81.8311,363.267,mc,4,1760464521122
1760464524222,8,471.826,703.139,mc,5,1760464521122
1760464524222,9,301.686,507.613,mc,4,1760464521122
1760464524222,10,596.011,715.204,mc,4,1760464521122
1760464524222,11,309.781,504.716,mc,0,1760464521122
1760464524322,2,525.505,247.015,mc,5,1760464521122
1760464524322,3,282.518,215.572,mc,5,1760464521122
1760464524322,4,459.274,362.827,mc,5,1760464521122
1760464524322,5,299.637,264.034,mc,3,1760464521122
1760464524322,6,760.975,334.523,mc,5,1760464521122
1760464524322,7,82.1361,363.014,mc,4,1760464521122
1760464524322,8,471.585,702.948,mc,5,1760464521122
1760464524322,9,301.965,507.845,mc,4,1760464521122
1760464524322,10,596.617,715.174,mc,4,1760464521122
1760464524322,11,310.064,505.133,mc,0,1760464521122
1760464524422,2,525.142,246.579,mc,5,1760464521122
1760464524422,3,282.912,215.447,mc,5,1760464521122
1760464524422,4,458.947,362.553,mc,5,1760464521122
1760464524422,5,299.107,263.832,mc,3,1760464521122
1760464524422,6,761.168,334.986,mc,5,1760464521122
1760464524422,7,82.441,362.761,mc,4,1760464521122
1760464524422,8,471.344,702.757,mc,5,1760464521122
1760464524422,9,302.244,508.077,mc,4,1760464521122
1760464524422,10,597.222,715.144,mc,4,1760464521122
1760464524422,11,310.348,505.551,mc,0,1760464521122
1760464524522,2,524.78,246.143,mc,5,1760464521122
1760464524522,3,283.307,215.322,mc,5,1760464521122
1760464524522,4,458.619,362.279,mc,5,1760464521122
1760464524522,5,298.578,263.631,mc,3,1760464521122
1760464524522,6,761.36,335.448,mc,5,1760464521122
1760464524522,7,82.746,362.508,mc,4,1760464521122
1760464524522,8,471.103,702.566,mc,5,1760464521122
1760464524522,9,302.523,508.309,mc,4,1760464521122
1760464524522,10,597.828,715.114,mc,4,1760464521122
1760464524522,11,310.632,505.968,mc,0,1760464521122
1760464524622,2,524.418,245.708,mc,5,1760464521122
1760464524622,3,283.701,215.196,mc,5,1760464521122
1760464524622,4,458.291,362.006,mc,5,1760464521122
1760464524622,5,298.048,263.429,mc,3,1760464521122
1760464524622,6,761.552,335.91,mc,5,1760464521122
1760464524622,7,83.051,362.255,mc,4,1760464521122
1760464524622,8,470.862,702.375,mc,5,1760464521122
1760464524622,9,302.803,508.541,mc,4,1760464521122
1760464524622,10,598.433,715.084,mc,4,1760464521122
1760464524622,11,310.916,506.386,mc,0,1760464521122
1760464524722,2,524.056,245.272,mc,5,1760464521122
1760464524722,3,284.095,215.071,mc,5,1760464521122
1760464524722,4,457.963,361.732,mc,5,1760464521122
1760464524722,5,297.519,263.228,mc,3,1760464521122
1760464524722,6,761.745,336.373,mc,5,1760464521122
1760464524722,7,83.356,362.002,mc,4,1760464521122
1760464524722,8,470.621,702.184,mc,5,1760464521122
1760464524722,9,303.082,508.773,mc,4,1760464521122
1760464524722,10,599.039,715.055,mc,4,1760464521122
1760464524722,11,311.2,506.804,mc,0,1760464521122
1760464524822,2,523.694,244.837,mc,5,1760464521122
1760464524822,3,284.49,214.945,mc,5,1760464521122
1760464524822,4,457.636,361.458,mc,5,1760464521122
1760464524822,5,296.989,263.026,mc,3,1760464521122
1760464524822,6,761.937,336.835,mc,5,1760464521122
1760464524822,7,83.661,361.749,mc,4,1760464521122
1760464524822,8,470.38,701.993,mc,5,1760464521122
1760464524822,9,303.361,509.005,mc,4,1760464521122
1760464524822,10,599.644,715.025,mc,4,1760464521122
1760464524822,11,311.484,507.221,mc,0,1760464521122
1760464524922,2,523.332,244.401,mc,5,1760464521122
1760464524922,3,284.884,214.82,mc,5,1760464521122
1760464524922,4,457.308,361.185,mc,5,1760464521122
1760464524922,5,296.46,262.824,mc,3,1760464521122
1760464524922,6,762.129,337.297,mc,5,1760464521122
1760464524922,7,83.966,361.496,mc,4,1760464521122
1760464524922,8,470.139,701.802,mc,5,1760464521122
1760464524922,9,303.64,509.237,mc,4,1760464521122
1760464524922,10,600.25,714.995,mc,4,1760464521122
1760464524922,11,311.768,507.639,mc,0,1760464521122
1760464525022,2,522.97,243.965,mc,5,1760464521122
1760464525022,3,285.279,214.694,mc,5,1760464521122
1760464525022,4,456.98,360.911,mc,5,1760464521122
1760464525022,5,295.93,262.623,mc,3,1760464521122
1760464525022,6,762.322,337.76,mc,5,1760464521122
1760464525022,7,84.271,361.242,mc,4,1760464521122
1760464525022,8,469.898,701.611,mc,5,1760464521122
1760464525022,9,303.92,509.469,mc,4,1760464521122
1760464525022,10,600.855,714.965,mc,4,1760464521122
1760464525022,11,312.052,508.057,mc,0,1760464521122
1760464525122,2,522.608,243.53,mc,5,1760464521122
1760464525122,3,285.673,214.569,mc,5,1760464521122
1760464525122,4,456.652,360.637,mc,5,1760464521122
1760464525122,5,295.401,262.421,mc,3,1760464521122
1760464525122,6,762.514,338.222,mc,5,1760464521122
1760464525122,7,84.576,360.989,mc,4,1760464521122
1760464525122,8,469.657,701.42,mc,5,1760464521122
1760464525122,9,304.199,509.701,mc,4,1760464521122
1760464525122,10,601.461,714.935,mc,4,1760464521122
1760464525122,11,312.336,508.474,mc,0,1760464521122
1760464525222,2,522.246,243.094,mc,5,1760464521122
1760464525222,3,286.067,214.443,mc,5,1760464521122
1760464525222,4,456.325,360.364,mc,5,1760464521122
1760464525222,5,294.871,262.22,mc,3,1760464521122
1760464525222,6,762.706,338.684,mc,5,1760464521122
1760464525222,7,84.881,360.736,mc,4,1760464521122
1760464525222,8,469.416,701.229,mc,5,1760464521122
1760464525222,9,304.478,509.933,mc,4,1760464521122
1760464525222,10,602.066,714.905,mc,4,1760464521122
1760464525222,11,312.62,508.892,mc,0,1760464521122
1760464525322,2,521.884,242.659,mc,5,1760464521122
1760464525322,3,286.462,214.318,mc,5,1760464521122
1760464525322,4,455.997,360.09,mc,5,1760464521122
1760464525322,5,294.342,262.018,mc,3,1760464521122
1760464525322,6,762.899,339.147,mc,5,1760464521122
1760464525322,7,85.186,360.483,mc,4,1760464521122
1760464525322,8,469.175,701.038,mc,5,1760464521122
1760464525322,9,304.757,510.165,mc,4,1760464521122
1760464525322,10,602.672,714.875,mc,4,1760464521122
1760464525322,11,312.904,509.309,mc,0,1760464521122
1760464525422,2,521.522,242.223,mc,5,1760464521122
1760464525422,3,286.856,214.192,mc,5,1760464521122
1760464525422,4,455.669,359.816,mc,5,1760464521122
1760464525422,5,293.812,261.817,mc,3,1760464521122
1760464525422,6,763.091,339.609,mc,5,1760464521122
1760464525422,7,85.4909,360.23,mc,4,1760464521122
1760464525422,8,468.934,700.847,mc,5,1760464521122
1760464525422,9,305.037,510.397,mc,4,1760464521122
1760464525422,10,603.277,714.845,mc,4,1760464521122
1760464525422,11,313.188,509.727,mc,0,1760464521122
1760464525522,2,521.16,241.787,mc,5,1760464521122
1760464525522,3,287.251,214.067,mc,5,1760464521122
1760464525522,4,455.341,359.543,mc,5,1760464521122
1760464525522,5,293.283,261.615,mc,3,1760464521122
1760464525522,6,763.283,340.071,mc,5,1760464521122
1760464525522,7,85.7959,359.977,mc,4,1760464521122
1760464525522,8,468.693,700.656,mc,5,1760464521122
1760464525522,9,305.316,510.629,mc,4,1760464521122
1760464525522,10,603.883,714.816,mc,4,1760464521122
1760464525522,11,313.471,510.145,mc,0,1760464521122
1760464525622,2,520.798,241.352,mc,5,1760464521122
1760464525622,3,287.645,213.941,mc,5,1760464521122
1760464525622,4,455.014,359.269,mc,5,1760464521122
1760464525622,5,292.753,261.414,mc,3,1760464521122
1760464525622,6,763.476,340.534,mc,5,1760464521122
1760464525622,7,86.1009,359.724,mc,4,1760464521122
1760464525622,8,468.452,700.465,mc,5,1760464521122
1760464525622,9,305.595,510.861,mc,4,1760464521122
1760464525622,10,604.488,714.786,mc,4,1760464521122
1760464525622,11,313.755,510.562,mc,0,1760464521122
1760464525722,2,520.436,240.916,mc,5,1760464521122
1760464525722,3,288.039,213.816,mc,5,1760464521122
1760464525722,4,454.686,358.995,mc,5,1760464521122
1760464525722,5,292.224,261.212,mc,3,1760464521122
1760464525722,6,763.668,340.996,mc,5,1760464521122
1760464525722,7,86.4059,359.47,mc,4,1760464521122
1760464525722,8,468.211,700.274,mc,5,1760464521122
1760464525722,9,305.874,511.093,mc,4,1760464521122
1760464525722,10,605.094,714.756,mc,4,1760464521122
1760464525722,11,314.039,510.98,mc,0,1760464521122
1760464525822,2,520.074,240.481,mc,5,1760464521122
1760464525822,3,288.434,213.691,mc,5,1760464521122
1760464525822,4,454.358,358.722,mc,5,1760464521122
1760464525822,5,291.694,261.011,mc,3,1760464521122
1760464525822,6,763.861,341.458,mc,5,1760464521122
1760464525822,7,86.7109,359.217,mc,4,1760464521122
1760464525822,8,467.97,700.083,mc,5,1760464521122
1760464525822,9,306.153,511.325,mc,4,1760464521122
1760464525822,10,605.699,714.726,mc,4,1760464521122
1760464525822,11,314.323,511.397,mc,0,1760464521122
1760464525922,2,519.712,240.045,mc,5,1760464521122
1760464525922,3,288.828,213.565,mc,5,1760464521122
1760464525922,4,454.03,358.448,mc,5,1760464521122
1760464525922,5,291.165,260.809,mc,3,1760464521122
1760464525922,6,764.053,341.921,mc,5,1760464521122
1760464525922,7,87.0159,358.964,mc,4,1760464521122
1760464525922,8,467.729,699.892,mc,5,1760464521122
1760464525922,9,306.433,511.557,mc,4,1760464521122
1760464525922,10,606.305,714.696,mc,4,1760464521122
1760464525922,11,314.607,511.815,mc,0,1760464521122
1760464526022,2,519.35,239.609,mc,5,1760464521122
1760464526022,3,289.223,213.44,mc,5,1760464521122
1760464526022,4,453.703,358.174,mc,5,1760464521122
1760464526022,5,290.635,260.607,mc,3,1760464521122
1760464526022,6,764.245,342.383,mc,5,1760464521122
1760464526022,7,87.3209,358.711,mc,4,1760464521122
1760464526022,8,467.488,699.701,mc,5,1760464521122
1760464526022,9,306.712,511.789,mc,4,1760464521122
1760464526022,10,606.91,714.666,mc,4,1760464521122
1760464526022,11,314.891,512.233,mc,0,1760464521122
1760464526122,2,518.988,239.174,mc,5,1760464521122
1760464526122,3,289.617,213.314,mc,5,1760464521122
1760464526122,4,453.375,357.901,mc,5,1760464521122
1760464526122,5,290.106,260.406,mc,3,1760464521122
1760464526122,6,764.438,342.845,mc,5,1760464521122
1760464526122,7,87.6259,358.458,mc,4,1760464521122
1760464526122,8,467.247,699.51,mc,5,1760464521122
1760464526122,9,306.991,512.021,mc,4,1760464521122
1760464526122,10,607.062,714.887,mc,4,1760464521122
1760464526122,11,315.175,512.65,mc,0,1760464521122
1760464526222,2,518.626,238.738,mc,5,1760464521122
1760464526222,3,290.011,213.189,mc,5,1760464521122
1760464526222,4,453.047,357.627,mc,5,1760464521122
1760464526222,5,289.576,260.204,mc,3,1760464521122
1760464526222,6,764.63,343.308,mc,5,1760464521122
1760464526222,7,87.9309,358.205,mc,4,1760464521122
1760464526222,8,467.006,699.319,mc,5,1760464521122
1760464526222,9,307.27,512.253,mc,4,1760464521122
1760464526222,10,606.783,715.344,mc,4,1760464521122
1760464526222,11,315.459,513.068,mc,0,1760464521122
1760464526322,2,518.264,238.303,mc,5,1760464521122
1760464526322,3,290.406,213.063,mc,5,1760464521122
1760464526322,4,452.719,357.353,mc,5,1760464521122
1760464526322,5,289.047,260.003,mc,3,1760464521122
1760464526322,6,764.822,343.77,mc,5,1760464521122
1760464526322,7,88.2359,357.952,mc,4,1760464521122
1760464526322,8,466.765,699.128,mc,5,1760464521122
1760464526322,9,307.55,512.485,mc,4,1760464521122
1760464526322,10,606.504,715.802,mc,4,1760464521122
1760464526322,11,315.743,513.485,mc,0,1760464521122
1760464526422,2,517.917,237.893,mc,5,1760464521122
1760464526422,3,290.8,212.938,mc,5,1760464521122
1760464526422,4,452.392,357.08,mc,5,1760464521122
1760464526422,5,288.546,259.828,mc,3,1760464521122
1760464526422,6,765.015,344.232,mc,5,1760464521122
1760464526422,7,88.5408,357.699,mc,4,1760464521122
1760464526422,8,466.524,698.937,mc,5,1760464521122
1760464526422,9,307.829,512.717,mc,4,1760464521122
1760464526422,10,606.226,716.26,mc,4,1760464521122
1760464526422,11,316.027,513.903,mc,0,1760464521122
1760464526522,2,518.001,238.2,mc,5,1760464521122
1760464526522,3,291.195,212.812,mc,5,1760464521122
1760464526522,4,452.064,356.806,mc,5,1760464521122
1760464526522,5,288.59,260.172,mc,3,1760464521122
1760464526522,6,765.207,344.695,mc,5,1760464521122
1760464526522,7,88.8458,357.445,mc,4,1760464521122
1760464526522,8,466.284,698.746,mc,5,1760464521122
1760464526522,9,308.108,512.949,mc,4,1760464521122
1760464526522,10,605.947,716.717,mc,4,1760464521122
1760464526522,11,316.311,514.321,mc,0,1760464521122
1760464526622,2,518.085,238.507,mc,5,1760464521122
1760464526622,3,291.589,212.687,mc,5,1760464521122
1760464526622,4,451.736,356.532,mc,5,1760464521122
1760464526622,5,288.635,260.515,mc,3,1760464521122
1760464526622,6,765.399,345.157,mc,5,1760464521122
1760464526622,7,89.1508,357.192,mc,4,1760464521122
1760464526622,8,466.043,698.555,mc,5,1760464521122
1760464526622,9,308.387,513.181,mc,4,1760464521122
1760464526622,10,605.668,717.175,mc,4,1760464521122
1760464526622,11,316.595,514.738,mc,0,1760464521122
1760464526722,2,518.168,238.814,mc,5,1760464521122
1760464526722,3,291.983,212.561,mc,5,1760464521122
1760464526722,4,451.409,356.259,mc,5,1760464521122
1760464526722,5,288.679,260.858,mc,3,1760464521122
1760464526722,6,765.592,345.619,mc,5,1760464521122
1760464526722,7,89.4558,356.939,mc,4,1760464521122
1760464526722,8,465.802,698.364,mc,5,1760464521122
1760464526722,9,308.667,513.413,mc,4,1760464521122
1760464526722,10,605.39,717.633,mc,4,1760464521122
1760464526722,11,316.878,515.156,mc,0,1760464521122
1760464526822,2,518.252,239.122,mc,5,1760464521122
1760464526822,3,292.378,212.436,mc,5,1760464521122
1760464526822,4,451.081,355.985,mc,5,1760464521122
1760464526822,5,288.724,261.202,mc,3,1760464521122
1760464526822,6,765.784,346.082,mc,5,1760464521122
1760464526822,7,89.7608,356.686,mc,4,1760464521122
1760464526822,8,465.561,698.173,mc,5,1760464521122
1760464526822,9,308.946,513.645,mc,4,1760464521122
1760464526822,10,605.111,718.09,mc,4,1760464521122
1760464526822,11,317.162,515.574,mc,0,1760464521122
1760464526922,2,518.336,239.429,mc,5,1760464521122
1760464526922,3,292.772,212.31,mc,5,1760464521122
1760464526922,4,450.753,355.712,mc,5,1760464521122
1760464526922,5,288.769,261.545,mc,3,1760464521122
1760464526922,6,765.976,346.544,mc,5,1760464521122
1760464526922,7,90.0658,356.433,mc,4,1760464521122
1760464526922,8,465.32,697.982,mc,5,1760464521122
1760464526922,9,309.225,513.877,mc,4,1760464521122
1760464526922,10,604.832,718.548,mc,4,1760464521122
1760464526922,11,317.446,515.991,mc,0,1760464521122
1760464527022,2,518.419,239.736,mc,5,1760464521122
1760464527022,3,293.167,212.185,mc,5,1760464521122
1760464527022,4,450.425,355.438,mc,5,1760464521122
1760464527022,5,288.813,261.888,mc,3,1760464521122
1760464527022,6,766.169,347.006,mc,5,1760464521122
1760464527022,7,90.3708,356.18,mc,4,1760464521122
1760464527022,8,465.079,697.791,mc,5,1760464521122
1760464527022,9,309.504,514.109,mc,4,1760464521122
1760464527022,10,604.554,719.006,mc,4,1760464521122
1760464527022,11,317.73,516.409,mc,0,1760464521122
1760464527122,2,518.503,240.044,mc,5,1760464521122
1760464527122,3,293.561,212.06,mc,5,1760464521122
1760464527122,4,450.098,355.164,mc,5,1760464521122
1760464527122,5,288.858,262.232,mc,3,1760464521122
1760464527122,6,766.334,347.482,mc,5,1760464521122
1760464527122,7,90.6758,355.927,mc,4,1760464521122
1760464527122,8,464.838,697.6,mc,5,1760464521122
1760464527122,9,309.783,514.341,mc,4,1760464521122
1760464527122,10,604.275,719.463,mc,4,1760464521122
1760464527122,11,317.707,516.258,mc,0,1760464521122
1760464527222,2,518.586,240.351,mc,5,1760464521122
1760464527222,3,293.955,211.934,mc,5,1760464521122
1760464527222,4,449.77,354.891,mc,5,1760464521122
1760464527222,5,288.903,262.575,mc,3,1760464521122
1760464527222,6,766.222,348.098,mc,5,1760464521122
1760464527222,7,90.9808,355.674,mc,4,1760464521122
1760464527222,8,464.597,697.409,mc,5,1760464521122
1760464527222,9,310.063,514.573,mc,4,1760464521122
1760464527222,10,603.996,719.921,mc,4,1760464521122
1760464527222,11,317.471,515.716,mc,0,1760464521122
1760464527322,2,518.67,240.658,mc,5,1760464521122
1760464527322,3,294.35,211.809,mc,5,1760464521122
1760464527322,4,449.442,354.617,mc,5,1760464521122
1760464527322,5,288.947,262.919,mc,3,1760464521122
1760464527322,6,766.109,348.714,mc,5,1760464521122
1760464527322,7,91.2858,355.42,mc,4,1760464521122
1760464527322,8,464.356,697.218,mc,5,1760464521122
1760464527322,9,310.342,514.805,mc,4,1760464521122
1760464527322,10,603.718,720.379,mc,4,1760464521122
1760464527322,11,317.235,515.174,mc,0,1760464521122
1760464527422,2,518.754,240.966,mc,5,1760464521122
1760464527422,3,294.744,211.683,mc,5,1760464521122
1760464527422,4,449.114,354.343,mc,5,1760464521122
1760464527422,5,288.992,263.262,mc,3,1760464521122
1760464527422,6,765.997,349.33,mc,5,1760464521122
1760464527422,7,91.5907,355.167,mc,4,1760464521122
1760464527422,8,464.115,697.027,mc,5,1760464521122
1760464527422,9,310.621,515.037,mc,4,1760464521122
1760464527422,10,603.439,720.836,mc,4,1760464521122
1760464527422,11,317,514.632,mc,0,1760464521122
1760464527522,2,518.837,241.273,mc,5,1760464521122
1760464527522,3,295.138,211.558,mc,5,1760464521122
1760464527522,4,448.787,354.07,mc,5,1760464521122
1760464527522,5,289.037,263.605,mc,3,1760464521122
1760464527522,6,765.885,349.946,mc,5,1760464521122
1760464527522,7,91.8957,354.914,mc,4,1760464521122
1760464527522,8,463.874,696.836,mc,5,1760464521122
1760464527522,9,310.9,515.269,mc,4,1760464521122
1760464527522,10,603.16,721.294,mc,4,1760464521122
1760464527522,11,316.764,514.09,mc,0,1760464521122
1760464527622,2,518.921,241.58,mc,5,1760464521122
1760464527622,3,295.533,211.432,mc,5,1760464521122
1760464527622,4,448.459,353.796,mc,5,1760464521122
1760464527622,5,289.081,263.949,mc,3,1760464521122
1760464527622,6,765.773,350.562,mc,5,1760464521122
1760464527622,7,92.2007,354.661,mc,4,1760464521122
1760464527622,8,463.633,696.645,mc,5,1760464521122
1760464527622,9,311.18,515.501,mc,4,1760464521122
1760464527622,10,602.882,721.752,mc,4,1760464521122
1760464527622,11,316.529,513.548,mc,0,1760464521122
1760464527722,2,519.005,241.888,mc,5,1760464521122
1760464527722,3,295.927,211.307,mc,5,1760464521122
1760464527722,4,448.131,353.522,mc,5,1760464521122
1760464527722,5,289.126,264.292,mc,3,1760464521122
1760464527722,6,765.661,351.178,mc,5,1760464521122
1760464527722,7,92.5057,354.408,mc,4,1760464521122
1760464527722,8,463.392,696.454,mc,5,1760464521122
1760464527722,9,311.459,515.733,mc,4,1760464521122
1760464527722,10,602.603,722.209,mc,4,1760464521122
1760464527722,11,316.293,513.007,mc,0,1760464521122
1760464527822,2,519.088,242.195,mc,5,1760464521122
1760464527822,3,296.322,211.181,mc,5,1760464521122
1760464527822,4,447.803,353.249,mc,5,1760464521122
1760464527822,5,289.17,264.635,mc,3,1760464521122
1760464527822,6,765.548,351.794,mc,5,1760464521122
1760464527822,7,92.8107,354.155,mc,4,1760464521122
1760464527822,8,463.151,696.263,mc,5,1760464521122
1760464527822,9,311.738,515.965,mc,4,1760464521122
1760464527822,10,602.324,722.667,mc,4,1760464521122
1760464527822,11,316.057,512.465,mc,0,1760464521122
1760464527922,2,519.172,242.502,mc,5,1760464521122
1760464527922,3,296.716,211.056,mc,5,1760464521122
1760464527922,4,447.476,352.975,mc,5,1760464521122
1760464527922,5,289.215,264.979,mc,3,1760464521122
1760464527922,6,765.436,352.41,mc,5,1760464521122
1760464527922,7,93.1157,353.902,mc,4,1760464521122
1760464527922,8,462.91,696.072,mc,5,1760464521122
1760464527922,9,312.017,516.197,mc,4,1760464521122
1760464527922,10,602.046,723.125,mc,4,1760464521122
1760464527922,11,315.822,511.923,mc,0,1760464521122
1760464528022,2,519.256,242.809,mc,5,1760464521122
1760464528022,3,297.11,210.93,mc,5,1760464521122
1760464528022,4,447.148,352.701,mc,5,1760464521122
1760464528022,5,289.26,265.322,mc,3,1760464521122
1760464528022,6,765.324,353.026,mc,5,1760464521122
1760464528022,7,93.4207,353.648,mc,4,1760464521122
1760464528022,8,462.669,695.881,mc,5,1760464521122
1760464528022,9,312.297,516.429,mc,4,1760464521122
1760464528022,10,601.767,723.582,mc,4,1760464521122
1760464528022,11,315.586,511.381,mc,0,1760464521122
1760464528122,2,519.339,243.117,mc,5,1760464521122
1760464528122,3,297.505,210.805,mc,5,1760464521122
1760464528122,4,446.82,352.428,mc,5,1760464521122
1760464528122,5,289.304,265.665,mc,3,1760464521122
1760464528122,6,765.212,353.642,mc,5,1760464521122
1760464528122,7,93.7257,353.395,mc,4,1760464521122
1760464528122,8,462.428,695.69,mc,5,1760464521122
1760464528122,9,312.576,516.661,mc,4,1760464521122
1760464528122,10,601.488,724.04,mc,4,1760464521122
1760464528122,11,315.351,510.839,mc,0,1760464521122
1760464528222,2,519.423,243.424,mc,5,1760464521122
1760464528222,3,297.899,210.679,mc,5,1760464521122
1760464528222,4,447.031,352.417,mc,5,1760464521122
1760464528222,5,289.349,266.009,mc,3,1760464521122
1760464528222,6,765.099,354.258,mc,5,1760464521122
1760464528222,7,94.0307,353.142,mc,4,1760464521122
1760464528222,8,462.187,695.499,mc,5,1760464521122
1760464528222,9,312.855,516.893,mc,4,1760464521122
1760464528222,10,601.21,724.498,mc,4,1760464521122
1760464528222,11,315.115,510.297,mc,0,1760464521122
1760464528322,2,519.507,243.731,mc,5,1760464521122
1760464528322,3,298.294,210.554,mc,5,1760464521122
1760464528322,4,447.433,352.499,mc,5,1760464521122
1760464528322,5,289.394,266.352,mc,3,1760464521122
1760464528322,6,764.987,354.874,mc,5,1760464521122
1760464528322,7,94.3357,352.889,mc,4,1760464521122
1760464528322,8,461.946,695.308,mc,5,1760464521122
1760464528322,9,313.134,517.125,mc,4,1760464521122
1760464528322,10,600.931,724.955,mc,4,1760464521122
1760464528322,11,314.879,509.755,mc,0,1760464521122
1760464528422,2,519.59,244.039,mc,5,1760464521122
1760464528422,3,298.312,210.638,mc,5,1760464521122
1760464528422,4,447.835,352.581,mc,5,1760464521122
1760464528422,5,289.438,266.696,mc,3,1760464521122
1760464528422,6,764.875,355.49,mc,5,1760464521122
1760464528422,7,94.6406,352.636,mc,4,1760464521122
1760464528422,8,461.705,695.117,mc,5,1760464521122
1760464528422,9,313.413,517.357,mc,4,1760464521122
1760464528422,10,600.652,725.413,mc,4,1760464521122
1760464528422,11,314.644,509.213,mc,0,1760464521122
1760464528522,2,519.674,244.346,mc,5,1760464521122
1760464528522,3,297.975,210.92,mc,5,1760464521122
1760464528522,4,448.237,352.664,mc,5,1760464521122
1760464528522,5,289.483,267.039,mc,3,1760464521122
1760464528522,6,764.763,356.106,mc,5,1760464521122
1760464528522,7,94.9456,352.383,mc,4,1760464521122
1760464528522,8,461.464,694.926,mc,5,1760464521122
1760464528522,9,313.693,517.589,mc,4,1760464521122
1760464528522,10,600.374,725.871,mc,4,1760464521122
1760464528522,11,314.408,508.671,mc,0,1760464521122
1760464528622,2,519.757,244.653,mc,5,1760464521122
1760464528622,3,297.637,211.203,mc,5,1760464521122
1760464528622,4,448.639,352.746,mc,5,1760464521122
1760464528622,5,289.527,267.382,mc,3,1760464521122
1760464528622,6,764.651,356.722,mc,5,1760464521122
1760464528622,7,95.2506,352.13,mc,4,1760464521122
1760464528622,8,461.223,694.735,mc,5,1760464521122
1760464528622,9,313.972,517.821,mc,4,1760464521122
1760464528622,10,600.095,726.328,mc,4,1760464521122
1760464528622,11,314.173,508.129,mc,0,1760464521122
1760464528722,2,519.841,244.961,mc,5,1760464521122
1760464528722,3,297.299,211.485,mc,5,1760464521122
1760464528722,4,449.041,352.829,mc,5,1760464521122
1760464528722,5,289.572,267.726,mc,3,1760464521122
1760464528722,6,764.538,357.338,mc,5,1760464521122
1760464528722,7,95.6084,352.038,mc,4,1760464521122
1760464528722,8,460.982,694.544,mc,5,1760464521122
1760464528722,9,314.251,518.053,mc,4,1760464521122
1760464528722,10,599.816,726.786,mc,4,1760464521122
1760464528722,11,313.937,507.587,mc,0,1760464521122
1760464528822,2,519.925,245.268,mc,5,1760464521122
1760464528822,3,296.961,211.767,mc,5,1760464521122
1760464528822,4,449.443,352.911,mc,5,1760464521122
1760464528822,5,289.617,268.069,mc,3,1760464521122
1760464528822,6,764.426,357.954,mc,5,1760464521122
1760464528822,7,96.0839,352.308,mc,4,1760464521122
1760464528822,8,460.741,694.353,mc,5,1760464521122
1760464528822,9,314.53,518.285,mc,4,1760464521122
1760464528822,10,599.538,727.244,mc,4,1760464521122
1760464528822,11,313.702,507.045,mc,0,1760464521122
1760464528922,2,520.008,245.575,mc,5,1760464521122
1760464528922,3,296.624,212.05,mc,5,1760464521122
1760464528922,4,449.845,352.993,mc,5,1760464521122
1760464528922,5,289.661,268.412,mc,3,1760464521122
1760464528922,6,764.314,358.57,mc,5,1760464521122
1760464528922,7,96.5594,352.578,mc,4,1760464521122
1760464528922,8,460.5,694.162,mc,5,1760464521122
1760464528922,9,314.81,518.517,mc,4,1760464521122
1760464528922,10,599.259,727.701,mc,4,1760464521122
1760464528922,11,313.466,506.503,mc,0,1760464521122
1760464529022,2,520.092,245.883,mc,5,1760464521122
1760464529022,3,296.286,212.332,mc,5,1760464521122
1760464529022,4,450.247,353.076,mc,5,1760464521122
1760464529022,5,289.706,268.756,mc,3,1760464521122
1760464529022,6,764.202,359.186,mc,5,1760464521122
1760464529022,7,97.0349,352.848,mc,4,1760464521122
1760464529022,8,460.259,693.971,mc,5,1760464521122
1760464529022,9,315.089,518.748,mc,4,1760464521122
1760464529022,10,598.98,728.159,mc,4,1760464521122
1760464529022,11,313.23,505.961,mc,0,1760464521122
1760464529122,2,520.176,246.19,mc,5,1760464521122
1760464529122,3,295.948,212.615,mc,5,1760464521122
1760464529122,4,450.649,353.158,mc,5,1760464521122
1760464529122,5,289.751,269.099,mc,3,1760464521122
1760464529122,6,764.089,359.802,mc,5,1760464521122
1760464529122,7,97.5104,353.118,mc,4,1760464521122
1760464529122,8,460.018,693.78,mc,5,1760464521122
1760464529122,9,315.368,518.98,mc,4,1760464521122
1760464529122,10,598.702,728.617,mc,4,1760464521122
1760464529122,11,312.995,505.419,mc,0,1760464521122
1760464529222,2,520.259,246.497,mc,5,1760464521122
1760464529222,3,295.61,212.897,mc,5,1760464521122
1760464529222,4,451.051,353.24,mc,5,1760464521122
1760464529222,5,289.795,269.443,mc,3,1760464521122
1760464529222,6,763.977,360.418,mc,5,1760464521122
1760464529222,7,97.9858,353.388,mc,4,1760464521122
1760464529222,8,459.777,693.589,mc,5,1760464521122
1760464529222,9,315.647,519.212,mc,4,1760464521122
1760464529222,10,598.423,729.074,mc,4,1760464521122
1760464529222,11,312.759,504.877,mc,0,1760464521122
1760464529322,2,520.343,246.804,mc,5,1760464521122
1760464529322,3,295.273,213.179,mc,5,1760464521122
1760464529322,4,451.453,353.323,mc,5,1760464521122
1760464529322,5,289.84,269.786,mc,3,1760464521122
1760464529322,6,763.865,361.034,mc,5,1760464521122
1760464529322,7,98.4613,353.658,mc,4,1760464521122
1760464529322,8,459.537,693.398,mc,5,1760464521122
1760464529322,9,315.926,519.444,mc,4,1760464521122
1760464529322,10,598.144,729.532,mc,4,1760464521122
1760464529322,11,312.524,504.335,mc,0,1760464521122
1760464529422,2,520.427,247.112,mc,5,1760464521122
1760464529422,3,294.935,213.462,mc,5,1760464521122
1760464529422,4,451.855,353.405,mc,5,1760464521122
1760464529422,5,289.884,270.129,mc,3,1760464521122
1760464529422,6,763.753,361.65,mc,5,1760464521122
1760464529422,7,98.9368,353.928,mc,4,1760464521122
1760464529422,8,459.296,693.207,mc,5,1760464521122
1760464529422,9,316.213,519.56,mc,4,1760464521122
1760464529422,10,597.866,729.99,mc,4,1760464521122
1760464529422,11,312.288,503.793,mc,0,1760464521122
1760464529522,2,520.51,247.419,mc,5,1760464521122
1760464529522,3,294.597,213.744,mc,5,1760464521122
1760464529522,4,452.257,353.488,mc,5,1760464521122
1760464529522,5,289.929,270.473,mc,3,1760464521122
1760464529522,6,763.641,362.266,mc,5,1760464521122
1760464529522,7,99.4123,354.197,mc,4,1760464521122
1760464529522,8,459.055,693.016,mc,5,1760464521122
1760464529522,9,316.512,519.469,mc,4,1760464521122
1760464529522,10,597.587,730.447,mc,4,1760464521122
1760464529522,11,312.052,503.251,mc,0,1760464521122
1760464529622,2,520.594,247.726,mc,5,1760464521122
1760464529622,3,294.259,214.027,mc,5,1760464521122
1760464529622,4,452.659,353.57,mc,5,1760464521122
1760464529622,5,289.974,270.816,mc,3,1760464521122
1760464529622,6,763.528,362.882,mc,5,1760464521122
1760464529622,7,99.8878,354.467,mc,4,1760464521122
1760464529622,8,458.814,692.825,mc,5,1760464521122
1760464529622,9,316.811,519.379,mc,4,1760464521122
1760464529622,10,597.308,730.905,mc,4,1760464521122
1760464529622,11,311.817,502.709,mc,0,1760464521122
1760464529722,2,520.678,248.034,mc,5,1760464521122
1760464529722,3,293.922,214.309,mc,5,1760464521122
1760464529722,4,453.061,353.652,mc,5,1760464521122
1760464529722,5,290.018,271.159,mc,3,1760464521122
1760464529722,6,763.416,363.498,mc,5,1760464521122
1760464529722,7,100.363,354.737,mc,4,1760464521122
1760464529722,8,458.573,692.634,mc,5,1760464521122
1760464529722,9,317.111,519.288,mc,4,1760464521122
1760464529722,10,597.03,731.363,mc,4,1760464521122
1760464529722,11,311.581,502.167,mc,0,1760464521122
1760464529822,2,520.761,248.341,mc,5,1760464521122
1760464529822,3,293.584,214.592,mc,5,1760464521122
1760464529822,4,453.463,353.735,mc,5,1760464521122
1760464529822,5,290.063,271.503,mc,3,1760464521122
1760464529822,6,763.304,364.114,mc,5,1760464521122
1760464529822,7,100.839,355.007,mc,4,1760464521122
1760464529822,8,458.332,692.443,mc,5,1760464521122
1760464529822,9,317.41,519.197,mc,4,1760464521122
1760464529822,10,596.751,731.82,mc,4,1760464521122
1760464529822,11,311.346,501.625,mc,0,1760464521122
1760464529922,2,520.845,248.648,mc,5,1760464521122
1760464529922,3,293.246,214.874,mc,5,1760464521122
1760464529922,4,453.865,353.817,mc,5,1760464521122
1760464529922,5,290.108,271.846,mc,3,1760464521122
1760464529922,6,763.192,364.73,mc,5,1760464521122
1760464529922,7,101.314,355.277,mc,4,1760464521122
1760464529922,8,458.091,692.252,mc,5,1760464521122
1760464529922,9,317.709,519.107,mc,4,1760464521122
1760464529922,10,596.472,732.278,mc,4,1760464521122
1760464529922,11,311.11,501.083,mc,0,1760464521122
1760464530022,2,520.928,248.956,mc,5,1760464521122
1760464530022,3,292.908,215.156,mc,5,1760464521122
1760464530022,4,454.267,353.899,mc,5,1760464521122
1760464530022,5,290.152,272.19,mc,3,1760464521122
1760464530022,6,763.079,365.346,mc,5,1760464521122
1760464530022,7,101.79,355.547,mc,4,1760464521122
1760464530022,8,457.85,692.061,mc,5,1760464521122
1760464530022,9,318.008,519.016,mc,4,1760464521122
1760464530022,10,596.193,732.735,mc,4,1760464521122
1760464530022,11,310.874,500.541,mc,0,1760464521122
1760464530122,2,521.012,249.263,mc,5,1760464521122
1760464530122,3,292.571,215.439,mc,5,1760464521122
1760464530122,4,454.669,353.982,mc,5,1760464521122
1760464530122,5,290.197,272.533,mc,3,1760464521122
1760464530122,6,762.967,365.962,mc,5,1760464521122
1760464530122,7,102.265,355.817,mc,4,1760464521122
1760464530122,8,457.609,691.87,mc,5,1760464521122
1760464530122,9,318.308,518.925,mc,4,1760464521122
1760464530122,10,595.915,733.193,mc,4,1760464521122
1760464530122,11,310.639,499.999,mc,0,1760464521122
1760464530222,2,521.096,249.57,mc,5,1760464521122
1760464530222,3,292.233,215.721,mc,5,1760464521122
1760464530222,4,455.071,354.064,mc,5,1760464521122
1760464530222,5,290.241,272.876,mc,3,1760464521122
1760464530222,6,762.855,366.578,mc,5,1760464521122
1760464530222,7,102.741,356.087,mc,4,1760464521122
1760464530222,8,457.368,691.679,mc,5,1760464521122
1760464530222,9,318.607,518.835,mc,4,1760464521122
1760464530222,10,595.636,733.651,mc,4,1760464521122
1760464530222,11,310.403,499.457,mc,0,1760464521122
1760464530322,2,521.179,249.877,mc,5,1760464521122
1760464530322,3,291.895,216.004,mc,5,1760464521122
1760464530322,4,455.473,354.147,mc,5,1760464521122
1760464530322,5,290.286,273.22,mc,3,1760464521122
1760464530322,6,762.743,367.194,mc,5,1760464521122
1760464530322,7,103.216,356.356,mc,4,1760464521122
1760464530322,8,457.127,691.488,mc,5,1760464521122
1760464530322,9,318.906,518.744,mc,4,1760464521122
1760464530322,10,595.357,734.108,mc,4,1760464521122
1760464530322,11,310.168,498.916,mc,0,1760464521122
1760464530422,2,521.263,250.185,mc,5,1760464521122
1760464530422,3,291.558,216.286,mc,5,1760464521122
1760464530422,4,455.875,354.229,mc,5,1760464521122
1760464530422,5,290.331,273.563,mc,3,1760464521122
1760464530422,6,762.631,367.81,mc,5,1760464521122
1760464530422,7,103.692,356.626,mc,4,1760464521122
1760464530422,8,456.886,691.297,mc,5,1760464521122
1760464530422,9,319.205,518.653,mc,4,1760464521122
1760464530422,10,595.079,734.566,mc,4,1760464521122
1760464530422,11,309.932,498.374,mc,0,1760464521122
1760464530522,2,521.347,250.492,mc,5,1760464521122
1760464530522,3,291.22,216.568,mc,5,1760464521122
1760464530522,4,456.277,354.311,mc,5,1760464521122
1760464530522,5,290.375,273.906,mc,3,1760464521122
1760464530522,6,762.518,368.426,mc,5,1760464521122
1760464530522,7,104.167,356.896,mc,4,1760464521122
1760464530522,8,456.645,691.106,mc,5,1760464521122
1760464530522,9,319.505,518.563,mc,4,1760464521122
1760464530522,10,594.8,735.024,mc,4,1760464521122
1760464530522,11,309.696,497.832,mc,0,1760464521122
1760464530622,2,521.43,250.799,mc,5,1760464521122
1760464530622,3,290.882,216.851,mc,5,1760464521122
1760464530622,4,456.679,354.394,mc,5,1760464521122
1760464530622,5,290.42,274.25,mc,3,1760464521122
1760464530622,6,762.406,369.042,mc,5,1760464521122
1760464530622,7,104.643,357.166,mc,4,1760464521122
1760464530622,8,456.404,690.915,mc,5,1760464521122
1760464530622,9,319.804,518.472,mc,4,1760464521122
1760464530622,10,594.521,735.481,mc,4,1760464521122
1760464530622,11,309.461,497.29,mc,0,1760464521122
1760464530722,2,521.514,251.107,mc,5,1760464521122
1760464530722,3,290.544,217.133,mc,5,1760464521122
1760464530722,4,457.081,354.476,mc,5,1760464521122
1760464530722,5,290.465,274.593,mc,3,1760464521122
1760464530722,6,762.294,369.658,mc,5,1760464521122
1760464530722,7,105.118,357.436,mc,4,1760464521122
1760464530722,8,456.163,690.724,mc,5,1760464521122
1760464530722,9,320.103,518.382,mc,4,1760464521122
1760464530722,10,594.243,735.939,mc,4,1760464521122
1760464530722,11,309.225,496.748,mc,0,1760464521122
1760464530822,2,521.598,251.414,mc,5,1760464521122
1760464530822,3,290.207,217.416,mc,5,1760464521122
1760464530822,4,457.483,354.558,mc,5,1760464521122
1760464530822,5,290.509,274.937,mc,3,1760464521122
1760464530822,6,762.182,370.274,mc,5,1760464521122
1760464530822,7,105.594,357.706,mc,4,1760464521122
1760464530822,8,455.922,690.533,mc,5,1760464521122
1760464530822,9,320.402,518.291,mc,4,1760464521122
1760464530822,10,593.964,736.397,mc,4,1760464521122
1760464530822,11,308.99,496.206,mc,0,1760464521122
1760464530922,2,521.681,251.721,mc,5,1760464521122
1760464530922,3,289.869,217.698,mc,5,1760464521122
1760464530922,4,457.885,354.641,mc,5,1760464521122
1760464530922,5,290.554,275.28,mc,3,1760464521122
1760464530922,6,762.069,370.89,mc,5,1760464521122
1760464530922,7,106.069,357.976,mc,4,1760464521122
1760464530922,8,455.838,690.279,mc,5,1760464521122
1760464530922,9,320.702,518.2,mc,4,1760464521122
1760464530922,10,593.685,736.854,mc,4,1760464521122
1760464530922,11,308.754,495.664,mc,0,1760464521122
1760464531022,2,521.765,252.029,mc,5,1760464521122
1760464531022,3,289.531,217.98,mc,5,1760464521122
1760464531022,4,458.287,354.723,mc,5,1760464521122
1760464531022,5,290.598,275.623,mc,3,1760464521122
1760464531022,6,761.957,371.506,mc,5,1760464521122
1760464531022,7,106.545,358.246,mc,4,1760464521122
1760464531022,8,455.959,689.943,mc,5,1760464521122
1760464531022,9,321.001,518.11,mc,4,1760464521122
1760464531022,10,593.407,737.312,mc,4,1760464521122
1760464531022,11,308.519,495.122,mc,0,1760464521122
1760464531122,2,521.849,252.336,mc,5,1760464521122
1760464531122,3,289.193,218.263,mc,5,1760464521122
1760464531122,4,458.689,354.806,mc,5,1760464521122
1760464531122,5,290.643,275.967,mc,3,1760464521122
1760464531122,6,761.845,372.122,mc,5,1760464521122
1760464531122,7,107.02,358.515,mc,4,1760464521122
1760464531122,8,456.08,689.607,mc,5,1760464521122
1760464531122,9,321.3,518.019,mc,4,1760464521122
1760464531122,10,593.128,737.77,mc,4,1760464521122
1760464531122,11,308.283,494.58,mc,0,1760464521122
1760464531222,2,521.932,252.643,mc,5,1760464521122
1760464531222,3,288.856,218.545,mc,5,1760464521122
1760464531222,4,459.091,354.888,mc,5,1760464521122
1760464531222,5,290.688,276.31,mc,3,1760464521122
1760464531222,6,761.733,372.738,mc,5,1760464521122
1760464531222,7,107.496,358.785,mc,4,1760464521122
1760464531222,8,456.201,689.27,mc,5,1760464521122
1760464531222,9,321.599,517.928,mc,4,1760464521122
1760464531222,10,592.849,738.227,mc,4,1760464521122
1760464531222,11,308.047,494.038,mc,0,1760464521122
1760464531322,2,522.016,252.951,mc,5,1760464521122
1760464531322,3,288.518,218.828,mc,5,1760464521122
1760464531322,4,459.493,354.97,mc,5,1760464521122
1760464531322,5,290.732,276.653,mc,3,1760464521122
1760464531322,6,761.621,373.354,mc,5,1760464521122
1760464531322,7,107.971,359.055,mc,4,1760464521122
1760464531322,8,456.322,688.934,mc,5,1760464521122
1760464531322,9,321.899,517.838,mc,4,1760464521122
1760464531322,10,592.571,738.685,mc,4,1760464521122
1760464531322,11,307.812,493.496,mc,0,1760464521122
1760464531422,2,522.099,253.258,mc,5,1760464521122
1760464531422,3,288.18,219.11,mc,5,1760464521122
1760464531422,4,459.895,355.053,mc,5,1760464521122
1760464531422,5,290.777,276.997,mc,3,1760464521122
1760464531422,6,761.508,373.97,mc,5,1760464521122
1760464531422,7,108.447,359.325,mc,4,1760464521122
1760464531422,8,456.443,688.598,mc,5,1760464521122
1760464531422,9,322.198,517.747,mc,4,1760464521122
1760464531422,10,592.292,739.143,mc,4,1760464521122
1760464531422,11,307.576,492.954,mc,0,1760464521122
1760464531522,2,522.183,253.565,mc,5,1760464521122
1760464531522,3,287.842,219.393,mc,5,1760464521122
1760464531522,4,460.297,355.135,mc,5,1760464521122
1760464531522,5,290.822,277.34,mc,3,1760464521122
1760464531522,6,761.396,374.586,mc,5,1760464521122
1760464531522,7,108.922,359.595,mc,4,1760464521122
1760464531522,8,456.564,688.261,mc,5,1760464521122
1760464531522,9,322.497,517.656,mc,4,1760464521122
1760464531522,10,592.013,739.6,mc,4,1760464521122
1760464531522,11,307.341,492.412,mc,0,1760464521122
1760464531622,2,522.267,253.872,mc,5,1760464521122
1760464531622,3,287.505,219.675,mc,5,1760464521122
1760464531622,4,460.699,355.218,mc,5,1760464521122
1760464531622,5,290.866,277.684,mc,3,1760464521122
1760464531622,6,761.284,375.202,mc,5,1760464521122
1760464531622,7,109.398,359.865,mc,4,1760464521122
1760464531622,8,456.685,687.925,mc,5,1760464521122
1760464531622,9,322.796,517.566,mc,4,1760464521122
1760464531622,10,591.735,740.058,mc,4,1760464521122
1760464531622,11,307.105,491.87,mc,0,1760464521122
1760464531722,2,522.35,254.18,mc,5,1760464521122
1760464531722,3,287.167,219.957,mc,5,1760464521122
1760464531722,4,461.101,355.3,mc,5,1760464521122
1760464531722,5,290.911,278.027,mc,3,1760464521122
1760464531722,6,761.172,375.818,mc,5,1760464521122
1760464531722,7,109.873,360.135,mc,4,1760464521122
1760464531722,8,456.806,687.588,mc,5,1760464521122
1760464531722,9,323.096,517.475,mc,4,1760464521122
1760464531722,10,591.458,740.031,mc,4,1760464521122
1760464531722,11,306.869,491.328,mc,0,1760464521122
1760464531822,2,522.434,254.487,mc,5,1760464521122
1760464531822,3,286.829,220.24,mc,5,1760464521122
1760464531822,4,461.503,355.382,mc,5,1760464521122
1760464531822,5,290.955,278.37,mc,3,1760464521122
1760464531822,6,761.059,376.434,mc,5,1760464521122
1760464531822,7,110.349,360.405,mc,4,1760464521122
1760464531822,8,456.927,687.252,mc,5,1760464521122
1760464531822,9,323.395,517.384,mc,4,1760464521122
1760464531822,10,591.184,739.565,mc,4,1760464521122
1760464531822,11,306.634,490.786,mc,0,1760464521122
1760464531922,2,522.518,254.794,mc,5,1760464521122
1760464531922,3,286.491,220.522,mc,5,1760464521122
1760464531922,4,461.905,355.465,mc,5,1760464521122
1760464531922,5,291,278.714,mc,3,1760464521122
1760464531922,6,761.029,376.861,mc,5,1760464521122
1760464531922,7,110.824,360.674,mc,4,1760464521122
1760464531922,8,457.048,686.916,mc,5,1760464521122
1760464531922,9,323.694,517.294,mc,4,1760464521122
1760464531922,10,590.909,739.1,mc,4,1760464521122
1760464531922,11,306.398,490.244,mc,0,1760464521122
1760464532022,2,522.601,255.102,mc,5,1760464521122
1760464532022,3,286.154,220.805,mc,5,1760464521122
1760464532022,4,462.307,355.547,mc,5,1760464521122
1760464532022,5,291.045,279.057,mc,3,1760464521122
1760464532022,6,761.379,376.404,mc,5,1760464521122
1760464532022,7,111.3,360.944,mc,4,1760464521122
1760464532022,8,457.169,686.579,mc,5,1760464521122
1760464532022,9,323.993,517.203,mc,4,1760464521122
1760464532022,10,590.635,738.635,mc,4,1760464521122
1760464532022,11,306.163,489.702,mc,0,1760464521122
1760464532122,2,522.685,255.409,mc,5,1760464521122
1760464532122,3,285.816,221.087,mc,5,1760464521122
1760464532122,4,462.709,355.629,mc,5,1760464521122
1760464532122,5,291.089,279.4,mc,3,1760464521122
1760464532122,6,761.73,375.947,mc,5,1760464521122
1760464532122,7,111.775,361.214,mc,4,1760464521122
1760464532122,8,457.29,686.243,mc,5,1760464521122
1760464532122,9,324.293,517.113,mc,4,1760464521122
1760464532122,10,590.36,738.169,mc,4,1760464521122
1760464532122,11,305.927,489.16,mc,0,1760464521122
1760464532222,2,522.769,255.716,mc,5,1760464521122
1760464532222,3,285.478,221.369,mc,5,1760464521122
1760464532222,4,463.111,355.712,mc,5,1760464521122
1760464532222,5,291.134,279.744,mc,3,1760464521122
1760464532222,6,762.08,375.49,mc,5,1760464521122
1760464532222,7,112.251,361.484,mc,4,1760464521122
1760464532222,8,457.411,685.907,mc,5,1760464521122
1760464532222,9,324.592,517.022,mc,4,1760464521122
1760464532222,10,590.086,737.704,mc,4,1760464521122
1760464532222,11,305.564,489.153,mc,0,1760464521122
1760464532322,2,522.852,256.024,mc,5,1760464521122
1760464532322,3,285.14,221.652,mc,5,1760464521122
1760464532322,4,463.513,355.794,mc,5,1760464521122
1760464532322,5,291.179,280.087,mc,3,1760464521122
1760464532322,6,762.431,375.033,mc,5,1760464521122
1760464532322,7,112.726,361.754,mc,4,1760464521122
1760464532322,8,457.532,685.57,mc,5,1760464521122
1760464532322,9,324.891,516.931,mc,4,1760464521122
1760464532322,10,589.812,737.239,mc,4,1760464521122
1760464532322,11,305.174,489.257,mc,0,1760464521122
1760464532422,2,522.936,256.331,mc,5,1760464521122
1760464532422,3,284.803,221.934,mc,5,1760464521122
1760464532422,4,463.915,355.877,mc,5,1760464521122
1760464532422,5,291.223,280.43,mc,3,1760464521122
1760464532422,6,762.781,374.577,mc,5,1760464521122
1760464532422,7,113.202,362.024,mc,4,1760464521122
1760464532422,8,457.653,685.234,mc,5,1760464521122
1760464532422,9,325.19,516.841,mc,4,1760464521122
1760464532422,10,589.537,736.773,mc,4,1760464521122
1760464532422,11,304.785,489.362,mc,0,1760464521122
1760464532522,2,523.02,256.638,mc,5,1760464521122
1760464532522,3,284.465,222.217,mc,5,1760464521122
1760464532522,4,464.317,355.959,mc,5,1760464521122
1760464532522,5,291.268,280.774,mc,3,1760464521122
1760464532522,6,763.132,374.12,mc,5,1760464521122
1760464532522,7,113.677,362.294,mc,4,1760464521122
1760464532522,8,457.774,684.898,mc,5,1760464521122
1760464532522,9,325.49,516.75,mc,4,1760464521122
1760464532522,10,589.263,736.308,mc,4,1760464521122
1760464532522,11,304.395,489.466,mc,0,1760464521122
1760464532622,2,523.103,256.945,mc,5,1760464521122
1760464532622,3,284.127,222.499,mc,5,1760464521122
1760464532622,4,464.719,356.041,mc,5,1760464521122
1760464532622,5,291.312,281.117,mc,3,1760464521122
1760464532622,6,763.482,373.663,mc,5,1760464521122
1760464532622,7,114.153,362.564,mc,4,1760464521122
1760464532622,8,457.895,684.561,mc,5,1760464521122
1760464532622,9,325.789,516.659,mc,4,1760464521122
1760464532622,10,588.988,735.843,mc,4,1760464521122
1760464532622,11,304.005,489.571,mc,0,1760464521122
1760464532722,2,523.187,257.253,mc,5,1760464521122
1760464532722,3,283.789,222.781,mc,5,1760464521122
1760464532722,4,465.12,356.124,mc,5,1760464521122
1760464532722,5,291.357,281.461,mc,3,1760464521122
1760464532722,6,763.833,373.206,mc,5,1760464521122
1760464532722,7,114.628,362.833,mc,4,1760464521122
1760464532722,8,458.016,684.225,mc,5,1760464521122
1760464532722,9,326.088,516.569,mc,4,1760464521122
1760464532722,10,588.714,735.377,mc,4,1760464521122
1760464532722,11,303.616,489.675,mc,0,1760464521122
1760464532822,2,523.271,257.56,mc,5,1760464521122
1760464532822,3,283.452,223.064,mc,5,1760464521122
1760464532822,4,465.522,356.206,mc,5,1760464521122
1760464532822,5,291.402,281.804,mc,3,1760464521122
1760464532822,6,764.183,372.749,mc,5,1760464521122
1760464532822,7,115.103,363.103,mc,4,1760464521122
1760464532822,8,458.137,683.888,mc,5,1760464521122
1760464532822,9,326.387,516.478,mc,4,1760464521122
1760464532822,10,588.439,734.912,mc,4,1760464521122
1760464532822,11,303.226,489.78,mc,0,1760464521122
1760464532922,2,523.354,257.867,mc,5,1760464521122
1760464532922,3,283.114,223.346,mc,5,1760464521122
1760464532922,4,465.924,356.288,mc,5,1760464521122
1760464532922,5,291.446,282.147,mc,3,1760464521122
1760464532922,6,764.534,372.292,mc,5,1760464521122
1760464532922,7,115.579,363.373,mc,4,1760464521122
1760464532922,8,458.258,683.552,mc,5,1760464521122
1760464532922,9,326.687,516.387,mc,4,1760464521122
1760464532922,10,588.165,734.446,mc,4,1760464521122
1760464532922,11,302.836,489.885,mc,0,1760464521122
1760464533022,2,523.438,258.175,mc,5,1760464521122
1760464533022,3,282.776,223.629,mc,5,1760464521122
1760464533022,4,466.326,356.371,mc,5,1760464521122
1760464533022,5,291.491,282.491,mc,3,1760464521122
1760464533022,6,764.885,371.835,mc,5,1760464521122
1760464533022,7,116.054,363.643,mc,4,1760464521122
1760464533022,8,458.379,683.216,mc,5,1760464521122
1760464533022,9,326.986,516.297,mc,4,1760464521122
1760464533022,10,587.89,733.981,mc,4,1760464521122
1760464533022,11,302.446,489.989,mc,0,1760464521122
1760464533122,2,523.521,258.482,mc,5,1760464521122
1760464533122,3,282.438,223.911,mc,5,1760464521122
1760464533122,4,466.728,356.453,mc,5,1760464521122
1760464533122,5,291.536,282.834,mc,3,1760464521122
1760464533122,6,765.235,371.378,mc,5,1760464521122
1760464533122,7,116.53,363.913,mc,4,1760464521122
1760464533122,8,458.5,682.879,mc,5,1760464521122
1760464533122,9,327.285,516.206,mc,4,1760464521122
1760464533122,10,587.616,733.516,mc,4,1760464521122
1760464533122,11,302.057,490.094,mc,0,1760464521122
1760464533222,2,523.605,258.789,mc,5,1760464521122
1760464533222,3,282.101,224.194,mc,5,1760464521122
1760464533222,4,467.13,356.536,mc,5,1760464521122
1760464533222,5,291.58,283.177,mc,3,1760464521122
1760464533222,6,765.586,370.921,mc,5,1760464521122
1760464533222,7,117.005,364.183,mc,4,1760464521122
1760464533222,8,458.621,682.543,mc,5,1760464521122
1760464533222,9,327.584,516.115,mc,4,1760464521122
1760464533222,10,587.341,733.05,mc,4,1760464521122
1760464533222,11,301.667,490.198,mc,0,1760464521122
1760464533322,2,523.689,259.097,mc,5,1760464521122
1760464533322,3,281.763,224.476,mc,5,1760464521122
1760464533322,4,467.532,356.618,mc,5,1760464521122
1760464533322,5,291.625,283.521,mc,3,1760464521122
1760464533322,6,765.936,370.464,mc,5,1760464521122
1760464533322,7,117.481,364.453,mc,4,1760464521122
1760464533322,8,458.742,682.207,mc,5,1760464521122
1760464533322,9,327.884,516.025,mc,4,1760464521122
1760464533322,10,587.067,732.585,mc,4,1760464521122
1760464533322,11,301.277,490.303,mc,0,1760464521122
1760464533422,2,523.772,259.404,mc,5,1760464521122
1760464533422,3,281.425,224.758,mc,5,1760464521122
1760464533422,4,467.934,356.7,mc,5,1760464521122
1760464533422,5,291.669,283.864,mc,3,1760464521122
1760464533422,6,766.287,370.007,mc,5,1760464521122
1760464533422,7,117.956,364.723,mc,4,1760464521122
1760464533422,8,458.863,681.87,mc,5,1760464521122
1760464533422,9,328.183,515.934,mc,4,1760464521122
1760464533422,10,586.792,732.12,mc,4,1760464521122
1760464533422,11,300.888,490.407,mc,0,1760464521122
1760464533522,2,523.856,259.711,mc,5,1760464521122
1760464533522,3,281.087,225.041,mc,5,1760464521122
1760464533522,4,468.336,356.783,mc,5,1760464521122
1760464533522,5,291.714,284.208,mc,3,1760464521122
1760464533522,6,766.637,369.55,mc,5,1760464521122
1760464533522,7,118.432,364.992,mc,4,1760464521122
1760464533522,8,458.984,681.534,mc,5,1760464521122
1760464533522,9,328.482,515.843,mc,4,1760464521122
1760464533522,10,586.518,731.654,mc,4,1760464521122
1760464533522,11,300.498,490.512,mc,0,1760464521122
1760464533622,2,523.94,260.019,mc,5,1760464521122
1760464533622,3,280.75,225.323,mc,5,1760464521122
1760464533622,4,468.738,356.865,mc,5,1760464521122
1760464533622,5,291.759,284.551,mc,3,1760464521122
1760464533622,6,766.988,369.094,mc,5,1760464521122
1760464533622,7,118.907,365.262,mc,4,1760464521122
1760464533622,8,459.105,681.198,mc,5,1760464521122
1760464533622,9,328.781,515.753,mc,4,1760464521122
1760464533622,10,586.243,731.189,mc,4,1760464521122
1760464533622,11,300.108,490.617,mc,0,1760464521122
1760464533722,2,524.023,260.326,mc,5,1760464521122
1760464533722,3,280.412,225.606,mc,5,1760464521122
1760464533722,4,469.14,356.948,mc,5,1760464521122
1760464533722,5,291.803,284.894,mc,3,1760464521122
1760464533722,6,767.338,368.637,mc,5,1760464521122
1760464533722,7,119.383,365.532,mc,4,1760464521122
1760464533722,8,459.226,680.861,mc,5,1760464521122
1760464533722,9,329.081,515.662,mc,4,1760464521122
1760464533722,10,585.969,730.724,mc,4,1760464521122
1760464533722,11,299.719,490.721,mc,0,1760464521122
1760464533822,2,524.107,260.633,mc,5,1760464521122
1760464533822,3,280.074,225.888,mc,5,1760464521122
1760464533822,4,469.542,357.03,mc,5,1760464521122
1760464533822,5,291.848,285.238,mc,3,1760464521122
1760464533822,6,767.689,368.18,mc,5,1760464521122
1760464533822,7,119.858,365.802,mc,4,1760464521122
1760464533822,8,459.347,680.525,mc,5,1760464521122
1760464533822,9,329.38,515.572,mc,4,1760464521122
1760464533822,10,585.695,730.258,mc,4,1760464521122
1760464533822,11,299.329,490.826,mc,0,1760464521122
1760464533922,2,524.191,260.94,mc,5,1760464521122
1760464533922,3,279.737,226.17,mc,5,1760464521122
1760464533922,4,469.944,357.112,mc,5,1760464521122
1760464533922,5,291.893,285.581,mc,3,1760464521122
1760464533922,6,768.039,367.723,mc,5,1760464521122
1760464533922,7,120.334,366.072,mc,4,1760464521122
1760464533922,8,459.468,680.188,mc,5,1760464521122
1760464533922,9,329.679,515.481,mc,4,1760464521122
1760464533922,10,585.42,729.793,mc,4,1760464521122
1760464533922,11,298.939,490.93,mc,0,1760464521122
1760464534022,2,524.274,261.248,mc,5,1760464521122
1760464534022,3,279.399,226.453,mc,5,1760464521122
1760464534022,4,470.346,357.195,mc,5,1760464521122
1760464534022,5,291.937,285.924,mc,3,1760464521122
1760464534022,6,768.39,367.266,mc,5,1760464521122
1760464534022,7,120.809,366.342,mc,4,1760464521122
1760464534022,8,459.589,679.852,mc,5,1760464521122
1760464534022,9,329.978,515.39,mc,4,1760464521122
1760464534022,10,585.146,729.328,mc,4,1760464521122
1760464534022,11,298.549,491.035,mc,0,1760464521122
1760464534122,2,524.358,261.555,mc,5,1760464521122
1760464534122,3,279.061,226.735,mc,5,1760464521122
1760464534122,4,470.748,357.277,mc,5,1760464521122
1760464534122,5,291.982,286.268,mc,3,1760464521122
1760464534122,6,768.741,366.809,mc,5,1760464521122
1760464534122,7,121.285,366.612,mc,4,1760464521122
1760464534122,8,459.71,679.516,mc,5,1760464521122
1760464534122,9,330.278,515.3,mc,4,1760464521122
1760464534122,10,584.871,728.862,mc,4,1760464521122
1760464534122,11,298.16,491.139,mc,0,1760464521122
1760464534222,2,524.442,261.862,mc,5,1760464521122
1760464534222,3,278.723,227.018,mc,5,1760464521122
1760464534222,4,471.15,357.359,mc,5,1760464521122
1760464534222,5,292.026,286.611,mc,3,1760464521122
1760464534222,6,769.091,366.352,mc,5,1760464521122
1760464534222,7,121.732,366.785,mc,4,1760464521122
1760464534222,8,459.832,679.179,mc,5,1760464521122
1760464534222,9,330.577,515.209,mc,4,1760464521122
1760464534222,10,584.597,728.397,mc,4,1760464521122
1760464534222,11,297.77,491.244,mc,0,1760464521122
1760464534322,2,524.525,262.17,mc,5,1760464521122
1760464534322,3,278.386,227.3,mc,5,1760464521122
1760464534322,4,471.552,357.442,mc,5,1760464521122
1760464534322,5,292.071,286.955,mc,3,1760464521122
1760464534322,6,769.442,365.895,mc,5,1760464521122
1760464534322,7,122.142,366.834,mc,4,1760464521122
1760464534322,8,459.953,678.843,mc,5,1760464521122
1760464534322,9,330.876,515.118,mc,4,1760464521122
1760464534322,10,584.322,727.932,mc,4,1760464521122
1760464534322,11,297.38,491.349,mc,0,1760464521122
1760464534422,2,524.609,262.477,mc,5,1760464521122
1760464534422,3,278.048,227.582,mc,5,1760464521122
1760464534422,4,471.954,357.524,mc,5,1760464521122
1760464534422,5,292.116,287.298,mc,3,1760464521122
1760464534422,6,769.792,365.438,mc,5,1760464521122
1760464534422,7,122.552,366.884,mc,4,1760464521122
1760464534422,8,460.074,678.507,mc,5,1760464521122
1760464534422,9,331.175,515.028,mc,4,1760464521122
1760464534422,10,584.048,727.466,mc,4,1760464521122
1760464534422,11,296.991,491.453,mc,0,1760464521122
1760464534522,2,524.692,262.784,mc,5,1760464521122
1760464534522,3,277.71,227.865,mc,5,1760464521122
1760464534522,4,472.356,357.607,mc,5,1760464521122
1760464534522,5,292.16,287.641,mc,3,1760464521122
1760464534522,6,770.143,364.981,mc,5,1760464521122
1760464534522,7,122.962,366.933,mc,4,1760464521122
1760464534522,8,460.195,678.17,mc,5,1760464521122
1760464534522,9,331.475,514.937,mc,4,1760464521122
1760464534522,10,583.773,727.001,mc,4,1760464521122
1760464534522,11,296.601,491.558,mc,0,1760464521122
1760464534622,2,524.776,263.092,mc,5,1760464521122
1760464534622,3,277.372,228.147,mc,5,1760464521122
1760464534622,4,472.758,357.689,mc,5,1760464521122
1760464534622,5,292.205,287.985,mc,3,1760464521122
1760464534622,6,770.493,364.524,mc,5,1760464521122
1760464534622,7,123.372,366.982,mc,4,1760464521122
1760464534622,8,460.316,677.834,mc,5,1760464521122
1760464534622,9,331.774,514.846,mc,4,1760464521122
1760464534622,10,583.499,726.535,mc,4,1760464521122
1760464534622,11,296.211,491.662,mc,0,1760464521122
1760464534722,2,524.86,263.399,mc,5,1760464521122
1760464534722,3,277.035,228.43,mc,5,1760464521122
1760464534722,4,473.16,357.771,mc,5,1760464521122
1760464534722,5,292.25,288.328,mc,3,1760464521122
1760464534722,6,770.844,364.068,mc,5,1760464521122
1760464534722,7,123.783,367.032,mc,4,1760464521122
1760464534722,8,460.437,677.498,mc,5,1760464521122
1760464534722,9,332.073,514.756,mc,4,1760464521122
1760464534722,10,583.224,726.07,mc,4,1760464521122
1760464534722,11,295.822,491.767,mc,0,1760464521122
1760464534822,2,524.943,263.706,mc,5,1760464521122
1760464534822,3,276.697,228.712,mc,5,1760464521122
1760464534822,4,473.562,357.854,mc,5,1760464521122
1760464534822,5,292.294,288.671,mc,3,1760464521122
1760464534822,6,771.194,363.611,mc,5,1760464521122
1760464534822,7,124.193,367.081,mc,4,1760464521122
1760464534822,8,460.558,677.161,mc,5,1760464521122
1760464534822,9,332.372,514.665,mc,4,1760464521122
1760464534822,10,582.95,725.605,mc,4,1760464521122
1760464534822,11,295.432,491.871,mc,0,1760464521122
1760464534922,2,525.027,264.014,mc,5,1760464521122
1760464534922,3,276.359,228.995,mc,5,1760464521122
1760464534922,4,473.964,357.936,mc,5,1760464521122
1760464534922,5,292.339,289.015,mc,3,1760464521122
1760464534922,6,771.545,363.154,mc,5,1760464521122
1760464534922,7,124.603,367.131,mc,4,1760464521122
1760464534922,8,460.679,676.825,mc,5,1760464521122
1760464534922,9,332.672,514.574,mc,4,1760464521122
1760464534922,10,582.675,725.139,mc,4,1760464521122
1760464534922,11,295.042,491.976,mc,0,1760464521122
1760464535022,2,525.111,264.321,mc,5,1760464521122
1760464535022,3,276.021,229.277,mc,5,1760464521122
1760464535022,4,474.366,358.018,mc,5,1760464521122
1760464535022,5,292.383,289.358,mc,3,1760464521122
1760464535022,6,771.895,362.697,mc,5,1760464521122
1760464535022,7,125.013,367.18,mc,4,1760464521122
1760464535022,8,460.8,676.488,mc,5,1760464521122
1760464535022,9,332.971,514.484,mc,4,1760464521122
1760464535022,10,582.401,724.674,mc,4,1760464521122
1760464535022,11,294.652,492.08,mc,0,1760464521122
1760464535122,2,525.194,264.628,mc,5,1760464521122
1760464535122,3,275.684,229.559,mc,5,1760464521122
1760464535122,4,474.768,358.101,mc,5,1760464521122
1760464535122,5,292.351,289.799,mc,3,1760464521122
1760464535122,6,772.246,362.24,mc,5,1760464521122
1760464535122,7,125.423,367.229,mc,4,1760464521122
1760464535122,8,460.921,676.152,mc,5,1760464521122
1760464535122,9,333.27,514.393,mc,4,1760464521122
1760464535122,10,582.126,724.209,mc,4,1760464521122
1760464535122,11,294.263,492.185,mc,0,1760464521122
1760464535222,2,525.278,264.935,mc,5,1760464521122
1760464535222,3,275.433,229.508,mc,5,1760464521122
1760464535222,4,475.17,358.183,mc,5,1760464521122
1760464535222,5,292.206,290.381,mc,3,1760464521122
1760464535222,6,772.597,361.783,mc,5,1760464521122
1760464535222,7,125.834,367.279,mc,4,1760464521122
1760464535222,8,461.042,675.816,mc,5,1760464521122
1760464535222,9,333.569,514.302,mc,4,1760464521122
1760464535222,10,581.852,723.743,mc,4,1760464521122
1760464535222,11,293.873,492.29,mc,0,1760464521122
1760464535322,2,525.362,265.243,mc,5,1760464521122
1760464535322,3,275.33,228.89,mc,5,1760464521122
1760464535322,4,475.572,358.266,mc,5,1760464521122
1760464535322,5,292.062,290.963,mc,3,1760464521122
1760464535322,6,772.947,361.326,mc,5,1760464521122
1760464535322,7,126.244,367.328,mc,4,1760464521122
1760464535322,8,461.163,675.479,mc,5,1760464521122
1760464535322,9,333.869,514.212,mc,4,1760464521122
1760464535322,10,581.578,723.278,mc,4,1760464521122
1760464535322,11,293.483,492.394,mc,0,1760464521122
1760464535422,2,525.445,265.55,mc,5,1760464521122
1760464535422,3,275.228,228.271,mc,5,1760464521122
1760464535422,4,475.974,358.348,mc,5,1760464521122
1760464535422,5,291.917,291.545,mc,3,1760464521122
1760464535422,6,773.298,360.869,mc,5,1760464521122
1760464535422,7,126.654,367.378,mc,4,1760464521122
1760464535422,8,461.284,675.143,mc,5,1760464521122
1760464535422,9,334.168,514.121,mc,4,1760464521122
1760464535422,10,581.303,722.813,mc,4,1760464521122
1760464535422,11,293.094,492.499,mc,0,1760464521122
1760464535522,2,525.529,265.857,mc,5,1760464521122
1760464535522,3,275.125,227.653,mc,5,1760464521122
1760464535522,4,476.077,358.632,mc,5,1760464521122
1760464535522,5,291.773,292.127,mc,3,1760464521122
1760464535522,6,773.648,360.412,mc,5,1760464521122
1760464535522,7,127.064,367.427,mc,4,1760464521122
1760464535522,8,461.405,674.807,mc,5,1760464521122
1760464535522,9,334.467,514.031,mc,4,1760464521122
1760464535522,10,581.029,722.347,mc,4,1760464521122
1760464535522,11,292.704,492.603,mc,0,1760464521122
1760464535622,2,525.613,266.165,mc,5,1760464521122
1760464535622,3,275.023,227.035,mc,5,1760464521122
1760464535622,4,476.003,359.034,mc,5,1760464521122
1760464535622,5,291.629,292.709,mc,3,1760464521122
1760464535622,6,773.999,359.955,mc,5,1760464521122
1760464535622,7,127.474,367.476,mc,4,1760464521122
1760464535622,8,461.526,674.47,mc,5,1760464521122
1760464535622,9,334.766,513.94,mc,4,1760464521122
1760464535622,10,580.754,721.882,mc,4,1760464521122
1760464535622,11,292.314,492.708,mc,0,1760464521122
1760464535722,2,525.696,266.472,mc,5,1760464521122
1760464535722,3,274.92,226.417,mc,5,1760464521122
1760464535722,4,475.93,359.437,mc,5,1760464521122
1760464535722,5,291.484,293.29,mc,3,1760464521122
1760464535722,6,774.349,359.498,mc,5,1760464521122
1760464535722,7,127.885,367.526,mc,4,1760464521122
1760464535722,8,461.647,674.134,mc,5,1760464521122
1760464535722,9,335.066,513.849,mc,4,1760464521122
1760464535722,10,580.48,721.417,mc,4,1760464521122
1760464535722,11,291.924,492.812,mc,0,1760464521122
1760464535822,2,525.78,266.779,mc,5,1760464521122
1760464535822,3,274.817,225.799,mc,5,1760464521122
1760464535822,4,475.856,359.84,mc,5,1760464521122
1760464535822,5,291.34,293.872,mc,3,1760464521122
1760464535822,6,774.7,359.041,mc,5,1760464521122
1760464535822,7,128.295,367.575,mc,4,1760464521122
1760464535822,8,461.768,673.798,mc,5,1760464521122
1760464535822,9,335.365,513.759,mc,4,1760464521122
1760464535822,10,580.205,720.951,mc,4,1760464521122
1760464535822,11,291.535,492.917,mc,0,1760464521122
1760464535922,2,525.687,267.356,mc,5,1760464521122
1760464535922,3,274.715,225.181,mc,5,1760464521122
1760464535922,4,475.782,360.242,mc,5,1760464521122
1760464535922,5,291.195,294.454,mc,3,1760464521122
1760464535922,6,775.05,358.585,mc,5,1760464521122
1760464535922,7,128.705,367.624,mc,4,1760464521122
1760464535922,8,461.889,673.461,mc,5,1760464521122
1760464535922,9,335.664,513.668,mc,4,1760464521122
1760464535922,10,579.931,720.486,mc,4,1760464521122
1760464535922,11,291.145,493.022,mc,0,1760464521122
1760464536022,2,525.56,267.985,mc,5,1760464521122
1760464536022,3,274.612,224.563,mc,5,1760464521122
1760464536022,4,475.709,360.645,mc,5,1760464521122
1760464536022,5,291.051,295.036,mc,3,1760464521122
1760464536022,6,775.401,358.128,mc,5,1760464521122
1760464536022,7,129.115,367.674,mc,4,1760464521122
1760464536022,8,462.01,673.125,mc,5,1760464521122
1760464536022,9,335.963,513.577,mc,4,1760464521122
1760464536022,10,579.656,720.021,mc,4,1760464521122
1760464536022,11,290.755,493.126,mc,0,1760464521122
1760464536122,2,525.432,268.614,mc,5,1760464521122
1760464536122,3,274.509,223.945,mc,5,1760464521122
1760464536122,4,475.635,361.047,mc,5,1760464521122
1760464536122,5,290.906,295.618,mc,3,1760464521122
1760464536122,6,775.751,357.671,mc,5,1760464521122
1760464536122,7,129.525,367.723,mc,4,1760464521122
1760464536122,8,462.131,672.788,mc,5,1760464521122
1760464536122,9,336.263,513.487,mc,4,1760464521122
1760464536122,10,579.382,719.555,mc,4,1760464521122
1760464536122,11,290.366,493.231,mc,0,1760464521122
1760464536222,2,525.305,269.243,mc,5,1760464521122
1760464536222,3,274.407,223.327,mc,5,1760464521122
1760464536222,4,475.561,361.45,mc,5,1760464521122
1760464536222,5,290.762,296.2,mc,3,1760464521122
1760464536222,6,776.102,357.214,mc,5,1760464521122
1760464536222,7,129.936,367.773,mc,4,1760464521122
1760464536222,8,462.252,672.452,mc,5,1760464521122
1760464536222,9,336.562,513.396,mc,4,1760464521122
1760464536222,10,579.107,719.09,mc,4,1760464521122
1760464536222,11,289.976,493.335,mc,0,1760464521122
1760464536322,2,525.178,269.872,mc,5,1760464521122
1760464536322,3,274.304,222.709,mc,5,1760464521122
1760464536322,4,475.488,361.853,mc,5,1760464521122
1760464536322,5,290.618,296.782,mc,3,1760464521122
1760464536322,6,776.453,356.757,mc,5,1760464521122
1760464536322,7,130.346,367.822,mc,4,1760464521122
1760464536322,8,462.373,672.116,mc,5,1760464521122
1760464536322,9,336.861,513.305,mc,4,1760464521122
1760464536322,10,578.833,718.624,mc,4,1760464521122
1760464536322,11,289.586,493.44,mc,0,1760464521122
1760464536422,2,525.051,270.502,mc,5,1760464521122
1760464536422,3,274.201,222.091,mc,5,1760464521122
1760464536422,4,475.414,362.255,mc,5,1760464521122
1760464536422,5,290.473,297.364,mc,3,1760464521122
1760464536422,6,776.803,356.3,mc,5,1760464521122
1760464536422,7,130.756,367.871,mc,4,1760464521122
1760464536422,8,462.494,671.779,mc,5,1760464521122
1760464536422,9,337.16,513.215,mc,4,1760464521122
1760464536422,10,578.558,718.159,mc,4,1760464521122
1760464536422,11,289.197,493.544,mc,0,1760464521122
1760464536522,2,524.924,271.131,mc,5,1760464521122
1760464536522,3,274.099,221.473,mc,5,1760464521122
1760464536522,4,475.34,362.658,mc,5,1760464521122
1760464536522,5,290.329,297.946,mc,3,1760464521122
1760464536522,6,777.154,355.843,mc,5,1760464521122
1760464536522,7,131.166,367.921,mc,4,1760464521122
1760464536522,8,462.615,671.443,mc,5,1760464521122
1760464536522,9,337.46,513.124,mc,4,1760464521122
1760464536522,10,578.284,717.694,mc,4,1760464521122
1760464536522,11,288.807,493.649,mc,0,1760464521122
1760464536622,2,524.797,271.76,mc,5,1760464521122
1760464536622,3,273.996,220.855,mc,5,1760464521122
1760464536622,4,475.267,363.06,mc,5,1760464521122
1760464536622,5,290.184,298.528,mc,3,1760464521122
1760464536622,6,777.504,355.386,mc,5,1760464521122
1760464536622,7,131.576,367.97,mc,4,1760464521122
1760464536622,8,462.736,671.107,mc,5,1760464521122
1760464536622,9,337.759,513.033,mc,4,1760464521122
1760464536622,10,578.009,717.228,mc,4,1760464521122
1760464536622,11,288.417,493.754,mc,0,1760464521122
1760464536722,2,524.669,272.389,mc,5,1760464521122
1760464536722,3,273.893,220.237,mc,5,1760464521122
1760464536722,4,475.193,363.463,mc,5,1760464521122
1760464536722,5,290.04,299.109,mc,3,1760464521122
1760464536722,6,777.855,354.929,mc,5,1760464521122
1760464536722,7,131.987,368.02,mc,4,1760464521122
1760464536722,8,462.857,670.77,mc,5,1760464521122
1760464536722,9,338.058,512.943,mc,4,1760464521122
1760464536722,10,577.735,716.763,mc,4,1760464521122
1760464536722,11,288.027,493.858,mc,0,1760464521122
1760464536822,2,524.542,273.018,mc,5,1760464521122
1760464536822,3,273.791,219.619,mc,5,1760464521122
1760464536822,4,475.119,363.866,mc,5,1760464521122
1760464536822,5,289.895,299.691,mc,3,1760464521122
1760464536822,6,778.205,354.472,mc,5,1760464521122
1760464536822,7,132.397,368.069,mc,4,1760464521122
1760464536822,8,462.978,670.434,mc,5,1760464521122
1760464536822,9,338.357,512.852,mc,4,1760464521122
1760464536822,10,577.461,716.298,mc,4,1760464521122
1760464536822,11,287.638,493.963,mc,0,1760464521122
1760464536922,2,524.415,273.647,mc,5,1760464521122
1760464536922,3,273.688,219.001,mc,5,1760464521122
1760464536922,4,475.046,364.268,mc,5,1760464521122
1760464536922,5,289.751,300.273,mc,3,1760464521122
1760464536922,6,778.556,354.015,mc,5,1760464521122
1760464536922,7,132.807,368.118,mc,4,1760464521122
1760464536922,8,463.099,670.097,mc,5,1760464521122
1760464536922,9,338.657,512.762,mc,4,1760464521122
1760464536922,10,577.186,715.832,mc,4,1760464521122
1760464536922,11,287.248,494.067,mc,0,1760464521122
1760464537022,2,524.288,274.276,mc,5,1760464521122
1760464537022,3,273.585,218.383,mc,5,1760464521122
1760464537022,4,474.972,364.671,mc,5,1760464521122
1760464537022,5,289.607,300.855,mc,3,1760464521122
1760464537022,6,778.906,353.558,mc,5,1760464521122
1760464537022,7,133.217,368.168,mc,4,1760464521122
1760464537022,8,463.22,669.761,mc,5,1760464521122
1760464537022,9,338.956,512.671,mc,4,1760464521122
1760464537022,10,576.912,715.367,mc,4,1760464521122
1760464537022,11,286.858,494.172,mc,0,1760464521122
1760464537122,2,524.161,274.905,mc,5,1760464521122
1760464537122,3,273.483,217.765,mc,5,1760464521122
1760464537122,4,474.898,365.074,mc,5,1760464521122
1760464537122,5,289.462,301.437,mc,3,1760464521122
1760464537122,6,779.229,353.18,mc,5,1760464521122
1760464537122,7,133.627,368.217,mc,4,1760464521122
1760464537122,8,463.341,669.425,mc,5,1760464521122
1760464537122,9,339.255,512.58,mc,4,1760464521122
1760464537122,10,576.637,714.902,mc,4,1760464521122
1760464537122,11,286.469,494.276,mc,0,1760464521122
1760464537222,2,524.034,275.534,mc,5,1760464521122
1760464537222,3,273.38,217.147,mc,5,1760464521122
1760464537222,4,474.825,365.476,mc,5,1760464521122
1760464537222,5,289.318,302.019,mc,3,1760464521122
1760464537222,6,779.245,353.67,mc,5,1760464521122
1760464537222,7,134.038,368.267,mc,4,1760464521122
1760464537222,8,463.462,669.088,mc,5,1760464521122
1760464537222,9,339.554,512.49,mc,4,1760464521122
1760464537222,10,576.363,714.436,mc,4,1760464521122
1760464537222,11,286.079,494.381,mc,0,1760464521122
1760464537322,2,523.907,276.163,mc,5,1760464521122
1760464537322,3,273.278,216.529,mc,5,1760464521122
1760464537322,4,474.751,365.879,mc,5,1760464521122
1760464537322,5,289.173,302.601,mc,3,1760464521122
1760464537322,6,779.26,354.16,mc,5,1760464521122
1760464537322,7,134.448,368.316,mc,4,1760464521122
1760464537322,8,463.583,668.752,mc,5,1760464521122
1760464537322,9,339.854,512.399,mc,4,1760464521122
1760464537322,10,576.705,714.188,mc,4,1760464521122
1760464537322,11,285.689,494.485,mc,0,1760464521122
1760464537422,2,523.779,276.792,mc,5,1760464521122
1760464537422,3,273.175,215.911,mc,5,1760464521122
1760464537422,4,474.677,366.281,mc,5,1760464521122
1760464537422,5,289.029,303.183,mc,3,1760464521122
1760464537422,6,779.276,354.65,mc,5,1760464521122
1760464537422,7,134.858,368.365,mc,4,1760464521122
1760464537422,8,463.704,668.416,mc,5,1760464521122
1760464537422,9,340.153,512.308,mc,4,1760464521122
1760464537422,10,577.049,713.94,mc,4,1760464521122
1760464537422,11,285.3,494.59,mc,0,1760464521122
1760464537522,2,523.652,277.421,mc,5,1760464521122
1760464537522,3,273.072,215.293,mc,5,1760464521122
1760464537522,4,474.604,366.684,mc,5,1760464521122
1760464537522,5,288.885,303.765,mc,3,1760464521122
1760464537522,6,779.291,355.14,mc,5,1760464521122
1760464537522,7,135.268,368.415,mc,4,1760464521122
1760464537522,8,463.825,668.079,mc,5,1760464521122
1760464537522,9,340.452,512.218,mc,4,1760464521122
1760464537522,10,577.393,713.692,mc,4,1760464521122
1760464537522,11,284.91,494.695,mc,0,1760464521122
1760464537622,2,523.525,278.05,mc,5,1760464521122
1760464537622,3,272.97,214.675,mc,5,1760464521122
1760464537622,4,474.53,367.087,mc,5,1760464521122
1760464537622,5,288.74,304.346,mc,3,1760464521122
1760464537622,6,779.306,355.629,mc,5,1760464521122
1760464537622,7,135.678,368.464,mc,4,1760464521122
1760464537622,8,463.946,667.743,mc,5,1760464521122
1760464537622,9,340.751,512.127,mc,4,1760464521122
1760464537622,10,577.737,713.444,mc,4,1760464521122
1760464537622,11,284.52,494.799,mc,0,1760464521122
1760464537722,2,523.398,278.679,mc,5,1760464521122
1760464537722,3,272.867,214.057,mc,5,1760464521122
1760464537722,4,474.456,367.489,mc,5,1760464521122
1760464537722,5,288.596,304.928,mc,3,1760464521122
1760464537722,6,779.322,356.119,mc,5,1760464521122
1760464537722,7,136.089,368.514,mc,4,1760464521122
1760464537722,8,464.067,667.407,mc,5,1760464521122
1760464537722,9,341.051,512.036,mc,4,1760464521122
1760464537722,10,578.082,713.196,mc,4,1760464521122
1760464537722,11,284.13,494.904,mc,0,1760464521122
1760464537822,2,523.271,279.308,mc,5,1760464521122
1760464537822,3,272.764,213.439,mc,5,1760464521122
1760464537822,4,474.383,367.892,mc,5,1760464521122
1760464537822,5,288.451,305.51,mc,3,1760464521122
1760464537822,6,779.337,356.609,mc,5,1760464521122
1760464537822,7,136.499,368.563,mc,4,1760464521122
1760464537822,8,464.188,667.07,mc,5,1760464521122
1760464537822,9,341.35,511.946,mc,4,1760464521122
1760464537822,10,578.426,712.948,mc,4,1760464521122
1760464537822,11,283.741,495.008,mc,0,1760464521122
1760464537922,2,523.144,279.937,mc,5,1760464521122
1760464537922,3,272.662,212.82,mc,5,1760464521122
1760464537922,4,474.309,368.294,mc,5,1760464521122
1760464537922,5,288.307,306.092,mc,3,1760464521122
1760464537922,6,779.353,357.099,mc,5,1760464521122
1760464537922,7,136.909,368.612,mc,4,1760464521122
1760464537922,8,464.309,666.734,mc,5,1760464521122
1760464537922,9,341.649,511.855,mc,4,1760464521122
1760464537922,10,578.77,712.7,mc,4,1760464521122
1760464537922,11,283.351,495.113,mc,0,1760464521122
1760464538022,2,523.016,280.566,mc,5,1760464521122
1760464538022,3,272.559,212.202,mc,5,1760464521122
1760464538022,4,474.235,368.697,mc,5,1760464521122
1760464538022,5,288.162,306.674,mc,3,1760464521122
1760464538022,6,779.368,357.589,mc,5,1760464521122
1760464538022,7,137.319,368.662,mc,4,1760464521122
1760464538022,8,464.43,666.397,mc,5,1760464521122
1760464538022,9,341.948,511.764,mc,4,1760464521122
1760464538022,10,579.114,712.452,mc,4,1760464521122
1760464538022,11,282.961,495.217,mc,0,1760464521122
1760464538122,2,522.889,281.195,mc,5,1760464521122
1760464538122,3,272.456,211.584,mc,5,1760464521122
1760464538122,4,474.161,369.1,mc,5,1760464521122
1760464538122,5,288.018,307.256,mc,3,1760464521122
1760464538122,6,779.384,358.079,mc,5,1760464521122
1760464538122,7,137.729,368.711,mc,4,1760464521122
1760464538122,8,464.551,666.061,mc,5,1760464521122
1760464538122,9,342.248,511.674,mc,4,1760464521122
1760464538122,10,579.458,712.204,mc,4,1760464521122
1760464538122,11,282.572,495.322,mc,0,1760464521122
1760464538222,2,522.762,281.824,mc,5,1760464521122
1760464538222,3,272.354,210.966,mc,5,1760464521122
1760464538222,4,474.088,369.502,mc,5,1760464521122
1760464538222,5,287.874,307.838,mc,3,1760464521122
1760464538222,6,779.399,358.569,mc,5,1760464521122
1760464538222,7,138.14,368.761,mc,4,1760464521122
1760464538222,8,464.672,665.725,mc,5,1760464521122
1760464538222,9,342.547,511.583,mc,4,1760464521122
1760464538222,10,579.802,711.956,mc,4,1760464521122
1760464538222,11,282.182,495.427,mc,0,1760464521122
1760464538322,2,522.635,282.453,mc,5,1760464521122
1760464538322,3,272.251,210.348,mc,5,1760464521122
1760464538322,4,474.014,369.905,mc,5,1760464521122
1760464538322,5,287.729,308.42,mc,3,1760464521122
1760464538322,6,779.415,359.059,mc,5,1760464521122
1760464538322,7,138.55,368.81,mc,4,1760464521122
1760464538322,8,464.793,665.388,mc,5,1760464521122
1760464538322,9,342.846,511.492,mc,4,1760464521122
1760464538322,10,580.147,711.708,mc,4,1760464521122
1760464538322,11,281.792,495.531,mc,0,1760464521122
1760464538422,2,522.508,283.082,mc,5,1760464521122
1760464538422,3,272.148,209.73,mc,5,1760464521122
1760464538422,4,473.94,370.308,mc,5,1760464521122
1760464538422,5,287.585,309.002,mc,3,1760464521122
1760464538422,6,779.43,359.549,mc,5,1760464521122
1760464538422,7,138.96,368.859,mc,4,1760464521122
1760464538422,8,464.914,665.052,mc,5,1760464521122
1760464538422,9,343.145,511.402,mc,4,1760464521122
1760464538422,10,580.491,711.46,mc,4,1760464521122
1760464538422,11,281.403,495.636,mc,0,1760464521122
1760464538522,2,522.381,283.711,mc,5,1760464521122
1760464538522,3,272.046,209.112,mc,5,1760464521122
1760464538522,4,473.867,370.71,mc,5,1760464521122
1760464538522,5,287.44,309.584,mc,3,1760464521122
1760464538522,6,779.446,360.038,mc,5,1760464521122
1760464538522,7,139.37,368.909,mc,4,1760464521122
1760464538522,8,465.035,664.716,mc,5,1760464521122
1760464538522,9,343.445,511.311,mc,4,1760464521122
1760464538522,10,580.835,711.212,mc,4,1760464521122
1760464538522,11,281.013,495.74,mc,0,1760464521122
1760464538622,2,522.254,284.34,mc,5,1760464521122
1760464538622,3,271.943,208.494,mc,5,1760464521122
1760464538622,4,473.793,371.113,mc,5,1760464521122
1760464538622,5,287.296,310.165,mc,3,1760464521122
1760464538622,6,779.461,360.528,mc,5,1760464521122
1760464538622,7,139.78,368.958,mc,4,1760464521122
1760464538622,8,465.156,664.379,mc,5,1760464521122
1760464538622,9,343.744,511.221,mc,4,1760464521122
1760464538622,10,581.179,710.964,mc,4,1760464521122
1760464538622,11,280.623,495.845,mc,0,1760464521122
1760464538722,2,522.126,284.969,mc,5,1760464521122
1760464538722,3,271.841,207.876,mc,5,1760464521122
1760464538722,4,473.719,371.515,mc,5,1760464521122
1760464538722,5,287.151,310.747,mc,3,1760464521122
1760464538722,6,779.477,361.018,mc,5,1760464521122
1760464538722,7,140.191,369.007,mc,4,1760464521122
1760464538722,8,465.277,664.043,mc,5,1760464521122
1760464538722,9,344.043,511.13,mc,4,1760464521122
1760464538722,10,581.523,710.716,mc,4,1760464521122
1760464538722,11,280.233,495.949,mc,0,1760464521122
1760464538822,2,521.999,285.598,mc,5,1760464521122
1760464538822,3,271.738,207.258,mc,5,1760464521122
1760464538822,4,473.646,371.918,mc,5,1760464521122
1760464538822,5,287.007,311.329,mc,3,1760464521122
1760464538822,6,779.492,361.508,mc,5,1760464521122
1760464538822,7,140.601,369.057,mc,4,1760464521122
1760464538822,8,465.398,663.707,mc,5,1760464521122
1760464538822,9,344.342,511.039,mc,4,1760464521122
1760464538822,10,581.867,710.468,mc,4,1760464521122
1760464538822,11,279.844,496.054,mc,0,1760464521122
1760464538922,2,521.872,286.227,mc,5,1760464521122
1760464538922,3,271.635,206.64,mc,5,1760464521122
1760464538922,4,473.572,372.321,mc,5,1760464521122
1760464538922,5,286.863,311.911,mc,3,1760464521122
1760464538922,6,779.508,361.998,mc,5,1760464521122
1760464538922,7,141.011,369.106,mc,4,1760464521122
1760464538922,8,465.519,663.37,mc,5,1760464521122
1760464538922,9,344.642,510.949,mc,4,1760464521122
1760464538922,10,582.211,710.22,mc,4,1760464521122
1760464538922,11,279.454,496.159,mc,0,1760464521122
1760464539022,2,521.745,286.856,mc,5,1760464521122
1760464539022,3,271.533,206.022,mc,5,1760464521122
1760464539022,4,473.498,372.723,mc,5,1760464521122
1760464539022,5,286.718,312.493,mc,3,1760464521122
1760464539022,6,779.523,362.488,mc,5,1760464521122
1760464539022,7,141.421,369.156,mc,4,1760464521122
1760464539022,8,465.641,663.034,mc,5,1760464521122
1760464539022,9,344.596,511.042,mc,4,1760464521122
1760464539022,10,582.556,709.972,mc,4,1760464521122
1760464539022,11,279.064,496.263,mc,0,1760464521122
1760464539122,2,521.618,287.485,mc,5,1760464521122
1760464539122,3,271.43,205.404,mc,5,1760464521122
1760464539122,4,473.425,373.126,mc,5,1760464521122
1760464539122,5,286.574,313.075,mc,3,1760464521122
1760464539122,6,779.539,362.978,mc,5,1760464521122
1760464539122,7,141.831,369.205,mc,4,1760464521122
1760464539122,8,465.762,662.697,mc,5,1760464521122
1760464539122,9,344.066,511.394,mc,4,1760464521122
1760464539122,10,582.9,709.724,mc,4,1760464521122
1760464539122,11,278.675,496.368,mc,0,1760464521122
1760464539222,2,521.491,288.114,mc,5,1760464521122
1760464539222,3,271.327,204.786,mc,5,1760464521122
1760464539222,4,473.351,373.528,mc,5,1760464521122
1760464539222,5,286.429,313.657,mc,3,1760464521122
1760464539222,6,779.554,363.468,mc,5,1760464521122
1760464539222,7,142.242,369.254,mc,4,1760464521122
1760464539222,8,465.883,662.361,mc,5,1760464521122
1760464539222,9,343.536,511.747,mc,4,1760464521122
1760464539222,10,583.244,709.476,mc,4,1760464521122
1760464539222,11,278.285,496.472,mc,0,1760464521122
1760464539322,2,521.363,288.743,mc,5,1760464521122
1760464539322,3,271.225,204.168,mc,5,1760464521122
1760464539322,4,473.277,373.931,mc,5,1760464521122
1760464539322,5,286.285,314.239,mc,3,1760464521122
1760464539322,6,779.569,363.958,mc,5,1760464521122
1760464539322,7,142.652,369.304,mc,4,1760464521122
1760464539322,8,465.839,661.94,mc,5,1760464521122
1760464539322,9,343.007,512.099,mc,4,1760464521122
1760464539322,10,583.588,709.228,mc,4,1760464521122
1760464539322,11,277.895,496.577,mc,0,1760464521122
1760464539422,2,521.236,289.372,mc,5,1760464521122
1760464539422,3,271.122,203.55,mc,5,1760464521122
1760464539422,4,473.204,374.334,mc,5,1760464521122
1760464539422,5,286.14,314.821,mc,3,1760464521122
1760464539422,6,779.585,364.447,mc,5,1760464521122
1760464539422,7,143.062,369.353,mc,4,1760464521122
1760464539422,8,465.637,661.439,mc,5,1760464521122
1760464539422,9,342.477,512.451,mc,4,1760464521122
1760464539422,10,583.932,708.98,mc,4,1760464521122
1760464539422,11,277.505,496.681,mc,0,1760464521122
1760464539522,2,521.109,290.002,mc,5,1760464521122
1760464539522,3,271.019,202.932,mc,5,1760464521122
1760464539522,4,473.13,374.736,mc,5,1760464521122
1760464539522,5,285.996,315.402,mc,3,1760464521122
1760464539522,6,779.6,364.937,mc,5,1760464521122
1760464539522,7,143.472,369.403,mc,4,1760464521122
1760464539522,8,465.436,660.937,mc,5,1760464521122
1760464539522,9,341.947,512.803,mc,4,1760464521122
1760464539522,10,584.276,708.732,mc,4,1760464521122
1760464539522,11,277.116,496.786,mc,0,1760464521122
1760464539622,2,520.982,290.631,mc,5,1760464521122
1760464539622,3,270.917,202.314,mc,5,1760464521122
1760464539622,4,473.056,375.139,mc,5,1760464521122
1760464539622,5,285.852,315.984,mc,3,1760464521122
1760464539622,6,779.616,365.427,mc,5,1760464521122
1760464539622,7,143.882,369.452,mc,4,1760464521122
1760464539622,8,465.234,660.436,mc,5,1760464521122
1760464539622,9,341.417,513.156,mc,4,1760464521122
1760464539622,10,584.621,708.484,mc,4,1760464521122
1760464539622,11,276.807,496.642,mc,0,1760464521122
1760464539722,2,520.855,291.26,mc,5,1760464521122
1760464539722,3,270.814,201.696,mc,5,1760464521122
1760464539722,4,472.983,375.542,mc,5,1760464521122
1760464539722,5,285.707,316.566,mc,3,1760464521122
1760464539722,6,779.631,365.917,mc,5,1760464521122
1760464539722,7,144.293,369.501,mc,4,1760464521122
1760464539722,8,465.033,659.934,mc,5,1760464521122
1760464539722,9,340.887,513.508,mc,4,1760464521122
1760464539722,10,584.965,708.236,mc,4,1760464521122
1760464539722,11,276.587,496.222,mc,0,1760464521122
1760464539822,2,520.728,291.889,mc,5,1760464521122
1760464539822,3,270.711,201.078,mc,5,1760464521122
1760464539822,4,472.909,375.944,mc,5,1760464521122
1760464539822,5,285.563,317.148,mc,3,1760464521122
1760464539822,6,779.647,366.407,mc,5,1760464521122
1760464539822,7,144.703,369.551,mc,4,1760464521122
1760464539822,8,464.831,659.433,mc,5,1760464521122
1760464539822,9,340.357,513.86,mc,4,1760464521122
1760464539822,10,585.309,707.988,mc,4,1760464521122
1760464539822,11,276.367,495.803,mc,0,1760464521122
1760464539922,2,520.601,292.518,mc,5,1760464521122
1760464539922,3,270.609,200.46,mc,5,1760464521122
1760464539922,4,472.835,376.347,mc,5,1760464521122
1760464539922,5,285.418,317.73,mc,3,1760464521122
1760464539922,6,779.662,366.897,mc,5,1760464521122
1760464539922,7,145.113,369.6,mc,4,1760464521122
1760464539922,8,464.63,658.931,mc,5,1760464521122
1760464539922,9,339.827,514.213,mc,4,1760464521122
1760464539922,10,585.653,707.74,mc,4,1760464521122
1760464539922,11,276.147,495.383,mc,0,1760464521122
1760464540022,2,520.473,293.147,mc,5,1760464521122
1760464540022,3,270.498,200.342,mc,5,1760464521122
1760464540022,4,472.762,376.749,mc,5,1760464521122
1760464540022,5,285.274,318.312,mc,3,1760464521122
1760464540022,6,779.678,367.387,mc,5,1760464521122
1760464540022,7,145.523,369.65,mc,4,1760464521122
1760464540022,8,464.428,658.429,mc,5,1760464521122
1760464540022,9,339.297,514.565,mc,4,1760464521122
1760464540022,10,585.997,707.492,mc,4,1760464521122
1760464540022,11,275.928,494.964,mc,0,1760464521122
1760464540122,2,520.346,293.776,mc,5,1760464521122
1760464540122,3,270.378,200.752,mc,5,1760464521122
1760464540122,4,472.688,377.152,mc,5,1760464521122
1760464540122,5,285.369,318.602,mc,3,1760464521122
1760464540122,6,779.693,367.877,mc,5,1760464521122
1760464540122,7,145.933,369.699,mc,4,1760464521122
1760464540122,8,464.226,657.928,mc,5,1760464521122
1760464540122,9,338.767,514.917,mc,4,1760464521122
1760464540122,10,586.341,707.244,mc,4,1760464521122
1760464540122,11,275.708,494.544,mc,0,1760464521122
1760464540222,2,520.219,294.405,mc,5,1760464521122
1760464540222,3,270.258,201.163,mc,5,1760464521122
1760464540222,4,472.614,377.555,mc,5,1760464521122
1760464540222,5,285.87,318.398,mc,3,1760464521122
1760464540222,6,779.709,368.366,mc,5,1760464521122
1760464540222,7,146.344,369.748,mc,4,1760464521122
1760464540222,8,464.025,657.426,mc,5,1760464521122
1760464540222,9,338.237,515.269,mc,4,1760464521122
1760464540222,10,586.685,706.996,mc,4,1760464521122
1760464540222,11,275.488,494.125,mc,0,1760464521122
1760464540322,2,520.092,295.034,mc,5,1760464521122
1760464540322,3,270.137,201.573,mc,5,1760464521122
1760464540322,4,472.54,377.957,mc,5,1760464521122
1760464540322,5,286.371,318.194,mc,3,1760464521122
1760464540322,6,779.724,368.856,mc,5,1760464521122
1760464540322,7,146.754,369.798,mc,4,1760464521122
1760464540322,8,463.823,656.925,mc,5,1760464521122
1760464540322,9,337.707,515.622,mc,4,1760464521122
1760464540322,10,587.03,706.748,mc,4,1760464521122
1760464540322,11,275.268,493.705,mc,0,1760464521122
1760464540422,2,519.965,295.663,mc,5,1760464521122
1760464540422,3,270.017,201.984,mc,5,1760464521122
1760464540422,4,472.467,378.36,mc,5,1760464521122
1760464540422,5,286.872,317.99,mc,3,1760464521122
1760464540422,6,779.74,369.346,mc,5,1760464521122
1760464540422,7,147.164,369.847,mc,4,1760464521122
1760464540422,8,463.622,656.423,mc,5,1760464521122
1760464540422,9,337.177,515.974,mc,4,1760464521122
1760464540422,10,587.374,706.5,mc,4,1760464521122
1760464540422,11,275.048,493.286,mc,0,1760464521122
1760464540522,2,519.798,296.215,mc,5,1760464521122
1760464540522,3,269.897,202.394,mc,5,1760464521122
1760464540522,4,472.393,378.763,mc,5,1760464521122
1760464540522,5,287.373,317.786,mc,3,1760464521122
1760464540522,6,779.755,369.836,mc,5,1760464521122
1760464540522,7,147.574,369.897,mc,4,1760464521122
1760464540522,8,463.42,655.922,mc,5,1760464521122
1760464540522,9,336.647,516.326,mc,4,1760464521122
1760464540522,10,587.718,706.252,mc,4,1760464521122
1760464540522,11,274.828,492.866,mc,0,1760464521122
1760464540622,2,519.241,296.013,mc,5,1760464521122
1760464540622,3,269.777,202.805,mc,5,1760464521122
1760464540622,4,472.319,379.165,mc,5,1760464521122
1760464540622,5,287.874,317.582,mc,3,1760464521122
1760464540622,6,779.771,370.326,mc,5,1760464521122
1760464540622,7,147.984,369.946,mc,4,1760464521122
1760464540622,8,463.219,655.42,mc,5,1760464521122
1760464540622,9,336.118,516.679,mc,4,1760464521122
1760464540622,10,588.062,706.004,mc,4,1760464521122
1760464540622,11,274.609,492.447,mc,0,1760464521122
1760464540722,2,518.684,295.811,mc,5,1760464521122
1760464540722,3,269.657,203.215,mc,5,1760464521122
1760464540722,4,472.246,379.568,mc,5,1760464521122
1760464540722,5,288.375,317.378,mc,3,1760464521122
1760464540722,6,779.786,370.816,mc,5,1760464521122
1760464540722,7,148.395,369.995,mc,4,1760464521122
1760464540722,8,463.017,654.919,mc,5,1760464521122
1760464540722,9,335.588,517.031,mc,4,1760464521122
1760464540722,10,588.406,705.756,mc,4,1760464521122
1760464540722,11,274.389,492.027,mc,0,1760464521122
1760464540822,2,518.126,295.608,mc,5,1760464521122
1760464540822,3,269.537,203.626,mc,5,1760464521122
1760464540822,4,472.172,379.97,mc,5,1760464521122
1760464540822,5,288.876,317.174,mc,3,1760464521122
1760464540822,6,779.802,371.306,mc,5,1760464521122
1760464540822,7,148.805,370.045,mc,4,1760464521122
1760464540822,8,462.816,654.417,mc,5,1760464521122
1760464540822,9,335.058,517.383,mc,4,1760464521122
1760464540822,10,588.75,705.508,mc,4,1760464521122
1760464540822,11,274.169,491.608,mc,0,1760464521122
1760464540922,2,517.569,295.406,mc,5,1760464521122
1760464540922,3,269.417,204.036,mc,5,1760464521122
1760464540922,4,472.098,380.373,mc,5,1760464521122
1760464540922,5,289.377,316.971,mc,3,1760464521122
1760464540922,6,779.817,371.796,mc,5,1760464521122
1760464540922,7,149.215,370.094,mc,4,1760464521122
1760464540922,8,462.614,653.915,mc,5,1760464521122
1760464540922,9,334.528,517.735,mc,4,1760464521122
1760464540922,10,589.094,705.26,mc,4,1760464521122
1760464540922,11,273.949,491.188,mc,0,1760464521122
1760464541022,2,517.012,295.204,mc,5,1760464521122
1760464541022,3,269.297,204.447,mc,5,1760464521122
1760464541022,4,472.025,380.776,mc,5,1760464521122
1760464541022,5,289.878,316.767,mc,3,1760464521122
1760464541022,6,779.832,372.286,mc,5,1760464521122
1760464541022,7,149.625,370.144,mc,4,1760464521122
1760464541022,8,462.412,653.414,mc,5,1760464521122
1760464541022,9,333.998,518.088,mc,4,1760464521122
1760464541022,10,589.439,705.012,mc,4,1760464521122
1760464541022,11,273.729,490.769,mc,0,1760464521122
1760464541122,2,516.455,295.001,mc,5,1760464521122
1760464541122,3,269.177,204.857,mc,5,1760464521122
1760464541122,4,471.951,381.178,mc,5,1760464521122
1760464541122,5,290.379,316.563,mc,3,1760464521122
1760464541122,6,779.848,372.775,mc,5,1760464521122
1760464541122,7,150.035,370.193,mc,4,1760464521122
1760464541122,8,462.211,652.912,mc,5,1760464521122
1760464541122,9,333.468,518.44,mc,4,1760464521122
1760464541122,10,589.783,704.764,mc,4,1760464521122
1760464541122,11,273.51,490.349,mc,0,1760464521122
1760464541222,2,515.897,294.799,mc,5,1760464521122
1760464541222,3,269.057,205.268,mc,5,1760464521122
1760464541222,4,471.877,381.581,mc,5,1760464521122
1760464541222,5,290.88,316.359,mc,3,1760464521122
1760464541222,6,779.863,373.265,mc,5,1760464521122
1760464541222,7,150.446,370.242,mc,4,1760464521122
1760464541222,8,462.009,652.411,mc,5,1760464521122
1760464541222,9,332.938,518.792,mc,4,1760464521122
1760464541222,10,590.127,704.516,mc,4,1760464521122
1760464541222,11,273.29,489.93,mc,0,1760464521122
1760464541322,2,515.34,294.596,mc,5,1760464521122
1760464541322,3,268.937,205.678,mc,5,1760464521122
1760464541322,4,471.804,381.983,mc,5,1760464521122
1760464541322,5,291.381,316.155,mc,3,1760464521122
1760464541322,6,779.879,373.755,mc,5,1760464521122
1760464541322,7,150.856,370.292,mc,4,1760464521122
1760464541322,8,461.808,651.909,mc,5,1760464521122
1760464541322,9,332.408,519.145,mc,4,1760464521122
1760464541322,10,590.471,704.268,mc,4,1760464521122
1760464541322,11,273.07,489.51,mc,0,1760464521122
1760464541422,2,514.783,294.394,mc,5,1760464521122
1760464541422,3,268.816,206.089,mc,5,1760464521122
1760464541422,4,471.73,382.386,mc,5,1760464521122
1760464541422,5,291.882,315.951,mc,3,1760464521122
1760464541422,6,779.894,374.245,mc,5,1760464521122
1760464541422,7,151.266,370.341,mc,4,1760464521122
1760464541422,8,461.606,651.408,mc,5,1760464521122
1760464541422,9,331.878,519.497,mc,4,1760464521122
1760464541422,10,590.815,704.02,mc,4,1760464521122
1760464541422,11,272.85,489.091,mc,0,1760464521122
1760464541522,2,514.226,294.192,mc,5,1760464521122
1760464541522,3,268.696,206.499,mc,5,1760464521122
1760464541522,4,471.656,382.789,mc,5,1760464521122
1760464541522,5,292.383,315.747,mc,3,1760464521122
1760464541522,6,779.91,374.735,mc,5,1760464521122
1760464541522,7,150.947,370.386,mc,4,1760464521122
1760464541522,8,461.405,650.906,mc,5,1760464521122
1760464541522,9,331.348,519.849,mc,4,1760464521122
1760464541522,10,591.159,703.772,mc,4,1760464521122
1760464541522,11,272.63,488.671,mc,0,1760464521122
1760464541622,2,513.668,293.989,mc,5,1760464521122
1760464541622,3,268.576,206.91,mc,5,1760464521122
1760464541622,4,471.583,383.191,mc,5,1760464521122
1760464541622,5,292.884,315.543,mc,3,1760464521122
1760464541622,6,779.925,375.225,mc,5,1760464521122
1760464541622,7,150.475,370.43,mc,4,1760464521122
1760464541622,8,461.203,650.405,mc,5,1760464521122
1760464541622,9,330.818,520.201,mc,4,1760464521122
1760464541622,10,591.504,703.524,mc,4,1760464521122
1760464541622,11,272.411,488.252,mc,0,1760464521122
1760464541722,2,513.111,293.787,mc,5,1760464521122
1760464541722,3,268.456,207.32,mc,5,1760464521122
1760464541722,4,471.509,383.594,mc,5,1760464521122
1760464541722,5,293.385,315.339,mc,3,1760464521122
1760464541722,6,779.941,375.715,mc,5,1760464521122
1760464541722,7,150.004,370.473,mc,4,1760464521122
1760464541722,8,461.002,649.903,mc,5,1760464521122
1760464541722,9,330.288,520.554,mc,4,1760464521122
1760464541722,10,591.848,703.276,mc,4,1760464521122
1760464541722,11,272.191,487.832,mc,0,1760464521122
